url,country,page_type,score
https://www.lg.com/au/lifestyle-screens/stanbyme/32lx6bdga/,Australia,제품 상세 (PDP),85
https://www.lg.com/au/tv-soundbars/oled-evo-tv/oled77w6psa/,Australia,제품 상세 (PDP),82
https://www.lg.com/au/tv-soundbars/nano-4k-uhd-tv/98nu855bpsb/,Australia,제품 상세 (PDP),82
https://www.lg.com/au/tv-soundbars/oled-evo-tv/oled83w6psa/,Australia,제품 상세 (PDP),81
https://www.lg.com/au/tv-soundbars/micro-rgb-evo/86mrgb96bsa/,Australia,제품 상세 (PDP),81
https://www.lg.com/au/tv-soundbars/micro-rgb-evo/75mrgb96bsa/,Australia,제품 상세 (PDP),81
https://www.lg.com/au/tv-soundbars/smart-tvs/32lb655bpsa/,Australia,제품 상세 (PDP),85
https://www.lg.com/au/support/product-support/troubleshoot/help-library/cs-CT52001891-20152057095565/,Australia,Support - Troubleshoot,79
https://www.lg.com/au/support/product-support/troubleshoot/help-library/cs-CT52001892-20155028330557/,Australia,Support - Troubleshoot,86
https://www.lg.com/au/support/product-support/troubleshoot/help-library/cs-CT52001893-20155118502551,Australia,Support - Troubleshoot,86
https://www.lg.com/au/support/product-support/troubleshoot/help-library/cs-CT52001894-20155019542509/,Australia,Support - Troubleshoot,86
https://www.lg.com/au/support/product-support/troubleshoot/help-library/cs-CT52001892-20155102945124,Australia,Support - Troubleshoot,82
https://www.lg.com/au/support/product-support/troubleshoot/help-library/cs-CT52001891-20153215184746/,Australia,Support - Troubleshoot,79
https://www.lg.com/au/support/product-support/troubleshoot/help-library/cs-CT52001894-20155115712563/,Australia,Support - Troubleshoot,79
https://www.lg.com/au/support/product-support/troubleshoot/help-library/cs-CT32010282-20151536747806/,Australia,Support - Troubleshoot,79
https://www.lg.com/au/support/product-support/troubleshoot/help-library/cs-CT52001891-20153130464833OLT/,Australia,Support - Troubleshoot,79
https://www.lg.com/au/support/product-support/troubleshoot/help-library/cs-CT52001892-20154982198421/,Australia,Support - Troubleshoot,83
https://www.lg.com/au/support/product-support/troubleshoot/help-library/cs-CT52001892-20155130213807,Australia,Support - Troubleshoot,86
https://www.lg.com/au/support/product-support/troubleshoot/help-library/cs-CT52001891-20153123661970OLT/,Australia,Support - Troubleshoot,83
https://www.lg.com/au/support/product-support/troubleshoot/help-library/cs-CT52001891-20153096002080OLT/,Australia,Support - Troubleshoot,83
https://www.lg.com/au/support/product-support/troubleshoot/help-library/cs-CT52001894-20155269099170/,Australia,Support - Troubleshoot,83
https://www.lg.com/au/support/product-support/troubleshoot/help-library/cs-CT52001891-20155062553752/,Australia,Support - Troubleshoot,86
https://www.lg.com/au/support/product-support/troubleshoot/help-library/cs-CT52001892-20155102806626,Australia,Support - Troubleshoot,79
https://www.lg.com/au/support/product-support/troubleshoot/help-library/cs-CT32004806-20155130672793,Australia,Support - Troubleshoot,79
https://www.lg.com/au/support/product-support/troubleshoot/help-library/cs-CT52001892-20155102780837/,Australia,Support - Troubleshoot,79
https://www.lg.com/au/support/product-support/troubleshoot/help-library/cs-CT52001894-20153143600647/,Australia,Support - Troubleshoot,79
https://www.lg.com/au/support/product-support/troubleshoot/help-library/cs-CT52001891-20153215469176LST/,Australia,Support - Troubleshoot,79
https://www.lg.com/au/support/product-support/troubleshoot/help-library/cs-CT32004806-20155131934269,Australia,Support - Troubleshoot,79
https://www.lg.com/au/support/product-support/troubleshoot/help-library/cs-CT52001892-20155028318440,Australia,Support - Troubleshoot,82
https://www.lg.com/au/support/product-support/troubleshoot/help-library/cs-CT52001894-20155268087480/,Australia,Support - Troubleshoot,86
https://www.lg.com/au/support/product-support/troubleshoot/help-library/cs-CT52001892-20155048208360,Australia,Support - Troubleshoot,79
https://www.lg.com/au/support/product-support/troubleshoot/help-library/cs-CT32010282-20151536625692/,Australia,Support - Troubleshoot,79
https://www.lg.com/au/support/product-support/troubleshoot/help-library/cs-CT52001894-20155113403267/,Australia,Support - Troubleshoot,83
https://www.lg.com/au/support/product-support/troubleshoot/help-library/cs-CT52001891-20153215656522OLT/,Australia,Support - Troubleshoot,79
https://www.lg.com/au/support/product-support/troubleshoot/help-library/cs-CT52001893-20155048180878/,Australia,Support - Troubleshoot,83
https://www.lg.com/au/support/product-support/troubleshoot/help-library/cs-CT52001892-20155103111147,Australia,Support - Troubleshoot,82
https://www.lg.com/au/support/product-support/troubleshoot/help-library/cs-CT52001891-20153119161989LST/,Australia,Support - Troubleshoot,79
https://www.lg.com/au/support/product-support/troubleshoot/help-library/cs-CT52001891-20155063960870/,Australia,Support - Troubleshoot,79
https://www.lg.com/au/support/product-support/troubleshoot/help-library/cs-CT32004806-20155274463658,Australia,Support - Troubleshoot,82
https://www.lg.com/au/support/product-support/troubleshoot/help-library/cs-CT52001892-20155146808886,Australia,Support - Troubleshoot,82
https://www.lg.com/au/support/product-support/troubleshoot/help-library/cs-CT32010282-20151536646411/,Australia,Support - Troubleshoot,79
https://www.lg.com/au/support/product-support/troubleshoot/help-library/cs-CT52001891-20150117258142/,Australia,Support - Troubleshoot,79
https://www.lg.com/au/support/product-support/troubleshoot/help-library/cs-CT52001894-20155051173388/,Australia,Support - Troubleshoot,83
https://www.lg.com/au/support/product-support/troubleshoot/help-library/cs-CT32004806-20155198562423,Australia,Support - Troubleshoot,86
https://www.lg.com/au/support/product-support/troubleshoot/help-library/cs-CT52001894-20155113388239,Australia,Support - Troubleshoot,79
https://www.lg.com/au/support/product-support/troubleshoot/help-library/cs-CT52001891-20153217242233OLT/,Australia,Support - Troubleshoot,83
https://www.lg.com/au/support/product-support/troubleshoot/help-library/cs-CT52001891-20150150218748/,Australia,Support - Troubleshoot,79
https://www.lg.com/au/support/product-support/troubleshoot/help-library/cs-CT52001894-20155047763895,Australia,Support - Troubleshoot,79
https://www.lg.com/au/support/product-support/troubleshoot/help-library/cs-CT52001891-20152424764775/,Australia,Support - Troubleshoot,79
https://www.lg.com/au/support/product-support/troubleshoot/help-library/cs-CT52001894-20155410253959/,Australia,Support - Troubleshoot,83
https://www.lg.com/au/support/product-support/troubleshoot/help-library/cs-CT52001893-20155114022939/,Australia,Support - Troubleshoot,79
https://www.lg.com/au/support/product-support/troubleshoot/help-library/cs-CT52001891-20155062024093/,Australia,Support - Troubleshoot,83
https://www.lg.com/au/support/product-support/troubleshoot/help-library/cs-CT52001891-20152424765390/,Australia,Support - Troubleshoot,79
https://www.lg.com/au/support/product-support/troubleshoot/help-library/cs-CT52001894-20155104837507,Australia,Support - Troubleshoot,86
https://www.lg.com/au/support/product-support/troubleshoot/help-library/cs-CT52001894-20155143214929,Australia,Support - Troubleshoot,86
https://www.lg.com/au/support/product-support/troubleshoot/help-library/cs-CT52001891-20153215469176/,Australia,Support - Troubleshoot,79
https://www.lg.com/au/support/product-support/troubleshoot/help-library/cs-CT52001891-20153096004541/,Australia,Support - Troubleshoot,83
https://www.lg.com/au/support/product-support/troubleshoot/help-library/cs-CT52001891-20153215358119/,Australia,Support - Troubleshoot,83
https://www.lg.com/au/support/product-support/troubleshoot/help-library/cs-CT52001891-20153217392935/,Australia,Support - Troubleshoot,79
https://www.lg.com/au/support/product-support/troubleshoot/help-library/cs-CT52001891-20153119161989/,Australia,Support - Troubleshoot,79
https://www.lg.com/au/support/product-support/troubleshoot/help-library/cs-CT52001892-20155029819247/,Australia,Support - Troubleshoot,83
https://www.lg.com/au/support/product-support/troubleshoot/help-library/cs-CT32004806-20155135966141,Australia,Support - Troubleshoot,82
https://www.lg.com/au/support/product-support/troubleshoot/help-library/cs-CT52001894-20155114286407/,Australia,Support - Troubleshoot,79
https://www.lg.com/au/support/product-support/troubleshoot/help-library/cs-CT52001891-20152424764928/,Australia,Support - Troubleshoot,79
https://www.lg.com/au/support/product-support/troubleshoot/help-library/cs-CT52001892-20155102606785/,Australia,Support - Troubleshoot,83
https://www.lg.com/au/support/product-support/troubleshoot/help-library/cs-CT52001891-20151617379821/,Australia,Support - Troubleshoot,79
https://www.lg.com/au/support/product-support/troubleshoot/help-library/cs-CT52001892-20155101717846/,Australia,Support - Troubleshoot,83
https://www.lg.com/au/support/product-support/troubleshoot/help-library/cs-CT52001894-20155410290745/,Australia,Support - Troubleshoot,83
https://www.lg.com/au/support/product-support/troubleshoot/help-library/cs-CT52001891-20153122612066/,Australia,Support - Troubleshoot,79
https://www.lg.com/au/support/product-support/troubleshoot/help-library/cs-CT32004806-20155366414982,Australia,Support - Troubleshoot,82
https://www.lg.com/au/support/product-support/troubleshoot/help-library/cs-CT52001891-20153122605643/,Australia,Support - Troubleshoot,79
https://www.lg.com/au/support/product-support/troubleshoot/help-library/cs-CT52001892-20155028326917,Australia,Support - Troubleshoot,79
https://www.lg.com/au/support/product-support/troubleshoot/help-library/cs-CT32010282-20151536754533/,Australia,Support - Troubleshoot,79
https://www.lg.com/au/support/product-support/troubleshoot/help-library/cs-CT52001894-20155062559624/,Australia,Support - Troubleshoot,86
https://www.lg.com/au/support/product-support/troubleshoot/help-library/cs-CT52001891-20155381400289/,Australia,Support - Troubleshoot,86
https://www.lg.com/au/support/product-support/troubleshoot/help-library/cs-CT52001892-20155105990208,Australia,Support - Troubleshoot,79
https://www.lg.com/au/support/product-support/troubleshoot/help-library/cs-CT52001891-20151258115195/,Australia,Support - Troubleshoot,79
https://www.lg.com/au/support/product-support/troubleshoot/help-library/cs-CT52001894-20155014962509/,Australia,Support - Troubleshoot,86
https://www.lg.com/au/support/product-support/troubleshoot/help-library/cs-CT52001892-20155105984050,Australia,Support - Troubleshoot,79
https://www.lg.com/au/support/product-support/troubleshoot/help-library/cs-CT52001892-20155065328016/,Australia,Support - Troubleshoot,79
https://www.lg.com/au/support/product-support/troubleshoot/help-library/cs-CT52001892-20155101726782/,Australia,Support - Troubleshoot,83
https://www.lg.com/au/support/product-support/troubleshoot/help-library/cs-CT32004806-20155304383626,Australia,Support - Troubleshoot,82
https://www.lg.com/au/support/product-support/troubleshoot/help-library/cs-CT52001893-20155048190225/,Australia,Support - Troubleshoot,79
https://www.lg.com/au/support/product-support/troubleshoot/help-library/cs-CT52001893-20155060933551/,Australia,Support - Troubleshoot,86
https://www.lg.com/au/support/product-support/troubleshoot/help-library/cs-CT52001892-20155102934841,Australia,Support - Troubleshoot,79
https://www.lg.com/au/support/product-support/troubleshoot/help-library/cs-CT52001891-20153122635079OLT/,Australia,Support - Troubleshoot,79
https://www.lg.com/au/support/product-support/troubleshoot/help-library/cs-CT52001893-20155117720578,Australia,Support - Troubleshoot,79
https://www.lg.com/au/support/product-support/troubleshoot/help-library/cs-CT52001892-20155064016578/,Australia,Support - Troubleshoot,79
https://www.lg.com/au/support/product-support/troubleshoot/help-library/cs-CT52001891-20153123661970LST/,Australia,Support - Troubleshoot,83
https://www.lg.com/au/support/product-support/troubleshoot/help-library/cs-CT52001892-20155101712967/,Australia,Support - Troubleshoot,79
https://www.lg.com/au/support/product-support/troubleshoot/help-library/cs-CT32010282-20155115803406,Australia,Support - Troubleshoot,82
https://www.lg.com/au/support/product-support/troubleshoot/help-library/cs-CT52001891-20150152061675LST/,Australia,Support - Troubleshoot,76
https://www.lg.com/au/support/product-support/troubleshoot/help-library/cs-CT52001894-20155006102270/,Australia,Support - Troubleshoot,79
https://www.lg.com/au/support/product-support/troubleshoot/help-library/cs-CT52001891-20155155360507/,Australia,Support - Troubleshoot,79
https://www.lg.com/au/support/product-support/troubleshoot/help-library/cs-CT52001891-20151258113353/,Australia,Support - Troubleshoot,79
https://www.lg.com/au/support/product-support/troubleshoot/help-library/cs-CT32010282-20151536616732/,Australia,Support - Troubleshoot,79
https://www.lg.com/au/support/product-support/troubleshoot/help-library/cs-CT52001894-20155006048809/,Australia,Support - Troubleshoot,83
https://www.lg.com/au/support/product-support/troubleshoot/help-library/cs-CT52001892-20155101717026/,Australia,Support - Troubleshoot,79
https://www.lg.com/au/support/product-support/troubleshoot/help-library/cs-CT32010282-20155383934430,Australia,Support - Troubleshoot,82
https://www.lg.com/au/support/product-support/troubleshoot/help-library/cs-CT52001894-20155021549019/,Australia,Support - Troubleshoot,86
https://www.lg.com/au/support/product-support/troubleshoot/help-library/cs-CT52001892-20154855998853,Australia,Support - Troubleshoot,79
https://www.lg.com/au/support/product-support/troubleshoot/help-library/cs-CT20088076-20154967819085,Australia,Support - Troubleshoot,82
https://www.lg.com/au/support/product-support/troubleshoot/help-library/cs-CT52001892-20155101726080,Australia,Support - Troubleshoot,82
https://www.lg.com/au/support/product-support/troubleshoot/help-library/cs-CT52001891-20151875443020/,Australia,Support - Troubleshoot,79
https://www.lg.com/au/support/product-support/troubleshoot/help-library/cs-CT52001893-20155128297839,Australia,Support - Troubleshoot,79
https://www.lg.com/au/support/product-support/troubleshoot/help-library/cs-CT52001894-20155154186807/,Australia,Support - Troubleshoot,83
https://www.lg.com/au/support/product-support/troubleshoot/help-library/cs-CT52001892-20155101705329,Australia,Support - Troubleshoot,79
https://www.lg.com/au/ergo-monitors/,Australia,Microsite,72
https://www.lg.com/au/monitors/gaming-monitors/ultragear/,Australia,Microsite,82
https://www.lg.com/au/soundsuite/,Australia,Microsite,80
https://www.lg.com/au/tv-by-resolution/,Australia,Microsite,68
https://www.lg.com/au/tv-by-resolution/full-hd-tvs/,Australia,Microsite,68
https://www.lg.com/au/tv-soundbars/ai-tv/,Australia,Microsite,76
https://www.lg.com/au/tv-soundbars/tv-by-inch/,Australia,Microsite,71
https://www.lg.com/au/tv-soundbars/tv-selector/,Australia,Microsite,64
https://www.lg.com/au/tv-soundbars/why-true-wireless/,Australia,Microsite,79
https://www.lg.com/au/tv-soundbars/all-tv-soundbars/?ec_ft_06513561=100_inch_and_larger,Australia,제품 카테고리 (PLP),87
https://www.lg.com/au/tv-soundbars/all-tv-soundbars/?ec_ft_06513561=42_-_48_inch,Australia,제품 카테고리 (PLP),87
https://www.lg.com/au/tv-soundbars/miniled/?ec_ft_06513561=55_inch,Australia,제품 카테고리 (PLP),90
https://www.lg.com/au/monitors/all-monitors/,Australia,제품 카테고리 (PLP),76
https://www.lg.com/au/monitors/tv-monitors/,Australia,제품 카테고리 (PLP),62
https://www.lg.com/au/tv-soundbars/gaming-speakers/,Australia,제품 카테고리 (PLP),72
https://www.lg.com/au/tv-soundbars/tv-accessories/,Australia,제품 카테고리 (PLP),79
https://www.lg.com/au/lifestyle-screens/flex/,Australia,제품 카테고리 (PLP),79
https://www.lg.com/au/tv-soundbars/uhd-tv/?ec_ft_06513561=65_inch,Australia,제품 카테고리 (PLP),79
https://www.lg.com/au/tv-soundbars/qned-tv/?ec_ft_06513561=55_inch,Australia,제품 카테고리 (PLP),90
https://www.lg.com/au/monitors/cloud-computing/,Australia,제품 카테고리 (PLP),62
https://www.lg.com/au/tv-soundbars/qned-evo-tv/,Australia,제품 카테고리 (PLP),90
https://www.lg.com/au/tv-soundbars/qned-evo-tv/?ec_ft_06513561=100_inch_and_larger,Australia,제품 카테고리 (PLP),90
https://www.lg.com/au/tv-soundbars/ultra-big-tv/,Australia,제품 카테고리 (PLP),76
https://www.lg.com/au/lifestyle-screens/stanbyme/,Australia,제품 카테고리 (PLP),79
https://www.lg.com/au/tv-soundbars/miniled/?ec_ft_06513561=65_inch,Australia,제품 카테고리 (PLP),90
https://www.lg.com/au/tv-soundbars/oled-evo-tv/,Australia,제품 카테고리 (PLP),79
https://www.lg.com/au/tv-soundbars/ultra-big-tv/?ec_ft_06513561=75_inch_-_85_inch,Australia,제품 카테고리 (PLP),79
https://www.lg.com/au/tv-soundbars/uhd-tv/?ec_ft_06513561=55_inch,Australia,제품 카테고리 (PLP),79
https://www.lg.com/au/tv-soundbars/qned-evo/,Australia,제품 카테고리 (PLP),79
https://www.lg.com/au/tv-soundbars/nanocell-tv/?ec_ft_06513561=75_-_77_inch,Australia,제품 카테고리 (PLP),79
https://www.lg.com/au/monitors/discontinued/,Australia,제품 카테고리 (PLP),66
https://www.lg.com/au/speakers/home-theatre-systems/,Australia,제품 카테고리 (PLP),62
https://www.lg.com/au/tv-soundbars/oled-tv/?ec_ft_06513561=75_-_85_inch,Australia,제품 카테고리 (PLP),90
https://www.lg.com/au/tv-soundbars/qned-tv/?ec_ft_06513561=86_inch_-_98_inch,Australia,제품 카테고리 (PLP),90
https://www.lg.com/au/tv-soundbars/all-tv-soundbars/?ec_ft_06513561=55_inch,Australia,제품 카테고리 (PLP),87
https://www.lg.com/au/tv-soundbars/nanocell-tv/,Australia,제품 카테고리 (PLP),79
https://www.lg.com/au/monitors/business-monitors/,Australia,제품 카테고리 (PLP),66
https://www.lg.com/au/tv-soundbars/oled-tv/?ec_ft_06513561=42_-_48_inch,Australia,제품 카테고리 (PLP),90
https://www.lg.com/au/monitors/ultragear-gaming-oled/,Australia,제품 카테고리 (PLP),87
https://www.lg.com/au/tv-soundbars/oled-evo-tv/?ec_ft_06513561=55_inch,Australia,제품 카테고리 (PLP),79
https://www.lg.com/au/monitors/home-monitors/,Australia,제품 카테고리 (PLP),66
https://www.lg.com/au/tv-soundbars/micro-rgb-evo/,Australia,제품 카테고리 (PLP),90
https://www.lg.com/au/tv-soundbars/nanocell-tv/?ec_ft_06513561=42_-_48_inch,Australia,제품 카테고리 (PLP),79
https://www.lg.com/au/tv-soundbars/oled-evo-tv/?ec_ft_06513561=65_inch,Australia,제품 카테고리 (PLP),79
https://www.lg.com/au/lifestyle-screens/stanbyme-go/,Australia,제품 카테고리 (PLP),79
https://www.lg.com/au/home-audio/gaming-speakers/,Australia,제품 카테고리 (PLP),66
https://www.lg.com/au/tv-soundbars/miniled/,Australia,제품 카테고리 (PLP),90
https://www.lg.com/au/tv-soundbars/qned-evo-tv/?ec_ft_06513561=55_inch,Australia,제품 카테고리 (PLP),90
https://www.lg.com/au/home-audio/portable-bluetooth-speaker/,Australia,제품 카테고리 (PLP),66
https://www.lg.com/au/speakers/sound-suite/,Australia,제품 카테고리 (PLP),79
https://www.lg.com/au/tv-soundbars/all-tv-soundbars/?ec_ft_06513561=85_inch_and_larger,Australia,제품 카테고리 (PLP),87
https://www.lg.com/au/monitors/ultragear-gaming/,Australia,제품 카테고리 (PLP),87
https://www.lg.com/au/monitors/gaming-monitors/,Australia,제품 카테고리 (PLP),66
https://www.lg.com/au/lifestyle-screens/objet-collection-pose/,Australia,제품 카테고리 (PLP),79
https://www.lg.com/au/tv-soundbars/all-tv-soundbars/?ec_ft_06513561=65_inch,Australia,제품 카테고리 (PLP),87
https://www.lg.com/au/monitors/ultrawide-monitors/,Australia,제품 카테고리 (PLP),66
https://www.lg.com/au/lifestyle-screens/all-lifestyle-screens/,Australia,제품 카테고리 (PLP),79
https://www.lg.com/au/tv-soundbars/all-tv-soundbars/?ec_ft_06513561=86_inch_-_98_inch,Australia,제품 카테고리 (PLP),87
https://www.lg.com/au/tv-soundbars/ultra-big-tv/?ec_ft_06513561=86_inch_-_98_inch,Australia,제품 카테고리 (PLP),79
https://www.lg.com/au/tv-soundbars/portable-speakers/,Australia,제품 카테고리 (PLP),90
https://www.lg.com/au/tv-soundbars/qned-tv/?ec_ft_06513561=50_inch,Australia,제품 카테고리 (PLP),90
https://www.lg.com/au/tv-soundbars/qned-evo-tv/?ec_ft_06513561=86_inch_-_98_inch,Australia,제품 카테고리 (PLP),90
https://www.lg.com/au/tv-soundbars/miniled/?ec_ft_06513561=75_inch_-_85_inch,Australia,제품 카테고리 (PLP),90
https://www.lg.com/au/tv-soundbars/soundbars/,Australia,제품 카테고리 (PLP),72
https://www.lg.com/au/tv-soundbars/qned-tv/,Australia,제품 카테고리 (PLP),90
https://www.lg.com/au/speakers/portable-speakers/,Australia,제품 카테고리 (PLP),90
https://www.lg.com/au/tv-soundbars/uhd-tv/?ec_ft_06513561=42_inch_-_48_inch,Australia,제품 카테고리 (PLP),79
https://www.lg.com/au/home-audio/mini-hi-fi-systems/,Australia,제품 카테고리 (PLP),66
https://www.lg.com/au/tv-soundbars/miniled/?ec_ft_06513561=100_inch_and_larger,Australia,제품 카테고리 (PLP),90
https://www.lg.com/au/tv-soundbars/hi-fi-system/,Australia,제품 카테고리 (PLP),72
https://www.lg.com/au/monitors/ultrawide/,Australia,제품 카테고리 (PLP),76
https://www.lg.com/au/tv-soundbars/uhd-tv/?ec_ft_06513561=75_inch_-_85_inch,Australia,제품 카테고리 (PLP),79
https://www.lg.com/au/tv-soundbars/qned-tv/?ec_ft_06513561=100_inch_and_larger,Australia,제품 카테고리 (PLP),90
https://www.lg.com/au/tv-soundbars/uhd-tv/?ec_ft_06513561=50_inch,Australia,제품 카테고리 (PLP),79
https://www.lg.com/au/tv-soundbars/all-tv-soundbars/,Australia,제품 카테고리 (PLP),87
https://www.lg.com/au/monitors/lifestyle-monitor---swing/,Australia,제품 카테고리 (PLP),76
https://www.lg.com/au/tv-soundbars/all-tv-soundbars/?ec_ft_06513561=32_inch_and_smaller,Australia,제품 카테고리 (PLP),87
https://www.lg.com/au/monitors/smart-monitors/,Australia,제품 카테고리 (PLP),79
https://www.lg.com/au/speakers/home-theater-soundbar/,Australia,제품 카테고리 (PLP),69
https://www.lg.com/au/tv-soundbars/oled-tv/,Australia,제품 카테고리 (PLP),90
https://www.lg.com/au/sound-bars/,Australia,제품 카테고리 (PLP),62
https://www.lg.com/au/tv-soundbars/uhd-tv/?ec_ft_06513561=86_inch_-_98_inch,Australia,제품 카테고리 (PLP),79
https://www.lg.com/au/tv-soundbars/uhd-tv/,Australia,제품 카테고리 (PLP),79
https://www.lg.com/au/monitors/ultragear-evo/,Australia,제품 카테고리 (PLP),87
https://www.lg.com/au/tv-soundbars/qned-tv/?ec_ft_06513561=42_-_48_inch,Australia,제품 카테고리 (PLP),90
https://www.lg.com/au/tv-soundbars/qned-tv/?ec_ft_06513561=75_-_77_inch,Australia,제품 카테고리 (PLP),90
https://www.lg.com/au/tv-soundbars/smart-tvs/,Australia,제품 카테고리 (PLP),76
https://www.lg.com/au/tv-soundbars/lifestyle-screens/,Australia,제품 카테고리 (PLP),72
https://www.lg.com/au/tv-soundbars/oled-tv/?ec_ft_06513561=55_inch,Australia,제품 카테고리 (PLP),90
https://www.lg.com/au/tv-soundbars/all-tv-soundbars/?ec_ft_06513561=50_inch,Australia,제품 카테고리 (PLP),87
https://www.lg.com/au/tv-soundbars/oled-tv/?ec_ft_06513561=86_inch_-_98_inch,Australia,제품 카테고리 (PLP),90
https://www.lg.com/au/speakers/hi-fi-systems/,Australia,제품 카테고리 (PLP),79
https://www.lg.com/au/tv-soundbars/oled-evo-tv/?ec_ft_06513561=75_-_85_inch,Australia,제품 카테고리 (PLP),79
https://www.lg.com/au/lifestyle-screens/objet-collection-easel/,Australia,제품 카테고리 (PLP),79
https://www.lg.com/au/monitors/,Australia,제품 카테고리 (PLP),76
https://www.lg.com/au/tv-soundbars/ultra-large-tvs/,Australia,제품 카테고리 (PLP),72
https://www.lg.com/au/tv-soundbars/nanocell-tv/?ec_ft_06513561=86_inch_-_98_inch,Australia,제품 카테고리 (PLP),79
https://www.lg.com/au/tv-soundbars/all-tv-soundbars/?ec_ft_06513561=75_-_85_inch,Australia,제품 카테고리 (PLP),87
https://www.lg.com/au/tv-soundbars/nanocell-tv/?ec_ft_06513561=50_inch,Australia,제품 카테고리 (PLP),79
https://www.lg.com/au/speakers/soundbars/,Australia,제품 카테고리 (PLP),83
https://www.lg.com/au/speakers/,Australia,제품 카테고리 (PLP),76
https://www.lg.com/au/monitors/full-hd-qhd/,Australia,제품 카테고리 (PLP),86
https://www.lg.com/au/speakers/all-speakers/,Australia,제품 카테고리 (PLP),79
https://www.lg.com/au/tv-soundbars/,Australia,제품 카테고리 (PLP),76
https://www.lg.com/au/tv-soundbars/nanocell-tv/?ec_ft_06513561=65_inch,Australia,제품 카테고리 (PLP),79
https://www.lg.com/au/tv-soundbars/miniled/?ec_ft_06513561=86_inch_-_98_inch,Australia,제품 카테고리 (PLP),90
https://www.lg.com/au/lifestyle-screens/,Australia,제품 카테고리 (PLP),79
https://www.lg.com/au/tv-soundbars/nanocell-tv/?ec_ft_06513561=55_inch,Australia,제품 카테고리 (PLP),79
https://www.lg.com/au/home-audio/,Australia,제품 카테고리 (PLP),62
https://www.lg.com/br/suporte/suporte-ao-producto/solucionar-problemas/help-library/cs-CT52001752-20155377723056,Brazil,Support - Troubleshoot,61
https://www.lg.com/br/suporte/suporte-ao-producto/solucionar-problemas/help-library/cs-CT52001755-20155410116910,Brazil,Support - Troubleshoot,79
https://www.lg.com/br/suporte/suporte-ao-producto/solucionar-problemas/help-library/cs-CT52001752-20155130448529,Brazil,Support - Troubleshoot,61
https://www.lg.com/br/suporte/suporte-ao-producto/solucionar-problemas/help-library/cs-CT52001753-20155368587101,Brazil,Support - Troubleshoot,79
https://www.lg.com/br/suporte/suporte-ao-producto/solucionar-problemas/help-library/cs-CT52001752-20155006056176,Brazil,Support - Troubleshoot,71
https://www.lg.com/br/suporte/suporte-ao-producto/solucionar-problemas/help-library/cs-CT52001753-20155299537900,Brazil,Support - Troubleshoot,79
https://www.lg.com/br/suporte/suporte-ao-producto/solucionar-problemas/help-library/cs-CT52001754-20155060947893,Brazil,Support - Troubleshoot,75
https://www.lg.com/br/suporte/suporte-ao-producto/solucionar-problemas/help-library/cs-CT52001753-20155103100764,Brazil,Support - Troubleshoot,71
https://www.lg.com/br/suporte/suporte-ao-producto/solucionar-problemas/help-library/cs-CT52001753-20155295256524,Brazil,Support - Troubleshoot,75
https://www.lg.com/br/suporte/suporte-ao-producto/solucionar-problemas/help-library/cs-CT52001755-20155311249316,Brazil,Support - Troubleshoot,79
https://www.lg.com/br/suporte/suporte-ao-producto/solucionar-problemas/help-library/cs-CT52001755-20155113393089,Brazil,Support - Troubleshoot,75
https://www.lg.com/br/suporte/suporte-ao-producto/solucionar-problemas/help-library/cs-CT52001753-20155004255324,Brazil,Support - Troubleshoot,75
https://www.lg.com/br/suporte/suporte-ao-producto/solucionar-problemas/help-library/cs-CT52001755-20155311406810,Brazil,Support - Troubleshoot,79
https://www.lg.com/br/suporte/suporte-ao-producto/solucionar-problemas/help-library/cs-CT52001753-20155101730332,Brazil,Support - Troubleshoot,79
https://www.lg.com/br/suporte/suporte-ao-producto/solucionar-problemas/help-library/cs-CT52001753-20155105958098,Brazil,Support - Troubleshoot,71
https://www.lg.com/br/suporte/suporte-ao-producto/solucionar-problemas/help-library/cs-CT52001753-20155265324069,Brazil,Support - Troubleshoot,72
https://www.lg.com/br/suporte/suporte-ao-producto/solucionar-problemas/help-library/cs-CT52001755-20155412191893,Brazil,Support - Troubleshoot,82
https://www.lg.com/br/suporte/suporte-ao-producto/solucionar-problemas/help-library/cs-CT52001753-20155301961117,Brazil,Support - Troubleshoot,79
https://www.lg.com/br/suporte/suporte-ao-producto/solucionar-problemas/help-library/cs-CT52001755-20155268426942,Brazil,Support - Troubleshoot,79
https://www.lg.com/br/suporte/suporte-ao-producto/solucionar-problemas/help-library/cs-CT52001753-20155027711381,Brazil,Support - Troubleshoot,79
https://www.lg.com/br/suporte/suporte-ao-producto/solucionar-problemas/help-library/cs-CT52001755-20155410408261,Brazil,Support - Troubleshoot,79
https://www.lg.com/br/suporte/suporte-ao-producto/solucionar-problemas/help-library/cs-CT20096004-20154988831660,Brazil,Support - Troubleshoot,75
https://www.lg.com/br/suporte/suporte-ao-producto/solucionar-problemas/help-library/cs-CT52001755-20155154193609,Brazil,Support - Troubleshoot,79
https://www.lg.com/br/suporte/suporte-ao-producto/solucionar-problemas/help-library/cs-CT52001755-20155409997819,Brazil,Support - Troubleshoot,79
https://www.lg.com/br/suporte/suporte-ao-producto/solucionar-problemas/help-library/cs-CT52001753-20155092740759,Brazil,Support - Troubleshoot,71
https://www.lg.com/br/suporte/suporte-ao-producto/solucionar-problemas/help-library/cs-CT52001752-20154996625603,Brazil,Support - Troubleshoot,75
https://www.lg.com/br/suporte/suporte-ao-producto/solucionar-problemas/help-library/cs-CT52001753-20155198573106,Brazil,Support - Troubleshoot,79
https://www.lg.com/br/suporte/suporte-ao-producto/solucionar-problemas/help-library/cs-CT52001752-20155051198214,Brazil,Support - Troubleshoot,75
https://www.lg.com/br/suporte/suporte-ao-producto/solucionar-problemas/help-library/cs-CT52001753-20155352261629,Brazil,Support - Troubleshoot,76
https://www.lg.com/br/suporte/suporte-ao-producto/solucionar-problemas/help-library/cs-CT52001755-20155115722420,Brazil,Support - Troubleshoot,75
https://www.lg.com/br/suporte/suporte-ao-producto/solucionar-problemas/help-library/cs-CT52001753-20155118242869,Brazil,Support - Troubleshoot,79
https://www.lg.com/br/suporte/suporte-ao-producto/solucionar-problemas/help-library/cs-CT52001752-20155019546528,Brazil,Support - Troubleshoot,79
https://www.lg.com/br/suporte/suporte-ao-producto/solucionar-problemas/help-library/cs-CT52001752-20155311283379,Brazil,Support - Troubleshoot,79
https://www.lg.com/br/suporte/suporte-ao-producto/solucionar-problemas/help-library/cs-CT52001755-20155316511573,Brazil,Support - Troubleshoot,79
https://www.lg.com/br/suporte/suporte-ao-producto/solucionar-problemas/help-library/cs-CT52001755-20155140885484,Brazil,Support - Troubleshoot,82
https://www.lg.com/br/suporte/suporte-ao-producto/solucionar-problemas/help-library/cs-CT00001143-20155198998500,Brazil,Support - Troubleshoot,79
https://www.lg.com/br/suporte/suporte-ao-producto/solucionar-problemas/help-library/cs-CT52001753-20155102954050,Brazil,Support - Troubleshoot,79
https://www.lg.com/br/suporte/suporte-ao-producto/solucionar-problemas/help-library/cs-CT52001753-20155299041485,Brazil,Support - Troubleshoot,79
https://www.lg.com/br/suporte/suporte-ao-producto/solucionar-problemas/help-library/cs-CT52001755-20155410263463,Brazil,Support - Troubleshoot,79
https://www.lg.com/br/suporte/suporte-ao-producto/solucionar-problemas/help-library/cs-CT52001753-20155048219090,Brazil,Support - Troubleshoot,71
https://www.lg.com/br/suporte/suporte-ao-producto/solucionar-problemas/help-library/cs-CT00001143-20155199001924,Brazil,Support - Troubleshoot,75
https://www.lg.com/br/suporte/suporte-ao-producto/solucionar-problemas/help-library/cs-CT52001752-20155105902915,Brazil,Support - Troubleshoot,79
https://www.lg.com/br/suporte/suporte-ao-producto/solucionar-problemas/help-library/cs-CT52001752-20154967823945,Brazil,Support - Troubleshoot,71
https://www.lg.com/br/suporte/suporte-ao-producto/solucionar-problemas/help-library/cs-CT52001753-20155101731919,Brazil,Support - Troubleshoot,71
https://www.lg.com/br/suporte/suporte-ao-producto/solucionar-problemas/help-library/cs-CT20096065-20155048192810,Brazil,Support - Troubleshoot,71
https://www.lg.com/br/suporte/suporte-ao-producto/solucionar-problemas/help-library/cs-CT52001753-20155128325127,Brazil,Support - Troubleshoot,61
https://www.lg.com/br/suporte/suporte-ao-producto/solucionar-problemas/help-library/cs-CT52001755-20155181429929,Brazil,Support - Troubleshoot,79
https://www.lg.com/br/suporte/suporte-ao-producto/solucionar-problemas/help-library/cs-CT20096065-20155060989050,Brazil,Support - Troubleshoot,75
https://www.lg.com/br/suporte/suporte-ao-producto/solucionar-problemas/help-library/cs-CT00001143-20155117736320,Brazil,Support - Troubleshoot,71
https://www.lg.com/br/suporte/suporte-ao-producto/solucionar-problemas/help-library/cs-CT52001752-20155379630500,Brazil,Support - Troubleshoot,79
https://www.lg.com/br/suporte/suporte-ao-producto/solucionar-problemas/help-library/cs-CT52001754-20155198992884,Brazil,Support - Troubleshoot,79
https://www.lg.com/br/suporte/suporte-ao-producto/solucionar-problemas/help-library/cs-CT52001755-20155021168163,Brazil,Support - Troubleshoot,75
https://www.lg.com/br/suporte/suporte-ao-producto/solucionar-problemas/help-library/cs-CT52001753-20155148966894,Brazil,Support - Troubleshoot,79
https://www.lg.com/br/suporte/suporte-ao-producto/solucionar-problemas/help-library/cs-CT52001755-20155311266177,Brazil,Support - Troubleshoot,82
https://www.lg.com/br/suporte/suporte-ao-producto/solucionar-problemas/help-library/cs-CT52001753-20155027837442,Brazil,Support - Troubleshoot,71
https://www.lg.com/br/suporte/suporte-ao-producto/solucionar-problemas/help-library/cs-CT52001753-20155103113569,Brazil,Support - Troubleshoot,71
https://www.lg.com/br/suporte/suporte-ao-producto/solucionar-problemas/help-library/cs-CT52001757-20155019531320,Brazil,Support - Troubleshoot,75
https://www.lg.com/br/suporte/suporte-ao-producto/solucionar-problemas/help-library/cs-CT52001755-20155029351311,Brazil,Support - Troubleshoot,75
https://www.lg.com/br/suporte/suporte-ao-producto/solucionar-problemas/help-library/cs-CT52001754-20155017815919,Brazil,Support - Troubleshoot,75
https://www.lg.com/br/suporte/suporte-ao-producto/solucionar-problemas/help-library/cs-CT52001754-20155184086222,Brazil,Support - Troubleshoot,82
https://www.lg.com/br/suporte/suporte-ao-producto/solucionar-problemas/help-library/cs-CT52001753-20155101736965,Brazil,Support - Troubleshoot,71
https://www.lg.com/br/suporte/suporte-ao-producto/solucionar-problemas/help-library/cs-CT52001753-20155135974850,Brazil,Support - Troubleshoot,79
https://www.lg.com/br/suporte/suporte-ao-producto/solucionar-problemas/help-library/cs-CT52001753-20155114219147,Brazil,Support - Troubleshoot,75
https://www.lg.com/br/suporte/suporte-ao-producto/solucionar-problemas/help-library/cs-CT52001754-20155114025938,Brazil,Support - Troubleshoot,71
https://www.lg.com/br/suporte/suporte-ao-producto/solucionar-problemas/help-library/cs-CT52001755-20155268093502,Brazil,Support - Troubleshoot,82
https://www.lg.com/br/suporte/suporte-ao-producto/solucionar-problemas/help-library/cs-CT52001753-20155268066907,Brazil,Support - Troubleshoot,79
https://www.lg.com/br/suporte/suporte-ao-producto/solucionar-problemas/help-library/cs-CT52001753-20155048206919,Brazil,Support - Troubleshoot,71
https://www.lg.com/br/suporte/suporte-ao-producto/solucionar-problemas/help-library/cs-CT52001755-20155021553887,Brazil,Support - Troubleshoot,79
https://www.lg.com/br/suporte/suporte-ao-producto/solucionar-problemas/help-library/cs-CT52001755-20155114292442,Brazil,Support - Troubleshoot,79
https://www.lg.com/br/suporte/suporte-ao-producto/solucionar-problemas/help-library/cs-CT52001753-20155272213637,Brazil,Support - Troubleshoot,79
https://www.lg.com/br/suporte/suporte-ao-producto/solucionar-problemas/help-library/cs-CT52001753-20155295255845,Brazil,Support - Troubleshoot,61
https://www.lg.com/br/suporte/suporte-ao-producto/solucionar-problemas/help-library/cs-CT52001752-20155029323058,Brazil,Support - Troubleshoot,75
https://www.lg.com/br/suporte/suporte-ao-producto/solucionar-problemas/help-library/cs-CT52001753-20155094148906,Brazil,Support - Troubleshoot,79
https://www.lg.com/br/suporte/suporte-ao-producto/solucionar-problemas/help-library/cs-CT52001755-20155269138873,Brazil,Support - Troubleshoot,79
https://www.lg.com/br/suporte/suporte-ao-producto/solucionar-problemas/help-library/cs-CT52001753-20155102983209,Brazil,Support - Troubleshoot,71
https://www.lg.com/br/suporte/suporte-ao-producto/solucionar-problemas/help-library/cs-CT52001753-20155251419787,Brazil,Support - Troubleshoot,71
https://www.lg.com/br/suporte/suporte-ao-producto/solucionar-problemas/help-library/cs-CT52001753-20155209282919,Brazil,Support - Troubleshoot,82
https://www.lg.com/br/suporte/suporte-ao-producto/solucionar-problemas/help-library/cs-CT52001753-20155255029878,Brazil,Support - Troubleshoot,79
https://www.lg.com/br/suporte/suporte-ao-producto/solucionar-problemas/help-library/cs-CT52001754-20155342673493,Brazil,Support - Troubleshoot,79
https://www.lg.com/br/suporte/suporte-ao-producto/solucionar-problemas/help-library/cs-CT52001755-20155052624745,Brazil,Support - Troubleshoot,75
https://www.lg.com/br/suporte/suporte-ao-producto/solucionar-problemas/help-library/cs-CT52001755-20155379610835,Brazil,Support - Troubleshoot,79
https://www.lg.com/br/suporte/suporte-ao-producto/solucionar-problemas/help-library/cs-CT52001752-20155155365061,Brazil,Support - Troubleshoot,75
https://www.lg.com/br/suporte/suporte-ao-producto/solucionar-problemas/help-library/cs-CT52001757-20155063963191,Brazil,Support - Troubleshoot,71
https://www.lg.com/br/suporte/suporte-ao-producto/solucionar-problemas/help-library/cs-CT00001142-20155219509778,Brazil,Support - Troubleshoot,75
https://www.lg.com/br/suporte/suporte-ao-producto/solucionar-problemas/help-library/cs-CT52001753-20155114037815,Brazil,Support - Troubleshoot,61
https://www.lg.com/br/suporte/suporte-ao-producto/solucionar-problemas/help-library/cs-CT52001753-20155379391305,Brazil,Support - Troubleshoot,79
https://www.lg.com/br/suporte/suporte-ao-producto/solucionar-problemas/help-library/cs-CT52001752-20155379919436,Brazil,Support - Troubleshoot,79
https://www.lg.com/br/suporte/suporte-ao-producto/solucionar-problemas/help-library/cs-CT52001755-20155115744482,Brazil,Support - Troubleshoot,82
https://www.lg.com/br/suporte/suporte-ao-producto/solucionar-problemas/help-library/cs-CT52001753-20155348063145,Brazil,Support - Troubleshoot,79
https://www.lg.com/br/suporte/suporte-ao-producto/solucionar-problemas/help-library/cs-CT52001753-20155297258424,Brazil,Support - Troubleshoot,79
https://www.lg.com/br/suporte/suporte-ao-producto/solucionar-problemas/help-library/cs-CT52001755-20155113410659,Brazil,Support - Troubleshoot,75
https://www.lg.com/br/suporte/suporte-ao-producto/solucionar-problemas/help-library/cs-CT52001752-20155146794151,Brazil,Support - Troubleshoot,71
https://www.lg.com/br/suporte/suporte-ao-producto/solucionar-problemas/help-library/cs-CT20096065-20155048198005,Brazil,Support - Troubleshoot,71
https://www.lg.com/br/suporte/suporte-ao-producto/solucionar-problemas/help-library/cs-CT52001753-20155065332448,Brazil,Support - Troubleshoot,71
https://www.lg.com/br/suporte/suporte-ao-producto/solucionar-problemas/help-library/cs-CT52001755-20155047768488,Brazil,Support - Troubleshoot,75
https://www.lg.com/br/suporte/suporte-ao-producto/solucionar-problemas/help-library/cs-CT52001753-20155380012959,Brazil,Support - Troubleshoot,75
https://www.lg.com/br/suporte/suporte-ao-producto/solucionar-problemas/help-library/cs-CT52001753-20155102932918,Brazil,Support - Troubleshoot,71
https://www.lg.com/br/suporte/suporte-ao-producto/solucionar-problemas/help-library/cs-CT52001753-20155377739214,Brazil,Support - Troubleshoot,61
https://www.lg.com/br/suporte/suporte-ao-producto/solucionar-problemas/help-library/cs-CT52001755-20155410031823,Brazil,Support - Troubleshoot,82
https://www.lg.com/br/suporte/suporte-ao-producto/solucionar-problemas/help-library/cs-CT52001755-20155331409482,Brazil,Support - Troubleshoot,82
https://www.lg.com/ca_en/support/product-support/troubleshoot/help-library/cs-CT52006110-20155048194547,Canada,Support - Troubleshoot,68
https://www.lg.com/ca_en/support/product-support/troubleshoot/help-library/cs-CT52001644-20155130214995/,Canada,Support - Troubleshoot,79
https://www.lg.com/ca_en/support/product-support/troubleshoot/help-library/cs-CT52001646-20155377714793/,Canada,Support - Troubleshoot,57
https://www.lg.com/ca_en/support/product-support/troubleshoot/help-library/cs-CT52006110-20155048190769,Canada,Support - Troubleshoot,68
https://www.lg.com/ca_en/support/product-support/troubleshoot/help-library/cs-CT52006110-20155183801725/,Canada,Support - Troubleshoot,79
https://www.lg.com/ca_en/support/product-support/troubleshoot/help-library/cs-CT52001644-20155101727812,Canada,Support - Troubleshoot,68
https://www.lg.com/ca_en/support/product-support/troubleshoot/help-library/cs-CT52001646-20155028291727/,Canada,Support - Troubleshoot,68
https://www.lg.com/ca_en/support/product-support/troubleshoot/help-library/cs-CT52001644-20155295248170/,Canada,Support - Troubleshoot,79
https://www.lg.com/ca_en/support/product-support/troubleshoot/help-library/cs-CT52006110-20155412570876,Canada,Support - Troubleshoot,71
https://www.lg.com/ca_en/support/product-support/troubleshoot/help-library/cs-CT52001643-20155377787112/,Canada,Support - Troubleshoot,75
https://www.lg.com/ca_en/support/product-support/troubleshoot/help-library/cs-CT52006110-20155130413192/,Canada,Support - Troubleshoot,71
https://www.lg.com/ca_en/support/product-help/CT20098040-20150121734487,Canada,Support - Troubleshoot,79
https://www.lg.com/ca_en/support/product-support/troubleshoot/help-library/cs-CT52001646-20155333771990/,Canada,Support - Troubleshoot,75
https://www.lg.com/ca_en/support/product-support/troubleshoot/help-library/cs-CT52001644-20155102931118/,Canada,Support - Troubleshoot,68
https://www.lg.com/ca_en/support/product-support/troubleshoot/help-library/cs-CT52001646-20155051174286/,Canada,Support - Troubleshoot,75
https://www.lg.com/ca_en/support/product-support/troubleshoot/help-library/cs-CT52001644-20155065328685/,Canada,Support - Troubleshoot,68
https://www.lg.com/ca_en/support/product-support/troubleshoot/help-library/cs-CT52001644-20155114034191/,Canada,Support - Troubleshoot,57
https://www.lg.com/ca_en/support/product-support/troubleshoot/help-library/cs-CT52006110-20155048182195,Canada,Support - Troubleshoot,71
https://www.lg.com/ca_en/support/product-support/troubleshoot/help-library/cs-CT52001643-20155140877576,Canada,Support - Troubleshoot,82
https://www.lg.com/ca_en/support/product-support/troubleshoot/help-library/cs-CT52001644-20155102978829,Canada,Support - Troubleshoot,68
https://www.lg.com/ca_en/support/product-support/troubleshoot/help-library/cs-CT52001644-20155114214879/,Canada,Support - Troubleshoot,75
https://www.lg.com/ca_en/support/product-support/troubleshoot/help-library/cs-CT32005681-20155119003826,Canada,Support - Troubleshoot,79
https://www.lg.com/ca_en/support/product-support/troubleshoot/help-library/cs-CT52001646-20155146788052/,Canada,Support - Troubleshoot,68
https://www.lg.com/ca_en/support/product-support/troubleshoot/help-library/cs-CT52001646-20155311502235/,Canada,Support - Troubleshoot,75
https://www.lg.com/ca_en/support/product-support/troubleshoot/help-library/cs-CT52001644-20155048201823/,Canada,Support - Troubleshoot,68
https://www.lg.com/ca_en/support/product-support/troubleshoot/help-library/cs-CT52001643-20155063961192,Canada,Support - Troubleshoot,68
https://www.lg.com/ca_en/support/product-support/troubleshoot/help-library/cs-CT52001644-20155102795862/,Canada,Support - Troubleshoot,68
https://www.lg.com/ca_en/support/product-support/troubleshoot/help-library/cs-CT32004641-20155199003031,Canada,Support - Troubleshoot,75
https://www.lg.com/ca_en/support/product-support/troubleshoot/help-library/cs-CT52001644-20155177649603/,Canada,Support - Troubleshoot,82
https://www.lg.com/ca_en/support/product-support/troubleshoot/help-library/cs-CT52001644-20155102799560/,Canada,Support - Troubleshoot,68
https://www.lg.com/ca_en/support/product-support/troubleshoot/help-library/cs-CT32005681-20155014963117,Canada,Support - Troubleshoot,79
https://www.lg.com/ca_en/support/product-support/troubleshoot/help-library/cs-CT32004641-20155060985301,Canada,Support - Troubleshoot,68
https://www.lg.com/ca_en/support/product-support/troubleshoot/help-library/cs-CT52001643-20155412212632,Canada,Support - Troubleshoot,79
https://www.lg.com/ca_en/support/product-support/troubleshoot/help-library/cs-CT52001646-20155311258275/,Canada,Support - Troubleshoot,82
https://www.lg.com/ca_en/support/product-support/troubleshoot/help-library/cs-CT52001643-20155105899739/,Canada,Support - Troubleshoot,79
https://www.lg.com/ca_en/support/product-support/troubleshoot/help-library/cs-CT52001646-20155062024742,Canada,Support - Troubleshoot,75
https://www.lg.com/ca_en/support/product-support/troubleshoot/help-library/cs-CT52006110-20155128298706/,Canada,Support - Troubleshoot,71
https://www.lg.com/ca_en/support/product-support/troubleshoot/help-library/cs-CT52001644-20155092723807/,Canada,Support - Troubleshoot,68
https://www.lg.com/ca_en/support/product-support/troubleshoot/help-library/cs-CT52006110-20155131934965,Canada,Support - Troubleshoot,71
https://www.lg.com/ca_en/support/product-support/troubleshoot/help-library/cs-CT52001644-20155102817652,Canada,Support - Troubleshoot,68
https://www.lg.com/ca_en/support/product-support/troubleshoot/help-library/cs-CT52001644-20155370303100/,Canada,Support - Troubleshoot,75
https://www.lg.com/ca_en/support/product-support/troubleshoot/help-library/cs-CT52001646-20155047764799,Canada,Support - Troubleshoot,71
https://www.lg.com/ca_en/support/product-support/troubleshoot/help-library/cs-CT52006110-20155130674451/,Canada,Support - Troubleshoot,71
https://www.lg.com/ca_en/support/product-support/troubleshoot/help-library/cs-CT52001644-20155028328192,Canada,Support - Troubleshoot,68
https://www.lg.com/ca_en/support/product-support/troubleshoot/help-library/cs-CT52001644-20155102822696,Canada,Support - Troubleshoot,68
https://www.lg.com/ca_en/support/product-support/troubleshoot/help-library/cs-CT52001644-20155101718495/,Canada,Support - Troubleshoot,68
https://www.lg.com/ca_en/support/product-support/troubleshoot/help-library/cs-CT52001643-20155311276825/,Canada,Support - Troubleshoot,75
https://www.lg.com/ca_en/support/product-support/troubleshoot/help-library/cs-CT32005681-20155115714102,Canada,Support - Troubleshoot,71
https://www.lg.com/ca_en/support/product-support/troubleshoot/help-library/cs-CT52001643-20154967819894/,Canada,Support - Troubleshoot,71
https://www.lg.com/ca_en/support/product-support/troubleshoot/help-library/cs-CT52001644-20155105954103,Canada,Support - Troubleshoot,71
https://www.lg.com/ca_en/support/product-support/troubleshoot/help-library/cs-CT52001644-20155102935653/,Canada,Support - Troubleshoot,68
https://www.lg.com/ca_en/support/product-support/troubleshoot/help-library/cs-CT52006110-20155198999813/,Canada,Support - Troubleshoot,71
https://www.lg.com/ca_en/support/product-support/troubleshoot/help-library/cs-CT52001644-20154982199574/,Canada,Support - Troubleshoot,75
https://www.lg.com/ca_en/support/product-support/troubleshoot/help-library/cs-CT52001646-20155029348265/,Canada,Support - Troubleshoot,71
https://www.lg.com/ca_en/support/product-support/troubleshoot/help-library/cs-CT52001644-20155101732327/,Canada,Support - Troubleshoot,68
https://www.lg.com/ca_en/support/product-support/troubleshoot/help-library/cs-CT52006110-20155134071291/,Canada,Support - Troubleshoot,79
https://www.lg.com/ca_en/support/product-support/troubleshoot/help-library/cs-CT52001644-20155103090594/,Canada,Support - Troubleshoot,71
https://www.lg.com/ca_en/support/product-support/troubleshoot/help-library/cs-CT52001644-20155102922031/,Canada,Support - Troubleshoot,71
https://www.lg.com/ca_en/support/product-support/troubleshoot/help-library/cs-CT52001644-20155101718050,Canada,Support - Troubleshoot,68
https://www.lg.com/ca_en/support/product-support/troubleshoot/help-library/cs-CT52001644-20155101719876,Canada,Support - Troubleshoot,68
https://www.lg.com/ca_en/support/product-support/troubleshoot/help-library/cs-CT52001643-20155052621589,Canada,Support - Troubleshoot,71
https://www.lg.com/ca_en/support/product-support/troubleshoot/help-library/cs-CT52006110-20155114023194,Canada,Support - Troubleshoot,68
https://www.lg.com/ca_en/support/product-support/troubleshoot/help-library/cs-CT52001643-20154996610870,Canada,Support - Troubleshoot,75
https://www.lg.com/ca_en/support/product-support/troubleshoot/help-library/cs-CT52001644-20155102947679/,Canada,Support - Troubleshoot,75
https://www.lg.com/ca_en/support/product-support/troubleshoot/help-library/cs-CT52001644-20155092732093/,Canada,Support - Troubleshoot,75
https://www.lg.com/ca_en/support/product-support/troubleshoot/help-library/cs-CT52001643-20155105899038/,Canada,Support - Troubleshoot,75
https://www.lg.com/ca_en/support/product-support/troubleshoot/help-library/cs-CT52001644-20155148961258/,Canada,Support - Troubleshoot,75
https://www.lg.com/ca_en/support/product-support/troubleshoot/help-library/cs-CT52001646-20155113389343/,Canada,Support - Troubleshoot,71
https://www.lg.com/ca_en/support/product-support/troubleshoot/help-library/cs-CT32004642-20155062560913,Canada,Support - Troubleshoot,79
https://www.lg.com/ca_en/support/product-support/troubleshoot/help-library/cs-CT52001643-20155154187826,Canada,Support - Troubleshoot,75
https://www.lg.com/ca_en/support/product-support/troubleshoot/help-library/cs-CT52001646-20155268977272,Canada,Support - Troubleshoot,79
https://www.lg.com/ca_en/support/product-support/troubleshoot/help-library/cs-CT52001644-20155048209300,Canada,Support - Troubleshoot,68
https://www.lg.com/ca_en/support/product-support/troubleshoot/help-library/cs-CT52001643-20155051196024,Canada,Support - Troubleshoot,71
https://www.lg.com/ca_en/support/product-support/troubleshoot/help-library/cs-CT52001644-20155102834211,Canada,Support - Troubleshoot,68
https://www.lg.com/ca_en/support/product-support/troubleshoot/help-library/cs-CT52001646-20155140645709/,Canada,Support - Troubleshoot,79
https://www.lg.com/ca_en/support/product-support/troubleshoot/help-library/cs-CT52001644-20155028331934/,Canada,Support - Troubleshoot,75
https://www.lg.com/ca_en/support/product-support/troubleshoot/help-library/cs-CT52001644-20155103106278/,Canada,Support - Troubleshoot,68
https://www.lg.com/ca_en/support/product-support/troubleshoot/help-library/cs-CT32005681-20155113404272,Canada,Support - Troubleshoot,75
https://www.lg.com/ca_en/support/product-support/troubleshoot/help-library/cs-CT52001644-20155295248142/,Canada,Support - Troubleshoot,57
https://www.lg.com/ca_en/support/product-support/troubleshoot/help-library/cs-CT52001644-20155268061305/,Canada,Support - Troubleshoot,79
https://www.lg.com/ca_en/support/product-support/troubleshoot/help-library/cs-CT52001644-20155102764124,Canada,Support - Troubleshoot,68
https://www.lg.com/ca_en/support/product-support/troubleshoot/help-library/cs-CT52001644-20155102941063,Canada,Support - Troubleshoot,68
https://www.lg.com/ca_en/support/product-support/troubleshoot/help-library/cs-CT52001643-20155019525907,Canada,Support - Troubleshoot,75
https://www.lg.com/ca_en/support/product-support/troubleshoot/help-library/cs-CT52001646-20155311293376/,Canada,Support - Troubleshoot,75
https://www.lg.com/ca_en/support/product-support/troubleshoot/help-library/cs-CT52001646-20155006102790/,Canada,Support - Troubleshoot,71
https://www.lg.com/ca_en/support/product-support/troubleshoot/help-library/cs-CT52001643-20155155361290,Canada,Support - Troubleshoot,71
https://www.lg.com/ca_en/support/product-support/troubleshoot/help-library/cs-CT52001646-20155019543121,Canada,Support - Troubleshoot,79
https://www.lg.com/ca_en/support/product-support/troubleshoot/help-library/cs-CT52001644-20155094143322/,Canada,Support - Troubleshoot,79
https://www.lg.com/ca_en/support/product-support/troubleshoot/help-library/cs-CT52001643-20155115738645,Canada,Support - Troubleshoot,79
https://www.lg.com/ca_en/support/product-support/troubleshoot/help-library/cs-CT52001646-20155006049806/,Canada,Support - Troubleshoot,75
https://www.lg.com/ca_en/support/product-support/troubleshoot/help-library/cs-CT52001644-20155102830534,Canada,Support - Troubleshoot,68
https://www.lg.com/ca_en/support/product-support/troubleshoot/help-library/cs-CT52001644-20155101725446/,Canada,Support - Troubleshoot,71
https://www.lg.com/ca_en/support/product-support/troubleshoot/help-library/cs-CT52001646-20155269106216/,Canada,Support - Troubleshoot,75
https://www.lg.com/ca_en/support/product-support/troubleshoot/help-library/cs-CT52001644-20155101726683/,Canada,Support - Troubleshoot,75
https://www.lg.com/ca_en/support/product-support/troubleshoot/help-library/cs-CT52001644-20155255021033/,Canada,Support - Troubleshoot,79
https://www.lg.com/ca_en/support/product-support/troubleshoot/help-library/cs-CT52001644-20155379438792/,Canada,Support - Troubleshoot,68
https://www.lg.com/ca_en/support/product-support/troubleshoot/help-library/cs-CT52001646-20155179474775,Canada,Support - Troubleshoot,71
https://www.lg.com/ca_en/support/product-support/troubleshoot/help-library/cs-CT52006110-20155342657177/,Canada,Support - Troubleshoot,79
https://www.lg.com/ca_en/support/product-support/troubleshoot/help-library/cs-CT52001646-20155331398212/,Canada,Support - Troubleshoot,79
https://www.lg.com/ca_en/support/product-support/troubleshoot/help-library/cs-CT52001644-20155368582330/,Canada,Support - Troubleshoot,75
https://www.lg.com/de/tvs-und-soundbars/oled/oled55b68la/,Germany,제품 상세 (PDP),81
https://www.lg.com/de/tvs-und-soundbars/nanocell/43nu8e0b3la/,Germany,제품 상세 (PDP),81
https://www.lg.com/de/tvs-und-soundbars/oled-evo/oled55g67lw/,Germany,제품 상세 (PDP),78
https://www.lg.com/de/lifestyle-tvs/stanbyme/32lx6bpga/,Germany,제품 상세 (PDP),78
https://www.lg.com/de/tvs-und-soundbars/oled/oled83b68la/,Germany,제품 상세 (PDP),81
https://www.lg.com/de/tvs-und-soundbars/smart-tvs/24lb70006la/,Germany,제품 상세 (PDP),81
https://www.lg.com/de/tvs-und-soundbars/oled-evo/oled83g67lw/,Germany,제품 상세 (PDP),78
https://www.lg.com/de/tvs-und-soundbars/oled/oled65b68la/,Germany,제품 상세 (PDP),81
https://www.lg.com/de/tvs-und-soundbars/nanocell/50nu8e0b3la/,Germany,제품 상세 (PDP),81
https://www.lg.com/de/tvs-und-soundbars/nanocell/55nu8e0b3la/,Germany,제품 상세 (PDP),81
https://www.lg.com/de/tvs-und-soundbars/nanocell/65nu8e0b3la/,Germany,제품 상세 (PDP),81
https://www.lg.com/de/tvs-und-soundbars/oled/oled48b68la/,Germany,제품 상세 (PDP),81
https://www.lg.com/de/tvs-und-soundbars/oled/oled65b6elc/,Germany,제품 상세 (PDP),81
https://www.lg.com/de/tvs-und-soundbars/oled/oled77b68la/,Germany,제품 상세 (PDP),81
https://www.lg.com/de/tvs-und-soundbars/mini-rgb-evo/55mrgb86b9a/,Germany,제품 상세 (PDP),81
https://www.lg.com/de/tvs-und-soundbars/mini-rgb-evo/75mrgb86b9a/,Germany,제품 상세 (PDP),81
https://www.lg.com/de/tvs-und-soundbars/oled-evo/oled77g67lw/,Germany,제품 상세 (PDP),78
https://www.lg.com/de/tvs-und-soundbars/nanocell/75nu8e0b3la/,Germany,제품 상세 (PDP),81
https://www.lg.com/de/tvs-und-soundbars/mini-rgb-evo/65mrgb86b9a/,Germany,제품 상세 (PDP),81
https://www.lg.com/de/tvs-und-soundbars/qned-evo/50qned87b6a/,Germany,제품 상세 (PDP),81
https://www.lg.com/de/tvs-und-soundbars/micro-rgb-evo/75mrgb96b9b/,Germany,제품 상세 (PDP),81
https://www.lg.com/de/tvs-und-soundbars/oled-evo/oled83c6elb/,Germany,제품 상세 (PDP),81
https://www.lg.com/de/tvs-und-soundbars/smart-tvs/43lb65006la/,Germany,제품 상세 (PDP),81
https://www.lg.com/de/tvs-und-soundbars/smart-tvs/32lb650b6la/,Germany,제품 상세 (PDP),81
https://www.lg.com/de/tvs-und-soundbars/qned-evo/55qned87b6a/,Germany,제품 상세 (PDP),81
https://www.lg.com/de/tvs-und-soundbars/qned-evo/85qned81b6a/,Germany,제품 상세 (PDP),81
https://www.lg.com/de/tvs-und-soundbars/qned-evo/65qned87b6a/,Germany,제품 상세 (PDP),81
https://www.lg.com/de/tvs-und-soundbars/100mrgb96b9/,Germany,제품 상세 (PDP),81
https://www.lg.com/de/tvs-und-soundbars/nanocell/85nu8e0b3la/,Germany,제품 상세 (PDP),81
https://www.lg.com/de/tvs-und-soundbars/nanocell/85nu900b6la/,Germany,제품 상세 (PDP),81
https://www.lg.com/de/tvs-und-soundbars/qned-evo/75qned87b6a/,Germany,제품 상세 (PDP),81
https://www.lg.com/de/tvs-und-soundbars/qned/50qned70b6c/,Germany,제품 상세 (PDP),81
https://www.lg.com/de/tvs-und-soundbars/oled-evo/oled65c69lb/,Germany,제품 상세 (PDP),81
https://www.lg.com/de/tvs-und-soundbars/qned-evo/55qned82b6b/,Germany,제품 상세 (PDP),81
https://www.lg.com/de/tvs-und-soundbars/oled-evo/oled77c69lb/,Germany,제품 상세 (PDP),81
https://www.lg.com/de/tvs-und-soundbars/nanocell/85nu800b6la/,Germany,제품 상세 (PDP),81
https://www.lg.com/de/tvs-und-soundbars/qned/75qned70b6a/,Germany,제품 상세 (PDP),81
https://www.lg.com/de/tvs-und-soundbars/micro-rgb-evo/86mrgb96b9b/,Germany,제품 상세 (PDP),81
https://www.lg.com/de/tvs-und-soundbars/oled-evo/oled83w69la/,Germany,제품 상세 (PDP),81
https://www.lg.com/de/tvs-und-soundbars/qned-evo/55qned93b6a/,Germany,제품 상세 (PDP),81
https://www.lg.com/de/tvs-und-soundbars/qned/85qned70b6a/,Germany,제품 상세 (PDP),81
https://www.lg.com/de/tvs-und-soundbars/oled-evo/oled65g66ls/,Germany,제품 상세 (PDP),78
https://www.lg.com/de/tvs-und-soundbars/qned-evo/75qned82b6a/,Germany,제품 상세 (PDP),81
https://www.lg.com/de/tvs-und-soundbars/oled-evo/oled65g67lw/,Germany,제품 상세 (PDP),78
https://www.lg.com/de/tvs-und-soundbars/oled/oled55b6elc/,Germany,제품 상세 (PDP),81
https://www.lg.com/de/tvs-und-soundbars/oled/oled77b6elc/,Germany,제품 상세 (PDP),81
https://www.lg.com/de/tvs-und-soundbars/oled-evo/oled77c6elb/,Germany,제품 상세 (PDP),81
https://www.lg.com/de/tvs-und-soundbars/oled-evo/oled48g66ls/,Germany,제품 상세 (PDP),78
https://www.lg.com/de/tvs-und-soundbars/oled-evo/oled55g66ls/,Germany,제품 상세 (PDP),78
https://www.lg.com/de/tvs-und-soundbars/oled/oled48b6elc/,Germany,제품 상세 (PDP),81
https://www.lg.com/de/tvs-und-soundbars/oled-evo/oled55c69lb/,Germany,제품 상세 (PDP),81
https://www.lg.com/de/tvs-und-soundbars/oled-evo/oled77c67la/,Germany,제품 상세 (PDP),81
https://www.lg.com/de/tvs-und-soundbars/qned-evo/86qned87b6a/,Germany,제품 상세 (PDP),81
https://www.lg.com/de/tvs-und-soundbars/qned/43qned70b6c/,Germany,제품 상세 (PDP),81
https://www.lg.com/de/tvs-und-soundbars/oled-evo/oled42c67la/,Germany,제품 상세 (PDP),81
https://www.lg.com/de/tvs-und-soundbars/qned-evo/100qned87b6/,Germany,제품 상세 (PDP),81
https://www.lg.com/de/tvs-und-soundbars/oled-evo/oled48c67la/,Germany,제품 상세 (PDP),81
https://www.lg.com/de/tvs-und-soundbars/oled-evo/oled77w69la/,Germany,제품 상세 (PDP),81
https://www.lg.com/de/tvs-und-soundbars/qned-evo/65qned93b6a/,Germany,제품 상세 (PDP),81
https://www.lg.com/de/tvs-und-soundbars/gallery-tv-with-frame/65lx7b6la/,Germany,제품 상세 (PDP),81
https://www.lg.com/de/tvs-und-soundbars/qned-evo/75qned93b6a/,Germany,제품 상세 (PDP),81
https://www.lg.com/de/tvs-und-soundbars/oled-evo/oled55c67la/,Germany,제품 상세 (PDP),81
https://www.lg.com/de/tvs-und-soundbars/mini-rgb-evo/50mrgb86b9a/,Germany,제품 상세 (PDP),81
https://www.lg.com/de/tvs-und-soundbars/gallery-tv-with-frame/55lx7b6la/,Germany,제품 상세 (PDP),81
https://www.lg.com/de/tvs-und-soundbars/qned/43qned71b6b/,Germany,제품 상세 (PDP),81
https://www.lg.com/de/tvs-und-soundbars/qned/65qned70b6c/,Germany,제품 상세 (PDP),81
https://www.lg.com/de/tvs-und-soundbars/qned/55qned70b6c/,Germany,제품 상세 (PDP),81
https://www.lg.com/de/tvs-und-soundbars/oled-evo/oled65c67la/,Germany,제품 상세 (PDP),81
https://www.lg.com/de/tvs-und-soundbars/qned/55qned71b6b/,Germany,제품 상세 (PDP),81
https://www.lg.com/de/tvs-und-soundbars/qned-evo/65qned82b6b/,Germany,제품 상세 (PDP),81
https://www.lg.com/de/support/produkt-hilfe/fehlerbehebung/help-library/cs-CT52000817-20155311503511/,Germany,Support - Troubleshoot,79
https://www.lg.com/de/support/produkt-hilfe/fehlerbehebung/help-library/cs-CT52000817-20155316493952/,Germany,Support - Troubleshoot,75
https://www.lg.com/de/support/produkt-hilfe/fehlerbehebung/help-library/cs-CT52000814-20150174547472/,Germany,Support - Troubleshoot,75
https://www.lg.com/de/support/produkt-hilfe/fehlerbehebung/help-library/cs-CT52000817-20155115715323/,Germany,Support - Troubleshoot,75
https://www.lg.com/de/support/produkt-hilfe/fehlerbehebung/help-library/cs-CT52000815-20155272221509,Germany,Support - Troubleshoot,79
https://www.lg.com/de/support/produkt-hilfe/fehlerbehebung/help-library/cs-CT52000817-20155021550233/,Germany,Support - Troubleshoot,75
https://www.lg.com/de/support/produkt-hilfe/fehlerbehebung/help-library/cs-CT52000815-20150147515764/,Germany,Support - Troubleshoot,75
https://www.lg.com/de/support/produkt-hilfe/fehlerbehebung/help-library/cs-CT52000815-20155255785293/,Germany,Support - Troubleshoot,79
https://www.lg.com/de/support/produkt-hilfe/fehlerbehebung/help-library/cs-CT52000819-20155140646426/,Germany,Support - Troubleshoot,79
https://www.lg.com/de/support/produkt-hilfe/fehlerbehebung/help-library/cs-CT52000817-20155311401179/,Germany,Support - Troubleshoot,79
https://www.lg.com/de/support/produkt-hilfe/fehlerbehebung/help-library/cs-CT52000815-20150201189039/,Germany,Support - Troubleshoot,75
https://www.lg.com/de/support/produkt-hilfe/fehlerbehebung/help-library/cs-CT52000814-20150157400878/,Germany,Support - Troubleshoot,75
https://www.lg.com/de/support/produkt-hilfe/fehlerbehebung/help-library/cs-CT52000817-20155181424434/,Germany,Support - Troubleshoot,79
https://www.lg.com/de/support/produkt-hilfe/fehlerbehebung/help-library/cs-CT52000815-20155297567656/,Germany,Support - Troubleshoot,79
https://www.lg.com/de/support/produkt-hilfe/fehlerbehebung/help-library/cs-CT52000815-20150105147433/,Germany,Support - Troubleshoot,75
https://www.lg.com/de/support/produkt-hilfe/fehlerbehebung/help-library/cs-CT52000815-20154978945901,Germany,Support - Troubleshoot,75
https://www.lg.com/de/support/produkt-hilfe/fehlerbehebung/help-library/cs-CT52000815-20155299038489/,Germany,Support - Troubleshoot,79
https://www.lg.com/de/support/produkt-hilfe/fehlerbehebung/help-library/cs-CT52000815-20155092733360/,Germany,Support - Troubleshoot,75
https://www.lg.com/de/support/produkt-hilfe/fehlerbehebung/help-library/cs-CT52000816-20155198565199/,Germany,Support - Troubleshoot,79
https://www.lg.com/de/support/produkt-hilfe/fehlerbehebung/help-library/cs-CT52000815-20153409126567,Germany,Support - Troubleshoot,75
https://www.lg.com/de/support/produkt-hilfe/fehlerbehebung/help-library/cs-CT52000814-20151261850160/,Germany,Support - Troubleshoot,75
https://www.lg.com/de/support/produkt-hilfe/fehlerbehebung/help-library/cs-CT52000816-20155183802650/,Germany,Support - Troubleshoot,79
https://www.lg.com/de/support/produkt-hilfe/fehlerbehebung/help-library/cs-CT52000815-20155102927381/,Germany,Support - Troubleshoot,75
https://www.lg.com/de/support/produkt-hilfe/fehlerbehebung/help-library/cs-CT00001737-20155199000059,Germany,Support - Troubleshoot,75
https://www.lg.com/de/support/produkt-hilfe/fehlerbehebung/help-library/cs-CT52000816-20155135968516/,Germany,Support - Troubleshoot,79
https://www.lg.com/de/support/produkt-hilfe/fehlerbehebung/help-library/cs-CT52000815-20155102791515,Germany,Support - Troubleshoot,75
https://www.lg.com/de/support/produkt-hilfe/fehlerbehebung/help-library/cs-CT52000815-20150137222427/,Germany,Support - Troubleshoot,75
https://www.lg.com/de/support/produkt-hilfe/fehlerbehebung/help-library/cs-CT52000815-20155101720734,Germany,Support - Troubleshoot,75
https://www.lg.com/de/support/produkt-hilfe/fehlerbehebung/help-library/cs-CT52000816-20155366418381,Germany,Support - Troubleshoot,79
https://www.lg.com/de/support/produkt-hilfe/fehlerbehebung/help-library/cs-CT52000815-20155263922148/,Germany,Support - Troubleshoot,75
https://www.lg.com/de/support/produkt-hilfe/fehlerbehebung/help-library/cs-CT52000814-20155381402636,Germany,Support - Troubleshoot,79
https://www.lg.com/de/support/produkt-hilfe/fehlerbehebung/help-library/cs-CT52000815-20155004250964/,Germany,Support - Troubleshoot,75
https://www.lg.com/de/support/produkt-hilfe/fehlerbehebung/help-library/cs-CT52000817-20155311242601/,Germany,Support - Troubleshoot,79
https://www.lg.com/de/support/produkt-hilfe/fehlerbehebung/help-library/cs-CT52000815-20155101720693,Germany,Support - Troubleshoot,75
https://www.lg.com/de/support/produkt-hilfe/fehlerbehebung/help-library/cs-CT52000814-20153065522023/,Germany,Support - Troubleshoot,75
https://www.lg.com/de/support/produkt-hilfe/fehlerbehebung/help-library/cs-CT52000815-20155102922548,Germany,Support - Troubleshoot,75
https://www.lg.com/de/support/produkt-hilfe/fehlerbehebung/help-library/cs-CT52000815-20154971230563/,Germany,Support - Troubleshoot,75
https://www.lg.com/de/support/produkt-hilfe/fehlerbehebung/help-library/cs-CT52000814-20154860393137/,Germany,Support - Troubleshoot,75
https://www.lg.com/de/support/produkt-hilfe/fehlerbehebung/help-library/cs-CT52000819-20155219496900/,Germany,Support - Troubleshoot,75
https://www.lg.com/de/support/produkt-hilfe/fehlerbehebung/help-library/cs-CT52000819-20155063961514/,Germany,Support - Troubleshoot,75
https://www.lg.com/de/support/produkt-hilfe/fehlerbehebung/help-library/cs-CT52000815-20155370303935/,Germany,Support - Troubleshoot,79
https://www.lg.com/de/support/produkt-hilfe/fehlerbehebung/help-library/cs-CT52000816-20155134071880/,Germany,Support - Troubleshoot,79
https://www.lg.com/de/support/produkt-hilfe/fehlerbehebung/help-library/cs-CT52000817-20155311294483/,Germany,Support - Troubleshoot,79
https://www.lg.com/de/support/produkt-hilfe/fehlerbehebung/help-library/cs-CT52000814-20150102847886/,Germany,Support - Troubleshoot,75
https://www.lg.com/de/support/produkt-hilfe/fehlerbehebung/help-library/cs-CT52000814-20155029348632,Germany,Support - Troubleshoot,75
https://www.lg.com/de/support/produkt-hilfe/fehlerbehebung/help-library/cs-CT52000815-20155255022260/,Germany,Support - Troubleshoot,79
https://www.lg.com/de/support/produkt-hilfe/fehlerbehebung/help-library/cs-CT52000817-20155268089057/,Germany,Support - Troubleshoot,79
https://www.lg.com/de/support/produkt-hilfe/fehlerbehebung/help-library/cs-CT52000814-20153065519131/,Germany,Support - Troubleshoot,75
https://www.lg.com/de/support/produkt-hilfe/fehlerbehebung/help-library/cs-CT52000816-20155130675501/,Germany,Support - Troubleshoot,75
https://www.lg.com/de/support/produkt-hilfe/fehlerbehebung/help-library/cs-CT52000814-20151261857597/,Germany,Support - Troubleshoot,75
https://www.lg.com/de/support/produkt-hilfe/fehlerbehebung/help-library/cs-CT52000815-20155295249270/,Germany,Support - Troubleshoot,75
https://www.lg.com/de/support/produkt-hilfe/fehlerbehebung/help-library/cs-CT52000815-20155102811681,Germany,Support - Troubleshoot,75
https://www.lg.com/de/support/produkt-hilfe/fehlerbehebung/help-library/cs-CT52000815-20155101725574/,Germany,Support - Troubleshoot,75
https://www.lg.com/de/support/produkt-hilfe/fehlerbehebung/help-library/cs-CT52000814-20153065510430/,Germany,Support - Troubleshoot,75
https://www.lg.com/de/support/produkt-hilfe/fehlerbehebung/help-library/cs-CT52000817-20155115806363/,Germany,Support - Troubleshoot,79
https://www.lg.com/de/support/produkt-hilfe/fehlerbehebung/help-library/cs-CT52000816-20155131946711/,Germany,Support - Troubleshoot,75
https://www.lg.com/de/support/produkt-hilfe/fehlerbehebung/help-library/cs-CT52000816-20155297251403/,Germany,Support - Troubleshoot,79
https://www.lg.com/de/support/produkt-hilfe/fehlerbehebung/help-library/cs-CT52000815-20155102979485,Germany,Support - Troubleshoot,75
https://www.lg.com/de/support/produkt-hilfe/fehlerbehebung/help-library/cs-CT52000815-20155065329163/,Germany,Support - Troubleshoot,75
https://www.lg.com/de/support/produkt-hilfe/fehlerbehebung/help-library/cs-CT52000816-20155134074488/,Germany,Support - Troubleshoot,79
https://www.lg.com/de/support/produkt-hilfe/fehlerbehebung/help-library/cs-CT52000815-20155102772942,Germany,Support - Troubleshoot,75
https://www.lg.com/de/support/produkt-hilfe/fehlerbehebung/help-library/cs-CT52000815-20155118240216,Germany,Support - Troubleshoot,79
https://www.lg.com/de/support/produkt-hilfe/fehlerbehebung/help-library/cs-CT52000817-20155311456065/,Germany,Support - Troubleshoot,79
https://www.lg.com/de/support/produkt-hilfe/fehlerbehebung/help-library/cs-CT52000815-1430816359587/,Germany,Support - Troubleshoot,75
https://www.lg.com/de/support/produkt-hilfe/fehlerbehebung/help-library/cs-CT52000814-20155412213745,Germany,Support - Troubleshoot,79
https://www.lg.com/de/support/produkt-hilfe/fehlerbehebung/help-library/cs-CT52000816-20155017812104/,Germany,Support - Troubleshoot,75
https://www.lg.com/de/support/produkt-hilfe/fehlerbehebung/help-library/cs-CT52000815-20150147513738/,Germany,Support - Troubleshoot,75
https://www.lg.com/de/support/produkt-hilfe/fehlerbehebung/help-library/cs-CT52000815-20150147510935/,Germany,Support - Troubleshoot,75
https://www.lg.com/de/support/produkt-hilfe/fehlerbehebung/help-library/cs-CT52000814-20153065524975/,Germany,Support - Troubleshoot,75
https://www.lg.com/de/support/produkt-hilfe/fehlerbehebung/help-library/cs-CT52000815-20150147510683/,Germany,Support - Troubleshoot,75
https://www.lg.com/de/support/produkt-hilfe/fehlerbehebung/help-library/cs-CT52000814-20153065516735/,Germany,Support - Troubleshoot,75
https://www.lg.com/de/support/produkt-hilfe/fehlerbehebung/help-library/cs-CT52000817-20155269110591/,Germany,Support - Troubleshoot,79
https://www.lg.com/de/support/produkt-hilfe/fehlerbehebung/help-library/cs-CT52000815-20155352256399/,Germany,Support - Troubleshoot,79
https://www.lg.com/de/support/produkt-hilfe/fehlerbehebung/help-library/cs-CT52000815-20155301955750/,Germany,Support - Troubleshoot,79
https://www.lg.com/de/support/produkt-hilfe/fehlerbehebung/help-library/cs-CT52000815-20155064031975/,Germany,Support - Troubleshoot,75
https://www.lg.com/de/support/produkt-hilfe/fehlerbehebung/help-library/cs-CT00001737-20155115898980,Germany,Support - Troubleshoot,75
https://www.lg.com/de/support/produkt-hilfe/fehlerbehebung/help-library/cs-CT52000817-20155412186301/,Germany,Support - Troubleshoot,79
https://www.lg.com/de/support/produkt-hilfe/fehlerbehebung/help-library/cs-CT52000814-20150157400242/,Germany,Support - Troubleshoot,75
https://www.lg.com/de/support/produkt-hilfe/fehlerbehebung/help-library/cs-CT52000816-20155131935380/,Germany,Support - Troubleshoot,75
https://www.lg.com/de/support/produkt-hilfe/fehlerbehebung/help-library/cs-CT52000816-20155130414521/,Germany,Support - Troubleshoot,75
https://www.lg.com/de/support/produkt-hilfe/fehlerbehebung/help-library/cs-CT52000816-20155198996316/,Germany,Support - Troubleshoot,79
https://www.lg.com/de/support/produkt-hilfe/fehlerbehebung/help-library/cs-CT52000815-20155209278182/,Germany,Support - Troubleshoot,79
https://www.lg.com/de/support/produkt-hilfe/fehlerbehebung/help-library/cs-CT52000814-20152428444741/,Germany,Support - Troubleshoot,75
https://www.lg.com/de/support/produkt-hilfe/fehlerbehebung/help-library/cs-CT52000815-20155128321001/,Germany,Support - Troubleshoot,75
https://www.lg.com/de/support/produkt-hilfe/fehlerbehebung/help-library/cs-CT52000815-20155101718707/,Germany,Support - Troubleshoot,75
https://www.lg.com/de/support/produkt-hilfe/fehlerbehebung/help-library/cs-CT52000815-20155263940448/,Germany,Support - Troubleshoot,75
https://www.lg.com/de/support/produkt-hilfe/fehlerbehebung/help-library/cs-CT52000815-20155103091985,Germany,Support - Troubleshoot,75
https://www.lg.com/de/support/produkt-hilfe/fehlerbehebung/help-library/cs-CT52000814-20153065521063/,Germany,Support - Troubleshoot,75
https://www.lg.com/de/support/produkt-hilfe/fehlerbehebung/help-library/cs-CT52000814-20155311277675,Germany,Support - Troubleshoot,79
https://www.lg.com/de/support/produkt-hilfe/fehlerbehebung/help-library/cs-CT52000817-20155268403673/,Germany,Support - Troubleshoot,79
https://www.lg.com/de/support/produkt-hilfe/fehlerbehebung/help-library/cs-CT52000815-20155102948603/,Germany,Support - Troubleshoot,75
https://www.lg.com/de/support/produkt-hilfe/fehlerbehebung/help-library/cs-CT52000814-20152536921606/,Germany,Support - Troubleshoot,75
https://www.lg.com/de/support/produkt-hilfe/fehlerbehebung/help-library/cs-CT52000815-20155048202463,Germany,Support - Troubleshoot,75
https://www.lg.com/de/support/produkt-hilfe/fehlerbehebung/help-library/cs-CT52000816-20155274466419/,Germany,Support - Troubleshoot,79
https://www.lg.com/de/support/produkt-hilfe/fehlerbehebung/help-library/cs-CT52000815-20155251416082/,Germany,Support - Troubleshoot,75
https://www.lg.com/de/support/produkt-hilfe/fehlerbehebung/help-library/cs-CT52000814-20155140878553,Germany,Support - Troubleshoot,79
https://www.lg.com/de/support/produkt-hilfe/fehlerbehebung/help-library/cs-CT52000815-20155102764864/,Germany,Support - Troubleshoot,75
https://www.lg.com/de/support/produkt-hilfe/fehlerbehebung/help-library/cs-CT52000814-20155265983057,Germany,Support - Troubleshoot,79
https://www.lg.com/de/support/produkt-hilfe/fehlerbehebung/help-library/cs-CT52000815-20155101655424/,Germany,Support - Troubleshoot,75
https://www.lg.com/de/support/produkt-hilfe/fehlerbehebung/help-library/cs-CT52000814-20152428450349/,Germany,Support - Troubleshoot,75
https://www.lg.com/de/lautsprecher/soundbars/eco-minded-soundbars/,Germany,Microsite,78
https://www.lg.com/de/lautsprecher/tonefreeapp/,Germany,Microsite,70
https://www.lg.com/de/audio/gaming-speaker/,Germany,Microsite,68
https://www.lg.com/de/magic-remote-tv/,Germany,Microsite,78
https://www.lg.com/de/lgxboom/meridian/,Germany,Microsite,78
https://www.lg.com/de/audio/tonefreeapp/,Germany,Microsite,74
https://www.lg.com/de/monitore/gaming/ultragear-event/,Germany,Microsite,70
https://www.lg.com/de/monitore/gaming/ultragear-esports/,Germany,Microsite,71
https://www.lg.com/de/monitore/magazin/Beamer-oder-Fernseher/,Germany,Microsite,74
https://www.lg.com/de/monitore/gaming/ultragear/,Germany,Microsite,75
https://www.lg.com/de/monitore/magazin/,Germany,Microsite,70
https://www.lg.com/de/monitore/magazin/Beamer-fuer-Praesentationen/,Germany,Microsite,78
https://www.lg.com/de/monitore/magazin/Beamer-Leinwand-selber-bauen/,Germany,Microsite,74
https://www.lg.com/de/monitore/gaming/ultragear-highlight/,Germany,Microsite,75
https://www.lg.com/de/monitore/gaming/ultragear/lol-event/,Germany,Microsite,70
https://www.lg.com/de/monitore/gaming/ultragear-brand-story/,Germany,Microsite,71
https://www.lg.com/de/monitore/magazin/monitorkauf/,Germany,Microsite,74
https://www.lg.com/de/monitore/magazin/dvd-laufwerk-reinigen/,Germany,Microsite,74
https://www.lg.com/de/monitore/magazin/monitor-fuer-bildbearbeitung/,Germany,Microsite,74
https://www.lg.com/de/monitore/magazin/mehrere-bildschirme-anschliessen/,Germany,Microsite,74
https://www.lg.com/de/monitore/magazin/dvd-laufwerk-wird-nicht-erkannt/,Germany,Microsite,70
https://www.lg.com/de/monitore/magazin/bildschirm-reinigen/,Germany,Microsite,74
https://www.lg.com/de/monitore/magazin/warum-curved/,Germany,Microsite,81
https://www.lg.com/de/monitore/magazin/musik-cd-brennen/,Germany,Microsite,78
https://www.lg.com/de/monitore/magazin/Beamer-reinigen/,Germany,Microsite,70
https://www.lg.com/de/monitore/magazin/ergonomie-am-arbeitsplatz/,Germany,Microsite,78
https://www.lg.com/de/monitore/magazin/lcd-ips-und-tft-monitor/,Germany,Microsite,78
https://www.lg.com/de/monitore/magazin/design-monitor/,Germany,Microsite,78
https://www.lg.com/de/monitore/magazin/monitor-anschluesse/,Germany,Microsite,78
https://www.lg.com/de/monitore/magazin/laptop-ohne-laufwerk/,Germany,Microsite,74
https://www.lg.com/de/monitore/magazin/monitor-kalibrieren/,Germany,Microsite,74
https://www.lg.com/de/monitore/magazin/profi-monitore/,Germany,Microsite,74
https://www.lg.com/de/monitore/magazin/beamer-aufloesung/,Germany,Microsite,81
https://www.lg.com/de/monitore/magazin/Heimkino-Beamer/,Germany,Microsite,81
https://www.lg.com/de/monitore/magazin/beamer-abstand/,Germany,Microsite,78
https://www.lg.com/de/monitore/magazin/bildschirm-flackert/,Germany,Microsite,70
https://www.lg.com/de/monitore/magazin/zerkratzte-cd-reparieren/,Germany,Microsite,78
https://www.lg.com/de/tv/2022/soundbar/,Germany,Microsite,71
https://www.lg.com/de/tv/nano-cell-tv/2021/design/,Germany,Microsite,68
https://www.lg.com/de/tv/lgoledflex/,Germany,Microsite,71
https://www.lg.com/de/tv/nano-cell-tv/2021/pure-color/,Germany,Microsite,75
https://www.lg.com/de/soundsuite/,Germany,Microsite,79
https://www.lg.com/de/tv/2023/entertainment/,Germany,Microsite,70
https://www.lg.com/de/tv/nano-cell-tv/2021/sport/,Germany,Microsite,64
https://www.lg.com/de/tv/2023/soundbar/,Germany,Microsite,74
https://www.lg.com/de/tv/20221/ott-dienste/,Germany,Microsite,75
https://www.lg.com/de/tv/nano-cell-tv/2021/ultra-large-screen/,Germany,Microsite,67
https://www.lg.com/de/tv/oled-tv/2021/cinema/,Germany,Microsite,70
https://www.lg.com/de/tv/nano-cell-tv/2021/gaming/,Germany,Microsite,64
https://www.lg.com/de/tv/nano-cell-tv/2021/cinema/,Germany,Microsite,71
https://www.lg.com/de/tv/2023/smart/,Germany,Microsite,71
https://www.lg.com/de/tv/20221/smart/,Germany,Microsite,71
https://www.lg.com/de/soundsuite/howtovideo-qna/,Germany,Microsite,82
https://www.lg.com/de/tv/oled-tv/2022/oled-warranty/,Germany,Microsite,74
https://www.lg.com/de/tv/oled-tv/2021/ultra-large-screen/,Germany,Microsite,71
https://www.lg.com/de/tv/oled-tv/oled-reliability/,Germany,Microsite,70
https://www.lg.com/de/tv/viewing-angle/,Germany,Microsite,67
https://www.lg.com/de/tv/oled-tv/2021/gaming/,Germany,Microsite,71
https://www.lg.com/de/tv/qned-tvs/2022/kinoerlebnis/,Germany,Microsite,64
https://www.lg.com/de/tv/qned-tvs/2022/modellvergleich/,Germany,Microsite,67
https://www.lg.com/de/tv/qned-tvs/2022/grossbildschirm/,Germany,Microsite,64
https://www.lg.com/de/tv/qned-tvs/2022/gaming/,Germany,Microsite,71
https://www.lg.com/de/tv/sport/,Germany,Microsite,63
https://www.lg.com/de/tvs-und-soundbars/2024/smart/gamingandlifestyle/,Germany,Microsite,71
https://www.lg.com/de/tvs-und-soundbars/2024/smart/,Germany,Microsite,63
https://www.lg.com/de/tvs-und-soundbars/2024/smart/homescreenandapps/,Germany,Microsite,71
https://www.lg.com/de/tvs-und-soundbars/2024/smart/lgchannels/,Germany,Microsite,71
https://www.lg.com/de/tvs-und-soundbars/2024/smart/highlights/,Germany,Microsite,78
https://www.lg.com/de/tvs-und-soundbars/2024/smart/webos/,Germany,Microsite,71
https://www.lg.com/de/tv/warum-oled/oled-lineup/,Germany,Microsite,70
https://www.lg.com/de/tv/oled-tv/2021/sport/,Germany,Microsite,70
https://www.lg.com/de/tv/oled-tv/2021/self-lit-pixels/,Germany,Microsite,71
https://www.lg.com/de/tv/oled-tv/2021/smart/,Germany,Microsite,78
https://www.lg.com/de/tvs-und-soundbars/ai-tv/,Germany,Microsite,71
https://www.lg.com/de/tvs-und-soundbars/appletvplus/,Germany,Microsite,74
https://www.lg.com/de/tvs-und-soundbars/nanocell/2021/design/,Germany,Microsite,68
https://www.lg.com/de/tvs-und-soundbars/nanocell/2021/cinema/,Germany,Microsite,71
https://www.lg.com/de/tvs-und-soundbars/nanocell/2021/pure-color/,Germany,Microsite,75
https://www.lg.com/de/tvs-und-soundbars/nanocell/2021/sport/,Germany,Microsite,71
https://www.lg.com/de/tvs-und-soundbars/nanocell/2021/ultra-large-screen/,Germany,Microsite,74
https://www.lg.com/de/tvs-und-soundbars/nanocell/2021/gaming/,Germany,Microsite,71
https://www.lg.com/de/ultragear-monitore/,Germany,Microsite,75
https://www.lg.com/de/ultrafine-monitore/,Germany,Microsite,74
https://www.lg.com/de/webos-smart-tv/lg-channels/,Germany,Microsite,71
https://www.lg.com/de/webos-smart-tv/highlights/,Germany,Microsite,78
https://www.lg.com/de/webos-smart-tv/homescreen-and-apps/,Germany,Microsite,71
https://www.lg.com/de/webos-smart-tv/gaming-and-lifestyle/,Germany,Microsite,71
https://www.lg.com/de/tvs-und-soundbars/why-true-wireless/,Germany,Microsite,75
https://www.lg.com/de/ultrawide-monitore/,Germany,Microsite,78
https://www.lg.com/de/webos-smart-tv/,Germany,Microsite,63
https://www.lg.com/de/webos-smart-tv/webos/,Germany,Microsite,71
https://www.lg.com/de/tvs-und-soundbars/why-qned-evo/,Germany,Microsite,79
https://www.lg.com/de/tvs-und-soundbars/why-lg-oled-evo/,Germany,Microsite,75
https://www.lg.com/de/lautsprecher/xboom/,Germany,제품 카테고리 (PLP),79
https://www.lg.com/de/lifestyle-tvs/stanbyme-go/,Germany,제품 카테고리 (PLP),75
https://www.lg.com/de/lautsprecher/xboom/xboombywilliam/,Germany,제품 카테고리 (PLP),79
https://www.lg.com/de/tvs-und-soundbars/grossbild-tvs/,Germany,제품 카테고리 (PLP),71
https://www.lg.com/de/tvs-und-soundbars/oled-evo/?ec_ft_07520361=42_-_48_Zoll,Germany,제품 카테고리 (PLP),83
https://www.lg.com/de/lautsprecher/bluetooth-lautsprecher/,Germany,제품 카테고리 (PLP),79
https://www.lg.com/de/tvs-und-soundbars/uhd-tvs/?ec_ft_07520361=42_-_48_Zoll,Germany,제품 카테고리 (PLP),86
https://www.lg.com/de/tvs-und-soundbars/alle-tvs-und-soundbars/?ec_ft_07520361=65_Zoll,Germany,제품 카테고리 (PLP),71
https://www.lg.com/de/soundsuite/alle-soundsuite/,Germany,제품 카테고리 (PLP),75
https://www.lg.com/de/tvs-und-soundbars/miniled/?ec_ft_07520361=50_Zoll,Germany,제품 카테고리 (PLP),75
https://www.lg.com/de/tvs-und-soundbars/lg-qned-evo-mini-led/,Germany,제품 카테고리 (PLP),76
https://www.lg.com/de/tvs-und-soundbars/nanocell/?ec_ft_07520361=55_Zoll,Germany,제품 카테고리 (PLP),82
https://www.lg.com/de/monitore/ultrafine-evo/,Germany,제품 카테고리 (PLP),75
https://www.lg.com/de/tvs-und-soundbars/nanocell/?ec_ft_07520361=42_-_48_Zoll,Germany,제품 카테고리 (PLP),82
https://www.lg.com/de/tvs-und-soundbars/miniled/?ec_ft_07520361=100_Zoll_und_größer,Germany,제품 카테고리 (PLP),75
https://www.lg.com/de/tvs-und-soundbars/qned-evo/?ec_ft_07520361=86_-_98_Zoll,Germany,제품 카테고리 (PLP),75
https://www.lg.com/de/monitore/tv-monitore/,Germany,제품 카테고리 (PLP),75
https://www.lg.com/de/monitore/discontinued/,Germany,제품 카테고리 (PLP),71
https://www.lg.com/de/tvs-und-soundbars/grossbild-tvs/?ec_ft_07520361=86_-_98_Zoll,Germany,제품 카테고리 (PLP),71
https://www.lg.com/de/tv/discontinued/,Germany,제품 카테고리 (PLP),71
https://www.lg.com/de/tvs-und-soundbars/signature-oled/?ec_ft_07520361=77_-_85_Zoll,Germany,제품 카테고리 (PLP),75
https://www.lg.com/de/tvs-und-soundbars/qned-evo/?ec_ft_07520361=55_Zoll,Germany,제품 카테고리 (PLP),75
https://www.lg.com/de/tvs-und-soundbars/led-tvs/,Germany,제품 카테고리 (PLP),71
https://www.lg.com/de/tvs-und-soundbars/smart-tvs/?ec_ft_07520361=32_Zoll_und_kleiner,Germany,제품 카테고리 (PLP),79
https://www.lg.com/de/monitore/intelligente-monitore/,Germany,제품 카테고리 (PLP),66
https://www.lg.com/de/tvs-und-soundbars/smart-tvs/?ec_ft_07520361=65_Zoll,Germany,제품 카테고리 (PLP),79
https://www.lg.com/de/tvs-und-soundbars/oled-art/,Germany,제품 카테고리 (PLP),66
https://www.lg.com/de/tvs-und-soundbars/tv-zubehoer/,Germany,제품 카테고리 (PLP),75
https://www.lg.com/de/tvs-und-soundbars/alle-tvs-und-soundbars/?ec_ft_07520361=55_Zoll,Germany,제품 카테고리 (PLP),71
https://www.lg.com/de/monitore/ultrawide/,Germany,제품 카테고리 (PLP),82
https://www.lg.com/de/tvs-und-soundbars/smart-tvs/?ec_ft_07520361=50_Zoll,Germany,제품 카테고리 (PLP),79
https://www.lg.com/de/monitore/,Germany,제품 카테고리 (PLP),66
https://www.lg.com/de/tvs-und-soundbars/smart-tvs/?ec_ft_07520361=70_-_75_Zoll,Germany,제품 카테고리 (PLP),79
https://www.lg.com/de/tvs-und-soundbars/tv-bundles/,Germany,제품 카테고리 (PLP),75
https://www.lg.com/de/monitore/monitor-bundles/,Germany,제품 카테고리 (PLP),71
https://www.lg.com/de/lifestyle-tvs/alle-lifestyle-tvs/,Germany,제품 카테고리 (PLP),75
https://www.lg.com/de/tvs-und-soundbars/uhd-tvs/?ec_ft_07520361=65_Zoll,Germany,제품 카테고리 (PLP),86
https://www.lg.com/de/tvs-und-soundbars/alle-tvs-und-soundbars/?ec_ft_07520361=70_-_75_Zoll,Germany,제품 카테고리 (PLP),71
https://www.lg.com/de/tvs-und-soundbars/smart-tvs/,Germany,제품 카테고리 (PLP),79
https://www.lg.com/de/tvs-und-soundbars/micro-rgb-evo/,Germany,제품 카테고리 (PLP),86
https://www.lg.com/de/tvs-und-soundbars/oled/?ec_ft_07520361=55_Zoll,Germany,제품 카테고리 (PLP),83
https://www.lg.com/de/tvs-und-soundbars/gallery-edition/,Germany,제품 카테고리 (PLP),68
https://www.lg.com/de/lautsprecher/alle-lautsprecher/,Germany,제품 카테고리 (PLP),82
https://www.lg.com/de/tvs-und-soundbars/qned-evo/?ec_ft_07520361=65_Zoll,Germany,제품 카테고리 (PLP),75
https://www.lg.com/de/tvs-und-soundbars/smart-tvs/?ec_ft_07520361=77_-_85_Zoll,Germany,제품 카테고리 (PLP),79
https://www.lg.com/de/tvs-und-soundbars/webos-for-entertainment/,Germany,제품 카테고리 (PLP),66
https://www.lg.com/de/monitore/lifestyle-monitor-swing/,Germany,제품 카테고리 (PLP),75
https://www.lg.com/de/tvs-und-soundbars/qned/?ec_ft_07520361=86_-_98_Zoll,Germany,제품 카테고리 (PLP),83
https://www.lg.com/de/tvs-und-soundbars/oled/?ec_ft_07520361=77_-_85_Zoll,Germany,제품 카테고리 (PLP),83
https://www.lg.com/de/monitore/professionelle-monitore/,Germany,제품 카테고리 (PLP),75
https://www.lg.com/de/tvs-und-soundbars/alle-tvs-und-soundbars/?ec_ft_07520361=32_Zoll_und_kleiner,Germany,제품 카테고리 (PLP),71
https://www.lg.com/de/tvs-und-soundbars/qned/?ec_ft_07520361=50_Zoll,Germany,제품 카테고리 (PLP),83
https://www.lg.com/de/tvs-und-soundbars/qned-evo/,Germany,제품 카테고리 (PLP),75
https://www.lg.com/de/tvs-und-soundbars/oled-evo/?ec_ft_07520361=86_-_98_Zoll,Germany,제품 카테고리 (PLP),83
https://www.lg.com/de/tvs-und-soundbars/signature-oled/,Germany,제품 카테고리 (PLP),75
https://www.lg.com/de/tvs-und-soundbars/grossbild-tvs/?ec_ft_07520361=70_-_75_Zoll,Germany,제품 카테고리 (PLP),71
https://www.lg.com/de/tvs-und-soundbars/plasma-tvs/,Germany,제품 카테고리 (PLP),71
https://www.lg.com/de/tvs-und-soundbars/qned/,Germany,제품 카테고리 (PLP),83
https://www.lg.com/de/tvs-und-soundbars/oled-evo/,Germany,제품 카테고리 (PLP),83
https://www.lg.com/de/tvs-und-soundbars/smart-tvs/?ec_ft_07520361=55_Zoll,Germany,제품 카테고리 (PLP),79
https://www.lg.com/de/lifestyle-tvs/,Germany,제품 카테고리 (PLP),71
https://www.lg.com/de/tvs-und-soundbars/smart-tvs/?ec_ft_07520361=42_-_48_Zoll,Germany,제품 카테고리 (PLP),79
https://www.lg.com/de/tvs-und-soundbars/alle-tvs-und-soundbars/?ec_ft_07520361=77_-_85_Zoll,Germany,제품 카테고리 (PLP),71
https://www.lg.com/de/tvs-und-soundbars/qned/?ec_ft_07520361=55_Zoll,Germany,제품 카테고리 (PLP),83
https://www.lg.com/de/tvs-und-soundbars/qned/?ec_ft_07520361=100_Zoll_und_größer,Germany,제품 카테고리 (PLP),83
https://www.lg.com/de/tvs-und-soundbars/true-wireless-tv/?ec_ft_07520361=77_-_85_Zoll,Germany,제품 카테고리 (PLP),75
https://www.lg.com/de/tvs-und-soundbars/nanocell/?ec_ft_07520361=70_-_75_Zoll,Germany,제품 카테고리 (PLP),82
https://www.lg.com/de/tvs-und-soundbars/miniled/?ec_ft_07520361=55_Zoll,Germany,제품 카테고리 (PLP),75
https://www.lg.com/de/tvs-und-soundbars/alle-tvs-und-soundbars/?ec_ft_07520361=50_Zoll,Germany,제품 카테고리 (PLP),71
https://www.lg.com/de/tvs-und-soundbars/alle-tvs-und-soundbars/?ec_ft_07520361=42_-_48_Zoll,Germany,제품 카테고리 (PLP),71
https://www.lg.com/de/tvs-und-soundbars/oled/?ec_ft_07520361=65_Zoll,Germany,제품 카테고리 (PLP),83
https://www.lg.com/de/tvs-und-soundbars/miniled/?ec_ft_07520361=70_-_75_Zoll,Germany,제품 카테고리 (PLP),75
https://www.lg.com/de/lautsprecher/,Germany,제품 카테고리 (PLP),71
https://www.lg.com/de/lautsprecher/xboom-go/,Germany,제품 카테고리 (PLP),75
https://www.lg.com/de/tvs-und-soundbars/qned/?ec_ft_07520361=65_Zoll,Germany,제품 카테고리 (PLP),83
https://www.lg.com/de/tvs-und-soundbars/miniled/,Germany,제품 카테고리 (PLP),75
https://www.lg.com/de/tvs-und-soundbars/qned-evo/?ec_ft_07520361=70_-_75_Zoll,Germany,제품 카테고리 (PLP),75
https://www.lg.com/de/tvs-und-soundbars/uhd-tvs/?ec_ft_07520361=70_-_75_Zoll,Germany,제품 카테고리 (PLP),86
https://www.lg.com/de/tvs-und-soundbars/oled-innovation/,Germany,제품 카테고리 (PLP),72
https://www.lg.com/de/tvs-und-soundbars/miniled/?ec_ft_07520361=65_Zoll,Germany,제품 카테고리 (PLP),75
https://www.lg.com/de/monitore/hyper-mini-led-ultragear-gaming-monitore/,Germany,제품 카테고리 (PLP),83
https://www.lg.com/de/tvs-und-soundbars/nanocell/?ec_ft_07520361=65_Zoll,Germany,제품 카테고리 (PLP),82
https://www.lg.com/de/monitore/alle-monitore/,Germany,제품 카테고리 (PLP),75
https://www.lg.com/de/monitore/ultragear-evo/,Germany,제품 카테고리 (PLP),86
https://www.lg.com/de/monitore/gaming/,Germany,제품 카테고리 (PLP),86
https://www.lg.com/de/tvs-und-soundbars/true-wireless-tv/?ec_ft_07520361=86_-_98_Zoll,Germany,제품 카테고리 (PLP),75
https://www.lg.com/de/tvs-und-soundbars/nanocell/?ec_ft_07520361=86_-_98_Zoll,Germany,제품 카테고리 (PLP),82
https://www.lg.com/de/tvs-und-soundbars/oled-evo/?ec_ft_07520361=65_Zoll,Germany,제품 카테고리 (PLP),83
https://www.lg.com/de/monitore/all-in-one/,Germany,제품 카테고리 (PLP),66
https://www.lg.com/de/tvs-und-soundbars/mini-rgb-evo/,Germany,제품 카테고리 (PLP),75
https://www.lg.com/de/lifestyle-tvs/objet-collection-pose/,Germany,제품 카테고리 (PLP),75
https://www.lg.com/de/lautsprecher/hi-fi-systeme/,Germany,제품 카테고리 (PLP),75
https://www.lg.com/de/tvs-und-soundbars/qned/?ec_ft_07520361=70_-_75_Zoll,Germany,제품 카테고리 (PLP),83
https://www.lg.com/de/monitore/fhd-qhd/,Germany,제품 카테고리 (PLP),75
https://www.lg.com/de/tvs-und-soundbars/qned-evo/?ec_ft_07520361=50_Zoll,Germany,제품 카테고리 (PLP),75
https://www.lg.com/de/tvs-und-soundbars/lg-oled-evo/,Germany,제품 카테고리 (PLP),76
https://www.lg.com/de/tvs-und-soundbars/oled/,Germany,제품 카테고리 (PLP),83
https://www.lg.com/de/tvs-und-soundbars/signature-oled/?ec_ft_07520361=86_-_98_Zoll,Germany,제품 카테고리 (PLP),75
https://www.lg.com/de/tvs-und-soundbars/alle-tvs-und-soundbars/,Germany,제품 카테고리 (PLP),71
https://www.lg.com/de/lifestyle-tvs/stanbyme/,Germany,제품 카테고리 (PLP),75
https://www.lg.com/es/soporte/soporte-producto/resolucion-problemas/help-library/cs-CT52002101-20155101726333/,Spain,Support - Troubleshoot,71
https://www.lg.com/es/soporte/soporte-producto/resolucion-problemas/help-library/cs-CT52002103-20155311401807/,Spain,Support - Troubleshoot,75
https://www.lg.com/es/soporte/soporte-producto/resolucion-problemas/help-library/cs-CT52002103-20155154189557/,Spain,Support - Troubleshoot,75
https://www.lg.com/es/soporte/soporte-producto/resolucion-problemas/help-library/cs-CT52002103-20155069777915/,Spain,Support - Troubleshoot,71
https://www.lg.com/es/soporte/soporte-producto/resolucion-problemas/help-library/cs-CT52002101-20155028312043,Spain,Support - Troubleshoot,71
https://www.lg.com/es/soporte/soporte-producto/resolucion-problemas/help-library/cs-CT52002101-20155102947848/,Spain,Support - Troubleshoot,71
https://www.lg.com/es/soporte/soporte-producto/resolucion-problemas/help-library/cs-CT52002103-20155268985936/,Spain,Support - Troubleshoot,75
https://www.lg.com/es/soporte/soporte-producto/resolucion-problemas/help-library/cs-CT52002101-20155048216831,Spain,Support - Troubleshoot,71
https://www.lg.com/es/soporte/soporte-producto/resolucion-problemas/help-library/cs-CT52002102-20155130415604/,Spain,Support - Troubleshoot,71
https://www.lg.com/es/soporte/soporte-producto/resolucion-problemas/help-library/cs-CT52002101-20155102608518/,Spain,Support - Troubleshoot,71
https://www.lg.com/es/soporte/soporte-producto/resolucion-problemas/help-library/cs-CT52002100-20155115739938/,Spain,Support - Troubleshoot,75
https://www.lg.com/es/soporte/soporte-producto/resolucion-problemas/help-library/cs-CT52002101-20155333892227/,Spain,Support - Troubleshoot,71
https://www.lg.com/es/soporte/soporte-producto/resolucion-problemas/help-library/cs-CT40007081-20155219498771,Spain,Support - Troubleshoot,71
https://www.lg.com/es/soporte/soporte-producto/resolucion-problemas/help-library/cs-CT52002101-20155177652066/,Spain,Support - Troubleshoot,75
https://www.lg.com/es/soporte/soporte-producto/resolucion-problemas/help-library/cs-CT52002103-20155311457130/,Spain,Support - Troubleshoot,75
https://www.lg.com/es/soporte/soporte-producto/resolucion-problemas/help-library/cs-CT52002103-20155331401064/,Spain,Support - Troubleshoot,75
https://www.lg.com/es/soporte/soporte-producto/resolucion-problemas/help-library/cs-CT52002101-20155102819508/,Spain,Support - Troubleshoot,71
https://www.lg.com/es/soporte/soporte-producto/resolucion-problemas/help-library/cs-CT52002101-20155102824121/,Spain,Support - Troubleshoot,71
https://www.lg.com/es/soporte/soporte-producto/resolucion-problemas/help-library/cs-CT52002101-20155255023307,Spain,Support - Troubleshoot,75
https://www.lg.com/es/soporte/soporte-producto/resolucion-problemas/help-library/cs-CT52002101-20155101726477,Spain,Support - Troubleshoot,71
https://www.lg.com/es/soporte/soporte-producto/resolucion-problemas/help-library/cs-CT52002101-20155386343357,Spain,Support - Troubleshoot,75
https://www.lg.com/es/soporte/soporte-producto/resolucion-problemas/help-library/cs-CT52002103-20155379626120/,Spain,Support - Troubleshoot,75
https://www.lg.com/es/soporte/soporte-producto/resolucion-problemas/help-library/cs-CT52002101-20155101707717/,Spain,Support - Troubleshoot,71
https://www.lg.com/es/soporte/soporte-producto/resolucion-problemas/help-library/cs-CT52002103-20155051175889/,Spain,Support - Troubleshoot,71
https://www.lg.com/es/soporte/soporte-producto/resolucion-problemas/help-library/cs-CT52002101-20155101720104/,Spain,Support - Troubleshoot,71
https://www.lg.com/es/soporte/soporte-producto/resolucion-problemas/help-library/cs-CT52002101-20155263923019,Spain,Support - Troubleshoot,71
https://www.lg.com/es/soporte/soporte-producto/resolucion-problemas/help-library/cs-CT52002101-20155102931384,Spain,Support - Troubleshoot,71
https://www.lg.com/es/soporte/soporte-producto/resolucion-problemas/help-library/cs-CT52002100-20155379605712,Spain,Support - Troubleshoot,75
https://www.lg.com/es/soporte/soporte-producto/resolucion-problemas/help-library/cs-CT52002101-20155128321670,Spain,Support - Troubleshoot,71
https://www.lg.com/es/soporte/soporte-producto/resolucion-problemas/help-library/cs-CT52002101-20155092734238/,Spain,Support - Troubleshoot,71
https://www.lg.com/es/soporte/soporte-producto/resolucion-problemas/help-library/cs-CT52002101-20155102922975,Spain,Support - Troubleshoot,71
https://www.lg.com/es/soporte/soporte-producto/resolucion-problemas/help-library/cs-CT52002101-20155348058270,Spain,Support - Troubleshoot,75
https://www.lg.com/es/soporte/soporte-producto/resolucion-problemas/help-library/cs-CT52002101-20155114216041,Spain,Support - Troubleshoot,71
https://www.lg.com/es/soporte/soporte-producto/resolucion-problemas/help-library/cs-CT52002100-20154381244316/,Spain,Support - Troubleshoot,71
https://www.lg.com/es/soporte/soporte-producto/resolucion-problemas/help-library/cs-CT52002103-20155311243479/,Spain,Support - Troubleshoot,75
https://www.lg.com/es/soporte/soporte-producto/resolucion-problemas/help-library/cs-CT52002101-20155102765478,Spain,Support - Troubleshoot,71
https://www.lg.com/es/soporte/soporte-producto/resolucion-problemas/help-library/cs-CT52002101-20154982201268/,Spain,Support - Troubleshoot,71
https://www.lg.com/es/soporte/soporte-producto/resolucion-problemas/help-library/cs-CT52002103-20155179477232/,Spain,Support - Troubleshoot,71
https://www.lg.com/es/soporte/soporte-producto/resolucion-problemas/help-library/cs-CT40007085-20155115748210,Spain,Support - Troubleshoot,71
https://www.lg.com/es/soporte/soporte-producto/resolucion-problemas/help-library/cs-CT52002101-20155102797396,Spain,Support - Troubleshoot,71
https://www.lg.com/es/soporte/soporte-producto/resolucion-problemas/help-library/cs-CT52002101-20155272222268/,Spain,Support - Troubleshoot,75
https://www.lg.com/es/soporte/soporte-producto/resolucion-problemas/help-library/cs-CT52002103-20155311295298/,Spain,Support - Troubleshoot,79
https://www.lg.com/es/soporte/soporte-producto/resolucion-problemas/help-library/cs-CT40007081-20155140647481,Spain,Support - Troubleshoot,75
https://www.lg.com/es/soporte/soporte-producto/resolucion-problemas/help-library/cs-CT52002103-20155410113728/,Spain,Support - Troubleshoot,75
https://www.lg.com/es/soporte/soporte-producto/resolucion-problemas/help-library/cs-CT52002101-20155102808242/,Spain,Support - Troubleshoot,71
https://www.lg.com/es/soporte/soporte-producto/resolucion-problemas/help-library/cs-CT52002103-20155269114318/,Spain,Support - Troubleshoot,75
https://www.lg.com/es/soporte/soporte-producto/resolucion-problemas/help-library/cs-CT52002101-20155265317370/,Spain,Support - Troubleshoot,71
https://www.lg.com/es/soporte/soporte-producto/resolucion-problemas/help-library/cs-CT52002103-20155006103795/,Spain,Support - Troubleshoot,71
https://www.lg.com/es/soporte/soporte-producto/resolucion-problemas/help-library/cs-CT52002101-20155101715187,Spain,Support - Troubleshoot,71
https://www.lg.com/es/soporte/soporte-producto/resolucion-problemas/help-library/cs-CT52002100-20155115807593/,Spain,Support - Troubleshoot,75
https://www.lg.com/es/soporte/soporte-producto/resolucion-problemas/help-library/cs-CT40007085-20155060986050,Spain,Support - Troubleshoot,71
https://www.lg.com/es/soporte/soporte-producto/resolucion-problemas/help-library/cs-CT52002101-20155028329669/,Spain,Support - Troubleshoot,71
https://www.lg.com/es/soporte/soporte-producto/resolucion-problemas/help-library/cs-CT52002101-20155105955231,Spain,Support - Troubleshoot,71
https://www.lg.com/es/soporte/soporte-producto/resolucion-problemas/help-library/cs-CT52002101-20155118240500/,Spain,Support - Troubleshoot,75
https://www.lg.com/es/soporte/soporte-producto/resolucion-problemas/help-library/cs-CT52002102-20155062098574/,Spain,Support - Troubleshoot,71
https://www.lg.com/es/soporte/soporte-producto/resolucion-problemas/help-library/cs-CT52002101-20155027834967/,Spain,Support - Troubleshoot,71
https://www.lg.com/es/soporte/soporte-producto/resolucion-problemas/help-library/cs-CT52002101-20155101721266/,Spain,Support - Troubleshoot,71
https://www.lg.com/es/soporte/soporte-producto/resolucion-problemas/help-library/cs-CT52002101-20155004251621/,Spain,Support - Troubleshoot,71
https://www.lg.com/es/soporte/soporte-producto/resolucion-problemas/help-library/cs-CT52002101-20155209278692/,Spain,Support - Troubleshoot,75
https://www.lg.com/es/soporte/soporte-producto/resolucion-problemas/help-library/cs-CT52002102-20155048191316/,Spain,Support - Troubleshoot,71
https://www.lg.com/es/soporte/soporte-producto/resolucion-problemas/help-library/cs-CT52002102-20155363587338/,Spain,Support - Troubleshoot,71
https://www.lg.com/es/soporte/soporte-producto/resolucion-problemas/help-library/cs-CT52002102-20155128299983/,Spain,Support - Troubleshoot,71
https://www.lg.com/es/soporte/soporte-producto/resolucion-problemas/help-library/cs-CT52002103-20155113405703/,Spain,Support - Troubleshoot,71
https://www.lg.com/es/soporte/soporte-producto/resolucion-problemas/help-library/cs-CT52002101-20155065329521,Spain,Support - Troubleshoot,71
https://www.lg.com/es/soporte/soporte-producto/resolucion-problemas/help-library/cs-CT52002101-20155102949676/,Spain,Support - Troubleshoot,71
https://www.lg.com/es/soporte/soporte-producto/resolucion-problemas/help-library/cs-CT52002102-20155342660842/,Spain,Support - Troubleshoot,75
https://www.lg.com/es/soporte/soporte-producto/resolucion-problemas/help-library/cs-CT52002100-20154996615125,Spain,Support - Troubleshoot,71
https://www.lg.com/es/soporte/soporte-producto/resolucion-problemas/help-library/cs-CT52002102-20155134074983/,Spain,Support - Troubleshoot,75
https://www.lg.com/es/soporte/soporte-producto/resolucion-problemas/help-library/cs-CT52002101-20155102832257/,Spain,Support - Troubleshoot,71
https://www.lg.com/es/soporte/soporte-producto/resolucion-problemas/help-library/cs-CT40007085-20155199003634,Spain,Support - Troubleshoot,71
https://www.lg.com/es/soporte/soporte-producto/resolucion-problemas/help-library/cs-CT52002101-20155272209597/,Spain,Support - Troubleshoot,75
https://www.lg.com/es/soporte/soporte-producto/resolucion-problemas/help-library/cs-CT52002101-20155027804623,Spain,Support - Troubleshoot,71
https://www.lg.com/es/soporte/soporte-producto/resolucion-problemas/help-library/cs-CT52002100-20155311278230/,Spain,Support - Troubleshoot,75
https://www.lg.com/es/soporte/soporte-producto/resolucion-problemas/help-library/cs-CT52002103-20155410403835/,Spain,Support - Troubleshoot,75
https://www.lg.com/es/soporte/soporte-producto/resolucion-problemas/help-library/cs-CT52002100-20155019527212,Spain,Support - Troubleshoot,71
https://www.lg.com/es/soporte/soporte-producto/resolucion-problemas/help-library/cs-CT52002103-20155115716443/,Spain,Support - Troubleshoot,71
https://www.lg.com/es/soporte/soporte-producto/resolucion-problemas/help-library/cs-CT52002100-20155105900350/,Spain,Support - Troubleshoot,75
https://www.lg.com/es/soporte/soporte-producto/resolucion-problemas/help-library/cs-CT52002103-20155014963972/,Spain,Support - Troubleshoot,71
https://www.lg.com/es/soporte/soporte-producto/resolucion-problemas/help-library/cs-CT52002102-20155135969436/,Spain,Support - Troubleshoot,75
https://www.lg.com/es/soporte/soporte-producto/resolucion-problemas/help-library/cs-CT52002101-20155028333244/,Spain,Support - Troubleshoot,71
https://www.lg.com/es/soporte/soporte-producto/resolucion-problemas/help-library/cs-CT52002101-20155069425017,Spain,Support - Troubleshoot,71
https://www.lg.com/es/soporte/soporte-producto/resolucion-problemas/help-library/cs-CT52002103-20155113390255/,Spain,Support - Troubleshoot,71
https://www.lg.com/es/soporte/soporte-producto/resolucion-problemas/help-library/cs-CT52002103-20155047765836/,Spain,Support - Troubleshoot,71
https://www.lg.com/es/soporte/soporte-producto/resolucion-problemas/help-library/cs-CT52002101-20155130218439,Spain,Support - Troubleshoot,75
https://www.lg.com/es/soporte/soporte-producto/resolucion-problemas/help-library/cs-CT52002101-20155295250207/,Spain,Support - Troubleshoot,71
https://www.lg.com/es/soporte/soporte-producto/resolucion-problemas/help-library/cs-CT52002101-20155299532059/,Spain,Support - Troubleshoot,75
https://www.lg.com/es/soporte/soporte-producto/resolucion-problemas/help-library/cs-CT52002103-20155114288530/,Spain,Support - Troubleshoot,71
https://www.lg.com/es/soporte/soporte-producto/resolucion-problemas/help-library/cs-CT52002103-20155410027030/,Spain,Support - Troubleshoot,75
https://www.lg.com/es/soporte/soporte-producto/resolucion-problemas/help-library/cs-CT52002101-20154978946659/,Spain,Support - Troubleshoot,71
https://www.lg.com/es/soporte/soporte-producto/resolucion-problemas/help-library/cs-CT52002101-20155103113531/,Spain,Support - Troubleshoot,71
https://www.lg.com/es/soporte/soporte-producto/resolucion-problemas/help-library/cs-CT52002101-20155027708038/,Spain,Support - Troubleshoot,71
https://www.lg.com/es/soporte/soporte-producto/resolucion-problemas/help-library/cs-CT52002101-20155101730118/,Spain,Support - Troubleshoot,71
https://www.lg.com/es/soporte/soporte-producto/resolucion-problemas/help-library/cs-CT52002103-20155021166876/,Spain,Support - Troubleshoot,71
https://www.lg.com/es/soporte/soporte-producto/resolucion-problemas/help-library/cs-CT52002101-20155102979965,Spain,Support - Troubleshoot,71
https://www.lg.com/es/soporte/soporte-producto/resolucion-problemas/help-library/cs-CT52002101-20155102978451/,Spain,Support - Troubleshoot,71
https://www.lg.com/es/soporte/soporte-producto/resolucion-problemas/help-library/cs-CT52002102-20155366419714/,Spain,Support - Troubleshoot,75
https://www.lg.com/es/soporte/soporte-producto/resolucion-problemas/help-library/cs-CT52002101-20155101719304/,Spain,Support - Troubleshoot,71
https://www.lg.com/es/soporte/soporte-producto/resolucion-problemas/help-library/cs-CT52002100-20155105899924/,Spain,Support - Troubleshoot,75
https://www.lg.com/es/soporte/soporte-producto/resolucion-problemas/help-library/cs-CT40007085-20155060986279,Spain,Support - Troubleshoot,71
https://www.lg.com/es/soporte/soporte-producto/resolucion-problemas/help-library/cs-CT52002101-20155102836087,Spain,Support - Troubleshoot,71
https://www.lg.com/in/support/product-support/troubleshoot/help-library/cs-CT52006584-20150507117357/,India,Support - Troubleshoot,79
https://www.lg.com/in/support/product-support/troubleshoot/help-library/cs-CT52006627-20155102820321,India,Support - Troubleshoot,82
https://www.lg.com/in/support/product-support/troubleshoot/help-library/cs-CT52006833-20155363589704/,India,Support - Troubleshoot,77
https://www.lg.com/in/support/product-support/troubleshoot/help-library/cs-CT52006833-20155117728312/,India,Support - Troubleshoot,82
https://www.lg.com/in/support/product-support/troubleshoot/help-library/cs-CT52006833-20155134073059/,India,Support - Troubleshoot,89
https://www.lg.com/in/support/product-support/troubleshoot/help-library/cs-CT52006627-20154982201813,India,Support - Troubleshoot,82
https://www.lg.com/in/support/product-support/troubleshoot/help-library/cs-CT52006584-1429188161269/,India,Support - Troubleshoot,83
https://www.lg.com/in/support/product-support/troubleshoot/help-library/cs-CT52006584-20155377717529,India,Support - Troubleshoot,68
https://www.lg.com/in/support/product-support/troubleshoot/help-library/cs-CT52006899-20155311261293/,India,Support - Troubleshoot,86
https://www.lg.com/in/support/product-support/troubleshoot/help-library/cs-CT40018301-20153186700733/,India,Support - Troubleshoot,79
https://www.lg.com/in/support/product-support/troubleshoot/help-library/cs-CT52006627-20155130219031,India,Support - Troubleshoot,86
https://www.lg.com/in/support/product-support/troubleshoot/help-library/cs-CT52006776-20155113390636/,India,Support - Troubleshoot,82
https://www.lg.com/in/support/product-support/troubleshoot/help-library/cs-CT40018301-20150117260489/,India,Support - Troubleshoot,79
https://www.lg.com/in/support/product-support/troubleshoot/help-library/cs-CT52006584-20154992569633,India,Support - Troubleshoot,82
https://www.lg.com/in/support/product-support/troubleshoot/help-library/cs-CT52006899-20155333774046,India,Support - Troubleshoot,82
https://www.lg.com/in/support/product-support/troubleshoot/help-library/cs-CT40018301-20153187900122/,India,Support - Troubleshoot,79
https://www.lg.com/in/support/product-support/troubleshoot/help-library/cs-CT52006627-20155379385256,India,Support - Troubleshoot,86
https://www.lg.com/in/support/product-support/troubleshoot/help-library/cs-CT52006584-20155062563191,India,Support - Troubleshoot,86
https://www.lg.com/in/support/product-support/troubleshoot/help-library/cs-CT52006627-20155048203592,India,Support - Troubleshoot,82
https://www.lg.com/in/support/product-support/troubleshoot/help-library/cs-CT00022939-20155198996793,India,Support - Troubleshoot,86
https://www.lg.com/in/support/product-support/troubleshoot/help-library/cs-CT52006584-1437135715125/,India,Support - Troubleshoot,76
https://www.lg.com/in/support/product-support/troubleshoot/help-library/cs-CT52006627-20155101721858,India,Support - Troubleshoot,82
https://www.lg.com/in/support/product-support/troubleshoot/help-library/cs-CT52006899-20155311458315,India,Support - Troubleshoot,86
https://www.lg.com/in/support/product-support/troubleshoot/help-library/cs-CT00022939-20155115748926,India,Support - Troubleshoot,86
https://www.lg.com/in/support/product-support/troubleshoot/help-library/cs-CT52006584-20150117260489/,India,Support - Troubleshoot,79
https://www.lg.com/in/support/product-support/troubleshoot/help-library/cs-CT52006899-20155311505799,India,Support - Troubleshoot,83
https://www.lg.com/in/support/product-support/troubleshoot/help-library/cs-CT40018301-20153229225223/,India,Support - Troubleshoot,86
https://www.lg.com/in/support/product-support/troubleshoot/help-library/cs-CT52006627-20155102936765,India,Support - Troubleshoot,82
https://www.lg.com/in/support/product-support/troubleshoot/help-library/cs-CT52006627-20155101722647,India,Support - Troubleshoot,82
https://www.lg.com/in/support/product-support/troubleshoot/help-library/cs-CT52006627-20155101715657,India,Support - Troubleshoot,82
https://www.lg.com/in/support/product-support/troubleshoot/help-library/cs-CT52006627-20155101730877,India,Support - Troubleshoot,82
https://www.lg.com/in/support/product-support/troubleshoot/help-library/cs-CT40018301-20153192700829/,India,Support - Troubleshoot,83
https://www.lg.com/in/support/product-support/troubleshoot/help-library/cs-CT52006899-20155311296371,India,Support - Troubleshoot,86
https://www.lg.com/in/support/product-support/troubleshoot/help-library/cs-CT52006627-20155255024186,India,Support - Troubleshoot,86
https://www.lg.com/in/support/product-support/troubleshoot/help-library/cs-CT52006627-20155200207794,India,Support - Troubleshoot,86
https://www.lg.com/in/support/product-support/troubleshoot/help-library/cs-CT52006627-20155380010857,India,Support - Troubleshoot,82
https://www.lg.com/in/support/product-support/troubleshoot/help-library/cs-CT52006833-20155130677351/,India,Support - Troubleshoot,82
https://www.lg.com/in/support/product-support/troubleshoot/help-library/cs-CT52006627-20155105955615,India,Support - Troubleshoot,86
https://www.lg.com/in/support/product-support/troubleshoot/help-library/cs-CT52006584-20155130446081,India,Support - Troubleshoot,68
https://www.lg.com/in/support/product-support/troubleshoot/help-library/cs-CT52006776-20155269118497/,India,Support - Troubleshoot,86
https://www.lg.com/in/support/product-support/troubleshoot/help-library/cs-CT00022939-20155062099006,India,Support - Troubleshoot,82
https://www.lg.com/in/support/product-support/troubleshoot/help-library/cs-CT52006833-20155274468007/,India,Support - Troubleshoot,86
https://www.lg.com/in/support/product-support/troubleshoot/help-library/cs-CT52006627-20155265318308,India,Support - Troubleshoot,83
https://www.lg.com/in/support/product-support/troubleshoot/help-library/cs-CT52006627-20154971200006,India,Support - Troubleshoot,82
https://www.lg.com/in/support/product-support/troubleshoot/help-library/cs-CT52006833-20155131947665/,India,Support - Troubleshoot,86
https://www.lg.com/in/support/product-support/troubleshoot/help-library/cs-CT40018301-20151536754540/,India,Support - Troubleshoot,79
https://www.lg.com/in/support/product-support/troubleshoot/help-library/cs-CT52006627-20155102931601,India,Support - Troubleshoot,82
https://www.lg.com/in/support/product-support/troubleshoot/help-library/cs-CT52006627-20155348058952,India,Support - Troubleshoot,86
https://www.lg.com/in/support/product-support/troubleshoot/help-library/cs-CT52006776-20155410294035,India,Support - Troubleshoot,86
https://www.lg.com/in/support/product-support/troubleshoot/help-library/cs-CT52006627-20155102808922,India,Support - Troubleshoot,82
https://www.lg.com/in/support/product-support/troubleshoot/help-library/cs-CT52006627-20155102797930,India,Support - Troubleshoot,82
https://www.lg.com/in/support/product-support/troubleshoot/help-library/cs-CT00025179-20151536754540/,India,Support - Troubleshoot,79
https://www.lg.com/in/support/product-support/troubleshoot/help-library/cs-CT52006899-20155316498464,India,Support - Troubleshoot,82
https://www.lg.com/in/support/product-support/troubleshoot/help-library/cs-CT52006627-20155209279241,India,Support - Troubleshoot,89
https://www.lg.com/in/support/product-support/troubleshoot/help-library/cs-CT52006584-1436490922734OLT/,India,Support - Troubleshoot,83
https://www.lg.com/in/support/product-support/troubleshoot/help-library/cs-CT52006833-20155017813122/,India,Support - Troubleshoot,82
https://www.lg.com/in/support/product-support/troubleshoot/help-library/cs-CT52006833-20155130416284/,India,Support - Troubleshoot,82
https://www.lg.com/in/support/product-support/troubleshoot/help-library/cs-CT52006627-20155370306128,India,Support - Troubleshoot,86
https://www.lg.com/in/support/product-support/troubleshoot/help-library/cs-CT52006776-20155115717294/,India,Support - Troubleshoot,82
https://www.lg.com/in/support/product-support/troubleshoot/help-library/cs-CT52006627-20155103094167,India,Support - Troubleshoot,82
https://www.lg.com/in/support/product-support/troubleshoot/help-library/cs-CT52006899-20155383938195/,India,Support - Troubleshoot,86
https://www.lg.com/in/support/product-support/troubleshoot/help-library/cs-CT52006833-20155060986494/,India,Support - Troubleshoot,82
https://www.lg.com/in/support/product-support/troubleshoot/help-library/cs-CT52006833-20155297253247/,India,Support - Troubleshoot,86
https://www.lg.com/in/support/product-support/troubleshoot/help-library/cs-CT52006584-1437135715125OLT/,India,Support - Troubleshoot,76
https://www.lg.com/in/support/product-support/troubleshoot/help-library/cs-CT52006899-20155311278876,India,Support - Troubleshoot,83
https://www.lg.com/in/support/product-support/troubleshoot/help-library/cs-CT52006776-20155051176484/,India,Support - Troubleshoot,82
https://www.lg.com/in/support/product-support/troubleshoot/help-library/cs-CT52006776-20155014964360/,India,Support - Troubleshoot,86
https://www.lg.com/in/support/product-support/troubleshoot/help-library/cs-CT52006627-20154971232020,India,Support - Troubleshoot,82
https://www.lg.com/in/support/product-support/troubleshoot/help-library/cs-CT52006584-20150256984097LST/,India,Support - Troubleshoot,69
https://www.lg.com/in/support/product-support/troubleshoot/help-library/cs-CT52006627-20155333893298,India,Support - Troubleshoot,82
https://www.lg.com/in/support/product-support/troubleshoot/help-library/cs-CT52006833-20155134075403/,India,Support - Troubleshoot,89
https://www.lg.com/in/support/product-support/troubleshoot/help-library/cs-CT40018301-20153185261152/,India,Support - Troubleshoot,83
https://www.lg.com/in/support/product-support/troubleshoot/help-library/cs-CT52006627-20155299039179,India,Support - Troubleshoot,86
https://www.lg.com/in/support/product-support/troubleshoot/help-library/cs-CT52006776-20155069778253/,India,Support - Troubleshoot,82
https://www.lg.com/in/support/product-support/troubleshoot/help-library/cs-CT52006627-20155101721986,India,Support - Troubleshoot,82
https://www.lg.com/in/support/product-support/troubleshoot/help-library/cs-CT52006627-20155027708334,India,Support - Troubleshoot,86
https://www.lg.com/in/support/product-support/troubleshoot/help-library/cs-CT52006627-20155102808653,India,Support - Troubleshoot,82
https://www.lg.com/in/support/product-support/troubleshoot/help-library/cs-CT52006584-1436490922734/,India,Support - Troubleshoot,83
https://www.lg.com/in/support/product-support/troubleshoot/help-library/cs-CT52006584-20150206755800/,India,Support - Troubleshoot,79
https://www.lg.com/in/support/product-support/troubleshoot/help-library/cs-CT52006627-20155105992962,India,Support - Troubleshoot,82
https://www.lg.com/in/support/product-support/troubleshoot/help-library/cs-CT52006833-20155366420868/,India,Support - Troubleshoot,86
https://www.lg.com/in/support/product-support/troubleshoot/help-library/cs-CT52006627-20153082659673,India,Support - Troubleshoot,82
https://www.lg.com/in/support/product-support/troubleshoot/help-library/cs-CT52006833-20155048195826/,India,Support - Troubleshoot,82
https://www.lg.com/in/support/product-support/troubleshoot/help-library/cs-CT52006627-20155102978994,India,Support - Troubleshoot,82
https://www.lg.com/in/support/product-support/troubleshoot/help-library/cs-CT52006776-20155268090349/,India,Support - Troubleshoot,86
https://www.lg.com/in/support/product-support/troubleshoot/help-library/cs-CT52006833-20155412574926/,India,Support - Troubleshoot,82
https://www.lg.com/in/support/product-support/troubleshoot/help-library/cs-CT52006627-20155102942058,India,Support - Troubleshoot,82
https://www.lg.com/in/support/product-support/troubleshoot/help-library/cs-CT40018301-20153185276952/,India,Support - Troubleshoot,83
https://www.lg.com/in/support/product-support/troubleshoot/help-library/cs-CT40018301-20153183528021/,India,Support - Troubleshoot,79
https://www.lg.com/in/support/product-support/troubleshoot/help-library/cs-CT52006833-20155304387021/,India,Support - Troubleshoot,86
https://www.lg.com/in/support/product-support/troubleshoot/help-library/cs-CT52006584-20150445856134/,India,Support - Troubleshoot,79
https://www.lg.com/in/support/product-support/troubleshoot/help-library/cs-CT52006627-20155368583992,India,Support - Troubleshoot,83
https://www.lg.com/in/support/product-support/troubleshoot/help-library/cs-CT52006833-20155198566855/,India,Support - Troubleshoot,86
https://www.lg.com/in/support/product-support/troubleshoot/help-library/cs-CT52006627-20155028312505,India,Support - Troubleshoot,86
https://www.lg.com/in/support/product-support/troubleshoot/help-library/cs-CT52006584-20155105900811,India,Support - Troubleshoot,86
https://www.lg.com/in/support/product-support/troubleshoot/help-library/cs-CT52006899-20155143217755,India,Support - Troubleshoot,86
https://www.lg.com/in/support/product-support/troubleshoot/help-library/cs-CT40018301-20153240804599/,India,Support - Troubleshoot,83
https://www.lg.com/in/support/product-support/troubleshoot/help-library/cs-CT52006899-20155410114123/,India,Support - Troubleshoot,86
https://www.lg.com/in/support/product-support/troubleshoot/help-library/cs-CT52006627-20155102832958,India,Support - Troubleshoot,82
https://www.lg.com/in/support/product-support/troubleshoot/help-library/cs-CT52006584-20150256984097/,India,Support - Troubleshoot,79
https://www.lg.com/mx/tv-soundbars/smart-tvs/32lb660bpsb/,Mexico,제품 상세 (PDP),81
https://www.lg.com/mx/tv-soundbars/qned/55qned65bsa/,Mexico,제품 상세 (PDP),81
https://www.lg.com/mx/tv-soundbars/smart-tvs/43lb6500psb/,Mexico,제품 상세 (PDP),81
https://www.lg.com/mx/tv-soundbars/qned/65qned65bsa/,Mexico,제품 상세 (PDP),81
https://www.lg.com/mx/tv-soundbars/nanocell/75nu830bpsa/,Mexico,제품 상세 (PDP),81
https://www.lg.com/mx/tv-soundbars/qned/85qned74bsa/,Mexico,제품 상세 (PDP),81
https://www.lg.com/mx/tv-soundbars/qned/55qned74bsa/,Mexico,제품 상세 (PDP),81
https://www.lg.com/mx/tv-soundbars/smart-tvs/27lb7000psa/,Mexico,제품 상세 (PDP),81
https://www.lg.com/mx/tv-soundbars/nanocell/58nu850bpsd/,Mexico,제품 상세 (PDP),81
https://www.lg.com/mx/tv-soundbars/qned/75qned74bsa/,Mexico,제품 상세 (PDP),81
https://www.lg.com/mx/tv-soundbars/smart-tvs/32lb650bpsa/,Mexico,제품 상세 (PDP),81
https://www.lg.com/mx/tv-soundbars/qned/65qned74bsa/,Mexico,제품 상세 (PDP),81
https://www.lg.com/mx/tv-soundbars/nanocell/55nu830bpsa/,Mexico,제품 상세 (PDP),81
https://www.lg.com/mx/tv-soundbars/nanocell/65nu830bpsa/,Mexico,제품 상세 (PDP),81
https://www.lg.com/mx/tv-soundbars/nanocell/85nu830bpsa/,Mexico,제품 상세 (PDP),81
https://www.lg.com/mx/tv-soundbars/qned/75qned65bsa/,Mexico,제품 상세 (PDP),81
https://www.lg.com/mx/tv-soundbars/qned-evo/75qned81bsg/,Mexico,제품 상세 (PDP),81
https://www.lg.com/mx/tv-soundbars/qned-evo/115qned90bs/,Mexico,제품 상세 (PDP),81
https://www.lg.com/mx/tv-soundbars/qned/85qned70bsa/,Mexico,제품 상세 (PDP),81
https://www.lg.com/mx/tv-soundbars/qned/43qned71bsc/,Mexico,제품 상세 (PDP),81
https://www.lg.com/mx/tv-soundbars/qned/55qned70bsa/,Mexico,제품 상세 (PDP),81
https://www.lg.com/mx/tv-soundbars/nanocell/85nu800bpsb/,Mexico,제품 상세 (PDP),81
https://www.lg.com/mx/tv-soundbars/qned/43qned70bsa/,Mexico,제품 상세 (PDP),81
https://www.lg.com/mx/tv-soundbars/nanocell/70nu850bpsd/,Mexico,제품 상세 (PDP),81
https://www.lg.com/mx/tv-soundbars/75mrgb95bsa/,Mexico,제품 상세 (PDP),81
https://www.lg.com/mx/tv-soundbars/mini-rgb-evo/75mrgb86bsa/,Mexico,제품 상세 (PDP),81
https://www.lg.com/mx/tv-soundbars/qned-evo/65qned81bsg/,Mexico,제품 상세 (PDP),81
https://www.lg.com/mx/tv-soundbars/nanocell/43nu800bpsc/,Mexico,제품 상세 (PDP),81
https://www.lg.com/mx/tv-soundbars/nanocell/65nu800bpsb/,Mexico,제품 상세 (PDP),81
https://www.lg.com/mx/tv-soundbars/qned-evo/55qned81bsg/,Mexico,제품 상세 (PDP),81
https://www.lg.com/mx/tv-soundbars/mini-rgb-evo/86mrgb86bsa/,Mexico,제품 상세 (PDP),81
https://www.lg.com/mx/tv-soundbars/nanocell/50nu800bpsc/,Mexico,제품 상세 (PDP),81
https://www.lg.com/mx/tv-soundbars/nanocell/75nu800bpsb/,Mexico,제품 상세 (PDP),81
https://www.lg.com/mx/tv-soundbars/mini-rgb-evo/65mrgb86bsa/,Mexico,제품 상세 (PDP),81
https://www.lg.com/mx/tv-soundbars/mini-rgb-evo/55mrgb85bsc/,Mexico,제품 상세 (PDP),81
https://www.lg.com/mx/tv-soundbars/gallery-tv-with-frame/65lx7bpsa/,Mexico,제품 상세 (PDP),81
https://www.lg.com/mx/tv-soundbars/qned/50qned70bsa/,Mexico,제품 상세 (PDP),81
https://www.lg.com/mx/tv-soundbars/gallery-tv-with-frame/55lx7bpsa/,Mexico,제품 상세 (PDP),81
https://www.lg.com/mx/tv-soundbars/qned/50qned71bsc/,Mexico,제품 상세 (PDP),81
https://www.lg.com/mx/tv-soundbars/qned/75qned70bsa/,Mexico,제품 상세 (PDP),81
https://www.lg.com/mx/tv-soundbars/qned/65qned70bsa/,Mexico,제품 상세 (PDP),81
https://www.lg.com/mx/tv-soundbars/qned/65qned71bsc/,Mexico,제품 상세 (PDP),81
https://www.lg.com/mx/tv-soundbars/qned/55qned71bsc/,Mexico,제품 상세 (PDP),81
https://www.lg.com/mx/soporte/soporte-de-producto/solucion-de-problemas/help-library/cs-CT52001175-20155311281656/,Mexico,Support - Troubleshoot,75
https://www.lg.com/mx/soporte/soporte-de-producto/solucion-de-problemas/help-library/cs-CT52001177-20155130420143/,Mexico,Support - Troubleshoot,71
https://www.lg.com/mx/soporte/soporte-de-producto/solucion-de-problemas/help-library/cs-CT52001176-20155101722540/,Mexico,Support - Troubleshoot,71
https://www.lg.com/mx/soporte/soporte-de-producto/solucion-de-problemas/help-library/cs-CT52001175-20152939382199/,Mexico,Support - Troubleshoot,71
https://www.lg.com/mx/soporte/soporte-de-producto/solucion-de-problemas/help-library/cs-CT40001739-20155062565196,Mexico,Support - Troubleshoot,71
https://www.lg.com/mx/soporte/soporte-de-producto/solucion-de-problemas/help-library/cs-CT52001178-20155311510063,Mexico,Support - Troubleshoot,75
https://www.lg.com/mx/soporte/soporte-de-producto/solucion-de-problemas/help-library/cs-CT52001175-20155052624070/,Mexico,Support - Troubleshoot,71
https://www.lg.com/mx/soporte/soporte-de-producto/solucion-de-problemas/help-library/cs-CT52001176-20155102610583/,Mexico,Support - Troubleshoot,71
https://www.lg.com/mx/soporte/soporte-de-producto/solucion-de-problemas/help-library/cs-CT52001176-20155268065571/,Mexico,Support - Troubleshoot,75
https://www.lg.com/mx/soporte/ayuda-producto/CT20178018-1429776703700,Mexico,Support - Troubleshoot,71
https://www.lg.com/mx/soporte/soporte-de-producto/solucion-de-problemas/help-library/cs-CT52001176-20155101724174,Mexico,Support - Troubleshoot,71
https://www.lg.com/mx/soporte/soporte-de-producto/solucion-de-problemas/help-library/cs-CT52001178-20155006054500,Mexico,Support - Troubleshoot,71
https://www.lg.com/mx/soporte/soporte-de-producto/solucion-de-problemas/help-library/cs-CT52001177-20155117733591/,Mexico,Support - Troubleshoot,71
https://www.lg.com/mx/soporte/soporte-de-producto/solucion-de-problemas/help-library/cs-CT52001176-20155103098227/,Mexico,Support - Troubleshoot,71
https://www.lg.com/mx/soporte/soporte-de-producto/solucion-de-problemas/help-library/cs-CT52001176-20154978949801/,Mexico,Support - Troubleshoot,71
https://www.lg.com/mx/soporte/soporte-de-producto/solucion-de-problemas/help-library/cs-CT52001177-20155297256775/,Mexico,Support - Troubleshoot,75
https://www.lg.com/mx/soporte/soporte-de-producto/solucion-de-problemas/help-library/cs-CT52001176-20155103112024,Mexico,Support - Troubleshoot,71
https://www.lg.com/mx/soporte/soporte-de-producto/solucion-de-problemas/help-library/cs-CT52001177-20155130680953/,Mexico,Support - Troubleshoot,71
https://www.lg.com/mx/soporte/soporte-de-producto/solucion-de-problemas/help-library/cs-CT52001176-20155027710418/,Mexico,Support - Troubleshoot,71
https://www.lg.com/mx/soporte/soporte-de-producto/solucion-de-problemas/help-library/cs-CT52001178-20152939381716/,Mexico,Support - Troubleshoot,71
https://www.lg.com/mx/soporte/soporte-de-producto/solucion-de-problemas/help-library/cs-CT52001175-20154988830601,Mexico,Support - Troubleshoot,71
https://www.lg.com/mx/soporte/soporte-de-producto/solucion-de-problemas/help-library/cs-CT52001177-20155060988637/,Mexico,Support - Troubleshoot,71
https://www.lg.com/mx/soporte/soporte-de-producto/solucion-de-problemas/help-library/cs-CT52001178-20155311462655/,Mexico,Support - Troubleshoot,75
https://www.lg.com/mx/soporte/soporte-de-producto/solucion-de-problemas/help-library/cs-CT52001176-20155092738758,Mexico,Support - Troubleshoot,71
https://www.lg.com/mx/soporte/soporte-de-producto/solucion-de-problemas/help-library/cs-CT52001176-20155027807109/,Mexico,Support - Troubleshoot,71
https://www.lg.com/mx/soporte/soporte-de-producto/solucion-de-problemas/help-library/cs-CT52001175-20155130447694/,Mexico,Support - Troubleshoot,71
https://www.lg.com/mx/soporte/soporte-de-producto/solucion-de-problemas/help-library/cs-CT52001177-20155048197233/,Mexico,Support - Troubleshoot,71
https://www.lg.com/mx/soporte/soporte-de-producto/solucion-de-problemas/help-library/cs-CT52001178-20155333776299/,Mexico,Support - Troubleshoot,71
https://www.lg.com/mx/soporte/soporte-de-producto/solucion-de-problemas/help-library/cs-CT52001178-20155379629056/,Mexico,Support - Troubleshoot,75
https://www.lg.com/mx/soporte/soporte-de-producto/solucion-de-problemas/help-library/cs-CT52001177-20155183806774,Mexico,Support - Troubleshoot,75
https://www.lg.com/mx/soporte/soporte-de-producto/solucion-de-problemas/help-library/cs-CT52001177-20155198570581/,Mexico,Support - Troubleshoot,75
https://www.lg.com/mx/soporte/soporte-de-producto/solucion-de-problemas/help-library/cs-CT52001176-20155177656196,Mexico,Support - Troubleshoot,75
https://www.lg.com/mx/soporte/soporte-de-producto/solucion-de-problemas/help-library/cs-CT52001177-20155135973325,Mexico,Support - Troubleshoot,75
https://www.lg.com/mx/soporte/soporte-de-producto/solucion-de-problemas/help-library/cs-CT52001176-20155130220987,Mexico,Support - Troubleshoot,75
https://www.lg.com/mx/soporte/soporte-de-producto/solucion-de-problemas/help-library/cs-CT52001176-20155101718353,Mexico,Support - Troubleshoot,71
https://www.lg.com/mx/soporte/soporte-de-producto/solucion-de-problemas/help-library/cs-CT52001176-20155297571159,Mexico,Support - Troubleshoot,75
https://www.lg.com/mx/soporte/soporte-de-producto/solucion-de-problemas/help-library/cs-CT32013022-20155198991499,Mexico,Support - Troubleshoot,75
https://www.lg.com/mx/soporte/soporte-de-producto/solucion-de-problemas/help-library/cs-CT52001176-20155028315049,Mexico,Support - Troubleshoot,71
https://www.lg.com/mx/soporte/soporte-de-producto/solucion-de-problemas/help-library/cs-CT52001176-20155102970927/,Mexico,Support - Troubleshoot,71
https://www.lg.com/mx/soporte/soporte-de-producto/solucion-de-problemas/help-library/cs-CT52001178-20152941373241/,Mexico,Support - Troubleshoot,71
https://www.lg.com/mx/soporte/soporte-de-producto/solucion-de-problemas/help-library/cs-CT52001178-20155311404942/,Mexico,Support - Troubleshoot,75
https://www.lg.com/mx/soporte/soporte-de-producto/solucion-de-problemas/help-library/cs-CT52001177-20155274470879/,Mexico,Support - Troubleshoot,75
https://www.lg.com/mx/soporte/soporte-de-producto/solucion-de-problemas/help-library/cs-CT52001178-20155181428390,Mexico,Support - Troubleshoot,75
https://www.lg.com/mx/soporte/soporte-de-producto/solucion-de-problemas/help-library/cs-CT52001176-20155102929208,Mexico,Support - Troubleshoot,71
https://www.lg.com/mx/soporte/soporte-de-producto/solucion-de-problemas/help-library/cs-CT52001178-20155269005555/,Mexico,Support - Troubleshoot,75
https://www.lg.com/mx/soporte/soporte-de-producto/solucion-de-problemas/help-library/cs-CT52001176-20155004254069,Mexico,Support - Troubleshoot,71
https://www.lg.com/mx/soporte/soporte-de-producto/solucion-de-problemas/help-library/cs-CT52001176-20155379389257/,Mexico,Support - Troubleshoot,75
https://www.lg.com/mx/soporte/soporte-de-producto/solucion-de-problemas/help-library/cs-CT52001176-20155027836774,Mexico,Support - Troubleshoot,71
https://www.lg.com/mx/soporte/soporte-de-producto/solucion-de-problemas/help-library/cs-CT52001176-20155118242022/,Mexico,Support - Troubleshoot,75
https://www.lg.com/mx/soporte/soporte-de-producto/solucion-de-problemas/help-library/cs-CT52001176-20155102785145,Mexico,Support - Troubleshoot,71
https://www.lg.com/mx/soporte/soporte-de-producto/solucion-de-problemas/help-library/cs-CT52001176-20155148965368,Mexico,Support - Troubleshoot,75
https://www.lg.com/mx/soporte/soporte-de-producto/solucion-de-problemas/help-library/cs-CT52001176-20155102795207,Mexico,Support - Troubleshoot,71
https://www.lg.com/mx/soporte/soporte-de-producto/solucion-de-problemas/help-library/cs-CT52001178-20155412190710/,Mexico,Support - Troubleshoot,75
https://www.lg.com/mx/soporte/soporte-de-producto/solucion-de-problemas/help-library/cs-CT40001739-20155119011354,Mexico,Support - Troubleshoot,75
https://www.lg.com/mx/soporte/soporte-de-producto/solucion-de-problemas/help-library/cs-CT52001175-20154992572980,Mexico,Support - Troubleshoot,71
https://www.lg.com/mx/soporte/soporte-de-producto/solucion-de-problemas/help-library/cs-CT32013022-20155060945506,Mexico,Support - Troubleshoot,71
https://www.lg.com/mx/soporte/soporte-de-producto/solucion-de-problemas/help-library/cs-CT52001177-20155134075340/,Mexico,Support - Troubleshoot,75
https://www.lg.com/mx/soporte/soporte-de-producto/solucion-de-problemas/help-library/cs-CT52001176-20155102982679/,Mexico,Support - Troubleshoot,71
https://www.lg.com/mx/soporte/soporte-de-producto/solucion-de-problemas/help-library/cs-CT52001176-20155101725694,Mexico,Support - Troubleshoot,71
https://www.lg.com/mx/soporte/soporte-de-producto/solucion-de-problemas/help-library/cs-CT52001178-20155410030324/,Mexico,Support - Troubleshoot,75
https://www.lg.com/mx/soporte/soporte-de-producto/solucion-de-problemas/help-library/cs-CT52001177-20155131950017/,Mexico,Support - Troubleshoot,71
https://www.lg.com/mx/soporte/soporte-de-producto/solucion-de-problemas/help-library/cs-CT52001176-20155128323806/,Mexico,Support - Troubleshoot,71
https://www.lg.com/mx/soporte/soporte-de-producto/solucion-de-problemas/help-library/cs-CT52001175-20155412218773,Mexico,Support - Troubleshoot,75
https://www.lg.com/mx/soporte/soporte-de-producto/solucion-de-problemas/help-library/cs-CT52001175-20155105901978,Mexico,Support - Troubleshoot,75
https://www.lg.com/mx/soporte/soporte-de-producto/solucion-de-problemas/help-library/cs-CT52001176-20155101661593/,Mexico,Support - Troubleshoot,71
https://www.lg.com/mx/soporte/soporte-de-producto/solucion-de-problemas/help-library/cs-CT52001178-20155114291317/,Mexico,Support - Troubleshoot,71
https://www.lg.com/mx/soporte/soporte-de-producto/solucion-de-problemas/help-library/cs-CT52001177-20155363599693/,Mexico,Support - Troubleshoot,71
https://www.lg.com/mx/soporte/soporte-de-producto/solucion-de-problemas/help-library/cs-CT52001177-20155366424952/,Mexico,Support - Troubleshoot,75
https://www.lg.com/mx/soporte/soporte-de-producto/solucion-de-problemas/help-library/cs-CT52001176-20155102938086/,Mexico,Support - Troubleshoot,71
https://www.lg.com/mx/soporte/soporte-de-producto/solucion-de-problemas/help-library/cs-CT52001177-20155048186372,Mexico,Support - Troubleshoot,71
https://www.lg.com/mx/soporte/soporte-de-producto/solucion-de-problemas/help-library/cs-CT52001178-20155331406488/,Mexico,Support - Troubleshoot,75
https://www.lg.com/mx/soporte/soporte-de-producto/solucion-de-problemas/help-library/cs-CT52001176-20155101729342/,Mexico,Support - Troubleshoot,75
https://www.lg.com/mx/soporte/soporte-de-producto/solucion-de-problemas/help-library/cs-CT52001178-20155104842072/,Mexico,Support - Troubleshoot,75
https://www.lg.com/mx/soporte/soporte-de-producto/solucion-de-problemas/help-library/cs-CT52001177-20155118507578/,Mexico,Support - Troubleshoot,71
https://www.lg.com/mx/soporte/soporte-de-producto/solucion-de-problemas/help-library/cs-CT52001176-20155272225586/,Mexico,Support - Troubleshoot,75
https://www.lg.com/mx/soporte/soporte-de-producto/solucion-de-problemas/help-library/cs-CT52001176-20155102954804,Mexico,Support - Troubleshoot,71
https://www.lg.com/mx/soporte/soporte-de-producto/solucion-de-problemas/help-library/cs-CT52001176-20155102810310/,Mexico,Support - Troubleshoot,71
https://www.lg.com/mx/soporte/soporte-de-producto/solucion-de-problemas/help-library/cs-CT32013022-20155363601894,Mexico,Support - Troubleshoot,71
https://www.lg.com/mx/soporte/soporte-de-producto/solucion-de-problemas/help-library/cs-CT52001176-20155102817449,Mexico,Support - Troubleshoot,71
https://www.lg.com/mx/soporte/soporte-de-producto/solucion-de-problemas/help-library/cs-CT52001178-20155410261659/,Mexico,Support - Troubleshoot,75
https://www.lg.com/mx/soporte/soporte-de-producto/solucion-de-problemas/help-library/cs-CT52001178-20155029350574/,Mexico,Support - Troubleshoot,71
https://www.lg.com/mx/soporte/soporte-de-producto/solucion-de-problemas/help-library/cs-CT52001178-20155029322293/,Mexico,Support - Troubleshoot,71
https://www.lg.com/mx/soporte/soporte-de-producto/solucion-de-problemas/help-library/cs-CT52001176-20155368586038,Mexico,Support - Troubleshoot,75
https://www.lg.com/mx/soporte/soporte-de-producto/solucion-de-problemas/help-library/cs-CT52001178-20155410407018,Mexico,Support - Troubleshoot,75
https://www.lg.com/mx/soporte/soporte-de-producto/solucion-de-problemas/help-library/cs-CT52001176-20155102768431/,Mexico,Support - Troubleshoot,71
https://www.lg.com/mx/soporte/soporte-de-producto/solucion-de-problemas/help-library/cs-CT52001177-20155128302111/,Mexico,Support - Troubleshoot,71
https://www.lg.com/mx/soporte/soporte-de-producto/solucion-de-problemas/help-library/cs-CT52001176-20155352260445,Mexico,Support - Troubleshoot,75
https://www.lg.com/mx/soporte/soporte-de-producto/solucion-de-problemas/help-library/cs-CT52001176-20155386347125/,Mexico,Support - Troubleshoot,75
https://www.lg.com/mx/soporte/soporte-de-producto/solucion-de-problemas/help-library/cs-CT52001176-1423652805078/,Mexico,Support - Troubleshoot,75
https://www.lg.com/mx/soporte/soporte-de-producto/solucion-de-problemas/help-library/cs-CT52001176-20155048218338/,Mexico,Support - Troubleshoot,71
https://www.lg.com/mx/soporte/soporte-de-producto/solucion-de-problemas/help-library/cs-CT52001178-20155069780016/,Mexico,Support - Troubleshoot,71
https://www.lg.com/mx/soporte/soporte-de-producto/solucion-de-problemas/help-library/cs-CT52001176-20155105957259,Mexico,Support - Troubleshoot,71
https://www.lg.com/mx/soporte/soporte-de-producto/solucion-de-problemas/help-library/cs-CT52001176-20155102827243,Mexico,Support - Troubleshoot,71
https://www.lg.com/mx/soporte/soporte-de-producto/solucion-de-problemas/help-library/cs-CT52001176-20155102932506,Mexico,Support - Troubleshoot,71
https://www.lg.com/mx/soporte/soporte-de-producto/solucion-de-problemas/help-library/cs-CT52001176-20155333896069,Mexico,Support - Troubleshoot,71
https://www.lg.com/mx/soporte/soporte-de-producto/solucion-de-problemas/help-library/cs-CT52001177-20155062100990/,Mexico,Support - Troubleshoot,71
https://www.lg.com/mx/soporte/soporte-de-producto/solucion-de-problemas/help-library/cs-CT52001178-20155019545757/,Mexico,Support - Troubleshoot,71
https://www.lg.com/mx/soporte/soporte-de-producto/solucion-de-problemas/help-library/cs-CT52001176-20155102836236,Mexico,Support - Troubleshoot,71
https://www.lg.com/mx/soporte/soporte-de-producto/solucion-de-problemas/help-library/cs-CT52001176-20155028324087,Mexico,Support - Troubleshoot,71
https://www.lg.com/mx/soporte/soporte-de-producto/solucion-de-problemas/help-library/cs-CT52001177-20155048192355/,Mexico,Support - Troubleshoot,71
https://www.lg.com/mx/monitores/monitores-oled/,Mexico,제품 카테고리 (PLP),64
https://www.lg.com/mx/tv-soundbars/qned-evo/?ec_ft_07545230=55_pulgadas,Mexico,제품 카테고리 (PLP),75
https://www.lg.com/mx/tv-soundbars/mini-rgb-evo/,Mexico,제품 카테고리 (PLP),61
https://www.lg.com/mx/tv-soundbars/qned/?ec_ft_07545230=86_pulgadas_y_más,Mexico,제품 카테고리 (PLP),86
https://www.lg.com/mx/tv-soundbars/nanocell/?ec_ft_07545230=42_pulgadas_-_48_pulgadas,Mexico,제품 카테고리 (PLP),75
https://www.lg.com/mx/tv-soundbars/smart-tvs/,Mexico,제품 카테고리 (PLP),75
https://www.lg.com/mx/monitores/pc-monitores-ips/,Mexico,제품 카테고리 (PLP),64
https://www.lg.com/mx/tv-soundbars/todas-las-tvs-y-soundbars/?ec_ft_07545230=86_pulgadas_y_m%C3%A1s,Mexico,제품 카테고리 (PLP),75
https://www.lg.com/mx/tv-soundbars/qned-evo/,Mexico,제품 카테고리 (PLP),75
https://www.lg.com/mx/tv-soundbars/webos-for-entertainment/,Mexico,제품 카테고리 (PLP),69
https://www.lg.com/mx/tv-soundbars/oled/,Mexico,제품 카테고리 (PLP),86
https://www.lg.com/mx/tv-soundbars/ultra-grandes/,Mexico,제품 카테고리 (PLP),79
https://www.lg.com/mx/tv-soundbars/tv-monitor/,Mexico,제품 카테고리 (PLP),75
https://www.lg.com/mx/monitores/ergo-monitors/,Mexico,제품 카테고리 (PLP),71
https://www.lg.com/mx/monitores/monitores-smart/,Mexico,제품 카테고리 (PLP),75
https://www.lg.com/mx/tv-soundbars/todas-las-tvs-y-soundbars/?ec_ft_07545230=50_pulgadas,Mexico,제품 카테고리 (PLP),75
https://www.lg.com/mx/tv-soundbars/todas-las-tvs-y-soundbars/,Mexico,제품 카테고리 (PLP),75
https://www.lg.com/mx/tv-soundbars/oled-innovation/,Mexico,제품 카테고리 (PLP),72
https://www.lg.com/mx/tv-soundbars/webos-offers/,Mexico,제품 카테고리 (PLP),68
https://www.lg.com/mx/tv-soundbars/ultra-grandes/?ec_ft_07545230=55_pulgadas,Mexico,제품 카테고리 (PLP),79
https://www.lg.com/mx/lifestyle-screens/objet-collection-pose/,Mexico,제품 카테고리 (PLP),75
https://www.lg.com/mx/tv-soundbars/qned/?ec_ft_07545230=50_pulgadas,Mexico,제품 카테고리 (PLP),86
https://www.lg.com/mx/tv-soundbars/oled-evo/?ec_ft_07545230=77_pulgadas_-_85_pulgadas,Mexico,제품 카테고리 (PLP),79
https://www.lg.com/mx/sound-suite/,Mexico,제품 카테고리 (PLP),57
https://www.lg.com/mx/tv-soundbars/nanocell/?ec_ft_07545230=70_pulgadas_~_75_pulgadas,Mexico,제품 카테고리 (PLP),75
https://www.lg.com/mx/tv-soundbars/nanocell/?ec_ft_07545230=86_pulgadas_y_m%C3%A1s,Mexico,제품 카테고리 (PLP),75
https://www.lg.com/mx/tv-soundbars/qned/?ec_ft_07545230=55_pulgadas,Mexico,제품 카테고리 (PLP),86
https://www.lg.com/mx/tv-soundbars/miniled/,Mexico,제품 카테고리 (PLP),75
https://www.lg.com/mx/soundsuite/,Mexico,제품 카테고리 (PLP),67
https://www.lg.com/mx/tv-soundbars/ultra-grandes/?ec_ft_07545230=65_pulgadas,Mexico,제품 카테고리 (PLP),79
https://www.lg.com/mx/soundbars/,Mexico,제품 카테고리 (PLP),86
https://www.lg.com/mx/tv-soundbars/todas-las-tvs-y-soundbars/?ec_ft_07545230=32_pulgadas_y_menos,Mexico,제품 카테고리 (PLP),75
https://www.lg.com/mx/tv-soundbars/qned/?ec_ft_07545230=86_pulgadas_y_m%C3%A1s,Mexico,제품 카테고리 (PLP),86
https://www.lg.com/mx/tv-soundbars/qned/?ec_ft_07545230=42_pulgadas_-_48_pulgadas,Mexico,제품 카테고리 (PLP),86
https://www.lg.com/mx/tv-soundbars/nanocell/?ec_ft_07545230=55_pulgadas,Mexico,제품 카테고리 (PLP),75
https://www.lg.com/mx/tv-soundbars/lg-signature-oled/?ec_ft_07545230=86_pulgadas_y_más,Mexico,제품 카테고리 (PLP),75
https://www.lg.com/mx/tv-soundbars/nanocell/?ec_ft_07545230=42_pulgadas_~_48_pulgadas,Mexico,제품 카테고리 (PLP),75
https://www.lg.com/mx/tv-soundbars/oled/?ec_ft_07545230=55_pulgadas,Mexico,제품 카테고리 (PLP),86
https://www.lg.com/mx/tv-soundbars/ultra-grandes/?ec_ft_07545230=86_pulgadas_y_m%C3%A1s,Mexico,제품 카테고리 (PLP),79
https://www.lg.com/mx/tv-soundbars/oled-evo/?ec_ft_07545230=55_pulgadas,Mexico,제품 카테고리 (PLP),79
https://www.lg.com/mx/tv-soundbars/ultra-grandes/?ec_ft_07545230=86_pulgadas_–_98_pulgadas,Mexico,제품 카테고리 (PLP),79
https://www.lg.com/mx/tv-soundbars/ultra-grandes/?ec_ft_07545230=42_pulgadas_-_48_pulgadas,Mexico,제품 카테고리 (PLP),79
https://www.lg.com/mx/tv-soundbars/qned/?ec_ft_07545230=70_pulgadas_-_75_pulgadas,Mexico,제품 카테고리 (PLP),86
https://www.lg.com/mx/lifestyle-screens/flex/,Mexico,제품 카테고리 (PLP),75
https://www.lg.com/mx/monitores/,Mexico,제품 카테고리 (PLP),69
https://www.lg.com/mx/tv-soundbars/lg-signature-oled/?ec_ft_07545230=86_pulgadas_y_m%C3%A1s,Mexico,제품 카테고리 (PLP),75
https://www.lg.com/mx/tv-soundbars/qned/,Mexico,제품 카테고리 (PLP),86
https://www.lg.com/mx/tv-soundbars/home-theater-soundbar/,Mexico,제품 카테고리 (PLP),64
https://www.lg.com/mx/tv-soundbars/oled/?ec_ft_07545230=65_pulgadas,Mexico,제품 카테고리 (PLP),86
https://www.lg.com/mx/tv-soundbars/true-wireless-tv/,Mexico,제품 카테고리 (PLP),75
https://www.lg.com/mx/tv-soundbars/todas-las-tvs-y-soundbars/?ec_ft_07545230=86_pulgadas_y_pulgadas,Mexico,제품 카테고리 (PLP),75
https://www.lg.com/mx/tv-soundbars/true-wireless-tv/?ec_ft_07545230=86_pulgadas_–_98_pulgadas,Mexico,제품 카테고리 (PLP),75
https://www.lg.com/mx/tv-soundbars/oled/?ec_ft_07545230=42_pulgadas_-_48_pulgadas,Mexico,제품 카테고리 (PLP),86
https://www.lg.com/mx/tv-soundbars/qned-evo/?ec_ft_07545230=65_pulgadas,Mexico,제품 카테고리 (PLP),75
https://www.lg.com/mx/monitores/monitores-full-hd-qhd/,Mexico,제품 카테고리 (PLP),71
https://www.lg.com/mx/tv-soundbars/nanocell/?ec_ft_07545230=65_pulgadas,Mexico,제품 카테고리 (PLP),75
https://www.lg.com/mx/monitores/todos-los-monitores/,Mexico,제품 카테고리 (PLP),71
https://www.lg.com/mx/tv-soundbars/ultra-grandes/?ec_ft_07545230=86_pulgadas_y_más,Mexico,제품 카테고리 (PLP),79
https://www.lg.com/mx/tv-soundbars/oled-evo/?ec_ft_07545230=65_pulgadas,Mexico,제품 카테고리 (PLP),79
https://www.lg.com/mx/tv-soundbars/ultra-grandes/?ec_ft_07545230=70_pulgadas_~_75_pulgadas,Mexico,제품 카테고리 (PLP),79
https://www.lg.com/mx/tv-soundbars/miniled/?ec_ft_07545230=55_pulgadas,Mexico,제품 카테고리 (PLP),75
https://www.lg.com/mx/tv-soundbars/nanocell/?ec_ft_07545230=70_pulgadas_-_75_pulgadas,Mexico,제품 카테고리 (PLP),75
https://www.lg.com/mx/tv-soundbars/smart-tvs/?ec_ft_07545230=42_pulgadas_~_48_pulgadas,Mexico,제품 카테고리 (PLP),75
https://www.lg.com/mx/tv-soundbars/nanocell/?ec_ft_07545230=50_pulgadas,Mexico,제품 카테고리 (PLP),75
https://www.lg.com/mx/tv-soundbars/miniled/?ec_ft_07545230=65_pulgadas,Mexico,제품 카테고리 (PLP),75
https://www.lg.com/mx/tv-soundbars/todas-las-tvs-y-soundbars/?ec_ft_07545230=42_pulgadas_-_48_pulgadas,Mexico,제품 카테고리 (PLP),75
https://www.lg.com/mx/tv-soundbars/todas-las-tvs-y-soundbars/?ec_ft_07545230=70_pulgadas_-_75_pulgadas,Mexico,제품 카테고리 (PLP),75
https://www.lg.com/mx/monitores/tv-monitor/,Mexico,제품 카테고리 (PLP),71
https://www.lg.com/mx/monitores/gaming/,Mexico,제품 카테고리 (PLP),71
https://www.lg.com/mx/all-soundsuite/,Mexico,제품 카테고리 (PLP),79
https://www.lg.com/mx/lifestyle-screens/combos-lifestyle-screen/,Mexico,제품 카테고리 (PLP),75
https://www.lg.com/mx/tv-soundbars/smart-tvs/?ec_ft_07545230=32_pulgadas_y_menos,Mexico,제품 카테고리 (PLP),75
https://www.lg.com/mx/monitores/monitores-ultrawide/,Mexico,제품 카테고리 (PLP),71
https://www.lg.com/mx/tv-soundbars/micro-rgb-evo/,Mexico,제품 카테고리 (PLP),57
https://www.lg.com/mx/tv-soundbars/nanocell/,Mexico,제품 카테고리 (PLP),75
https://www.lg.com/mx/tv-soundbars/combos-tv/,Mexico,제품 카테고리 (PLP),75
https://www.lg.com/mx/lifestyle-screens/stanbyme-go/,Mexico,제품 카테고리 (PLP),75
https://www.lg.com/mx/tv-soundbars/todas-las-tvs-y-soundbars/?ec_ft_07545230=77_pulgadas_-_85_pulgadas,Mexico,제품 카테고리 (PLP),75
https://www.lg.com/mx/tv-soundbars/qned/?ec_ft_07545230=65_pulgadas,Mexico,제품 카테고리 (PLP),86
https://www.lg.com/mx/tv-soundbars/ultra-grandes/?ec_ft_07545230=50_pulgadas,Mexico,제품 카테고리 (PLP),79
https://www.lg.com/mx/tv-soundbars/miniled/?ec_ft_07545230=70_pulgadas_-_75_pulgadas,Mexico,제품 카테고리 (PLP),75
https://www.lg.com/mx/tv-soundbars/,Mexico,제품 카테고리 (PLP),69
https://www.lg.com/mx/tv-soundbars/qned-evo/?ec_ft_07545230=70_pulgadas_-_75_pulgadas,Mexico,제품 카테고리 (PLP),75
https://www.lg.com/mx/monitores/monitores-gaming/,Mexico,제품 카테고리 (PLP),83
https://www.lg.com/mx/tv-soundbars/todas-las-tvs-y-soundbars/?ec_ft_07545230=55_pulgadas,Mexico,제품 카테고리 (PLP),75
https://www.lg.com/mx/lifestyle-screens/stanbyme/,Mexico,제품 카테고리 (PLP),75
https://www.lg.com/mx/tv-soundbars/nanocell/?ec_ft_07545230=86_pulgadas_–_98_pulgadas,Mexico,제품 카테고리 (PLP),75
https://www.lg.com/mx/tv-soundbars/lg-signature-oled/?ec_ft_07545230=86_pulgadas_–_98_pulgadas,Mexico,제품 카테고리 (PLP),75
https://www.lg.com/mx/tv-soundbars/lg-signature-oled/,Mexico,제품 카테고리 (PLP),75
https://www.lg.com/mx/tv-soundbars/ultra-grandes/?ec_ft_07545230=42_pulgadas_~_48_pulgadas,Mexico,제품 카테고리 (PLP),79
https://www.lg.com/mx/tv-soundbars/nanocell/?ec_ft_07545230=86_pulgadas_y_más,Mexico,제품 카테고리 (PLP),75
https://www.lg.com/mx/tv-soundbars/ultra-grandes/?ec_ft_07545230=70_pulgadas_-_75_pulgadas,Mexico,제품 카테고리 (PLP),79
https://www.lg.com/mx/tv-soundbars/todas-las-tvs-y-soundbars/?ec_ft_07545230=65_pulgadas,Mexico,제품 카테고리 (PLP),75
https://www.lg.com/mx/tv-soundbars/qned/?ec_ft_07545230=86_pulgadas_–_98_pulgadas,Mexico,제품 카테고리 (PLP),86
https://www.lg.com/mx/tv-soundbars/oled-art/,Mexico,제품 카테고리 (PLP),66
https://www.lg.com/mx/tv-soundbars/oled-evo/?ec_ft_07545230=42_pulgadas_-_48_pulgadas,Mexico,제품 카테고리 (PLP),79
https://www.lg.com/mx/tv-soundbars/qned-mini-led/,Mexico,제품 카테고리 (PLP),57
https://www.lg.com/mx/tv-soundbars/oled-evo/,Mexico,제품 카테고리 (PLP),79
https://www.lg.com/mx/tv-soundbars/smart-tvs/?ec_ft_07545230=42_pulgadas_-_48_pulgadas,Mexico,제품 카테고리 (PLP),75
https://www.lg.com/mx/tv-soundbars/oled/?ec_ft_07545230=77_pulgadas_-_85_pulgadas,Mexico,제품 카테고리 (PLP),86
https://www.lg.com/mx/monitores/elige-el-mejor/,Mexico,Microsite,67
https://www.lg.com/mx/monitores/discontinued-monitores/,Mexico,Microsite,70
https://www.lg.com/mx/tv-soundbars/ai-tv/,Mexico,Microsite,71
https://www.lg.com/mx/soundbars/eco-minded-soundbars/,Mexico,Microsite,78
https://www.lg.com/mx/soundsuite/howtovideo-qna/,Mexico,Microsite,82
https://www.lg.com/mx/tv-soundbars/lg-screen-vision/,Mexico,Microsite,75
https://www.lg.com/mx/tv-soundbars/why-lg-ai-tv/,Mexico,Microsite,79
https://www.lg.com/mx/tv-soundbars/why-lg-qned-evo-mini-led/,Mexico,Microsite,79
https://www.lg.com/mx/tv-soundbars/why-qned-evo/,Mexico,Microsite,82
https://www.lg.com/mx/tv-soundbars/why-true-wireless/,Mexico,Microsite,75
https://www.lg.com/mx/webos-smart-tv/promotion/,Mexico,Microsite,70
https://www.lg.com/mx/xboom/,Mexico,Microsite,81
https://www.lg.com/uk/tvs-soundbars/mini-rgb-evo/65mrgb86b6a/,UK,제품 상세 (PDP),81
https://www.lg.com/uk/tvs-soundbars/fhd/43lb65006la/,UK,제품 상세 (PDP),81
https://www.lg.com/uk/lifestyle-screens/stanbyme/32lx6bpga/,UK,제품 상세 (PDP),81
https://www.lg.com/uk/tvs-soundbars/nano-4k-uhd/85nu850b6la/,UK,제품 상세 (PDP),81
https://www.lg.com/uk/tvs-soundbars/nano-4k-uhd/55nu800b6la/,UK,제품 상세 (PDP),81
https://www.lg.com/uk/tvs-soundbars/mini-rgb-evo/50mrgb86b6a/,UK,제품 상세 (PDP),81
https://www.lg.com/uk/tvs-soundbars/qned-evo/65qned86b6b/,UK,제품 상세 (PDP),81
https://www.lg.com/uk/tvs-soundbars/qned-evo/75qned85b6b/,UK,제품 상세 (PDP),81
https://www.lg.com/uk/tvs-soundbars/qned-evo/65qned87b6a/,UK,제품 상세 (PDP),81
https://www.lg.com/uk/tvs-soundbars/qned/55qned86a6a/,UK,제품 상세 (PDP),78
https://www.lg.com/uk/tvs-soundbars/qned-evo/65qned85a6c/,UK,제품 상세 (PDP),81
https://www.lg.com/uk/tvs-soundbars/qned/100qned86a6/,UK,제품 상세 (PDP),81
https://www.lg.com/uk/tvs-soundbars/qned-evo/55qned85a6c/,UK,제품 상세 (PDP),81
https://www.lg.com/uk/tvs-soundbars/qned-evo/75qned86b6b/,UK,제품 상세 (PDP),81
https://www.lg.com/uk/tvs-soundbars/qned-evo/75qned87b6a/,UK,제품 상세 (PDP),81
https://www.lg.com/uk/tvs-soundbars/qned/65qned86a6a/,UK,제품 상세 (PDP),81
https://www.lg.com/uk/tvs-soundbars/qned-evo/75qned86a6a/,UK,제품 상세 (PDP),81
https://www.lg.com/uk/tvs-soundbars/qned/55qned87a6b/,UK,제품 상세 (PDP),81
https://www.lg.com/uk/tvs-soundbars/qned-evo/75qned85a6c/,UK,제품 상세 (PDP),81
https://www.lg.com/uk/tvs-soundbars/qned/65qned87a6b/,UK,제품 상세 (PDP),81
https://www.lg.com/uk/tvs-soundbars/nano-4k-uhd/43nu900b6la/,UK,제품 상세 (PDP),81
https://www.lg.com/uk/tvs-soundbars/qned-evo/86qned86a6a/,UK,제품 상세 (PDP),81
https://www.lg.com/uk/tvs-soundbars/qned-evo/65qned85b6b/,UK,제품 상세 (PDP),81
https://www.lg.com/uk/tvs-soundbars/nano-4k-uhd/50nu850b6la/,UK,제품 상세 (PDP),81
https://www.lg.com/uk/tvs-soundbars/qned/85qned7eb3a/,UK,제품 상세 (PDP),81
https://www.lg.com/uk/tvs-soundbars/qned/43qned70a6a/,UK,제품 상세 (PDP),81
https://www.lg.com/uk/tvs-soundbars/nano-4k-uhd/75nu850b6la/,UK,제품 상세 (PDP),81
https://www.lg.com/uk/tvs-soundbars/qned-evo/50qned87b6a/,UK,제품 상세 (PDP),81
https://www.lg.com/uk/tvs-soundbars/qned-evo/86qned85a6c/,UK,제품 상세 (PDP),81
https://www.lg.com/uk/tvs-soundbars/qned-evo/55qned87b6a/,UK,제품 상세 (PDP),81
https://www.lg.com/uk/tvs-soundbars/qned-evo/75qned87a6b/,UK,제품 상세 (PDP),81
https://www.lg.com/uk/tvs-soundbars/qned/65qned70a6a/,UK,제품 상세 (PDP),81
https://www.lg.com/uk/tvs-soundbars/qned-evo/50qned85b6b/,UK,제품 상세 (PDP),81
https://www.lg.com/uk/tvs-soundbars/qned/55qned70a6a/,UK,제품 상세 (PDP),81
https://www.lg.com/uk/tvs-soundbars/qned/50qned70a6a/,UK,제품 상세 (PDP),81
https://www.lg.com/uk/tvs-soundbars/qned-evo/55qned85b6b/,UK,제품 상세 (PDP),81
https://www.lg.com/uk/tvs-soundbars/qned/65qned70b6c/,UK,제품 상세 (PDP),81
https://www.lg.com/uk/tvs-soundbars/qned/55qned71b6b/,UK,제품 상세 (PDP),81
https://www.lg.com/uk/tvs-soundbars/qned/85qned72b6a/,UK,제품 상세 (PDP),81
https://www.lg.com/uk/tvs-soundbars/qned/43qned72b6b/,UK,제품 상세 (PDP),81
https://www.lg.com/uk/tvs-soundbars/qned/55qned70b6c/,UK,제품 상세 (PDP),81
https://www.lg.com/uk/tvs-soundbars/qned/50qned71b6b/,UK,제품 상세 (PDP),81
https://www.lg.com/uk/tvs-soundbars/qned/50qned7eb3c/,UK,제품 상세 (PDP),81
https://www.lg.com/uk/tvs-soundbars/qned/55qned72b6b/,UK,제품 상세 (PDP),81
https://www.lg.com/uk/tvs-soundbars/qned/43qned7eb3c/,UK,제품 상세 (PDP),81
https://www.lg.com/uk/tvs-soundbars/qned/65qned72b6b/,UK,제품 상세 (PDP),81
https://www.lg.com/uk/tvs-soundbars/qned/75qned72b6a/,UK,제품 상세 (PDP),81
https://www.lg.com/uk/tvs-soundbars/qned/50qned70b6c/,UK,제품 상세 (PDP),81
https://www.lg.com/uk/tvs-soundbars/qned/55qned7eb3c/,UK,제품 상세 (PDP),81
https://www.lg.com/uk/tvs-soundbars/qned/65qned71b6b/,UK,제품 상세 (PDP),81
https://www.lg.com/uk/tvs-soundbars/qned/43qned71b6b/,UK,제품 상세 (PDP),81
https://www.lg.com/uk/tvs-soundbars/qned/50qned72b6b/,UK,제품 상세 (PDP),81
https://www.lg.com/uk/tvs-soundbars/qned/75qned7eb3a/,UK,제품 상세 (PDP),81
https://www.lg.com/uk/tvs-soundbars/qned/65qned7eb3c/,UK,제품 상세 (PDP),81
https://www.lg.com/uk/tvs-soundbars/qned/85qned70b6a/,UK,제품 상세 (PDP),81
https://www.lg.com/uk/tvs-soundbars/qned/75qned70b6a/,UK,제품 상세 (PDP),81
https://www.lg.com/uk/tvs-soundbars/oled-evo/oled55c6elb/,UK,제품 상세 (PDP),81
https://www.lg.com/uk/tvs-soundbars/oled-evo/oled55c65la/,UK,제품 상세 (PDP),81
https://www.lg.com/uk/tvs-soundbars/oled-evo/oled55c64la/,UK,제품 상세 (PDP),81
https://www.lg.com/uk/tvs-soundbars/oled-evo/oled48c6elb/,UK,제품 상세 (PDP),81
https://www.lg.com/uk/tvs-soundbars/oled-evo/oled42c6elb/,UK,제품 상세 (PDP),81
https://www.lg.com/uk/tvs-soundbars/oled-evo/oled55c66lb/,UK,제품 상세 (PDP),81
https://www.lg.com/uk/tvs-soundbars/oled/oled77b6elc/,UK,제품 상세 (PDP),81
https://www.lg.com/uk/tvs-soundbars/nano-4k-uhd/43nu850b6la/,UK,제품 상세 (PDP),81
https://www.lg.com/uk/tvs-soundbars/micro-rgb-evo/75mrgb96b6b/,UK,제품 상세 (PDP),81
https://www.lg.com/uk/tvs-soundbars/oled-evo/oled83g62lw/,UK,제품 상세 (PDP),81
https://www.lg.com/uk/tvs-soundbars/mini-rgb-evo/55mrgb86b6a/,UK,제품 상세 (PDP),81
https://www.lg.com/uk/tvs-soundbars/nano-4k-uhd/65nu850b6la/,UK,제품 상세 (PDP),81
https://www.lg.com/uk/tvs-soundbars/oled-evo/oled77c64la/,UK,제품 상세 (PDP),81
https://www.lg.com/uk/tvs-soundbars/oled-evo/oled65c65la/,UK,제품 상세 (PDP),81
https://www.lg.com/uk/tvs-soundbars/qned-evo/43qned81b6c/,UK,제품 상세 (PDP),81
https://www.lg.com/uk/tvs-soundbars/oled/oled65b6elc/,UK,제품 상세 (PDP),81
https://www.lg.com/uk/tvs-soundbars/oled/oled55b6elc/,UK,제품 상세 (PDP),81
https://www.lg.com/uk/tvs-soundbars/oled-evo/oled83w69la/,UK,제품 상세 (PDP),81
https://www.lg.com/uk/tvs-soundbars/nano-4k-uhd/98nu900b6lb/,UK,제품 상세 (PDP),81
https://www.lg.com/uk/tvs-soundbars/qned-evo/115qned93b6/,UK,제품 상세 (PDP),81
https://www.lg.com/uk/tvs-soundbars/fhd/24lb70006la/,UK,제품 상세 (PDP),81
https://www.lg.com/uk/tvs-soundbars/fhd/27lb70006la/,UK,제품 상세 (PDP),81
https://www.lg.com/uk/tvs-soundbars/qned-evo/75qned83b6a/,UK,제품 상세 (PDP),81
https://www.lg.com/uk/tvs-soundbars/fhd/32lb650b6la/,UK,제품 상세 (PDP),81
https://www.lg.com/uk/tvs-soundbars/qned-evo/55qned83b6a/,UK,제품 상세 (PDP),81
https://www.lg.com/uk/tvs-soundbars/mini-rgb-evo/55mrgb88b6b/,UK,제품 상세 (PDP),81
https://www.lg.com/uk/tvs-soundbars/qned-evo/43qned86b6b/,UK,제품 상세 (PDP),81
https://www.lg.com/uk/tvs-soundbars/mini-rgb-evo/75mrgb9mb9b/,UK,제품 상세 (PDP),81
https://www.lg.com/uk/tvs-soundbars/mini-rgb-evo/65mrgb9mb9b/,UK,제품 상세 (PDP),81
https://www.lg.com/uk/tvs-soundbars/qned-evo/43qned87b6a/,UK,제품 상세 (PDP),81
https://www.lg.com/uk/tvs-soundbars/qned-evo/85qned83b6a/,UK,제품 상세 (PDP),81
https://www.lg.com/uk/tvs-soundbars/mini-rgb-evo/86mrgb9mb9b/,UK,제품 상세 (PDP),81
https://www.lg.com/uk/tvs-soundbars/qned-evo/65qned83b6a/,UK,제품 상세 (PDP),81
https://www.lg.com/uk/tvs-soundbars/mini-rgb-evo/75mrgb86b6a/,UK,제품 상세 (PDP),81
https://www.lg.com/uk/tvs-soundbars/qned-evo/50qned8eb3f/,UK,제품 상세 (PDP),81
https://www.lg.com/uk/tvs-soundbars/qned-evo/43qned8eb3f/,UK,제품 상세 (PDP),81
https://www.lg.com/uk/tvs-soundbars/qned-evo/75qned8eb3a/,UK,제품 상세 (PDP),81
https://www.lg.com/uk/tvs-soundbars/qned-evo/50qned81b6c/,UK,제품 상세 (PDP),81
https://www.lg.com/uk/tvs-soundbars/qned-evo/55qned8eb3b/,UK,제품 상세 (PDP),81
https://www.lg.com/uk/tvs-soundbars/oled/oled65b65la/,UK,제품 상세 (PDP),81
https://www.lg.com/uk/tvs-soundbars/oled-evo/oled77c6elb/,UK,제품 상세 (PDP),81
https://www.lg.com/uk/tvs-soundbars/oled-evo/oled77c66lb/,UK,제품 상세 (PDP),81
https://www.lg.com/uk/tvs-soundbars/oled-evo/oled65g62lw/,UK,제품 상세 (PDP),81
https://www.lg.com/uk/tvs-soundbars/oled-evo/oled48c66lb/,UK,제품 상세 (PDP),81
https://www.lg.com/uk/tvs-soundbars/oled-evo/oled55g62lw/,UK,제품 상세 (PDP),81
https://www.lg.com/uk/tvs-soundbars/oled-evo/oled77c65la/,UK,제품 상세 (PDP),81
https://www.lg.com/uk/tvs-soundbars/oled/oled77b65la/,UK,제품 상세 (PDP),81
https://www.lg.com/uk/tvs-soundbars/oled-evo/oled48c65la/,UK,제품 상세 (PDP),81
https://www.lg.com/uk/tvs-soundbars/oled-evo/oled42c66lb/,UK,제품 상세 (PDP),81
https://www.lg.com/uk/tvs-soundbars/qned-evo/100qned87b6/,UK,제품 상세 (PDP),81
https://www.lg.com/uk/tvs-soundbars/oled/oled48b65la/,UK,제품 상세 (PDP),81
https://www.lg.com/uk/tvs-soundbars/nano-4k-uhd/50nu900b6la/,UK,제품 상세 (PDP),81
https://www.lg.com/uk/tvs-soundbars/oled-evo/oled42c65la/,UK,제품 상세 (PDP),81
https://www.lg.com/uk/tvs-soundbars/qned-evo/86qned85b6b/,UK,제품 상세 (PDP),81
https://www.lg.com/uk/tvs-soundbars/oled-evo/oled42c64la/,UK,제품 상세 (PDP),81
https://www.lg.com/uk/tvs-soundbars/qned-evo/50qned86b6b/,UK,제품 상세 (PDP),81
https://www.lg.com/uk/tvs-soundbars/oled/oled55b65la/,UK,제품 상세 (PDP),81
https://www.lg.com/uk/tvs-soundbars/oled-evo/oled48c64la/,UK,제품 상세 (PDP),81
https://www.lg.com/uk/tvs-soundbars/mini-rgb-evo/75mrgb88b6b/,UK,제품 상세 (PDP),81
https://www.lg.com/uk/tvs-soundbars/nano-4k-uhd/55nu900b6la/,UK,제품 상세 (PDP),81
https://www.lg.com/uk/tvs-soundbars/micro-rgb-evo/86mrgb96b6b/,UK,제품 상세 (PDP),81
https://www.lg.com/uk/tvs-soundbars/nano-4k-uhd/75nu800b6la/,UK,제품 상세 (PDP),81
https://www.lg.com/uk/tvs-soundbars/nano-4k-uhd/65nu900b6la/,UK,제품 상세 (PDP),81
https://www.lg.com/uk/tvs-soundbars/mini-rgb-evo/50mrgb88b6b/,UK,제품 상세 (PDP),81
https://www.lg.com/uk/tvs-soundbars/qned-evo/86qned86b6b/,UK,제품 상세 (PDP),81
https://www.lg.com/uk/tvs-soundbars/nano-4k-uhd/85nu900b6la/,UK,제품 상세 (PDP),81
https://www.lg.com/uk/tvs-soundbars/mini-rgb-evo/65mrgb88b6b/,UK,제품 상세 (PDP),81
https://www.lg.com/uk/tvs-soundbars/qned-evo/65qned8eb3b/,UK,제품 상세 (PDP),81
https://www.lg.com/uk/tvs-soundbars/nano-4k-uhd/55nu8e0b3la/,UK,제품 상세 (PDP),81
https://www.lg.com/uk/tvs-soundbars/nano-4k-uhd/65nu800b6la/,UK,제품 상세 (PDP),81
https://www.lg.com/uk/tvs-soundbars/nano-4k-uhd/43nu800b6lc/,UK,제품 상세 (PDP),81
https://www.lg.com/uk/tvs-soundbars/nano-4k-uhd/75nu8e0b3la/,UK,제품 상세 (PDP),81
https://www.lg.com/uk/tvs-soundbars/nano-4k-uhd/50nu800b6lc/,UK,제품 상세 (PDP),81
https://www.lg.com/uk/tvs-soundbars/nano-4k-uhd/50nu8e0b3la/,UK,제품 상세 (PDP),81
https://www.lg.com/uk/tvs-soundbars/nano-4k-uhd/65nu8e0b3la/,UK,제품 상세 (PDP),81
https://www.lg.com/uk/tvs-soundbars/mini-rgb-evo/86mrgb88b6b/,UK,제품 상세 (PDP),81
https://www.lg.com/uk/tvs-soundbars/qned-evo/55qned86b6b/,UK,제품 상세 (PDP),81
https://www.lg.com/uk/tvs-soundbars/qned-evo/86qned87b6a/,UK,제품 상세 (PDP),81
https://www.lg.com/uk/tvs-soundbars/gallery-tv-with-fram/55lx7b6la/,UK,제품 상세 (PDP),81
https://www.lg.com/uk/tvs-soundbars/nano-4k-uhd/43nu8e0b3la/,UK,제품 상세 (PDP),81
https://www.lg.com/uk/tvs-soundbars/oled/oled83b65la/,UK,제품 상세 (PDP),81
https://www.lg.com/uk/tvs-soundbars/gallery-tv-with-fram/65lx7b6la/,UK,제품 상세 (PDP),81
https://www.lg.com/uk/tvs-soundbars/micro-rgb-evo/100mrgb96b6/,UK,제품 상세 (PDP),81
https://www.lg.com/uk/tvs-soundbars/nano-4k-uhd/85nu8e0b3la/,UK,제품 상세 (PDP),81
https://www.lg.com/uk/support/product-support/troubleshoot/help-library/cs-CT00008333-20155132363655,UK,Support - Troubleshoot,86
https://www.lg.com/uk/support/product-support/troubleshoot/help-library/cs-CT00008333-20154988832858,UK,Support - Troubleshoot,82
https://www.lg.com/uk/support/product-support/troubleshoot/help-library/cs-CT32002741-20155114025971/,UK,Support - Troubleshoot,82
https://www.lg.com/uk/support/product-support/troubleshoot/help-library/cs-CT00008386-20155146794919/,UK,Support - Troubleshoot,82
https://www.lg.com/uk/support/product-support/troubleshoot/help-library/cs-CT00008362-20154982207124,UK,Support - Troubleshoot,82
https://www.lg.com/uk/support/product-support/troubleshoot/help-library/cs-CT00008386-20155051180443/,UK,Support - Troubleshoot,82
https://www.lg.com/uk/support/product-support/troubleshoot/help-library/cs-CT00008386-20155141427618,UK,Support - Troubleshoot,86
https://www.lg.com/uk/support/product-support/troubleshoot/help-library/cs-CT00008333-20155146915740,UK,Support - Troubleshoot,86
https://www.lg.com/uk/support/product-support/troubleshoot/help-library/cs-CT00008333-20155179485106,UK,Support - Troubleshoot,82
https://www.lg.com/uk/support/product-support/troubleshoot/help-library/cs-CT00008362-20151317958963DRC,UK,Support - Troubleshoot,86
https://www.lg.com/uk/support/product-support/troubleshoot/help-library/cs-CT00008386-20155269142532/,UK,Support - Troubleshoot,86
https://www.lg.com/uk/support/product-support/troubleshoot/help-library/cs-CT00008333-20155143127535,UK,Support - Troubleshoot,86
https://www.lg.com/uk/support/product-support/troubleshoot/help-library/cs-CT00008333-20155132464690,UK,Support - Troubleshoot,86
https://www.lg.com/uk/support/product-support/troubleshoot/help-library/cs-CT41000011-20155048193085/,UK,Support - Troubleshoot,82
https://www.lg.com/uk/support/product-support/troubleshoot/help-library/cs-CT00008362-20155379392203/,UK,Support - Troubleshoot,86
https://www.lg.com/uk/support/product-support/troubleshoot/help-library/cs-CT00008386-20155268094107/,UK,Support - Troubleshoot,86
https://www.lg.com/uk/support/product-support/troubleshoot/help-library/cs-CT00008386-20155132484936/,UK,Support - Troubleshoot,86
https://www.lg.com/uk/support/product-support/troubleshoot/help-library/cs-CT00008333-20155052625265/,UK,Support - Troubleshoot,82
https://www.lg.com/uk/support/product-support/troubleshoot/help-library/cs-CT00008333-20155120620672,UK,Support - Troubleshoot,86
https://www.lg.com/uk/support/product-support/troubleshoot/help-library/cs-CT00001871-20155140653532,UK,Support - Troubleshoot,86
https://www.lg.com/uk/support/product-support/troubleshoot/help-library/cs-CT00008362-20151318093726DRC,UK,Support - Troubleshoot,86
https://www.lg.com/uk/support/product-support/troubleshoot/help-library/cs-CT00008333-20155146895817,UK,Support - Troubleshoot,86
https://www.lg.com/uk/support/product-support/troubleshoot/help-library/cs-CT00008362-20155370311750,UK,Support - Troubleshoot,86
https://www.lg.com/uk/support/product-support/troubleshoot/help-library/cs-CT00008333-20155145284137/,UK,Support - Troubleshoot,86
https://www.lg.com/uk/support/product-support/troubleshoot/help-library/cs-CT00008362-20152500940660DRC,UK,Support - Troubleshoot,86
https://www.lg.com/uk/support/product-support/troubleshoot/help-library/cs-CT32002741-20155062102677/,UK,Support - Troubleshoot,82
https://www.lg.com/uk/support/product-support/troubleshoot/help-library/cs-CT00008386-20155143402350/,UK,Support - Troubleshoot,82
https://www.lg.com/uk/support/product-support/troubleshoot/help-library/cs-CT00008333-20155051198477,UK,Support - Troubleshoot,82
https://www.lg.com/uk/support/product-support/troubleshoot/help-library/cs-CT00008333-20155146888237,UK,Support - Troubleshoot,86
https://www.lg.com/uk/support/product-support/troubleshoot/help-library/cs-CT00008386-20155132493493/,UK,Support - Troubleshoot,86
https://www.lg.com/uk/support/product-support/troubleshoot/help-library/cs-CT00008362-20152500915219DRC,UK,Support - Troubleshoot,86
https://www.lg.com/uk/support/product-support/troubleshoot/help-library/cs-CT00008355-20155049074934,UK,Support - Troubleshoot,82
https://www.lg.com/uk/support/product-support/troubleshoot/help-library/cs-CT00008333-20155146780081,UK,Support - Troubleshoot,86
https://www.lg.com/uk/support/product-support/troubleshoot/help-library/cs-CT00008333-20155381409557,UK,Support - Troubleshoot,86
https://www.lg.com/uk/support/product-support/troubleshoot/help-library/cs-CT00008333-20155104756194,UK,Support - Troubleshoot,86
https://www.lg.com/uk/support/product-support/troubleshoot/help-library/cs-CT00008386-20155410117247/,UK,Support - Troubleshoot,86
https://www.lg.com/uk/support/product-support/troubleshoot/help-library/cs-CT00008362-20155348063934/,UK,Support - Troubleshoot,86
https://www.lg.com/uk/support/product-support/troubleshoot/help-library/cs-CT00008333-20155142857269,UK,Support - Troubleshoot,86
https://www.lg.com/uk/support/product-support/troubleshoot/help-library/cs-CT00008362-20151331542615DRC,UK,Support - Troubleshoot,86
https://www.lg.com/uk/support/product-support/troubleshoot/help-library/cs-CT00008333-20154967824349/,UK,Support - Troubleshoot,82
https://www.lg.com/uk/support/product-support/troubleshoot/help-library/cs-CT00008362-20151316780547DRC,UK,Support - Troubleshoot,86
https://www.lg.com/uk/support/product-support/troubleshoot/help-library/cs-CT00008333-20155146802931,UK,Support - Troubleshoot,86
https://www.lg.com/uk/support/product-support/troubleshoot/help-library/cs-CT00008333-20155142687195,UK,Support - Troubleshoot,86
https://www.lg.com/uk/support/product-support/troubleshoot/help-library/cs-CT00008333-20155146924753,UK,Support - Troubleshoot,86
https://www.lg.com/uk/support/product-support/troubleshoot/help-library/cs-CT00008362-20155295256907,UK,Support - Troubleshoot,82
https://www.lg.com/uk/support/product-support/troubleshoot/help-library/cs-CT00008333-20155146795147,UK,Support - Troubleshoot,86
https://www.lg.com/uk/support/product-support/troubleshoot/help-library/cs-CT00008362-20155377740475,UK,Support - Troubleshoot,82
https://www.lg.com/uk/support/product-support/troubleshoot/help-library/cs-CT00008333-20155143390249,UK,Support - Troubleshoot,86
https://www.lg.com/uk/support/product-support/troubleshoot/help-library/cs-CT00008386-20155143221538/,UK,Support - Troubleshoot,86
https://www.lg.com/uk/support/product-support/troubleshoot/help-library/cs-CT00008333-20155141415346,UK,Support - Troubleshoot,86
https://www.lg.com/uk/support/product-support/troubleshoot/help-library/cs-CT41000011-20155130423281/,UK,Support - Troubleshoot,82
https://www.lg.com/uk/support/product-support/troubleshoot/help-library/cs-CT00008333-20155143158542/,UK,Support - Troubleshoot,86
https://www.lg.com/uk/support/product-support/troubleshoot/help-library/cs-CT00001871-20155119015029,UK,Support - Troubleshoot,86
https://www.lg.com/uk/support/product-support/troubleshoot/help-library/cs-CT00008333-20155146920004,UK,Support - Troubleshoot,86
https://www.lg.com/uk/support/product-support/troubleshoot/help-library/cs-CT00008386-20155006056709/,UK,Support - Troubleshoot,82
https://www.lg.com/uk/support/product-support/troubleshoot/help-library/cs-CT00008333-20155146783631,UK,Support - Troubleshoot,86
https://www.lg.com/uk/support/product-support/troubleshoot/help-library/cs-CT00008362-20155028316650,UK,Support - Troubleshoot,82
https://www.lg.com/uk/support/product-support/troubleshoot/help-library/cs-CT00008362-20155101722897/,UK,Support - Troubleshoot,82
https://www.lg.com/uk/support/product-support/troubleshoot/help-library/cs-CT41000011-20155135975511/,UK,Support - Troubleshoot,86
https://www.lg.com/uk/support/product-support/troubleshoot/help-library/cs-CT00008333-20155145269748,UK,Support - Troubleshoot,86
https://www.lg.com/uk/support/product-support/troubleshoot/help-library/cs-CT00008362-20151318119847DRC,UK,Support - Troubleshoot,86
https://www.lg.com/uk/support/product-support/troubleshoot/help-library/cs-CT00008333-20155130448966,UK,Support - Troubleshoot,82
https://www.lg.com/uk/support/product-support/troubleshoot/help-library/cs-CT00008386-20155142759730/,UK,Support - Troubleshoot,86
https://www.lg.com/uk/support/product-support/troubleshoot/help-library/cs-CT41000011-20155115753211/,UK,Support - Troubleshoot,82
https://www.lg.com/uk/support/product-support/troubleshoot/help-library/cs-CT00008333-20155265988733,UK,Support - Troubleshoot,86
https://www.lg.com/uk/support/product-support/troubleshoot/help-library/cs-CT00008333-20155146914373,UK,Support - Troubleshoot,86
https://www.lg.com/uk/support/product-support/troubleshoot/help-library/cs-CT00008362-20155102984083/,UK,Support - Troubleshoot,82
https://www.lg.com/uk/support/product-support/troubleshoot/help-library/cs-CT32002741-20155363611088/,UK,Support - Troubleshoot,82
https://www.lg.com/uk/support/product-support/troubleshoot/help-library/cs-CT00008333-20155155365414/,UK,Support - Troubleshoot,82
https://www.lg.com/uk/support/product-support/troubleshoot/help-library/cs-CT00008362-20155140815583,UK,Support - Troubleshoot,82
https://www.lg.com/uk/support/product-support/troubleshoot/help-library/cs-CT00008386-20155146346458/,UK,Support - Troubleshoot,86
https://www.lg.com/uk/support/product-support/troubleshoot/help-library/cs-CT00008386-20155140886939,UK,Support - Troubleshoot,86
https://www.lg.com/uk/support/product-support/troubleshoot/help-library/cs-CT00008333-20155146937068,UK,Support - Troubleshoot,86
https://www.lg.com/uk/support/product-support/troubleshoot/help-library/cs-CT00008362-20155348101623,UK,Support - Troubleshoot,86
https://www.lg.com/uk/support/product-support/troubleshoot/help-library/cs-CT00008386-20155142874293/,UK,Support - Troubleshoot,86
https://www.lg.com/uk/support/product-support/troubleshoot/help-library/cs-CT00008333-20155132593562,UK,Support - Troubleshoot,86
https://www.lg.com/uk/support/product-support/troubleshoot/help-library/cs-CT00008333-20155142900522,UK,Support - Troubleshoot,86
https://www.lg.com/uk/support/product-support/troubleshoot/help-library/cs-CT00008333-20155146936189,UK,Support - Troubleshoot,86
https://www.lg.com/uk/support/product-support/troubleshoot/help-library/cs-CT41000011-20155134078952/,UK,Support - Troubleshoot,86
https://www.lg.com/uk/support/product-support/troubleshoot/help-library/cs-CT00008333-20155146893257,UK,Support - Troubleshoot,86
https://www.lg.com/uk/support/product-support/troubleshoot/help-library/cs-CT41000011-20155198998732/,UK,Support - Troubleshoot,86
https://www.lg.com/uk/support/product-support/troubleshoot/help-library/cs-CT00008362-20155101725403,UK,Support - Troubleshoot,82
https://www.lg.com/uk/support/product-support/troubleshoot/help-library/cs-CT00008362-20152500935902DRC,UK,Support - Troubleshoot,86
https://www.lg.com/uk/support/product-support/troubleshoot/help-library/cs-CT32002742-20155115815192/,UK,Support - Troubleshoot,86
https://www.lg.com/uk/support/product-support/troubleshoot/help-library/cs-CT00008362-20155263929570,UK,Support - Troubleshoot,82
https://www.lg.com/uk/support/product-support/troubleshoot/help-library/cs-CT00008362-20155102944371/,UK,Support - Troubleshoot,82
https://www.lg.com/uk/support/product-support/troubleshoot/help-library/cs-CT00008362-20152500918031DRC,UK,Support - Troubleshoot,86
https://www.lg.com/uk/support/product-support/troubleshoot/help-library/cs-CT00008333-20155412220972,UK,Support - Troubleshoot,86
https://www.lg.com/uk/support/product-support/troubleshoot/help-library/cs-CT00008333-20155132471717,UK,Support - Troubleshoot,86
https://www.lg.com/uk/support/product-support/troubleshoot/help-library/cs-CT41000011-20155134077139/,UK,Support - Troubleshoot,86
https://www.lg.com/uk/support/product-support/troubleshoot/help-library/cs-CT00008362-20155101724145,UK,Support - Troubleshoot,82
https://www.lg.com/uk/support/product-support/troubleshoot/help-library/cs-CT00008362-20152500943208DRC,UK,Support - Troubleshoot,86
https://www.lg.com/uk/support/product-support/troubleshoot/help-library/cs-CT00008362-20152500919178DRC,UK,Support - Troubleshoot,86
https://www.lg.com/uk/support/product-support/troubleshoot/help-library/cs-CT00008362-20152500922436DRC,UK,Support - Troubleshoot,86
https://www.lg.com/uk/support/product-support/troubleshoot/help-library/cs-CT00008362-20155102954932/,UK,Support - Troubleshoot,82
https://www.lg.com/uk/support/product-support/troubleshoot/help-library/cs-CT00008333-20152424765521LST/,UK,Support - Troubleshoot,86
https://www.lg.com/uk/support/product-support/troubleshoot/help-library/cs-CT00008333-20155142860379,UK,Support - Troubleshoot,86
https://www.lg.com/uk/support/product-support/troubleshoot/help-library/cs-CT00008386-20155141433043,UK,Support - Troubleshoot,86
https://www.lg.com/uk/support/product-support/troubleshoot/help-library/cs-CT00008333-20155146883891,UK,Support - Troubleshoot,86
https://www.lg.com/uk/support/product-support/troubleshoot/help-library/cs-CT00008333-20155122623529,UK,Support - Troubleshoot,86
https://www.lg.com/uk/tvs-soundbars/oled/?ec_ft_07545403=55_inch,UK,제품 카테고리 (PLP),83
https://www.lg.com/uk/tvs-soundbars/ultra-big-tvs/?ec_ft_07545403=70_-_75_inch,UK,제품 카테고리 (PLP),79
https://www.lg.com/uk/lg-xboom-by-will-i-am/,UK,제품 카테고리 (PLP),75
https://www.lg.com/uk/tvs-soundbars/oled/?ec_ft_07545403=86_-_98_inch,UK,제품 카테고리 (PLP),83
https://www.lg.com/uk/tvs-soundbars/smart-tvs/?ec_ft_07545403=65_inch,UK,제품 카테고리 (PLP),79
https://www.lg.com/uk/speakers/soundbars/,UK,제품 카테고리 (PLP),79
https://www.lg.com/uk/tvs-soundbars/miniled/?ec_ft_07545403=55_inch,UK,제품 카테고리 (PLP),82
https://www.lg.com/uk/speakers/all-speakers/,UK,제품 카테고리 (PLP),82
https://www.lg.com/uk/monitors/ultrawide/,UK,제품 카테고리 (PLP),79
https://www.lg.com/uk/tvs-soundbars/home-cinema-soundbar/,UK,제품 카테고리 (PLP),71
https://www.lg.com/uk/tvs-soundbars/oled-evo/?ec_ft_07545403=77_-_85_inch,UK,제품 카테고리 (PLP),79
https://www.lg.com/uk/speakers/2023/soundbars/,UK,제품 카테고리 (PLP),76
https://www.lg.com/uk/lifestyle-screens/objet-collection-pose/,UK,제품 카테고리 (PLP),79
https://www.lg.com/uk/tvs-soundbars/all-tvs/?ec_ft_07545403=50_inch,UK,제품 카테고리 (PLP),79
https://www.lg.com/uk/monitors/lifestyle-monitor-swing/,UK,제품 카테고리 (PLP),79
https://www.lg.com/uk/tvs-soundbars/nanocell/?ec_ft_07545403=55_inch,UK,제품 카테고리 (PLP),79
https://www.lg.com/uk/tvs-soundbars/all-tvs/?ec_ft_07545403=100_inch_and_larger,UK,제품 카테고리 (PLP),79
https://www.lg.com/uk/tvs-soundbars/smart-tvs/?ec_ft_07545403=55_inch,UK,제품 카테고리 (PLP),79
https://www.lg.com/uk/speakers-sound-systems/portable-bluetooth-speakers/,UK,제품 카테고리 (PLP),83
https://www.lg.com/uk/tvs-soundbars/qned/?ec_ft_07545403=50_inch,UK,제품 카테고리 (PLP),83
https://www.lg.com/uk/tvs-soundbars/qned/?ec_ft_07545403=42_-_48_inch,UK,제품 카테고리 (PLP),83
https://www.lg.com/uk/tvs-soundbars/qned/?ec_ft_07545403=65_inch,UK,제품 카테고리 (PLP),83
https://www.lg.com/uk/monitors/professional-monitor/,UK,제품 카테고리 (PLP),83
https://www.lg.com/uk/tvs-soundbars/qned/?ec_ft_07545403=77_-_85_inch,UK,제품 카테고리 (PLP),83
https://www.lg.com/uk/speakers/soundbars/dolby-atmos-soundbars/,UK,제품 카테고리 (PLP),83
https://www.lg.com/uk/monitors/oled-monitors/,UK,제품 카테고리 (PLP),83
https://www.lg.com/uk/tvs-soundbars/smart-tvs/?ec_ft_07545403=77_-_85_inch,UK,제품 카테고리 (PLP),79
https://www.lg.com/uk/tvs-soundbars/all-tvs/?ec_ft_07545403=55_inch,UK,제품 카테고리 (PLP),79
https://www.lg.com/uk/tvs-soundbars/all-tvs-soundbars/,UK,제품 카테고리 (PLP),79
https://www.lg.com/uk/tvs-soundbars/qned-evo/?ec_ft_07545403=55_inch,UK,제품 카테고리 (PLP),82
https://www.lg.com/uk/monitors/tv-monitors/,UK,제품 카테고리 (PLP),79
https://www.lg.com/uk/tvs-soundbars/qned/?ec_ft_07545403=70_-_75_inch,UK,제품 카테고리 (PLP),83
https://www.lg.com/uk/tvs-soundbars/miniled/?ec_ft_07545403=50_inch,UK,제품 카테고리 (PLP),82
https://www.lg.com/uk/tvs-soundbars/true-wireless-tv/,UK,제품 카테고리 (PLP),82
https://www.lg.com/uk/tvs-soundbars/oled-art/,UK,제품 카테고리 (PLP),72
https://www.lg.com/uk/tvs-soundbars/all-tvs/?ec_ft_07545403=32_inch,UK,제품 카테고리 (PLP),79
https://www.lg.com/uk/monitors/gaming-monitor/,UK,제품 카테고리 (PLP),83
https://www.lg.com/uk/tvs-soundbars/qned/?ec_ft_07545403=86_-_98_inch,UK,제품 카테고리 (PLP),83
https://www.lg.com/uk/monitors/ultrafine-evo/,UK,제품 카테고리 (PLP),79
https://www.lg.com/uk/speakers/home-cinema-soundbar/,UK,제품 카테고리 (PLP),82
https://www.lg.com/uk/tvs-soundbars/oled/,UK,제품 카테고리 (PLP),83
https://www.lg.com/uk/monitors/ergo-monitors/,UK,제품 카테고리 (PLP),79
https://www.lg.com/uk/tvs-soundbars/mini-rgb-evo/,UK,제품 카테고리 (PLP),82
https://www.lg.com/uk/tvs-soundbars/oled-innovation/,UK,제품 카테고리 (PLP),72
https://www.lg.com/uk/soundsuite/,UK,제품 카테고리 (PLP),73
https://www.lg.com/uk/tvs-soundbars/true-wireless-tv/?ec_ft_07545403=65_inch,UK,제품 카테고리 (PLP),82
https://www.lg.com/uk/tvs-soundbars/nanocell/?ec_ft_07545403=42_-_48_inch,UK,제품 카테고리 (PLP),79
https://www.lg.com/uk/tvs-soundbars/qned-mini-led/,UK,제품 카테고리 (PLP),82
https://www.lg.com/uk/tvs-soundbars/true-wireless-tv/?ec_ft_07545403=86_-_98_inch,UK,제품 카테고리 (PLP),82
https://www.lg.com/uk/tvs-soundbars/oled-evo/?ec_ft_07545403=42_-_48_inch,UK,제품 카테고리 (PLP),79
https://www.lg.com/uk/tvs-soundbars/2024/smart/promotion/,UK,제품 카테고리 (PLP),69
https://www.lg.com/uk/monitors/gaming/,UK,제품 카테고리 (PLP),83
https://www.lg.com/uk/tvs-soundbars/miniled/?ec_ft_07545403=42_-_48_inch,UK,제품 카테고리 (PLP),82
https://www.lg.com/uk/speakers/gaming-speakers/,UK,제품 카테고리 (PLP),82
https://www.lg.com/uk/tvs-soundbars/all-tvs/,UK,제품 카테고리 (PLP),79
https://www.lg.com/uk/tvs-soundbars/ultra-big-tvs/?ec_ft_07545403=86_-_98_inch,UK,제품 카테고리 (PLP),79
https://www.lg.com/uk/speakers/soundbars-with-subwoofer/,UK,제품 카테고리 (PLP),82
https://www.lg.com/uk/lifestyle-screens/,UK,제품 카테고리 (PLP),79
https://www.lg.com/uk/tvs-soundbars/soundbars/,UK,제품 카테고리 (PLP),68
https://www.lg.com/uk/tvs-soundbars/nanocell/?ec_ft_07545403=65_inch,UK,제품 카테고리 (PLP),79
https://www.lg.com/uk/tvs-soundbars/smart-tvs/,UK,제품 카테고리 (PLP),79
https://www.lg.com/uk/tvs-soundbars/miniled/,UK,제품 카테고리 (PLP),82
https://www.lg.com/uk/tvs-soundbars/all-tvs/?ec_ft_07545403=65_inch,UK,제품 카테고리 (PLP),79
https://www.lg.com/uk/tvs-soundbars/oled-evo/?ec_ft_07545403=86_-_98_inch,UK,제품 카테고리 (PLP),79
https://www.lg.com/uk/speakers/,UK,제품 카테고리 (PLP),75
https://www.lg.com/uk/tvs-soundbars/all-tvs-soundbars/?ec_ft_07545403=100_inch_and_larger,UK,제품 카테고리 (PLP),79
https://www.lg.com/uk/speakers/all-soundbars/,UK,제품 카테고리 (PLP),83
https://www.lg.com/uk/monitors/ultragear-evo/,UK,제품 카테고리 (PLP),83
https://www.lg.com/uk/tvs-soundbars/nanocell/,UK,제품 카테고리 (PLP),79
https://www.lg.com/uk/tvs-soundbars/all-tvs/?ec_ft_07545403=70_-_75_inch,UK,제품 카테고리 (PLP),79
https://www.lg.com/uk/tvs-soundbars/nanocell/?ec_ft_07545403=86_-_98_inch,UK,제품 카테고리 (PLP),79
https://www.lg.com/uk/monitors/fhd-qhd/,UK,제품 카테고리 (PLP),79
https://www.lg.com/uk/art-tv/,UK,제품 카테고리 (PLP),79
https://www.lg.com/uk/tvs-soundbars/smart-tvs/?ec_ft_07545403=50_inch,UK,제품 카테고리 (PLP),79
https://www.lg.com/uk/tvs-soundbars/true-wireless-tv/?ec_ft_07545403=77_-_85_inch,UK,제품 카테고리 (PLP),82
https://www.lg.com/uk/tvs-soundbars/qned-evo/?ec_ft_07545403=65_inch,UK,제품 카테고리 (PLP),82
https://www.lg.com/uk/tvs-soundbars/tv-monitors/,UK,제품 카테고리 (PLP),82
https://www.lg.com/uk/monitors/ultragear/,UK,제품 카테고리 (PLP),64
https://www.lg.com/uk/tvs-soundbars/miniled/?ec_ft_07545403=70_-_75_inch,UK,제품 카테고리 (PLP),82
https://www.lg.com/uk/speakers/portable-speakers/,UK,제품 카테고리 (PLP),83
https://www.lg.com/uk/monitors/curved-monitor/,UK,제품 카테고리 (PLP),83
https://www.lg.com/uk/speakers/xboom/xboombywilliam/,UK,제품 카테고리 (PLP),71
https://www.lg.com/uk/speakers/xboom-bluetooth-speakers/,UK,제품 카테고리 (PLP),86
https://www.lg.com/uk/tvs-soundbars/qned-evo/?ec_ft_07545403=86_-_98_inch,UK,제품 카테고리 (PLP),82
https://www.lg.com/uk/speakers/hi-fi-system/,UK,제품 카테고리 (PLP),79
https://www.lg.com/uk/tvs-soundbars/oled-evo/?ec_ft_07545403=65_inch,UK,제품 카테고리 (PLP),79
https://www.lg.com/uk/tvs-soundbars/qned/?ec_ft_07545403=55_inch,UK,제품 카테고리 (PLP),83
https://www.lg.com/uk/speakers/xboom-go/,UK,제품 카테고리 (PLP),86
https://www.lg.com/uk/all-soundsuite/,UK,제품 카테고리 (PLP),79
https://www.lg.com/uk/tvs-soundbars/smart-tvs/?ec_ft_07545403=32_inch,UK,제품 카테고리 (PLP),79
https://www.lg.com/uk/sound-suite/,UK,제품 카테고리 (PLP),79
https://www.lg.com/uk/tvs-soundbars/ultra-big-tvs/?ec_ft_07545403=77_-_85_inch,UK,제품 카테고리 (PLP),79
https://www.lg.com/uk/tvs-soundbars/oled-evo/?ec_ft_07545403=55_inch,UK,제품 카테고리 (PLP),79
https://www.lg.com/uk/tvs-soundbars/,UK,제품 카테고리 (PLP),79
https://www.lg.com/uk/tvs-soundbars/qned/?ec_ft_07545403=100_inch_and_larger,UK,제품 카테고리 (PLP),83
https://www.lg.com/uk/soundsuite/sound-suite-accessories/,UK,제품 카테고리 (PLP),82
https://www.lg.com/uk/tvs-soundbars/all-tvs-soundbars/?ec_ft_06517843=4K_UHD,UK,제품 카테고리 (PLP),79
https://www.lg.com/uk/monitors/smart-monitors/,UK,제품 카테고리 (PLP),79
https://www.lg.com/uk/tvs-soundbars/all-tvs/?ec_ft_07545403=86_-_98_inch/,UK,제품 카테고리 (PLP),79
https://www.lg.com/uk/speakers-sound-systems/soundbars/,UK,제품 카테고리 (PLP),79
https://www.lg.com/uk/monitor/monitor-products-ips/,UK,Microsite,67
https://www.lg.com/uk/monitors/gaming-monitors/,UK,Microsite,70
https://www.lg.com/uk/monitors/ergomonitor/,UK,Microsite,71
https://www.lg.com/uk/monitors/gaming/event/,UK,Microsite,78
https://www.lg.com/uk/monitors/ips-monitor/,UK,Microsite,67
https://www.lg.com/uk/monitors/ips/,UK,Microsite,67
https://www.lg.com/uk/monitors/ultrafine/,UK,Microsite,78
https://www.lg.com/uk/monitors/ultragear/event/,UK,Microsite,74
https://www.lg.com/uk/monitors/led-monitor/,UK,Microsite,70
https://www.lg.com/uk/monitors/uhd-4k-5k/ultrafine/,UK,Microsite,67
https://www.lg.com/uk/monitors/ultrawide-monitors/,UK,Microsite,75
https://www.lg.com/uk/monitors/tv-monitor/,UK,Microsite,70
https://www.lg.com/uk/monitors/ultragear/esports/,UK,Microsite,71
https://www.lg.com/uk/monitors/ultragear/brandstory/,UK,Microsite,68
https://www.lg.com/uk/monitors/ultragear/highlight/,UK,Microsite,71
https://www.lg.com/uk/speakers-sound-systems/gaming-speakers/,UK,Microsite,70
https://www.lg.com/uk/soundsuite/howtovideo-qna/,UK,Microsite,82
https://www.lg.com/uk/tvs-soundbars/2023/smart/,UK,Microsite,79
https://www.lg.com/uk/tvs-soundbars/2024/smart/,UK,Microsite,70
https://www.lg.com/uk/tvs-soundbars/2023/entertainment/,UK,Microsite,81
https://www.lg.com/uk/speakers-sound-systems/hi-fi-systems/,UK,Microsite,70
https://www.lg.com/uk/tvs-soundbars/appletvplus/,UK,Microsite,81
https://www.lg.com/uk/tvs-soundbars/ai-tv/,UK,Microsite,75
https://www.lg.com/uk/tvs-soundbars/oled-tvs/,UK,Microsite,67
https://www.lg.com/uk/tvs-soundbars/oled/2023/oled-warranty/,UK,Microsite,78
https://www.lg.com/uk/tvs-soundbars/lg-screen-vision/,UK,Microsite,75
https://www.lg.com/uk/tvs-soundbars/oled/warranty/,UK,Microsite,81
https://www.lg.com/uk/tvs-soundbars/qned/2023/qned-spec-comparison/,UK,Microsite,78
https://www.lg.com/uk/tvs-soundbars/sampe-plp/,UK,Microsite,67
https://www.lg.com/uk/tvs-soundbars/tv-by-inch/,UK,Microsite,70
https://www.lg.com/uk/tvs-soundbars/why-qned-evo/,UK,Microsite,79
https://www.lg.com/uk/webos-smart-tv/,UK,Microsite,70
https://www.lg.com/uk/tvs-soundbars/why-true-wireless/,UK,Microsite,71
https://www.lg.com/uk/tvs-soundbars/why-lg-art-tv/,UK,Microsite,71
https://www.lg.com/uk/tvs-soundbars/why-lg-oled-evo/,UK,Microsite,79
https://www.lg.com/uk/tvs-soundbars/why-lg-ai-tv/,UK,Microsite,79
https://www.lg.com/us/tvs/lg-43nu700bpuc-4k-uhd-tv,USA,제품 상세 (PDP),87
https://www.lg.com/us/tvs/lg-100mrgb95bu-mrgb-4k-tv,USA,제품 상세 (PDP),87
https://www.lg.com/us/tvs/lg-43qned74bua-qned-4k-tv,USA,제품 상세 (PDP),87
https://www.lg.com/us/tvs/lg-50nu700bpua-4k-uhd-tv,USA,제품 상세 (PDP),87
https://www.lg.com/us/tvs/lg-100qned84bu-qned-4k-tv,USA,제품 상세 (PDP),87
https://www.lg.com/us/tvs/lg-43qned75bua-qned-4k-tv,USA,제품 상세 (PDP),87
https://www.lg.com/us/tvs/lg-115qned92bu-qned-4k-tv,USA,제품 상세 (PDP),87
https://www.lg.com/us/tvs/lg-85nu700bpua-4k-uhd-tv,USA,제품 상세 (PDP),87
https://www.lg.com/us/tvs/lg-85nu870baua-4k-uhd-tv,USA,제품 상세 (PDP),84
https://www.lg.com/us/tvs/lg-70nu850baud-4k-uhd-tv,USA,제품 상세 (PDP),84
https://www.lg.com/us/tvs/lg-75nu700bpua-4k-uhd-tv,USA,제품 상세 (PDP),87
https://www.lg.com/us/tvs/lg-65nu850bpua-4k-uhd-tv,USA,제품 상세 (PDP),84
https://www.lg.com/us/tvs/lg-85nu850bpua-4k-uhd-tv,USA,제품 상세 (PDP),87
https://www.lg.com/us/tvs/lg-65nu700bpua-4k-uhd-tv,USA,제품 상세 (PDP),87
https://www.lg.com/us/tvs/lg-75qned75baa-qned-4k-tv,USA,제품 상세 (PDP),84
https://www.lg.com/us/tvs/lg-55qned75bua-qned-4k-tv,USA,제품 상세 (PDP),87
https://www.lg.com/us/tvs/lg-65qned75bua-qned-4k-tv,USA,제품 상세 (PDP),87
https://www.lg.com/us/tvs/lg-75nu850bpua-4k-uhd-tv,USA,제품 상세 (PDP),87
https://www.lg.com/us/tvs/lg-65qned84bua-qned-4k-tv,USA,제품 상세 (PDP),87
https://www.lg.com/us/tvs/lg-75qned84bua-qned-4k-tv,USA,제품 상세 (PDP),87
https://www.lg.com/us/tvs/lg-55qned84bua-qned-4k-tv,USA,제품 상세 (PDP),87
https://www.lg.com/us/tvs/lg-75mrgb95bua-mrgb-4k-tv,USA,제품 상세 (PDP),87
https://www.lg.com/us/tvs/lg-98nu850bpub-4k-uhd-tv,USA,제품 상세 (PDP),87
https://www.lg.com/us/tvs/lg-oled48c6pua-oled-4k-tv,USA,제품 상세 (PDP),87
https://www.lg.com/us/tvs/lg-oled55c6pua-oled-4k-tv,USA,제품 상세 (PDP),87
https://www.lg.com/us/tvs/lg-oled42c6pua-oled-4k-tv,USA,제품 상세 (PDP),87
https://www.lg.com/us/tvs/lg-oled55g6wua-oled-4k-tv,USA,제품 상세 (PDP),87
https://www.lg.com/us/tvs/lg-85qned74bua-qned-4k-tv,USA,제품 상세 (PDP),87
https://www.lg.com/us/tvs/lg-55nu700bpua-4k-uhd-tv,USA,제품 상세 (PDP),87
https://www.lg.com/us/tvs/lg-85qned75bua-qned-4k-tv,USA,제품 상세 (PDP),87
https://www.lg.com/us/tvs/lg-85qned84bua-qned-4k-tv,USA,제품 상세 (PDP),87
https://www.lg.com/us/tvs/lg-50qned75bua-qned-4k-tv,USA,제품 상세 (PDP),87
https://www.lg.com/us/tvs/lg-55nu850bpua-4k-uhd-tv,USA,제품 상세 (PDP),84
https://www.lg.com/us/tvs/lg-55nu850baua-4k-uhd-tv,USA,제품 상세 (PDP),84
https://www.lg.com/us/tvs/lg-65nu850baua-4k-uhd-tv,USA,제품 상세 (PDP),84
https://www.lg.com/us/tvs/lg-98nu850baub-4k-uhd-tv,USA,제품 상세 (PDP),87
https://www.lg.com/us/tvs/lg-86mrgb95bua-mrgb-4k-tv,USA,제품 상세 (PDP),87
https://www.lg.com/us/tvs/lg-oled83c6hup-oled-4k-tv,USA,제품 상세 (PDP),87
https://www.lg.com/us/tvs/lg-oled77w6pua-oled-4k-tv,USA,제품 상세 (PDP),87
https://www.lg.com/us/tvs/lg-oled83g6wua-oled-4k-tv,USA,제품 상세 (PDP),87
https://www.lg.com/us/tvs/lg-oled65g6wua-oled-4k-tv,USA,제품 상세 (PDP),87
https://www.lg.com/us/tvs/lg-oled77g6wua-oled-4k-tv,USA,제품 상세 (PDP),90
https://www.lg.com/us/tvs/lg-oled97g6wua-oled-4k-tv,USA,제품 상세 (PDP),87
https://www.lg.com/us/tvs/lg-oled77b6gua-oled-4k-tv,USA,제품 상세 (PDP),90
https://www.lg.com/us/tvs/lg-oled77c6hup-oled-4k-tv,USA,제품 상세 (PDP),87
https://www.lg.com/us/tvs/lg-oled65c6pua-oled-4k-tv,USA,제품 상세 (PDP),90
https://www.lg.com/us/tvs/lg-oled83w6pua-oled-4k-tv,USA,제품 상세 (PDP),87
https://www.lg.com/us/tvs/lg-oled83b6gua-oled-4k-tv,USA,제품 상세 (PDP),90
https://www.lg.com/us/tvs/lg-oled65b6gua-oled-4k-tv,USA,제품 상세 (PDP),90
https://www.lg.com/us/monitors/lg-27gm950b-b-gaming-monitor,USA,제품 상세 (PDP),84
https://www.lg.com/us/monitors/lg-39gx950b-b-gaming-monitor,USA,제품 상세 (PDP),84
https://www.lg.com/us/monitors/lg-27gx790b-b-gaming-monitor,USA,제품 상세 (PDP),84
https://www.lg.com/us/monitors/lg-32gx870a-b-gaming-monitor,USA,제품 상세 (PDP),84
https://www.lg.com/us/monitors/lg-45gx950b-b-gaming-monitor,USA,제품 상세 (PDP),84
https://www.lg.com/us/monitors/lg-25g590b-b-gaming-monitor,USA,제품 상세 (PDP),84
https://www.lg.com/us/monitors/lg-52g930b-b-gaming-monitor,USA,제품 상세 (PDP),87
https://www.lg.com/us/soundbars/lg-m5-p4-h7-immersive-quad-suite-5,USA,제품 상세 (PDP),90
https://www.lg.com/us/soundbars/lg-h7-w7-cinema-suite,USA,제품 상세 (PDP),87
https://www.lg.com/us/soundbars/lg-m5-p2-h7-immersive-suite-5,USA,제품 상세 (PDP),90
https://www.lg.com/us/soundbars/lg-m7-p2-h7-immersive-suite-7,USA,제품 상세 (PDP),90
https://www.lg.com/us/soundbars/lg-m5-p4-h7-w7-immersive-quad-suite-5-pro,USA,제품 상세 (PDP),90
https://www.lg.com/us/soundbars/lg-m5-p2-h7-w7-immersive-suite-5-pro,USA,제품 상세 (PDP),90
https://www.lg.com/us/speakers/lg-sound-suite-m5-compact-wireless-speaker,USA,제품 상세 (PDP),84
https://www.lg.com/us/soundbars/lg-m7-p2-w7-stereo-suite-7-pro,USA,제품 상세 (PDP),87
https://www.lg.com/us/soundbars/lg-m7-p4-h7-immersive-quad-suite-7,USA,제품 상세 (PDP),90
https://www.lg.com/us/soundbars/lg-sound-suite-h7-soundbar,USA,제품 상세 (PDP),87
https://www.lg.com/us/speakers/lg-sound-suite-m7-premium-wireless-speaker,USA,제품 상세 (PDP),90
https://www.lg.com/us/soundbars/lg-m7-p2-h7-w7-immersive-suite-7-pro,USA,제품 상세 (PDP),90
https://www.lg.com/us/subwoofers/lg-sound-suite-w7-wireless-subwoofer,USA,제품 상세 (PDP),87
https://www.lg.com/us/soundbars/lg-m7-p4-h7-w7-immersive-quad-suite-7-pro,USA,제품 상세 (PDP),90
https://www.lg.com/us/support/help-library/lg-tv-how-do-i-reset-my-set-top-box-CT10000030-20153122639228,USA,Support - Troubleshoot,78
https://www.lg.com/us/support/help-library/lg-tv-how-to-connect-a-camcorder-or-camera-CT10000030-20153219091483,USA,Support - Troubleshoot,74
https://www.lg.com/us/support/help-library/lg-range-troubleshooting-buttons-not-working-properly-CT00000303-20153105420192,USA,Support - Troubleshoot,81
https://www.lg.com/us/support/help-library/lg-tv-purchasing-paid-content-CT10000030-20153218982284,USA,Support - Troubleshoot,78
https://www.lg.com/us/support/help-library/lg-tv-how-to-connect-a-usb-storage-device-to-your-tv-CT10000030-20153123667931,USA,Support - Troubleshoot,75
https://www.lg.com/us/support/help-library/lg-tv-troubleshooting-sound-out-settings-on-my-lg-tv-CT10000030-20153095965157,USA,Support - Troubleshoot,79
https://www.lg.com/us/support/help-library/lg-washer-dryer-combo-troubleshooting-poor-drying-performance-CT10000010-20153781923566,USA,Support - Troubleshoot,74
https://www.lg.com/us/support/help-library/lg-electronics-range-does-it-have-a-deodorizing-function-CT00000303-20155094141977,USA,Support - Troubleshoot,85
https://www.lg.com/us/support/help-library/what-to-check-if-your-lg-tv-has-no-sound-CT10000030-20155311239786,USA,Support - Troubleshoot,81
https://www.lg.com/us/support/help-library/lg-tv-how-to-set-the-default-input-CT10000030-20153711388714,USA,Support - Troubleshoot,78
https://www.lg.com/us/support/help-library/lg-top-load-washing-machine-why-is-no-water-supplied-to-my-washing-machine-CT10000010-20153067542295,USA,Support - Troubleshoot,78
https://www.lg.com/us/support/help-library/how-to-troubleshoot-error-codes-ch03-and-ch04-on-your-lg-ceiling-mounted-air-conditioner-CT10000014-20155396626868,USA,Support - Troubleshoot,79
https://www.lg.com/us/support/help-library/how-to-fix-the-magic-remote-pointer-not-appearing-on-your-lg-tv-CT10000030-20155394402958,USA,Support - Troubleshoot,89
https://www.lg.com/us/support/help-library/lg-tv-how-to-use-gallery-mode-webos-4-5-CT10000030-20153265980635,USA,Support - Troubleshoot,70
https://www.lg.com/us/support/help-library/if-your-lg-dishwasher-feels-hot-during-operation-CT10000009-20155416960018,USA,Support - Troubleshoot,81
https://www.lg.com/us/support/help-library/if-detergent-does-not-dispense-or-remains-in-your-lg-front-load-washer-CT10000010-20155394392174,USA,Support - Troubleshoot,81
https://www.lg.com/us/support/help-library/lg-washing-machine-why-isn-t-the-water-heating-up-during-a-wash-CT10000010-20155130213566,USA,Support - Troubleshoot,85
https://www.lg.com/us/support/help-library/lg-tv-gallery-stand-dimensions-CT10000030-20153292386216,USA,Support - Troubleshoot,78
https://www.lg.com/us/support/help-library/lg-tv-viewing-content-on-a-usb-device-CT10000030-20153192465296,USA,Support - Troubleshoot,81
https://www.lg.com/us/support/help-library/lg-cordzero-a9-why-is-the-vacuum-so-loud-CT10000013-20155092842730,USA,Support - Troubleshoot,71
https://www.lg.com/us/support/help-library/lg-gas-range-cooktop-the-display-does-not-light-up-or-the-text-appears-distorted-CT00000303-20155101684104,USA,Support - Troubleshoot,71
https://www.lg.com/us/support/help-library/lg-cordzero-a9s-2025-model-is-the-suction-getting-weaker-or-does-the-vacuum-suddenly-turn-off-while-in-use-CT10000013-20155102926255,USA,Support - Troubleshoot,74
https://www.lg.com/us/support/help-library/how-to-calibrate-your-monitor-using-lg-calibration-studio-CT32009622-20155410023763,USA,Support - Troubleshoot,85
https://www.lg.com/us/support/help-library/why-does-my-lg-air-purifier-indicator-turn-red-poor-when-i-turn-on-my-air-conditioner-CT32001601-20155297247983,USA,Support - Troubleshoot,79
https://www.lg.com/us/support/help-library/lg-robot-vacuum-r9-my-robot-vacuum-keeps-spinning-in-place-or-only-goes-backward-CT10000013-20155049070429,USA,Support - Troubleshoot,74
https://www.lg.com/us/support/help-library/lg-washing-machine-sound-mini-washer-a-fabric-softener-injection-alarm-sound-buzzer-sound-is-not-heard-during-the-rinse-cycle-CT10000010-20153067191536,USA,Support - Troubleshoot,81
https://www.lg.com/us/support/help-library/lg-tv-how-to-use-the-family-settings-feature-CT10000030-20153280792929,USA,Support - Troubleshoot,79
https://www.lg.com/us/support/help-library/lg-tv-how-to-use-the-always-ready-feature-webos-22-CT10000030-20153280995321,USA,Support - Troubleshoot,71
https://www.lg.com/us/support/help-library/how-to-adjust-the-temperature-for-lg-refrigerators-CT10000021-20155177646963,USA,Support - Troubleshoot,82
https://www.lg.com/us/support/help-library/no-sound-from-a-connected-external-device-sound-bar-bluetooth-earbuds-on-your-lg-tv-CT41000327-20155394137664,USA,Support - Troubleshoot,85
https://www.lg.com/us/support/help-library/lg-dehumidifier-why-does-the-bucket-full-light-stay-on-after-emptying-the-bucket-CT10000015-20155128297661,USA,Support - Troubleshoot,79
https://www.lg.com/us/support/help-library/how-to-install-and-delete-apps-on-your-lg-tv-CT10000030-20155331395481,USA,Support - Troubleshoot,85
https://www.lg.com/us/support/help-library/lg-tv-how-to-change-the-tv-location-setting-CT10000030-20153209410884,USA,Support - Troubleshoot,70
https://www.lg.com/us/support/help-library/how-to-stop-one-remote-from-turning-on-multiple-devices-CT10000018-20155377784949,USA,Support - Troubleshoot,79
https://www.lg.com/us/support/help-library/lg-washer-troubleshooting-clacking-noise-when-the-washing-machine-is-filling-CT10000012-20153105604295,USA,Support - Troubleshoot,78
https://www.lg.com/us/support/help-library/what-to-do-if-water-gets-into-the-outdoor-unit-CT10000014-20155198999366,USA,Support - Troubleshoot,81
https://www.lg.com/us/support/help-library/what-are-the-causes-and-solutions-for-the-e15-error-code-CT32001601-20155183800048,USA,Support - Troubleshoot,85
https://www.lg.com/us/support/help-library/lg-aerocat-tower-how-to-clean-your-aerocat-tower-CT32001601-20155130672575,USA,Support - Troubleshoot,75
https://www.lg.com/us/support/help-library/lg-tv-how-to-use-hdmi-cec-CT10000030-20153207563544,USA,Support - Troubleshoot,75
https://www.lg.com/us/support/help-library/lg-tv-how-to-agree-to-the-user-agreements-CT10000030-20155154186594,USA,Support - Troubleshoot,79
https://www.lg.com/us/support/help-library/lg-top-load-washing-machine-why-is-there-no-power-CT10000010-20153070259753,USA,Support - Troubleshoot,78
https://www.lg.com/us/support/help-library/lg-frontload-washer-sanitary-cycle-not-working-CT10000010-20153782101180,USA,Support - Troubleshoot,78
https://www.lg.com/us/support/help-library/lg-air-conditioner-remote-how-can-i-individually-control-ceiling-mounted-air-conditioners-using-the-remote-when-they-turn-on-simultaneously-CT10000014-20155102781402,USA,Support - Troubleshoot,86
https://www.lg.com/us/support/help-library/lg-top-load-washer-why-won-t-the-washer-start-after-the-initial-installation-CT00000305-20154982198274,USA,Support - Troubleshoot,81
https://www.lg.com/us/support/help-library/lg-tv-how-to-enable-the-standby-light-CT10000030-20153220996774,USA,Support - Troubleshoot,78
https://www.lg.com/us/support/help-library/lg-tv-how-to-connect-a-mobile-phone-to-your-lg-tv-via-an-usb-cable-CT10000030-20153110643228,USA,Support - Troubleshoot,78
https://www.lg.com/us/support/help-library/lg-refrigerator-troubleshooting-water-ice-related-issues-CT00023125-20155265311822,USA,Support - Troubleshoot,79
https://www.lg.com/us/support/help-library/lg-cordzero-a9s-how-do-i-install-the-charging-station-CT10000013-20155102808303,USA,Support - Troubleshoot,71
https://www.lg.com/us/support/help-library/lg-tv-how-to-use-the-always-ready-function-CT10000030-20153870949064,USA,Support - Troubleshoot,78
https://www.lg.com/us/support/help-library/lg-tv-troubleshooting-poor-picture-quality-on-my-set-top-box-CT10000030-20153110680707,USA,Support - Troubleshoot,74
https://www.lg.com/us/support/help-library/how-to-adjust-uneven-doors-on-your-lg-refrigerator-CT10000021-20155268060157,USA,Support - Troubleshoot,82
https://www.lg.com/us/support/help-library/lg-projector-error-messages-or-no-signal-appear-when-using-a-set-top-box-CT00000299-20155105898359,USA,Support - Troubleshoot,75
https://www.lg.com/us/support/help-library/how-to-sign-in-to-your-lg-account-on-your-tv-CT10000030-20155416335469,USA,Support - Troubleshoot,89
https://www.lg.com/us/support/help-library/how-do-i-factory-reset-my-lg-tv-if-it-keeps-freezing-or-showing-errors-CT10000030-20155311398606,USA,Support - Troubleshoot,81
https://www.lg.com/us/support/help-library/lg-steam-cleaner-why-does-my-new-steam-cleanr-smell-like-burning-CT00000314-20155101718871,USA,Support - Troubleshoot,74
https://www.lg.com/us/support/help-library/lg-tv-troubleshooting-poor-hdmi-performance-CT10000030-20153258865666,USA,Support - Troubleshoot,75
https://www.lg.com/us/support/help-library/lg-washer-common-noises-during-the-washer-cycle-CT10000012-20153081387824,USA,Support - Troubleshoot,78
https://www.lg.com/us/support/help-library/how-to-use-the-spin-only-cycle-on-your-lg-washer-CT10000012-20155394196264,USA,Support - Troubleshoot,81
https://www.lg.com/us/support/help-library/lg-tv-how-to-login-to-the-home-dashboard-CT10000030-20153207266501,USA,Support - Troubleshoot,75
https://www.lg.com/us/support/help-library/lg-pc-how-to-set-your-web-browser-s-start-page-CT30017683-20155097516488,USA,Support - Troubleshoot,75
https://www.lg.com/us/support/help-library/lg-top-load-washing-machine-why-did-my-washing-machine-stop-without-completing-washing-CT10000010-20153066393546,USA,Support - Troubleshoot,78
https://www.lg.com/us/support/help-library/lg-tv-how-to-fix-apps-that-keep-freezing-crashing-or-won-t-load-CT10000030-20154996607566,USA,Support - Troubleshoot,79
https://www.lg.com/us/support/help-library/lg-top-load-washing-machine-a-noise-is-heard-during-water-supply-CT10000010-20153070278164,USA,Support - Troubleshoot,79
https://www.lg.com/us/support/help-library/lg-dryer-common-noises-during-the-dry-cycle-CT10000012-20153081341056,USA,Support - Troubleshoot,78
https://www.lg.com/us/support/help-library/should-i-remove-the-protective-film-from-my-lg-monitor-CT32009622-20155143214666,USA,Support - Troubleshoot,85
https://www.lg.com/us/support/help-library/lg-tv-how-to-perform-a-picture-test-CT10000018-20153275651659,USA,Support - Troubleshoot,75
https://www.lg.com/us/support/help-library/troubleshooting-clean-booster-rotation-issues-on-the-lg-puricare-360-air-purifier-CT32001601-20155304383199,USA,Support - Troubleshoot,81
https://www.lg.com/us/support/help-library/lg-cordzero-t9-why-are-there-marks-on-the-product-exterior-CT00000314-20155101717377,USA,Support - Troubleshoot,78
https://www.lg.com/us/support/help-library/lg-dios-dishwasher-power-turns-off-minutes-after-operation-begins-CT10000009-20155379438411,USA,Support - Troubleshoot,74
https://www.lg.com/us/support/help-library/lg-cordzero-a9-turbo-mode-isn-t-working-CT10000013-20155102788910,USA,Support - Troubleshoot,81
https://www.lg.com/us/support/help-library/lg-washing-machine-whys-is-water-not-draining-from-my-washer-CT10000010-20153067403293,USA,Support - Troubleshoot,75
https://www.lg.com/us/support/help-library/lg-top-loader-pre-purchase-installation-checklist-CT00000305-20155028326674,USA,Support - Troubleshoot,78
https://www.lg.com/us/support/help-library/lg-refrigerator-what-to-do-if-water-or-ice-isn-t-dispensing-water-tank-model-CT10000021-20155380008838,USA,Support - Troubleshoot,81
https://www.lg.com/us/support/help-library/lg-tv-how-do-i-enable-dolby-atmos-CT10000018-20155021166096,USA,Support - Troubleshoot,79
https://www.lg.com/us/support/help-library/lg-tv-how-to-perform-a-speed-test-using-netflix-or-youtube-CT10000030-20153298200728,USA,Support - Troubleshoot,78
https://www.lg.com/us/support/help-library/how-to-set-the-startup-screen-on-your-lg-tv-CT10000030-20155412183664,USA,Support - Troubleshoot,85
https://www.lg.com/us/support/help-library/can-i-move-my-lg-refrigerator-on-its-side-how-to-move-and-install-it-safely-CT10000021-20155255782623,USA,Support - Troubleshoot,85
https://www.lg.com/us/support/help-library/lg-top-load-washing-machine-why-is-an-ae-le-or-le1-error-code-being-displayed-and-the-tub-is-not-spinning-CT10000010-20153066333852,USA,Support - Troubleshoot,81
https://www.lg.com/us/support/help-library/lg-cordzero-a9-vacuum-cleaner-won-t-power-on-CT10000013-20154629827605,USA,Support - Troubleshoot,78
https://www.lg.com/us/support/help-library/lg-tv-no-signal-appears-on-screen-CT10000030-20153706733872,USA,Support - Troubleshoot,70
https://www.lg.com/us/support/help-library/lg-tv-how-to-use-the-web-browser-CT10000030-20153257222107,USA,Support - Troubleshoot,68
https://www.lg.com/us/support/help-library/lg-front-load-washer-how-do-i-run-a-test-cycle-after-installation-CT10000010-20155004249322,USA,Support - Troubleshoot,85
https://www.lg.com/us/support/help-library/lg-tv-troubleshooting-no-audio-after-changing-tv-channel-input-CT10000030-20153143555178,USA,Support - Troubleshoot,71
https://www.lg.com/us/support/help-library/lg-tv-how-to-identify-my-tv-s-model-information-CT10000030-20153110698602,USA,Support - Troubleshoot,75
https://www.lg.com/us/support/help-library/tv-channels-are-missing-how-do-i-run-auto-tuning-CT10000030-20155311291362,USA,Support - Troubleshoot,81
https://www.lg.com/us/support/help-library/lg-tv-how-to-change-sound-output-webos-24-CT10000030-20154017897602,USA,Support - Troubleshoot,78
https://www.lg.com/us/support/help-library/lg-cordzero-a9-the-product-is-very-noisy-improper-assembly-CT10000013-20155102806104,USA,Support - Troubleshoot,74
https://www.lg.com/us/support/help-library/lg-smart-tv-monitor-how-do-i-watch-lg-channels-CT32003207-20155053097874,USA,Support - Troubleshoot,85
https://www.lg.com/us/support/help-library/lg-tv-how-to-access-4k-content-from-an-external-device-CT10000030-20153122595631,USA,Support - Troubleshoot,81
https://www.lg.com/us/support/help-library/lg-dryer-lint-on-the-door-gasket-CT10000011-20155101726608,USA,Support - Troubleshoot,78
https://www.lg.com/us/support/help-library/lg-front-load-washing-machine-i-want-to-add-more-rinse-cycles-CT10000010-20155251414314,USA,Support - Troubleshoot,78
https://www.lg.com/us/support/help-library/lg-frontload-washer-troubleshooting-a-ts-t5-error-code-CT10000010-20153781902860,USA,Support - Troubleshoot,74
https://www.lg.com/us/support/help-library/lg-tv-connecting-a-mobile-phone-via-ptp-CT10000030-20153217406509,USA,Support - Troubleshoot,78
https://www.lg.com/us/support/help-library/how-to-set-up-a-game-controller-for-webos-gaming-CT10000030-20152528678452,USA,Support - Troubleshoot,71
https://www.lg.com/us/support/help-library/lg-range-wide-zone-induction-is-not-heating-properly-CT00000303-20153104401321,USA,Support - Troubleshoot,78
https://www.lg.com/us/support/help-library/lg-microwave-how-to-install-the-glass-plate-CT00000303-20153229143422,USA,Support - Troubleshoot,78
https://www.lg.com/us/support/help-library/how-to-troubleshoot-error-codes-ch10-ch67-e6-and-ef-on-your-lg-air-conditioner-CT10000014-20155396792105,USA,Support - Troubleshoot,79
https://www.lg.com/us/support/help-library/lg-tv-how-do-i-watch-lg-channels-CT10000018-20155049524788,USA,Support - Troubleshoot,85
https://www.lg.com/us/support/help-library/lg-tv-how-to-perform-a-sound-test-CT10000030-20153257287031,USA,Support - Troubleshoot,78
https://www.lg.com/us/support/help-library/lg-tv-why-does-it-take-so-long-for-my-tv-to-power-on-CT10000030-20153123646697,USA,Support - Troubleshoot,78
https://www.lg.com/us/experience/which-lg-tv-is-right-for-you,USA,LG Experience,82
https://www.lg.com/us/experience/what-is-a-smart-tv,USA,LG Experience,82
https://www.lg.com/us/experience/how-to-measure-and-read-tv-sizes,USA,LG Experience,79
https://www.lg.com/us/lgoledartweek2025,USA,제품 카테고리 (PLP),73
https://www.lg.com/us/webos,USA,제품 카테고리 (PLP),77
https://www.lg.com/us/microrgb,USA,제품 카테고리 (PLP),80
https://www.lg.com/us/collections/hd-tvs,USA,제품 카테고리 (PLP),82
https://www.lg.com/us/qned-evo-ai-tv,USA,제품 카테고리 (PLP),90
https://www.lg.com/us/collections/4k-tvs,USA,제품 카테고리 (PLP),90
https://www.lg.com/us/8k-tvs,USA,제품 카테고리 (PLP),93
https://www.lg.com/us/oled-evo-tvs,USA,제품 카테고리 (PLP),86
https://www.lg.com/us/oled-tvs,USA,제품 카테고리 (PLP),90
https://www.lg.com/us/collections/75-inch-tvs,USA,제품 카테고리 (PLP),83
https://www.lg.com/us/collections/55-inch-tvs,USA,제품 카테고리 (PLP),83
https://www.lg.com/us/collections/65-inch-tvs,USA,제품 카테고리 (PLP),83
https://www.lg.com/us/collections/83-inch-tvs,USA,제품 카테고리 (PLP),79
https://www.lg.com/us/collections/97-inch-tvs,USA,제품 카테고리 (PLP),90
https://www.lg.com/us/qned-tvs,USA,제품 카테고리 (PLP),90
https://www.lg.com/us/discover-ultragear-evo-monitors,USA,제품 카테고리 (PLP),79
https://www.lg.com/us/uhd-4k-tvs,USA,제품 카테고리 (PLP),90
https://www.lg.com/us/tvs,USA,제품 카테고리 (PLP),90
https://www.lg.com/us/collections/5k-monitors,USA,제품 카테고리 (PLP),89
https://www.lg.com/us/lifestyle-monitors,USA,제품 카테고리 (PLP),79
https://www.lg.com/us/monitor-tvs,USA,제품 카테고리 (PLP),79
https://www.lg.com/us/smart-monitors,USA,제품 카테고리 (PLP),86
https://www.lg.com/us/ultrawide-monitors,USA,제품 카테고리 (PLP),90
https://www.lg.com/us/ultragear-oled-gaming-monitors,USA,제품 카테고리 (PLP),93
https://www.lg.com/us/qhd-monitors,USA,제품 카테고리 (PLP),82
https://www.lg.com/us/fhd-monitors,USA,제품 카테고리 (PLP),79
https://www.lg.com/us/monitors,USA,제품 카테고리 (PLP),90
https://www.lg.com/us/4k-monitors,USA,제품 카테고리 (PLP),90
https://www.lg.com/us/gaming-monitors,USA,제품 카테고리 (PLP),90
https://www.lg.com/us/soundbar-experience,USA,제품 카테고리 (PLP),77
https://www.lg.com/us/collections/dolby-atmos-sound-bars,USA,제품 카테고리 (PLP),76
https://www.lg.com/us/home-audio/discontinued,USA,제품 카테고리 (PLP),79
https://www.lg.com/us/monitors/discontinued,USA,제품 카테고리 (PLP),75
https://www.lg.com/us/soundbars,USA,제품 카테고리 (PLP),93
https://www.lg.com/us/discover-smart-monitors,USA,제품 카테고리 (PLP),77
https://www.lg.com/us/audio,USA,제품 카테고리 (PLP),77
https://www.lg.com/us/gaming-speakers,USA,제품 카테고리 (PLP),86
https://www.lg.com/us/sound-suite,USA,제품 카테고리 (PLP),77
https://www.lg.com/us/nanocell-tvs,USA,제품 카테고리 (PLP),90
https://www.lg.com/us/sound-bars,USA,제품 카테고리 (PLP),93
https://www.lg.com/us/wireless-bluetooth-speakers,USA,제품 카테고리 (PLP),90
https://www.lg.com/us/party-speakers,USA,제품 카테고리 (PLP),86
https://www.lg.com/us/speakers,USA,제품 카테고리 (PLP),86
https://www.lg.com/us/tvs/discontinued,USA,제품 카테고리 (PLP),75
https://www.lg.com/us/worlds-number-one-oled-tv,USA,제품 카테고리 (PLP),69
https://www.lg.com/us/xboom,USA,제품 카테고리 (PLP),77
https://www.lg.com/us/collections/home-theater-soundbars,USA,제품 카테고리 (PLP),83
https://www.lg.com/us/collections/sound-suite-audio-system,USA,제품 카테고리 (PLP),79
https://www.lg.com/us/tvs/tv-buying-guide/tv-for-sports-fans,USA,구매 가이드,79
https://www.lg.com/us/tvs/tv-buying-guide/art-tv-for-your-space,USA,구매 가이드,83
https://www.lg.com/us/tvs/tv-buying-guide/what-makes-a-4k-tv-a-good-choice,USA,구매 가이드,79
https://www.lg.com/us/tvs/tv-buying-guide/tv-for-watching-movies,USA,구매 가이드,76
https://www.lg.com/us/tvs/tv-buying-guide/tv-for-gaming,USA,구매 가이드,79
https://www.lg.com/us/monitors/ultragear-buying-guide,USA,구매 가이드,75
https://www.lg.com/us/monitors/ultragear-buying-guide/screen-size,USA,구매 가이드,79
https://www.lg.com/us/tvs/tv-buying-guide/ai-tv-for-smarter-viewing,USA,구매 가이드,83
https://www.lg.com/us/tvs/tv-buying-guide,USA,구매 가이드,82
https://www.lg.com/us/tvs/tv-buying-guide/right-tv-size-for-my-room,USA,구매 가이드,83
https://www.lg.com/us/tvs/tv-buying-guide/picture-quality-tv-guide,USA,구매 가이드,86
https://www.lg.com/us/monitors/ultragear-buying-guide/refresh-rate,USA,구매 가이드,79
https://www.lg.com/us/monitors/ultragear-buying-guide/resolution,USA,구매 가이드,79
https://www.lg.com/us/monitors/ultragear-buying-guide/work-and-play,USA,구매 가이드,72
https://www.lg.com/vn/tro-giup/ho-tro-san-pham/khac-phuc-su-co/help-library/cs-CT52001451-20155028349634/,Vietnam,Support - Troubleshoot,79
https://www.lg.com/vn/tro-giup/ho-tro-san-pham/khac-phuc-su-co/help-library/cs-CT52001451-20152940974134/,Vietnam,Support - Troubleshoot,79
https://www.lg.com/vn/tro-giup/ho-tro-san-pham/khac-phuc-su-co/help-library/cs-CT52001451-20155255793703/,Vietnam,Support - Troubleshoot,82
https://www.lg.com/vn/tro-giup/ho-tro-san-pham/khac-phuc-su-co/help-library/cs-CT52001451-20155102802037/,Vietnam,Support - Troubleshoot,79
https://www.lg.com/vn/tro-giup/ho-tro-san-pham/khac-phuc-su-co/help-library/cs-CT52001452-20155048198576/,Vietnam,Support - Troubleshoot,79
https://www.lg.com/vn/tro-giup/ho-tro-san-pham/khac-phuc-su-co/help-library/cs-CT52001451-20155029323585/,Vietnam,Support - Troubleshoot,79
https://www.lg.com/vn/tro-giup/ho-tro-san-pham/khac-phuc-su-co/help-library/cs-CT52001451-20155004256211/,Vietnam,Support - Troubleshoot,79
https://www.lg.com/vn/tro-giup/ho-tro-san-pham/khac-phuc-su-co/help-library/cs-CT32012582-20155117737831,Vietnam,Support - Troubleshoot,79
https://www.lg.com/vn/tro-giup/ho-tro-san-pham/khac-phuc-su-co/help-library/cs-CT32015582-20155104844850,Vietnam,Support - Troubleshoot,82
https://www.lg.com/vn/tro-giup/ho-tro-san-pham/khac-phuc-su-co/help-library/cs-CT52001452-20155297259457/,Vietnam,Support - Troubleshoot,82
https://www.lg.com/vn/tro-giup/ho-tro-san-pham/khac-phuc-su-co/help-library/cs-CT52001452-20155304392472/,Vietnam,Support - Troubleshoot,82
https://www.lg.com/vn/tro-giup/ho-tro-san-pham/khac-phuc-su-co/help-library/cs-CT32012582-20155048193118,Vietnam,Support - Troubleshoot,79
https://www.lg.com/vn/tro-giup/ho-tro-san-pham/khac-phuc-su-co/help-library/cs-CT32012582-20155060949611,Vietnam,Support - Troubleshoot,79
https://www.lg.com/vn/tro-giup/ho-tro-san-pham/khac-phuc-su-co/help-library/cs-CT52001451-20155103101985/,Vietnam,Support - Troubleshoot,79
https://www.lg.com/vn/tro-giup/ho-tro-san-pham/khac-phuc-su-co/help-library/cs-CT52001451-20155377740669/,Vietnam,Support - Troubleshoot,64
https://www.lg.com/vn/tro-giup/ho-tro-san-pham/khac-phuc-su-co/help-library/cs-CT52001450-20155105903674,Vietnam,Support - Troubleshoot,82
https://www.lg.com/vn/tro-giup/ho-tro-san-pham/khac-phuc-su-co/help-library/cs-CT52001451-20155101722942/,Vietnam,Support - Troubleshoot,79
https://www.lg.com/vn/tro-giup/ho-tro-san-pham/khac-phuc-su-co/help-library/cs-CT32015582-20155069781221,Vietnam,Support - Troubleshoot,79
https://www.lg.com/vn/tro-giup/ho-tro-san-pham/khac-phuc-su-co/help-library/cs-CT52001450-20155130449019,Vietnam,Support - Troubleshoot,64
https://www.lg.com/vn/tro-giup/ho-tro-san-pham/khac-phuc-su-co/help-library/cs-CT52001450-20155377724013,Vietnam,Support - Troubleshoot,64
https://www.lg.com/vn/tro-giup/ho-tro-san-pham/khac-phuc-su-co/help-library/cs-CT52001451-20155103114569/,Vietnam,Support - Troubleshoot,79
https://www.lg.com/vn/tro-giup/ho-tro-san-pham/khac-phuc-su-co/help-library/cs-CT52001453-20155410299212/,Vietnam,Support - Troubleshoot,82
https://www.lg.com/vn/tro-giup/ho-tro-san-pham/khac-phuc-su-co/help-library/cs-CT52001451-20155105958736/,Vietnam,Support - Troubleshoot,79
https://www.lg.com/vn/tro-giup/ho-tro-san-pham/khac-phuc-su-co/help-library/cs-CT52001450-20155063963359,Vietnam,Support - Troubleshoot,79
https://www.lg.com/vn/tro-giup/ho-tro-san-pham/khac-phuc-su-co/help-library/cs-CT52001450-20155115745225,Vietnam,Support - Troubleshoot,82
https://www.lg.com/vn/tro-giup/ho-tro-san-pham/khac-phuc-su-co/help-library/cs-CT52001453-20155381409648/,Vietnam,Support - Troubleshoot,82
https://www.lg.com/vn/tro-giup/ho-tro-san-pham/khac-phuc-su-co/help-library/cs-CT52001453-20155311250480/,Vietnam,Support - Troubleshoot,82
https://www.lg.com/vn/tro-giup/ho-tro-san-pham/khac-phuc-su-co/help-library/cs-CT52001453-20155410117264/,Vietnam,Support - Troubleshoot,82
https://www.lg.com/vn/tro-giup/ho-tro-san-pham/khac-phuc-su-co/help-library/cs-CT52001451-20155028326077/,Vietnam,Support - Troubleshoot,79
https://www.lg.com/vn/tro-giup/ho-tro-san-pham/khac-phuc-su-co/help-library/cs-CT52001452-20155366428870/,Vietnam,Support - Troubleshoot,82
https://www.lg.com/vn/tro-giup/ho-tro-san-pham/khac-phuc-su-co/help-library/cs-CT52001451-20155352262364/,Vietnam,Support - Troubleshoot,79
https://www.lg.com/vn/tro-giup/ho-tro-san-pham/khac-phuc-su-co/help-library/cs-CT52001451-20155102825706/,Vietnam,Support - Troubleshoot,79
https://www.lg.com/vn/tro-giup/ho-tro-san-pham/khac-phuc-su-co/help-library/cs-CT52001453-20155268430200/,Vietnam,Support - Troubleshoot,82
https://www.lg.com/vn/tro-giup/ho-tro-san-pham/khac-phuc-su-co/help-library/cs-CT52001453-20155028298643/,Vietnam,Support - Troubleshoot,79
https://www.lg.com/vn/tro-giup/ho-tro-san-pham/khac-phuc-su-co/help-library/cs-CT52001451-20155379440644/,Vietnam,Support - Troubleshoot,79
https://www.lg.com/vn/tro-giup/ho-tro-san-pham/khac-phuc-su-co/help-library/cs-CT52001451-20155027808547/,Vietnam,Support - Troubleshoot,79
https://www.lg.com/vn/tro-giup/ho-tro-san-pham/khac-phuc-su-co/help-library/cs-CT52001451-20155021168532/,Vietnam,Support - Troubleshoot,79
https://www.lg.com/vn/tro-giup/ho-tro-san-pham/khac-phuc-su-co/help-library/cs-CT52001450-20155154194138,Vietnam,Support - Troubleshoot,82
https://www.lg.com/vn/tro-giup/ho-tro-san-pham/khac-phuc-su-co/help-library/cs-CT52001453-20155105903304/,Vietnam,Support - Troubleshoot,82
https://www.lg.com/vn/tro-giup/ho-tro-san-pham/khac-phuc-su-co/help-library/cs-CT52001450-20152940974120/,Vietnam,Support - Troubleshoot,79
https://www.lg.com/vn/tro-giup/ho-tro-san-pham/khac-phuc-su-co/help-library/cs-CT52001453-20155268094238/,Vietnam,Support - Troubleshoot,82
https://www.lg.com/vn/tro-giup/ho-tro-san-pham/khac-phuc-su-co/help-library/cs-CT52001452-20155118509883/,Vietnam,Support - Troubleshoot,79
https://www.lg.com/vn/tro-giup/ho-tro-san-pham/khac-phuc-su-co/help-library/cs-CT52001453-20155409998420/,Vietnam,Support - Troubleshoot,82
https://www.lg.com/vn/tro-giup/ho-tro-san-pham/khac-phuc-su-co/help-library/cs-CT52001453-20155311467206/,Vietnam,Support - Troubleshoot,82
https://www.lg.com/vn/tro-giup/ho-tro-san-pham/khac-phuc-su-co/help-library/cs-CT52001451-20155048219498/,Vietnam,Support - Troubleshoot,79
https://www.lg.com/vn/tro-giup/ho-tro-san-pham/khac-phuc-su-co/help-library/cs-CT52001451-20155379611900/,Vietnam,Support - Troubleshoot,82
https://www.lg.com/vn/tro-giup/ho-tro-san-pham/khac-phuc-su-co/help-library/cs-CT52001451-20155114038199/,Vietnam,Support - Troubleshoot,64
https://www.lg.com/vn/tro-giup/ho-tro-san-pham/khac-phuc-su-co/help-library/cs-CT52001451-20155048213973/,Vietnam,Support - Troubleshoot,79
https://www.lg.com/vn/tro-giup/ho-tro-san-pham/khac-phuc-su-co/help-library/cs-CT52001452-20155412582167/,Vietnam,Support - Troubleshoot,79
https://www.lg.com/vn/tro-giup/ho-tro-san-pham/khac-phuc-su-co/help-library/cs-CT52001451-20155102838630/,Vietnam,Support - Troubleshoot,79
https://www.lg.com/vn/tro-giup/ho-tro-san-pham/khac-phuc-su-co/help-library/cs-CT52001451-20155348063962/,Vietnam,Support - Troubleshoot,82
https://www.lg.com/vn/tro-giup/ho-tro-san-pham/khac-phuc-su-co/help-library/cs-CT52001453-20155311302731/,Vietnam,Support - Troubleshoot,82
https://www.lg.com/vn/tro-giup/ho-tro-san-pham/khac-phuc-su-co/help-library/cs-CT52001451-20155412221069,Vietnam,Support - Troubleshoot,82
https://www.lg.com/vn/tro-giup/ho-tro-san-pham/khac-phuc-su-co/help-library/cs-CT52001451-20155102958033/,Vietnam,Support - Troubleshoot,79
https://www.lg.com/vn/tro-giup/ho-tro-san-pham/khac-phuc-su-co/help-library/cs-CT52001453-20155269017995/,Vietnam,Support - Troubleshoot,82
https://www.lg.com/vn/tro-giup/ho-tro-san-pham/khac-phuc-su-co/help-library/cs-CT52001452-20155363608496/,Vietnam,Support - Troubleshoot,79
https://www.lg.com/vn/tro-giup/ho-tro-san-pham/khac-phuc-su-co/help-library/cs-CT52001451-20155101726202/,Vietnam,Support - Troubleshoot,79
https://www.lg.com/vn/tro-giup/ho-tro-san-pham/khac-phuc-su-co/help-library/cs-CT52001451-20155272228532/,Vietnam,Support - Troubleshoot,82
https://www.lg.com/vn/tro-giup/ho-tro-san-pham/khac-phuc-su-co/help-library/cs-CT52001451-20155295257617/,Vietnam,Support - Troubleshoot,82
https://www.lg.com/vn/tro-giup/ho-tro-san-pham/khac-phuc-su-co/help-library/cs-CT52001451-20155102984224/,Vietnam,Support - Troubleshoot,79
https://www.lg.com/vn/tro-giup/ho-tro-san-pham/khac-phuc-su-co/help-library/cs-CT32015582-20155021554514,Vietnam,Support - Troubleshoot,79
https://www.lg.com/vn/tro-giup/ho-tro-san-pham/khac-phuc-su-co/help-library/cs-CT52001451-20155102926072/,Vietnam,Support - Troubleshoot,79
https://www.lg.com/vn/tro-giup/ho-tro-san-pham/khac-phuc-su-co/help-library/cs-CT52001451-20155101752363/,Vietnam,Support - Troubleshoot,79
https://www.lg.com/vn/tro-giup/ho-tro-san-pham/khac-phuc-su-co/help-library/cs-CT52001451-20155179485201/,Vietnam,Support - Troubleshoot,79
https://www.lg.com/vn/tro-giup/ho-tro-san-pham/khac-phuc-su-co/help-library/cs-CT52001453-20155114292926/,Vietnam,Support - Troubleshoot,79
https://www.lg.com/vn/tro-giup/ho-tro-san-pham/khac-phuc-su-co/help-library/cs-CT52001453-20155331411249/,Vietnam,Support - Troubleshoot,82
https://www.lg.com/vn/tro-giup/ho-tro-san-pham/khac-phuc-su-co/help-library/cs-CT52001453-20155014968359/,Vietnam,Support - Troubleshoot,79
https://www.lg.com/vn/tro-giup/ho-tro-san-pham/khac-phuc-su-co/help-library/cs-CT52001453-20155051198490/,Vietnam,Support - Troubleshoot,79
https://www.lg.com/vn/tro-giup/ho-tro-san-pham/khac-phuc-su-co/help-library/cs-CT32015582-20155119015114,Vietnam,Support - Troubleshoot,82
https://www.lg.com/vn/tro-giup/ho-tro-san-pham/khac-phuc-su-co/help-library/cs-CT52001451-20155333898545/,Vietnam,Support - Troubleshoot,82
https://www.lg.com/vn/tro-giup/ho-tro-san-pham/khac-phuc-su-co/help-library/cs-CT52001450-20155019532105,Vietnam,Support - Troubleshoot,79
https://www.lg.com/vn/tro-giup/ho-tro-san-pham/khac-phuc-su-co/help-library/cs-CT52001452-20155198573808/,Vietnam,Support - Troubleshoot,82
https://www.lg.com/vn/tro-giup/ho-tro-san-pham/khac-phuc-su-co/help-library/cs-CT52001452-20155062102779/,Vietnam,Support - Troubleshoot,79
https://www.lg.com/vn/tro-giup/ho-tro-san-pham/khac-phuc-su-co/help-library/cs-CT52001451-20155251420341/,Vietnam,Support - Troubleshoot,79
https://www.lg.com/vn/tro-giup/ho-tro-san-pham/khac-phuc-su-co/help-library/cs-CT52001453-20155410408834/,Vietnam,Support - Troubleshoot,82
https://www.lg.com/vn/tro-giup/ho-tro-san-pham/khac-phuc-su-co/help-library/cs-CT52001450-20154992575281,Vietnam,Support - Troubleshoot,79
https://www.lg.com/vn/tro-giup/ho-tro-san-pham/khac-phuc-su-co/help-library/cs-CT52001453-20155311513384/,Vietnam,Support - Troubleshoot,82
https://www.lg.com/vn/tro-giup/ho-tro-san-pham/khac-phuc-su-co/help-library/cs-CT52001453-20155410264397/,Vietnam,Support - Troubleshoot,82
https://www.lg.com/vn/tro-giup/ho-tro-san-pham/khac-phuc-su-co/help-library/cs-CT52001451-20155102804074/,Vietnam,Support - Troubleshoot,79
https://www.lg.com/vn/tro-giup/ho-tro-san-pham/khac-phuc-su-co/help-library/cs-CT52001451-20155177659387/,Vietnam,Support - Troubleshoot,82
https://www.lg.com/vn/tro-giup/ho-tro-san-pham/khac-phuc-su-co/help-library/cs-CT52001451-20155101726120/,Vietnam,Support - Troubleshoot,79
https://www.lg.com/vn/tro-giup/ho-tro-san-pham/khac-phuc-su-co/help-library/cs-CT52001453-20152942594178/,Vietnam,Support - Troubleshoot,79
https://www.lg.com/vn/tro-giup/ho-tro-san-pham/khac-phuc-su-co/help-library/cs-CT52001453-20155113411585/,Vietnam,Support - Troubleshoot,79
https://www.lg.com/vn/tro-giup/ho-tro-san-pham/khac-phuc-su-co/help-library/cs-CT52001451-20152940974138/,Vietnam,Support - Troubleshoot,79
https://www.lg.com/vn/tro-giup/ho-tro-san-pham/khac-phuc-su-co/help-library/cs-CT32012582-20155060989571,Vietnam,Support - Troubleshoot,79
https://www.lg.com/vn/tro-giup/ho-tro-san-pham/khac-phuc-su-co/help-library/cs-CT52001451-20155272214286/,Vietnam,Support - Troubleshoot,82
https://www.lg.com/vn/tro-giup/ho-tro-san-pham/khac-phuc-su-co/help-library/cs-CT52001451-20155297573334,Vietnam,Support - Troubleshoot,82
https://www.lg.com/vn/tro-giup/ho-tro-san-pham/khac-phuc-su-co/help-library/cs-CT52001453-20155311267099/,Vietnam,Support - Troubleshoot,82
https://www.lg.com/vn/tro-giup/ho-tro-san-pham/khac-phuc-su-co/help-library/cs-CT52001452-20155115753287/,Vietnam,Support - Troubleshoot,79
https://www.lg.com/vn/tro-giup/ho-tro-san-pham/khac-phuc-su-co/help-library/cs-CT52001450-20155155365480,Vietnam,Support - Troubleshoot,79
https://www.lg.com/vn/tro-giup/ho-tro-san-pham/khac-phuc-su-co/help-library/cs-CT52001451-20155209283596/,Vietnam,Support - Troubleshoot,82
https://www.lg.com/vn/tro-giup/ho-tro-san-pham/khac-phuc-su-co/help-library/cs-CT52001453-20154967824397/,Vietnam,Support - Troubleshoot,79
https://www.lg.com/vn/tro-giup/ho-tro-san-pham/khac-phuc-su-co/help-library/cs-CT52001451-20155101720723/,Vietnam,Support - Troubleshoot,79
https://www.lg.com/vn/tro-giup/ho-tro-san-pham/khac-phuc-su-co/help-library/cs-CT52001451-20155102797835/,Vietnam,Support - Troubleshoot,79
https://www.lg.com/vn/tro-giup/ho-tro-san-pham/khac-phuc-su-co/help-library/cs-CT52001451-20155048207534/,Vietnam,Support - Troubleshoot,79
https://www.lg.com/vn/tro-giup/ho-tro-san-pham/khac-phuc-su-co/help-library/cs-CT32015582-20155181430882,Vietnam,Support - Troubleshoot,82
https://www.lg.com/vn/tro-giup/ho-tro-san-pham/khac-phuc-su-co/help-library/cs-CT52001451-20155092741903/,Vietnam,Support - Troubleshoot,79
https://www.lg.com/vn/tro-giup/ho-tro-san-pham/khac-phuc-su-co/help-library/cs-CT52001453-20155219511382/,Vietnam,Support - Troubleshoot,79
https://www.lg.com/vn/tro-giup/ho-tro-san-pham/khac-phuc-su-co/help-library/cs-CT52001452-20155342676241/,Vietnam,Support - Troubleshoot,82
https://www.lg.com/vn/tro-giup/ho-tro-san-pham/khac-phuc-su-co/help-library/cs-CT52001451-20152942594168/,Vietnam,Support - Troubleshoot,79
