url,country,page_type,score
https://www.lg.com/au/lifestyle-screens/stanbyme/32lx6bdga/,Australia,제품 상세 (PDP),85
https://www.lg.com/au/tv-soundbars/micro-rgb-evo/75mrgb96bsa/,Australia,제품 상세 (PDP),81
https://www.lg.com/au/tv-soundbars/micro-rgb-evo/86mrgb96bsa/,Australia,제품 상세 (PDP),81
https://www.lg.com/au/tv-soundbars/nano-4k-uhd-tv/98nu855bpsb/,Australia,제품 상세 (PDP),81
https://www.lg.com/au/tv-soundbars/oled-evo-tv/oled77w6psa/,Australia,제품 상세 (PDP),81
https://www.lg.com/au/tv-soundbars/oled-evo-tv/oled83w6psa/,Australia,제품 상세 (PDP),81
https://www.lg.com/au/tv-soundbars/smart-tvs/32lb655bpsa/,Australia,제품 상세 (PDP),85
https://www.lg.com/au/tv-soundbars/65lx7bpsa/,Australia,제품 상세 (PDP),81
https://www.lg.com/au/tv-soundbars/fhd/27lx5qkna/,Australia,제품 상세 (PDP),85
https://www.lg.com/au/fridge-freezers/bottom-mount/gb-455ble/,Australia,제품 상세 (PDP),88
https://www.lg.com/au/fridge-freezers/bottom-mount/gb-455btl/,Australia,제품 상세 (PDP),88
https://www.lg.com/au/fridge-freezers/bottom-mount/gb-455mbl/,Australia,제품 상세 (PDP),88
https://www.lg.com/au/fridge-freezers/bottom-mount/gb-455pl/,Australia,제품 상세 (PDP),88
https://www.lg.com/au/fridge-freezers/bottom-mount/gb-455uple/,Australia,제품 상세 (PDP),88
https://www.lg.com/au/fridge-freezers/bottom-mount/gb-455wl/,Australia,제품 상세 (PDP),88
https://www.lg.com/au/fridge-freezers/bottom-mount/gb-b300mwh/,Australia,제품 상세 (PDP),84
https://www.lg.com/au/fridge-freezers/bottom-mount/gb-b300pl/,Australia,제품 상세 (PDP),85
https://www.lg.com/au/fridge-freezers/bottom-mount/gb-v300mbl/,Australia,제품 상세 (PDP),85
https://www.lg.com/au/fridge-freezers/bottom-mount/gb-w300mbl/,Australia,제품 상세 (PDP),85
https://www.lg.com/au/fridge-freezers/bottom-mount/gb-w455mbl/,Australia,제품 상세 (PDP),88
https://www.lg.com/au/fridge-freezers/freezers/gp-f324mbl/,Australia,제품 상세 (PDP),85
https://www.lg.com/au/fridge-freezers/freezers/gp-f324pl/,Australia,제품 상세 (PDP),85
https://www.lg.com/au/fridge-freezers/french-door/gf-b505bb/,Australia,제품 상세 (PDP),85
https://www.lg.com/au/fridge-freezers/french-door/gf-b505mbl/,Australia,제품 상세 (PDP),85
https://www.lg.com/au/fridge-freezers/french-door/gf-b505pl/,Australia,제품 상세 (PDP),85
https://www.lg.com/au/fridge-freezers/french-door/gf-b530bl/,Australia,제품 상세 (PDP),85
https://www.lg.com/au/fridge-freezers/french-door/gf-b589ple/,Australia,제품 상세 (PDP),85
https://www.lg.com/au/fridge-freezers/french-door/gf-b700pl/,Australia,제품 상세 (PDP),88
https://www.lg.com/au/fridge-freezers/french-door/gf-b705mbl/,Australia,제품 상세 (PDP),88
https://www.lg.com/au/fridge-freezers/french-door/gf-d700mblc/,Australia,제품 상세 (PDP),85
https://www.lg.com/au/fridge-freezers/french-door/gf-l500mbl/,Australia,제품 상세 (PDP),84
https://www.lg.com/au/fridge-freezers/french-door/gf-l500mwh/,Australia,제품 상세 (PDP),84
https://www.lg.com/au/fridge-freezers/french-door/gf-l500pl/,Australia,제품 상세 (PDP),85
https://www.lg.com/au/fridge-freezers/french-door/gf-l700mbl/,Australia,제품 상세 (PDP),84
https://www.lg.com/au/fridge-freezers/french-door/gf-l700mwh/,Australia,제품 상세 (PDP),84
https://www.lg.com/au/fridge-freezers/french-door/gf-l700pl/,Australia,제품 상세 (PDP),85
https://www.lg.com/au/fridge-freezers/french-door/gf-ln500mbl/,Australia,제품 상세 (PDP),85
https://www.lg.com/au/fridge-freezers/french-door/gf-ln500pl/,Australia,제품 상세 (PDP),85
https://www.lg.com/au/fridge-freezers/french-door/gf-ln700mbl/,Australia,제품 상세 (PDP),84
https://www.lg.com/au/fridge-freezers/french-door/gf-ln700pl/,Australia,제품 상세 (PDP),85
https://www.lg.com/au/fridge-freezers/french-door/gf-v500mblc/,Australia,제품 상세 (PDP),84
https://www.lg.com/au/fridge-freezers/french-door/gf-v700bslc/,Australia,제품 상세 (PDP),85
https://www.lg.com/au/fridge-freezers/french-door/gf-v700mblc/,Australia,제품 상세 (PDP),85
https://www.lg.com/au/fridge-freezers/french-door/gf-v900mblc/,Australia,제품 상세 (PDP),85
https://www.lg.com/au/fridge-freezers/french-door/gf-vn500pl/,Australia,제품 상세 (PDP),85
https://www.lg.com/au/fridge-freezers/french-door/gf-vn600bm/,Australia,제품 상세 (PDP),85
https://www.lg.com/au/laundry/tumble-dryers/dvh10-10b/,Australia,제품 상세 (PDP),88
https://www.lg.com/au/dishwashers/free-standing/xd2a25mb/,Australia,제품 상세 (PDP),85
https://www.lg.com/au/washer-dryers/clothes-styler/s3bf/,Australia,제품 상세 (PDP),88
https://www.lg.com/au/dishwashers/free-standing/xd3a25mw/,Australia,제품 상세 (PDP),84
https://www.lg.com/au/washer-dryers/clothes-styler/s3mfc/,Australia,제품 상세 (PDP),88
https://www.lg.com/au/washer-dryers/clothes-styler/s5goc/,Australia,제품 상세 (PDP),85
https://www.lg.com/au/washer-dryers/clothes-styler/sc5fg/,Australia,제품 상세 (PDP),85
https://www.lg.com/au/washer-dryers/clothes-styler/sc5mbh/,Australia,제품 상세 (PDP),85
https://www.lg.com/au/washer-dryers/commercial-laundry/cdg27ruqes/,Australia,제품 상세 (PDP),84
https://www.lg.com/au/washer-dryers/commercial-laundry/cdt29muoes/,Australia,제품 상세 (PDP),84
https://www.lg.com/au/washer-dryers/commercial-laundry/cdt29muqes/,Australia,제품 상세 (PDP),84
https://www.lg.com/au/dishwashers/xd3a15mb/,Australia,제품 상세 (PDP),85
https://www.lg.com/au/washer-dryers/commercial-laundry/cwt29msors/,Australia,제품 상세 (PDP),84
https://www.lg.com/au/dishwashers/xd3a15ns/,Australia,제품 상세 (PDP),85
https://www.lg.com/au/washer-dryers/commercial-laundry/rn1329cn7p/,Australia,제품 상세 (PDP),84
https://www.lg.com/au/dishwashers/xd3a25bs/,Australia,제품 상세 (PDP),85
https://www.lg.com/au/washer-dryers/cwg27mdors/,Australia,제품 상세 (PDP),84
https://www.lg.com/au/dishwashers/xd3a25mb/,Australia,제품 상세 (PDP),85
https://www.lg.com/au/washer-dryers/cwg27mdqrs/,Australia,제품 상세 (PDP),84
https://www.lg.com/au/dishwashers/xd3a25ps/,Australia,제품 상세 (PDP),85
https://www.lg.com/au/washer-dryers/cwt29msqrs/,Australia,제품 상세 (PDP),84
https://www.lg.com/au/dishwashers/xd3a25umb/,Australia,제품 상세 (PDP),85
https://www.lg.com/au/washer-dryers/dryers/cdt29msoes/,Australia,제품 상세 (PDP),84
https://www.lg.com/au/washer-dryers/dryers/dvh1-08wp/,Australia,제품 상세 (PDP),85
https://www.lg.com/au/dishwashers/xd3a25ups/,Australia,제품 상세 (PDP),85
https://www.lg.com/au/dishwashers/xd4b15ps/,Australia,제품 상세 (PDP),85
https://www.lg.com/au/washer-dryers/dryers/dvh5-08w/,Australia,제품 상세 (PDP),88
https://www.lg.com/au/dishwashers/xd4b24ps/,Australia,제품 상세 (PDP),85
https://www.lg.com/au/dishwashers/xd5b14ps/,Australia,제품 상세 (PDP),85
https://www.lg.com/au/residential-air-conditioner/dehumidifier/dd12gmwe0/,Australia,제품 상세 (PDP),82
https://www.lg.com/au/residential-air-conditioner/dehumidifier/dd14gmwe0/,Australia,제품 상세 (PDP),82
https://www.lg.com/au/residential-air-conditioner/ducted-systems/b62awy-9l6/,Australia,제품 상세 (PDP),78
https://www.lg.com/au/residential-air-conditioner/ducted-systems/b70awy-9l6/,Australia,제품 상세 (PDP),78
https://www.lg.com/au/air-purifier/all-air-purifiers/as20gphk0/,Australia,제품 상세 (PDP),88
https://www.lg.com/au/air-purifier/all-air-purifiers/as35ggw10/,Australia,제품 상세 (PDP),85
https://www.lg.com/au/air-purifier/all-air-purifiers/as60ghwg0/,Australia,제품 상세 (PDP),85
https://www.lg.com/au/cooking/cooktops/bci607b4bg/,Australia,제품 상세 (PDP),85
https://www.lg.com/au/cooking-appliances/ms2336db/,Australia,제품 상세 (PDP),79
https://www.lg.com/au/cooking/cooktops/bci607t3bg/,Australia,제품 상세 (PDP),85
https://www.lg.com/au/cooking/cooktops/bci607t4bg/,Australia,제품 상세 (PDP),85
https://www.lg.com/au/cooking/cooktops/bci807t4bg/,Australia,제품 상세 (PDP),85
https://www.lg.com/au/cooking/ovens/bo605g1gl5/,Australia,제품 상세 (PDP),85
https://www.lg.com/au/cooking/ovens/bo605g1mb5/,Australia,제품 상세 (PDP),85
https://www.lg.com/au/microwave-ovens/mj3966abs/,Australia,제품 상세 (PDP),88
https://www.lg.com/au/cooking/ovens/bo605g1s5/,Australia,제품 상세 (PDP),85
https://www.lg.com/au/cooking/ovens/bo607g1mb4/,Australia,제품 상세 (PDP),85
https://www.lg.com/au/cooking/ovens/bo607g1s4/,Australia,제품 상세 (PDP),85
https://www.lg.com/au/cooking/ovens/bo607g2mb4/,Australia,제품 상세 (PDP),85
https://www.lg.com/au/microwave-ovens/ms2036ndb/,Australia,제품 상세 (PDP),88
https://www.lg.com/au/cooking/ovens/bo607g2s4/,Australia,제품 상세 (PDP),85
https://www.lg.com/au/cooking/ovens/bo609b1bg4/,Australia,제품 상세 (PDP),85
https://www.lg.com/au/cooking/ovens/bo609b2bg4/,Australia,제품 상세 (PDP),85
https://www.lg.com/au/cooking/ovens/bo609t2mb4/,Australia,제품 상세 (PDP),85
https://www.lg.com/au/cooking/ovens/bo609t2s4/,Australia,제품 상세 (PDP),85
https://www.lg.com/au/cooking/rangehoods/br605iu1s/,Australia,제품 상세 (PDP),84
https://www.lg.com/au/cooking/rangehoods/br605s1s/,Australia,제품 상세 (PDP),84
https://www.lg.com/au/cooking/rangehoods/bwh607t3s/,Australia,제품 상세 (PDP),85
https://www.lg.com/au/vacuum-cleaners/bagless-vacuum-cleaners/c1-gw/,Australia,제품 상세 (PDP),84
https://www.lg.com/au/vacuum-cleaners/bagless-vacuum-cleaners/kv-core/,Australia,제품 상세 (PDP),84
https://www.lg.com/au/vacuum-cleaners/bagless-vacuum-cleaners/kv-pro/,Australia,제품 상세 (PDP),84
https://www.lg.com/au/vacuum-cleaners/bagless-vacuum-cleaners/kv-ultra/,Australia,제품 상세 (PDP),84
https://www.lg.com/au/vacuum-cleaners/handstick-vacuum-cleaners/a9-ace/,Australia,제품 상세 (PDP),82
https://www.lg.com/au/vacuum-cleaners/handstick-vacuum-cleaners/a9k-evolve/,Australia,제품 상세 (PDP),88
https://www.lg.com/au/vacuum-cleaners/handstick-vacuum-cleaners/a9l-aqua/,Australia,제품 상세 (PDP),85
https://www.lg.com/au/vacuum-cleaners/handstick-vacuum-cleaners/a9l-multi/,Australia,제품 상세 (PDP),85
https://www.lg.com/au/vacuum-cleaners/handstick-vacuum-cleaners/a9l-prime/,Australia,제품 상세 (PDP),85
https://www.lg.com/au/vacuum-cleaners/handstick-vacuum-cleaners/a9l-raptor/,Australia,제품 상세 (PDP),85
https://www.lg.com/au/vacuum-cleaners/handstick-vacuum-cleaners/a9l-titan/,Australia,제품 상세 (PDP),85
https://www.lg.com/au/vacuum-cleaners/handstick-vacuum-cleaners/a9l-tower/,Australia,제품 상세 (PDP),85
https://www.lg.com/au/vacuum-cleaners/handstick-vacuum-cleaners/a9l-tower2/,Australia,제품 상세 (PDP),85
https://www.lg.com/au/vacuum-cleaners/handstick-vacuum-cleaners/a9n-solo/,Australia,제품 상세 (PDP),88
https://www.lg.com/au/cooking/rangehoods/bwh907t3s/,Australia,제품 상세 (PDP),85
https://www.lg.com/au/dishwashers/xd5b14wh/,Australia,제품 상세 (PDP),85
https://www.lg.com/au/lifestyle-screens/flex/42lx3qpsa/,Australia,제품 상세 (PDP),82
https://www.lg.com/au/medical-displays/10hq701g-bp/,Australia,제품 상세 (PDP),82
https://www.lg.com/au/washer-dryers/dryers/dvh9-09w/,Australia,제품 상세 (PDP),88
https://www.lg.com/au/dishwashers/xd5b24ps/,Australia,제품 상세 (PDP),85
https://www.lg.com/au/lifestyle-screens/objet-collection-easel/65art90esqa/,Australia,제품 상세 (PDP),85
https://www.lg.com/au/medical-displays/14hq701g-bp/,Australia,제품 상세 (PDP),82
https://www.lg.com/au/projectors/cinebeam-q/hu710pb/,Australia,제품 상세 (PDP),85
https://www.lg.com/au/washer-dryers/dryers/dvh9-10b/,Australia,제품 상세 (PDP),88
https://www.lg.com/au/medical-displays/14hq901g-bp/,Australia,제품 상세 (PDP),85
https://www.lg.com/au/projectors/cinebeam-q/hu710pb/cqs710pb/,Australia,제품 상세 (PDP),79
https://www.lg.com/au/washer-dryers/dryers/dxh3-08g/,Australia,제품 상세 (PDP),88
https://www.lg.com/au/air-conditioning/air-conditioner-buying-guide/,Australia,구매 가이드,79
https://www.lg.com/au/appliances/buying-guide/fridge-freezers/,Australia,구매 가이드,61
https://www.lg.com/au/appliances/buying-guide/fridge-freezers/feature-performance/,Australia,구매 가이드,80
https://www.lg.com/au/appliances/buying-guide/fridge-freezers/size-volume/,Australia,구매 가이드,86
https://www.lg.com/au/appliances/buying-guide/fridge-freezers/type/,Australia,구매 가이드,80
https://www.lg.com/au/appliances/buying-guide/washing-machines/,Australia,구매 가이드,61
https://www.lg.com/au/appliances/buying-guide/washing-machines/feature-performance/,Australia,구매 가이드,87
https://www.lg.com/au/appliances/buying-guide/washing-machines/size-capacity/,Australia,구매 가이드,90
https://www.lg.com/au/appliances/buying-guide/washing-machines/type/,Australia,구매 가이드,83
https://www.lg.com/au/microsite-article/ms/it/monitor/buying-guide/,Australia,구매 가이드,61
https://www.lg.com/au/nanocell-tv/buying-guide/,Australia,구매 가이드,82
https://www.lg.com/au/tv-soundbars/qned-buying-guide/,Australia,구매 가이드,89
https://www.lg.com/au/tv-soundbars/tv-buying-guide/,Australia,구매 가이드,82
https://www.lg.com/au/tv-soundbars/tv-buying-guide/lifestyle/,Australia,구매 가이드,86
https://www.lg.com/au/tv-soundbars/tv-buying-guide/tv-size/,Australia,구매 가이드,83
https://www.lg.com/au/tv-soundbars/tv-buying-guide/tv-technology/oled-vs-qned/,Australia,구매 가이드,86
https://www.lg.com/au/tv-soundbars/tv-buying-guide/tv-technology/what-is-4k-tv/,Australia,구매 가이드,86
https://www.lg.com/au/tv-soundbars/tv-buying-guide/what-is-a-smart-tv-ai-tv/,Australia,구매 가이드,82
https://www.lg.com/au/lg-experience/,Australia,LG Experience,79
https://www.lg.com/au/lg-experience/11-years-of-lg-oled-tvs/,Australia,LG Experience,86
https://www.lg.com/au/lg-experience/best-portable-party-speakers/,Australia,LG Experience,83
https://www.lg.com/au/lg-experience/buying-guides/,Australia,LG Experience,79
https://www.lg.com/au/lg-experience/buying-guides/air-conditioner-buying-guide/,Australia,LG Experience,83
https://www.lg.com/au/lg-experience/buying-guides/clothes-dryer-buying-guide/,Australia,LG Experience,86
https://www.lg.com/au/lg-experience/buying-guides/cordless-stick-vs-robot-vacuum/,Australia,LG Experience,79
https://www.lg.com/au/lg-experience/buying-guides/dishwasher-buying-guide/,Australia,LG Experience,79
https://www.lg.com/au/lg-experience/buying-guides/fridge/,Australia,LG Experience,83
https://www.lg.com/au/lg-experience/buying-guides/guide-to-energy-efficient-heaters-and-air-conditioners/,Australia,LG Experience,83
https://www.lg.com/au/lg-experience/buying-guides/heat-pump-vs-condenser-dryer/,Australia,LG Experience,86
https://www.lg.com/au/lg-experience/buying-guides/how-to-choose-a-cooktop/,Australia,LG Experience,83
https://www.lg.com/au/lg-experience/buying-guides/laptop-buying-guide/,Australia,LG Experience,86
https://www.lg.com/au/lg-experience/buying-guides/microwave-buying-guide/,Australia,LG Experience,86
https://www.lg.com/au/lg-experience/buying-guides/notebook-laptop-buying-guide/,Australia,LG Experience,86
https://www.lg.com/au/lg-experience/buying-guides/picking-top-front-load-washing-machine/,Australia,LG Experience,83
https://www.lg.com/au/lg-experience/buying-guides/projector-buying-guide/,Australia,LG Experience,86
https://www.lg.com/au/lg-experience/buying-guides/projector-selection-guide/,Australia,LG Experience,86
https://www.lg.com/au/lg-experience/buying-guides/soundbars-for-lg-tvs/,Australia,LG Experience,83
https://www.lg.com/au/lg-experience/buying-guides/student-laptop/,Australia,LG Experience,86
https://www.lg.com/au/lg-experience/buying-guides/tv-buying-guide/,Australia,LG Experience,83
https://www.lg.com/au/lg-experience/buying-guides/tv-cleaning-guide/,Australia,LG Experience,79
https://www.lg.com/au/lg-experience/buying-guides/tv-size-buying-guide/,Australia,LG Experience,79
https://www.lg.com/au/lg-experience/buying-guides/washing-machine-buying-guide/,Australia,LG Experience,86
https://www.lg.com/au/lg-experience/changes-in-technology/,Australia,LG Experience,86
https://www.lg.com/au/lg-experience/family-movie-night-with-lg-tv/,Australia,LG Experience,79
https://www.lg.com/au/lg-experience/gaming-monitor-size-guide/,Australia,LG Experience,90
https://www.lg.com/au/lg-experience/helpful-hints/,Australia,LG Experience,79
https://www.lg.com/au/lg-experience/helpful-hints/ai-productivity-best-ai-laptops/,Australia,LG Experience,83
https://www.lg.com/au/lg-experience/helpful-hints/ai-tv-for-sound-and-vision/,Australia,LG Experience,86
https://www.lg.com/au/lg-experience/helpful-hints/best-home-appliances-gifts-for-mothers-day/,Australia,LG Experience,83
https://www.lg.com/au/lg-experience/helpful-hints/best-lg-laptop-for-writers/,Australia,LG Experience,83
https://www.lg.com/au/lg-experience/helpful-hints/budget-friendly-monitors/,Australia,LG Experience,86
https://www.lg.com/au/lg-experience/helpful-hints/choosing-the-best-refrigerator-for-your-kitchen/,Australia,LG Experience,79
https://www.lg.com/au/lg-experience/helpful-hints/curved-monitor-better/,Australia,LG Experience,83
https://www.lg.com/au/lg-experience/helpful-hints/debunking-slim-washers-capacity-truths/,Australia,LG Experience,83
https://www.lg.com/au/lg-experience/helpful-hints/dishwasher-maintenance/,Australia,LG Experience,79
https://www.lg.com/au/lg-experience/helpful-hints/dishwasher-ultimate-guide/,Australia,LG Experience,86
https://www.lg.com/au/lg-experience/helpful-hints/earth-day-at-home/,Australia,LG Experience,83
https://www.lg.com/au/lg-experience/helpful-hints/flat-vs-curved-monitors/,Australia,LG Experience,83
https://www.lg.com/au/lg-experience/helpful-hints/high-end-gifts-for-him/,Australia,LG Experience,83
https://www.lg.com/au/lg-experience/helpful-hints/history-of-refrigerators/,Australia,LG Experience,86
https://www.lg.com/au/lg-experience/helpful-hints/how-to-choose-energy-efficient-fridges/,Australia,LG Experience,86
https://www.lg.com/au/lg-experience/helpful-hints/how-to-clean-your-fridge/,Australia,LG Experience,79
https://www.lg.com/au/lg-experience/helpful-hints/how-to-pick-energy-efficient-washing-machine/,Australia,LG Experience,83
https://www.lg.com/au/lg-experience/helpful-hints/induction-vs-gas-vs-electric-cooktops/,Australia,LG Experience,83
https://www.lg.com/au/lg-experience/helpful-hints/keeping-food-fresh-eating-healthy/,Australia,LG Experience,86
https://www.lg.com/au/lg-experience/helpful-hints/laptop-battery-health/,Australia,LG Experience,86
https://www.lg.com/au/lg-experience/helpful-hints/laptop-cybersecurity-guide/,Australia,LG Experience,79
https://www.lg.com/au/lg-experience/helpful-hints/laundry-tips/,Australia,LG Experience,79
https://www.lg.com/au/lg-experience/helpful-hints/lg-screen-technology-explained/,Australia,LG Experience,79
https://www.lg.com/au/lg-experience/helpful-hints/lg-smart-wash-spin-cycle/,Australia,LG Experience,79
https://www.lg.com/au/lg-experience/helpful-hints/magic-remote-user-guide/,Australia,LG Experience,79
https://www.lg.com/au/lg-experience/helpful-hints/mini-led-vs-oled/,Australia,LG Experience,83
https://www.lg.com/au/lg-experience/helpful-hints/modern-unique-tv-design/,Australia,LG Experience,83
https://www.lg.com/au/lg-experience/helpful-hints/monitor-types-explained/,Australia,LG Experience,86
https://www.lg.com/au/lg-experience/helpful-hints/multitasking-using-dual-monitors/,Australia,LG Experience,83
https://www.lg.com/au/lg-experience/helpful-hints/pro-gaming-setup/,Australia,LG Experience,83
https://www.lg.com/au/lg-experience/helpful-hints/qned-vs-oled-tvs/,Australia,LG Experience,86
https://www.lg.com/au/lg-experience/helpful-hints/small-living-room-ideas/,Australia,LG Experience,79
https://www.lg.com/au/lg-experience/helpful-hints/smart-home-automation-hub-thinq/,Australia,LG Experience,83
https://www.lg.com/au/lg-experience/helpful-hints/smart-laundry-ideas-smart-dry/,Australia,LG Experience,86
https://www.lg.com/au/lg-experience/helpful-hints/sound-bars-explained/,Australia,LG Experience,83
https://www.lg.com/au/lg-experience/helpful-hints/top-load-washing-machine-myths-and-truths/,Australia,LG Experience,80
https://www.lg.com/au/lg-experience/helpful-hints/tv-screen-resolution-explained/,Australia,LG Experience,86
https://www.lg.com/au/lg-experience/helpful-hints/vacuum-cleaner-smell-bad/,Australia,LG Experience,83
https://www.lg.com/au/lg-experience/helpful-hints/vacuum-cleaner-suction-power/,Australia,LG Experience,79
https://www.lg.com/au/lg-experience/helpful-hints/wash-maintain-clother-tips-lg-styler/,Australia,LG Experience,83
https://www.lg.com/au/lg-experience/helpful-hints/washing-machine-cleaning-maintenance-guide/,Australia,LG Experience,83
https://www.lg.com/au/lg-experience/helpful-hints/washtower-myths-and-truths/,Australia,LG Experience,83
https://www.lg.com/au/lg-experience/helpful-hints/webos-user-guide/,Australia,LG Experience,83
https://www.lg.com/au/lg-experience/helpful-hints/what-is-4k-television/,Australia,LG Experience,90
https://www.lg.com/au/lg-experience/helpful-hints/what-is-a-heat-pump/,Australia,LG Experience,86
https://www.lg.com/au/lg-experience/helpful-hints/what-is-a-smart-monitor/,Australia,LG Experience,90
https://www.lg.com/au/lg-experience/helpful-hints/what-is-an-all-in-one-vacuum-cleaner-stick-vs-robot-vacuums-explained/,Australia,LG Experience,83
https://www.lg.com/au/lg-experience/helpful-hints/what-is-kimchi-and-how-to-store-it-/,Australia,LG Experience,86
https://www.lg.com/au/lg-experience/helpful-hints/which-lg-soundbar-is-right-for-you-lg/,Australia,LG Experience,90
https://www.lg.com/au/lg-experience/helpful-hints/which-lg-tv-is-right-for-you/,Australia,LG Experience,83
https://www.lg.com/au/lg-experience/helpful-hints/why-lg-soundbars/,Australia,LG Experience,86
https://www.lg.com/au/lg-experience/helpful-hints/wine-guide-beginners/,Australia,LG Experience,86
https://www.lg.com/au/lg-experience/home-automation-smart-home/,Australia,LG Experience,79
https://www.lg.com/au/lg-experience/lg-camping-gadgets/,Australia,LG Experience,79
https://www.lg.com/au/lg-experience/lg-home-office-setup/,Australia,LG Experience,76
https://www.lg.com/au/lg-experience/luxury-tech-gifts-gadgets-for-her/,Australia,LG Experience,79
https://www.lg.com/au/lg-experience/maintain-clean-air-conditioner/,Australia,LG Experience,83
https://www.lg.com/au/lg-experience/man-cave-gaming-room/,Australia,LG Experience,83
https://www.lg.com/au/lg-experience/travel-gadgets-road-trip-essentials/,Australia,LG Experience,83
https://www.lg.com/au/lg-experience/what-is-a-smart-tv/,Australia,LG Experience,83
https://www.lg.com/au/tv-soundbars/why-true-wireless/,Australia,Microsite,79
https://www.lg.com/au/2023spinandwin/why-register-index/,Australia,Microsite,76
https://www.lg.com/au/dealer-locator/where-to-buy/,Australia,Microsite,64
https://www.lg.com/au/lg-signature/magazine/art-culture/how-technology-completes-digital-art-and-our-lives/,Australia,Microsite,76
https://www.lg.com/au/lg-signature/where-to-buy/,Australia,Microsite,75
https://www.lg.com/au/ergo-monitors/,Australia,Microsite,72
https://www.lg.com/au/monitors/gaming-monitors/ultragear/,Australia,Microsite,82
https://www.lg.com/au/soundsuite/,Australia,Microsite,80
https://www.lg.com/au/tv-by-resolution/,Australia,Microsite,64
https://www.lg.com/au/tv-by-resolution/full-hd-tvs/,Australia,Microsite,64
https://www.lg.com/au/tv-soundbars/ai-tv/,Australia,Microsite,76
https://www.lg.com/au/tv-soundbars/tv-by-inch/,Australia,Microsite,68
https://www.lg.com/au/tv-soundbars/tv-selector/,Australia,Microsite,61
https://www.lg.com/au/tv-soundbars/all-tv-soundbars/?ec_ft_06513561=100_inch_and_larger,Australia,제품 카테고리 (PLP),87
https://www.lg.com/au/tv-soundbars/all-tv-soundbars/?ec_ft_06513561=42_-_48_inch,Australia,제품 카테고리 (PLP),87
https://www.lg.com/au/tv-soundbars/65-inch-tvs/,Australia,제품 카테고리 (PLP),87
https://www.lg.com/au/tv-soundbars/miniled/?ec_ft_06513561=55_inch,Australia,제품 카테고리 (PLP),90
https://www.lg.com/au/monitors/all-monitors/,Australia,제품 카테고리 (PLP),76
https://www.lg.com/au/monitors/tv-monitors/,Australia,제품 카테고리 (PLP),59
https://www.lg.com/au/tv-soundbars/gaming-speakers/,Australia,제품 카테고리 (PLP),72
https://www.lg.com/au/tv-soundbars/tv-accessories/,Australia,제품 카테고리 (PLP),79
https://www.lg.com/au/lifestyle-screens/flex/,Australia,제품 카테고리 (PLP),79
https://www.lg.com/au/tv-soundbars/uhd-tv/?ec_ft_06513561=65_inch,Australia,제품 카테고리 (PLP),79
https://www.lg.com/au/tv-soundbars/qned-tv/?ec_ft_06513561=55_inch,Australia,제품 카테고리 (PLP),90
https://www.lg.com/au/monitors/cloud-computing/,Australia,제품 카테고리 (PLP),59
https://www.lg.com/au/tv-soundbars/qned-evo-tv/,Australia,제품 카테고리 (PLP),90
https://www.lg.com/au/tv-soundbars/qned-evo-tv/?ec_ft_06513561=100_inch_and_larger,Australia,제품 카테고리 (PLP),90
https://www.lg.com/au/tv-soundbars/ultra-big-tv/,Australia,제품 카테고리 (PLP),76
https://www.lg.com/au/lifestyle-screens/stanbyme/,Australia,제품 카테고리 (PLP),79
https://www.lg.com/au/tv-soundbars/miniled/?ec_ft_06513561=65_inch,Australia,제품 카테고리 (PLP),90
https://www.lg.com/au/tv-soundbars/oled-evo-tv/,Australia,제품 카테고리 (PLP),79
https://www.lg.com/au/tv-soundbars/ultra-big-tv/?ec_ft_06513561=75_inch_-_85_inch,Australia,제품 카테고리 (PLP),79
https://www.lg.com/au/tv-soundbars/uhd-tv/?ec_ft_06513561=55_inch,Australia,제품 카테고리 (PLP),79
https://www.lg.com/au/tv-soundbars/55-inch-tvs/,Australia,제품 카테고리 (PLP),87
https://www.lg.com/au/tv-soundbars/qned-evo/,Australia,제품 카테고리 (PLP),79
https://www.lg.com/au/tv-soundbars/nanocell-tv/?ec_ft_06513561=75_-_77_inch,Australia,제품 카테고리 (PLP),79
https://www.lg.com/au/monitors/discontinued/,Australia,제품 카테고리 (PLP),62
https://www.lg.com/au/speakers/home-theatre-systems/,Australia,제품 카테고리 (PLP),59
https://www.lg.com/au/tv-soundbars/oled-tv/?ec_ft_06513561=75_-_85_inch,Australia,제품 카테고리 (PLP),90
https://www.lg.com/au/tv-soundbars/qned-tv/?ec_ft_06513561=86_inch_-_98_inch,Australia,제품 카테고리 (PLP),90
https://www.lg.com/au/tv-soundbars/all-tv-soundbars/?ec_ft_06513561=55_inch,Australia,제품 카테고리 (PLP),87
https://www.lg.com/au/tv-soundbars/nanocell-tv/,Australia,제품 카테고리 (PLP),79
https://www.lg.com/au/monitors/business-monitors/,Australia,제품 카테고리 (PLP),62
https://www.lg.com/au/tv-soundbars/oled-tv/?ec_ft_06513561=42_-_48_inch,Australia,제품 카테고리 (PLP),90
https://www.lg.com/au/monitors/ultragear-gaming-oled/,Australia,제품 카테고리 (PLP),87
https://www.lg.com/au/tv-soundbars/oled-evo-tv/?ec_ft_06513561=55_inch,Australia,제품 카테고리 (PLP),79
https://www.lg.com/au/monitors/home-monitors/,Australia,제품 카테고리 (PLP),62
https://www.lg.com/au/tv-soundbars/micro-rgb-evo/,Australia,제품 카테고리 (PLP),90
https://www.lg.com/au/tv-soundbars/nanocell-tv/?ec_ft_06513561=42_-_48_inch,Australia,제품 카테고리 (PLP),79
https://www.lg.com/au/tv-soundbars/oled-evo-tv/?ec_ft_06513561=65_inch,Australia,제품 카테고리 (PLP),79
https://www.lg.com/au/lifestyle-screens/stanbyme-go/,Australia,제품 카테고리 (PLP),79
https://www.lg.com/au/home-audio/gaming-speakers/,Australia,제품 카테고리 (PLP),62
https://www.lg.com/au/tv-soundbars/miniled/,Australia,제품 카테고리 (PLP),90
https://www.lg.com/au/tv-soundbars/qned-evo-tv/?ec_ft_06513561=55_inch,Australia,제품 카테고리 (PLP),90
https://www.lg.com/au/home-audio/portable-bluetooth-speaker/,Australia,제품 카테고리 (PLP),62
https://www.lg.com/au/speakers/sound-suite/,Australia,제품 카테고리 (PLP),79
https://www.lg.com/au/tv-soundbars/all-tv-soundbars/?ec_ft_06513561=85_inch_and_larger,Australia,제품 카테고리 (PLP),87
https://www.lg.com/au/monitors/ultragear-gaming/,Australia,제품 카테고리 (PLP),87
https://www.lg.com/au/monitors/gaming-monitors/,Australia,제품 카테고리 (PLP),62
https://www.lg.com/au/lifestyle-screens/objet-collection-pose/,Australia,제품 카테고리 (PLP),79
https://www.lg.com/au/tv-soundbars/all-tv-soundbars/?ec_ft_06513561=65_inch,Australia,제품 카테고리 (PLP),87
https://www.lg.com/au/monitors/ultrawide-monitors/,Australia,제품 카테고리 (PLP),62
https://www.lg.com/au/lifestyle-screens/all-lifestyle-screens/,Australia,제품 카테고리 (PLP),79
https://www.lg.com/au/tv-soundbars/all-tv-soundbars/?ec_ft_06513561=86_inch_-_98_inch,Australia,제품 카테고리 (PLP),87
https://www.lg.com/au/tv-soundbars/ultra-big-tv/?ec_ft_06513561=86_inch_-_98_inch,Australia,제품 카테고리 (PLP),79
https://www.lg.com/au/tv-soundbars/portable-speakers/,Australia,제품 카테고리 (PLP),90
https://www.lg.com/au/tv-soundbars/qned-tv/?ec_ft_06513561=50_inch,Australia,제품 카테고리 (PLP),90
https://www.lg.com/au/tv-soundbars/qned-evo-tv/?ec_ft_06513561=86_inch_-_98_inch,Australia,제품 카테고리 (PLP),90
https://www.lg.com/au/tv-soundbars/miniled/?ec_ft_06513561=75_inch_-_85_inch,Australia,제품 카테고리 (PLP),90
https://www.lg.com/au/tv-soundbars/soundbars/,Australia,제품 카테고리 (PLP),72
https://www.lg.com/au/tv-soundbars/qned-tv/,Australia,제품 카테고리 (PLP),90
https://www.lg.com/au/speakers/portable-speakers/,Australia,제품 카테고리 (PLP),90
https://www.lg.com/au/tv-soundbars/uhd-tv/?ec_ft_06513561=42_inch_-_48_inch,Australia,제품 카테고리 (PLP),79
https://www.lg.com/au/home-audio/mini-hi-fi-systems/,Australia,제품 카테고리 (PLP),62
https://www.lg.com/au/tv-soundbars/miniled/?ec_ft_06513561=100_inch_and_larger,Australia,제품 카테고리 (PLP),90
https://www.lg.com/au/tv-soundbars/hi-fi-system/,Australia,제품 카테고리 (PLP),72
https://www.lg.com/au/monitors/ultrawide/,Australia,제품 카테고리 (PLP),76
https://www.lg.com/au/tv-soundbars/uhd-tv/?ec_ft_06513561=75_inch_-_85_inch,Australia,제품 카테고리 (PLP),79
https://www.lg.com/au/tv-soundbars/qned-tv/?ec_ft_06513561=100_inch_and_larger,Australia,제품 카테고리 (PLP),90
https://www.lg.com/au/tv-soundbars/uhd-tv/?ec_ft_06513561=50_inch,Australia,제품 카테고리 (PLP),79
https://www.lg.com/au/tv-soundbars/all-tv-soundbars/,Australia,제품 카테고리 (PLP),87
https://www.lg.com/au/monitors/lifestyle-monitor---swing/,Australia,제품 카테고리 (PLP),76
https://www.lg.com/au/tv-soundbars/all-tv-soundbars/?ec_ft_06513561=32_inch_and_smaller,Australia,제품 카테고리 (PLP),86
https://www.lg.com/au/monitors/smart-monitors/,Australia,제품 카테고리 (PLP),79
https://www.lg.com/au/speakers/home-theater-soundbar/,Australia,제품 카테고리 (PLP),66
https://www.lg.com/au/tv-soundbars/oled-tv/,Australia,제품 카테고리 (PLP),90
https://www.lg.com/au/sound-bars/,Australia,제품 카테고리 (PLP),59
https://www.lg.com/au/tv-soundbars/uhd-tv/?ec_ft_06513561=86_inch_-_98_inch,Australia,제품 카테고리 (PLP),79
https://www.lg.com/au/tv-soundbars/uhd-tv/,Australia,제품 카테고리 (PLP),79
https://www.lg.com/au/monitors/ultragear-evo/,Australia,제품 카테고리 (PLP),87
https://www.lg.com/au/tv-soundbars/qned-tv/?ec_ft_06513561=42_-_48_inch,Australia,제품 카테고리 (PLP),90
https://www.lg.com/au/fridge-freezers/top-mount/,Australia,제품 카테고리 (PLP),86
https://www.lg.com/au/tv-soundbars/qned-tv/?ec_ft_06513561=75_-_77_inch,Australia,제품 카테고리 (PLP),90
https://www.lg.com/au/washer-dryers/top-load-washing-machines/,Australia,제품 카테고리 (PLP),90
https://www.lg.com/au/tv-soundbars/smart-tvs/,Australia,제품 카테고리 (PLP),76
https://www.lg.com/au/tv-soundbars/lifestyle-screens/,Australia,제품 카테고리 (PLP),72
https://www.lg.com/au/tv-soundbars/oled-tv/?ec_ft_06513561=55_inch,Australia,제품 카테고리 (PLP),90
https://www.lg.com/au/tv-soundbars/all-tv-soundbars/?ec_ft_06513561=50_inch,Australia,제품 카테고리 (PLP),87
https://www.lg.com/au/tv-soundbars/oled-tv/?ec_ft_06513561=86_inch_-_98_inch,Australia,제품 카테고리 (PLP),90
https://www.lg.com/au/speakers/hi-fi-systems/,Australia,제품 카테고리 (PLP),79
https://www.lg.com/au/tv-soundbars/oled-evo-tv/?ec_ft_06513561=75_-_85_inch,Australia,제품 카테고리 (PLP),79
https://www.lg.com/au/lifestyle-screens/objet-collection-easel/,Australia,제품 카테고리 (PLP),79
https://www.lg.com/au/monitors/,Australia,제품 카테고리 (PLP),79
https://www.lg.com/au/tv-soundbars/ultra-large-tvs/,Australia,제품 카테고리 (PLP),72
https://www.lg.com/au/tv-soundbars/nanocell-tv/?ec_ft_06513561=86_inch_-_98_inch,Australia,제품 카테고리 (PLP),79
https://www.lg.com/au/tv-soundbars/all-tv-soundbars/?ec_ft_06513561=75_-_85_inch,Australia,제품 카테고리 (PLP),86
https://www.lg.com/au/tv-soundbars/nanocell-tv/?ec_ft_06513561=50_inch,Australia,제품 카테고리 (PLP),79
https://www.lg.com/au/speakers/soundbars/,Australia,제품 카테고리 (PLP),83
https://www.lg.com/au/speakers/,Australia,제품 카테고리 (PLP),76
https://www.lg.com/au/monitors/full-hd-qhd/,Australia,제품 카테고리 (PLP),86
https://www.lg.com/au/speakers/all-speakers/,Australia,제품 카테고리 (PLP),79
https://www.lg.com/au/tv-soundbars/,Australia,제품 카테고리 (PLP),76
https://www.lg.com/au/tv-soundbars/nanocell-tv/?ec_ft_06513561=65_inch,Australia,제품 카테고리 (PLP),79
https://www.lg.com/au/about-lg/press-and-media/,Australia,Press & Media,76
https://www.lg.com/au/about-lg/press-and-media/2022-refresh-of-lg-gram-range-delivers-powerful-performance-and-enhanced-user-convenience/,Australia,Press & Media,79
https://www.lg.com/au/about-lg/press-and-media/2023-lg-gram-lineup-offers-stylish-yet-powerful-user-experience-/,Australia,Press & Media,79
https://www.lg.com/au/about-lg/press-and-media/2025-lg-qned-evo-transforms-with-core-oled-tv-innovations/,Australia,Press & Media,79
https://www.lg.com/au/about-lg/press-and-media/LG-showcased-digital-transformation-innovations-at-food-and-display-technology-expo-2025/,Australia,Press & Media,76
https://www.lg.com/au/about-lg/press-and-media/LG-strengthens-EdTech-leadership-with-expanded-LG-CreateBoard-lineup/,Australia,Press & Media,83
https://www.lg.com/au/about-lg/press-and-media/atmospheric-sound-lg-sound-bar-range-and-the-first-lg-smart-home-speaker-heighten-sensory-experiences-in-2018/,Australia,Press & Media,76
https://www.lg.com/au/about-lg/press-and-media/aussie-families-look-to-home-entertainment-for-festive-bonding/,Australia,Press & Media,76
https://www.lg.com/au/about-lg/press-and-media/back-to-basics-lg-g6-responds-to-consumer-feedback/,Australia,Press & Media,79
https://www.lg.com/au/about-lg/press-and-media/best-ever-lg-oled-tvs-arrive-in-australia/,Australia,Press & Media,79
https://www.lg.com/au/about-lg/press-and-media/bundle-an-lg-tv-with-an-lg-sound-bar-and-receive-a-cash-card-valued-at-up-to-30/,Australia,Press & Media,83
https://www.lg.com/au/about-lg/press-and-media/choice-magazine-awards-three-of-lgs-new-air-conditioners-as-best-in-category/,Australia,Press & Media,83
https://www.lg.com/au/about-lg/press-and-media/choice-magazine-recommends-an-lg-energy-effcient-and-temperature-responsive-bottom-mount-fridge/,Australia,Press & Media,79
https://www.lg.com/au/about-lg/press-and-media/come-home-to-comfort-this-summer-with-the-new-wh-split-system-series/,Australia,Press & Media,76
https://www.lg.com/au/about-lg/press-and-media/come-play-with-lg/,Australia,Press & Media,76
https://www.lg.com/au/about-lg/press-and-media/dont-just-read-all-about-it-see-all-about-it/,Australia,Press & Media,79
https://www.lg.com/au/about-lg/press-and-media/eupd-research-names-lg-electronics-solar-division-as-top-brand-photovoltaics-pv-for-fourth-consecutive-year/,Australia,Press & Media,76
https://www.lg.com/au/about-lg/press-and-media/evolution-of-lgs-curved-smartphone-unveiled-at-ces-2015/,Australia,Press & Media,79
https://www.lg.com/au/about-lg/press-and-media/experience-powerful-cordless-freedom-with-the-new-range-of-cordzero-handsticks-from-lg/,Australia,Press & Media,72
https://www.lg.com/au/about-lg/press-and-media/from-catwalk-to-clothesline-the-newest-lg-smartwashers-can-take-care-of-your-clothes/,Australia,Press & Media,83
https://www.lg.com/au/about-lg/press-and-media/honoring--local-legends--during-a-time-of-need/,Australia,Press & Media,76
https://www.lg.com/au/about-lg/press-and-media/intelligent-lg-new-ai-enabled-home-entertainment-line-up-coming-to-australian-homes/,Australia,Press & Media,76
https://www.lg.com/au/about-lg/press-and-media/latest-android-wear-update-brings-wi-fi-connectivity/,Australia,Press & Media,83
https://www.lg.com/au/about-lg/press-and-media/let-your-favourite-music-flow-for-free-with-90-days-access-to-google-play-music/,Australia,Press & Media,83
https://www.lg.com/au/about-lg/press-and-media/lg-2023-soundbars-enrich-home-entertainment-with-immersive-audio-and-versatile-features/,Australia,Press & Media,79
https://www.lg.com/au/about-lg/press-and-media/lg-accelerates-smart-factory-solutions-business-integrating-ai-with-66-year-manufacturing-expertise/,Australia,Press & Media,83
https://www.lg.com/au/about-lg/press-and-media/lg-acquires-athom-to-advance-ai-enabled-intelligent-space-business/,Australia,Press & Media,83
https://www.lg.com/au/about-lg/press-and-media/lg-amplifies-positive-influence-of-the-life-s-good-campaign-via-social-media-challenge/,Australia,Press & Media,79
https://www.lg.com/au/about-lg/press-and-media/lg-and-ambarella-join-forces-to-advance-ai-driven-in-cabin-vehicle-safetey-solutions/,Australia,Press & Media,83
https://www.lg.com/au/about-lg/press-and-media/lg-and-cybellum-to-introduce-cybersecurity-management-system-cockpit-at-ces-2024/,Australia,Press & Media,79
https://www.lg.com/au/about-lg/press-and-media/lg-and-google-collaborate-for-nexus-5x-release-date/,Australia,Press & Media,79
https://www.lg.com/au/about-lg/press-and-media/lg-and-greater-homes-partner-to-address-australia-s-housing-and-/,Australia,Press & Media,79
https://www.lg.com/au/about-lg/press-and-media/lg-and-infineon-to-introduce-lg-g8-thinq-with-front-facing-time-of-flight-camera/,Australia,Press & Media,79
https://www.lg.com/au/about-lg/press-and-media/lg-and-kiis-fm-announce-flood-support-initiative-for-nsw-families/,Australia,Press & Media,76
https://www.lg.com/au/about-lg/press-and-media/lg-and-masterchef-australia-cook-up-a-partnership-to-inspire-cul/,Australia,Press & Media,72
https://www.lg.com/au/about-lg/press-and-media/lg-and-xbox-partner-to-expand-cloud-gaming-experience-on-lg-smart-tvs/,Australia,Press & Media,76
https://www.lg.com/au/about-lg/press-and-media/lg-announces-first-flat-screen-oled-tv-in-australia/,Australia,Press & Media,86
https://www.lg.com/au/about-lg/press-and-media/lg-announces-fourth-quarter-and-full-year-2024-financial-results/,Australia,Press & Media,79
https://www.lg.com/au/about-lg/press-and-media/lg-announces-global-launch-of-innovative-lg-thinq-up-appliances/,Australia,Press & Media,79
https://www.lg.com/au/about-lg/press-and-media/lg-announces-hdr-enabled-oled-tv-range-lg-australia/,Australia,Press & Media,79
https://www.lg.com/au/about-lg/press-and-media/lg-announces-pre-order-deals-for-lg-g4/,Australia,Press & Media,83
https://www.lg.com/au/about-lg/press-and-media/lg-announces-winners-of-2024-webos-hackathon/,Australia,Press & Media,76
https://www.lg.com/au/about-lg/press-and-media/lg-anti-discolouration-tech-for-outdoor-digital-signage-first-to-receive-ul-verification/,Australia,Press & Media,79
https://www.lg.com/au/about-lg/press-and-media/lg-appoints-new-marketing-general-manager/,Australia,Press & Media,79
https://www.lg.com/au/about-lg/press-and-media/lg-at-ranzcr-2024-innovating-healthcare-with-advanced-medical-imaging-solutions/,Australia,Press & Media,76
https://www.lg.com/au/about-lg/press-and-media/lg-australia-announces-curved-sound-bar-and-new-oled-promotion/,Australia,Press & Media,79
https://www.lg.com/au/about-lg/press-and-media/lg-australia-announces-local-availability-of-2024-ultrageartm-oled-monitor-range/,Australia,Press & Media,79
https://www.lg.com/au/about-lg/press-and-media/lg-australia-brings-android-60-marshmallow-update-to-lg-g4/,Australia,Press & Media,79
https://www.lg.com/au/about-lg/press-and-media/lg-australia-helps-supercar-racer-compete-in-a-virtual-world/,Australia,Press & Media,83
https://www.lg.com/au/about-lg/press-and-media/lg-australia-launches-2022-range-of-cinebeam-projectors-designed-to-elevate-the-home-cinema-or-corporate-office-experience/,Australia,Press & Media,79
https://www.lg.com/au/about-lg/press-and-media/lg-australia-launches-2026-tv---sound-suite-lineup/,Australia,Press & Media,83
https://www.lg.com/au/about-lg/press-and-media/lg-australia-launches-dualup-monitor-designed-to-enhance-the-home-office-experience/,Australia,Press & Media,79
https://www.lg.com/au/about-lg/press-and-media/lg-australia-sponsor-dire-wolves-leading-australian-esports-team/,Australia,Press & Media,79
https://www.lg.com/au/about-lg/press-and-media/lg-australia-unveils-2022-sound-bar-range/,Australia,Press & Media,79
https://www.lg.com/au/about-lg/press-and-media/lg-australia-welcomes-lg-nanocell-8k-to-the-range/,Australia,Press & Media,76
https://www.lg.com/au/about-lg/press-and-media/lg-bets-partner-success-is-the-next-competitive-advantage/,Australia,Press & Media,86
https://www.lg.com/au/about-lg/press-and-media/lg-brings-latest-range-of-cordless-vacuum-cleaners-to-australia/,Australia,Press & Media,79
https://www.lg.com/au/about-lg/press-and-media/lg-brings-refreshed-french-door-refrigerator-range-to-australian-kitchens/,Australia,Press & Media,79
https://www.lg.com/au/about-lg/press-and-media/lg-brings-xbox-cloud-gaming--beta--experience-directly-to-lg-sma/,Australia,Press & Media,76
https://www.lg.com/au/about-lg/press-and-media/lg-business-solutions-transforms-sydney-dance-company-studios-with-cutting-edge-display-solutions/,Australia,Press & Media,77
https://www.lg.com/au/about-lg/press-and-media/lg-business-solutions-unveils-cloud-computing-suite/,Australia,Press & Media,76
https://www.lg.com/au/about-lg/press-and-media/lg-calls-for-developers-to-participate-in-lg-webos-hackathon-2024/,Australia,Press & Media,76
https://www.lg.com/au/about-lg/press-and-media/lg-celebrates-prolific-wins-for-season-2-of-its-original-series/,Australia,Press & Media,76
https://www.lg.com/au/about-lg/press-and-media/lg-celebrates-the-worlds-most-passionate-cricket-fans/,Australia,Press & Media,79
https://www.lg.com/au/about-lg/press-and-media/lg-ceo-and-cto-to-outline-ambitious-strategy-for-thinq-ai-at-ifa-opening-keynote/,Australia,Press & Media,76
https://www.lg.com/au/about-lg/press-and-media/lg-ceo-william-cho-highligts-consistent-progress-towards-future-/,Australia,Press & Media,79
https://www.lg.com/au/about-lg/press-and-media/lg-clocks-in-with-australian-release-of-stylish-timepiece/,Australia,Press & Media,83
https://www.lg.com/au/about-lg/press-and-media/lg-commitment-to-innovation-is-recognised-with-numerous-awards-at-ces-2024/,Australia,Press & Media,83
https://www.lg.com/au/about-lg/press-and-media/lg-connect-2024-showcase-highlights-cutting-edge-business-solution-technologies/,Australia,Press & Media,79
https://www.lg.com/au/about-lg/press-and-media/lg-continues-to-push-the-boundaries-with-its-new-mid-range-smartphones/,Australia,Press & Media,83
https://www.lg.com/au/about-lg/press-and-media/lg-cordzero-auto-emptying-handstick-robot-vac-all-in-one-tower-c/,Australia,Press & Media,79
https://www.lg.com/au/about-lg/press-and-media/lg-debuts-its-latest-cordzero--handstick-vaccuum-lineup-designed/,Australia,Press & Media,72
https://www.lg.com/au/about-lg/press-and-media/lg-debuts-the-g5-its-first-ever-modular-smartphone/,Australia,Press & Media,79
https://www.lg.com/au/about-lg/press-and-media/lg-delivers-year-around-comfort-and-elegance-with-new-artcool-gallery-at-ces-2023/,Australia,Press & Media,79
https://www.lg.com/au/about-lg/press-and-media/lg-electronics-2024-soundbar-range-delivers-complete-at-home-entertainment-with-rich-audio/,Australia,Press & Media,79
https://www.lg.com/au/about-lg/press-and-media/lg-electronics-all-in-one-tower-/,Australia,Press & Media,79
https://www.lg.com/au/about-lg/press-and-media/lg-electronics-and-will-i-am-transforms-lg-xboom-s-sound-design-through-xboom-by-will-i-am/,Australia,Press & Media,76
https://www.lg.com/au/about-lg/press-and-media/lg-electronics-announces--designed-for-lg-gaming-portal--certifi/,Australia,Press & Media,76
https://www.lg.com/au/about-lg/press-and-media/lg-electronics-announces-partnership-with-ronald-mcdonald-house-charities/,Australia,Press & Media,79
https://www.lg.com/au/about-lg/press-and-media/lg-electronics-australia-and-sky-news-australia-partner-to-launch-fast-tv-offering-sky-news-now/,Australia,Press & Media,83
https://www.lg.com/au/about-lg/press-and-media/lg-electronics-australia-and-the-lg-twins-to-host-bushfire-fundraiser-event/,Australia,Press & Media,76
https://www.lg.com/au/about-lg/press-and-media/lg-electronics-australia-announces-local-availability-of-2024-sound-bar-range/,Australia,Press & Media,79
https://www.lg.com/au/about-lg/press-and-media/lg-electronics-australia-announces-local-availability-of-2024-sound-bar-range0/,Australia,Press & Media,86
https://www.lg.com/au/about-lg/press-and-media/lg-electronics-australia-announces-promotions-and-new-roles-with/,Australia,Press & Media,76
https://www.lg.com/au/about-lg/press-and-media/lg-electronics-australia-bolsters-marketing-team-with-expansion-and-new-appointments/,Australia,Press & Media,79
https://www.lg.com/au/about-lg/press-and-media/lg-electronics-australia-brings-big-entertainment-home-with-launch-of-2024-tv-range/,Australia,Press & Media,79
https://www.lg.com/au/about-lg/press-and-media/lg-electronics-australia-business-solutions-showcases-cutting-ed/,Australia,Press & Media,83
https://www.lg.com/au/about-lg/press-and-media/lg-electronics-australia-continue-to-help-communities-rediscover-good-with-launch-of-2022-local-legends-program/,Australia,Press & Media,79
https://www.lg.com/au/about-lg/press-and-media/lg-electronics-australia-elevates-home-entertainment-with-new-20/,Australia,Press & Media,83
https://www.lg.com/au/about-lg/press-and-media/lg-electronics-australia-elevates-the-guest-experience-at-novaca/,Australia,Press & Media,79
https://www.lg.com/au/about-lg/press-and-media/lg-electronics-australia-launches-stanbyme-2-the-next-evolution-/,Australia,Press & Media,79
https://www.lg.com/au/about-lg/press-and-media/lg-electronics-australia-named-choice--best-brand-across-multipl/,Australia,Press & Media,76
https://www.lg.com/au/about-lg/press-and-media/lg-electronics-australia-names-new-managing-director/,Australia,Press & Media,76
https://www.lg.com/au/about-lg/press-and-media/lg-electronics-australia-partners-with-taronga-s-hatch-accelerator-program/,Australia,Press & Media,83
https://www.lg.com/au/about-lg/press-and-media/lg-electronics-australia-showcases-advanced-medical-display-solu/,Australia,Press & Media,79
https://www.lg.com/au/about-lg/press-and-media/lg-electronics-australia-supports-bushfire-relief-efforts/,Australia,Press & Media,76
https://www.lg.com/au/about-lg/press-and-media/lg-electronics-australia-teams-up-with-three-birds-renovations/,Australia,Press & Media,79
https://www.lg.com/au/about-lg/press-and-media/lg-electronics-australia-to-celebrate-community-heroes/,Australia,Press & Media,79
https://www.lg.com/au/about-lg/press-and-media/lg-electronics-australia-to-celebrate-everyday-good-within-australian-communities/,Australia,Press & Media,76
https://www.lg.com/au/about-lg/press-and-media/lg-electronics-australia-unveils-latest-audio-products-in-collaboration-with-music-visionary-will-i-am/,Australia,Press & Media,86
https://www.lg.com/au/support/product-support/troubleshoot/help-library/cs-CT52001891-20152057095565/,Australia,Support - Troubleshoot,79
https://www.lg.com/au/support/product-support/troubleshoot/help-library/cs-CT52001892-20155028330557/,Australia,Support - Troubleshoot,79
https://www.lg.com/au/support/product-support/troubleshoot/help-library/cs-CT52001893-20155118502551,Australia,Support - Troubleshoot,79
https://www.lg.com/au/support/product-support/troubleshoot/help-library/cs-CT52001894-20155019542509/,Australia,Support - Troubleshoot,79
https://www.lg.com/au/support/product-support/troubleshoot/help-library/cs-CT52001892-20155102945124,Australia,Support - Troubleshoot,79
https://www.lg.com/au/support/product-support/troubleshoot/help-library/cs-CT52001891-20153215184746/,Australia,Support - Troubleshoot,79
https://www.lg.com/au/support/product-support/troubleshoot/help-library/cs-CT52001894-20155115712563/,Australia,Support - Troubleshoot,79
https://www.lg.com/au/support/product-support/troubleshoot/help-library/cs-CT32010282-20151536747806/,Australia,Support - Troubleshoot,79
https://www.lg.com/au/support/product-support/troubleshoot/help-library/cs-CT52001891-20153130464833OLT/,Australia,Support - Troubleshoot,79
https://www.lg.com/au/support/product-support/troubleshoot/help-library/cs-CT52001892-20154982198421/,Australia,Support - Troubleshoot,79
https://www.lg.com/au/support/product-support/troubleshoot/help-library/cs-CT52001892-20155130213807,Australia,Support - Troubleshoot,79
https://www.lg.com/au/support/product-support/troubleshoot/help-library/cs-CT52001891-20153123661970OLT/,Australia,Support - Troubleshoot,79
https://www.lg.com/au/support/product-support/troubleshoot/help-library/cs-CT52001891-20153096002080OLT/,Australia,Support - Troubleshoot,79
https://www.lg.com/au/support/product-support/troubleshoot/help-library/cs-CT52001894-20155269099170/,Australia,Support - Troubleshoot,79
https://www.lg.com/au/support/product-support/troubleshoot/help-library/cs-CT52001891-20155062553752/,Australia,Support - Troubleshoot,79
https://www.lg.com/au/support/product-support/troubleshoot/help-library/cs-CT52001892-20155102806626,Australia,Support - Troubleshoot,79
https://www.lg.com/au/support/product-support/troubleshoot/help-library/cs-CT32004806-20155130672793,Australia,Support - Troubleshoot,79
https://www.lg.com/au/support/product-support/troubleshoot/help-library/cs-CT52001892-20155102780837/,Australia,Support - Troubleshoot,79
https://www.lg.com/au/support/product-support/troubleshoot/help-library/cs-CT52001894-20153143600647/,Australia,Support - Troubleshoot,79
https://www.lg.com/au/support/product-support/troubleshoot/help-library/cs-CT52001891-20153215469176LST/,Australia,Support - Troubleshoot,79
https://www.lg.com/au/support/product-support/troubleshoot/help-library/cs-CT32004806-20155131934269,Australia,Support - Troubleshoot,79
https://www.lg.com/au/support/product-support/troubleshoot/help-library/cs-CT52001892-20155028318440,Australia,Support - Troubleshoot,79
https://www.lg.com/au/support/product-support/troubleshoot/help-library/cs-CT52001894-20155268087480/,Australia,Support - Troubleshoot,79
https://www.lg.com/au/support/product-support/troubleshoot/help-library/cs-CT52001892-20155048208360,Australia,Support - Troubleshoot,79
https://www.lg.com/au/support/product-support/troubleshoot/help-library/cs-CT32010282-20151536625692/,Australia,Support - Troubleshoot,79
https://www.lg.com/au/support/product-support/troubleshoot/help-library/cs-CT52001894-20155113403267/,Australia,Support - Troubleshoot,79
https://www.lg.com/au/support/product-support/troubleshoot/help-library/cs-CT52001891-20153215656522OLT/,Australia,Support - Troubleshoot,79
https://www.lg.com/au/support/product-support/troubleshoot/help-library/cs-CT52001893-20155048180878/,Australia,Support - Troubleshoot,79
https://www.lg.com/au/support/product-support/troubleshoot/help-library/cs-CT52001892-20155103111147,Australia,Support - Troubleshoot,79
https://www.lg.com/au/support/product-support/troubleshoot/help-library/cs-CT52001891-20153119161989LST/,Australia,Support - Troubleshoot,79
https://www.lg.com/au/support/product-support/troubleshoot/help-library/cs-CT52001891-20155063960870/,Australia,Support - Troubleshoot,79
https://www.lg.com/au/support/product-support/troubleshoot/help-library/cs-CT32004806-20155274463658,Australia,Support - Troubleshoot,79
https://www.lg.com/au/support/product-support/troubleshoot/help-library/cs-CT52001892-20155146808886,Australia,Support - Troubleshoot,79
https://www.lg.com/au/support/product-support/troubleshoot/help-library/cs-CT32010282-20151536646411/,Australia,Support - Troubleshoot,79
https://www.lg.com/au/support/product-support/troubleshoot/help-library/cs-CT52001891-20150117258142/,Australia,Support - Troubleshoot,79
https://www.lg.com/au/support/product-support/troubleshoot/help-library/cs-CT52001894-20155051173388/,Australia,Support - Troubleshoot,79
https://www.lg.com/au/support/product-support/troubleshoot/help-library/cs-CT32004806-20155198562423,Australia,Support - Troubleshoot,79
https://www.lg.com/au/support/product-support/troubleshoot/help-library/cs-CT52001894-20155113388239,Australia,Support - Troubleshoot,79
https://www.lg.com/au/support/product-support/troubleshoot/help-library/cs-CT52001891-20153217242233OLT/,Australia,Support - Troubleshoot,79
https://www.lg.com/au/support/product-support/troubleshoot/help-library/cs-CT52001891-20150150218748/,Australia,Support - Troubleshoot,79
https://www.lg.com/au/support/product-support/troubleshoot/help-library/cs-CT52001894-20155047763895,Australia,Support - Troubleshoot,79
https://www.lg.com/au/support/product-support/troubleshoot/help-library/cs-CT52001891-20152424764775/,Australia,Support - Troubleshoot,79
https://www.lg.com/au/support/product-support/troubleshoot/help-library/cs-CT52001894-20155410253959/,Australia,Support - Troubleshoot,79
https://www.lg.com/au/support/product-support/troubleshoot/help-library/cs-CT52001893-20155114022939/,Australia,Support - Troubleshoot,79
https://www.lg.com/au/support/product-support/troubleshoot/help-library/cs-CT52001891-20155062024093/,Australia,Support - Troubleshoot,79
https://www.lg.com/au/support/product-support/troubleshoot/help-library/cs-CT52001891-20152424765390/,Australia,Support - Troubleshoot,79
https://www.lg.com/au/support/product-support/troubleshoot/help-library/cs-CT52001894-20155104837507,Australia,Support - Troubleshoot,79
https://www.lg.com/au/support/product-support/troubleshoot/help-library/cs-CT52001894-20155143214929,Australia,Support - Troubleshoot,79
https://www.lg.com/au/support/product-support/troubleshoot/help-library/cs-CT52001891-20153215469176/,Australia,Support - Troubleshoot,79
https://www.lg.com/au/support/product-support/troubleshoot/help-library/cs-CT52001891-20153096004541/,Australia,Support - Troubleshoot,79
https://www.lg.com/au/support/product-support/troubleshoot/help-library/cs-CT52001891-20153215358119/,Australia,Support - Troubleshoot,79
https://www.lg.com/au/support/product-support/troubleshoot/help-library/cs-CT52001891-20153217392935/,Australia,Support - Troubleshoot,79
https://www.lg.com/au/support/product-support/troubleshoot/help-library/cs-CT52001891-20153119161989/,Australia,Support - Troubleshoot,79
https://www.lg.com/au/support/product-support/troubleshoot/help-library/cs-CT52001892-20155029819247/,Australia,Support - Troubleshoot,79
https://www.lg.com/au/support/product-support/troubleshoot/help-library/cs-CT32004806-20155135966141,Australia,Support - Troubleshoot,79
https://www.lg.com/au/support/product-support/troubleshoot/help-library/cs-CT52001894-20155114286407/,Australia,Support - Troubleshoot,79
https://www.lg.com/au/support/product-support/troubleshoot/help-library/cs-CT52001891-20152424764928/,Australia,Support - Troubleshoot,79
https://www.lg.com/au/support/product-support/troubleshoot/help-library/cs-CT52001892-20155102606785/,Australia,Support - Troubleshoot,79
https://www.lg.com/au/support/product-support/troubleshoot/help-library/cs-CT52001891-20151617379821/,Australia,Support - Troubleshoot,79
https://www.lg.com/au/support/product-support/troubleshoot/help-library/cs-CT52001892-20155101717846/,Australia,Support - Troubleshoot,79
https://www.lg.com/au/support/product-support/troubleshoot/help-library/cs-CT52001894-20155410290745/,Australia,Support - Troubleshoot,79
https://www.lg.com/au/support/product-support/troubleshoot/help-library/cs-CT52001891-20153122612066/,Australia,Support - Troubleshoot,79
https://www.lg.com/au/support/product-support/troubleshoot/help-library/cs-CT32004806-20155366414982,Australia,Support - Troubleshoot,79
https://www.lg.com/au/support/product-support/troubleshoot/help-library/cs-CT52001891-20153122605643/,Australia,Support - Troubleshoot,79
https://www.lg.com/au/support/product-support/troubleshoot/help-library/cs-CT52001892-20155028326917,Australia,Support - Troubleshoot,79
https://www.lg.com/au/support/product-support/troubleshoot/help-library/cs-CT32010282-20151536754533/,Australia,Support - Troubleshoot,79
https://www.lg.com/au/support/product-support/troubleshoot/help-library/cs-CT52001894-20155062559624/,Australia,Support - Troubleshoot,79
https://www.lg.com/au/support/product-support/troubleshoot/help-library/cs-CT52001891-20155381400289/,Australia,Support - Troubleshoot,79
https://www.lg.com/au/support/product-support/troubleshoot/help-library/cs-CT52001892-20155105990208,Australia,Support - Troubleshoot,79
https://www.lg.com/au/support/product-support/troubleshoot/help-library/cs-CT52001891-20151258115195/,Australia,Support - Troubleshoot,79
https://www.lg.com/au/support/product-support/troubleshoot/help-library/cs-CT52001894-20155014962509/,Australia,Support - Troubleshoot,79
https://www.lg.com/au/support/product-support/troubleshoot/help-library/cs-CT52001892-20155105984050,Australia,Support - Troubleshoot,79
https://www.lg.com/au/support/product-support/troubleshoot/help-library/cs-CT52001892-20155065328016/,Australia,Support - Troubleshoot,79
https://www.lg.com/au/support/product-support/troubleshoot/help-library/cs-CT52001892-20155101726782/,Australia,Support - Troubleshoot,79
https://www.lg.com/au/support/product-support/troubleshoot/help-library/cs-CT32004806-20155304383626,Australia,Support - Troubleshoot,79
https://www.lg.com/au/support/product-support/troubleshoot/help-library/cs-CT52001893-20155048190225/,Australia,Support - Troubleshoot,79
https://www.lg.com/au/support/product-support/troubleshoot/help-library/cs-CT52001893-20155060933551/,Australia,Support - Troubleshoot,79
https://www.lg.com/au/support/product-support/troubleshoot/help-library/cs-CT52001892-20155102934841,Australia,Support - Troubleshoot,79
https://www.lg.com/au/support/product-support/troubleshoot/help-library/cs-CT52001891-20153122635079OLT/,Australia,Support - Troubleshoot,79
https://www.lg.com/au/support/product-support/troubleshoot/help-library/cs-CT52001893-20155117720578,Australia,Support - Troubleshoot,79
https://www.lg.com/au/support/product-support/troubleshoot/help-library/cs-CT52001892-20155064016578/,Australia,Support - Troubleshoot,79
https://www.lg.com/au/support/product-support/troubleshoot/help-library/cs-CT52001891-20153123661970LST/,Australia,Support - Troubleshoot,79
https://www.lg.com/au/support/product-support/troubleshoot/help-library/cs-CT52001892-20155101712967/,Australia,Support - Troubleshoot,79
https://www.lg.com/au/support/product-support/troubleshoot/help-library/cs-CT32010282-20155115803406,Australia,Support - Troubleshoot,79
https://www.lg.com/au/support/product-support/troubleshoot/help-library/cs-CT52001891-20150152061675LST/,Australia,Support - Troubleshoot,79
https://www.lg.com/au/support/product-support/troubleshoot/help-library/cs-CT52001894-20155006102270/,Australia,Support - Troubleshoot,79
https://www.lg.com/au/support/product-support/troubleshoot/help-library/cs-CT52001891-20155155360507/,Australia,Support - Troubleshoot,79
https://www.lg.com/au/support/product-support/troubleshoot/help-library/cs-CT52001891-20151258113353/,Australia,Support - Troubleshoot,79
https://www.lg.com/au/support/product-support/troubleshoot/help-library/cs-CT32010282-20151536616732/,Australia,Support - Troubleshoot,79
https://www.lg.com/au/support/product-support/troubleshoot/help-library/cs-CT52001894-20155006048809/,Australia,Support - Troubleshoot,79
https://www.lg.com/au/support/product-support/troubleshoot/help-library/cs-CT52001892-20155101717026/,Australia,Support - Troubleshoot,79
https://www.lg.com/au/support/product-support/troubleshoot/help-library/cs-CT32010282-20155383934430,Australia,Support - Troubleshoot,79
https://www.lg.com/au/support/product-support/troubleshoot/help-library/cs-CT52001894-20155021549019/,Australia,Support - Troubleshoot,79
https://www.lg.com/au/support/product-support/troubleshoot/help-library/cs-CT52001892-20154855998853,Australia,Support - Troubleshoot,79
https://www.lg.com/au/support/product-support/troubleshoot/help-library/cs-CT20088076-20154967819085,Australia,Support - Troubleshoot,79
https://www.lg.com/au/support/product-support/troubleshoot/help-library/cs-CT52001892-20155101726080,Australia,Support - Troubleshoot,82
https://www.lg.com/au/support/product-support/troubleshoot/help-library/cs-CT52001891-20151875443020/,Australia,Support - Troubleshoot,79
https://www.lg.com/au/support/product-support/troubleshoot/help-library/cs-CT52001893-20155128297839,Australia,Support - Troubleshoot,79
https://www.lg.com/au/support/product-support/troubleshoot/help-library/cs-CT52001894-20155154186807/,Australia,Support - Troubleshoot,79
https://www.lg.com/au/support/product-support/troubleshoot/help-library/cs-CT52001892-20155101705329,Australia,Support - Troubleshoot,79
https://www.lg.com/br/hotel-tv/pro-centric-smart-tv/42ly760h/,Brazil,제품 상세 (PDP),74
https://www.lg.com/br/sinalizacao-de-tv/tv-supersign/32ly540s/,Brazil,제품 상세 (PDP),77
https://www.lg.com/br/hotel-tv/pro-centric-smart-tv/47ws50b/,Brazil,제품 상세 (PDP),74
https://www.lg.com/br/tv-corporativa/commercial-tv/32ly340c/,Brazil,제품 상세 (PDP),74
https://www.lg.com/br/hotel-tv/tv-modo-hotel/32ly340h/,Brazil,제품 상세 (PDP),71
https://www.lg.com/br/hotel-tv/pro-centric-tv/32ly540h/,Brazil,제품 상세 (PDP),68
https://www.lg.com/br/hotel-tv/pro-centric-tv/42ly540h/,Brazil,제품 상세 (PDP),68
https://www.lg.com/br/sinalizacao-de-tv/tv-supersign/42ly540s/,Brazil,제품 상세 (PDP),74
https://www.lg.com/br/sinalizacao-de-tv/tv-supersign/55ly540s/,Brazil,제품 상세 (PDP),74
https://www.lg.com/br/tv-corporativa/commercial-tv/42ly340c/,Brazil,제품 상세 (PDP),74
https://www.lg.com/br/hotel-tv/tv-modo-hotel/42ly340h/,Brazil,제품 상세 (PDP),71
https://www.lg.com/br/audio/caixa-de-som-bluetooth/blast/,Brazil,제품 상세 (PDP),78
https://www.lg.com/br/audio/caixa-de-som-bluetooth/pm1/,Brazil,제품 상세 (PDP),77
https://www.lg.com/br/audio/caixas-de-som-portateis-xboom-go/xg9s/,Brazil,제품 상세 (PDP),81
https://www.lg.com/br/audio/caixas-de-som-portateis-xboom-go/xg2tbk/,Brazil,제품 상세 (PDP),78
https://www.lg.com/br/audio/caixas-de-som-portateis-xboom-go/xg7s/,Brazil,제품 상세 (PDP),81
https://www.lg.com/br/audio/caixas-de-som-portateis-xboom-go/xg8t/,Brazil,제품 상세 (PDP),78
https://www.lg.com/br/audio/caixas-de-som-portateis-xboom-go/xg5s/,Brazil,제품 상세 (PDP),81
https://www.lg.com/br/audio/caixas-de-som-portateis-xboom-go/xg5/,Brazil,제품 상세 (PDP),77
https://www.lg.com/br/audio/caixas-de-som-xboom/bounce/,Brazil,제품 상세 (PDP),81
https://www.lg.com/br/audio/caixas-de-som-xboom/cl87/,Brazil,제품 상세 (PDP),77
https://www.lg.com/br/audio/caixas-de-som-xboom/cl98/,Brazil,제품 상세 (PDP),77
https://www.lg.com/br/audio/caixas-de-som-xboom/grab1/,Brazil,제품 상세 (PDP),78
https://www.lg.com/br/audio/caixas-de-som-xboom/ck43n/,Brazil,제품 상세 (PDP),81
https://www.lg.com/br/audio/caixas-de-som-xboom/grab/,Brazil,제품 상세 (PDP),78
https://www.lg.com/br/audio/caixas-de-som-xboom/rn5/,Brazil,제품 상세 (PDP),74
https://www.lg.com/br/audio/caixas-de-som-xboom/rn7/,Brazil,제품 상세 (PDP),74
https://www.lg.com/br/audio/caixas-de-som-xboom/rnc5/,Brazil,제품 상세 (PDP),75
https://www.lg.com/br/geladeiras/geladeiras-duplex/b392pqwb-3091bc/,Brazil,제품 상세 (PDP),77
https://www.lg.com/br/geladeiras/geladeiras-duplex/b392pqw2-3091bc2/,Brazil,제품 상세 (PDP),77
https://www.lg.com/br/geladeiras/geladeiras-duplex/b392pqw2-3091bc2/B392PXGB-MS304/,Brazil,제품 상세 (PDP),84
https://www.lg.com/br/geladeiras/geladeiras-duplex/gn-b392pxg2/,Brazil,제품 상세 (PDP),78
https://www.lg.com/br/geladeiras/geladeiras-duplex/gn-b392pqwb/,Brazil,제품 상세 (PDP),77
https://www.lg.com/br/geladeiras/geladeiras-duplex/gb-b472pfsf/,Brazil,제품 상세 (PDP),74
https://www.lg.com/br/geladeiras/geladeiras-duplex/gb-b472pwuf/,Brazil,제품 상세 (PDP),74
https://www.lg.com/br/geladeiras/geladeiras-duplex/gn-b392pqw2/,Brazil,제품 상세 (PDP),77
https://www.lg.com/br/geladeiras/geladeiras-duplex/gn-b372pqw2/,Brazil,제품 상세 (PDP),81
https://www.lg.com/br/geladeiras/geladeiras-duplex/gb-b472pfuf/,Brazil,제품 상세 (PDP),77
https://www.lg.com/br/geladeiras/geladeiras-duplex/gn-b392pxgb/,Brazil,제품 상세 (PDP),78
https://www.lg.com/br/geladeiras/geladeiras-duplex/gn-b452pffq/,Brazil,제품 상세 (PDP),81
https://www.lg.com/br/geladeiras/geladeiras-duplex/gn-b392pxgb-1/,Brazil,제품 상세 (PDP),78
https://www.lg.com/br/geladeiras/geladeiras-duplex/gn-b372pfm2/,Brazil,제품 상세 (PDP),81
https://www.lg.com/br/geladeiras/geladeiras-duplex/gn-b372pqwb/,Brazil,제품 상세 (PDP),81
https://www.lg.com/br/geladeiras/geladeiras-duplex/gn-b392plm2/,Brazil,제품 상세 (PDP),81
https://www.lg.com/br/geladeiras/geladeiras-duplex/gn-b392plmb/,Brazil,제품 상세 (PDP),81
https://www.lg.com/br/geladeiras/geladeiras-duplex/gn-b452pff2/,Brazil,제품 상세 (PDP),81
https://www.lg.com/br/geladeiras/geladeiras-french-door/gm-x288nqxh/,Brazil,제품 상세 (PDP),81
https://www.lg.com/br/geladeiras/geladeiras-french-door/gm-x288nqx2/,Brazil,제품 상세 (PDP),81
https://www.lg.com/br/lavanderia/lava-e-seca/cv3012w-grab/,Brazil,제품 상세 (PDP),78
https://www.lg.com/br/lavanderia/lava-e-seca/cv3012mc5a/,Brazil,제품 상세 (PDP),84
https://www.lg.com/br/lavanderia/lava-e-seca/cv3012wc5/,Brazil,제품 상세 (PDP),84
https://www.lg.com/br/lavanderia/lava-e-seca/cv3012mc5/,Brazil,제품 상세 (PDP),84
https://www.lg.com/br/lavanderia/lava-e-seca/cv3012wc5a/,Brazil,제품 상세 (PDP),84
https://www.lg.com/br/lavanderia/lava-e-seca/cv5012wc4a/,Brazil,제품 상세 (PDP),84
https://www.lg.com/br/lavanderia/lava-e-seca/cv5012wc4/,Brazil,제품 상세 (PDP),84
https://www.lg.com/br/lavanderia/lava-e-seca/cv5012pc4a/,Brazil,제품 상세 (PDP),84
https://www.lg.com/br/lavanderia/lava-e-seca/cv5014pc4/,Brazil,제품 상세 (PDP),84
https://www.lg.com/br/lavanderia/lava-e-seca/cv5014mc4a/,Brazil,제품 상세 (PDP),84
https://www.lg.com/br/lavanderia/lava-e-seca/cv5014wc4a/,Brazil,제품 상세 (PDP),84
https://www.lg.com/br/lavanderia/lava-e-seca/cv5014pc4a/,Brazil,제품 상세 (PDP),84
https://www.lg.com/br/lavanderia/lava-e-seca/cv5014wc4/,Brazil,제품 상세 (PDP),84
https://www.lg.com/br/lavanderia/lava-e-seca/cv5014mc4/,Brazil,제품 상세 (PDP),84
https://www.lg.com/br/ar-condicionado-comercial/a5uw30gfa0/,Brazil,제품 상세 (PDP),81
https://www.lg.com/br/ar-condicionado-comercial/a3uw21gfa0/,Brazil,제품 상세 (PDP),81
https://www.lg.com/br/ar-condicionado-comercial/ab-q54gm3a2/,Brazil,제품 상세 (PDP),77
https://www.lg.com/br/ar-condicionado-comercial/a5uw40gfa0/,Brazil,제품 상세 (PDP),81
https://www.lg.com/br/ar-condicionado-comercial/amnh12gtuc0/,Brazil,제품 상세 (PDP),68
https://www.lg.com/br/ar-condicionado-comercial/amnh09gtuc0/,Brazil,제품 상세 (PDP),68
https://www.lg.com/br/ar-condicionado-comercial/amnh18gb2a2/,Brazil,제품 상세 (PDP),77
https://www.lg.com/br/ar-condicionado-comercial/amnh12gb1a2/,Brazil,제품 상세 (PDP),77
https://www.lg.com/br/ar-condicionado-comercial/amnw09gdbr0/,Brazil,제품 상세 (PDP),74
https://www.lg.com/br/ar-condicionado-comercial/amnh24gb2a2/,Brazil,제품 상세 (PDP),77
https://www.lg.com/br/ar-condicionado-comercial/amnw07gewa0/,Brazil,제품 상세 (PDP),77
https://www.lg.com/br/purificador-de-ar/as651dwh0/,Brazil,제품 상세 (PDP),78
https://www.lg.com/br/ar-condicionado-comercial/amnw12geba0/,Brazil,제품 상세 (PDP),77
https://www.lg.com/br/purificador-de-ar/as101dwh0/,Brazil,제품 상세 (PDP),78
https://www.lg.com/br/purificador-de-ar/ag161bwc0/,Brazil,제품 상세 (PDP),81
https://www.lg.com/br/ar-condicionado-comercial/amnw09geba0/,Brazil,제품 상세 (PDP),77
https://www.lg.com/br/ar-condicionado-comercial/amnw12gdbr0/,Brazil,제품 상세 (PDP),74
https://www.lg.com/br/micro-ondas/micro-ondas-solo/ms3033ds/,Brazil,제품 상세 (PDP),84
https://www.lg.com/br/ar-condicionado-comercial/amnw18gdcr0/,Brazil,제품 상세 (PDP),74
https://www.lg.com/br/care-accessories/air-conditioners/filter/5231a30003b/,Brazil,제품 상세 (PDP),77
https://www.lg.com/br/acessorios-para-eletrodomesticos/pecas-e-acessorios-de-cozinha/0czzw1h001x/,Brazil,제품 상세 (PDP),74
https://www.lg.com/br/audio/caixas-de-som-xboom/rnc7/,Brazil,제품 상세 (PDP),75
https://www.lg.com/br/assinatura-digital/monitor-transparente/47ts50mf/,Brazil,제품 상세 (PDP),71
https://www.lg.com/br/micro-ondas/micro-ondas-solo/ms3033dsa/,Brazil,제품 상세 (PDP),84
https://www.lg.com/br/pecas-e-acessorios-de-ar-condicionado/0fzza90001t/,Brazil,제품 상세 (PDP),71
https://www.lg.com/br/pecas-e-acessorios/pecas-e-acessorios-lavanderia/ebr88910712/,Brazil,제품 상세 (PDP),71
https://www.lg.com/br/pecas-e-acessorios-para-tv-e-audio/agf30112010/,Brazil,제품 상세 (PDP),77
https://www.lg.com/br/pecas-e-acessorios-para-tv-audio/4400r-0010a/,Brazil,제품 상세 (PDP),74
https://www.lg.com/br/acessorios-para-eletrodomesticos/pecas-e-acessorios-de-cozinha/0czzw1h007k/,Brazil,제품 상세 (PDP),71
https://www.lg.com/br/ar-condicionado-comercial/amnw18geca0/,Brazil,제품 상세 (PDP),77
https://www.lg.com/br/lavanderia/lava-e-seca/cv9014-grab2/,Brazil,제품 상세 (PDP),78
https://www.lg.com/br/audio/caixas-de-som-xboom/rnc9/,Brazil,제품 상세 (PDP),75
https://www.lg.com/br/care-accessories/air-conditioners/filter/adq73273301/,Brazil,제품 상세 (PDP),77
https://www.lg.com/br/projetores/bu50rg/,Brazil,제품 상세 (PDP),78
https://www.lg.com/br/pecas-e-acessorios-para-tv-audio/aan30005507/,Brazil,제품 상세 (PDP),74
https://www.lg.com/br/pecas-e-acessorios/pecas-e-acessorios-lavanderia/mcq66954602/,Brazil,제품 상세 (PDP),71
https://www.lg.com/br/pecas-e-acessorios-de-ar-condicionado/2h02479n/,Brazil,제품 상세 (PDP),74
https://www.lg.com/br/pecas-e-acessorios-para-tv-e-audio/eaj65753806/,Brazil,제품 상세 (PDP),74
https://www.lg.com/br/audio/caixas-de-som-xboom/stage301-abralbk/,Brazil,제품 상세 (PDP),75
https://www.lg.com/br/lavanderia/lava-e-seca/cv9014b-grab2/,Brazil,제품 상세 (PDP),78
https://www.lg.com/br/care-accessories/air-conditioners/filter/adq73493505/,Brazil,제품 상세 (PDP),77
https://www.lg.com/br/geladeiras/geladeiras-inverse/gc-b569nll2/,Brazil,제품 상세 (PDP),81
https://www.lg.com/br/monitores/fhd-qhd/24ms500-b/,Brazil,제품 상세 (PDP),77
https://www.lg.com/br/micro-ondas/micro-ondas-solo/ms3043br/,Brazil,제품 상세 (PDP),84
https://www.lg.com/br/pecas-e-acessorios-para-tv-audio/aan30005827/,Brazil,제품 상세 (PDP),74
https://www.lg.com/br/pecas-e-acessorios-de-ar-condicionado/3087a10025l/,Brazil,제품 상세 (PDP),71
https://www.lg.com/br/pecas-e-acessorios-para-tv-e-audio/eaj65756914/,Brazil,제품 상세 (PDP),71
https://www.lg.com/br/buying-guides/tv-lineup-guide/,Brazil,구매 가이드,93
https://www.lg.com/br/tvs-e-soundbars/tv-buying-guide/,Brazil,구매 가이드,85
https://www.lg.com/br/tvs-e-soundbars/tv-buying-guide/home-cinema/,Brazil,구매 가이드,82
https://www.lg.com/br/home-appliances/buying-guide/fridge-freezer/size-volume/,Brazil,구매 가이드,82
https://www.lg.com/br/home-appliances/buying-guide/,Brazil,구매 가이드,81
https://www.lg.com/br/tvs-e-soundbars/tv-buying-guide/gaming-tv/,Brazil,구매 가이드,82
https://www.lg.com/br/home-appliances/buying-guide/fridge-freezer/type/,Brazil,구매 가이드,79
https://www.lg.com/br/home-appliances/buying-guide/washing-machine/feature-performance/,Brazil,구매 가이드,86
https://www.lg.com/br/buying-guides/refrigerator-spec-library/,Brazil,구매 가이드,83
https://www.lg.com/br/buying-guides/monitor-lineup-guide/,Brazil,구매 가이드,89
https://www.lg.com/br/tvs-e-soundbars/tv-buying-guide/lifestyle/,Brazil,구매 가이드,79
https://www.lg.com/br/buying-guides/monitor-spec-library/,Brazil,구매 가이드,86
https://www.lg.com/br/buying-guides/laundry-spec-library/,Brazil,구매 가이드,86
https://www.lg.com/br/home-appliances/buying-guide/fridge-freezer/feature-performance/,Brazil,구매 가이드,79
https://www.lg.com/br/home-appliances/buying-guide/washing-machine/size-capacity/,Brazil,구매 가이드,86
https://www.lg.com/br/buying-guides/tv-spec-library/,Brazil,구매 가이드,86
https://www.lg.com/br/buying-guides/tv-spec-test/,Brazil,구매 가이드,86
https://www.lg.com/br/tv/2022/buying-guide/,Brazil,구매 가이드,81
https://www.lg.com/br/televisores-e-colunas-de-som/2022/buying-guide/,Brazil,구매 가이드,81
https://www.lg.com/br/home-appliances/buying-guide/washing-machine/type/,Brazil,구매 가이드,86
https://www.lg.com/br/tvs-e-soundbars/tv-buying-guide/what-is-a-smart-tv-ai-tv/,Brazil,구매 가이드,85
https://www.lg.com/br/tvs-e-soundbars/tv-buying-guide/tv-size/,Brazil,구매 가이드,79
https://www.lg.com/br/tvs-e-soundbars/tv-buying-guide/tv-technology/what-is-4k-tv/,Brazil,구매 가이드,82
https://www.lg.com/br/tvs-e-soundbars/tv-buying-guide/sport-tv/,Brazil,구매 가이드,82
https://www.lg.com/br/tvs-e-soundbars/tv-buying-guide/tv-technology/oled-vs-qned/,Brazil,구매 가이드,82
https://www.lg.com/br/tvs-e-soundbars/tv-buying-guide/tv-design/,Brazil,구매 가이드,82
https://www.lg.com/br/lg-experience/,Brazil,LG Experience,78
https://www.lg.com/br/lg-experience/dicas-uteis/,Brazil,LG Experience,59
https://www.lg.com/br/lg-experience/dicas-uteis/como-usar-lava-louca/,Brazil,LG Experience,79
https://www.lg.com/br/lg-experience/dicas-uteis/como-manter-ar-condicionado-limpo/,Brazil,LG Experience,79
https://www.lg.com/br/lg-experience/dicas-uteis/como-limpar-sua-lava-loucas/,Brazil,LG Experience,75
https://www.lg.com/br/lg-experience/dicas-uteis/bomba-calor/,Brazil,LG Experience,79
https://www.lg.com/br/lg-experience/dicas-uteis/como-medir-tamanhos-de-tv/,Brazil,LG Experience,86
https://www.lg.com/br/lg-experience/dicas-uteis/como-limpar-sua-geladeira/,Brazil,LG Experience,79
https://www.lg.com/br/lg-experience/dicas-uteis/dicas-cuidado-lavagem-roupas-lg-styler/,Brazil,LG Experience,75
https://www.lg.com/br/lg-experience/dicas-uteis/bateria-notebook/,Brazil,LG Experience,82
https://www.lg.com/br/lg-experience/caixa-de-som-para-festa/,Brazil,LG Experience,89
https://www.lg.com/br/lg-experience/dicas-uteis/lava-seca-inteligente-wifi-ia/,Brazil,LG Experience,82
https://www.lg.com/br/lg-experience/dicas-uteis/guia-tamanhos-monitor-gamer/,Brazil,LG Experience,75
https://www.lg.com/br/lg-experience/dicas-uteis/diferenca-tvs-qned-oled/,Brazil,LG Experience,86
https://www.lg.com/br/lg-experience/dicas-uteis/escolher-lavadora-abertura-frontal-superior/,Brazil,LG Experience,79
https://www.lg.com/br/lg-experience/dicas-uteis/monitor-curvo-melhor/,Brazil,LG Experience,82
https://www.lg.com/br/lg-experience/dicas-uteis/melhor-notebook-produtividade-ia/,Brazil,LG Experience,79
https://www.lg.com/br/lg-experience/dicas-uteis/guia-vinhos-para-iniciantes/,Brazil,LG Experience,86
https://www.lg.com/br/lg-experience/dicas-uteis/guia-ciberseguranca-notebook/,Brazil,LG Experience,79
https://www.lg.com/br/lg-experience/dicas-uteis/ideias-para-salas-pequenas/,Brazil,LG Experience,75
https://www.lg.com/br/lg-experience/dicas-uteis/aspirador-vertical-ou-robo/,Brazil,LG Experience,75
https://www.lg.com/br/lg-experience/dicas-uteis/dicas-e-ideias-para-espacos-gamer/,Brazil,LG Experience,79
https://www.lg.com/br/lg-experience/dicas-uteis/como-manter-alimentos-frescos/,Brazil,LG Experience,75
https://www.lg.com/br/lg-experience/dicas-uteis/guia-compra-notebook/,Brazil,LG Experience,82
https://www.lg.com/br/lg-experience/dicas-uteis/monitores-smart/,Brazil,LG Experience,86
https://www.lg.com/br/lg-experience/historias/,Brazil,LG Experience,59
https://www.lg.com/br/lg-experience/inspiracao/,Brazil,LG Experience,70
https://www.lg.com/br/lg-experience/dicas-uteis/secadora-bomba-calor-ou-condensacao/,Brazil,LG Experience,82
https://www.lg.com/br/lg-experience/inspiracao/automacao-residencial-thinq/,Brazil,LG Experience,79
https://www.lg.com/br/lg-experience/inspiracao/automacao-residencial-casa-inteligente/,Brazil,LG Experience,86
https://www.lg.com/br/lg-experience/dicas-uteis/multitarefa-com-dois-monitores/,Brazil,LG Experience,86
https://www.lg.com/br/lg-experience/dicas-uteis/verdade-sobre-capacidade-lavadoras/,Brazil,LG Experience,86
https://www.lg.com/br/lg-experience/inspiracao/design-tvs-modernas/,Brazil,LG Experience,75
https://www.lg.com/br/lg-experience/dicas-uteis/presentes-tecnologicos-para-homens/,Brazil,LG Experience,79
https://www.lg.com/br/lg-experience/inspiracao/area-de-lazer-quarto-gamer/,Brazil,LG Experience,79
https://www.lg.com/br/lg-experience/inspiracao/11-anos-da-lg-oled/,Brazil,LG Experience,82
https://www.lg.com/br/lg-experience/guia-compras/monitores-baratos/,Brazil,LG Experience,78
https://www.lg.com/br/lg-experience/guia-compras/como-escolher-projetor/,Brazil,LG Experience,85
https://www.lg.com/br/lg-experience/dicas-uteis/tv-ia-melhora-som-imagem/,Brazil,LG Experience,82
https://www.lg.com/br/lg-experience/laboratorio-lg/,Brazil,LG Experience,59
https://www.lg.com/br/lg-experience/laboratorio-lg/manual-webos/,Brazil,LG Experience,82
https://www.lg.com/br/lg-experience/lg-lab/,Brazil,LG Experience,59
https://www.lg.com/br/lg-experience/novidades/,Brazil,LG Experience,59
https://www.lg.com/br/lg-experience/inspiracao/mudancas-tecnologia/,Brazil,LG Experience,79
https://www.lg.com/br/lg-experience/inspiracao/lavagens-eficientes-ia-lg/,Brazil,LG Experience,75
https://www.lg.com/br/lg-experience/laboratorio-lg/como-usar-controle-smart-magic/,Brazil,LG Experience,82
https://www.lg.com/br/lg-experience/inspiracao/itens-essenciais-viagem/,Brazil,LG Experience,75
https://www.lg.com/br/lg-experience/inspiracao/melhor-notebook-para-escritores/,Brazil,LG Experience,79
https://www.lg.com/br/lg-experience/inspiracao/presentes-tecnologicos-para-mulheres/,Brazil,LG Experience,75
https://www.lg.com/br/lg-experience/laboratorio-lg/soundbar-ideal-para-voce-lg/,Brazil,LG Experience,82
https://www.lg.com/br/lg-experience/laboratorio-lg/o-que-sao-smart-tvs/,Brazil,LG Experience,82
https://www.lg.com/br/lg-experience/laboratorio-lg/soundbars-para-tvs-lg/,Brazil,LG Experience,82
https://www.lg.com/br/lg-experience/laboratorio-lg/melhores-soundbars-lg-para-voce/,Brazil,LG Experience,79
https://www.lg.com/br/lg-experience/o-que-e-uma-tv-4k/,Brazil,LG Experience,86
https://www.lg.com/br/lg-experience/nossas-historias/historia-das-geladeiras/,Brazil,LG Experience,78
https://www.lg.com/br/lg-experience/inspiracao/cinema-em-familia-com-tv-lg/,Brazil,LG Experience,75
https://www.lg.com/br/lg-experience/inspiracao/home-office-lg-trabalho-remoto/,Brazil,LG Experience,75
https://www.lg.com/br/lg-experience/dicas-uteis/o-que-kimchi-como-armazenar/,Brazil,LG Experience,79
https://www.lg.com/br/lg-experience/inspiracao/dispositivos-lg-para-acampamento/,Brazil,LG Experience,75
https://www.lg.com/br/lg-experience/dicas-uteis/tv-lg-ideal-para-voce/,Brazil,LG Experience,75
https://www.lg.com/br/qr-code/top-freezer/b452pffq/,Brazil,Microsite,67
https://www.lg.com/br/qr-code/top-freezer/b372pqw2/,Brazil,Microsite,67
https://www.lg.com/br/qr-code/top-freezer/b392pxgb/,Brazil,Microsite,67
https://www.lg.com/br/qr-code/top-freezer/b372pfmb/,Brazil,Microsite,67
https://www.lg.com/br/qr-code/top-freezer-gn-b392plm/,Brazil,Microsite,59
https://www.lg.com/br/qr-code/top-gun/,Brazil,Microsite,70
https://www.lg.com/br/qr-code/top-freezer-gn-b392pxg/,Brazil,Microsite,68
https://www.lg.com/br/lg-thinq/magazine/how-to-make-sure-your-home-is-ready-for-summer/,Brazil,Microsite,78
https://www.lg.com/br/qr-code/top-freezer-gn-b392pqd/,Brazil,Microsite,68
https://www.lg.com/br/qr-code/top-freezer/,Brazil,Microsite,63
https://www.lg.com/br/qr-code/top-gun/wd18gnt/,Brazil,Microsite,70
https://www.lg.com/br/qr-code/top-gun/wd16wnt/,Brazil,Microsite,70
https://www.lg.com/br/televisores-e-colunas-de-som/qned/2022/why-lg-qned-old/,Brazil,Microsite,75
https://www.lg.com/br/tvs-e-soundbars/why-lg-mini-rgb-evo/,Brazil,Microsite,59
https://www.lg.com/br/tvs-e-soundbars/why-lg-ai-tv/,Brazil,Microsite,59
https://www.lg.com/br/tvs-e-soundbars/why-lg-qned-evo/,Brazil,Microsite,59
https://www.lg.com/br/tvs-e-soundbars/why-qned-evo/,Brazil,Microsite,79
https://www.lg.com/br/tvs-soundbars/why-lg-ai-tv/,Brazil,Microsite,82
https://www.lg.com/br/oledgaming/,Brazil,Microsite,70
https://www.lg.com/br/tv/2023/entertainment/,Brazil,Microsite,78
https://www.lg.com/br/why-lgoled/design/,Brazil,Microsite,75
https://www.lg.com/br/tv/2023/smart/,Brazil,Microsite,71
https://www.lg.com/br/why-lgoled/cinema/,Brazil,Microsite,75
https://www.lg.com/br/selector-de-soundbar/,Brazil,Microsite,67
https://www.lg.com/br/soundbars/eco-minded-soundbars/,Brazil,Microsite,81
https://www.lg.com/br/xboom/,Brazil,Microsite,79
https://www.lg.com/br/guia-compra-geladeiras/dispenser-agua-gelo-geladeiras/,Brazil,Microsite,81
https://www.lg.com/br/audio-e-video/xboom/,Brazil,Microsite,71
https://www.lg.com/br/guia-compra-geladeiras/eficiencia-energetica-geladeiras/,Brazil,Microsite,89
https://www.lg.com/br/ar-condicionado/ar-condicionado-por-que-escolher-lg/,Brazil,Microsite,74
https://www.lg.com/br/ex-washers/,Brazil,Microsite,79
https://www.lg.com/br/lavanderia/lavadoras-de-roupa/,Brazil,Microsite,67
https://www.lg.com/br/guia-compra-ar-condicionado/,Brazil,Microsite,79
https://www.lg.com/br/best/,Brazil,Microsite,67
https://www.lg.com/br/avaliouganhou/,Brazil,Microsite,74
https://www.lg.com/br/ar-condicionado/ar-condicionado-por-que-escolher-lg/artcool/,Brazil,Microsite,70
https://www.lg.com/br/micro-ondas/discontinued/,Brazil,Microsite,74
https://www.lg.com/br/ar-condicionado/ar-condicionado-por-que-escolher-lg/bi-split/,Brazil,Microsite,70
https://www.lg.com/br/ar-condicionado/ar-condicionado-por-que-escolher-lg/compact/,Brazil,Microsite,70
https://www.lg.com/br/guia-compra-ar-condicionado/temperatura-ideal/,Brazil,Microsite,78
https://www.lg.com/br/guia-compra-ar-condicionado/por-que-inverter/,Brazil,Microsite,85
https://www.lg.com/br/guia-compra-ar-condicionado/eficiencia/,Brazil,Microsite,74
https://www.lg.com/br/better-life-in-kitchen/,Brazil,Microsite,69
https://www.lg.com/br/ces2023/aerotower-air-purifying/,Brazil,Microsite,81
https://www.lg.com/br/blackfriday-lg/,Brazil,Microsite,89
https://www.lg.com/br/best-new/,Brazil,Microsite,67
https://www.lg.com/br/better-life/,Brazil,Microsite,72
https://www.lg.com/br/guia-compra-ar-condicionado/dicas-sobre-ar-condicionado/,Brazil,Microsite,75
https://www.lg.com/br/ar-condicionado-residencial/dual-inverter-com-inteligencia-artificial/,Brazil,Microsite,78
https://www.lg.com/br/ces/,Brazil,Microsite,74
https://www.lg.com/br/dia-das-maes/,Brazil,Microsite,75
https://www.lg.com/br/eletrodomesticos/lg-studio/style/,Brazil,Microsite,63
https://www.lg.com/br/tvs-por-tamanho-de-tela/86-a-97-polegadas/,Brazil,제품 카테고리 (PLP),90
https://www.lg.com/br/televisores-e-colunas-de-som/,Brazil,제품 카테고리 (PLP),75
https://www.lg.com/br/qual-a-melhor-tv/,Brazil,제품 카테고리 (PLP),62
https://www.lg.com/br/tvs-e-soundbars/2024/smart/highlights/,Brazil,제품 카테고리 (PLP),73
https://www.lg.com/br/tvs-soundbars/lg-ai-tv-playbook/,Brazil,제품 카테고리 (PLP),76
https://www.lg.com/br/tvs-telas-lifestyle/,Brazil,제품 카테고리 (PLP),75
https://www.lg.com/br/tvs-e-soundbars/2024/smart/gamingandlifestyle/,Brazil,제품 카테고리 (PLP),73
https://www.lg.com/br/monitores/,Brazil,제품 카테고리 (PLP),72
https://www.lg.com/br/geladeiras/,Brazil,제품 카테고리 (PLP),72
https://www.lg.com/br/audio/hi-fi-system/,Brazil,제품 카테고리 (PLP),79
https://www.lg.com/br/monitores/monitores-ergo/,Brazil,제품 카테고리 (PLP),75
https://www.lg.com/br/monitores/combos-monitores/,Brazil,제품 카테고리 (PLP),82
https://www.lg.com/br/monitores/monitores-ultragear-oled/,Brazil,제품 카테고리 (PLP),86
https://www.lg.com/br/monitores/monitores-pc/,Brazil,제품 카테고리 (PLP),75
https://www.lg.com/br/geladeiras/todas-geladeiras/?ec_ft_07549506=Instaview,Brazil,제품 카테고리 (PLP),82
https://www.lg.com/br/audio/,Brazil,제품 카테고리 (PLP),75
https://www.lg.com/br/home-audio/mini-componentes/,Brazil,제품 카테고리 (PLP),75
https://www.lg.com/br/home-audio/,Brazil,제품 카테고리 (PLP),68
https://www.lg.com/br/audio/caixas-de-som-bluetooth-para-festa-xboom/,Brazil,제품 카테고리 (PLP),79
https://www.lg.com/br/home-audio/xboom-torre-de-som/,Brazil,제품 카테고리 (PLP),75
https://www.lg.com/br/frigorificos/frigorificos-altos/,Brazil,제품 카테고리 (PLP),75
https://www.lg.com/br/home-audio/todo-home-audio/,Brazil,제품 카테고리 (PLP),68
https://www.lg.com/br/audio/caixas-de-som-portateis-xboom-go/,Brazil,제품 카테고리 (PLP),86
https://www.lg.com/br/audio/all-soundbars/,Brazil,제품 카테고리 (PLP),86
https://www.lg.com/br/geladeiras/todas-geladeiras/?ec_ft_07549506=Door_Cooling,Brazil,제품 카테고리 (PLP),82
https://www.lg.com/br/audio/caixa-de-som-bluetooth/,Brazil,제품 카테고리 (PLP),86
https://www.lg.com/br/refrigerators/,Brazil,제품 카테고리 (PLP),72
https://www.lg.com/br/frigorificos/,Brazil,제품 카테고리 (PLP),71
https://www.lg.com/br/frigorificos/frigorificos-com-varias-portas/,Brazil,제품 카테고리 (PLP),75
https://www.lg.com/br/geladeiras/todas-geladeiras/?ec_ft_07549506=Lg_Thinq,Brazil,제품 카테고리 (PLP),82
https://www.lg.com/br/frigorificos/geladeiras-french-door/,Brazil,제품 카테고리 (PLP),75
https://www.lg.com/br/lavanderia/lavadoras/,Brazil,제품 카테고리 (PLP),79
https://www.lg.com/br/lavanderia/,Brazil,제품 카테고리 (PLP),76
https://www.lg.com/br/geladeiras/todas-geladeiras/?ec_ft_07549508=Branca,Brazil,제품 카테고리 (PLP),82
https://www.lg.com/br/lavanderia/todas-lavadoras/?ec_ft_06516755=13,Brazil,제품 카테고리 (PLP),79
https://www.lg.com/br/lavanderia/todas-lavadoras/?ec_ft_06516755=11,Brazil,제품 카테고리 (PLP),79
https://www.lg.com/br/lavanderia/todas-lavadoras/?ec_ft_06516755=18,Brazil,제품 카테고리 (PLP),79
https://www.lg.com/br/lavanderia/todas-lavadoras/?ec_ft_06516755=17,Brazil,제품 카테고리 (PLP),79
https://www.lg.com/br/lavanderia/todas-lavadoras/?ec_ft_06516760=Branca,Brazil,제품 카테고리 (PLP),79
https://www.lg.com/br/lavanderia/todas-lavadoras/?ec_ft_06516755=16,Brazil,제품 카테고리 (PLP),79
https://www.lg.com/br/lavanderia/todas-lavadoras/?ec_ft_06516755=12,Brazil,제품 카테고리 (PLP),79
https://www.lg.com/br/ar-condicionado-residencial/,Brazil,제품 카테고리 (PLP),75
https://www.lg.com/br/lavanderia/todas-lavadoras/?ec_ft_06516755=14,Brazil,제품 카테고리 (PLP),79
https://www.lg.com/br/lavanderia/todas-lavadoras/?ec_ft_06516760=Black_Inox,Brazil,제품 카테고리 (PLP),79
https://www.lg.com/br/geladeiras/todas-geladeiras/?ec_ft_07549508=Inox,Brazil,제품 카테고리 (PLP),82
https://www.lg.com/br/geladeiras/todas-geladeiras/?ec_ft_07549508=Preta,Brazil,제품 카테고리 (PLP),82
https://www.lg.com/br/lavanderia/todas-lavadoras/?ec_ft_06516760=Inox_Look,Brazil,제품 카테고리 (PLP),79
https://www.lg.com/br/acessorios-para-eletrodomesticos/pecas-e-acessorios-de-cozinha/,Brazil,제품 카테고리 (PLP),75
https://www.lg.com/br/account-integration/,Brazil,제품 카테고리 (PLP),54
https://www.lg.com/br/avalie-sua-instalacao/,Brazil,제품 카테고리 (PLP),64
https://www.lg.com/br/ar-condicionado/ar-condicionado-por-que-escolher-lg/uniq/,Brazil,제품 카테고리 (PLP),64
https://www.lg.com/br/audio/home-theater-soundbar/,Brazil,제품 카테고리 (PLP),82
https://www.lg.com/br/cart/,Brazil,제품 카테고리 (PLP),68
https://www.lg.com/br/checkout/,Brazil,제품 카테고리 (PLP),57
https://www.lg.com/br/care-accessories/air-conditioners/filter/,Brazil,제품 카테고리 (PLP),79
https://www.lg.com/br/ar-condicionado/ar-condicionado-por-que-escolher-lg/ai-air/,Brazil,제품 카테고리 (PLP),61
https://www.lg.com/br/ar-condicionado-residencial/ar-condicionado-residencial-inverter/,Brazil,제품 카테고리 (PLP),79
https://www.lg.com/br/ar-condicionado-residencial/todos-aires-acondicionados/,Brazil,제품 카테고리 (PLP),79
https://www.lg.com/br/micro-ondas/,Brazil,제품 카테고리 (PLP),77
https://www.lg.com/br/config/,Brazil,제품 카테고리 (PLP),54
https://www.lg.com/br/dynamic-cart/,Brazil,제품 카테고리 (PLP),57
https://www.lg.com/br/digital-signage/lousa-digital/,Brazil,제품 카테고리 (PLP),61
https://www.lg.com/br/sobre-a-lg/press-media/celebrando-nova-fabrica-de-geladeiras-no-parana/,Brazil,Press & Media,75
https://www.lg.com/br/sobre-a-lg/press-media/,Brazil,Press & Media,75
https://www.lg.com/br/sobre-a-lg/press-media/climatizacao-de-ambientes-grandes-como-escolher-o-ar-condicionado-ideal/,Brazil,Press & Media,82
https://www.lg.com/br/sobre-a-lg/press-media/ar-condicionado-com-ia-como-o-lg-dual-inverter-aprende-seus-habitos/,Brazil,Press & Media,75
https://www.lg.com/br/sobre-a-lg/press-media/ar-condicionado-lg-dual-inverter-motor-inverter-garante-mais-conforto/,Brazil,Press & Media,82
https://www.lg.com/br/sobre-a-lg/press-media/black-friday-tvs-oled-e-qned/,Brazil,Press & Media,79
https://www.lg.com/br/sobre-a-lg/press-media/Ar-condicionado-com-inteligencia-artificial-LG/,Brazil,Press & Media,71
https://www.lg.com/br/sobre-a-lg/press-media/a-nova-era-do-lg-webos/,Brazil,Press & Media,82
https://www.lg.com/br/sobre-a-lg/press-media/5-dicas-para-escolher-a-smart-tv-ideal-para-a-sua-casa-em-2026/,Brazil,Press & Media,79
https://www.lg.com/br/sobre-a-lg/press-media/caixas-de-som-bluetooth-com-ai/,Brazil,Press & Media,82
https://www.lg.com/br/sobre-a-lg/press-media/casa-conectada-lg/,Brazil,Press & Media,75
https://www.lg.com/br/sobre-a-lg/press-media/caixa-de-som-para-carnaval/,Brazil,Press & Media,86
https://www.lg.com/br/sobre-a-lg/press-media/ar-condicionado-lg-dual-inverter-ai-como-economizar-energia-sem-abrir-mao-do-conforto/,Brazil,Press & Media,86
https://www.lg.com/br/sobre-a-lg/press-media/as-tecnologias-de-ar-condicionado-da-lg0/,Brazil,Press & Media,79
https://www.lg.com/br/sobre-a-lg/press-media/como-manter-sua-lava-e-seca-sempre-nova/,Brazil,Press & Media,79
https://www.lg.com/br/sobre-a-lg/press-media/como-funciona-o-motor-inverter/,Brazil,Press & Media,89
https://www.lg.com/br/sobre-a-lg/press-media/como-gastar-menos-energia-utilizando-a-maquina-de-lavar-da-lg/,Brazil,Press & Media,79
https://www.lg.com/br/sobre-a-lg/press-media/como-funciona-a-tecnologia-lg-ai-dd-e-por-que-ela-ajuda/,Brazil,Press & Media,86
https://www.lg.com/br/sobre-a-lg/press-media/como-calcular-btus-por-m-e-escolher-o-ar-condicionado-ideal/,Brazil,Press & Media,82
https://www.lg.com/br/sobre-a-lg/press-media/como-reduzir-o-desperdicio-de-alimentos-geladeira-inteligente-lg/,Brazil,Press & Media,79
https://www.lg.com/br/sobre-a-lg/press-media/da-sala-de-reuniao-ao-varejo-como-a-climatizacao-comercial/,Brazil,Press & Media,82
https://www.lg.com/br/sobre-a-lg/press-media/como-funciona-a-tecnologia-lg-ai-dd/,Brazil,Press & Media,86
https://www.lg.com/br/sobre-a-lg/press-media/como-escolher-a-tv-ideal-para-filmes/,Brazil,Press & Media,82
https://www.lg.com/br/sobre-a-lg/press-media/como-a-tecnologia-pode-ajudar-a-desacelerar-a-rotina/,Brazil,Press & Media,79
https://www.lg.com/br/sobre-a-lg/press-media/como-escolher-o-display-profissional-ideal-para-cada-tipo-de-negocio/,Brazil,Press & Media,79
https://www.lg.com/br/sobre-a-lg/press-media/como-transformar-sua-sala-em-um-cinema-com-tvs-e-soundbars-lg/,Brazil,Press & Media,82
https://www.lg.com/br/sobre-a-lg/press-media/como-escolher-caixa-de-som-para-ambientes-internos/,Brazil,Press & Media,86
https://www.lg.com/br/sobre-a-lg/press-media/cozinha-planejada-como-escolher-geladeira-e-micro-ondas/,Brazil,Press & Media,79
https://www.lg.com/br/sobre-a-lg/press-media/como-o-ar-condicionado-deixou-de-ser-o-vilao-da-conta-de-luz/,Brazil,Press & Media,82
https://www.lg.com/br/sobre-a-lg/press-media/como-montar-setup-de-home-office/,Brazil,Press & Media,86
https://www.lg.com/br/sobre-a-lg/press-media/como-calcular-a-potencia-ideal-do-ar-condicionado/,Brazil,Press & Media,79
https://www.lg.com/br/sobre-a-lg/press-media/como-alcancar-a-produtividade-maxima-com-um-monitor-ultrawide-lg/,Brazil,Press & Media,82
https://www.lg.com/br/sobre-a-lg/press-media/como-escolher-a-melhor-tv-para-esportes/,Brazil,Press & Media,82
https://www.lg.com/br/sobre-a-lg/press-media/climatizacao-para-lojas-e-escritorios/,Brazil,Press & Media,82
https://www.lg.com/br/sobre-a-lg/press-media/diferenca-entre-qned-e-oled/,Brazil,Press & Media,89
https://www.lg.com/br/sobre-a-lg/press-media/esclarecimento-lg-eletronics/,Brazil,Press & Media,71
https://www.lg.com/br/sobre-a-lg/press-media/dicas-para-usar-melhor-sua-lava-e-seca/,Brazil,Press & Media,79
https://www.lg.com/br/sobre-a-lg/press-media/da-sala-de-reuniao-ao-varejo/,Brazil,Press & Media,82
https://www.lg.com/br/sobre-a-lg/press-media/geladeira-lg-erros-comuns-que-diminuem-a-vida-util-e-como-evitar/,Brazil,Press & Media,79
https://www.lg.com/br/sobre-a-lg/press-media/geladeira-lg-como-conservar-frutas-verduras-e-carnes-por-mais-tempo/,Brazil,Press & Media,82
https://www.lg.com/br/sobre-a-lg/press-media/geladeira-lg-insta-viewa-a-geladeira-que-preserva-alimentos-por-mais-tempo/,Brazil,Press & Media,86
https://www.lg.com/br/sobre-a-lg/press-media/displays-comerciais-lg/,Brazil,Press & Media,86
https://www.lg.com/br/sobre-a-lg/press-media/geladeira-duplex-vale-a-pena/,Brazil,Press & Media,82
https://www.lg.com/br/sobre-a-lg/press-media/dia-da-terra/,Brazil,Press & Media,75
https://www.lg.com/br/sobre-a-lg/press-media/lava-e-seca-lg-guia-completo/,Brazil,Press & Media,75
https://www.lg.com/br/sobre-a-lg/press-media/lg-inaugura-fabrica-de-geladeiras-no-parana/,Brazil,Press & Media,82
https://www.lg.com/br/sobre-a-lg/press-media/lava-e-seca-lg-o-que-funciona-e-o-que-e-mito-na-lavagem-e-secagem-de-roupas/,Brazil,Press & Media,86
https://www.lg.com/br/sobre-a-lg/press-media/lg-apresenta-o-ultragear-evo/,Brazil,Press & Media,79
https://www.lg.com/br/sobre-a-lg/press-media/guia-completo-geladeiras/,Brazil,Press & Media,79
https://www.lg.com/br/sobre-a-lg/press-media/guia-de-compra-projetores-portateis/,Brazil,Press & Media,86
https://www.lg.com/br/sobre-a-lg/press-media/lg-multi-v-climatizacao-inteligente-para-grandes-ambientes-com-menor-consumo-de-energia/,Brazil,Press & Media,82
https://www.lg.com/br/sobre-a-lg/press-media/lg-dual-inverter/,Brazil,Press & Media,86
https://www.lg.com/br/sobre-a-lg/press-media/lg-geracao-z/,Brazil,Press & Media,79
https://www.lg.com/br/sobre-a-lg/press-media/lg-magnit-tecnologia-micro-led-para-experiencias-imersivas-em-residencias-e-empresas/,Brazil,Press & Media,71
https://www.lg.com/br/sobre-a-lg/press-media/hdr-em-monitores-o-que-e-por-que-essa-tecnologia-melhora-a-imagem/,Brazil,Press & Media,86
https://www.lg.com/br/sobre-a-lg/press-media/inteligencia-artificial-nas-maquinas-de-lavar-lg/,Brazil,Press & Media,89
https://www.lg.com/br/sobre-a-lg/press-media/lg-apresentara-inovacao-em-sintonia-com-voce-na-ces-2026/,Brazil,Press & Media,79
https://www.lg.com/br/sobre-a-lg/press-media/lg-moderniza-nova-sede-da-saint-paul/,Brazil,Press & Media,86
https://www.lg.com/br/sobre-a-lg/press-media/guia-lg-para-gamers/,Brazil,Press & Media,86
https://www.lg.com/br/sobre-a-lg/press-media/lg-ai-dual-inverter/,Brazil,Press & Media,75
https://www.lg.com/br/sobre-a-lg/press-media/lg-dual-inverter-ai-air-quando-a-climatizacao-aprende-com-voce/,Brazil,Press & Media,79
https://www.lg.com/br/sobre-a-lg/press-media/lg-conheca-os-recursos-da-caixa-de-som-bluetooth/,Brazil,Press & Media,89
https://www.lg.com/br/sobre-a-lg/press-media/lg-apresenta-robo-domestico/,Brazil,Press & Media,82
https://www.lg.com/br/sobre-a-lg/press-media/lg-leva-solucoes-hvac-a-ahr-expo-2026/,Brazil,Press & Media,82
https://www.lg.com/br/sobre-a-lg/press-media/lg-xboom/,Brazil,Press & Media,82
https://www.lg.com/br/sobre-a-lg/press-media/lg-webOS/,Brazil,Press & Media,75
https://www.lg.com/br/sobre-a-lg/press-media/meta-do-ano-novo/,Brazil,Press & Media,82
https://www.lg.com/br/sobre-a-lg/press-media/mitos-e-verdades-sobre-micro-ondas/,Brazil,Press & Media,79
https://www.lg.com/br/sobre-a-lg/press-media/lg-ultragear-24g411a-b-monitor-gamer-de-144hz-e-1ms-para-jogos-competitivos/,Brazil,Press & Media,79
https://www.lg.com/br/sobre-a-lg/press-media/lg-ultragear-o-que-um-monitor-gamer-precisa-ter-para-conquistar-o-publico-que-joga/,Brazil,Press & Media,86
https://www.lg.com/br/sobre-a-lg/press-media/lg-ultragear-o-que-um-monitor-gamer-precisa-ter/,Brazil,Press & Media,86
https://www.lg.com/br/sobre-a-lg/press-media/lg-ultragear-45/,Brazil,Press & Media,82
https://www.lg.com/br/sobre-a-lg/press-media/micro-ondas-alem-do-esquentar/,Brazil,Press & Media,75
https://www.lg.com/br/sobre-a-lg/press-media/lifes-good-tecnologia-gestao-de-tempo-bem-estar/,Brazil,Press & Media,82
https://www.lg.com/br/sobre-a-lg/press-media/lg-thinq/,Brazil,Press & Media,75
https://www.lg.com/br/sobre-a-lg/press-media/lg-xboom-por-que-se-tornaram-protagonistas-das-festas-no-brasil/,Brazil,Press & Media,79
https://www.lg.com/br/sobre-a-lg/press-media/lg-xboom-ces-2026-bluetooth-ai-sound-karaoke-som-adaptativo/,Brazil,Press & Media,86
https://www.lg.com/br/sobre-a-lg/press-media/lg-washtower/,Brazil,Press & Media,86
https://www.lg.com/br/sobre-a-lg/press-media/lg-tvs-monitores-gamer/,Brazil,Press & Media,75
https://www.lg.com/br/sobre-a-lg/press-media/lg-nacionaliza-producao-de-geladeiras-no-brasil/,Brazil,Press & Media,82
https://www.lg.com/br/sobre-a-lg/press-media/lg-round-cassete/,Brazil,Press & Media,79
https://www.lg.com/br/sobre-a-lg/press-media/lg-thinq-o-que-e-e-como-a-casa-inteligente-lg-facilita-a-rotina/,Brazil,Press & Media,82
https://www.lg.com/br/sobre-a-lg/press-media/lg-my-view-smart-monitor/,Brazil,Press & Media,75
https://www.lg.com/br/sobre-a-lg/press-media/lg-procentric-cloud-hotelaria/,Brazil,Press & Media,89
https://www.lg.com/br/sobre-a-lg/press-media/o-papel-das-telas-profissionais-no-futuro-das-cidades-inteligentes/,Brazil,Press & Media,71
https://www.lg.com/br/sobre-a-lg/press-media/o-que-e-qned-e-por-que-a-tecnologia-das-tvs-lg-entrega-brilho-superior/,Brazil,Press & Media,86
https://www.lg.com/br/sobre-a-lg/press-media/monitores-gamers/,Brazil,Press & Media,86
https://www.lg.com/br/sobre-a-lg/press-media/o-que-e-aidd-nas-lava-e-secas-lg/,Brazil,Press & Media,82
https://www.lg.com/br/sobre-a-lg/press-media/o-que-e-qned-e-qned-evo/,Brazil,Press & Media,82
https://www.lg.com/br/sobre-a-lg/press-media/monitor-para-edicao-de-foto-e-video-profissional/,Brazil,Press & Media,86
https://www.lg.com/br/sobre-a-lg/press-media/monitores-medicos-lg-tecnologia-que-aumenta-a-precisao/,Brazil,Press & Media,86
https://www.lg.com/br/sobre-a-lg/press-media/o-que-e-qned/,Brazil,Press & Media,82
https://www.lg.com/br/sobre-a-lg/press-media/monitor-touch-lg-swing/,Brazil,Press & Media,82
https://www.lg.com/br/sobre-a-lg/press-media/monitores-gamers-lg-ultragear/,Brazil,Press & Media,86
https://www.lg.com/br/sobre-a-lg/press-media/porque-tv-oled-oferece-melhor-imagem/,Brazil,Press & Media,86
https://www.lg.com/br/sobre-a-lg/press-media/o-que-pode-colocar-na-porta-da-geladeira/,Brazil,Press & Media,82
https://www.lg.com/br/sobre-a-lg/press-media/porque-escolher-lg-magnit-para-paineis-de-led/,Brazil,Press & Media,82
https://www.lg.com/br/sobre-a-lg/press-media/por-que-o-audio-e-o-proximo-passo-para-evoluir-sua-experiencia-com-a-tv/,Brazil,Press & Media,82
https://www.lg.com/br/sobre-a-lg/press-media/paineis-profissionais-led/,Brazil,Press & Media,79
https://www.lg.com/br/sobre-a-lg/press-media/por-que-o-cassete-1-via/,Brazil,Press & Media,79
https://www.lg.com/br/suporte/suporte-ao-producto/solucionar-problemas/help-library/cs-CT52001752-20155377723056,Brazil,Support - Troubleshoot,71
https://www.lg.com/br/suporte/suporte-ao-producto/solucionar-problemas/help-library/cs-CT52001755-20155410116910,Brazil,Support - Troubleshoot,71
https://www.lg.com/br/suporte/suporte-ao-producto/solucionar-problemas/help-library/cs-CT52001752-20155130448529,Brazil,Support - Troubleshoot,71
https://www.lg.com/br/suporte/suporte-ao-producto/solucionar-problemas/help-library/cs-CT52001753-20155368587101,Brazil,Support - Troubleshoot,71
https://www.lg.com/br/suporte/suporte-ao-producto/solucionar-problemas/help-library/cs-CT52001752-20155006056176,Brazil,Support - Troubleshoot,71
https://www.lg.com/br/suporte/suporte-ao-producto/solucionar-problemas/help-library/cs-CT52001753-20155299537900,Brazil,Support - Troubleshoot,71
https://www.lg.com/br/suporte/suporte-ao-producto/solucionar-problemas/help-library/cs-CT52001754-20155060947893,Brazil,Support - Troubleshoot,71
https://www.lg.com/br/suporte/suporte-ao-producto/solucionar-problemas/help-library/cs-CT52001753-20155103100764,Brazil,Support - Troubleshoot,71
https://www.lg.com/br/suporte/suporte-ao-producto/solucionar-problemas/help-library/cs-CT52001753-20155295256524,Brazil,Support - Troubleshoot,75
https://www.lg.com/br/suporte/suporte-ao-producto/solucionar-problemas/help-library/cs-CT52001755-20155311249316,Brazil,Support - Troubleshoot,71
https://www.lg.com/br/suporte/suporte-ao-producto/solucionar-problemas/help-library/cs-CT52001755-20155113393089,Brazil,Support - Troubleshoot,71
https://www.lg.com/br/suporte/suporte-ao-producto/solucionar-problemas/help-library/cs-CT52001753-20155004255324,Brazil,Support - Troubleshoot,71
https://www.lg.com/br/suporte/suporte-ao-producto/solucionar-problemas/help-library/cs-CT52001755-20155311406810,Brazil,Support - Troubleshoot,75
https://www.lg.com/br/suporte/suporte-ao-producto/solucionar-problemas/help-library/cs-CT52001753-20155101730332,Brazil,Support - Troubleshoot,75
https://www.lg.com/br/suporte/suporte-ao-producto/solucionar-problemas/help-library/cs-CT52001753-20155105958098,Brazil,Support - Troubleshoot,71
https://www.lg.com/br/suporte/suporte-ao-producto/solucionar-problemas/help-library/cs-CT52001753-20155265324069,Brazil,Support - Troubleshoot,71
https://www.lg.com/br/suporte/suporte-ao-producto/solucionar-problemas/help-library/cs-CT52001755-20155412191893,Brazil,Support - Troubleshoot,71
https://www.lg.com/br/suporte/suporte-ao-producto/solucionar-problemas/help-library/cs-CT52001753-20155301961117,Brazil,Support - Troubleshoot,75
https://www.lg.com/br/suporte/suporte-ao-producto/solucionar-problemas/help-library/cs-CT52001755-20155268426942,Brazil,Support - Troubleshoot,71
https://www.lg.com/br/suporte/suporte-ao-producto/solucionar-problemas/help-library/cs-CT52001753-20155027711381,Brazil,Support - Troubleshoot,71
https://www.lg.com/br/suporte/suporte-ao-producto/solucionar-problemas/help-library/cs-CT52001755-20155410408261,Brazil,Support - Troubleshoot,71
https://www.lg.com/br/suporte/suporte-ao-producto/solucionar-problemas/help-library/cs-CT20096004-20154988831660,Brazil,Support - Troubleshoot,71
https://www.lg.com/br/suporte/suporte-ao-producto/solucionar-problemas/help-library/cs-CT52001755-20155154193609,Brazil,Support - Troubleshoot,71
https://www.lg.com/br/suporte/suporte-ao-producto/solucionar-problemas/help-library/cs-CT52001755-20155409997819,Brazil,Support - Troubleshoot,71
https://www.lg.com/br/suporte/suporte-ao-producto/solucionar-problemas/help-library/cs-CT52001753-20155092740759,Brazil,Support - Troubleshoot,71
https://www.lg.com/br/suporte/suporte-ao-producto/solucionar-problemas/help-library/cs-CT52001752-20154996625603,Brazil,Support - Troubleshoot,71
https://www.lg.com/br/suporte/suporte-ao-producto/solucionar-problemas/help-library/cs-CT52001753-20155198573106,Brazil,Support - Troubleshoot,75
https://www.lg.com/br/suporte/suporte-ao-producto/solucionar-problemas/help-library/cs-CT52001752-20155051198214,Brazil,Support - Troubleshoot,71
https://www.lg.com/br/suporte/suporte-ao-producto/solucionar-problemas/help-library/cs-CT52001753-20155352261629,Brazil,Support - Troubleshoot,71
https://www.lg.com/br/suporte/suporte-ao-producto/solucionar-problemas/help-library/cs-CT52001755-20155115722420,Brazil,Support - Troubleshoot,71
https://www.lg.com/br/suporte/suporte-ao-producto/solucionar-problemas/help-library/cs-CT52001753-20155118242869,Brazil,Support - Troubleshoot,71
https://www.lg.com/br/suporte/suporte-ao-producto/solucionar-problemas/help-library/cs-CT52001752-20155019546528,Brazil,Support - Troubleshoot,71
https://www.lg.com/br/suporte/suporte-ao-producto/solucionar-problemas/help-library/cs-CT52001752-20155311283379,Brazil,Support - Troubleshoot,71
https://www.lg.com/br/suporte/suporte-ao-producto/solucionar-problemas/help-library/cs-CT52001755-20155316511573,Brazil,Support - Troubleshoot,71
https://www.lg.com/br/suporte/suporte-ao-producto/solucionar-problemas/help-library/cs-CT52001755-20155140885484,Brazil,Support - Troubleshoot,71
https://www.lg.com/br/suporte/suporte-ao-producto/solucionar-problemas/help-library/cs-CT00001143-20155198998500,Brazil,Support - Troubleshoot,75
https://www.lg.com/br/suporte/suporte-ao-producto/solucionar-problemas/help-library/cs-CT52001753-20155102954050,Brazil,Support - Troubleshoot,71
https://www.lg.com/br/suporte/suporte-ao-producto/solucionar-problemas/help-library/cs-CT52001753-20155299041485,Brazil,Support - Troubleshoot,71
https://www.lg.com/br/suporte/suporte-ao-producto/solucionar-problemas/help-library/cs-CT52001755-20155410263463,Brazil,Support - Troubleshoot,71
https://www.lg.com/br/suporte/suporte-ao-producto/solucionar-problemas/help-library/cs-CT52001753-20155048219090,Brazil,Support - Troubleshoot,71
https://www.lg.com/br/suporte/suporte-ao-producto/solucionar-problemas/help-library/cs-CT00001143-20155199001924,Brazil,Support - Troubleshoot,71
https://www.lg.com/br/suporte/suporte-ao-producto/solucionar-problemas/help-library/cs-CT52001752-20155105902915,Brazil,Support - Troubleshoot,71
https://www.lg.com/br/suporte/suporte-ao-producto/solucionar-problemas/help-library/cs-CT52001752-20154967823945,Brazil,Support - Troubleshoot,71
https://www.lg.com/br/suporte/suporte-ao-producto/solucionar-problemas/help-library/cs-CT52001753-20155101731919,Brazil,Support - Troubleshoot,71
https://www.lg.com/br/suporte/suporte-ao-producto/solucionar-problemas/help-library/cs-CT20096065-20155048192810,Brazil,Support - Troubleshoot,71
https://www.lg.com/br/suporte/suporte-ao-producto/solucionar-problemas/help-library/cs-CT52001753-20155128325127,Brazil,Support - Troubleshoot,71
https://www.lg.com/br/suporte/suporte-ao-producto/solucionar-problemas/help-library/cs-CT52001755-20155181429929,Brazil,Support - Troubleshoot,71
https://www.lg.com/br/suporte/suporte-ao-producto/solucionar-problemas/help-library/cs-CT20096065-20155060989050,Brazil,Support - Troubleshoot,71
https://www.lg.com/br/suporte/suporte-ao-producto/solucionar-problemas/help-library/cs-CT00001143-20155117736320,Brazil,Support - Troubleshoot,71
https://www.lg.com/br/suporte/suporte-ao-producto/solucionar-problemas/help-library/cs-CT52001752-20155379630500,Brazil,Support - Troubleshoot,71
https://www.lg.com/br/suporte/suporte-ao-producto/solucionar-problemas/help-library/cs-CT52001754-20155198992884,Brazil,Support - Troubleshoot,71
https://www.lg.com/br/suporte/suporte-ao-producto/solucionar-problemas/help-library/cs-CT52001755-20155021168163,Brazil,Support - Troubleshoot,71
https://www.lg.com/br/suporte/suporte-ao-producto/solucionar-problemas/help-library/cs-CT52001753-20155148966894,Brazil,Support - Troubleshoot,71
https://www.lg.com/br/suporte/suporte-ao-producto/solucionar-problemas/help-library/cs-CT52001755-20155311266177,Brazil,Support - Troubleshoot,71
https://www.lg.com/br/suporte/suporte-ao-producto/solucionar-problemas/help-library/cs-CT52001753-20155027837442,Brazil,Support - Troubleshoot,71
https://www.lg.com/br/suporte/suporte-ao-producto/solucionar-problemas/help-library/cs-CT52001753-20155103113569,Brazil,Support - Troubleshoot,71
https://www.lg.com/br/suporte/suporte-ao-producto/solucionar-problemas/help-library/cs-CT52001757-20155019531320,Brazil,Support - Troubleshoot,71
https://www.lg.com/br/suporte/suporte-ao-producto/solucionar-problemas/help-library/cs-CT52001755-20155029351311,Brazil,Support - Troubleshoot,71
https://www.lg.com/br/suporte/suporte-ao-producto/solucionar-problemas/help-library/cs-CT52001754-20155017815919,Brazil,Support - Troubleshoot,71
https://www.lg.com/br/suporte/suporte-ao-producto/solucionar-problemas/help-library/cs-CT52001754-20155184086222,Brazil,Support - Troubleshoot,71
https://www.lg.com/br/suporte/suporte-ao-producto/solucionar-problemas/help-library/cs-CT52001753-20155101736965,Brazil,Support - Troubleshoot,71
https://www.lg.com/br/suporte/suporte-ao-producto/solucionar-problemas/help-library/cs-CT52001753-20155135974850,Brazil,Support - Troubleshoot,71
https://www.lg.com/br/suporte/suporte-ao-producto/solucionar-problemas/help-library/cs-CT52001753-20155114219147,Brazil,Support - Troubleshoot,71
https://www.lg.com/br/suporte/suporte-ao-producto/solucionar-problemas/help-library/cs-CT52001754-20155114025938,Brazil,Support - Troubleshoot,71
https://www.lg.com/br/suporte/suporte-ao-producto/solucionar-problemas/help-library/cs-CT52001755-20155268093502,Brazil,Support - Troubleshoot,71
https://www.lg.com/br/suporte/suporte-ao-producto/solucionar-problemas/help-library/cs-CT52001753-20155268066907,Brazil,Support - Troubleshoot,71
https://www.lg.com/br/suporte/suporte-ao-producto/solucionar-problemas/help-library/cs-CT52001753-20155048206919,Brazil,Support - Troubleshoot,71
https://www.lg.com/br/suporte/suporte-ao-producto/solucionar-problemas/help-library/cs-CT52001755-20155021553887,Brazil,Support - Troubleshoot,71
https://www.lg.com/br/suporte/suporte-ao-producto/solucionar-problemas/help-library/cs-CT52001755-20155114292442,Brazil,Support - Troubleshoot,71
https://www.lg.com/br/suporte/suporte-ao-producto/solucionar-problemas/help-library/cs-CT52001753-20155272213637,Brazil,Support - Troubleshoot,71
https://www.lg.com/br/suporte/suporte-ao-producto/solucionar-problemas/help-library/cs-CT52001753-20155295255845,Brazil,Support - Troubleshoot,71
https://www.lg.com/br/suporte/suporte-ao-producto/solucionar-problemas/help-library/cs-CT52001752-20155029323058,Brazil,Support - Troubleshoot,71
https://www.lg.com/br/suporte/suporte-ao-producto/solucionar-problemas/help-library/cs-CT52001753-20155094148906,Brazil,Support - Troubleshoot,71
https://www.lg.com/br/suporte/suporte-ao-producto/solucionar-problemas/help-library/cs-CT52001755-20155269138873,Brazil,Support - Troubleshoot,71
https://www.lg.com/br/suporte/suporte-ao-producto/solucionar-problemas/help-library/cs-CT52001753-20155102983209,Brazil,Support - Troubleshoot,71
https://www.lg.com/br/suporte/suporte-ao-producto/solucionar-problemas/help-library/cs-CT52001753-20155251419787,Brazil,Support - Troubleshoot,71
https://www.lg.com/br/suporte/suporte-ao-producto/solucionar-problemas/help-library/cs-CT52001753-20155209282919,Brazil,Support - Troubleshoot,71
https://www.lg.com/br/suporte/suporte-ao-producto/solucionar-problemas/help-library/cs-CT52001753-20155255029878,Brazil,Support - Troubleshoot,71
https://www.lg.com/br/suporte/suporte-ao-producto/solucionar-problemas/help-library/cs-CT52001754-20155342673493,Brazil,Support - Troubleshoot,75
https://www.lg.com/br/suporte/suporte-ao-producto/solucionar-problemas/help-library/cs-CT52001755-20155052624745,Brazil,Support - Troubleshoot,71
https://www.lg.com/br/suporte/suporte-ao-producto/solucionar-problemas/help-library/cs-CT52001755-20155379610835,Brazil,Support - Troubleshoot,71
https://www.lg.com/br/suporte/suporte-ao-producto/solucionar-problemas/help-library/cs-CT52001752-20155155365061,Brazil,Support - Troubleshoot,71
https://www.lg.com/br/suporte/suporte-ao-producto/solucionar-problemas/help-library/cs-CT52001757-20155063963191,Brazil,Support - Troubleshoot,71
https://www.lg.com/br/suporte/suporte-ao-producto/solucionar-problemas/help-library/cs-CT00001142-20155219509778,Brazil,Support - Troubleshoot,71
https://www.lg.com/br/suporte/suporte-ao-producto/solucionar-problemas/help-library/cs-CT52001753-20155114037815,Brazil,Support - Troubleshoot,71
https://www.lg.com/br/suporte/suporte-ao-producto/solucionar-problemas/help-library/cs-CT52001753-20155379391305,Brazil,Support - Troubleshoot,75
https://www.lg.com/br/suporte/suporte-ao-producto/solucionar-problemas/help-library/cs-CT52001752-20155379919436,Brazil,Support - Troubleshoot,71
https://www.lg.com/br/suporte/suporte-ao-producto/solucionar-problemas/help-library/cs-CT52001755-20155115744482,Brazil,Support - Troubleshoot,71
https://www.lg.com/br/suporte/suporte-ao-producto/solucionar-problemas/help-library/cs-CT52001753-20155348063145,Brazil,Support - Troubleshoot,71
https://www.lg.com/br/suporte/suporte-ao-producto/solucionar-problemas/help-library/cs-CT52001753-20155297258424,Brazil,Support - Troubleshoot,75
https://www.lg.com/br/suporte/suporte-ao-producto/solucionar-problemas/help-library/cs-CT52001755-20155113410659,Brazil,Support - Troubleshoot,71
https://www.lg.com/br/suporte/suporte-ao-producto/solucionar-problemas/help-library/cs-CT52001752-20155146794151,Brazil,Support - Troubleshoot,71
https://www.lg.com/br/suporte/suporte-ao-producto/solucionar-problemas/help-library/cs-CT20096065-20155048198005,Brazil,Support - Troubleshoot,71
https://www.lg.com/br/suporte/suporte-ao-producto/solucionar-problemas/help-library/cs-CT52001753-20155065332448,Brazil,Support - Troubleshoot,71
https://www.lg.com/br/suporte/suporte-ao-producto/solucionar-problemas/help-library/cs-CT52001755-20155047768488,Brazil,Support - Troubleshoot,71
https://www.lg.com/br/suporte/suporte-ao-producto/solucionar-problemas/help-library/cs-CT52001753-20155380012959,Brazil,Support - Troubleshoot,71
https://www.lg.com/br/suporte/suporte-ao-producto/solucionar-problemas/help-library/cs-CT52001753-20155102932918,Brazil,Support - Troubleshoot,71
https://www.lg.com/br/suporte/suporte-ao-producto/solucionar-problemas/help-library/cs-CT52001753-20155377739214,Brazil,Support - Troubleshoot,71
https://www.lg.com/br/suporte/suporte-ao-producto/solucionar-problemas/help-library/cs-CT52001755-20155410031823,Brazil,Support - Troubleshoot,71
https://www.lg.com/br/suporte/suporte-ao-producto/solucionar-problemas/help-library/cs-CT52001755-20155331409482,Brazil,Support - Troubleshoot,71
https://www.lg.com/ca_en/tv-soundbars/4k-uhd-tvs/43ua7500zua/,Canada,제품 상세 (PDP),81
https://www.lg.com/ca_en/tv-soundbars/4k-uhd-tvs/43uq7070zud/,Canada,제품 상세 (PDP),78
https://www.lg.com/ca_en/speakers/all-in-one-soundbars/s20a/,Canada,제품 상세 (PDP),78
https://www.lg.com/ca_en/tv-soundbars/4k-uhd-tvs/50ua7500zua/,Canada,제품 상세 (PDP),81
https://www.lg.com/ca_en/monitors/fhd-qhd/22u401a-b/,Canada,제품 상세 (PDP),78
https://www.lg.com/ca_en/monitors/fhd-qhd/22u403a-b/,Canada,제품 상세 (PDP),78
https://www.lg.com/ca_en/refrigerators/bottom-freezer/lb26h2200s/,Canada,제품 상세 (PDP),81
https://www.lg.com/ca_en/refrigerators/bottom-freezer/lbnc15251v/,Canada,제품 상세 (PDP),78
https://www.lg.com/ca_en/refrigerators/bottom-freezer/lg-studio-lsbnc1021p/,Canada,제품 상세 (PDP),81
https://www.lg.com/ca_en/refrigerators/bottom-freezer/lrdnc1004v/,Canada,제품 상세 (PDP),78
https://www.lg.com/ca_en/refrigerators/bottom-freezer/lrdns2200s/,Canada,제품 상세 (PDP),81
https://www.lg.com/ca_en/refrigerators/bottom-freezer/lrdns2200w/,Canada,제품 상세 (PDP),81
https://www.lg.com/ca_en/dishwashers/front-control/ldfc3532s/,Canada,제품 상세 (PDP),78
https://www.lg.com/ca_en/dishwashers/front-control/ldfn3432t/,Canada,제품 상세 (PDP),84
https://www.lg.com/ca_en/dishwashers/front-control/ldfc2423w/,Canada,제품 상세 (PDP),81
https://www.lg.com/ca_en/dishwashers/front-control/ldnfc33ls/,Canada,제품 상세 (PDP),78
https://www.lg.com/ca_en/cooking-appliances/cooktops/cbih3013be/,Canada,제품 상세 (PDP),81
https://www.lg.com/ca_en/cooking-appliances/cooktops/cbih3017be/,Canada,제품 상세 (PDP),81
https://www.lg.com/ca_en/cooking-appliances/cooktops/cbgj3023s/,Canada,제품 상세 (PDP),78
https://www.lg.com/ca_en/cooking-appliances/cooktops/cbgj3027s/,Canada,제품 상세 (PDP),78
https://www.lg.com/ca_en/cooking-appliances/cooktops/cbih3617be/,Canada,제품 상세 (PDP),78
https://www.lg.com/ca_en/cooking-appliances/cooktops/cbih3613be/,Canada,제품 상세 (PDP),81
https://www.lg.com/ca_en/cooking-appliances/cooktops/lg-studio-cbis3018be/,Canada,제품 상세 (PDP),81
https://www.lg.com/ca_en/cooking-appliances/hoods/lg-studio-lshd3080n/,Canada,제품 상세 (PDP),78
https://www.lg.com/ca_en/cooking-appliances/cooktops/lg-studio-cbis3618be/,Canada,제품 상세 (PDP),81
https://www.lg.com/ca_en/cooking-appliances/hoods/lg-studio-lshd3080st/,Canada,제품 상세 (PDP),78
https://www.lg.com/ca_en/cooking-appliances/cooktops/lg-studio-lsce305st/,Canada,제품 상세 (PDP),77
https://www.lg.com/ca_en/cooking-appliances/hoods/lg-studio-lshd3680st/,Canada,제품 상세 (PDP),78
https://www.lg.com/ca_en/cooking-appliances/hoods/lg-studio-lshd3089bd/,Canada,제품 상세 (PDP),78
https://www.lg.com/ca_en/cooking-appliances/microwave-ovens/lg-studio-mves2033n/,Canada,제품 상세 (PDP),75
https://www.lg.com/ca_en/care-accessories/air-conditioners/filter/5230a20021e/,Canada,제품 상세 (PDP),74
https://www.lg.com/ca_en/appliance-accessories/kitchen-accessories/5230w1a003a/,Canada,제품 상세 (PDP),74
https://www.lg.com/ca_en/vacuum/stick-vacuums/c5323gw/,Canada,제품 상세 (PDP),81
https://www.lg.com/ca_en/laptops/16z95u-g/,Canada,제품 상세 (PDP),81
https://www.lg.com/ca_en/heating-and-cooling/mini-splits-heat-pumps/knsal091a/,Canada,제품 상세 (PDP),81
https://www.lg.com/ca_en/massage-recliner/mh21bb/,Canada,제품 상세 (PDP),75
https://www.lg.com/ca_en/soundsuite/Immersive-suite-7-pro/,Canada,제품 상세 (PDP),78
https://www.lg.com/ca_en/heating-and-cooling/mini-splits-heat-pumps/knsal121a/,Canada,제품 상세 (PDP),81
https://www.lg.com/ca_en/lifestyle-screens/movable-screen-swing/32lx6bwga/,Canada,제품 상세 (PDP),81
https://www.lg.com/ca_en/care-accessories/air-conditioners/filter/5230a30017d/,Canada,제품 상세 (PDP),74
https://www.lg.com/ca_en/projectors/bf50rg/,Canada,제품 상세 (PDP),75
https://www.lg.com/ca_en/massage-recliner/mh21rr/,Canada,제품 상세 (PDP),75
https://www.lg.com/ca_en/computer-accessories/gram-plus-view/16mr70-asda8/,Canada,제품 상세 (PDP),78
https://www.lg.com/ca_en/care-accessories/air-conditioners/filter/adq73493504/,Canada,제품 상세 (PDP),74
https://www.lg.com/ca_en/kitchen/wall-ovens/wsep4727f/,Canada,제품 상세 (PDP),78
https://www.lg.com/ca_en/appliance-accessories/kitchen-accessories/adq32598202/,Canada,제품 상세 (PDP),74
https://www.lg.com/ca_en/soundsuite/cinema-suite-7/,Canada,제품 상세 (PDP),78
https://www.lg.com/ca_en/heating-and-cooling/mini-splits-heat-pumps/knsal151a/,Canada,제품 상세 (PDP),81
https://www.lg.com/ca_en/appliance-accessories/kitchen-accessories/adq36006121/,Canada,제품 상세 (PDP),74
https://www.lg.com/ca_en/projectors/bf60rg/,Canada,제품 상세 (PDP),74
https://www.lg.com/ca_en/soundsuite/h7/,Canada,제품 상세 (PDP),78
https://www.lg.com/ca_en/computer-accessories/sta32f/,Canada,제품 상세 (PDP),81
https://www.lg.com/ca_en/care-accessories/air-conditioners/filter/adq73493505/,Canada,제품 상세 (PDP),74
https://www.lg.com/ca_en/laundry/dryers/dle3090w/,Canada,제품 상세 (PDP),84
https://www.lg.com/ca_en/laptops/all-laptops/17z90u-g78/,Canada,제품 상세 (PDP),81
https://www.lg.com/ca_en/heating-and-cooling/mini-splits-heat-pumps/knsal181a/,Canada,제품 상세 (PDP),81
https://www.lg.com/ca_en/appliance-accessories/kitchen-accessories/aeb75024704/,Canada,제품 상세 (PDP),74
https://www.lg.com/ca_en/refrigerators/french-door/lcfs22exs/,Canada,제품 상세 (PDP),84
https://www.lg.com/ca_en/care-accessories/air-conditioners/filter/adq73493506/,Canada,제품 상세 (PDP),74
https://www.lg.com/ca_en/soundsuite/immersive-quad-suite-7/,Canada,제품 상세 (PDP),78
https://www.lg.com/ca_en/projectors/bu50rg/,Canada,제품 상세 (PDP),75
https://www.lg.com/ca_en/laundry/dryers/dle3400v/,Canada,제품 상세 (PDP),84
https://www.lg.com/ca_en/lifestyle-screens/stanbyme/27lx6tyga/,Canada,제품 상세 (PDP),78
https://www.lg.com/ca_en/projectors/bu53rg/,Canada,제품 상세 (PDP),78
https://www.lg.com/ca_en/soundsuite/immersive-suite-5-pro/,Canada,제품 상세 (PDP),78
https://www.lg.com/ca_en/laptops/all-laptops/17z90u-g88/,Canada,제품 상세 (PDP),81
https://www.lg.com/ca_en/tv-soundbars/4k-uhd-tvs/50uq7070zue/,Canada,제품 상세 (PDP),78
https://www.lg.com/ca_en/heating-and-cooling/mini-splits-heat-pumps/knsal241a/,Canada,제품 상세 (PDP),81
https://www.lg.com/ca_en/appliance-accessories/kitchen-accessories/aeq73570602/,Canada,제품 상세 (PDP),74
https://www.lg.com/ca_en/care-accessories/air-conditioners/filter/adq74373301/,Canada,제품 상세 (PDP),74
https://www.lg.com/ca_en/laundry/dryers/dle3400w/,Canada,제품 상세 (PDP),81
https://www.lg.com/ca_en/soundsuite/immersive-suite-7/,Canada,제품 상세 (PDP),78
https://www.lg.com/ca_en/heating-and-cooling/mini-splits-heat-pumps/knuab091a/,Canada,제품 상세 (PDP),81
https://www.lg.com/ca_en/laptops/all-laptops/17z90ub-h/,Canada,제품 상세 (PDP),81
https://www.lg.com/ca_en/tv-soundbars/tv-buying-guide/sport-tv/,Canada,구매 가이드,82
https://www.lg.com/ca_en/tv-soundbars/tv-buying-guide/tv-technology/oled-vs-qned/,Canada,구매 가이드,82
https://www.lg.com/ca_en/microsite-article/ms/it/monitor/buying-guide/,Canada,구매 가이드,56
https://www.lg.com/ca_en/monitors/buying-guides/multi-monitor/,Canada,구매 가이드,82
https://www.lg.com/ca_en/tv-soundbars/tv-buying-guide/,Canada,구매 가이드,82
https://www.lg.com/ca_en/tv-soundbars/tv-buying-guide/tv-size/,Canada,구매 가이드,82
https://www.lg.com/ca_en/tv-soundbars/tv-buying-guide/tv-design/,Canada,구매 가이드,79
https://www.lg.com/ca_en/buying-guides/laundry-spec-library/,Canada,구매 가이드,86
https://www.lg.com/ca_en/microsite-article/ms/it/monitor/ultragear-buying-guide/,Canada,구매 가이드,86
https://www.lg.com/ca_en/buying-guides/refrigerator-spec-library/,Canada,구매 가이드,86
https://www.lg.com/ca_en/tv-soundbars/tv-buying-guide/gaming-tv/,Canada,구매 가이드,82
https://www.lg.com/ca_en/tv-soundbars/tv-buying-guide/tv-buying-guide1/,Canada,구매 가이드,56
https://www.lg.com/ca_en/tv-soundbars/tv-buying-guide/home-cinema/,Canada,구매 가이드,82
https://www.lg.com/ca_en/buying-guides/monitor-spec-library/,Canada,구매 가이드,86
https://www.lg.com/ca_en/buying-guides/monitor-lineup-guide/,Canada,구매 가이드,89
https://www.lg.com/ca_en/buying-guides/tv-spec-library/,Canada,구매 가이드,86
https://www.lg.com/ca_en/buying-guides/tv-lineup-guide/,Canada,구매 가이드,93
https://www.lg.com/ca_en/tv-soundbars/tv-buying-guide/lifestyle/,Canada,구매 가이드,82
https://www.lg.com/ca_en/monitor-buying-guide/,Canada,구매 가이드,67
https://www.lg.com/ca_en/laptop-buying-guide/,Canada,구매 가이드,70
https://www.lg.com/ca_en/tv-soundbars/tv-buying-guide/tv-technology/what-is-4k-tv/,Canada,구매 가이드,82
https://www.lg.com/ca_en/tv-soundbars/tv-buying-guide/what-is-a-smart-tv-ai-tv/,Canada,구매 가이드,76
https://www.lg.com/ca_en/lg-experience/helpful-hints/,Canada,LG Experience,70
https://www.lg.com/ca_en/lg-experience/lg-lab/,Canada,LG Experience,63
https://www.lg.com/ca_en/lg-experience/lg-lab/home-electrification/heat-pump/,Canada,LG Experience,75
https://www.lg.com/ca_en/lg-experience/lg-lab/discover-styler/,Canada,LG Experience,68
https://www.lg.com/ca_en/lg-experience/helpful-hints/microwave-size-and-buying-guide/,Canada,LG Experience,76
https://www.lg.com/ca_en/lg-experience/helpful-hints/how-to-maintain-your-cordless-vacuum/,Canada,LG Experience,68
https://www.lg.com/ca_en/lg-experience/helpful-hints/best-home-appliances-gifts-for-mothers-day/,Canada,LG Experience,79
https://www.lg.com/ca_en/lg-experience/4k-ultra-hd-tv-buying-guide/,Canada,LG Experience,82
https://www.lg.com/ca_en/lg-experience/helpful-hints/how-much-water-and-energy-does-a-dishwasher-use/,Canada,LG Experience,79
https://www.lg.com/ca_en/lg-experience/helpful-hints/how-to-clean-a-microwave-without-harsh-chemicals/,Canada,LG Experience,75
https://www.lg.com/ca_en/lg-experience/helpful-hints/top-load-washing-machine-myths-and-truths/,Canada,LG Experience,76
https://www.lg.com/ca_en/lg-experience/helpful-hints/ultimate-guide-to-dishwasher-article-enfr/,Canada,LG Experience,75
https://www.lg.com/ca_en/lg-experience/helpful-hints/washtower-myths-and-truths/,Canada,LG Experience,79
https://www.lg.com/ca_en/lg-experience/helpful-hints/neochef/,Canada,LG Experience,69
https://www.lg.com/ca_en/experience/why-lg-soundbars/,Canada,LG Experience,81
https://www.lg.com/ca_en/lg-experience/helpful-hints/type-of-ice-choosing-the-right-ice-for-every-moment/,Canada,LG Experience,75
https://www.lg.com/ca_en/lg-experience/helpful-hints/how-to-measure-and-read-tv-sizes/,Canada,LG Experience,82
https://www.lg.com/ca_en/lg-experience/lg-lab/best-portable-party-speakers/,Canada,LG Experience,79
https://www.lg.com/ca_en/lg-experience/lg-lab/lg-studio/kitchen/lsgs6338f/,Canada,LG Experience,89
https://www.lg.com/ca_en/lg-experience/lg-lab/lg-studio/kitchen/,Canada,LG Experience,74
https://www.lg.com/ca_en/lg-experience/lg-lab/lg-aidd/,Canada,LG Experience,82
https://www.lg.com/ca_en/lg-experience/lg-lab/lg-studio/,Canada,LG Experience,68
https://www.lg.com/ca_en/lg-experience/lg-lab/lg-studio/kitchen/lses6338f/,Canada,LG Experience,85
https://www.lg.com/ca_en/lg-experience/lg-lab/lg-studio/kitchen/lsce305st/,Canada,LG Experience,81
https://www.lg.com/ca_en/lg-experience/lg-lab/lg-studio/kitchen/cbis3018be/,Canada,LG Experience,81
https://www.lg.com/ca_en/lg-experience/lg-lab/lg-studio/kitchen/cbis3618b/,Canada,LG Experience,85
https://www.lg.com/ca_en/lg-experience/lg-lab/lg-studio/kitchen/cbis3618be/,Canada,LG Experience,81
https://www.lg.com/ca_en/lg-experience/lg-lab/lg-studio/kitchen/lsgs6338n/,Canada,LG Experience,85
https://www.lg.com/ca_en/lg-experience/lg-lab/lg-studio/kitchen/lsis3018ss/,Canada,LG Experience,85
https://www.lg.com/ca_en/lg-experience/lg-lab/lg-studio/kitchen/wses4728f1/,Canada,LG Experience,85
https://www.lg.com/ca_en/lg-experience/lg-lab/which-soundbar-is-right-for-you-lg/,Canada,LG Experience,89
https://www.lg.com/ca_en/lg-experience/lg-lab/what-is-a-smart-tv/,Canada,LG Experience,86
https://www.lg.com/ca_en/lg-experience/lg-lab/lg-studio/kitchen/lsis6338f/,Canada,LG Experience,89
https://www.lg.com/ca_en/lg-experience/lg-lab/lg-studio/kitchen/srfvc2416s/,Canada,LG Experience,81
https://www.lg.com/ca_en/lg-experience/lg-lab/lg-studio/kitchen/sdwb24s3/,Canada,LG Experience,86
https://www.lg.com/ca_en/lg-experience/lg-lab/what-is-4k-television/,Canada,LG Experience,82
https://www.lg.com/ca_en/lg-experience/lg-lab/lg-studio/laundry/,Canada,LG Experience,74
https://www.lg.com/ca_en/lg-experience/lg-lab/lg-studio/kitchen/lssg3016st/,Canada,LG Experience,78
https://www.lg.com/ca_en/lg-experience/lg-lab/lg-studio/kitchen/lsse3026st/,Canada,LG Experience,85
https://www.lg.com/ca_en/lg-experience/lg-lab/lg-studio/kitchen/lsws307st/,Canada,LG Experience,81
https://www.lg.com/ca_en/lg-experience/lg-lab/lg-studio/kitchen/lshd3080st/,Canada,LG Experience,81
https://www.lg.com/ca_en/lg-experience/lg-lab/lg-studio/kitchen/srsxb2622s/,Canada,LG Experience,85
https://www.lg.com/ca_en/lg-experience/lg-lab/lg-studio/kitchen/wses4728f/,Canada,LG Experience,85
https://www.lg.com/ca_en/lg-experience/lg-lab/lg-studio/kitchen/wces6428f/,Canada,LG Experience,85
https://www.lg.com/ca_en/lg-experience/lg-lab/lg-studio/laundry/wsex200hna/,Canada,LG Experience,85
https://www.lg.com/ca_en/lg-experience/lg-lab/lg-studio/kitchen/lshd3089bd/,Canada,LG Experience,81
https://www.lg.com/ca_en/lg-experience/lg-lab/lg-studio/kitchen/lshd3680st/,Canada,LG Experience,81
https://www.lg.com/ca_en/lg-experience/lg-lab/lg-studio/laundry/s5msb/,Canada,LG Experience,85
https://www.lg.com/ca_en/lg-experiencing-entertainment-suspend/how-to-choose-the-perfect-monitor/,Canada,Microsite,74
https://www.lg.com/ca_en/featured-pages/why-lg-gram/windows-11/,Canada,Microsite,75
https://www.lg.com/ca_en/featured-pages/why-lg-gram/,Canada,Microsite,75
https://www.lg.com/ca_en/gaming/how-to-be-a-pro-gamer/,Canada,Microsite,71
https://www.lg.com/ca_en/gaming/how-esports-went-from-classroom-to-stadium/,Canada,Microsite,70
https://www.lg.com/ca_en/featured-pages/why-lg-ultragear/,Canada,Microsite,68
https://www.lg.com/ca_en/lg-innovation-stories/how-we-live-sustainably/,Canada,Microsite,61
https://www.lg.com/ca_en/shop/all-promotions/top-loads-top-rewards-2025/,Canada,Microsite,74
https://www.lg.com/ca_en/tv-soundbars/why-true-wireless/,Canada,Microsite,79
https://www.lg.com/ca_en/lg-innovation-stories/top-tips-for-entertainment/,Canada,Microsite,68
https://www.lg.com/ca_en/lg-sustainable-living/how-to-make-your-home-energy-efficient/,Canada,Microsite,78
https://www.lg.com/ca_en/shop/all-promotions/top-performance-at-prices-you-ll-love-terms-and-conditions-july-2024/,Canada,Microsite,74
https://www.lg.com/ca_en/shop/all-promotions/top-performance-at-prices-you-ll-love-july-2024/,Canada,Microsite,74
https://www.lg.com/ca_en/tv-soundbars/why-qned-evo/,Canada,Microsite,79
https://www.lg.com/ca_en/shop/all-promotions/top-loads-top-rewards-terms-and-conditions-2025/,Canada,Microsite,78
https://www.lg.com/ca_en/tv-soundbars/why-lg-oled-evo/,Canada,Microsite,82
https://www.lg.com/ca_en/test2/why-lg-v2/,Canada,Microsite,69
https://www.lg.com/ca_en/shop/all-promotions/what-s-hidden-won-t-stay-hidden-check-back-on-july-4-2025/,Canada,Microsite,70
https://www.lg.com/ca_en/shop/all-promotions/top-loads-top-rewards-redemption-2025/,Canada,Microsite,81
https://www.lg.com/ca_en/webos-smart-tv/promotion/,Canada,Microsite,70
https://www.lg.com/ca_en/soundbars/eco-minded-soundbars/,Canada,Microsite,74
https://www.lg.com/ca_en/monitors-gaming-highlight/,Canada,Microsite,75
https://www.lg.com/ca_en/monitors/gaming/Brandstory/,Canada,Microsite,71
https://www.lg.com/ca_en/monitors/ergomonitor/,Canada,Microsite,75
https://www.lg.com/ca_en/monitors/gaming/esports/,Canada,Microsite,75
https://www.lg.com/ca_en/washtower/story/,Canada,Microsite,70
https://www.lg.com/ca_en/washing-machines/lg-aidd/,Canada,Microsite,81
https://www.lg.com/ca_en/ultimatelaundryroom/,Canada,Microsite,63
https://www.lg.com/ca_en/zero-clearance-refrigerator/,Canada,Microsite,71
https://www.lg.com/ca_en/laundry-appliances/,Canada,Microsite,74
https://www.lg.com/ca_en/washing-machines/twinwash/story/,Canada,Microsite,64
https://www.lg.com/ca_en/air-solutions/coretech/air-handler/,Canada,Microsite,81
https://www.lg.com/ca_en/single-zone-air-conditioners/,Canada,Microsite,70
https://www.lg.com/ca_en/multi-zone-air-conditioners/,Canada,Microsite,70
https://www.lg.com/ca_en/air-solutions/coretech/air-conditioner/,Canada,Microsite,68
https://www.lg.com/ca_en/accessibility/,Canada,Microsite,74
https://www.lg.com/ca_en/all-offers/lg-studio-package-deal/,Canada,Microsite,74
https://www.lg.com/ca_en/applemusic/,Canada,Microsite,70
https://www.lg.com/ca_en/compare-results/,Canada,Microsite,56
https://www.lg.com/ca_en/ces-2025/cinebeam/,Canada,Microsite,74
https://www.lg.com/ca_en/best-seats/rules/,Canada,Microsite,74
https://www.lg.com/ca_en/arbitration/,Canada,Microsite,70
https://www.lg.com/ca_en/computing/featured-page/gaming-monitor/,Canada,Microsite,79
https://www.lg.com/ca_en/anna-olson-suspended/,Canada,Microsite,74
https://www.lg.com/ca_en/computer-products/,Canada,Microsite,71
https://www.lg.com/ca_en/laundry/top-load-washers/,Canada,제품 카테고리 (PLP),54
https://www.lg.com/ca_en/refrigerators/top-freezer/,Canada,제품 카테고리 (PLP),75
https://www.lg.com/ca_en/refrigerators/top-freezer-fridges/,Canada,제품 카테고리 (PLP),54
https://www.lg.com/ca_en/tv-by-resolution/8k-tvs/,Canada,제품 카테고리 (PLP),71
https://www.lg.com/ca_en/tv-soundbars/,Canada,제품 카테고리 (PLP),82
https://www.lg.com/ca_en/monitors/,Canada,제품 카테고리 (PLP),72
https://www.lg.com/ca_en/speakers/soundbars-with-subwoofer/,Canada,제품 카테고리 (PLP),75
https://www.lg.com/ca_en/speakers/party-speakers/,Canada,제품 카테고리 (PLP),75
https://www.lg.com/ca_en/speakers/all-in-one-soundbars/,Canada,제품 카테고리 (PLP),75
https://www.lg.com/ca_en/speakers/,Canada,제품 카테고리 (PLP),68
https://www.lg.com/ca_en/speakers/portable-speakers/,Canada,제품 카테고리 (PLP),75
https://www.lg.com/ca_en/tv-soundbars/all-tv-soundbars/?ec_ft_07543752=32_inch_and_smaller,Canada,제품 카테고리 (PLP),75
https://www.lg.com/ca_en/tv-soundbars/all-tv-soundbars/,Canada,제품 카테고리 (PLP),71
https://www.lg.com/ca_en/speakers/hi-fi-systems/,Canada,제품 카테고리 (PLP),75
https://www.lg.com/ca_en/monitors/full-hd/,Canada,제품 카테고리 (PLP),75
https://www.lg.com/ca_en/speakers/home-theater-soundbar/,Canada,제품 카테고리 (PLP),75
https://www.lg.com/ca_en/speakers/gaming-speakers/,Canada,제품 카테고리 (PLP),75
https://www.lg.com/ca_en/tv-soundbars/all-tv-soundbars/?ec_ft_07543752=100_Inch_and_larger,Canada,제품 카테고리 (PLP),75
https://www.lg.com/ca_en/monitors/all-monitors/,Canada,제품 카테고리 (PLP),71
https://www.lg.com/ca_en/monitors/fhd-qhd/,Canada,제품 카테고리 (PLP),71
https://www.lg.com/ca_en/monitors/ergo-monitors/,Canada,제품 카테고리 (PLP),71
https://www.lg.com/ca_en/monitors/gaming/,Canada,제품 카테고리 (PLP),83
https://www.lg.com/ca_en/monitors/hyper-mini-led-gaming-monitor/,Canada,제품 카테고리 (PLP),83
https://www.lg.com/ca_en/refrigerators/,Canada,제품 카테고리 (PLP),71
https://www.lg.com/ca_en/laundry/,Canada,제품 카테고리 (PLP),66
https://www.lg.com/ca_en/refrigerators/column-refrigerators---freezers/,Canada,제품 카테고리 (PLP),54
https://www.lg.com/ca_en/refrigerators/counter-depth-fridges/,Canada,제품 카테고리 (PLP),54
https://www.lg.com/ca_en/washer-dryers/,Canada,제품 카테고리 (PLP),54
https://www.lg.com/ca_en/refrigerators/french-door/,Canada,제품 카테고리 (PLP),75
https://www.lg.com/ca_en/refrigerators/door-in-door/,Canada,제품 카테고리 (PLP),54
https://www.lg.com/ca_en/laundry/all-in-one-washer-dryer-combo/,Canada,제품 카테고리 (PLP),54
https://www.lg.com/ca_en/fridge-freezers/,Canada,제품 카테고리 (PLP),54
https://www.lg.com/ca_en/refrigerators/instaview-door-in-door/,Canada,제품 카테고리 (PLP),54
https://www.lg.com/ca_en/washtower/,Canada,제품 카테고리 (PLP),72
https://www.lg.com/ca_en/refrigerators/bottom-freezer/,Canada,제품 카테고리 (PLP),75
https://www.lg.com/ca_en/refrigerators/all-freezers/,Canada,제품 카테고리 (PLP),71
https://www.lg.com/ca_en/dishwashers/,Canada,제품 카테고리 (PLP),66
https://www.lg.com/ca_en/refrigerators/fridge-freezers-accessory/,Canada,제품 카테고리 (PLP),68
https://www.lg.com/ca_en/wall-ovens/,Canada,제품 카테고리 (PLP),54
https://www.lg.com/ca_en/microwave-ovens/countertop-microwaves/,Canada,제품 카테고리 (PLP),54
https://www.lg.com/ca_en/air-care/,Canada,제품 카테고리 (PLP),57
https://www.lg.com/ca_en/air-care/air-purifier/,Canada,제품 카테고리 (PLP),75
https://www.lg.com/ca_en/air-care/dehumidifier/,Canada,제품 카테고리 (PLP),75
https://www.lg.com/ca_en/cooking-appliances/,Canada,제품 카테고리 (PLP),69
https://www.lg.com/ca_en/cooktops/electric-cooktops/,Canada,제품 카테고리 (PLP),68
https://www.lg.com/ca_en/portable-air-conditioners/,Canada,제품 카테고리 (PLP),75
https://www.lg.com/ca_en/ranges-ovens/electric-ranges/,Canada,제품 카테고리 (PLP),71
https://www.lg.com/ca_en/ranges-ovens/,Canada,제품 카테고리 (PLP),68
https://www.lg.com/ca_en/cooktops/,Canada,제품 카테고리 (PLP),68
https://www.lg.com/ca_en/mini-split-air-conditioners-heat-pumps/,Canada,제품 카테고리 (PLP),68
https://www.lg.com/ca_en/window-air-conditioners/,Canada,제품 카테고리 (PLP),68
https://www.lg.com/ca_en/microwave-ovens/,Canada,제품 카테고리 (PLP),64
https://www.lg.com/ca_en/vacuum/stick-vacuums/,Canada,제품 카테고리 (PLP),71
https://www.lg.com/ca_en/account-integration/,Canada,제품 카테고리 (PLP),54
https://www.lg.com/ca_en/account-integration-old/,Canada,제품 카테고리 (PLP),61
https://www.lg.com/ca_en/cooking-appliances/all-cooking-appliances/,Canada,제품 카테고리 (PLP),71
https://www.lg.com/ca_en/cooktops/gas-cooktops/,Canada,제품 카테고리 (PLP),68
https://www.lg.com/ca_en/air-solutions-accessories/,Canada,제품 카테고리 (PLP),61
https://www.lg.com/ca_en/vacuum/,Canada,제품 카테고리 (PLP),75
https://www.lg.com/ca_en/ranges-ovens/gas-range/,Canada,제품 카테고리 (PLP),71
https://www.lg.com/ca_en/dishwashers/all-dishwashers/,Canada,제품 카테고리 (PLP),71
https://www.lg.com/ca_en/care-accessories/,Canada,제품 카테고리 (PLP),75
https://www.lg.com/ca_en/config/,Canada,제품 카테고리 (PLP),50
https://www.lg.com/ca_en/appliance-accessories/,Canada,제품 카테고리 (PLP),71
https://www.lg.com/ca_en/ces2026/art-tv/,Canada,제품 카테고리 (PLP),69
https://www.lg.com/ca_en/computer-accessories/,Canada,제품 카테고리 (PLP),75
https://www.lg.com/ca_en/computer/,Canada,제품 카테고리 (PLP),54
https://www.lg.com/ca_en/connected-at-home/,Canada,제품 카테고리 (PLP),64
https://www.lg.com/ca_en/all-soundsuite/,Canada,제품 카테고리 (PLP),83
https://www.lg.com/ca_en/about-lg/press-and-media/,Canada,Press & Media,68
https://www.lg.com/ca_en/about-lg/press-and-media/LG-CANADA-ANNOUNCES-PRICING-AND-AVAILABILITY-FOR-2026-ULTRAGEAR-GAMING-MONITORS-AND-OLED-EVO-W6-WALLPAPER-TV-/,Canada,Press & Media,79
https://www.lg.com/ca_en/about-lg/press-and-media/JUVENTUS-OFFICIAL-FAN-CLUB-TORONTO-NAMED-WINNER-OF-THE-LG-MATCH-DAY-HEROES-CONTEST/,Canada,Press & Media,79
https://www.lg.com/ca_en/about-lg/press-and-media/LG-HONOURED-WITH-MAJOR-APPLIANCE-INDUSTRY-PERFORMANCE-AWARD-FROM-CIRCANA/,Canada,Press & Media,75
https://www.lg.com/ca_en/about-lg/press-and-media/LG-ELECTRONICS-CANADA-CELEBRATES-FIVE-CONSECUTIVE-YEARS-AS-CANADAS--1-MAJOR-APPPLIANCE-BRAND-WITH-NATIONAL-SWEEPSTAKES/,Canada,Press & Media,71
https://www.lg.com/ca_en/about-lg/press-and-media/LG-LAUNCHES-MATCH-DAY-HEROES-TO-CELEBRATE-THE-COMMUNITIES-BEHIND-CANADAS-SOCCER-CULTURE/,Canada,Press & Media,82
https://www.lg.com/ca_en/about-lg/press-and-media/lg-to-close-mobile-phone-business-worldwide/,Canada,Press & Media,75
https://www.lg.com/ca_en/about-lg/press-and-media/lg-suspends-shipments-to-russia/,Canada,Press & Media,71
https://www.lg.com/ca_en/about-lg/press-and-media/lg-electronics-canada-honoured-by-natural-re-sources-canada-as-2022-energy-star--appliance-manufacturer-of-the-year/,Canada,Press & Media,79
https://www.lg.com/ca_en/about-lg/press-and-media/lg-showcases-upgraded-culinary-life-with-its-new-kitchen-solutions-at-ces-2023/,Canada,Press & Media,71
https://www.lg.com/ca_en/about-lg/press-and-media/lg-electronics-canada-renews-multi-year-partnership-with-mlse-and-continues-celebrating-fans--lifesgoodmoment/,Canada,Press & Media,75
https://www.lg.com/ca_en/about-lg/press-and-media/lg-delivers-year-around-comfort-and-elegance-with-new-artcool--gallery-at-ces-2023/,Canada,Press & Media,71
https://www.lg.com/ca_en/about-lg/press-and-media/NEW-SURVEY-FROM-LG-CANADA-REVEALS-HOW-CANADIANS-REALLY-LOAD-THEIR-DISHWASHERS/,Canada,Press & Media,75
https://www.lg.com/ca_en/about-lg/press-and-media/LG-ELECTRONICS-TEAMS-UP-WITH-PRIME-VIDEO-TO-POWER-AN-EPIC-HOME-PREMIERE-OF-MASTERS-OF-THE-UNIVERSE-/,Canada,Press & Media,79
https://www.lg.com/ca_en/about-lg/press-and-media/innovative-new-television-form-factor-arrives-in-canada-with-lg-oled-objet-collection-pos-tv/,Canada,Press & Media,75
https://www.lg.com/ca_en/about-lg/press-and-media/lg-electronics-canada-rebrands-customer-service-to-LG-careq/,Canada,Press & Media,64
https://www.lg.com/ca_en/about-lg/press-and-media/lg-refrigerator-with-moodup-brings-a-more-colourful-lifestyle-to-the-kitchen/,Canada,Press & Media,71
https://www.lg.com/ca_en/about-lg/press-and-media/LG-ELECTRONICS-CANADA-ANNOUNCES-2026-HOME-APPLIANCE-LINEUP-BUILT-FOR-EFFICIENT-LIVING/,Canada,Press & Media,79
https://www.lg.com/ca_en/about-lg/press-and-media/lg-honoured-with-dozens-of-ces-2023-innovation-awards/,Canada,Press & Media,75
https://www.lg.com/ca_en/about-lg/press-and-media/lg-announces-global-launch-of-revolutionary-lg-thinq-up-appliances/,Canada,Press & Media,75
https://www.lg.com/ca_en/about-lg/press-and-media/lg-2023-sound-bars-enrich-home-entertainment-with-immersive-audio-and-versatile-features/,Canada,Press & Media,71
https://www.lg.com/ca_en/about-lg/press-and-media/SHOW-US-YOUR-SETUP--LG-CANADA-LAUNCHES-BACK-TO-SCHOOL-CONTEST/,Canada,Press & Media,75
https://www.lg.com/ca_en/about-lg/press-and-media/LG-ELECTRONICS-CANADA-ANNOUNCES-AVAILABILITY-AND-PRICING-OF-2026-OLED-TV-LINEUP-AND-LG-SOUND-SUITE-/,Canada,Press & Media,79
https://www.lg.com/ca_en/about-lg/press-and-media/lg-to-close-solar-panel-business/,Canada,Press & Media,75
https://www.lg.com/ca_en/about-lg/press-and-media/lg-to-present-esg-vision-for-better-life-for-all-at-ces-2023/,Canada,Press & Media,71
https://www.lg.com/ca_en/support/product-support/troubleshoot/help-library/cs-CT52006110-20155048194547,Canada,Support - Troubleshoot,68
https://www.lg.com/ca_en/support/product-support/troubleshoot/help-library/cs-CT52001644-20155130214995/,Canada,Support - Troubleshoot,68
https://www.lg.com/ca_en/support/product-support/troubleshoot/help-library/cs-CT52001646-20155377714793/,Canada,Support - Troubleshoot,68
https://www.lg.com/ca_en/support/product-support/troubleshoot/help-library/cs-CT52006110-20155048190769,Canada,Support - Troubleshoot,68
https://www.lg.com/ca_en/support/product-support/troubleshoot/help-library/cs-CT52006110-20155183801725/,Canada,Support - Troubleshoot,71
https://www.lg.com/ca_en/support/product-support/troubleshoot/help-library/cs-CT52001644-20155101727812,Canada,Support - Troubleshoot,68
https://www.lg.com/ca_en/support/product-support/troubleshoot/help-library/cs-CT52001646-20155028291727/,Canada,Support - Troubleshoot,68
https://www.lg.com/ca_en/support/product-support/troubleshoot/help-library/cs-CT52001644-20155295248170/,Canada,Support - Troubleshoot,71
https://www.lg.com/ca_en/support/product-support/troubleshoot/help-library/cs-CT52006110-20155412570876,Canada,Support - Troubleshoot,68
https://www.lg.com/ca_en/support/product-support/troubleshoot/help-library/cs-CT52001643-20155377787112/,Canada,Support - Troubleshoot,68
https://www.lg.com/ca_en/support/product-support/troubleshoot/help-library/cs-CT52006110-20155130413192/,Canada,Support - Troubleshoot,68
https://www.lg.com/ca_en/support/product-help/CT20098040-20150121734487,Canada,Support - Troubleshoot,68
https://www.lg.com/ca_en/support/product-support/troubleshoot/help-library/cs-CT52001646-20155333771990/,Canada,Support - Troubleshoot,68
https://www.lg.com/ca_en/support/product-support/troubleshoot/help-library/cs-CT52001644-20155102931118/,Canada,Support - Troubleshoot,68
https://www.lg.com/ca_en/support/product-support/troubleshoot/help-library/cs-CT52001646-20155051174286/,Canada,Support - Troubleshoot,68
https://www.lg.com/ca_en/support/product-support/troubleshoot/help-library/cs-CT52001644-20155065328685/,Canada,Support - Troubleshoot,68
https://www.lg.com/ca_en/support/product-support/troubleshoot/help-library/cs-CT52001644-20155114034191/,Canada,Support - Troubleshoot,68
https://www.lg.com/ca_en/support/product-support/troubleshoot/help-library/cs-CT52006110-20155048182195,Canada,Support - Troubleshoot,68
https://www.lg.com/ca_en/support/product-support/troubleshoot/help-library/cs-CT52001643-20155140877576,Canada,Support - Troubleshoot,68
https://www.lg.com/ca_en/support/product-support/troubleshoot/help-library/cs-CT52001644-20155102978829,Canada,Support - Troubleshoot,68
https://www.lg.com/ca_en/support/product-support/troubleshoot/help-library/cs-CT52001644-20155114214879/,Canada,Support - Troubleshoot,68
https://www.lg.com/ca_en/support/product-support/troubleshoot/help-library/cs-CT32005681-20155119003826,Canada,Support - Troubleshoot,68
https://www.lg.com/ca_en/support/product-support/troubleshoot/help-library/cs-CT52001646-20155146788052/,Canada,Support - Troubleshoot,68
https://www.lg.com/ca_en/support/product-support/troubleshoot/help-library/cs-CT52001646-20155311502235/,Canada,Support - Troubleshoot,68
https://www.lg.com/ca_en/support/product-support/troubleshoot/help-library/cs-CT52001644-20155048201823/,Canada,Support - Troubleshoot,68
https://www.lg.com/ca_en/support/product-support/troubleshoot/help-library/cs-CT52001643-20155063961192,Canada,Support - Troubleshoot,68
https://www.lg.com/ca_en/support/product-support/troubleshoot/help-library/cs-CT52001644-20155102795862/,Canada,Support - Troubleshoot,68
https://www.lg.com/ca_en/support/product-support/troubleshoot/help-library/cs-CT32004641-20155199003031,Canada,Support - Troubleshoot,68
https://www.lg.com/ca_en/support/product-support/troubleshoot/help-library/cs-CT52001644-20155177649603/,Canada,Support - Troubleshoot,68
https://www.lg.com/ca_en/support/product-support/troubleshoot/help-library/cs-CT52001644-20155102799560/,Canada,Support - Troubleshoot,68
https://www.lg.com/ca_en/support/product-support/troubleshoot/help-library/cs-CT32005681-20155014963117,Canada,Support - Troubleshoot,68
https://www.lg.com/ca_en/support/product-support/troubleshoot/help-library/cs-CT32004641-20155060985301,Canada,Support - Troubleshoot,68
https://www.lg.com/ca_en/support/product-support/troubleshoot/help-library/cs-CT52001643-20155412212632,Canada,Support - Troubleshoot,68
https://www.lg.com/ca_en/support/product-support/troubleshoot/help-library/cs-CT52001646-20155311258275/,Canada,Support - Troubleshoot,68
https://www.lg.com/ca_en/support/product-support/troubleshoot/help-library/cs-CT52001643-20155105899739/,Canada,Support - Troubleshoot,68
https://www.lg.com/ca_en/support/product-support/troubleshoot/help-library/cs-CT52001646-20155062024742,Canada,Support - Troubleshoot,68
https://www.lg.com/ca_en/support/product-support/troubleshoot/help-library/cs-CT52006110-20155128298706/,Canada,Support - Troubleshoot,68
https://www.lg.com/ca_en/support/product-support/troubleshoot/help-library/cs-CT52001644-20155092723807/,Canada,Support - Troubleshoot,68
https://www.lg.com/ca_en/support/product-support/troubleshoot/help-library/cs-CT52006110-20155131934965,Canada,Support - Troubleshoot,68
https://www.lg.com/ca_en/support/product-support/troubleshoot/help-library/cs-CT52001644-20155102817652,Canada,Support - Troubleshoot,68
https://www.lg.com/ca_en/support/product-support/troubleshoot/help-library/cs-CT52001644-20155370303100/,Canada,Support - Troubleshoot,68
https://www.lg.com/ca_en/support/product-support/troubleshoot/help-library/cs-CT52001646-20155047764799,Canada,Support - Troubleshoot,68
https://www.lg.com/ca_en/support/product-support/troubleshoot/help-library/cs-CT52006110-20155130674451/,Canada,Support - Troubleshoot,68
https://www.lg.com/ca_en/support/product-support/troubleshoot/help-library/cs-CT52001644-20155028328192,Canada,Support - Troubleshoot,68
https://www.lg.com/ca_en/support/product-support/troubleshoot/help-library/cs-CT52001644-20155102822696,Canada,Support - Troubleshoot,68
https://www.lg.com/ca_en/support/product-support/troubleshoot/help-library/cs-CT52001644-20155101718495/,Canada,Support - Troubleshoot,68
https://www.lg.com/ca_en/support/product-support/troubleshoot/help-library/cs-CT52001643-20155311276825/,Canada,Support - Troubleshoot,68
https://www.lg.com/ca_en/support/product-support/troubleshoot/help-library/cs-CT32005681-20155115714102,Canada,Support - Troubleshoot,68
https://www.lg.com/ca_en/support/product-support/troubleshoot/help-library/cs-CT52001643-20154967819894/,Canada,Support - Troubleshoot,68
https://www.lg.com/ca_en/support/product-support/troubleshoot/help-library/cs-CT52001644-20155105954103,Canada,Support - Troubleshoot,68
https://www.lg.com/ca_en/support/product-support/troubleshoot/help-library/cs-CT52001644-20155102935653/,Canada,Support - Troubleshoot,68
https://www.lg.com/ca_en/support/product-support/troubleshoot/help-library/cs-CT52006110-20155198999813/,Canada,Support - Troubleshoot,68
https://www.lg.com/ca_en/support/product-support/troubleshoot/help-library/cs-CT52001644-20154982199574/,Canada,Support - Troubleshoot,68
https://www.lg.com/ca_en/support/product-support/troubleshoot/help-library/cs-CT52001646-20155029348265/,Canada,Support - Troubleshoot,68
https://www.lg.com/ca_en/support/product-support/troubleshoot/help-library/cs-CT52001644-20155101732327/,Canada,Support - Troubleshoot,68
https://www.lg.com/ca_en/support/product-support/troubleshoot/help-library/cs-CT52006110-20155134071291/,Canada,Support - Troubleshoot,68
https://www.lg.com/ca_en/support/product-support/troubleshoot/help-library/cs-CT52001644-20155103090594/,Canada,Support - Troubleshoot,68
https://www.lg.com/ca_en/support/product-support/troubleshoot/help-library/cs-CT52001644-20155102922031/,Canada,Support - Troubleshoot,68
https://www.lg.com/ca_en/support/product-support/troubleshoot/help-library/cs-CT52001644-20155101718050,Canada,Support - Troubleshoot,68
https://www.lg.com/ca_en/support/product-support/troubleshoot/help-library/cs-CT52001644-20155101719876,Canada,Support - Troubleshoot,68
https://www.lg.com/ca_en/support/product-support/troubleshoot/help-library/cs-CT52001643-20155052621589,Canada,Support - Troubleshoot,68
https://www.lg.com/ca_en/support/product-support/troubleshoot/help-library/cs-CT52006110-20155114023194,Canada,Support - Troubleshoot,68
https://www.lg.com/ca_en/support/product-support/troubleshoot/help-library/cs-CT52001643-20154996610870,Canada,Support - Troubleshoot,68
https://www.lg.com/ca_en/support/product-support/troubleshoot/help-library/cs-CT52001644-20155102947679/,Canada,Support - Troubleshoot,68
https://www.lg.com/ca_en/support/product-support/troubleshoot/help-library/cs-CT52001644-20155092732093/,Canada,Support - Troubleshoot,68
https://www.lg.com/ca_en/support/product-support/troubleshoot/help-library/cs-CT52001643-20155105899038/,Canada,Support - Troubleshoot,68
https://www.lg.com/ca_en/support/product-support/troubleshoot/help-library/cs-CT52001644-20155148961258/,Canada,Support - Troubleshoot,68
https://www.lg.com/ca_en/support/product-support/troubleshoot/help-library/cs-CT52001646-20155113389343/,Canada,Support - Troubleshoot,68
https://www.lg.com/ca_en/support/product-support/troubleshoot/help-library/cs-CT32004642-20155062560913,Canada,Support - Troubleshoot,68
https://www.lg.com/ca_en/support/product-support/troubleshoot/help-library/cs-CT52001643-20155154187826,Canada,Support - Troubleshoot,68
https://www.lg.com/ca_en/support/product-support/troubleshoot/help-library/cs-CT52001646-20155268977272,Canada,Support - Troubleshoot,68
https://www.lg.com/ca_en/support/product-support/troubleshoot/help-library/cs-CT52001644-20155048209300,Canada,Support - Troubleshoot,68
https://www.lg.com/ca_en/support/product-support/troubleshoot/help-library/cs-CT52001643-20155051196024,Canada,Support - Troubleshoot,68
https://www.lg.com/ca_en/support/product-support/troubleshoot/help-library/cs-CT52001644-20155102834211,Canada,Support - Troubleshoot,68
https://www.lg.com/ca_en/support/product-support/troubleshoot/help-library/cs-CT52001646-20155140645709/,Canada,Support - Troubleshoot,68
https://www.lg.com/ca_en/support/product-support/troubleshoot/help-library/cs-CT52001644-20155028331934/,Canada,Support - Troubleshoot,68
https://www.lg.com/ca_en/support/product-support/troubleshoot/help-library/cs-CT52001644-20155103106278/,Canada,Support - Troubleshoot,68
https://www.lg.com/ca_en/support/product-support/troubleshoot/help-library/cs-CT32005681-20155113404272,Canada,Support - Troubleshoot,68
https://www.lg.com/ca_en/support/product-support/troubleshoot/help-library/cs-CT52001644-20155295248142/,Canada,Support - Troubleshoot,68
https://www.lg.com/ca_en/support/product-support/troubleshoot/help-library/cs-CT52001644-20155268061305/,Canada,Support - Troubleshoot,68
https://www.lg.com/ca_en/support/product-support/troubleshoot/help-library/cs-CT52001644-20155102764124,Canada,Support - Troubleshoot,68
https://www.lg.com/ca_en/support/product-support/troubleshoot/help-library/cs-CT52001644-20155102941063,Canada,Support - Troubleshoot,68
https://www.lg.com/ca_en/support/product-support/troubleshoot/help-library/cs-CT52001643-20155019525907,Canada,Support - Troubleshoot,68
https://www.lg.com/ca_en/support/product-support/troubleshoot/help-library/cs-CT52001646-20155311293376/,Canada,Support - Troubleshoot,71
https://www.lg.com/ca_en/support/product-support/troubleshoot/help-library/cs-CT52001646-20155006102790/,Canada,Support - Troubleshoot,68
https://www.lg.com/ca_en/support/product-support/troubleshoot/help-library/cs-CT52001643-20155155361290,Canada,Support - Troubleshoot,68
https://www.lg.com/ca_en/support/product-support/troubleshoot/help-library/cs-CT52001646-20155019543121,Canada,Support - Troubleshoot,68
https://www.lg.com/ca_en/support/product-support/troubleshoot/help-library/cs-CT52001644-20155094143322/,Canada,Support - Troubleshoot,68
https://www.lg.com/ca_en/support/product-support/troubleshoot/help-library/cs-CT52001643-20155115738645,Canada,Support - Troubleshoot,68
https://www.lg.com/ca_en/support/product-support/troubleshoot/help-library/cs-CT52001646-20155006049806/,Canada,Support - Troubleshoot,68
https://www.lg.com/ca_en/support/product-support/troubleshoot/help-library/cs-CT52001644-20155102830534,Canada,Support - Troubleshoot,68
https://www.lg.com/ca_en/support/product-support/troubleshoot/help-library/cs-CT52001644-20155101725446/,Canada,Support - Troubleshoot,68
https://www.lg.com/ca_en/support/product-support/troubleshoot/help-library/cs-CT52001646-20155269106216/,Canada,Support - Troubleshoot,68
https://www.lg.com/ca_en/support/product-support/troubleshoot/help-library/cs-CT52001644-20155101726683/,Canada,Support - Troubleshoot,71
https://www.lg.com/ca_en/support/product-support/troubleshoot/help-library/cs-CT52001644-20155255021033/,Canada,Support - Troubleshoot,68
https://www.lg.com/ca_en/support/product-support/troubleshoot/help-library/cs-CT52001644-20155379438792/,Canada,Support - Troubleshoot,68
https://www.lg.com/ca_en/support/product-support/troubleshoot/help-library/cs-CT52001646-20155179474775,Canada,Support - Troubleshoot,68
https://www.lg.com/ca_en/support/product-support/troubleshoot/help-library/cs-CT52006110-20155342657177/,Canada,Support - Troubleshoot,68
https://www.lg.com/ca_en/support/product-support/troubleshoot/help-library/cs-CT52001646-20155331398212/,Canada,Support - Troubleshoot,68
https://www.lg.com/ca_en/support/product-support/troubleshoot/help-library/cs-CT52001644-20155368582330/,Canada,Support - Troubleshoot,68
https://www.lg.com/de/lifestyle-tvs/stanbyme/32lx6bpga/,Germany,제품 상세 (PDP),81
https://www.lg.com/de/tvs-und-soundbars/gallery-tv-with-frame/65lx7b6la/,Germany,제품 상세 (PDP),84
https://www.lg.com/de/tvs-und-soundbars/gallery-tv-with-frame/55lx7b6la/,Germany,제품 상세 (PDP),84
https://www.lg.com/de/tvs-und-soundbars/100mrgb96b9/,Germany,제품 상세 (PDP),84
https://www.lg.com/de/tvs-und-soundbars/mini-rgb-evo/75mrgb86b9a/,Germany,제품 상세 (PDP),84
https://www.lg.com/de/tvs-und-soundbars/micro-rgb-evo/86mrgb96b9b/,Germany,제품 상세 (PDP),84
https://www.lg.com/de/tvs-und-soundbars/nanocell/65nu8e0b3la/,Germany,제품 상세 (PDP),84
https://www.lg.com/de/tvs-und-soundbars/nanocell/55nu8e0b3la/,Germany,제품 상세 (PDP),84
https://www.lg.com/de/tvs-und-soundbars/nanocell/43nu8e0b3la/,Germany,제품 상세 (PDP),84
https://www.lg.com/de/tvs-und-soundbars/nanocell/50nu8e0b3la/,Germany,제품 상세 (PDP),84
https://www.lg.com/de/tvs-und-soundbars/nanocell/75nu8e0b3la/,Germany,제품 상세 (PDP),84
https://www.lg.com/de/tvs-und-soundbars/mini-rgb-evo/50mrgb86b9a/,Germany,제품 상세 (PDP),84
https://www.lg.com/de/tvs-und-soundbars/mini-rgb-evo/65mrgb86b9a/,Germany,제품 상세 (PDP),84
https://www.lg.com/de/tvs-und-soundbars/mini-rgb-evo/55mrgb86b9a/,Germany,제품 상세 (PDP),84
https://www.lg.com/de/tvs-und-soundbars/oled-evo/oled77c6elb/,Germany,제품 상세 (PDP),84
https://www.lg.com/de/tvs-und-soundbars/oled-evo/oled65c69lb/,Germany,제품 상세 (PDP),84
https://www.lg.com/de/tvs-und-soundbars/oled-evo/oled48c67la/,Germany,제품 상세 (PDP),84
https://www.lg.com/de/tvs-und-soundbars/nanocell/85nu900b6la/,Germany,제품 상세 (PDP),84
https://www.lg.com/de/tvs-und-soundbars/oled-evo/oled48g66ls/,Germany,제품 상세 (PDP),81
https://www.lg.com/de/tvs-und-soundbars/oled-evo/oled55g66ls/,Germany,제품 상세 (PDP),81
https://www.lg.com/de/tvs-und-soundbars/oled-evo/oled55c69lb/,Germany,제품 상세 (PDP),84
https://www.lg.com/de/tvs-und-soundbars/oled-evo/oled77c67la/,Germany,제품 상세 (PDP),84
https://www.lg.com/de/tvs-und-soundbars/oled-evo/oled83c6elb/,Germany,제품 상세 (PDP),84
https://www.lg.com/de/tvs-und-soundbars/oled-evo/oled77c69lb/,Germany,제품 상세 (PDP),84
https://www.lg.com/de/tvs-und-soundbars/oled-evo/oled55g67lw/,Germany,제품 상세 (PDP),81
https://www.lg.com/de/tvs-und-soundbars/oled-evo/oled55c67la/,Germany,제품 상세 (PDP),84
https://www.lg.com/de/tvs-und-soundbars/oled-evo/oled65c67la/,Germany,제품 상세 (PDP),84
https://www.lg.com/de/tvs-und-soundbars/oled-evo/oled77w69la/,Germany,제품 상세 (PDP),84
https://www.lg.com/de/tvs-und-soundbars/oled-evo/oled42c67la/,Germany,제품 상세 (PDP),84
https://www.lg.com/de/tvs-und-soundbars/oled-evo/oled65g66ls/,Germany,제품 상세 (PDP),81
https://www.lg.com/de/tvs-und-soundbars/oled-evo/oled77g67lw/,Germany,제품 상세 (PDP),81
https://www.lg.com/de/tvs-und-soundbars/nanocell/85nu8e0b3la/,Germany,제품 상세 (PDP),84
https://www.lg.com/de/tvs-und-soundbars/nanocell/85nu800b6la/,Germany,제품 상세 (PDP),84
https://www.lg.com/de/tvs-und-soundbars/oled-evo/oled65g67lw/,Germany,제품 상세 (PDP),81
https://www.lg.com/de/tvs-und-soundbars/oled/oled65b6elc/,Germany,제품 상세 (PDP),84
https://www.lg.com/de/tvs-und-soundbars/qned-evo/55qned93b6a/,Germany,제품 상세 (PDP),84
https://www.lg.com/de/tvs-und-soundbars/qned-evo/65qned82b6b/,Germany,제품 상세 (PDP),84
https://www.lg.com/de/tvs-und-soundbars/qned-evo/50qned87b6a/,Germany,제품 상세 (PDP),84
https://www.lg.com/de/tvs-und-soundbars/qned-evo/55qned82b6b/,Germany,제품 상세 (PDP),84
https://www.lg.com/de/tvs-und-soundbars/oled/oled77b6elc/,Germany,제품 상세 (PDP),84
https://www.lg.com/de/tvs-und-soundbars/oled/oled83b68la/,Germany,제품 상세 (PDP),84
https://www.lg.com/de/tvs-und-soundbars/qned-evo/65qned87b6a/,Germany,제품 상세 (PDP),84
https://www.lg.com/de/tvs-und-soundbars/qned-evo/65qned93b6a/,Germany,제품 상세 (PDP),84
https://www.lg.com/de/tvs-und-soundbars/qned-evo/100qned87b6/,Germany,제품 상세 (PDP),84
https://www.lg.com/de/tvs-und-soundbars/qned-evo/75qned82b6a/,Germany,제품 상세 (PDP),84
https://www.lg.com/de/tvs-und-soundbars/qned-evo/55qned87b6a/,Germany,제품 상세 (PDP),84
https://www.lg.com/de/tvs-und-soundbars/qned/43qned70b6c/,Germany,제품 상세 (PDP),84
https://www.lg.com/de/tvs-und-soundbars/oled/oled55b68la/,Germany,제품 상세 (PDP),84
https://www.lg.com/de/tvs-und-soundbars/oled/oled48b68la/,Germany,제품 상세 (PDP),84
https://www.lg.com/de/tvs-und-soundbars/oled-evo/oled83g67lw/,Germany,제품 상세 (PDP),81
https://www.lg.com/de/tvs-und-soundbars/qned/55qned71b6b/,Germany,제품 상세 (PDP),84
https://www.lg.com/de/tvs-und-soundbars/qned-evo/75qned93b6a/,Germany,제품 상세 (PDP),84
https://www.lg.com/de/tvs-und-soundbars/qned-evo/86qned87b6a/,Germany,제품 상세 (PDP),84
https://www.lg.com/de/tvs-und-soundbars/qned-evo/75qned87b6a/,Germany,제품 상세 (PDP),84
https://www.lg.com/de/tvs-und-soundbars/qned-evo/85qned81b6a/,Germany,제품 상세 (PDP),84
https://www.lg.com/de/tvs-und-soundbars/oled/oled55b6elc/,Germany,제품 상세 (PDP),84
https://www.lg.com/de/tvs-und-soundbars/oled-evo/oled83w69la/,Germany,제품 상세 (PDP),84
https://www.lg.com/de/tvs-und-soundbars/oled/oled65b68la/,Germany,제품 상세 (PDP),84
https://www.lg.com/de/tvs-und-soundbars/oled/oled48b6elc/,Germany,제품 상세 (PDP),84
https://www.lg.com/de/tvs-und-soundbars/oled/oled77b68la/,Germany,제품 상세 (PDP),84
https://www.lg.com/de/tvs-und-soundbars/qned/50qned71b6b/,Germany,제품 상세 (PDP),84
https://www.lg.com/de/tvs-und-soundbars/qned/43qned71b6b/,Germany,제품 상세 (PDP),84
https://www.lg.com/de/tvs-und-soundbars/qned/50qned70b6c/,Germany,제품 상세 (PDP),84
https://www.lg.com/de/tvs-und-soundbars/qned/55qned70b6c/,Germany,제품 상세 (PDP),84
https://www.lg.com/de/tvs-und-soundbars/qned/65qned70b6c/,Germany,제품 상세 (PDP),84
https://www.lg.com/de/tvs-und-soundbars/smart-tvs/43lb65006la/,Germany,제품 상세 (PDP),84
https://www.lg.com/de/tvs-und-soundbars/qned/75qned70b6a/,Germany,제품 상세 (PDP),84
https://www.lg.com/de/tvs-und-soundbars/qned/85qned70b6a/,Germany,제품 상세 (PDP),84
https://www.lg.com/de/tvs-und-soundbars/smart-tvs/32lb650b6la/,Germany,제품 상세 (PDP),84
https://www.lg.com/de/tvs-und-soundbars/smart-tvs/24lb70006la/,Germany,제품 상세 (PDP),84
https://www.lg.com/de/lifestyle-tvs/stanbyme-go/27lx5qkna-t90swh/,Germany,제품 상세 (PDP),81
https://www.lg.com/de/lifestyle-tvs/stanbyme-go/27lx5qkna/,Germany,제품 상세 (PDP),84
https://www.lg.com/de/monitore/alle-monitore/24cq651n-2p/,Germany,제품 상세 (PDP),81
https://www.lg.com/de/kuehlschraenke-gefrierschraenke/kuehl-gefrierkombination/gbb92mbb3p/,Germany,제품 상세 (PDP),84
https://www.lg.com/de/waeschepflege/styler/s3bf/,Germany,제품 상세 (PDP),81
https://www.lg.com/de/waeschepflege/styler/s3mfc/,Germany,제품 상세 (PDP),81
https://www.lg.com/de/waeschepflege/trockner/hpwd116a/,Germany,제품 상세 (PDP),84
https://www.lg.com/de/waeschepflege/trockner/hpwd096c/,Germany,제품 상세 (PDP),84
https://www.lg.com/de/waeschepflege/trockner/dstwh/,Germany,제품 상세 (PDP),77
https://www.lg.com/de/waeschepflege/styler/s3wf/,Germany,제품 상세 (PDP),81
https://www.lg.com/de/waeschepflege/trockner/hpwd116ba/,Germany,제품 상세 (PDP),84
https://www.lg.com/de/waeschepflege/trockner/rt10x7/,Germany,제품 상세 (PDP),88
https://www.lg.com/de/waeschepflege/trockner/rt10x7b/,Germany,제품 상세 (PDP),88
https://www.lg.com/de/waeschepflege/trockner/rt10x72w/,Germany,제품 상세 (PDP),88
https://www.lg.com/de/waeschepflege/trockner/rt10x8b/,Germany,제품 상세 (PDP),88
https://www.lg.com/de/waeschepflege/trockner/rt10x7p/,Germany,제품 상세 (PDP),84
https://www.lg.com/de/waeschepflege/trockner/rt90v9b/,Germany,제품 상세 (PDP),87
https://www.lg.com/de/waeschepflege/trockner/rt90v9p/,Germany,제품 상세 (PDP),84
https://www.lg.com/de/waeschepflege/trockner/rt90v9w/,Germany,제품 상세 (PDP),87
https://www.lg.com/de/waeschepflege/trockner/rt90x7b/,Germany,제품 상세 (PDP),88
https://www.lg.com/de/waeschepflege/trockner/rt90x72w/,Germany,제품 상세 (PDP),84
https://www.lg.com/de/waeschepflege/trockner/rt90x7/,Germany,제품 상세 (PDP),88
https://www.lg.com/de/waeschepflege/trockner/rt90b3c/,Germany,제품 상세 (PDP),88
https://www.lg.com/de/waeschepflege/trockner/rt90b3/,Germany,제품 상세 (PDP),84
https://www.lg.com/de/waeschepflege/trockner/rt90x7w/,Germany,제품 상세 (PDP),84
https://www.lg.com/de/waeschepflege/trockner/rt80v9c/,Germany,제품 상세 (PDP),87
https://www.lg.com/de/waeschepflege/trockner/rt80x7/,Germany,제품 상세 (PDP),84
https://www.lg.com/de/waeschepflege/trockner/rt80v9w/,Germany,제품 상세 (PDP),87
https://www.lg.com/de/waeschepflege/trockner/rt80b2/,Germany,제품 상세 (PDP),81
https://www.lg.com/de/waeschepflege/trockner/rt80v9b/,Germany,제품 상세 (PDP),81
https://www.lg.com/de/geschirrspueler/db476txs/,Germany,제품 상세 (PDP),78
https://www.lg.com/de/geschirrspueler/db597txs/,Germany,제품 상세 (PDP),78
https://www.lg.com/de/waeschepflege/trockner/rt80x8bc/,Germany,제품 상세 (PDP),81
https://www.lg.com/de/klimaanlagen/a09ga1/,Germany,제품 상세 (PDP),88
https://www.lg.com/de/waeschepflege/trockner/rt80b3c/,Germany,제품 상세 (PDP),88
https://www.lg.com/de/klimaanlagen/A12GA1/,Germany,제품 상세 (PDP),88
https://www.lg.com/de/waeschepflege/trockner/rt18vt/,Germany,제품 상세 (PDP),88
https://www.lg.com/de/klimaanlagen/a09ga2/,Germany,제품 상세 (PDP),88
https://www.lg.com/de/klimaanlagen/a12ga2/,Germany,제품 상세 (PDP),88
https://www.lg.com/de/klimaanlagen/aa09sp/,Germany,제품 상세 (PDP),81
https://www.lg.com/de/mikrowellen/4-in-1-heissluft-mikrowellen/mj3965acs/,Germany,제품 상세 (PDP),75
https://www.lg.com/de/care-accessories/dryers/filter/agm75510732/,Germany,제품 상세 (PDP),81
https://www.lg.com/de/soundsuite/H7M70001_W7001_F/,Germany,제품 상세 (PDP),81
https://www.lg.com/de/care-accessories/dryers/rack-stacking-kit/agf30790698/,Germany,제품 상세 (PDP),81
https://www.lg.com/de/wireless-earbuds/tone-free/tone-t90s/,Germany,제품 상세 (PDP),81
https://www.lg.com/de/waeschepflege/trockner/rt90x8b/,Germany,제품 상세 (PDP),88
https://www.lg.com/de/haushaltsgeraete-zubehoer/5001el2001h/,Germany,제품 상세 (PDP),81
https://www.lg.com/de/haushaltsgeraete-zubehoer/5214fr3188g/,Germany,제품 상세 (PDP),81
https://www.lg.com/de/soundsuite/cinema-suite-7/,Germany,제품 상세 (PDP),75
https://www.lg.com/de/lifestyle-tvs/stanbyme/27lx6tdga/,Germany,제품 상세 (PDP),78
https://www.lg.com/de/wireless-earbuds/xboombuds/buds-aeuslbk/,Germany,제품 상세 (PDP),81
https://www.lg.com/de/soundsuite/fs-m51/,Germany,제품 상세 (PDP),84
https://www.lg.com/de/kuehlschraenke-gefrierschraenke/kuehl-gefrierkombination/gbbs312aev/,Germany,제품 상세 (PDP),78
https://www.lg.com/de/haushaltsgeraete-zubehoer/af-b600n/,Germany,제품 상세 (PDP),87
https://www.lg.com/de/care-accessories/laptops/adapter-power-cord/eay65249101/,Germany,제품 상세 (PDP),81
https://www.lg.com/de/buying-guides/ultragear-buying-guide/ultragear/resolution/,Germany,구매 가이드,85
https://www.lg.com/de/tvs-und-soundbars/tv-buying-guide/,Germany,구매 가이드,85
https://www.lg.com/de/buying-guides/ultragear-buying-guide/ultragear/screen-size/,Germany,구매 가이드,81
https://www.lg.com/de/buying-guides/ultragear-buying-guide/ultragear/refresh-rate/,Germany,구매 가이드,85
https://www.lg.com/de/buying-guide/,Germany,구매 가이드,78
https://www.lg.com/de/monitore/monitore-buying-guide/monitor-spec-wiki_qa/,Germany,구매 가이드,74
https://www.lg.com/de/buying-guides/ultragear-buying-guide/,Germany,구매 가이드,75
https://www.lg.com/de/buying-guides/ultragear-buying-guide/ultragear/work-and-play/,Germany,구매 가이드,79
https://www.lg.com/de/buying-guide/washing-machines-size-capacity/,Germany,구매 가이드,89
https://www.lg.com/de/buying-guide/washing-machines-type/,Germany,구매 가이드,86
https://www.lg.com/de/monitore/monitore-buying-guide/monitor-lineup_qa/,Germany,구매 가이드,81
https://www.lg.com/de/tvs-und-soundbars/tv-buying-guide/tv-size/,Germany,구매 가이드,82
https://www.lg.com/de/buying-guides/laundry-spec-library/,Germany,구매 가이드,86
https://www.lg.com/de/buying-guides/refrigerator-spec-library/,Germany,구매 가이드,83
https://www.lg.com/de/buying-guides/monitor-spec-library/,Germany,구매 가이드,86
https://www.lg.com/de/buying-guides/monitor-lineup-guide/,Germany,구매 가이드,89
https://www.lg.com/de/buying-guides/tv-spec-library/,Germany,구매 가이드,86
https://www.lg.com/de/buying-guides/tv-lineup-guide/,Germany,구매 가이드,93
https://www.lg.com/de/tv/oled-tv/2021/oled-buying-guide/,Germany,구매 가이드,81
https://www.lg.com/de/tvs-und-soundbars/tv-buying-guide/lifestyle/,Germany,구매 가이드,79
https://www.lg.com/de/tvs-und-soundbars/tv-buying-guide/what-is-a-smart-tv-ai-tv/,Germany,구매 가이드,85
https://www.lg.com/de/tvs-und-soundbars/tv-buying-guide/tv-technology/what-is-4k-tv/,Germany,구매 가이드,86
https://www.lg.com/de/tvs-und-soundbars/tv-buying-guide/tv-technology/oled-vs-qned/,Germany,구매 가이드,79
https://www.lg.com/de/tvs-und-soundbars/tv-buying-guide/tv-spec-wiki_qa/,Germany,구매 가이드,70
https://www.lg.com/de/tv/lgoledflex/,Germany,Microsite,75
https://www.lg.com/de/monitore/magazin/zerkratzte-cd-reparieren/,Germany,Microsite,81
https://www.lg.com/de/haushaltsgeraete/haushaltsgeraete-tipps-und-anleitungen/waeschepflege/how-to-clean-washing-machine/,Germany,Microsite,79
https://www.lg.com/de/tv/oled-tv/2021/smart/,Germany,Microsite,81
https://www.lg.com/de/monitore/magazin/design-monitor/,Germany,Microsite,81
https://www.lg.com/de/tvs-und-soundbars/why-lg-oled-evo/,Germany,Microsite,82
https://www.lg.com/de/monitore/magazin/bildschirm-flackert/,Germany,Microsite,74
https://www.lg.com/de/monitore/magazin/monitor-fuer-bildbearbeitung/,Germany,Microsite,78
https://www.lg.com/de/monitore/gaming/ultragear/,Germany,Microsite,79
https://www.lg.com/de/tvs-und-soundbars/nanocell/2021/pure-color/,Germany,Microsite,79
https://www.lg.com/de/ultrafine-monitore/,Germany,Microsite,78
https://www.lg.com/de/tvs-und-soundbars/nanocell/2021/sport/,Germany,Microsite,75
https://www.lg.com/de/tvs-und-soundbars/nanocell/2021/design/,Germany,Microsite,71
https://www.lg.com/de/monitore/magazin/Beamer-oder-Fernseher/,Germany,Microsite,78
https://www.lg.com/de/tv/nano-cell-tv/2021/sport/,Germany,Microsite,68
https://www.lg.com/de/webos-smart-tv/highlights/,Germany,Microsite,78
https://www.lg.com/de/tvs-und-soundbars/why-true-wireless/,Germany,Microsite,79
https://www.lg.com/de/home-office-monitore/,Germany,Microsite,78
https://www.lg.com/de/tv/oled-tv/2021/cinema/,Germany,Microsite,78
https://www.lg.com/de/tvs-und-soundbars/why-qned-evo/,Germany,Microsite,79
https://www.lg.com/de/ultragear-monitore/,Germany,Microsite,79
https://www.lg.com/de/tv/warum-oled/oled-lineup/,Germany,Microsite,74
https://www.lg.com/de/tv/oled-tv/2021/self-lit-pixels/,Germany,Microsite,79
https://www.lg.com/de/tv/oled-tv/2021/sport/,Germany,Microsite,78
https://www.lg.com/de/monitore/magazin/beamer-abstand/,Germany,Microsite,81
https://www.lg.com/de/webos-smart-tv/lg-channels/,Germany,Microsite,75
https://www.lg.com/de/tvs-und-soundbars/2024/smart/homescreenandapps/,Germany,Microsite,75
https://www.lg.com/de/tvs-und-soundbars/2024/smart/gamingandlifestyle/,Germany,Microsite,75
https://www.lg.com/de/webos-smart-tv/homescreen-and-apps/,Germany,Microsite,75
https://www.lg.com/de/audio/tonefreeapp/,Germany,Microsite,78
https://www.lg.com/de/soundsuite/,Germany,Microsite,83
https://www.lg.com/de/tvs-und-soundbars/nanocell/2021/gaming/,Germany,Microsite,75
https://www.lg.com/de/tvs-und-soundbars/lg-ai-tvs/,Germany,Microsite,86
https://www.lg.com/de/tv/2022/soundbar/,Germany,Microsite,75
https://www.lg.com/de/tv/oled-tv/2021/sustainability/,Germany,Microsite,75
https://www.lg.com/de/webos-smart-tv/gaming-and-lifestyle/,Germany,Microsite,75
https://www.lg.com/de/monitore/magazin/laptop-ohne-laufwerk/,Germany,Microsite,78
https://www.lg.com/de/tv/nano-cell-tv/2021/cinema/,Germany,Microsite,75
https://www.lg.com/de/monitore/magazin/dvd-laufwerk-reinigen/,Germany,Microsite,78
https://www.lg.com/de/monitore/magazin/lcd-ips-und-tft-monitor/,Germany,Microsite,81
https://www.lg.com/de/monitore/magazin/warum-curved/,Germany,Microsite,85
https://www.lg.com/de/webos-smart-tv/webos/,Germany,Microsite,79
https://www.lg.com/de/monitore/magazin/bildschirm-reinigen/,Germany,Microsite,78
https://www.lg.com/de/tv/oled-tv/oled-reliability/,Germany,Microsite,74
https://www.lg.com/de/tv/qned-tvs/2022/modellvergleich/,Germany,Microsite,70
https://www.lg.com/de/monitore/magazin/Heimkino-Beamer/,Germany,Microsite,85
https://www.lg.com/de/tv/viewing-angle/,Germany,Microsite,70
https://www.lg.com/de/monitore/magazin/Beamer-fuer-Praesentationen/,Germany,Microsite,81
https://www.lg.com/de/tv/oled-tv/2021/gaming/,Germany,Microsite,75
https://www.lg.com/de/tvs-und-soundbars/2024/smart/highlights/,Germany,Microsite,78
https://www.lg.com/de/tvs-und-soundbars/ai-tv/,Germany,Microsite,75
https://www.lg.com/de/soundsuite/howtovideo-qna/,Germany,Microsite,86
https://www.lg.com/de/tv/2023/smart/,Germany,Microsite,75
https://www.lg.com/de/monitore/gaming/ultragear-esports/,Germany,Microsite,75
https://www.lg.com/de/monitore/gaming/ultragear-brand-story/,Germany,Microsite,75
https://www.lg.com/de/tv/why-lgoled/sustainability/,Germany,Microsite,79
https://www.lg.com/de/tv/nano-cell-tv/2021/pure-color/,Germany,Microsite,79
https://www.lg.com/de/monitore/magazin/,Germany,Microsite,74
https://www.lg.com/de/tv/qned-tvs/2022/gaming/,Germany,Microsite,79
https://www.lg.com/de/tvs-und-soundbars/2024/smart/lgchannels/,Germany,Microsite,75
https://www.lg.com/de/lautsprecher/soundbars/eco-minded-soundbars/,Germany,Microsite,81
https://www.lg.com/de/lautsprecher/tonefreeapp/,Germany,Microsite,74
https://www.lg.com/de/tv/2023/soundbar/,Germany,Microsite,78
https://www.lg.com/de/monitore/magazin/monitor-anschluesse/,Germany,Microsite,81
https://www.lg.com/de/monitore/magazin/profi-monitore/,Germany,Microsite,78
https://www.lg.com/de/ultrawide-monitore/,Germany,Microsite,78
https://www.lg.com/de/tv/nano-cell-tv/2021/gaming/,Germany,Microsite,68
https://www.lg.com/de/monitore/magazin/mehrere-bildschirme-anschliessen/,Germany,Microsite,78
https://www.lg.com/de/tv/oled-tv/2021/eyecomfort-ecofriendly/,Germany,Microsite,71
https://www.lg.com/de/monitore/magazin/musik-cd-brennen/,Germany,Microsite,81
https://www.lg.com/de/monitore/magazin/monitorkauf/,Germany,Microsite,78
https://www.lg.com/de/monitore/magazin/ergonomie-am-arbeitsplatz/,Germany,Microsite,81
https://www.lg.com/de/tv/qned-tvs/2022/grossbildschirm/,Germany,Microsite,68
https://www.lg.com/de/webos-smart-tv/,Germany,Microsite,63
https://www.lg.com/de/audio/gaming-speaker/,Germany,Microsite,71
https://www.lg.com/de/tvs-und-soundbars/nanocell/2021/cinema/,Germany,Microsite,75
https://www.lg.com/de/tv/nano-cell-tv/2021/design/,Germany,Microsite,71
https://www.lg.com/de/tv/oled-tv/2022/oled-warranty/,Germany,Microsite,78
https://www.lg.com/de/monitore/gaming/ultragear-highlight/,Germany,Microsite,79
https://www.lg.com/de/monitore/magazin/Beamer-reinigen/,Germany,Microsite,74
https://www.lg.com/de/monitore/magazin/Beamer-Leinwand-selber-bauen/,Germany,Microsite,78
https://www.lg.com/de/tv/20221/ott-dienste/,Germany,Microsite,79
https://www.lg.com/de/tv/qned-tvs/2022/kinoerlebnis/,Germany,Microsite,68
https://www.lg.com/de/tvs-und-soundbars/2024/smart/,Germany,Microsite,63
https://www.lg.com/de/monitore/magazin/beamer-aufloesung/,Germany,Microsite,85
https://www.lg.com/de/monitore/magazin/dvd-laufwerk-wird-nicht-erkannt/,Germany,Microsite,74
https://www.lg.com/de/magic-remote-tv/,Germany,Microsite,81
https://www.lg.com/de/monitore/magazin/monitor-kalibrieren/,Germany,Microsite,78
https://www.lg.com/de/monitore/gaming/ultragear-event/,Germany,Microsite,74
https://www.lg.com/de/audio/discontinued/,Germany,Microsite,78
https://www.lg.com/de/tvs-und-soundbars/nanocell/2021/ultra-large-screen/,Germany,Microsite,81
https://www.lg.com/de/tv/nano-cell-tv/2021/ultra-large-screen/,Germany,Microsite,70
https://www.lg.com/de/promotions/bereit-fuer-groesseres/,Germany,Microsite,78
https://www.lg.com/de/tv/oled-tv/2021/ultra-large-screen/,Germany,Microsite,75
https://www.lg.com/de/monitore/gaming/ultragear/lol-event/,Germany,Microsite,74
https://www.lg.com/de/tv/sport/,Germany,Microsite,67
https://www.lg.com/de/haushaltsgeraete/haushaltsgeraete-tipps-und-anleitungen/waeschepflege/waermepumpen-vs-kondensationstrockner/,Germany,Microsite,80
https://www.lg.com/de/tvs-und-soundbars/2024/smart/webos/,Germany,Microsite,79
https://www.lg.com/de/lgxboom/meridian/,Germany,Microsite,81
https://www.lg.com/de/promotions/goldene-zeiten/,Germany,Microsite,78
https://www.lg.com/de/lautsprecher/xboom/,Germany,제품 카테고리 (PLP),83
https://www.lg.com/de/lifestyle-tvs/stanbyme-go/,Germany,제품 카테고리 (PLP),79
https://www.lg.com/de/lautsprecher/xboom/xboombywilliam/,Germany,제품 카테고리 (PLP),83
https://www.lg.com/de/tvs-und-soundbars/grossbild-tvs/,Germany,제품 카테고리 (PLP),75
https://www.lg.com/de/tvs-und-soundbars/oled-evo/?ec_ft_07520361=42_-_48_Zoll,Germany,제품 카테고리 (PLP),86
https://www.lg.com/de/lautsprecher/bluetooth-lautsprecher/,Germany,제품 카테고리 (PLP),82
https://www.lg.com/de/tvs-und-soundbars/uhd-tvs/?ec_ft_07520361=42_-_48_Zoll,Germany,제품 카테고리 (PLP),90
https://www.lg.com/de/tvs-und-soundbars/alle-tvs-und-soundbars/?ec_ft_07520361=65_Zoll,Germany,제품 카테고리 (PLP),75
https://www.lg.com/de/soundsuite/alle-soundsuite/,Germany,제품 카테고리 (PLP),79
https://www.lg.com/de/tvs-und-soundbars/miniled/?ec_ft_07520361=50_Zoll,Germany,제품 카테고리 (PLP),79
https://www.lg.com/de/tvs-und-soundbars/lg-qned-evo-mini-led/,Germany,제품 카테고리 (PLP),79
https://www.lg.com/de/tvs-und-soundbars/nanocell/?ec_ft_07520361=55_Zoll,Germany,제품 카테고리 (PLP),86
https://www.lg.com/de/monitore/ultrafine-evo/,Germany,제품 카테고리 (PLP),79
https://www.lg.com/de/tvs-und-soundbars/nanocell/?ec_ft_07520361=42_-_48_Zoll,Germany,제품 카테고리 (PLP),86
https://www.lg.com/de/tvs-und-soundbars/miniled/?ec_ft_07520361=100_Zoll_und_größer,Germany,제품 카테고리 (PLP),79
https://www.lg.com/de/tvs-und-soundbars/qned-evo/?ec_ft_07520361=86_-_98_Zoll,Germany,제품 카테고리 (PLP),79
https://www.lg.com/de/monitore/tv-monitore/,Germany,제품 카테고리 (PLP),79
https://www.lg.com/de/monitore/discontinued/,Germany,제품 카테고리 (PLP),75
https://www.lg.com/de/lautsprecher/audio-zubehoer/,Germany,제품 카테고리 (PLP),75
https://www.lg.com/de/tvs-und-soundbars/grossbild-tvs/?ec_ft_07520361=86_-_98_Zoll,Germany,제품 카테고리 (PLP),75
https://www.lg.com/de/tv/discontinued/,Germany,제품 카테고리 (PLP),75
https://www.lg.com/de/tvs-und-soundbars/signature-oled/?ec_ft_07520361=77_-_85_Zoll,Germany,제품 카테고리 (PLP),79
https://www.lg.com/de/tvs-und-soundbars/qned-evo/?ec_ft_07520361=55_Zoll,Germany,제품 카테고리 (PLP),79
https://www.lg.com/de/tvs-und-soundbars/led-tvs/,Germany,제품 카테고리 (PLP),75
https://www.lg.com/de/tvs-und-soundbars/smart-tvs/?ec_ft_07520361=32_Zoll_und_kleiner,Germany,제품 카테고리 (PLP),82
https://www.lg.com/de/monitore/intelligente-monitore/,Germany,제품 카테고리 (PLP),72
https://www.lg.com/de/tvs-und-soundbars/smart-tvs/?ec_ft_07520361=65_Zoll,Germany,제품 카테고리 (PLP),82
https://www.lg.com/de/tvs-und-soundbars/oled-art/,Germany,제품 카테고리 (PLP),69
https://www.lg.com/de/tvs-und-soundbars/tv-zubehoer/,Germany,제품 카테고리 (PLP),79
https://www.lg.com/de/audio/,Germany,제품 카테고리 (PLP),75
https://www.lg.com/de/monitore/ultrawide/,Germany,제품 카테고리 (PLP),86
https://www.lg.com/de/tvs-und-soundbars/smart-tvs/?ec_ft_07520361=50_Zoll,Germany,제품 카테고리 (PLP),82
https://www.lg.com/de/monitore/,Germany,제품 카테고리 (PLP),72
https://www.lg.com/de/tvs-und-soundbars/smart-tvs/?ec_ft_07520361=70_-_75_Zoll,Germany,제품 카테고리 (PLP),82
https://www.lg.com/de/tvs-und-soundbars/tv-bundles/,Germany,제품 카테고리 (PLP),79
https://www.lg.com/de/monitore/monitor-bundles/,Germany,제품 카테고리 (PLP),75
https://www.lg.com/de/lifestyle-tvs/alle-lifestyle-tvs/,Germany,제품 카테고리 (PLP),79
https://www.lg.com/de/tvs-und-soundbars/uhd-tvs/?ec_ft_07520361=65_Zoll,Germany,제품 카테고리 (PLP),90
https://www.lg.com/de/tvs-und-soundbars/alle-tvs-und-soundbars/?ec_ft_07520361=70_-_75_Zoll,Germany,제품 카테고리 (PLP),75
https://www.lg.com/de/tvs-und-soundbars/smart-tvs/,Germany,제품 카테고리 (PLP),82
https://www.lg.com/de/tvs-und-soundbars/micro-rgb-evo/,Germany,제품 카테고리 (PLP),90
https://www.lg.com/de/bluetooth-kopfhoerer/2022/,Germany,제품 카테고리 (PLP),75
https://www.lg.com/de/tvs-und-soundbars/oled/?ec_ft_07520361=55_Zoll,Germany,제품 카테고리 (PLP),86
https://www.lg.com/de/promotions/cinebeam-q-projector/,Germany,제품 카테고리 (PLP),86
https://www.lg.com/de/lautsprecher/alle-lautsprecher/,Germany,제품 카테고리 (PLP),86
https://www.lg.com/de/tvs-und-soundbars/qned-evo/?ec_ft_07520361=65_Zoll,Germany,제품 카테고리 (PLP),79
https://www.lg.com/de/tvs-und-soundbars/smart-tvs/?ec_ft_07520361=77_-_85_Zoll,Germany,제품 카테고리 (PLP),82
https://www.lg.com/de/tvs-und-soundbars/webos-for-entertainment/,Germany,제품 카테고리 (PLP),69
https://www.lg.com/de/monitore/lifestyle-monitor-swing/,Germany,제품 카테고리 (PLP),79
https://www.lg.com/de/tvs-und-soundbars/qned/?ec_ft_07520361=86_-_98_Zoll,Germany,제품 카테고리 (PLP),86
https://www.lg.com/de/tvs-und-soundbars/oled/?ec_ft_07520361=77_-_85_Zoll,Germany,제품 카테고리 (PLP),86
https://www.lg.com/de/monitore/professionelle-monitore/,Germany,제품 카테고리 (PLP),79
https://www.lg.com/de/tvs-und-soundbars/alle-tvs-und-soundbars/?ec_ft_07520361=32_Zoll_und_kleiner,Germany,제품 카테고리 (PLP),75
https://www.lg.com/de/tvs-und-soundbars/qned/?ec_ft_07520361=50_Zoll,Germany,제품 카테고리 (PLP),86
https://www.lg.com/de/tvs-und-soundbars/qned-evo/,Germany,제품 카테고리 (PLP),79
https://www.lg.com/de/klimaanlagen/ac09bk/,Germany,제품 카테고리 (PLP),75
https://www.lg.com/de/tvs-und-soundbars/oled-evo/?ec_ft_07520361=86_-_98_Zoll,Germany,제품 카테고리 (PLP),86
https://www.lg.com/de/tvs-und-soundbars/signature-oled/,Germany,제품 카테고리 (PLP),79
https://www.lg.com/de/tvs-und-soundbars/plasma-tvs/,Germany,제품 카테고리 (PLP),75
https://www.lg.com/de/tvs-und-soundbars/qned/,Germany,제품 카테고리 (PLP),86
https://www.lg.com/de/lautsprecher/audio-zubehor/,Germany,제품 카테고리 (PLP),75
https://www.lg.com/de/tvs-und-soundbars/oled-evo/,Germany,제품 카테고리 (PLP),86
https://www.lg.com/de/tvs-und-soundbars/smart-tvs/?ec_ft_07520361=55_Zoll,Germany,제품 카테고리 (PLP),82
https://www.lg.com/de/lifestyle-tvs/,Germany,제품 카테고리 (PLP),75
https://www.lg.com/de/tvs-und-soundbars/smart-tvs/?ec_ft_07520361=42_-_48_Zoll,Germany,제품 카테고리 (PLP),82
https://www.lg.com/de/tvs-und-soundbars/qned/?ec_ft_07520361=55_Zoll,Germany,제품 카테고리 (PLP),86
https://www.lg.com/de/tvs-und-soundbars/qned/?ec_ft_07520361=100_Zoll_und_größer,Germany,제품 카테고리 (PLP),86
https://www.lg.com/de/klimaanlagen/ac12bk/,Germany,제품 카테고리 (PLP),75
https://www.lg.com/de/tvs-und-soundbars/true-wireless-tv/?ec_ft_07520361=77_-_85_Zoll,Germany,제품 카테고리 (PLP),79
https://www.lg.com/de/tvs-und-soundbars/nanocell/?ec_ft_07520361=70_-_75_Zoll,Germany,제품 카테고리 (PLP),86
https://www.lg.com/de/tvs-und-soundbars/miniled/?ec_ft_07520361=55_Zoll,Germany,제품 카테고리 (PLP),79
https://www.lg.com/de/tvs-und-soundbars/alle-tvs-und-soundbars/?ec_ft_07520361=50_Zoll,Germany,제품 카테고리 (PLP),75
https://www.lg.com/de/tvs-und-soundbars/alle-tvs-und-soundbars/?ec_ft_07520361=42_-_48_Zoll,Germany,제품 카테고리 (PLP),75
https://www.lg.com/de/tvs-und-soundbars/oled/?ec_ft_07520361=65_Zoll,Germany,제품 카테고리 (PLP),86
https://www.lg.com/de/tvs-und-soundbars/miniled/?ec_ft_07520361=70_-_75_Zoll,Germany,제품 카테고리 (PLP),79
https://www.lg.com/de/lautsprecher/,Germany,제품 카테고리 (PLP),75
https://www.lg.com/de/lautsprecher/xboom-go/,Germany,제품 카테고리 (PLP),79
https://www.lg.com/de/tvs-und-soundbars/qned/?ec_ft_07520361=65_Zoll,Germany,제품 카테고리 (PLP),86
https://www.lg.com/de/tvs-und-soundbars/miniled/,Germany,제품 카테고리 (PLP),79
https://www.lg.com/de/tvs-und-soundbars/qned-evo/?ec_ft_07520361=70_-_75_Zoll,Germany,제품 카테고리 (PLP),79
https://www.lg.com/de/klimaanlagen/ac18bk/,Germany,제품 카테고리 (PLP),75
https://www.lg.com/de/tvs-und-soundbars/uhd-tvs/?ec_ft_07520361=70_-_75_Zoll,Germany,제품 카테고리 (PLP),90
https://www.lg.com/de/tvs-und-soundbars/oled-innovation/,Germany,제품 카테고리 (PLP),76
https://www.lg.com/de/tvs-und-soundbars/miniled/?ec_ft_07520361=65_Zoll,Germany,제품 카테고리 (PLP),79
https://www.lg.com/de/tvs-und-soundbars/nanocell/?ec_ft_07520361=65_Zoll,Germany,제품 카테고리 (PLP),86
https://www.lg.com/de/monitore/alle-monitore/,Germany,제품 카테고리 (PLP),79
https://www.lg.com/de/monitore/ultragear-evo/,Germany,제품 카테고리 (PLP),90
https://www.lg.com/de/tvs-und-soundbars/lg-true-wireless/,Germany,제품 카테고리 (PLP),69
https://www.lg.com/de/tvs-und-soundbars/true-wireless-tv/?ec_ft_07520361=86_-_98_Zoll,Germany,제품 카테고리 (PLP),79
https://www.lg.com/de/tvs-und-soundbars/nanocell/?ec_ft_07520361=86_-_98_Zoll,Germany,제품 카테고리 (PLP),86
https://www.lg.com/de/tvs-und-soundbars/oled-evo/?ec_ft_07520361=65_Zoll,Germany,제품 카테고리 (PLP),86
https://www.lg.com/de/monitore/all-in-one/,Germany,제품 카테고리 (PLP),72
https://www.lg.com/de/tvs-und-soundbars/mini-rgb-evo/,Germany,제품 카테고리 (PLP),79
https://www.lg.com/de/lifestyle-tvs/objet-collection-pose/,Germany,제품 카테고리 (PLP),79
https://www.lg.com/de/lautsprecher/hi-fi-systeme/,Germany,제품 카테고리 (PLP),79
https://www.lg.com/de/tvs-und-soundbars/qned/?ec_ft_07520361=70_-_75_Zoll,Germany,제품 카테고리 (PLP),86
https://www.lg.com/de/monitore/fhd-qhd/,Germany,제품 카테고리 (PLP),79
https://www.lg.com/de/tvs-und-soundbars/qned-evo/?ec_ft_07520361=50_Zoll,Germany,제품 카테고리 (PLP),79
https://www.lg.com/de/tvs-und-soundbars/lg-oled-evo/,Germany,제품 카테고리 (PLP),79
https://www.lg.com/de/tvs-und-soundbars/oled/,Germany,제품 카테고리 (PLP),86
https://www.lg.com/de/newsroom/,Germany,Press & Media,71
https://www.lg.com/de/newsroom/20230403_Pressemitteilung_Red-Dot-Award/,Germany,Press & Media,75
https://www.lg.com/de/newsroom/20230403_Pressemitteilung_Red-Dot-Award_0331/,Germany,Press & Media,75
https://www.lg.com/de/newsroom/20230106_OLEDTV_Verkaufzahlen/,Germany,Press & Media,75
https://www.lg.com/de/newsroom/20230517_Pressemitteilung_-LG-2022-Soundbars_Software-Update/,Germany,Press & Media,79
https://www.lg.com/de/newsroom/-Affectionate-Intelligence---LG-pr-sentiert-die-Zukunft-KI-gest-tzter-Kundenerlebnisse-auf-der-CES-2025/,Germany,Press & Media,75
https://www.lg.com/de/newsroom/--LG-praesentiert-Micro-RGB-evo-TV-auf-der-LG-Convention-2026/,Germany,Press & Media,79
https://www.lg.com/de/newsroom/20230414_Pressemitteilung_LG_OLED-Art_MDW_DE/,Germany,Press & Media,75
https://www.lg.com/de/newsroom/20230414_Pressemitteilung_LG-TV-Cloud-gaming_DE/,Germany,Press & Media,75
https://www.lg.com/de/newsroom/20231229_Pressemitteilung_LG-HE_QNED-TVs-2024/,Germany,Press & Media,75
https://www.lg.com/de/newsroom/20231222_CES-2024_LG-mycup-Spu-lmaschine-1/,Germany,Press & Media,75
https://www.lg.com/de/newsroom/20230712_Pressemitteilung_LG-Channels_BINGE-Korea/,Germany,Press & Media,75
https://www.lg.com/de/newsroom/20230628_Pressemitteilung_LG-Smart-Cam/,Germany,Press & Media,75
https://www.lg.com/de/newsroom/2023121_Pressemitteilung_LG-HE_Neue-Apps/,Germany,Press & Media,75
https://www.lg.com/de/newsroom/20240124_PM-THERMA-V/,Germany,Press & Media,75
https://www.lg.com/de/newsroom/20231120_PM_Launch-LG-TONE-Free-T90S-1/,Germany,Press & Media,79
https://www.lg.com/de/newsroom/20230901_Pressemitteilung_LG-at-IFA-2023/,Germany,Press & Media,75
https://www.lg.com/de/newsroom/20231219_CES_LG-2024-Soundbar-lineup-2/,Germany,Press & Media,75
https://www.lg.com/de/newsroom/20230615_Pressemitteilung_LG_InfoComm2023/,Germany,Press & Media,75
https://www.lg.com/de/newsroom/20240701_LG_ID_Airserver_DE/,Germany,Press & Media,71
https://www.lg.com/de/newsroom/20240507_RTL-/,Germany,Press & Media,75
https://www.lg.com/de/newsroom/20240503_AppleMusic/,Germany,Press & Media,75
https://www.lg.com/de/newsroom/20240313_LG-Convention_HA_Waschen_V2_if-2-/,Germany,Press & Media,79
https://www.lg.com/de/newsroom/20240311_LG_ID_Pressemeldung/,Germany,Press & Media,79
https://www.lg.com/de/newsroom/20240131_LG_Press-Release_ECE/,Germany,Press & Media,75
https://www.lg.com/de/newsroom/20240320_LG_Pressemeldung_Weltglu-ckstag/,Germany,Press & Media,71
https://www.lg.com/de/newsroom/20240425_HE_LG-Channels-Erweiterung-Senderangebote/,Germany,Press & Media,75
https://www.lg.com/de/newsroom/20240814_LG-erweitert-Verf-gbarkeit-seines-FAST-Channels-LG-1/,Germany,Press & Media,71
https://www.lg.com/de/newsroom/20240726_MyView-Smart-Monitor-auf-den-Markt/,Germany,Press & Media,75
https://www.lg.com/de/newsroom/20240308_LG-Convention_HA_K-hlger-te_V3_if/,Germany,Press & Media,75
https://www.lg.com/de/newsroom/20240129_PM-HA_CES-2024_LG-Styler/,Germany,Press & Media,75
https://www.lg.com/de/newsroom/20240704_LG-Pressemeldung_Partnerschaft-Athom/,Germany,Press & Media,75
https://www.lg.com/de/newsroom/20240319_LG-Pressemitteilung_Servicerobotik/,Germany,Press & Media,75
https://www.lg.com/de/newsroom/20240424_LG-HA_Design-Milan-Week/,Germany,Press & Media,71
https://www.lg.com/de/newsroom/20240806_LG_Corporate_IFA_Invitation/,Germany,Press & Media,75
https://www.lg.com/de/newsroom/20240306_LG-Convention_HE_OLED-2024/,Germany,Press & Media,75
https://www.lg.com/de/newsroom/20240712_LG-PM_Ultragro-e-TVs-f-r-den-Sport-Sommer/,Germany,Press & Media,75
https://www.lg.com/de/newsroom/20240308_LG-Convention_HE_QNED-TVs/,Germany,Press & Media,75
https://www.lg.com/de/newsroom/20240701_LG-Pressemeldung_ECAHR/,Germany,Press & Media,75
https://www.lg.com/de/newsroom/230801_Press-Release_Global-IT-Challenge-1-pdf/,Germany,Press & Media,75
https://www.lg.com/de/newsroom/230712_PM_Zukunftsstrategie/,Germany,Press & Media,75
https://www.lg.com/de/newsroom/230622_PM_Signature-x-Schwanensee/,Germany,Press & Media,75
https://www.lg.com/de/newsroom/230731_Pressemitteilung_LG-Channels-Sports-Content/,Germany,Press & Media,71
https://www.lg.com/de/newsroom/230426_Pressemitteilung_LG_Amazon-Citadel/,Germany,Press & Media,75
https://www.lg.com/de/newsroom/230726_PM_Nachhaltigkeitsbericht/,Germany,Press & Media,75
https://www.lg.com/de/newsroom/230727_PM_Finanzergebnisse-Q2-2023/,Germany,Press & Media,75
https://www.lg.com/de/newsroom/2304_LG-AS_-Pressemitteilung_AHRI-Awards_Adaption/,Germany,Press & Media,79
https://www.lg.com/de/newsroom/230621_LG-ID_Casestudy_Audi-Charing-Hubs/,Germany,Press & Media,79
https://www.lg.com/de/newsroom/230508_Pressemitteilung_LG_Arrow_DACH/,Germany,Press & Media,71
https://www.lg.com/de/newsroom/230629_PM_VS-10th-anniversary/,Germany,Press & Media,75
https://www.lg.com/de/newsroom/230607_PM_RE100-Initiative/,Germany,Press & Media,75
https://www.lg.com/de/newsroom/230726_PM_LG-Signature-Sponsorship/,Germany,Press & Media,75
https://www.lg.com/de/newsroom/230510_LGE-MyCar-Alarm_DE/,Germany,Press & Media,71
https://www.lg.com/de/newsroom/20240819_LG-PM_Nachhaltigkeitsbericht_V2/,Germany,Press & Media,75
https://www.lg.com/de/newsroom/230418_Pressemitteilung_LG-Channels-in-Europa/,Germany,Press & Media,75
https://www.lg.com/de/newsroom/230510_LG-UltraGear-release_/,Germany,Press & Media,79
https://www.lg.com/de/newsroom/230428_PM_Finanzergebnisse-Q1-2023/,Germany,Press & Media,75
https://www.lg.com/de/newsroom/230607_PM_Global-Volunteer-Day/,Germany,Press & Media,75
https://www.lg.com/de/newsroom/230420_Pressemitteilung_LG-IT_Partnerprogramm/,Germany,Press & Media,75
https://www.lg.com/de/newsroom/230825_IFA-2023_StanbyME-Go/,Germany,Press & Media,75
https://www.lg.com/de/newsroom/230824_Pressemitteilung_LG-x-Amazon-Luna-1/,Germany,Press & Media,75
https://www.lg.com/de/newsroom/230828_IFA-2023_Net-Zero-House_Energy-Package/,Germany,Press & Media,75
https://www.lg.com/de/newsroom/230815_PM_ThinQ-Up-2-0--IFA-2023-/,Germany,Press & Media,75
https://www.lg.com/de/newsroom/230824_Life-s-Good-Campaign/,Germany,Press & Media,71
https://www.lg.com/de/newsroom/230825_IFA-2023_Built-in-package/,Germany,Press & Media,75
https://www.lg.com/de/newsroom/230815_PM_Universal-Up-Kit--IFA-2023-/,Germany,Press & Media,79
https://www.lg.com/de/newsroom/230816_IFA2023_LG-Smart-Cottage/,Germany,Press & Media,79
https://www.lg.com/de/newsroom/230810_Pressemitteilung_InD_LG-MAGNIT-All-in-One/,Germany,Press & Media,79
https://www.lg.com/de/newsroom/230802_LG_HE_Launch-OLED-M/,Germany,Press & Media,75
https://www.lg.com/de/newsroom/230830_PM-ThinQ-Smart-Home-Plattform/,Germany,Press & Media,75
https://www.lg.com/de/newsroom/230926_PM_6G-Leadership/,Germany,Press & Media,75
https://www.lg.com/de/newsroom/230832_IFA-2023_Home-Appliances-pra-sentiert-neue-Lo-sungen-fu-r-Energieeffizienz/,Germany,Press & Media,75
https://www.lg.com/de/newsroom/230828_PM_IDEA-Award/,Germany,Press & Media,75
https://www.lg.com/de/newsroom/231120_PM_CES-2024-Awards/,Germany,Press & Media,75
https://www.lg.com/de/newsroom/230908_LG_LoL_UltraGear_27GR95QL/,Germany,Press & Media,75
https://www.lg.com/de/newsroom/231115_LG_AS_Wa-rmepumpen_LG-gru-ndet-Forschungslabor-in-Alaska_PM/,Germany,Press & Media,71
https://www.lg.com/de/newsroom/231017_LG_PM_InstaView_Werbespot/,Germany,Press & Media,75
https://www.lg.com/de/newsroom/230906_LG_ID_PM-Zukunft-Nahverkehr/,Germany,Press & Media,71
https://www.lg.com/de/newsroom/230919_PM_LG-Channels-3-0/,Germany,Press & Media,71
https://www.lg.com/de/newsroom/231004_LG-x-Eintracht-Frankfurt/,Germany,Press & Media,75
https://www.lg.com/de/newsroom/230919_LG_Press-Release_Burn-In-1/,Germany,Press & Media,71
https://www.lg.com/de/newsroom/230920_PM_LG-visionwebOS-summit/,Germany,Press & Media,79
https://www.lg.com/de/newsroom/230912_PM_LG-Smart-TV-Apple-TV-Promotion/,Germany,Press & Media,79
https://www.lg.com/de/newsroom/230927_PM_Life-s-Good-Markenfilm/,Germany,Press & Media,79
https://www.lg.com/de/newsroom/231019_PM_Bloomberg_Interview-Vehicle-Solutions/,Germany,Press & Media,75
https://www.lg.com/de/newsroom/231016_LG_ID_BEST_Pressestatement/,Germany,Press & Media,75
https://www.lg.com/de/newsroom/231027_Q3-Finanzzahlen/,Germany,Press & Media,75
https://www.lg.com/de/newsroom/230901_Pressemitteilung_LG-Tech-Briefing/,Germany,Press & Media,75
https://www.lg.com/de/newsroom/231101_Automotive-Content-Plattform/,Germany,Press & Media,75
https://www.lg.com/de/newsroom/240108_PM-CES-2024_OLED-T/,Germany,Press & Media,75
https://www.lg.com/de/newsroom/240108_PM-CES-2024_Pressekonferenz-Reinvent-your-Future/,Germany,Press & Media,79
https://www.lg.com/de/newsroom/240102_PM_CES-2024_LG-Labs/,Germany,Press & Media,75
https://www.lg.com/de/newsroom/240108_PM_Unicon/,Germany,Press & Media,71
https://www.lg.com/de/newsroom/231214_PM_Life-s-Good-Kampagne_Influencerkoops/,Germany,Press & Media,75
https://www.lg.com/de/newsroom/240104_PM-CES-2024_webOS-upgrade/,Germany,Press & Media,75
https://www.lg.com/de/newsroom/240104_Pressemitteilung_Ku-hl-Gefrierkombination-GBB92MBB3P/,Germany,Press & Media,71
https://www.lg.com/de/newsroom/231128_PM_Corporate_Invitation-CES-2024/,Germany,Press & Media,75
https://www.lg.com/de/newsroom/240103_PM-CES-2024_OLED-Line-up/,Germany,Press & Media,75
https://www.lg.com/de/newsroom/231127_PM_LG_Corporate_Organisatorische-Umstrukturierung/,Germany,Press & Media,75
https://www.lg.com/de/newsroom/231212_PM_Corporate_DJSI/,Germany,Press & Media,75
https://www.lg.com/de/support/produkt-hilfe/fehlerbehebung/help-library/cs-CT52000817-20155311503511/,Germany,Support - Troubleshoot,75
https://www.lg.com/de/support/produkt-hilfe/fehlerbehebung/help-library/cs-CT52000817-20155316493952/,Germany,Support - Troubleshoot,75
https://www.lg.com/de/support/produkt-hilfe/fehlerbehebung/help-library/cs-CT52000814-20150174547472/,Germany,Support - Troubleshoot,75
https://www.lg.com/de/support/produkt-hilfe/fehlerbehebung/help-library/cs-CT52000817-20155115715323/,Germany,Support - Troubleshoot,75
https://www.lg.com/de/support/produkt-hilfe/fehlerbehebung/help-library/cs-CT52000815-20155272221509,Germany,Support - Troubleshoot,75
https://www.lg.com/de/support/produkt-hilfe/fehlerbehebung/help-library/cs-CT52000817-20155021550233/,Germany,Support - Troubleshoot,75
https://www.lg.com/de/support/produkt-hilfe/fehlerbehebung/help-library/cs-CT52000815-20150147515764/,Germany,Support - Troubleshoot,75
https://www.lg.com/de/support/produkt-hilfe/fehlerbehebung/help-library/cs-CT52000815-20155255785293/,Germany,Support - Troubleshoot,75
https://www.lg.com/de/support/produkt-hilfe/fehlerbehebung/help-library/cs-CT52000819-20155140646426/,Germany,Support - Troubleshoot,75
https://www.lg.com/de/support/produkt-hilfe/fehlerbehebung/help-library/cs-CT52000817-20155311401179/,Germany,Support - Troubleshoot,75
https://www.lg.com/de/support/produkt-hilfe/fehlerbehebung/help-library/cs-CT52000815-20150201189039/,Germany,Support - Troubleshoot,75
https://www.lg.com/de/support/produkt-hilfe/fehlerbehebung/help-library/cs-CT52000814-20150157400878/,Germany,Support - Troubleshoot,75
https://www.lg.com/de/support/produkt-hilfe/fehlerbehebung/help-library/cs-CT52000817-20155181424434/,Germany,Support - Troubleshoot,75
https://www.lg.com/de/support/produkt-hilfe/fehlerbehebung/help-library/cs-CT52000815-20155297567656/,Germany,Support - Troubleshoot,75
https://www.lg.com/de/support/produkt-hilfe/fehlerbehebung/help-library/cs-CT52000815-20150105147433/,Germany,Support - Troubleshoot,75
https://www.lg.com/de/support/produkt-hilfe/fehlerbehebung/help-library/cs-CT52000815-20154978945901,Germany,Support - Troubleshoot,75
https://www.lg.com/de/support/produkt-hilfe/fehlerbehebung/help-library/cs-CT52000815-20155299038489/,Germany,Support - Troubleshoot,75
https://www.lg.com/de/support/produkt-hilfe/fehlerbehebung/help-library/cs-CT52000815-20155092733360/,Germany,Support - Troubleshoot,75
https://www.lg.com/de/support/produkt-hilfe/fehlerbehebung/help-library/cs-CT52000816-20155198565199/,Germany,Support - Troubleshoot,75
https://www.lg.com/de/support/produkt-hilfe/fehlerbehebung/help-library/cs-CT52000815-20153409126567,Germany,Support - Troubleshoot,75
https://www.lg.com/de/support/produkt-hilfe/fehlerbehebung/help-library/cs-CT52000814-20151261850160/,Germany,Support - Troubleshoot,75
https://www.lg.com/de/support/produkt-hilfe/fehlerbehebung/help-library/cs-CT52000816-20155183802650/,Germany,Support - Troubleshoot,75
https://www.lg.com/de/support/produkt-hilfe/fehlerbehebung/help-library/cs-CT52000815-20155102927381/,Germany,Support - Troubleshoot,75
https://www.lg.com/de/support/produkt-hilfe/fehlerbehebung/help-library/cs-CT00001737-20155199000059,Germany,Support - Troubleshoot,75
https://www.lg.com/de/support/produkt-hilfe/fehlerbehebung/help-library/cs-CT52000816-20155135968516/,Germany,Support - Troubleshoot,75
https://www.lg.com/de/support/produkt-hilfe/fehlerbehebung/help-library/cs-CT52000815-20155102791515,Germany,Support - Troubleshoot,75
https://www.lg.com/de/support/produkt-hilfe/fehlerbehebung/help-library/cs-CT52000815-20150137222427/,Germany,Support - Troubleshoot,75
https://www.lg.com/de/support/produkt-hilfe/fehlerbehebung/help-library/cs-CT52000815-20155101720734,Germany,Support - Troubleshoot,75
https://www.lg.com/de/support/produkt-hilfe/fehlerbehebung/help-library/cs-CT52000816-20155366418381,Germany,Support - Troubleshoot,75
https://www.lg.com/de/support/produkt-hilfe/fehlerbehebung/help-library/cs-CT52000815-20155263922148/,Germany,Support - Troubleshoot,75
https://www.lg.com/de/support/produkt-hilfe/fehlerbehebung/help-library/cs-CT52000814-20155381402636,Germany,Support - Troubleshoot,75
https://www.lg.com/de/support/produkt-hilfe/fehlerbehebung/help-library/cs-CT52000815-20155004250964/,Germany,Support - Troubleshoot,75
https://www.lg.com/de/support/produkt-hilfe/fehlerbehebung/help-library/cs-CT52000817-20155311242601/,Germany,Support - Troubleshoot,75
https://www.lg.com/de/support/produkt-hilfe/fehlerbehebung/help-library/cs-CT52000815-20155101720693,Germany,Support - Troubleshoot,75
https://www.lg.com/de/support/produkt-hilfe/fehlerbehebung/help-library/cs-CT52000814-20153065522023/,Germany,Support - Troubleshoot,75
https://www.lg.com/de/support/produkt-hilfe/fehlerbehebung/help-library/cs-CT52000815-20155102922548,Germany,Support - Troubleshoot,75
https://www.lg.com/de/support/produkt-hilfe/fehlerbehebung/help-library/cs-CT52000815-20154971230563/,Germany,Support - Troubleshoot,75
https://www.lg.com/de/support/produkt-hilfe/fehlerbehebung/help-library/cs-CT52000814-20154860393137/,Germany,Support - Troubleshoot,75
https://www.lg.com/de/support/produkt-hilfe/fehlerbehebung/help-library/cs-CT52000819-20155219496900/,Germany,Support - Troubleshoot,75
https://www.lg.com/de/support/produkt-hilfe/fehlerbehebung/help-library/cs-CT52000819-20155063961514/,Germany,Support - Troubleshoot,75
https://www.lg.com/de/support/produkt-hilfe/fehlerbehebung/help-library/cs-CT52000815-20155370303935/,Germany,Support - Troubleshoot,75
https://www.lg.com/de/support/produkt-hilfe/fehlerbehebung/help-library/cs-CT52000816-20155134071880/,Germany,Support - Troubleshoot,75
https://www.lg.com/de/support/produkt-hilfe/fehlerbehebung/help-library/cs-CT52000817-20155311294483/,Germany,Support - Troubleshoot,75
https://www.lg.com/de/support/produkt-hilfe/fehlerbehebung/help-library/cs-CT52000814-20150102847886/,Germany,Support - Troubleshoot,75
https://www.lg.com/de/support/produkt-hilfe/fehlerbehebung/help-library/cs-CT52000814-20155029348632,Germany,Support - Troubleshoot,75
https://www.lg.com/de/support/produkt-hilfe/fehlerbehebung/help-library/cs-CT52000815-20155255022260/,Germany,Support - Troubleshoot,75
https://www.lg.com/de/support/produkt-hilfe/fehlerbehebung/help-library/cs-CT52000817-20155268089057/,Germany,Support - Troubleshoot,75
https://www.lg.com/de/support/produkt-hilfe/fehlerbehebung/help-library/cs-CT52000814-20153065519131/,Germany,Support - Troubleshoot,75
https://www.lg.com/de/support/produkt-hilfe/fehlerbehebung/help-library/cs-CT52000816-20155130675501/,Germany,Support - Troubleshoot,75
https://www.lg.com/de/support/produkt-hilfe/fehlerbehebung/help-library/cs-CT52000814-20151261857597/,Germany,Support - Troubleshoot,75
https://www.lg.com/de/support/produkt-hilfe/fehlerbehebung/help-library/cs-CT52000815-20155295249270/,Germany,Support - Troubleshoot,75
https://www.lg.com/de/support/produkt-hilfe/fehlerbehebung/help-library/cs-CT52000815-20155102811681,Germany,Support - Troubleshoot,75
https://www.lg.com/de/support/produkt-hilfe/fehlerbehebung/help-library/cs-CT52000815-20155101725574/,Germany,Support - Troubleshoot,75
https://www.lg.com/de/support/produkt-hilfe/fehlerbehebung/help-library/cs-CT52000814-20153065510430/,Germany,Support - Troubleshoot,75
https://www.lg.com/de/support/produkt-hilfe/fehlerbehebung/help-library/cs-CT52000817-20155115806363/,Germany,Support - Troubleshoot,75
https://www.lg.com/de/support/produkt-hilfe/fehlerbehebung/help-library/cs-CT52000816-20155131946711/,Germany,Support - Troubleshoot,75
https://www.lg.com/de/support/produkt-hilfe/fehlerbehebung/help-library/cs-CT52000816-20155297251403/,Germany,Support - Troubleshoot,75
https://www.lg.com/de/support/produkt-hilfe/fehlerbehebung/help-library/cs-CT52000815-20155102979485,Germany,Support - Troubleshoot,75
https://www.lg.com/de/support/produkt-hilfe/fehlerbehebung/help-library/cs-CT52000815-20155065329163/,Germany,Support - Troubleshoot,75
https://www.lg.com/de/support/produkt-hilfe/fehlerbehebung/help-library/cs-CT52000816-20155134074488/,Germany,Support - Troubleshoot,75
https://www.lg.com/de/support/produkt-hilfe/fehlerbehebung/help-library/cs-CT52000815-20155102772942,Germany,Support - Troubleshoot,75
https://www.lg.com/de/support/produkt-hilfe/fehlerbehebung/help-library/cs-CT52000815-20155118240216,Germany,Support - Troubleshoot,75
https://www.lg.com/de/support/produkt-hilfe/fehlerbehebung/help-library/cs-CT52000817-20155311456065/,Germany,Support - Troubleshoot,75
https://www.lg.com/de/support/produkt-hilfe/fehlerbehebung/help-library/cs-CT52000815-1430816359587/,Germany,Support - Troubleshoot,75
https://www.lg.com/de/support/produkt-hilfe/fehlerbehebung/help-library/cs-CT52000814-20155412213745,Germany,Support - Troubleshoot,75
https://www.lg.com/de/support/produkt-hilfe/fehlerbehebung/help-library/cs-CT52000816-20155017812104/,Germany,Support - Troubleshoot,75
https://www.lg.com/de/support/produkt-hilfe/fehlerbehebung/help-library/cs-CT52000815-20150147513738/,Germany,Support - Troubleshoot,75
https://www.lg.com/de/support/produkt-hilfe/fehlerbehebung/help-library/cs-CT52000815-20150147510935/,Germany,Support - Troubleshoot,75
https://www.lg.com/de/support/produkt-hilfe/fehlerbehebung/help-library/cs-CT52000814-20153065524975/,Germany,Support - Troubleshoot,75
https://www.lg.com/de/support/produkt-hilfe/fehlerbehebung/help-library/cs-CT52000815-20150147510683/,Germany,Support - Troubleshoot,75
https://www.lg.com/de/support/produkt-hilfe/fehlerbehebung/help-library/cs-CT52000814-20153065516735/,Germany,Support - Troubleshoot,75
https://www.lg.com/de/support/produkt-hilfe/fehlerbehebung/help-library/cs-CT52000817-20155269110591/,Germany,Support - Troubleshoot,75
https://www.lg.com/de/support/produkt-hilfe/fehlerbehebung/help-library/cs-CT52000815-20155352256399/,Germany,Support - Troubleshoot,75
https://www.lg.com/de/support/produkt-hilfe/fehlerbehebung/help-library/cs-CT52000815-20155301955750/,Germany,Support - Troubleshoot,75
https://www.lg.com/de/support/produkt-hilfe/fehlerbehebung/help-library/cs-CT52000815-20155064031975/,Germany,Support - Troubleshoot,75
https://www.lg.com/de/support/produkt-hilfe/fehlerbehebung/help-library/cs-CT00001737-20155115898980,Germany,Support - Troubleshoot,75
https://www.lg.com/de/support/produkt-hilfe/fehlerbehebung/help-library/cs-CT52000817-20155412186301/,Germany,Support - Troubleshoot,75
https://www.lg.com/de/support/produkt-hilfe/fehlerbehebung/help-library/cs-CT52000814-20150157400242/,Germany,Support - Troubleshoot,75
https://www.lg.com/de/support/produkt-hilfe/fehlerbehebung/help-library/cs-CT52000816-20155131935380/,Germany,Support - Troubleshoot,75
https://www.lg.com/de/support/produkt-hilfe/fehlerbehebung/help-library/cs-CT52000816-20155130414521/,Germany,Support - Troubleshoot,75
https://www.lg.com/de/support/produkt-hilfe/fehlerbehebung/help-library/cs-CT52000816-20155198996316/,Germany,Support - Troubleshoot,75
https://www.lg.com/de/support/produkt-hilfe/fehlerbehebung/help-library/cs-CT52000815-20155209278182/,Germany,Support - Troubleshoot,75
https://www.lg.com/de/support/produkt-hilfe/fehlerbehebung/help-library/cs-CT52000814-20152428444741/,Germany,Support - Troubleshoot,75
https://www.lg.com/de/support/produkt-hilfe/fehlerbehebung/help-library/cs-CT52000815-20155128321001/,Germany,Support - Troubleshoot,75
https://www.lg.com/de/support/produkt-hilfe/fehlerbehebung/help-library/cs-CT52000815-20155101718707/,Germany,Support - Troubleshoot,75
https://www.lg.com/de/support/produkt-hilfe/fehlerbehebung/help-library/cs-CT52000815-20155263940448/,Germany,Support - Troubleshoot,75
https://www.lg.com/de/support/produkt-hilfe/fehlerbehebung/help-library/cs-CT52000815-20155103091985,Germany,Support - Troubleshoot,75
https://www.lg.com/de/support/produkt-hilfe/fehlerbehebung/help-library/cs-CT52000814-20153065521063/,Germany,Support - Troubleshoot,75
https://www.lg.com/de/support/produkt-hilfe/fehlerbehebung/help-library/cs-CT52000814-20155311277675,Germany,Support - Troubleshoot,75
https://www.lg.com/de/support/produkt-hilfe/fehlerbehebung/help-library/cs-CT52000817-20155268403673/,Germany,Support - Troubleshoot,75
https://www.lg.com/de/support/produkt-hilfe/fehlerbehebung/help-library/cs-CT52000815-20155102948603/,Germany,Support - Troubleshoot,75
https://www.lg.com/de/support/produkt-hilfe/fehlerbehebung/help-library/cs-CT52000814-20152536921606/,Germany,Support - Troubleshoot,75
https://www.lg.com/de/support/produkt-hilfe/fehlerbehebung/help-library/cs-CT52000815-20155048202463,Germany,Support - Troubleshoot,75
https://www.lg.com/de/support/produkt-hilfe/fehlerbehebung/help-library/cs-CT52000816-20155274466419/,Germany,Support - Troubleshoot,75
https://www.lg.com/de/support/produkt-hilfe/fehlerbehebung/help-library/cs-CT52000815-20155251416082/,Germany,Support - Troubleshoot,75
https://www.lg.com/de/support/produkt-hilfe/fehlerbehebung/help-library/cs-CT52000814-20155140878553,Germany,Support - Troubleshoot,75
https://www.lg.com/de/support/produkt-hilfe/fehlerbehebung/help-library/cs-CT52000815-20155102764864/,Germany,Support - Troubleshoot,75
https://www.lg.com/de/support/produkt-hilfe/fehlerbehebung/help-library/cs-CT52000814-20155265983057,Germany,Support - Troubleshoot,75
https://www.lg.com/de/support/produkt-hilfe/fehlerbehebung/help-library/cs-CT52000815-20155101655424/,Germany,Support - Troubleshoot,75
https://www.lg.com/de/support/produkt-hilfe/fehlerbehebung/help-library/cs-CT52000814-20152428450349/,Germany,Support - Troubleshoot,75
https://www.lg.com/es/servicios-tv-lifestyle-audio-video/servicioibs/,Spain,제품 상세 (PDP),81
https://www.lg.com/es/servicios-tv-lifestyle-audio-video/fess-aeu/,Spain,제품 상세 (PDP),77
https://www.lg.com/es/servicios-tv-lifestyle-audio-video/servicio-inst-pared-ss/,Spain,제품 상세 (PDP),81
https://www.lg.com/es/servicios-tv-lifestyle-audio-video/servicioitvp4855/,Spain,제품 상세 (PDP),77
https://www.lg.com/es/servicios-tv-lifestyle-audio-video/servicioitvp4855bs/,Spain,제품 상세 (PDP),84
https://www.lg.com/es/servicios-tv-lifestyle-audio-video/servicioitvp55/,Spain,제품 상세 (PDP),77
https://www.lg.com/es/servicios-tv-lifestyle-audio-video/servicioitvp55bs/,Spain,제품 상세 (PDP),81
https://www.lg.com/es/servicios-tv-lifestyle-audio-video/servicioitvp48/,Spain,제품 상세 (PDP),81
https://www.lg.com/es/monitoreo/uhd-4k-5k/27us500-w/,Spain,제품 상세 (PDP),81
https://www.lg.com/es/frigorificos/accesorios-frigorificos/ajp74894504/,Spain,제품 상세 (PDP),81
https://www.lg.com/es/frigorificos/accesorios-frigorificos/man61848506/,Spain,제품 상세 (PDP),81
https://www.lg.com/es/frigorificos/accesorios-frigorificos/ajp30627502/,Spain,제품 상세 (PDP),81
https://www.lg.com/es/frigorificos/accesorios-frigorificos/ajp72975208/,Spain,제품 상세 (PDP),81
https://www.lg.com/es/frigorificos/accesorios-frigorificos/ajp30627503/,Spain,제품 상세 (PDP),81
https://www.lg.com/es/frigorificos/accesorios-frigorificos/aht74413805/,Spain,제품 상세 (PDP),81
https://www.lg.com/es/frigorificos/accesorios-frigorificos/ajp74894405/,Spain,제품 상세 (PDP),81
https://www.lg.com/es/frigorificos/accesorios-frigorificos/ajp74894404/,Spain,제품 상세 (PDP),81
https://www.lg.com/es/frigorificos/accesorios-frigorificos/man64368301acc/,Spain,제품 상세 (PDP),81
https://www.lg.com/es/frigorificos/agf80300704acc/,Spain,제품 상세 (PDP),84
https://www.lg.com/es/frigorificos/accesorios-frigorificos/man64368305/,Spain,제품 상세 (PDP),81
https://www.lg.com/es/frigorificos/accesorios-frigorificos/man62329501/,Spain,제품 상세 (PDP),81
https://www.lg.com/es/lavadoras-y-secadoras/accesorios-lavadoras-y-secadoras/af-b600n/,Spain,제품 상세 (PDP),81
https://www.lg.com/es/lavadoras-y-secadoras/accesorios-lavadoras-y-secadoras/4620er4002a/,Spain,제품 상세 (PDP),84
https://www.lg.com/es/lavadoras-y-secadoras/accesorios-lavadoras-y-secadoras/5001el2001hacc/,Spain,제품 상세 (PDP),81
https://www.lg.com/es/lavadoras-y-secadoras/accesorios-lavadoras-y-secadoras/4620er4002b/,Spain,제품 상세 (PDP),84
https://www.lg.com/es/lavadoras-y-secadoras/lava-secadoras/f4dr6011agw/,Spain,제품 상세 (PDP),88
https://www.lg.com/es/lavadoras-y-secadoras/lava-secadoras/f4dr6010a1w/,Spain,제품 상세 (PDP),88
https://www.lg.com/es/lavadoras-y-secadoras/lava-secadoras/f4dr6009agm/,Spain,제품 상세 (PDP),88
https://www.lg.com/es/lavadoras-y-secadoras/lava-secadoras/f4dr6010agm/,Spain,제품 상세 (PDP),88
https://www.lg.com/es/lavadoras-y-secadoras/lava-secadoras/f4dr5509a1w/,Spain,제품 상세 (PDP),88
https://www.lg.com/es/lavadoras-y-secadoras/lava-secadoras/f4dr6010a0w/,Spain,제품 상세 (PDP),88
https://www.lg.com/es/lavadoras-y-secadoras/lava-secadoras/lswd100e/,Spain,제품 상세 (PDP),81
https://www.lg.com/es/lavadoras-y-secadoras/lava-secadoras/w2x5095tlb/,Spain,제품 상세 (PDP),84
https://www.lg.com/es/lavadoras-y-secadoras/lava-secadoras/f4dr7009ags/,Spain,제품 상세 (PDP),88
https://www.lg.com/es/lavavajillas/accesorios-lavavajillas/ahb72909101/,Spain,제품 상세 (PDP),81
https://www.lg.com/es/lavavajillas/accesorios-lavavajillas/ahb72909105/,Spain,제품 상세 (PDP),81
https://www.lg.com/es/lavavajillas/accesorios-lavavajillas/ahb73129905/,Spain,제품 상세 (PDP),81
https://www.lg.com/es/lavavajillas/accesorios-lavavajillas/agm30091511/,Spain,제품 상세 (PDP),84
https://www.lg.com/es/lavadoras-y-secadoras/lava-secadoras/w4x7016tbb/,Spain,제품 상세 (PDP),84
https://www.lg.com/es/lavadoras-y-secadoras/lava-secadoras/whx9016tlc/,Spain,제품 상세 (PDP),88
https://www.lg.com/es/lavavajillas/db375txs/,Spain,제품 상세 (PDP),84
https://www.lg.com/es/lavavajillas/db273tx/,Spain,제품 상세 (PDP),84
https://www.lg.com/es/lavavajillas/db242tx/,Spain,제품 상세 (PDP),84
https://www.lg.com/es/lavavajillas/df030fl/,Spain,제품 상세 (PDP),81
https://www.lg.com/es/lavavajillas/df030fw/,Spain,제품 상세 (PDP),81
https://www.lg.com/es/lavavajillas/df142fv/,Spain,제품 상세 (PDP),84
https://www.lg.com/es/lavavajillas/db597txs/,Spain,제품 상세 (PDP),84
https://www.lg.com/es/lavavajillas/df142fw/,Spain,제품 상세 (PDP),84
https://www.lg.com/es/aerotermia-therma-v/aerotermos/wh10esf0/,Spain,제품 상세 (PDP),81
https://www.lg.com/es/aerotermia-therma-v/aerotermos/wh20esf0-ca/,Spain,제품 상세 (PDP),81
https://www.lg.com/es/aerotermia-therma-v/aerotermos/wh15esf0/,Spain,제품 상세 (PDP),81
https://www.lg.com/es/aerotermia-therma-v/aerotermos/wh20s/,Spain,제품 상세 (PDP),87
https://www.lg.com/es/aerotermia/hn0916t/,Spain,제품 상세 (PDP),81
https://www.lg.com/es/aerotermia-therma-v/aerotermos/wh27s/,Spain,제품 상세 (PDP),87
https://www.lg.com/es/aire-acondicionado-domestico/multi-split-/2x1net912-set/,Spain,제품 상세 (PDP),88
https://www.lg.com/es/aire-acondicionado-domestico/mu3r21-u22/,Spain,제품 상세 (PDP),77
https://www.lg.com/es/aire-acondicionado-domestico/mu3r21-u23/,Spain,제품 상세 (PDP),77
https://www.lg.com/es/aire-acondicionado-domestico/mu2r15-u12/,Spain,제품 상세 (PDP),77
https://www.lg.com/es/aspiradoras/accesorios-aspiradoras/ABC73509901/,Spain,제품 상세 (PDP),81
https://www.lg.com/es/aspiradoras/accesorios-aspiradoras/aan75812805acc/,Spain,제품 상세 (PDP),81
https://www.lg.com/es/aspiradoras/accesorios-aspiradoras/agb74392433acc/,Spain,제품 상세 (PDP),81
https://www.lg.com/es/aspiradoras/accesorios-aspiradoras/adv74225701/,Spain,제품 상세 (PDP),81
https://www.lg.com/es/aspiradoras/accesorios-aspiradoras/abc73509905/,Spain,제품 상세 (PDP),81
https://www.lg.com/es/aspiradoras/a9t-prime1c/,Spain,제품 상세 (PDP),81
https://www.lg.com/es/aspiradoras/a9c-slim1c/,Spain,제품 상세 (PDP),81
https://www.lg.com/es/aspiradoras/A9K-LITE1C-BCBQEUR/,Spain,제품 상세 (PDP),81
https://www.lg.com/es/aspiradoras/accesorios-aspiradoras/adq75393701acc/,Spain,제품 상세 (PDP),81
https://www.lg.com/es/aspiradoras/accesorios-aspiradoras/adq74773921acc/,Spain,제품 상세 (PDP),81
https://www.lg.com/es/aspiradoras/accesorios-aspiradoras/agb74172402acc/,Spain,제품 상세 (PDP),81
https://www.lg.com/es/aspiradoras/accesorios-aspiradoras/agb74172410/,Spain,제품 상세 (PDP),81
https://www.lg.com/es/aspiradoras/accesorios-aspiradoras/abc73130003/,Spain,제품 상세 (PDP),81
https://www.lg.com/es/aspiradoras/aspiradoras-kompressor/vk8506nhac/,Spain,제품 상세 (PDP),84
https://www.lg.com/es/aspiradoras/aspiradoras-kompressor/vk8506nhag/,Spain,제품 상세 (PDP),84
https://www.lg.com/es/aspiradoras/accesorios-aspiradoras/agg75823406/,Spain,제품 상세 (PDP),81
https://www.lg.com/es/aspiradoras/aspiradoras-kompressor/vc5506nhtcr/,Spain,제품 상세 (PDP),81
https://www.lg.com/es/aspiradoras/aspiradoras-kompressor/vc5506nhtb/,Spain,제품 상세 (PDP),81
https://www.lg.com/es/aspiradoras/aspiradoras-kompressor/eay64470404acc/,Spain,제품 상세 (PDP),77
https://www.lg.com/es/accesorios-para-portatiles/eay62768625acc/,Spain,제품 상세 (PDP),81
https://www.lg.com/es/aspiradoras/accesorios-aspiradoras/bolsa-almacenamiento-de-polvo-ajl75313910/,Spain,제품 상세 (PDP),81
https://www.lg.com/es/aspiradoras/accesorios-aspiradoras/eac63382208acc/,Spain,제품 상세 (PDP),84
https://www.lg.com/es/accesorios/aire-acondicionado/mandos-a-distancia/akb74375404/,Spain,제품 상세 (PDP),81
https://www.lg.com/es/lavadoras-y-secadoras/lava-secadoras/whx9516tbc/,Spain,제품 상세 (PDP),84
https://www.lg.com/es/barras-de-sonido/S60T_AEUSLLK/,Spain,제품 상세 (PDP),84
https://www.lg.com/es/electrodomesticos-integrables/campanas-de-cocina/hcez2426s/,Spain,제품 상세 (PDP),87
https://www.lg.com/es/sound-suite/todos-los-sound-suite/h7/,Spain,제품 상세 (PDP),78
https://www.lg.com/es/servicios-electrodomesticos/servicio-inst-csp-sxseu/,Spain,제품 상세 (PDP),81
https://www.lg.com/es/outlet/outlet-audio/bounce-outlet/,Spain,제품 상세 (PDP),81
https://www.lg.com/es/electrodomesticos-integrables/campanas-de-cocina/hcez2428b/,Spain,제품 상세 (PDP),87
https://www.lg.com/es/lavadoras-y-secadoras/lavadoras/F4WR6010AGW-ABWQWES/,Spain,제품 상세 (PDP),84
https://www.lg.com/es/microondas-lg-smart-inverter/mg7z2593b/,Spain,제품 상세 (PDP),84
https://www.lg.com/es/accesorios/aspiradoras/accesorios/agm30061001/,Spain,제품 상세 (PDP),84
https://www.lg.com/es/accesorios-para-portatiles/gram-plus-view/16mr70/,Spain,제품 상세 (PDP),81
https://www.lg.com/es/servicios-electrodomesticos/servicio-inst-sxseu/,Spain,제품 상세 (PDP),81
https://www.lg.com/es/sound-suite/todos-los-sound-suite/h7m5/,Spain,제품 상세 (PDP),81
https://www.lg.com/es/servicios-climatizacion/servicioiac1824_otherseeesesc/,Spain,제품 상세 (PDP),81
https://www.lg.com/es/electrodomesticos-integrables/campanas-de-cocina/hcez3626s/,Spain,제품 상세 (PDP),87
https://www.lg.com/es/microondas-lg-smart-inverter/mg7z2593d/,Spain,제품 상세 (PDP),84
https://www.lg.com/es/servicios-climatizacion/servicioiac2x1_otherseeesesc/,Spain,제품 상세 (PDP),81
https://www.lg.com/es/servicios-electrodomesticos/servicio-inst-torre-bdj/,Spain,제품 상세 (PDP),81
https://www.lg.com/es/lavadoras-y-secadoras/lavadoras/F4WR6011A0W-ABWQWES/,Spain,제품 상세 (PDP),84
https://www.lg.com/es/outlet/outlet-audio/grab-outlet/,Spain,제품 상세 (PDP),81
https://www.lg.com/es/sound-suite/todos-los-sound-suite/h7m7/,Spain,제품 상세 (PDP),81
https://www.lg.com/es/tv-y-barras-de-sonido/tv-buying-guide/tv-technology/what-is-4k-tv/,Spain,구매 가이드,82
https://www.lg.com/es/tv-y-barras-de-sonido/tv-buying-guide/tv-size/,Spain,구매 가이드,79
https://www.lg.com/es/tv-y-barras-de-sonido/tv-buying-guide/,Spain,구매 가이드,81
https://www.lg.com/es/microsite-article/ms/it/monitor/ultragear-buying-guide/,Spain,구매 가이드,75
https://www.lg.com/es/tv-y-barras-de-sonido/tv-buying-guide/tv-technology/oled-vs-qned/,Spain,구매 가이드,82
https://www.lg.com/es/buying-guides/refrigerator-spec-library/,Spain,구매 가이드,83
https://www.lg.com/es/buying-guides/laundry-spec-library/,Spain,구매 가이드,86
https://www.lg.com/es/buying-guides/tv-spec-library/,Spain,구매 가이드,86
https://www.lg.com/es/microsite-article/ms/it/monitor/ultragear-buying-guide/resolucion/,Spain,구매 가이드,89
https://www.lg.com/es/buying-guides/tv-lineup-guide/,Spain,구매 가이드,93
https://www.lg.com/es/microsite-article/ms/it/monitor/ultragear-buying-guide/productividad-y-entretenimiento/,Spain,구매 가이드,82
https://www.lg.com/es/buying-guides/monitor-spec-library/,Spain,구매 가이드,86
https://www.lg.com/es/buying-guide/,Spain,구매 가이드,59
https://www.lg.com/es/microsite-article/ms/it/monitor/ultragear-buying-guide/tasa-de-refresco/,Spain,구매 가이드,85
https://www.lg.com/es/tv-y-barras-de-sonido/tv-buying-guide/what-is-a-smart-tv-ai-tv/,Spain,구매 가이드,85
https://www.lg.com/es/microsite-article/ms/it/monitor/ultragear-buying-guide/tamano-de-pantalla/,Spain,구매 가이드,85
https://www.lg.com/es/computing/buying-guides/multi-monitor/,Spain,구매 가이드,82
https://www.lg.com/es/buying-guides/monitor-lineup-guide/,Spain,구매 가이드,89
https://www.lg.com/es/tv-y-barras-de-sonido/tv-buying-guide/lifestyle/,Spain,구매 가이드,79
https://www.lg.com/es/lg-experience/,Spain,LG Experience,70
https://www.lg.com/es/lg-experience/inspiracion/,Spain,LG Experience,63
https://www.lg.com/es/lg-experience/inspiracion/accesorios-para-camping-de-lg/,Spain,LG Experience,70
https://www.lg.com/es/lg-experience/inspiracion/mejor-portatil-escribir/,Spain,LG Experience,61
https://www.lg.com/es/lg-experience/inspiracion/automatizacion-hogar-inteligente-eficiente-thinq/,Spain,LG Experience,64
https://www.lg.com/es/lg-experience/inspiracion/smart-home-hogar-inteligente/,Spain,LG Experience,64
https://www.lg.com/es/lg-experience/inspiracion/oficina-en-casa-lg/,Spain,LG Experience,70
https://www.lg.com/es/lg-experience/inspiracion/zona-de-ocio-sala-de-juegos/,Spain,LG Experience,70
https://www.lg.com/es/lg-experience/inspiracion/gadgets-imprescindibles-viajar/,Spain,LG Experience,64
https://www.lg.com/es/lg-experience/inspiracion/cine-en-casa-con-lg/,Spain,LG Experience,70
https://www.lg.com/es/lg-experience/inspiracion/cambios-en-la-tecnologia/,Spain,LG Experience,70
https://www.lg.com/es/lg-experience/inspiracion/centrifugado-lavado-inteligente-ia-lg/,Spain,LG Experience,70
https://www.lg.com/es/lg-experience/inspiracion/regalos-tecnologia-lujo-para-mujer/,Spain,LG Experience,70
https://www.lg.com/es/lg-experience/tech-hub/tv-inalambrico,Spain,LG Experience,72
https://www.lg.com/es/tv-y-barras-de-sonido/why-qned-evo/,Spain,Microsite,71
https://www.lg.com/es/tvs-soundbars/qned/2022/why-lg-qned/,Spain,Microsite,59
https://www.lg.com/es/qned-tvs/2022/why-lg-qned/,Spain,Microsite,59
https://www.lg.com/es/tv-y-barras-de-sonido/qned/2022/why-lg-qned/,Spain,Microsite,59
https://www.lg.com/es/tvs-soundbars/why-true-wireless/,Spain,Microsite,75
https://www.lg.com/es/tvs-soundbars/why-qned-evo/,Spain,Microsite,79
https://www.lg.com/es/electrodomesticos-guias-consejos/lavadoras-y-secadoras/how-to-clean-washing-machine/,Spain,Microsite,76
https://www.lg.com/es/tv-y-barras-de-sonido/why-true-wireless/,Spain,Microsite,75
https://www.lg.com/es/electrodomesticos-guias-consejos/lavadoras-y-secadoras/heat-pump-vs-condenser-dryer/,Spain,Microsite,77
https://www.lg.com/es/tvs/,Spain,Microsite,59
https://www.lg.com/es/oled-tv/,Spain,Microsite,59
https://www.lg.com/es/television/,Spain,Microsite,59
https://www.lg.com/es/speakers/barras-de-sonido/,Spain,Microsite,67
https://www.lg.com/es/soundbars/eco-minded-soundbars/,Spain,Microsite,81
https://www.lg.com/es/smart-tv/contenidos/apple-tv/,Spain,Microsite,70
https://www.lg.com/es/webos-smart-tv/,Spain,Microsite,63
https://www.lg.com/es/qned-tvs/,Spain,Microsite,59
https://www.lg.com/es/lg-oled-art/,Spain,Microsite,63
https://www.lg.com/es/why-lgoled/cinema/,Spain,Microsite,75
https://www.lg.com/es/guia-de-compra-monitor/,Spain,Microsite,70
https://www.lg.com/es/frigorificos/crystal/,Spain,Microsite,70
https://www.lg.com/es/lavadoras-y-secadoras/lavado-finder/,Spain,Microsite,63
https://www.lg.com/es/frigorificos-congeladores/crystal/,Spain,Microsite,70
https://www.lg.com/es/frigorificos/frigo-finder/,Spain,Microsite,66
https://www.lg.com/es/lavavajillas/lavavajillas/,Spain,Microsite,63
https://www.lg.com/es/aerotermia-therma-v/por-que-deberia-tu-negocio-pasarse-a-la-aerotermia/,Spain,Microsite,78
https://www.lg.com/es/aerotermia-therma-v/aspectos-a-tener-en-cuenta-al-instalar-una-bomba-de-calor-de-aerotermia/,Spain,Microsite,78
https://www.lg.com/es/aerotermia-therma-v/que-bomba-de-calor-es-mas-adecuada-para-mi/,Spain,Microsite,78
https://www.lg.com/es/aerotermia-therma-v/que-es-una-bomba-de-calor-de-aerotermia/,Spain,Microsite,81
https://www.lg.com/es/acceso-instalaciones/,Spain,Microsite,74
https://www.lg.com/es/aspiradoras/aspiradoras-kompressor/,Spain,Microsite,67
https://www.lg.com/es/aspiradoras/aspiradoras/,Spain,Microsite,63
https://www.lg.com/es/altavoces-gaming/app-moviles/,Spain,Microsite,68
https://www.lg.com/es/att-cliente/fuera-de-servicio/,Spain,Microsite,67
https://www.lg.com/es/best/,Spain,Microsite,59
https://www.lg.com/es/blog-lg/,Spain,Microsite,79
https://www.lg.com/es/agentes-expertos-en-lg/,Spain,Microsite,78
https://www.lg.com/es/bbll/sorteo-micrococinando/,Spain,Microsite,70
https://www.lg.com/es/speakers/all-speakers/,Spain,제품 카테고리 (PLP),71
https://www.lg.com/es/tv-y-barras-de-sonido/,Spain,제품 카테고리 (PLP),71
https://www.lg.com/es/speakers/altavoces-bluetooth/,Spain,제품 카테고리 (PLP),71
https://www.lg.com/es/tvs-soundbars/miniled/,Spain,제품 카테고리 (PLP),79
https://www.lg.com/es/speakers/altavoces-gran-potencia/,Spain,제품 카테고리 (PLP),68
https://www.lg.com/es/speakers/xboom-go/,Spain,제품 카테고리 (PLP),79
https://www.lg.com/es/tv-barra-de-sonido/full-hd-tv/,Spain,제품 카테고리 (PLP),68
https://www.lg.com/es/speakers/altavoces-gaming/,Spain,제품 카테고리 (PLP),75
https://www.lg.com/es/speakers/altavoces-para-fiestas/,Spain,제품 카테고리 (PLP),71
https://www.lg.com/es/speakers/altavoces-portatiles/,Spain,제품 카테고리 (PLP),79
https://www.lg.com/es/speakers/hi-fi-system/,Spain,제품 카테고리 (PLP),79
https://www.lg.com/es/speakers/,Spain,제품 카테고리 (PLP),68
https://www.lg.com/es/monitores/,Spain,제품 카테고리 (PLP),72
https://www.lg.com/es/monitores/accesorios-monitores/,Spain,제품 카테고리 (PLP),79
https://www.lg.com/es/monitors/,Spain,제품 카테고리 (PLP),66
https://www.lg.com/es/monitors/fhd-qhd/,Spain,제품 카테고리 (PLP),75
https://www.lg.com/es/monitoreo/ergo/,Spain,제품 카테고리 (PLP),68
https://www.lg.com/es/monitoreo/fhd-qhd/,Spain,제품 카테고리 (PLP),64
https://www.lg.com/es/monitoreo/,Spain,제품 카테고리 (PLP),66
https://www.lg.com/es/monitores/full-hd-qhd/,Spain,제품 카테고리 (PLP),75
https://www.lg.com/es/monitors/ergo-monitors/,Spain,제품 카테고리 (PLP),75
https://www.lg.com/es/frigorificos/,Spain,제품 카테고리 (PLP),69
https://www.lg.com/es/lavadoras-y-secadoras/lavadoras/,Spain,제품 카테고리 (PLP),79
https://www.lg.com/es/frigorificos/accesorios-frigorificos/,Spain,제품 카테고리 (PLP),79
https://www.lg.com/es/lavadoras-y-secadoras/,Spain,제품 카테고리 (PLP),75
https://www.lg.com/es/lavadoras-y-secadoras/lava-secadoras/,Spain,제품 카테고리 (PLP),79
https://www.lg.com/es/frigorificos/congeladores/,Spain,제품 카테고리 (PLP),61
https://www.lg.com/es/frigorificos-congeladores/frigorificos-american-combi/,Spain,제품 카테고리 (PLP),68
https://www.lg.com/es/frigorificos-congeladores/frigorificos-combi-de-puertas-multiples/,Spain,제품 카테고리 (PLP),75
https://www.lg.com/es/lavadoras-y-secadoras/accesorios-lavadoras-y-secadoras/,Spain,제품 카테고리 (PLP),79
https://www.lg.com/es/monitors/gaming/,Spain,제품 카테고리 (PLP),75
https://www.lg.com/es/lavadoras-y-secadoras/secadoras/,Spain,제품 카테고리 (PLP),79
https://www.lg.com/es/frigorificos/frigorificos-american-combi/,Spain,제품 카테고리 (PLP),79
https://www.lg.com/es/frigorificos-congeladores/,Spain,제품 카테고리 (PLP),69
https://www.lg.com/es/frigorificos-congeladores/all-frigorificos-congeladores/,Spain,제품 카테고리 (PLP),71
https://www.lg.com/es/lavadoras-y-secadoras/todas-las-lavadoras-y-secadoras/,Spain,제품 카테고리 (PLP),79
https://www.lg.com/es/aire-acondicionado-domestico/aire-acondicionado-conducto/,Spain,제품 카테고리 (PLP),61
https://www.lg.com/es/aire-acondicionado-domestico/multi-split/,Spain,제품 카테고리 (PLP),75
https://www.lg.com/es/aire-acondicionado-domestico/,Spain,제품 카테고리 (PLP),71
https://www.lg.com/es/aerotermia-therma-v/,Spain,제품 카테고리 (PLP),72
https://www.lg.com/es/aparatos-de-cocina/,Spain,제품 카테고리 (PLP),61
https://www.lg.com/es/aire-acondicionado-domestico/aire-portatil/,Spain,제품 카테고리 (PLP),75
https://www.lg.com/es/aerotermia-therma-v/aerotermos/,Spain,제품 카테고리 (PLP),79
https://www.lg.com/es/aire-acondicionado-domestico/aire-acondicionado-cassete/,Spain,제품 카테고리 (PLP),61
https://www.lg.com/es/lavavajillas/accesorios-lavavajillas/,Spain,제품 카테고리 (PLP),79
https://www.lg.com/es/cooking-appliances/,Spain,제품 카테고리 (PLP),71
https://www.lg.com/es/aspiradoras/aspiradoras-escoba/,Spain,제품 카테고리 (PLP),75
https://www.lg.com/es/cooking-appliances/wall-ovens/,Spain,제품 카테고리 (PLP),79
https://www.lg.com/es/accesorios-de-computador/,Spain,제품 카테고리 (PLP),61
https://www.lg.com/es/aspiradoras/,Spain,제품 카테고리 (PLP),75
https://www.lg.com/es/accesorios/,Spain,제품 카테고리 (PLP),75
https://www.lg.com/es/aspiradoras/aspiradoras-sin-bolsa/,Spain,제품 카테고리 (PLP),75
https://www.lg.com/es/aspiradoras/accesorios-aspiradoras/,Spain,제품 카테고리 (PLP),79
https://www.lg.com/es/lavavajillas/,Spain,제품 카테고리 (PLP),79
https://www.lg.com/es/lavadoras-y-secadoras/todas-las-lavadoras-y-secadoras/?ec_ft_05652740=10,Spain,제품 카테고리 (PLP),79
https://www.lg.com/es/accesorios-para-portatiles/,Spain,제품 카테고리 (PLP),79
https://www.lg.com/es/account-integration/,Spain,제품 카테고리 (PLP),57
https://www.lg.com/es/account-integration-old/,Spain,제품 카테고리 (PLP),68
https://www.lg.com/es/account-integration-copy/,Spain,제품 카테고리 (PLP),68
https://www.lg.com/es/aire-acondicionado-domestico/split/,Spain,제품 카테고리 (PLP),71
https://www.lg.com/es/auriculares-inalambricos/,Spain,제품 카테고리 (PLP),71
https://www.lg.com/es/barra-de-sonido/,Spain,제품 카테고리 (PLP),57
https://www.lg.com/es/altavoces/,Spain,제품 카테고리 (PLP),75
https://www.lg.com/es/auriculares-inalambricos1/auriculares-uvnano/,Spain,제품 카테고리 (PLP),57
https://www.lg.com/es/buscador-de-electrodomesticos/buscador-de-frigorificos/,Spain,제품 카테고리 (PLP),71
https://www.lg.com/es/accessori-informatica/,Spain,제품 카테고리 (PLP),71
https://www.lg.com/es/soporte/soporte-producto/resolucion-problemas/help-library/cs-CT52002101-20155101726333/,Spain,Support - Troubleshoot,71
https://www.lg.com/es/soporte/soporte-producto/resolucion-problemas/help-library/cs-CT52002103-20155311401807/,Spain,Support - Troubleshoot,71
https://www.lg.com/es/soporte/soporte-producto/resolucion-problemas/help-library/cs-CT52002103-20155154189557/,Spain,Support - Troubleshoot,71
https://www.lg.com/es/soporte/soporte-producto/resolucion-problemas/help-library/cs-CT52002103-20155069777915/,Spain,Support - Troubleshoot,71
https://www.lg.com/es/soporte/soporte-producto/resolucion-problemas/help-library/cs-CT52002101-20155028312043,Spain,Support - Troubleshoot,71
https://www.lg.com/es/soporte/soporte-producto/resolucion-problemas/help-library/cs-CT52002101-20155102947848/,Spain,Support - Troubleshoot,71
https://www.lg.com/es/soporte/soporte-producto/resolucion-problemas/help-library/cs-CT52002103-20155268985936/,Spain,Support - Troubleshoot,71
https://www.lg.com/es/soporte/soporte-producto/resolucion-problemas/help-library/cs-CT52002101-20155048216831,Spain,Support - Troubleshoot,71
https://www.lg.com/es/soporte/soporte-producto/resolucion-problemas/help-library/cs-CT52002102-20155130415604/,Spain,Support - Troubleshoot,71
https://www.lg.com/es/soporte/soporte-producto/resolucion-problemas/help-library/cs-CT52002101-20155102608518/,Spain,Support - Troubleshoot,71
https://www.lg.com/es/soporte/soporte-producto/resolucion-problemas/help-library/cs-CT52002100-20155115739938/,Spain,Support - Troubleshoot,71
https://www.lg.com/es/soporte/soporte-producto/resolucion-problemas/help-library/cs-CT52002101-20155333892227/,Spain,Support - Troubleshoot,71
https://www.lg.com/es/soporte/soporte-producto/resolucion-problemas/help-library/cs-CT40007081-20155219498771,Spain,Support - Troubleshoot,71
https://www.lg.com/es/soporte/soporte-producto/resolucion-problemas/help-library/cs-CT52002101-20155177652066/,Spain,Support - Troubleshoot,71
https://www.lg.com/es/soporte/soporte-producto/resolucion-problemas/help-library/cs-CT52002103-20155311457130/,Spain,Support - Troubleshoot,71
https://www.lg.com/es/soporte/soporte-producto/resolucion-problemas/help-library/cs-CT52002103-20155331401064/,Spain,Support - Troubleshoot,71
https://www.lg.com/es/soporte/soporte-producto/resolucion-problemas/help-library/cs-CT52002101-20155102819508/,Spain,Support - Troubleshoot,71
https://www.lg.com/es/soporte/soporte-producto/resolucion-problemas/help-library/cs-CT52002101-20155102824121/,Spain,Support - Troubleshoot,71
https://www.lg.com/es/soporte/soporte-producto/resolucion-problemas/help-library/cs-CT52002101-20155255023307,Spain,Support - Troubleshoot,71
https://www.lg.com/es/soporte/soporte-producto/resolucion-problemas/help-library/cs-CT52002101-20155101726477,Spain,Support - Troubleshoot,71
https://www.lg.com/es/soporte/soporte-producto/resolucion-problemas/help-library/cs-CT52002101-20155386343357,Spain,Support - Troubleshoot,71
https://www.lg.com/es/soporte/soporte-producto/resolucion-problemas/help-library/cs-CT52002103-20155379626120/,Spain,Support - Troubleshoot,71
https://www.lg.com/es/soporte/soporte-producto/resolucion-problemas/help-library/cs-CT52002101-20155101707717/,Spain,Support - Troubleshoot,71
https://www.lg.com/es/soporte/soporte-producto/resolucion-problemas/help-library/cs-CT52002103-20155051175889/,Spain,Support - Troubleshoot,71
https://www.lg.com/es/soporte/soporte-producto/resolucion-problemas/help-library/cs-CT52002101-20155101720104/,Spain,Support - Troubleshoot,71
https://www.lg.com/es/soporte/soporte-producto/resolucion-problemas/help-library/cs-CT52002101-20155263923019,Spain,Support - Troubleshoot,71
https://www.lg.com/es/soporte/soporte-producto/resolucion-problemas/help-library/cs-CT52002101-20155102931384,Spain,Support - Troubleshoot,71
https://www.lg.com/es/soporte/soporte-producto/resolucion-problemas/help-library/cs-CT52002100-20155379605712,Spain,Support - Troubleshoot,71
https://www.lg.com/es/soporte/soporte-producto/resolucion-problemas/help-library/cs-CT52002101-20155128321670,Spain,Support - Troubleshoot,71
https://www.lg.com/es/soporte/soporte-producto/resolucion-problemas/help-library/cs-CT52002101-20155092734238/,Spain,Support - Troubleshoot,71
https://www.lg.com/es/soporte/soporte-producto/resolucion-problemas/help-library/cs-CT52002101-20155102922975,Spain,Support - Troubleshoot,71
https://www.lg.com/es/soporte/soporte-producto/resolucion-problemas/help-library/cs-CT52002101-20155348058270,Spain,Support - Troubleshoot,71
https://www.lg.com/es/soporte/soporte-producto/resolucion-problemas/help-library/cs-CT52002101-20155114216041,Spain,Support - Troubleshoot,71
https://www.lg.com/es/soporte/soporte-producto/resolucion-problemas/help-library/cs-CT52002100-20154381244316/,Spain,Support - Troubleshoot,71
https://www.lg.com/es/soporte/soporte-producto/resolucion-problemas/help-library/cs-CT52002103-20155311243479/,Spain,Support - Troubleshoot,71
https://www.lg.com/es/soporte/soporte-producto/resolucion-problemas/help-library/cs-CT52002101-20155102765478,Spain,Support - Troubleshoot,71
https://www.lg.com/es/soporte/soporte-producto/resolucion-problemas/help-library/cs-CT52002101-20154982201268/,Spain,Support - Troubleshoot,71
https://www.lg.com/es/soporte/soporte-producto/resolucion-problemas/help-library/cs-CT52002103-20155179477232/,Spain,Support - Troubleshoot,71
https://www.lg.com/es/soporte/soporte-producto/resolucion-problemas/help-library/cs-CT40007085-20155115748210,Spain,Support - Troubleshoot,71
https://www.lg.com/es/soporte/soporte-producto/resolucion-problemas/help-library/cs-CT52002101-20155102797396,Spain,Support - Troubleshoot,71
https://www.lg.com/es/soporte/soporte-producto/resolucion-problemas/help-library/cs-CT52002101-20155272222268/,Spain,Support - Troubleshoot,71
https://www.lg.com/es/soporte/soporte-producto/resolucion-problemas/help-library/cs-CT52002103-20155311295298/,Spain,Support - Troubleshoot,75
https://www.lg.com/es/soporte/soporte-producto/resolucion-problemas/help-library/cs-CT40007081-20155140647481,Spain,Support - Troubleshoot,71
https://www.lg.com/es/soporte/soporte-producto/resolucion-problemas/help-library/cs-CT52002103-20155410113728/,Spain,Support - Troubleshoot,71
https://www.lg.com/es/soporte/soporte-producto/resolucion-problemas/help-library/cs-CT52002101-20155102808242/,Spain,Support - Troubleshoot,71
https://www.lg.com/es/soporte/soporte-producto/resolucion-problemas/help-library/cs-CT52002103-20155269114318/,Spain,Support - Troubleshoot,71
https://www.lg.com/es/soporte/soporte-producto/resolucion-problemas/help-library/cs-CT52002101-20155265317370/,Spain,Support - Troubleshoot,71
https://www.lg.com/es/soporte/soporte-producto/resolucion-problemas/help-library/cs-CT52002103-20155006103795/,Spain,Support - Troubleshoot,71
https://www.lg.com/es/soporte/soporte-producto/resolucion-problemas/help-library/cs-CT52002101-20155101715187,Spain,Support - Troubleshoot,71
https://www.lg.com/es/soporte/soporte-producto/resolucion-problemas/help-library/cs-CT52002100-20155115807593/,Spain,Support - Troubleshoot,71
https://www.lg.com/es/soporte/soporte-producto/resolucion-problemas/help-library/cs-CT40007085-20155060986050,Spain,Support - Troubleshoot,71
https://www.lg.com/es/soporte/soporte-producto/resolucion-problemas/help-library/cs-CT52002101-20155028329669/,Spain,Support - Troubleshoot,71
https://www.lg.com/es/soporte/soporte-producto/resolucion-problemas/help-library/cs-CT52002101-20155105955231,Spain,Support - Troubleshoot,71
https://www.lg.com/es/soporte/soporte-producto/resolucion-problemas/help-library/cs-CT52002101-20155118240500/,Spain,Support - Troubleshoot,71
https://www.lg.com/es/soporte/soporte-producto/resolucion-problemas/help-library/cs-CT52002102-20155062098574/,Spain,Support - Troubleshoot,71
https://www.lg.com/es/soporte/soporte-producto/resolucion-problemas/help-library/cs-CT52002101-20155027834967/,Spain,Support - Troubleshoot,71
https://www.lg.com/es/soporte/soporte-producto/resolucion-problemas/help-library/cs-CT52002101-20155101721266/,Spain,Support - Troubleshoot,71
https://www.lg.com/es/soporte/soporte-producto/resolucion-problemas/help-library/cs-CT52002101-20155004251621/,Spain,Support - Troubleshoot,71
https://www.lg.com/es/soporte/soporte-producto/resolucion-problemas/help-library/cs-CT52002101-20155209278692/,Spain,Support - Troubleshoot,71
https://www.lg.com/es/soporte/soporte-producto/resolucion-problemas/help-library/cs-CT52002102-20155048191316/,Spain,Support - Troubleshoot,71
https://www.lg.com/es/soporte/soporte-producto/resolucion-problemas/help-library/cs-CT52002102-20155363587338/,Spain,Support - Troubleshoot,71
https://www.lg.com/es/soporte/soporte-producto/resolucion-problemas/help-library/cs-CT52002102-20155128299983/,Spain,Support - Troubleshoot,71
https://www.lg.com/es/soporte/soporte-producto/resolucion-problemas/help-library/cs-CT52002103-20155113405703/,Spain,Support - Troubleshoot,71
https://www.lg.com/es/soporte/soporte-producto/resolucion-problemas/help-library/cs-CT52002101-20155065329521,Spain,Support - Troubleshoot,71
https://www.lg.com/es/soporte/soporte-producto/resolucion-problemas/help-library/cs-CT52002101-20155102949676/,Spain,Support - Troubleshoot,71
https://www.lg.com/es/soporte/soporte-producto/resolucion-problemas/help-library/cs-CT52002102-20155342660842/,Spain,Support - Troubleshoot,71
https://www.lg.com/es/soporte/soporte-producto/resolucion-problemas/help-library/cs-CT52002100-20154996615125,Spain,Support - Troubleshoot,71
https://www.lg.com/es/soporte/soporte-producto/resolucion-problemas/help-library/cs-CT52002102-20155134074983/,Spain,Support - Troubleshoot,71
https://www.lg.com/es/soporte/soporte-producto/resolucion-problemas/help-library/cs-CT52002101-20155102832257/,Spain,Support - Troubleshoot,71
https://www.lg.com/es/soporte/soporte-producto/resolucion-problemas/help-library/cs-CT40007085-20155199003634,Spain,Support - Troubleshoot,71
https://www.lg.com/es/soporte/soporte-producto/resolucion-problemas/help-library/cs-CT52002101-20155272209597/,Spain,Support - Troubleshoot,71
https://www.lg.com/es/soporte/soporte-producto/resolucion-problemas/help-library/cs-CT52002101-20155027804623,Spain,Support - Troubleshoot,71
https://www.lg.com/es/soporte/soporte-producto/resolucion-problemas/help-library/cs-CT52002100-20155311278230/,Spain,Support - Troubleshoot,71
https://www.lg.com/es/soporte/soporte-producto/resolucion-problemas/help-library/cs-CT52002103-20155410403835/,Spain,Support - Troubleshoot,71
https://www.lg.com/es/soporte/soporte-producto/resolucion-problemas/help-library/cs-CT52002100-20155019527212,Spain,Support - Troubleshoot,71
https://www.lg.com/es/soporte/soporte-producto/resolucion-problemas/help-library/cs-CT52002103-20155115716443/,Spain,Support - Troubleshoot,71
https://www.lg.com/es/soporte/soporte-producto/resolucion-problemas/help-library/cs-CT52002100-20155105900350/,Spain,Support - Troubleshoot,71
https://www.lg.com/es/soporte/soporte-producto/resolucion-problemas/help-library/cs-CT52002103-20155014963972/,Spain,Support - Troubleshoot,71
https://www.lg.com/es/soporte/soporte-producto/resolucion-problemas/help-library/cs-CT52002102-20155135969436/,Spain,Support - Troubleshoot,71
https://www.lg.com/es/soporte/soporte-producto/resolucion-problemas/help-library/cs-CT52002101-20155028333244/,Spain,Support - Troubleshoot,71
https://www.lg.com/es/soporte/soporte-producto/resolucion-problemas/help-library/cs-CT52002101-20155069425017,Spain,Support - Troubleshoot,71
https://www.lg.com/es/soporte/soporte-producto/resolucion-problemas/help-library/cs-CT52002103-20155113390255/,Spain,Support - Troubleshoot,71
https://www.lg.com/es/soporte/soporte-producto/resolucion-problemas/help-library/cs-CT52002103-20155047765836/,Spain,Support - Troubleshoot,71
https://www.lg.com/es/soporte/soporte-producto/resolucion-problemas/help-library/cs-CT52002101-20155130218439,Spain,Support - Troubleshoot,71
https://www.lg.com/es/soporte/soporte-producto/resolucion-problemas/help-library/cs-CT52002101-20155295250207/,Spain,Support - Troubleshoot,71
https://www.lg.com/es/soporte/soporte-producto/resolucion-problemas/help-library/cs-CT52002101-20155299532059/,Spain,Support - Troubleshoot,71
https://www.lg.com/es/soporte/soporte-producto/resolucion-problemas/help-library/cs-CT52002103-20155114288530/,Spain,Support - Troubleshoot,71
https://www.lg.com/es/soporte/soporte-producto/resolucion-problemas/help-library/cs-CT52002103-20155410027030/,Spain,Support - Troubleshoot,71
https://www.lg.com/es/soporte/soporte-producto/resolucion-problemas/help-library/cs-CT52002101-20154978946659/,Spain,Support - Troubleshoot,71
https://www.lg.com/es/soporte/soporte-producto/resolucion-problemas/help-library/cs-CT52002101-20155103113531/,Spain,Support - Troubleshoot,71
https://www.lg.com/es/soporte/soporte-producto/resolucion-problemas/help-library/cs-CT52002101-20155027708038/,Spain,Support - Troubleshoot,71
https://www.lg.com/es/soporte/soporte-producto/resolucion-problemas/help-library/cs-CT52002101-20155101730118/,Spain,Support - Troubleshoot,71
https://www.lg.com/es/soporte/soporte-producto/resolucion-problemas/help-library/cs-CT52002103-20155021166876/,Spain,Support - Troubleshoot,71
https://www.lg.com/es/soporte/soporte-producto/resolucion-problemas/help-library/cs-CT52002101-20155102979965,Spain,Support - Troubleshoot,71
https://www.lg.com/es/soporte/soporte-producto/resolucion-problemas/help-library/cs-CT52002101-20155102978451/,Spain,Support - Troubleshoot,71
https://www.lg.com/es/soporte/soporte-producto/resolucion-problemas/help-library/cs-CT52002102-20155366419714/,Spain,Support - Troubleshoot,71
https://www.lg.com/es/soporte/soporte-producto/resolucion-problemas/help-library/cs-CT52002101-20155101719304/,Spain,Support - Troubleshoot,71
https://www.lg.com/es/soporte/soporte-producto/resolucion-problemas/help-library/cs-CT52002100-20155105899924/,Spain,Support - Troubleshoot,71
https://www.lg.com/es/soporte/soporte-producto/resolucion-problemas/help-library/cs-CT40007085-20155060986279,Spain,Support - Troubleshoot,71
https://www.lg.com/es/soporte/soporte-producto/resolucion-problemas/help-library/cs-CT52002101-20155102836087,Spain,Support - Troubleshoot,71
https://www.lg.com/global/newsroom/news/media-entertainment-solution/lg-electronics-brings-bob-ross-creativity-to-life-through-multiple-mediums-including-lg-gallery-/,Global-site,Global Newsroom,86
https://www.lg.com/global/newsroom/news/home-appliance-solution/lg-electronics-expands-fitandmax-solution-across-key-home-appliance-categories-at-ifa-2026/,Global-site,Global Newsroom,86
https://www.lg.com/global/newsroom/news/corporate/lg-electronics-launches-2026-lifes-good-campaign-to-free-up-peoples-minds-for-what-truly-matters/,Global-site,Global Newsroom,86
https://www.lg.com/global/newsroom/news/home-appliance-solution/lg-electronics-brings-high-efficiency-living-to-more-consumers-at-ifa-2026/,Global-site,Global Newsroom,82
https://www.lg.com/global/newsroom/news/media-entertainment-solution/lg-launches-lg-xboom-blast-a-powerful-party-speaker-designed-for-outdoor-freedom/,Global-site,Global Newsroom,82
https://www.lg.com/global/newsroom/news/media-entertainment-solution/lg-electronics-launches-xboom-power-series-a-powerful-party-speaker-lineup-built-to-turn-gatherings-into-parties/,Global-site,Global Newsroom,86
https://www.lg.com/global/newsroom/news/corporate/lg-electronics-invites-the-world-to-experience-innovation-in-tune-with-you-at-ifa-2026/,Global-site,Global Newsroom,79
https://www.lg.com/global/newsroom/news/vehicle-solutions/lg-electronics-ultraview-windshield-display-named-finalist-for-2026-pace-pilot-award/,Global-site,Global Newsroom,86
https://www.lg.com/global/newsroom/news/home-appliance-solution/lg-instaview-refrigerator-surpasses-5-3-million-in-global-sales/,Global-site,Global Newsroom,86
https://www.lg.com/global/newsroom/news/corporate/lg-electronics-prism-ai-wins-best-ai-tool-product-at-the-2026-in2-sabre-awards-asia-pacific/,Global-site,Global Newsroom,86
https://www.lg.com/global/newsroom/news/corporate/lg-electronics-accelerates-robotics-collaboration-with-nvidia/,Global-site,Global Newsroom,86
https://www.lg.com/global/newsroom/news/corporate/lg-electronics-wins-17-awards-at-idea-2026-achieving-a-design-awards-triple-crown/,Global-site,Global Newsroom,86
https://www.lg.com/global/newsroom/news/eco-solution/lg-electronics-earns-nvidia-ai-factory-validation-for-its-600kw-coolant-distribution-unit/,Global-site,Global Newsroom,82
https://www.lg.com/global/newsroom/news/vehicle-solutions/lg-electronics-begins-mass-production-of-5g-smart-telematics-solution-for-a-premium-european-automaker/,Global-site,Global Newsroom,82
https://www.lg.com/global/newsroom/news/eco-solution/lg-electronics-launches-mid-static-ducted-unit-delivering-comfort-anywhere/,Global-site,Global Newsroom,82
https://www.lg.com/global/newsroom/news/corporate/lg-electronics-releases-second-quarter-2026-financial-results/,Global-site,Global Newsroom,82
https://www.lg.com/global/newsroom/b2b/product-and-solutions/lg-electronics-earns-nvidia-ai-factory-validation-for-its-600kw-coolant-distribution-unit1/,Global-site,Global Newsroom,82
https://www.lg.com/global/newsroom/news/media-entertainment-solution/lg-electronics-brings-masterpieces-from-the-met-into-your-living-room-with-lg-gallery-service/,Global-site,Global Newsroom,86
https://www.lg.com/global/newsroom/news/home-appliance-solution/lg-electronics-expands-latin-american-manufacturing-with-new-smart-factory-in-brazil/,Global-site,Global Newsroom,82
https://www.lg.com/global/newsroom/insights/executive-corner/executive-corner-the-daylight-test-why-the-true-value-of-perfect-black-is-revealed-in-bright-rooms/,Global-site,Global Newsroom,89
https://www.lg.com/global/newsroom/news/corporate/lg-electronics-establishes-robotics-business-center-to-accelerate-future-growth/,Global-site,Global Newsroom,82
https://www.lg.com/global/newsroom/news/media-entertainment-solution/lg-introduces-xboom-stage-501-turning-any-song-into-instant-ai-karaoke/,Global-site,Global Newsroom,86
https://www.lg.com/global/newsroom/news/eco-solution/lg-electronics-boosts-global-installation-and-service-capabilities-with-hvac-academy-expansion/,Global-site,Global Newsroom,82
https://www.lg.com/global/newsroom/news/media-entertainment-solution/lg-electronics-teams-up-with-prime-video-to-power-an-epic-home-premiere-of-masters-of-the-universe/,Global-site,Global Newsroom,86
https://www.lg.com/global/newsroom/news/home-appliance-solution/lg-electronics-launches-lg-professional-laundry-lineup-for-commercial-operations/,Global-site,Global Newsroom,86
https://www.lg.com/global/newsroom/news/corporate/lg-electronics-reports-2025-scope-1-and-2-emissions-below-2030-target-level-in-latest-sustainability-report/,Global-site,Global Newsroom,86
https://www.lg.com/global/newsroom/news/media-entertainment-solution/lg-electronics-elevates-game-day-with-launch-of-sports-playbook-on-lg-smart-tvs/,Global-site,Global Newsroom,82
https://www.lg.com/global/newsroom/news/vehicle-solutions/lg-electronics-announces-new-solutions-for-automotive-innovation-partnership-with-google/,Global-site,Global Newsroom,82
https://www.lg.com/global/newsroom/news/media-entertainment-solution/lg-electronics-launches-2026-micro-and-mini-rgb-evo-advancing-high-purity-color-in-premium-lcds/,Global-site,Global Newsroom,86
https://www.lg.com/global/newsroom/news/media-entertainment-solution/lg-electronics-unveils-stanbyme2-max-an-immersive-personal-screen-with-a-larger-32-inch-4k-display/,Global-site,Global Newsroom,86
https://www.lg.com/global/newsroom/news/eco-solution/lg-electronics-solidifies-air-care-leadership-in-asia-with-award-winning-air-care-solutions/,Global-site,Global Newsroom,86
https://www.lg.com/global/newsroom/news/eco-solution/lg-electronics-strengthens-european-heat-pump-position-with-diverse-portfolio/,Global-site,Global Newsroom,86
https://www.lg.com/global/newsroom/news/media-entertainment-solution/lg-electronics-launches-ultra-low-power-lg-e-paper-display-for-commercial-spaces/,Global-site,Global Newsroom,86
https://www.lg.com/global/newsroom/news/corporate/lg-electronics-releases-preliminary-earnings-for-second-quarter-2026/,Global-site,Global Newsroom,82
https://www.lg.com/global/newsroom/news/media-entertainment-solution/lg-electronics-introduces-worlds-first-native-1000hz-full-hd-gaming-monitor/,Global-site,Global Newsroom,89
https://www.lg.com/global/newsroom/news/home-appliance-solution/lg-electronics-strengthens-global-supply-chain-for-advanced-antimicrobial-materials/,Global-site,Global Newsroom,86
https://www.lg.com/global/newsroom/news/vehicle-solutions/lg-electronics-marks-10-years-of-automotive-software-rnd-in-vietnam/,Global-site,Global Newsroom,82
https://www.lg.com/global/newsroom/news/media-entertainment-solution/lg-channels-surpasses-5000-channels-globally-as-poland-launch-brings-service-to-37-countries/,Global-site,Global Newsroom,86
https://www.lg.com/global/newsroom/news/corporate/lg-electronics-brings-koreas-housewarming-culture-to-southeast-asia/,Global-site,Global Newsroom,82
https://www.lg.com/global/newsroom/insights/executive-corner/executive-corner-the-aesthetics-of-spatial-integration-the-philosophy-behind-lgs-built-in-appliances/,Global-site,Global Newsroom,79
https://www.lg.com/global/newsroom/insights/executive-corner/executive-corner-the-art-of-blending-in-lg-electronics-reimagines-the-wallpaper-tv-from-the-inside-out/,Global-site,Global Newsroom,79
https://www.lg.com/global/newsroom/news/corporate/lg-electronics-releases-first-quarter-2026-financial-results/,Global-site,Global Newsroom,82
https://www.lg.com/global/newsroom/news/corporate/lg-electronics-honored-for-design-excellence-at-the-2026-red-dot-design-award/,Global-site,Global Newsroom,82
https://www.lg.com/global/newsroom/news/media-entertainment-solution/lg-electronics-launches-art-tv-lineup-where-design-shapes-how-art-lives-in-the-space/,Global-site,Global Newsroom,86
https://www.lg.com/global/newsroom/news/media-entertainment-solution/lg-electronics-introduces-first-ultragear-evo-hyper-mini-led-5k-gaming-monitor/,Global-site,Global Newsroom,89
https://www.lg.com/global/newsroom/news/media-entertainment-solution/lg-electronics-2026-tvs-underscore-sustainability-progress-with-multiple-eco-certifications/,Global-site,Global Newsroom,86
https://www.lg.com/global/newsroom/news/corporate/lg-electronics-earns-top-1-sustainability-ranking-from-sp-global-for-third-year-in-a-row/,Global-site,Global Newsroom,86
https://www.lg.com/global/newsroom/news/vehicle-solutions/lg-electronics-presents-hybrid-emergency-call-solution-at-5gaa-in-sweden/,Global-site,Global Newsroom,86
https://www.lg.com/global/newsroom/news/media-entertainment-solution/lg-electronics-led-installation-in-the-new-terminal-3-at-frankfurt-airport/,Global-site,Global Newsroom,86
https://www.lg.com/global/newsroom/b2b/product-and-solutions/lg-electronics-purotec-how-a-proprietary-antimicrobial-glass-powder-is-driving-the-companys-advanced-materials-expansion/,Global-site,Global Newsroom,82
https://www.lg.com/global/newsroom/news/eco-solution/lg-electronics-showcases-ai-data-center-cooling-solutions-at-data-center-world-2026/,Global-site,Global Newsroom,86
https://www.lg.com/global/newsroom/news/home-appliance-solution/lg-electronics-reinforces-presence-in-premium-built-in-market-at-milan-design-week-2026/,Global-site,Global Newsroom,82
https://www.lg.com/global/newsroom/news/home-appliance-solution/lg-electronics-showcases-an-expanded-built-in-portfolio-with-sks-and-lg-built-in-lineups-at-eurocucina-2026/,Global-site,Global Newsroom,86
https://www.lg.com/global/newsroom/news/eco-solution/lg-electronics-brings-together-asian-hvac-partners-at-lg-hvac-connect-asia-2026/,Global-site,Global Newsroom,82
https://www.lg.com/global/newsroom/news/home-appliance-solution/lg-electronics-unveils-new-full-built-in-kitchen-suite-at-eurocucina-2026/,Global-site,Global Newsroom,86
https://www.lg.com/global/newsroom/news/media-entertainment-solution/lg-electronics-launches-2026-qned-evo-mini-led-tv-lineup-headlined-by-ultra-large-115-inch-model/,Global-site,Global Newsroom,86
https://www.lg.com/global/newsroom/news/media-entertainment-solution/lg-electronics-wireless-tvs-first-in-world-to-earn-true-wireless-lossless-vision-certification/,Global-site,Global Newsroom,89
https://www.lg.com/global/newsroom/news/corporate/lg-electronics-releases-preliminary-earnings-for-first-quarter-2026/,Global-site,Global Newsroom,82
https://www.lg.com/global/newsroom/news/media-entertainment-solution/nba-bounce-brings-action-packed-basketball-fun-to-lg-electronics-smart-tvs-and-monitors/,Global-site,Global Newsroom,89
https://www.lg.com/global/newsroom/news/home-appliance-solution/lg-electronics-to-showcase-new-dishwasher-lineup-at-eurocucina-2026/,Global-site,Global Newsroom,86
https://www.lg.com/global/newsroom/news/eco-solution/lg-electronics-strengthens-position-in-the-european-residential-heat-pump-market/,Global-site,Global Newsroom,86
https://www.lg.com/global/newsroom/news/home-appliance-solution/lg-electronics-debuts-lg-thinq-pro-for-north-american-b2b-customers-at-kbis-2026/,Global-site,Global Newsroom,86
https://www.lg.com/global/newsroom/news/media-entertainment-solution/lg-gallery-presents-digital-artwork-from-sedition-including-select-exclusive-pieces/,Global-site,Global Newsroom,86
https://www.lg.com/global/newsroom/news/eco-solution/lg-electronics-showcases-high-efficiency-hvac-and-core-component-solutions-at-ahr-expo-2026/,Global-site,Global Newsroom,86
https://www.lg.com/global/newsroom/news/eco-solution/lg-electronics-launches-new-essential-series-air-conditioners-for-indian-homes/,Global-site,Global Newsroom,82
https://www.lg.com/global/newsroom/news/home-appliance-solution/lg-electronics-to-showcase-expanded-sks-luxury-kitchen-and-laundry-appliance-lineup-at-kbis-2026/,Global-site,Global Newsroom,82
https://www.lg.com/global/newsroom/news/eco-solution/lg-electronics-earns-ahri-performance-award-for-high-performance-hvac-solutions/,Global-site,Global Newsroom,86
https://www.lg.com/global/newsroom/b2b/product-and-solutions/lg-electronics-presents-b2b-customer-tailored-display-and-software-solutions-at-ise-2026/,Global-site,Global Newsroom,82
https://www.lg.com/global/newsroom/b2b/product-and-solutions/lg-electronics-showcases-high-efficiency-hvac-and-core-component-solutions-at-ahr-expo-2026/,Global-site,Global Newsroom,86
https://www.lg.com/global/newsroom/b2b/product-and-solutions/lg-electronics-earns-ahri-performance-award-for-high-performance-hvac-solutions/,Global-site,Global Newsroom,86
https://www.lg.com/global/newsroom/b2b/product-and-solutions/lg-electronics-debuts-lg-thinq-pro-for-north-american-b2b-customers-at-kbis-2026/,Global-site,Global Newsroom,86
https://www.lg.com/global/newsroom/news/media-entertainment-solution/lg-electronics-presents-b2b-customer-tailored-display-and-software-solutions-at-ise-2026/,Global-site,Global Newsroom,86
https://www.lg.com/global/newsroom/news/corporate/lg-electronics-releases-preliminary-earnings-for-fourth-quarter-and-full-year-2025/,Global-site,Global Newsroom,86
https://www.lg.com/global/newsroom/news/eco-solution/lg-electronics-new-puricare-aeromini-delivers-powerful-air-purification-in-a-compact-form-factor/,Global-site,Global Newsroom,82
https://www.lg.com/global/newsroom/news/eco-solution/lg-electronics-presents-complete-hvac-solution-lineup-tailored-for-european-market-at-mce-2026/,Global-site,Global Newsroom,86
https://www.lg.com/global/newsroom/news/corporate/lg-electronics-releases-fourth-quarter-and-full-year-2025-financial-results/,Global-site,Global Newsroom,75
https://www.lg.com/global/newsroom/news/home-appliance-solution/lg-electronics-to-unveil-advanced-compressor-solutions-engineered-for-india-at-acrex-2026/,Global-site,Global Newsroom,86
https://www.lg.com/global/newsroom/news/vehicle-solutions/lg-electronics-unveils-next-generation-smart-telematics-solution-at-mwc-barcelona-2026/,Global-site,Global Newsroom,86
https://www.lg.com/global/newsroom/news/corporate/lg-electronics-accelerates-growth-in-key-strategic-markets/,Global-site,Global Newsroom,82
https://www.lg.com/global/newsroom/news/corporate/lg-electronics-ceo-sets-strategic-direction-for-profit-driven-growth-prioritizing-speed-and-action/,Global-site,Global Newsroom,82
https://www.lg.com/global/newsroom/news/corporate/lg-electronics-receives-26-awards-at-if-design-award-2026/,Global-site,Global Newsroom,82
https://www.lg.com/global/newsroom/news/corporate/lg-electronics-continues-technological-dominance-with-wide-range-of-awards-and-accolades-at-ces-2026/,Global-site,Global Newsroom,86
https://www.lg.com/global/newsroom/news/home-appliance-solution/lg-electronics-unveils-total-component-solutions-for-commercial-rooftop-systems-at-ahr-expo-2026/,Global-site,Global Newsroom,82
https://www.lg.com/global/newsroom/news/eco-solution/lg-electronics-unveils-all-new-if-award-winning-indoor-unit-lineup-for-water-heating-solutions/,Global-site,Global Newsroom,82
https://www.lg.com/global/newsroom/insights/executive-corner/executive-corner-when-displays-become-interfaces-pioneering-human-centered-experiences-in-the-sdv-era/,Global-site,Global Newsroom,79
https://www.lg.com/global/newsroom/news/home-appliance-solution/lg-electronics-to-unveil-next-generation-component-technologies-at-ahr-expo-2026/,Global-site,Global Newsroom,86
https://www.lg.com/global/newsroom/news/home-appliance-solution/lg-electronics-presents-the-future-of-luxury-home-living-at-kbis-2026/,Global-site,Global Newsroom,75
https://www.lg.com/global/newsroom/b2b/product-and-solutions/lg-electronics-unveils-new-lg-magnit-micro-led-display-at-ise-2026/,Global-site,Global Newsroom,86
https://www.lg.com/global/newsroom/news/media-entertainment-solution/lg-electronics-unveils-new-lg-magnit-micro-led-display-at-ise-2026/,Global-site,Global Newsroom,86
https://www.lg.com/global/newsroom/b2b/product-and-solutions/lg-electronics-to-unveil-next-generation-component-technologies-at-ahr-expo-2026/,Global-site,Global Newsroom,86
https://www.lg.com/global/newsroom/b2b/product-and-solutions/lg-electronics-unveils-total-component-solutions-for-commercial-rooftop-systems-at-ahr-expo-2026/,Global-site,Global Newsroom,82
https://www.lg.com/global/newsroom/news/home-appliance-solution/lg-electronics-washtower-surpasses-3-2-million-units-sold-worldwide/,Global-site,Global Newsroom,82
https://www.lg.com/global/newsroom/news/corporate/lg-electronics-unveils-its-approach-to-ai-in-action/,Global-site,Global Newsroom,82
https://www.lg.com/global/newsroom/news/corporate/lg-electronics-showcases-affectionate-intelligence-in-action-at-ces-2026/,Global-site,Global Newsroom,82
https://www.lg.com/global/newsroom/news/media-entertainment-solution/lg-electronics-unveils-the-wallpaper-tv-the-worlds-thinnest-true-wireless-oled-tv/,Global-site,Global Newsroom,86
https://www.lg.com/global/newsroom/news/media-entertainment-solution/lg-electronics-expands-xboom-by-will-i-am-lineup-for-every-lifes/,Global-site,Global Newsroom,71
https://www.lg.com/global/newsroom/news/home-appliance-solution/lg-electronics-presents-lg-cloid-home-robot-to-demonstrate-zero-labor-home-at-ces-2026/,Global-site,Global Newsroom,86
https://www.lg.com/global/newsroom/news/media-entertainment-solution/lg-electronics-introduces-2026-lg-gram-lineup-elevated-by-aerominum/,Global-site,Global Newsroom,86
https://www.lg.com/global/newsroom/news/media-entertainment-solution/lg-electronics-announces-designed-for-lg-gaming-portal-certification-program-for-controllers/,Global-site,Global Newsroom,86
https://www.lg.com/global/newsroom/news/corporate/lg-nova-unveils-next-generation-of-ai-first-ventures-at-ces-2026/,Global-site,Global Newsroom,82
https://www.lg.com/in/tv-soundbars/4k-uhd-tvs/43nu870bpla/,India,제품 상세 (PDP),88
https://www.lg.com/in/tv-soundbars/4k-uhd-tvs/43nu875bpla/,India,제품 상세 (PDP),88
https://www.lg.com/in/tv-soundbars/4k-uhd-tvs/43ua73506la/,India,제품 상세 (PDP),85
https://www.lg.com/in/tv-soundbars/4k-uhd-tvs/43ua73806la/,India,제품 상세 (PDP),84
https://www.lg.com/in/tv-soundbars/4k-uhd-tvs/43ua82006la/,India,제품 상세 (PDP),85
https://www.lg.com/in/tv-soundbars/4k-uhd-tvs/43ua82506la/,India,제품 상세 (PDP),88
https://www.lg.com/in/tv-soundbars/4k-uhd-tvs/43ua83006la/,India,제품 상세 (PDP),85
https://www.lg.com/in/tv-soundbars/4k-uhd-tvs/43ua83506la/,India,제품 상세 (PDP),85
https://www.lg.com/in/tv-soundbars/4k-uhd-tvs/43uq7300pta/,India,제품 상세 (PDP),82
https://www.lg.com/in/tv-soundbars/4k-uhd-tvs/43ut73006la/,India,제품 상세 (PDP),85
https://www.lg.com/in/tv-soundbars/4k-uhd-tvs/50nu870bpla/,India,제품 상세 (PDP),88
https://www.lg.com/in/tv-soundbars/4k-uhd-tvs/50nu875bpla/,India,제품 상세 (PDP),88
https://www.lg.com/in/audio/bluetooth-speakers/xboom-bluetooth-speakers/bounce/,India,제품 상세 (PDP),88
https://www.lg.com/in/audio/bluetooth-speakers/xboom-bluetooth-speakers/grab/,India,제품 상세 (PDP),88
https://www.lg.com/in/audio/party-speaker-xboom/rnc5/,India,제품 상세 (PDP),82
https://www.lg.com/in/audio/party-speaker-xboom/rnc7/,India,제품 상세 (PDP),82
https://www.lg.com/in/audio/party-speaker-xboom/rnc9/,India,제품 상세 (PDP),82
https://www.lg.com/in/audio/party-speaker-xboom/xg2tbk/,India,제품 상세 (PDP),85
https://www.lg.com/in/audio/soundbars/s40t-cindllk/,India,제품 상세 (PDP),85
https://www.lg.com/in/audio/soundbars/s40tr/,India,제품 상세 (PDP),81
https://www.lg.com/in/audio/soundbars/s65tr/,India,제품 상세 (PDP),90
https://www.lg.com/in/audio/soundbars/s70tr/,India,제품 상세 (PDP),85
https://www.lg.com/in/audio/soundbars/s70ty-s/,India,제품 상세 (PDP),85
https://www.lg.com/in/audio/soundbars/s70ty/,India,제품 상세 (PDP),88
https://www.lg.com/in/audio/soundbars/s90ty/,India,제품 상세 (PDP),84
https://www.lg.com/in/audio/soundbars/s95tr/,India,제품 상세 (PDP),88
https://www.lg.com/in/audio/soundbars/sc9s/,India,제품 상세 (PDP),88
https://www.lg.com/in/audio/soundbars/sf1a/,India,제품 상세 (PDP),84
https://www.lg.com/in/audio/soundbars/spt8-s/,India,제품 상세 (PDP),84
https://www.lg.com/in/audio/soundbars/spt8-sr/,India,제품 상세 (PDP),84
https://www.lg.com/in/audio/soundbars/sq70ty/,India,제품 상세 (PDP),88
https://www.lg.com/in/audio/soundbars/sq75tr/,India,제품 상세 (PDP),88
https://www.lg.com/in/monitors/ergo-monitors/32qp880n-b/,India,제품 상세 (PDP),82
https://www.lg.com/in/monitors/fhd-qhd/19m38ab-b/,India,제품 상세 (PDP),84
https://www.lg.com/in/monitors/fhd-qhd/19m38hb-b/,India,제품 상세 (PDP),84
https://www.lg.com/in/monitors/fhd-qhd/19m38lb-b/,India,제품 상세 (PDP),84
https://www.lg.com/in/monitors/fhd-qhd/20m39a-b/,India,제품 상세 (PDP),81
https://www.lg.com/in/monitors/fhd-qhd/20m39h-b/,India,제품 상세 (PDP),84
https://www.lg.com/in/monitors/fhd-qhd/20u401a-b/,India,제품 상세 (PDP),82
https://www.lg.com/in/monitors/fhd-qhd/22mk600m-b-monitor/,India,제품 상세 (PDP),84
https://www.lg.com/in/monitors/fhd-qhd/22mk600m-b/,India,제품 상세 (PDP),81
https://www.lg.com/in/monitors/fhd-qhd/22mp400-b/,India,제품 상세 (PDP),84
https://www.lg.com/in/monitors/fhd-qhd/22mp410-b/,India,제품 상세 (PDP),84
https://www.lg.com/in/monitors/fhd-qhd/22mp410-w/,India,제품 상세 (PDP),84
https://www.lg.com/in/monitors/fhd-qhd/22mp68vq-p/,India,제품 상세 (PDP),81
https://www.lg.com/in/monitors/fhd-qhd/22mr410-b/,India,제품 상세 (PDP),84
https://www.lg.com/in/monitors/fhd-qhd/22u401a-b/,India,제품 상세 (PDP),82
https://www.lg.com/in/monitors/fhd-qhd/24ba450-b/,India,제품 상세 (PDP),82
https://www.lg.com/in/monitors/fhd-qhd/24ba650-b/,India,제품 상세 (PDP),79
https://www.lg.com/in/monitors/fhd-qhd/24ba850-b/,India,제품 상세 (PDP),82
https://www.lg.com/in/monitors/fhd-qhd/24mk600m-w/,India,제품 상세 (PDP),84
https://www.lg.com/in/monitors/fhd-qhd/24ml600s-w/,India,제품 상세 (PDP),84
https://www.lg.com/in/monitors/fhd-qhd/24mp400-b-fhd-qhd-monitors/,India,제품 상세 (PDP),88
https://www.lg.com/in/monitors/fhd-qhd/24mp400-b/,India,제품 상세 (PDP),84
https://www.lg.com/in/monitors/fhd-qhd/24mp400-w/,India,제품 상세 (PDP),84
https://www.lg.com/in/monitors/fhd-qhd/24mp450-b/,India,제품 상세 (PDP),88
https://www.lg.com/in/monitors/fhd-qhd/24mp60g-b/,India,제품 상세 (PDP),84
https://www.lg.com/in/monitors/fhd-qhd/24mp88hv/,India,제품 상세 (PDP),84
https://www.lg.com/in/monitors/fhd-qhd/24mr400-b/,India,제품 상세 (PDP),84
https://www.lg.com/in/monitors/fhd-qhd/24ms550-b/,India,제품 상세 (PDP),84
https://www.lg.com/in/monitors/fhd-qhd/24qp550-b/,India,제품 상세 (PDP),84
https://www.lg.com/in/monitors/fhd-qhd/24qp750-b/,India,제품 상세 (PDP),88
https://www.lg.com/in/monitors/fhd-qhd/24sp410m/,India,제품 상세 (PDP),84
https://www.lg.com/in/monitors/fhd-qhd/24u411a-b/,India,제품 상세 (PDP),82
https://www.lg.com/in/monitors/fhd-qhd/24u631a-b/,India,제품 상세 (PDP),82
https://www.lg.com/in/monitors/fhd-qhd/25ms500-b/,India,제품 상세 (PDP),84
https://www.lg.com/in/monitors/fhd-qhd/27ba650-b/,India,제품 상세 (PDP),82
https://www.lg.com/in/monitors/fhd-qhd/27ba850-b/,India,제품 상세 (PDP),82
https://www.lg.com/in/monitors/fhd-qhd/27mk600m-w/,India,제품 상세 (PDP),81
https://www.lg.com/in/monitors/fhd-qhd/27ml600s-w/,India,제품 상세 (PDP),84
https://www.lg.com/in/monitors/fhd-qhd/27mp400-b/,India,제품 상세 (PDP),84
https://www.lg.com/in/monitors/fhd-qhd/27mp400-w/,India,제품 상세 (PDP),84
https://www.lg.com/in/monitors/fhd-qhd/27mp450-b/,India,제품 상세 (PDP),88
https://www.lg.com/in/monitors/fhd-qhd/27mr400-b/,India,제품 상세 (PDP),84
https://www.lg.com/in/monitors/fhd-qhd/27ms500-b/,India,제품 상세 (PDP),84
https://www.lg.com/in/monitors/fhd-qhd/27ms550-b/,India,제품 상세 (PDP),84
https://www.lg.com/in/monitors/fhd-qhd/27ms570b-b/,India,제품 상세 (PDP),82
https://www.lg.com/in/monitors/fhd-qhd/27qn600-b/,India,제품 상세 (PDP),84
https://www.lg.com/in/monitors/fhd-qhd/27qn850-b/,India,제품 상세 (PDP),84
https://www.lg.com/in/monitors/fhd-qhd/27qn880-b/,India,제품 상세 (PDP),82
https://www.lg.com/in/monitors/fhd-qhd/27u411a-b/,India,제품 상세 (PDP),82
https://www.lg.com/in/refrigerators/chest-freezer/cxh2u13a1pa/,India,제품 상세 (PDP),84
https://www.lg.com/in/refrigerators/chest-freezer/cxh5p14a1pa/,India,제품 상세 (PDP),84
https://www.lg.com/in/refrigerators/chest-freezer/cxh8r24a1sk/,India,제품 상세 (PDP),81
https://www.lg.com/in/refrigerators/chest-freezer/cxh8r25a1pa/,India,제품 상세 (PDP),84
https://www.lg.com/in/refrigerators/chest-freezer/cxheq24a1sk/,India,제품 상세 (PDP),84
https://www.lg.com/in/refrigerators/chest-freezer/cxheq25a1pa/,India,제품 상세 (PDP),84
https://www.lg.com/in/refrigerators/double-door-refrigerators/gl-b382cdsy/,India,제품 상세 (PDP),85
https://www.lg.com/in/refrigerators/double-door-refrigerators/gl-b382dpzx/,India,제품 상세 (PDP),85
https://www.lg.com/in/refrigerators/double-door-refrigerators/gl-b382ebmx/,India,제품 상세 (PDP),85
https://www.lg.com/in/refrigerators/double-door-refrigerators/gl-b382fptx/,India,제품 상세 (PDP),85
https://www.lg.com/in/refrigerators/double-door-refrigerators/gl-c322kpzy/,India,제품 상세 (PDP),88
https://www.lg.com/in/refrigerators/double-door-refrigerators/gl-i292rpzx-n/,India,제품 상세 (PDP),84
https://www.lg.com/in/refrigerators/double-door-refrigerators/gl-i292rpzx/,India,제품 상세 (PDP),88
https://www.lg.com/in/refrigerators/double-door-refrigerators/gl-i292rpzy/,India,제품 상세 (PDP),84
https://www.lg.com/in/refrigerators/double-door-refrigerators/gl-n252ydsy/,India,제품 상세 (PDP),82
https://www.lg.com/in/refrigerators/double-door-refrigerators/gl-n252yoby/,India,제품 상세 (PDP),82
https://www.lg.com/in/refrigerators/double-door-refrigerators/gl-n262sdsx/,India,제품 상세 (PDP),91
https://www.lg.com/in/refrigerators/double-door-refrigerators/gl-n292bbcy/,India,제품 상세 (PDP),88
https://www.lg.com/in/refrigerators/double-door-refrigerators/gl-n292bdsy/,India,제품 상세 (PDP),91
https://www.lg.com/in/refrigerators/double-door-refrigerators/gl-n292bscy/,India,제품 상세 (PDP),88
https://www.lg.com/in/refrigerators/double-door-refrigerators/gl-n292ddsy/,India,제품 상세 (PDP),84
https://www.lg.com/in/refrigerators/double-door-refrigerators/gl-n292dpby/,India,제품 상세 (PDP),88
https://www.lg.com/in/refrigerators/double-door-refrigerators/gl-n292dpzy/,India,제품 상세 (PDP),88
https://www.lg.com/in/refrigerators/double-door-refrigerators/gl-n292rdsy/,India,제품 상세 (PDP),88
https://www.lg.com/in/refrigerators/double-door-refrigerators/gl-n312sdsy/,India,제품 상세 (PDP),91
https://www.lg.com/in/refrigerators/double-door-refrigerators/gl-n312spzy/,India,제품 상세 (PDP),91
https://www.lg.com/in/refrigerators/double-door-refrigerators/gl-n382sdsy/,India,제품 상세 (PDP),88
https://www.lg.com/in/refrigerators/double-door-refrigerators/gl-n412sdsy/,India,제품 상세 (PDP),88
https://www.lg.com/in/refrigerators/double-door-refrigerators/gl-n422sdsy-ds/,India,제품 상세 (PDP),88
https://www.lg.com/in/refrigerators/double-door-refrigerators/gl-n422sdsy/,India,제품 상세 (PDP),88
https://www.lg.com/in/refrigerators/double-door-refrigerators/gl-s262sdsx/,India,제품 상세 (PDP),91
https://www.lg.com/in/refrigerators/double-door-refrigerators/gl-s262selx/,India,제품 상세 (PDP),88
https://www.lg.com/in/refrigerators/double-door-refrigerators/gl-s262sesx/,India,제품 상세 (PDP),88
https://www.lg.com/in/refrigerators/double-door-refrigerators/gl-s262sfsx/,India,제품 상세 (PDP),88
https://www.lg.com/in/refrigerators/double-door-refrigerators/gl-s262spzx/,India,제품 상세 (PDP),91
https://www.lg.com/in/refrigerators/double-door-refrigerators/gl-s292rdsx/,India,제품 상세 (PDP),88
https://www.lg.com/in/refrigerators/double-door-refrigerators/gl-s292sbwy/,India,제품 상세 (PDP),88
https://www.lg.com/in/refrigerators/double-door-refrigerators/gl-s292spzy-n/,India,제품 상세 (PDP),87
https://www.lg.com/in/refrigerators/double-door-refrigerators/gl-s292spzy/,India,제품 상세 (PDP),91
https://www.lg.com/in/refrigerators/double-door-refrigerators/gl-s292srwy/,India,제품 상세 (PDP),88
https://www.lg.com/in/refrigerators/double-door-refrigerators/gl-s302spzy/,India,제품 상세 (PDP),88
https://www.lg.com/in/refrigerators/double-door-refrigerators/gl-s312scpy/,India,제품 상세 (PDP),88
https://www.lg.com/in/refrigerators/double-door-refrigerators/gl-s312segy/,India,제품 상세 (PDP),88
https://www.lg.com/in/refrigerators/double-door-refrigerators/gl-s312snby/,India,제품 상세 (PDP),88
https://www.lg.com/in/refrigerators/double-door-refrigerators/gl-s312spzx/,India,제품 상세 (PDP),91
https://www.lg.com/in/refrigerators/double-door-refrigerators/gl-s312spzy/,India,제품 상세 (PDP),91
https://www.lg.com/in/refrigerators/double-door-refrigerators/gl-s322sesy/,India,제품 상세 (PDP),88
https://www.lg.com/in/refrigerators/double-door-refrigerators/gl-s342sdsx/,India,제품 상세 (PDP),91
https://www.lg.com/in/laundry/dryers/dhv09sab/,India,제품 상세 (PDP),85
https://www.lg.com/in/dishwasher/dfb335hm/,India,제품 상세 (PDP),85
https://www.lg.com/in/commercial-washing-machines/commercial-dryer/cdt29cuoes/,India,제품 상세 (PDP),85
https://www.lg.com/in/laundry/dryers/dhv09sam/,India,제품 상세 (PDP),85
https://www.lg.com/in/dishwasher/dfb424fm/,India,제품 상세 (PDP),88
https://www.lg.com/in/commercial-washing-machines/commercial-dryer/rn1329an7s/,India,제품 상세 (PDP),88
https://www.lg.com/in/laundry/front-loading-washing-machines/fhb1207z2m/,India,제품 상세 (PDP),88
https://www.lg.com/in/dishwasher/dfb424fp/,India,제품 상세 (PDP),88
https://www.lg.com/in/commercial-washing-machines/commercial-dryer/rn1840cd7/,India,제품 상세 (PDP),88
https://www.lg.com/in/laundry/front-loading-washing-machines/fhb1207z2ma/,India,제품 상세 (PDP),88
https://www.lg.com/in/dishwasher/dfb435fm/,India,제품 상세 (PDP),85
https://www.lg.com/in/commercial-washing-machines/commercial-dryer/rv1329c7t/,India,제품 상세 (PDP),88
https://www.lg.com/in/laundry/front-loading-washing-machines/fhb1207z2w/,India,제품 상세 (PDP),87
https://www.lg.com/in/dishwasher/dfb435fv/,India,제품 상세 (PDP),84
https://www.lg.com/in/commercial-washing-machines/commercial-dryer/rv1840cd7/,India,제품 상세 (PDP),88
https://www.lg.com/in/laundry/front-loading-washing-machines/fhb1207z4m/,India,제품 상세 (PDP),88
https://www.lg.com/in/commercial-washing-machines/commercial-washer/cwg27mdohs/,India,제품 상세 (PDP),85
https://www.lg.com/in/laundry/front-loading-washing-machines/fhb1208z2m/,India,제품 상세 (PDP),88
https://www.lg.com/in/dishwasher/dfb532fp/,India,제품 상세 (PDP),91
https://www.lg.com/in/commercial-washing-machines/commercial-washer/cwt29cdohs/,India,제품 상세 (PDP),88
https://www.lg.com/in/laundry/front-loading-washing-machines/fhb1208z4m/,India,제품 상세 (PDP),87
https://www.lg.com/in/commercial-washing-machines/commercial-washer/cwt29mdohs/,India,제품 상세 (PDP),82
https://www.lg.com/in/laundry/front-loading-washing-machines/fhb1208z4p/,India,제품 상세 (PDP),88
https://www.lg.com/in/laundry/front-loading-washing-machines/fhb1209z2m/,India,제품 상세 (PDP),88
https://www.lg.com/in/laundry/front-loading-washing-machines/fhb1209z4b/,India,제품 상세 (PDP),88
https://www.lg.com/in/laundry/front-loading-washing-machines/fhb1209z4m/,India,제품 상세 (PDP),88
https://www.lg.com/in/laundry/front-loading-washing-machines/fhb1209z4p/,India,제품 상세 (PDP),88
https://www.lg.com/in/laundry/front-loading-washing-machines/fhp1208a5m/,India,제품 상세 (PDP),88
https://www.lg.com/in/laundry/front-loading-washing-machines/fhp1208z5m/,India,제품 상세 (PDP),91
https://www.lg.com/in/laundry/front-loading-washing-machines/fhp1209z5m/,India,제품 상세 (PDP),88
https://www.lg.com/in/laundry/front-loading-washing-machines/fhp1209z7p/,India,제품 상세 (PDP),88
https://www.lg.com/in/laundry/front-loading-washing-machines/fhp1209z9b/,India,제품 상세 (PDP),91
https://www.lg.com/in/laundry/front-loading-washing-machines/fhp1210z6o/,India,제품 상세 (PDP),88
https://www.lg.com/in/laundry/front-loading-washing-machines/fhp1410z3m/,India,제품 상세 (PDP),88
https://www.lg.com/in/laundry/front-loading-washing-machines/fhp1410z5m/,India,제품 상세 (PDP),91
https://www.lg.com/in/laundry/front-loading-washing-machines/fhp1410z7p/,India,제품 상세 (PDP),91
https://www.lg.com/in/laundry/front-loading-washing-machines/fhp1411z9b/,India,제품 상세 (PDP),91
https://www.lg.com/in/laundry/front-loading-washing-machines/fhp1412z3o/,India,제품 상세 (PDP),87
https://www.lg.com/in/laundry/front-loading-washing-machines/fhp1412z5o/,India,제품 상세 (PDP),88
https://www.lg.com/in/laundry/front-loading-washing-machines/fhp1412z9b/,India,제품 상세 (PDP),87
https://www.lg.com/in/air-conditioners/split-air-conditioners/as-h19bnxe/,India,제품 상세 (PDP),88
https://www.lg.com/in/air-conditioners/split-air-conditioners/as-h19vnxe/,India,제품 상세 (PDP),88
https://www.lg.com/in/air-conditioners/split-air-conditioners/as-q11fnve/,India,제품 상세 (PDP),85
https://www.lg.com/in/air-conditioners/split-air-conditioners/as-q11knve/,India,제품 상세 (PDP),88
https://www.lg.com/in/air-conditioners/split-air-conditioners/as-q12cnxe/,India,제품 상세 (PDP),85
https://www.lg.com/in/air-conditioners/split-air-conditioners/as-q12ynxe/,India,제품 상세 (PDP),85
https://www.lg.com/in/air-conditioners/split-air-conditioners/as-q13jnye/,India,제품 상세 (PDP),88
https://www.lg.com/in/air-conditioners/split-air-conditioners/as-q14enze-p/,India,제품 상세 (PDP),85
https://www.lg.com/in/air-conditioners/split-air-conditioners/as-q18anxe-n/,India,제품 상세 (PDP),85
https://www.lg.com/in/air-conditioners/split-air-conditioners/as-q18anxe/,India,제품 상세 (PDP),85
https://www.lg.com/in/air-conditioners/split-air-conditioners/as-q18cwxe/,India,제품 상세 (PDP),85
https://www.lg.com/in/air-conditioners/split-air-conditioners/as-q18dnxe-n/,India,제품 상세 (PDP),85
https://www.lg.com/in/air-conditioners/split-air-conditioners/as-q18dnxe/,India,제품 상세 (PDP),85
https://www.lg.com/in/air-conditioners/split-air-conditioners/as-q18hwxe/,India,제품 상세 (PDP),85
https://www.lg.com/in/air-conditioners/split-air-conditioners/as-q18jnxe/,India,제품 상세 (PDP),85
https://www.lg.com/in/air-conditioners/split-air-conditioners/as-q18jnxe1/,India,제품 상세 (PDP),85
https://www.lg.com/in/air-conditioners/split-air-conditioners/as-q18lnxe-n/,India,제품 상세 (PDP),85
https://www.lg.com/in/air-conditioners/split-air-conditioners/as-q18tnxe-n/,India,제품 상세 (PDP),85
https://www.lg.com/in/air-conditioners/split-air-conditioners/as-q18tnxe1/,India,제품 상세 (PDP),85
https://www.lg.com/in/air-conditioners/split-air-conditioners/as-q18ynxe-n/,India,제품 상세 (PDP),85
https://www.lg.com/in/air-conditioners/split-air-conditioners/as-q18znxe-n/,India,제품 상세 (PDP),85
https://www.lg.com/in/air-care/air-purifiers/as60ghwg0/,India,제품 상세 (PDP),88
https://www.lg.com/in/microwave-ovens/charcoal-convection-microwave/mj2887bfum/,India,제품 상세 (PDP),88
https://www.lg.com/in/microwave-ovens/charcoal-convection-microwave/mj2887bhtm/,India,제품 상세 (PDP),84
https://www.lg.com/in/microwave-ovens/charcoal-convection-microwave/mj2887bium/,India,제품 상세 (PDP),84
https://www.lg.com/in/microwave-ovens/charcoal-convection-microwave/mj2887bwum/,India,제품 상세 (PDP),91
https://www.lg.com/in/microwave-ovens/convection-microwave/mc2146bg/,India,제품 상세 (PDP),84
https://www.lg.com/in/microwave-ovens/convection-microwave/mc2146bl/,India,제품 상세 (PDP),88
https://www.lg.com/in/microwave-ovens/convection-microwave/mc2146br/,India,제품 상세 (PDP),88
https://www.lg.com/in/microwave-ovens/convection-microwave/mc2146bv/,India,제품 상세 (PDP),91
https://www.lg.com/in/microwave-ovens/convection-microwave/mc2846bg/,India,제품 상세 (PDP),88
https://www.lg.com/in/microwave-ovens/convection-microwave/mc2846br/,India,제품 상세 (PDP),88
https://www.lg.com/in/microwave-ovens/convection-microwave/mc2846bv/,India,제품 상세 (PDP),91
https://www.lg.com/in/microwave-ovens/convection-microwave/mc2846sl/,India,제품 상세 (PDP),88
https://www.lg.com/in/microwave-ovens/convection-microwave/mc2886brum/,India,제품 상세 (PDP),90
https://www.lg.com/in/microwave-ovens/convection-microwave/mc3286blu/,India,제품 상세 (PDP),84
https://www.lg.com/in/microwave-ovens/convection-microwave/mc3286brum/,India,제품 상세 (PDP),91
https://www.lg.com/in/microwave-ovens/convertible-oven/mjen286ubwf/,India,제품 상세 (PDP),88
https://www.lg.com/in/microwave-ovens/convertible-oven/mjen286ufwf/,India,제품 상세 (PDP),88
https://www.lg.com/in/microwave-ovens/convertible-oven/mjen286ugwf/,India,제품 상세 (PDP),88
https://www.lg.com/in/microwave-ovens/convertible-oven/mjen286uhwf/,India,제품 상세 (PDP),88
https://www.lg.com/in/microwave-ovens/convertible-oven/mjen286ujwf/,India,제품 상세 (PDP),88
https://www.lg.com/in/microwave-ovens/convertible-oven/mjen326uhwf/,India,제품 상세 (PDP),88
https://www.lg.com/in/microwave-ovens/convertible-oven/mjen326ulwf/,India,제품 상세 (PDP),88
https://www.lg.com/in/microwave-ovens/grill-solo-microwave/mh2044db/,India,제품 상세 (PDP),88
https://www.lg.com/in/microwave-ovens/grill-solo-microwave/ms2043bp/,India,제품 상세 (PDP),81
https://www.lg.com/in/microwave-ovens/grill-solo-microwave/ms2043db/,India,제품 상세 (PDP),88
https://www.lg.com/in/microwave-ovens/grill-solo-microwave/ms3032bk/,India,제품 상세 (PDP),84
https://www.lg.com/in/microwave-ovens/wifi-enabled-charcoal-convection-microwave/mjen286ubw/,India,제품 상세 (PDP),91
https://www.lg.com/in/microwave-ovens/wifi-enabled-charcoal-convection-microwave/mjen286ufw/,India,제품 상세 (PDP),88
https://www.lg.com/in/microwave-ovens/wifi-enabled-charcoal-convection-microwave/mjen286uhw/,India,제품 상세 (PDP),88
https://www.lg.com/in/appliance-accessories/aaa77944201/,India,제품 상세 (PDP),81
https://www.lg.com/in/care-accessories/air-conditioners/filter/5230a30017d/,India,제품 상세 (PDP),84
https://www.lg.com/in/microwave-ovens/wifi-enabled-charcoal-convection-microwave/mjen326pkw/,India,제품 상세 (PDP),88
https://www.lg.com/in/monitors/fhd-qhd/27u631a-b/,India,제품 상세 (PDP),82
https://www.lg.com/in/projectors/home-cinema-projectors/au810pw/,India,제품 상세 (PDP),82
https://www.lg.com/in/refrigerators/double-door-refrigerators/gl-s342spzy/,India,제품 상세 (PDP),91
https://www.lg.com/in/tv-soundbars/4k-uhd-tvs/50ua82006la/,India,제품 상세 (PDP),84
https://www.lg.com/in/appliance-accessories/aap75494601/,India,제품 상세 (PDP),84
https://www.lg.com/in/care-accessories/air-conditioners/others/aaa74921612/,India,제품 상세 (PDP),84
https://www.lg.com/in/computer-accessories/msa2/,India,제품 상세 (PDP),84
https://www.lg.com/in/laptop/gram/14z90r-g-cp54a2/,India,제품 상세 (PDP),85
https://www.lg.com/in/laundry/front-loading-washing-machines/fx1412a5ed/,India,제품 상세 (PDP),85
https://www.lg.com/in/microwave-ovens/wifi-enabled-charcoal-convection-microwave/mjen326sbw/,India,제품 상세 (PDP),88
https://www.lg.com/in/monitors/fhd-qhd/32mp60g-b/,India,제품 상세 (PDP),88
https://www.lg.com/in/projectors/home-cinema-projectors/bf50nst/,India,제품 상세 (PDP),82
https://www.lg.com/in/refrigerators/double-door-refrigerators/gl-s342susy/,India,제품 상세 (PDP),88
https://www.lg.com/in/tv-soundbars/4k-uhd-tvs/50ua82506la/,India,제품 상세 (PDP),85
https://www.lg.com/in/water-purifiers/ww120nnc/,India,제품 상세 (PDP),91
https://www.lg.com/in/care-accessories/air-conditioners/others/cls30099501/,India,제품 상세 (PDP),84
https://www.lg.com/in/computer-accessories/ugp90hb-b/,India,제품 상세 (PDP),82
https://www.lg.com/in/laptop/gram/14z90r-g-cp75a2/,India,제품 상세 (PDP),85
https://www.lg.com/in/laundry/front-loading-washing-machines/fx1412a9g/,India,제품 상세 (PDP),88
https://www.lg.com/in/lg-best-care/bright-care/ileac12c260300006/,India,제품 상세 (PDP),84
https://www.lg.com/in/microwave-ovens/wifi-enabled-charcoal-convection-microwave/mjen326sfw/,India,제품 상세 (PDP),91
https://www.lg.com/in/monitors/fhd-qhd/32mr50c-b/,India,제품 상세 (PDP),88
https://www.lg.com/in/projectors/home-cinema-projectors/bf50rg/,India,제품 상세 (PDP),82
https://www.lg.com/in/refrigerators/double-door-refrigerators/gl-s382sbmy/,India,제품 상세 (PDP),88
https://www.lg.com/in/tv-soundbars/4k-uhd-tvs/50ua83006la/,India,제품 상세 (PDP),85
https://www.lg.com/in/appliance-accessories/akb74955624/,India,제품 상세 (PDP),84
https://www.lg.com/in/care-accessories/air-conditioners/others/cls31020007/,India,제품 상세 (PDP),84
https://www.lg.com/in/laptop/gram/16z90r-g-cp75a2/,India,제품 상세 (PDP),85
https://www.lg.com/in/laundry/front-loading-washing-machines/fx1412a9k/,India,제품 상세 (PDP),85
https://www.lg.com/in/lg-best-care/bright-care/ileac12c260300007/,India,제품 상세 (PDP),84
https://www.lg.com/in/microwave-ovens/wifi-enabled-charcoal-convection-microwave/mjen326uhw/,India,제품 상세 (PDP),88
https://www.lg.com/in/monitors/fhd-qhd/32qn600-b/,India,제품 상세 (PDP),84
https://www.lg.com/in/projectors/home-cinema-projectors/bf60pst/,India,제품 상세 (PDP),82
https://www.lg.com/in/refrigerators/double-door-refrigerators/gl-s382sdsx/,India,제품 상세 (PDP),88
https://www.lg.com/in/tv-soundbars/4k-uhd-tvs/50ua83506la/,India,제품 상세 (PDP),84
https://www.lg.com/in/water-purifiers/ww131nf/,India,제품 상세 (PDP),88
https://www.lg.com/in/appliance-accessories/cls31460003/,India,제품 상세 (PDP),84
https://www.lg.com/in/care-accessories/air-conditioners/others/cls32182901/,India,제품 상세 (PDP),84
https://www.lg.com/in/laundry/front-loading-washing-machines/fx1412n3o/,India,제품 상세 (PDP),85
https://www.lg.com/in/monitors/fhd-qhd/32qn650-b/,India,제품 상세 (PDP),88
https://www.lg.com/in/projectors/home-cinema-projectors/bf60rg/,India,제품 상세 (PDP),82
https://www.lg.com/in/refrigerators/double-door-refrigerators/gl-s382sesy/,India,제품 상세 (PDP),88
https://www.lg.com/in/air-conditioners/split-air-conditioners/as-q19bnze1/,India,제품 상세 (PDP),85
https://www.lg.com/in/appliance-accessories/cls31460005/,India,제품 상세 (PDP),84
https://www.lg.com/in/care-accessories/air-conditioners/others/cls32187101/,India,제품 상세 (PDP),84
https://www.lg.com/in/laundry/front-loading-washing-machines/fx1412n5o/,India,제품 상세 (PDP),88
https://www.lg.com/in/microwave-ovens/wifi-enabled-charcoal-convection-microwave/mjen326ulw/,India,제품 상세 (PDP),88
https://www.lg.com/in/projectors/home-cinema-projectors/bu50nst/,India,제품 상세 (PDP),84
https://www.lg.com/in/refrigerators/double-door-refrigerators/gl-s382spzy/,India,제품 상세 (PDP),91
https://www.lg.com/in/air-conditioners/split-air-conditioners/as-q19cnxe-n/,India,제품 상세 (PDP),85
https://www.lg.com/in/appliance-accessories/cls31460006/,India,제품 상세 (PDP),88
https://www.lg.com/in/care-accessories/air-conditioners/remote-controller/akb72955815/,India,제품 상세 (PDP),84
https://www.lg.com/in/laundry/front-loading-washing-machines/fx1412n9k/,India,제품 상세 (PDP),85
https://www.lg.com/in/lg-best-care/bright-care/ilerf12c250700005/,India,제품 상세 (PDP),84
https://www.lg.com/in/monitors/fhd-qhd/32u631a-b/,India,제품 상세 (PDP),82
https://www.lg.com/in/projectors/home-cinema-projectors/bu50rg/,India,제품 상세 (PDP),82
https://www.lg.com/in/refrigerators/double-door-refrigerators/gl-s382susy/,India,제품 상세 (PDP),88
https://www.lg.com/in/water-purifiers/ww132nf/,India,제품 상세 (PDP),88
https://www.lg.com/in/appliance-accessories/cls31800202/,India,제품 상세 (PDP),84
https://www.lg.com/in/care-accessories/air-conditioners/remote-controller/akb73315616/,India,제품 상세 (PDP),84
https://www.lg.com/in/lg-best-care/bright-care/ilerf12c250700007/,India,제품 상세 (PDP),84
https://www.lg.com/in/monitors/gaming/24g411a-b/,India,제품 상세 (PDP),85
https://www.lg.com/in/projectors/home-cinema-projectors/bu53pst/,India,제품 상세 (PDP),82
https://www.lg.com/in/refrigerators/double-door-refrigerators/gl-s412sesy-es/,India,제품 상세 (PDP),88
https://www.lg.com/in/appliance-accessories/cls32170401/,India,제품 상세 (PDP),84
https://www.lg.com/in/care-accessories/air-conditioners/remote-controller/akb73355722/,India,제품 상세 (PDP),84
https://www.lg.com/in/monitors/gaming/24g411b-b/,India,제품 상세 (PDP),84
https://www.lg.com/in/projectors/home-cinema-projectors/bu53rg/,India,제품 상세 (PDP),82
https://www.lg.com/in/refrigerators/double-door-refrigerators/gl-s412spzx/,India,제품 상세 (PDP),88
https://www.lg.com/in/appliance-accessories/cls32171401/,India,제품 상세 (PDP),84
https://www.lg.com/in/care-accessories/air-conditioners/remote-controller/akb73598011/,India,제품 상세 (PDP),84
https://www.lg.com/in/laundry/semi-automatic-washing-machines/p1040rgaz/,India,제품 상세 (PDP),88
https://www.lg.com/in/monitors/gaming/24gn60r-b/,India,제품 상세 (PDP),88
https://www.lg.com/in/projectors/home-cinema-projectors/bu60pst/,India,제품 상세 (PDP),82
https://www.lg.com/in/refrigerators/double-door-refrigerators/gl-s412spzy-pz/,India,제품 상세 (PDP),88
https://www.lg.com/in/air-conditioners/split-air-conditioners/as-q19cwze1/,India,제품 상세 (PDP),85
https://www.lg.com/in/appliance-accessories/cls32171402/,India,제품 상세 (PDP),84
https://www.lg.com/in/care-accessories/air-conditioners/remote-controller/akb73795706/,India,제품 상세 (PDP),84
https://www.lg.com/in/laundry/semi-automatic-washing-machines/p105asraz/,India,제품 상세 (PDP),88
https://www.lg.com/in/monitors/gaming/24gn65r-b/,India,제품 상세 (PDP),85
https://www.lg.com/in/projectors/home-cinema-projectors/bu60rg/,India,제품 상세 (PDP),82
https://www.lg.com/in/refrigerators/double-door-refrigerators/gl-s412susy-us/,India,제품 상세 (PDP),88
https://www.lg.com/in/air-conditioners/ac-tips/air-conditioner-buying-guide/,India,구매 가이드,64
https://www.lg.com/in/air-conditioners/rac-product-buying-guide/,India,구매 가이드,83
https://www.lg.com/in/laundry/laundry-tips/lg-washing-machine-buying-guide/,India,구매 가이드,90
https://www.lg.com/in/magazine/gaming-monitor-buying-guide/,India,구매 가이드,89
https://www.lg.com/in/magazine/ultimate-computer-monitor-buying-guide/,India,구매 가이드,85
https://www.lg.com/in/microsite-article/ms/it/monitor/ultragear-buying-guide/,India,구매 가이드,86
https://www.lg.com/in/qned-tvs/2021/qned-buying-guide/,India,구매 가이드,75
https://www.lg.com/in/tv-soundbars/tv-buying-guide/,India,구매 가이드,79
https://www.lg.com/in/tv-soundbars/tv-buying-guide/gaming-tv/,India,구매 가이드,79
https://www.lg.com/in/tv-soundbars/tv-buying-guide/home-cinema/,India,구매 가이드,79
https://www.lg.com/in/tv-soundbars/tv-buying-guide/sport-tv/,India,구매 가이드,83
https://www.lg.com/in/tv-soundbars/tv-buying-guide/tv-size/,India,구매 가이드,76
https://www.lg.com/in/tv-soundbars/tv-buying-guide/tv-technology/what-is-4k-tv/,India,구매 가이드,83
https://www.lg.com/in/tv-soundbars/tv-buying-guide/what-is-a-smart-tv-ai-tv/,India,구매 가이드,79
https://www.lg.com/in/washing-machine-buying-guide/,India,구매 가이드,75
https://www.lg.com/in/magazine/what-makes-lg-water-purifiers-unique/,India,Microsite,89
https://www.lg.com/in/magazine/best-lg-frost-free-double-door-refrigerators-of-2026/,India,Microsite,93
https://www.lg.com/in/microwave-oven-scan-to-cook/,India,Microsite,72
https://www.lg.com/in/magazine/fully-automatic-vs-semi-automatic-washing-machines-an-honest-guide-for-buyers/,India,Microsite,86
https://www.lg.com/in/moodup-refrigerators/,India,Microsite,76
https://www.lg.com/in/magazine/how-lg-window-acs-low-noise-design-promotes-better-sleep-quality/,India,Microsite,81
https://www.lg.com/in/qned-tvs/2022/why-lg-qned/,India,Microsite,79
https://www.lg.com/in/magazine/curved-vs-flat-monitors-for-gaming-which-one-is-best-for-you/,India,Microsite,93
https://www.lg.com/in/magazine/why-should-you-buy-an-lg-washer-and-dryer/,India,Microsite,89
https://www.lg.com/in/range-e-catalogue/,India,Microsite,81
https://www.lg.com/in/magazine/why-is-it-essential-to-set-up-an-air-purifier-in-your-home/,India,Microsite,89
https://www.lg.com/in/magazine/how-a-hot-and-cold-ac-is-an-all-weather-investment/,India,Microsite,93
https://www.lg.com/in/air-conditioners/lg-article-air-conditioner-energy/,India,Microsite,89
https://www.lg.com/in/best/,India,Microsite,71
https://www.lg.com/in/magazine/best-home-appliances-gifts-for-mothers-day/,India,Microsite,83
https://www.lg.com/in/magazine/how-to-choose-a-water-purifier-based-on-your-needs/,India,Microsite,86
https://www.lg.com/in/washing-machines/twinwash/installation/,India,Microsite,72
https://www.lg.com/in/magazine/uhd-vs-oled-vs-qned-tvs/,India,Microsite,89
https://www.lg.com/in/moodup-refrigerators/thankyou/,India,Microsite,75
https://www.lg.com/in/magazine/best-monitor-for-work-from-home-setups/,India,Microsite,90
https://www.lg.com/in/magazine/what-is-a-door-cooling-refrigerator/,India,Microsite,82
https://www.lg.com/in/magazine/top-load-vs-front-load/,India,Microsite,93
https://www.lg.com/in/magazine/how-to-clean-your-washing-machine/,India,Microsite,86
https://www.lg.com/in/thinqcoupondownload/,India,Microsite,71
https://www.lg.com/in/air-conditioners/lg-article-air-conditioner-temperature/,India,Microsite,86
https://www.lg.com/in/appliances-catalogue/,India,Microsite,82
https://www.lg.com/in/magazine/side-by-side-vs-french-door/,India,Microsite,93
https://www.lg.com/in/air-care-review/terms-and-conditions/,India,Microsite,71
https://www.lg.com/in/oled-circle/,India,Microsite,83
https://www.lg.com/in/air-conditioners/air-conditioners-an-efficient-home-heating-solution/,India,Microsite,82
https://www.lg.com/in/magazine/what-is-a-vrf-system-and-why-is-it-the-future-of-commercial-cooling/,India,Microsite,89
https://www.lg.com/in/magazine/front-load-vs-topload-washing-machines-which-is-right-for-you/,India,Microsite,89
https://www.lg.com/in/magazine/what-should-a-fridge-freezer-temperature-be/,India,Microsite,89
https://www.lg.com/in/magazine/how-are-washing-machines-energy-efficient-which-to-buy/,India,Microsite,89
https://www.lg.com/in/magazine/why-should-we-use-a-clothes-dryer/,India,Microsite,89
https://www.lg.com/in/magazine/why-are-inverter-direct-drive-washing-machines-trending/,India,Microsite,86
https://www.lg.com/in/magazine/how-to-clean-a-microwave-without-harsh-chemicals/,India,Microsite,86
https://www.lg.com/in/catalogue/best-care-amc-pdf/,India,Microsite,79
https://www.lg.com/in/magazine/best-side-by-side-refrigerators-in-india/,India,Microsite,90
https://www.lg.com/in/magazine/best-lg-top-load-washing-machines-in-india/,India,Microsite,89
https://www.lg.com/in/air-conditioners/air-conditioners-with-wifi-connectivity/,India,Microsite,86
https://www.lg.com/in/magazine/what-makes-your-refrigerator-energy-efficient/,India,Microsite,89
https://www.lg.com/in/magazine/why-should-you-buy-a-qned-tv-for-your-home/,India,Microsite,89
https://www.lg.com/in/magazine/top-reasons-to-choose-a-bottom-freezer-refrigerator/,India,Microsite,86
https://www.lg.com/in/magazine/why-wet-cleaning-is-the-smart-choice-for-your-business/,India,Microsite,89
https://www.lg.com/in/bestshop/,India,Microsite,74
https://www.lg.com/in/magazine/how-lg-convertible-microwaves-are-revolutionizing-indian-cooking/,India,Microsite,86
https://www.lg.com/in/magazine/what-makes-lg-oled-different-from-led-tvs/,India,Microsite,93
https://www.lg.com/in/air-conditioners/ac-tips/,India,Microsite,83
https://www.lg.com/in/magazine/traditional-hand-washing-vs-dishwasher-a-comparison-of-efficiency-and-hygiene/,India,Microsite,93
https://www.lg.com/in/magazine/how-to-prevent-eye-strain-in-kids-expert-advice-from-dr-umang-mathur-ceo-of-dr-shroffs-charity-eye-hospital/,India,Microsite,81
https://www.lg.com/in/magazine/microwave-oven-vs-otg-oven-which-is-better-for-your-cooking-needs/,India,Microsite,85
https://www.lg.com/in/braille-remote-cover/,India,Microsite,79
https://www.lg.com/in/magazine/why-using-a-dishwasher-better-than-cleaning-dishes-with-your-hands/,India,Microsite,85
https://www.lg.com/in/washing-machines/twinwash/usage/,India,Microsite,76
https://www.lg.com/in/about-lg-india/,India,Microsite,82
https://www.lg.com/in/magazine/washer-dryer-combo-vs-separate-washing-machine-and-dryer/,India,Microsite,89
https://www.lg.com/in/magazine/how-to-choose-the-right-microwave-oven-for-your-family/,India,Microsite,89
https://www.lg.com/in/accessories-sale-tnc/,India,Microsite,71
https://www.lg.com/in/lgnanocell/accuracy/,India,Microsite,62
https://www.lg.com/in/tvs/why-lgoled/2023-oled-lineup/,India,Microsite,75
https://www.lg.com/in/air-conditioners-tnc/,India,Microsite,68
https://www.lg.com/in/magazine/what-makes-a-water-purifier-a-must-have-in-2022/,India,Microsite,81
https://www.lg.com/in/magazine/why-does-lg-study-water/,India,Microsite,85
https://www.lg.com/in/magazine/how-to-keep-your-lg-washing-machine-odour-free-and-running-smoothly/,India,Microsite,86
https://www.lg.com/in/magazine/best-tvs-for-streaming-ott-content-in-india/,India,Microsite,86
https://www.lg.com/in/magazine/what-factors-to-keep-in-mind-before-you-buy-an-air-purifier-in-india/,India,Microsite,81
https://www.lg.com/in/magazine/what-is-aqi-and-the-role-of-lg-purifiers-in-maintaining-iaq/,India,Microsite,85
https://www.lg.com/in/magazine/how-to-reduce-electricity-bills-with-energy-efficient-acs/,India,Microsite,85
https://www.lg.com/in/magazine/why-multi-door-refrigerators/,India,Microsite,89
https://www.lg.com/in/magazine/how-do-lg-air-purifiers-help-you-combat-increasing-air-pollution/,India,Microsite,89
https://www.lg.com/in/oled-circle-tandc/,India,Microsite,81
https://www.lg.com/in/magazine/how-to-choose-a-refrigerator-for-bulk-grocery-storage/,India,Microsite,86
https://www.lg.com/in/magazine/what-is-mrgb-tv/,India,Microsite,89
https://www.lg.com/in/lg-magazine/how-lg-old-tv-promises-to-redefine-your-home-entertainment-experience/,India,Microsite,89
https://www.lg.com/in/magazine/how-to-choose-the-best-lg-portable-lifestyle-projector-for-you/,India,Microsite,85
https://www.lg.com/in/brandshop-tamilnadu-diwalitnc/,India,Microsite,82
https://www.lg.com/in/magazine/how-lg-purifiers-retain-healthy-minerals-in-water/,India,Microsite,93
https://www.lg.com/in/magazine/how-lg-washing-machines-meet-india-s-energy-efficiency-standards/,India,Microsite,89
https://www.lg.com/in/lgnanocell2019/accuracy/,India,Microsite,59
https://www.lg.com/in/air-care-review/,India,Microsite,68
https://www.lg.com/in/magazine/what-star-ratings-really-mean-when-buying-an-ac-in-india/,India,Microsite,93
https://www.lg.com/in/washingmachines-termsconditions/,India,Microsite,79
https://www.lg.com/in/magazine/best-washing-machine-capacity-for-families-of-3-4-or-6/,India,Microsite,93
https://www.lg.com/in/magazine/why-you-should-buy-an-lg-dishwasher/,India,Microsite,85
https://www.lg.com/in/terms-conditions-refrigerators-coupon/,India,Microsite,74
https://www.lg.com/in/magazine/top-washing-machines-for-indian-fabrics/,India,Microsite,93
https://www.lg.com/in/amc-enquiry/thank-you/,India,Microsite,75
https://www.lg.com/in/monitors/ultragear/,India,Microsite,82
https://www.lg.com/in/magazine/how-to-choose-the-right-water-purifier-for-your-home/,India,Microsite,89
https://www.lg.com/in/magazine/best-oled-tvs-and-enhance-your-watching-experience/,India,Microsite,86
https://www.lg.com/in/magazine/how-to-save-electricity-with-smart-air-conditioners/,India,Microsite,89
https://www.lg.com/in/webos-smart-tv/highlights/,India,Microsite,78
https://www.lg.com/in/magazine/why-should-you-buy-an-ac-in-winter/,India,Microsite,93
https://www.lg.com/in/magazine/webos-smart-tv-vs-android-tv-know-the-difference/,India,Microsite,86
https://www.lg.com/in/magazine/why-air-fryer-microwaves-are-trending-in-indian-kitchens/,India,Microsite,86
https://www.lg.com/in/magazine/uv-vs-ro-water-purification-a-detailed-breakdown-for-the-discerning-drinker/,India,Microsite,93
https://www.lg.com/in/magazine/how-ai-picture-processing-improves-tv-viewing-quality/,India,Microsite,86
https://www.lg.com/in/magazine/why-are-4k-tvs-now-the-standard-for-indian-homes/,India,Microsite,89
https://www.lg.com/in/tv-soundbars/why-qned-evo/,India,Microsite,76
https://www.lg.com/in/laundry/top-loading-washing-machines/,India,제품 카테고리 (PLP),87
https://www.lg.com/in/tvs/why-lgoled/,India,제품 카테고리 (PLP),93
https://www.lg.com/in/tvs/2022/,India,제품 카테고리 (PLP),83
https://www.lg.com/in/qned-tvs/2022/,India,제품 카테고리 (PLP),86
https://www.lg.com/in/refrigerators/double-door-refrigerators/gl-s312sbey/,India,제품 카테고리 (PLP),81
https://www.lg.com/in/refrigerators/double-door-refrigerators/gl-s312ssey/,India,제품 카테고리 (PLP),81
https://www.lg.com/in/lifestyle-screens/42lx3qpsa/,India,제품 카테고리 (PLP),75
https://www.lg.com/in/tvs/,India,제품 카테고리 (PLP),83
https://www.lg.com/in/oled-tvs/,India,제품 카테고리 (PLP),93
https://www.lg.com/in/nanocell-tv/,India,제품 카테고리 (PLP),79
https://www.lg.com/in/tv-soundbars/,India,제품 카테고리 (PLP),83
https://www.lg.com/in/audio/,India,제품 카테고리 (PLP),76
https://www.lg.com/in/audio/all-audios/,India,제품 카테고리 (PLP),79
https://www.lg.com/in/audio/bluetooth-speakers/,India,제품 카테고리 (PLP),79
https://www.lg.com/in/audio/bluetooth-speakers/all-bluetooth-speakers/,India,제품 카테고리 (PLP),79
https://www.lg.com/in/audio/bluetooth-speakers/portable-speakers/,India,제품 카테고리 (PLP),79
https://www.lg.com/in/audio/home-theater-soundbar/,India,제품 카테고리 (PLP),83
https://www.lg.com/in/audio/party-speaker-xboom/,India,제품 카테고리 (PLP),79
https://www.lg.com/in/audio/soundbars/,India,제품 카테고리 (PLP),79
https://www.lg.com/in/audio/soundbars/all-in-one-soundbars/,India,제품 카테고리 (PLP),83
https://www.lg.com/in/audio/soundbars/all-soundbars/,India,제품 카테고리 (PLP),79
https://www.lg.com/in/monitors/,India,제품 카테고리 (PLP),83
https://www.lg.com/in/monitors/all-monitors/,India,제품 카테고리 (PLP),87
https://www.lg.com/in/monitors/fhd-qhd/,India,제품 카테고리 (PLP),87
https://www.lg.com/in/monitors/gaming/,India,제품 카테고리 (PLP),87
https://www.lg.com/in/monitors/hyper-mini-led-gaming-monitor/,India,제품 카테고리 (PLP),83
https://www.lg.com/in/monitors/lifestyle-monitor-swing/,India,제품 카테고리 (PLP),83
https://www.lg.com/in/monitors/professional-monitor/,India,제품 카테고리 (PLP),83
https://www.lg.com/in/monitors/smart-monitors/,India,제품 카테고리 (PLP),79
https://www.lg.com/in/monitors/ultrafine-evo/,India,제품 카테고리 (PLP),83
https://www.lg.com/in/monitors/ultragear-evo/,India,제품 카테고리 (PLP),83
https://www.lg.com/in/monitors/ultragear-gaming-oled-monitors/,India,제품 카테고리 (PLP),90
https://www.lg.com/in/refrigerators/,India,제품 카테고리 (PLP),81
https://www.lg.com/in/refrigerators/all-refrigerators/,India,제품 카테고리 (PLP),81
https://www.lg.com/in/refrigerators/double-door-refrigerators/,India,제품 카테고리 (PLP),81
https://www.lg.com/in/refrigerators/french-door-refrigerators/,India,제품 카테고리 (PLP),87
https://www.lg.com/in/refrigerators/side-by-side-refrigerators/,India,제품 카테고리 (PLP),84
https://www.lg.com/in/refrigerators/single-door-refrigerators/,India,제품 카테고리 (PLP),83
https://www.lg.com/in/laundry/,India,제품 카테고리 (PLP),83
https://www.lg.com/in/dishwasher/,India,제품 카테고리 (PLP),83
https://www.lg.com/in/commercial-washing-machines/,India,제품 카테고리 (PLP),79
https://www.lg.com/in/laundry/all-washing-machines/,India,제품 카테고리 (PLP),87
https://www.lg.com/in/dishwasher/all-dishwashers/,India,제품 카테고리 (PLP),66
https://www.lg.com/in/commercial-washing-machines/commercial-dryer/,India,제품 카테고리 (PLP),79
https://www.lg.com/in/laundry/dryers/,India,제품 카테고리 (PLP),83
https://www.lg.com/in/air-conditioners/,India,제품 카테고리 (PLP),83
https://www.lg.com/in/air-conditioners/all-air-conditioners/,India,제품 카테고리 (PLP),90
https://www.lg.com/in/air-care/,India,제품 카테고리 (PLP),83
https://www.lg.com/in/air-care/air-purifiers/,India,제품 카테고리 (PLP),87
https://www.lg.com/in/air-care/all-air-cares/,India,제품 카테고리 (PLP),62
https://www.lg.com/in/microwave-ovens/,India,제품 카테고리 (PLP),83
https://www.lg.com/in/microwave-ovens/all-microwave-ovens/,India,제품 카테고리 (PLP),87
https://www.lg.com/in/microwave-ovens/charcoal-convection-microwave/,India,제품 카테고리 (PLP),87
https://www.lg.com/in/microwave-ovens/convection-microwave/,India,제품 카테고리 (PLP),87
https://www.lg.com/in/microwave-ovens/convertible-oven/,India,제품 카테고리 (PLP),87
https://www.lg.com/in/microwave-ovens/grill-solo-microwave/,India,제품 카테고리 (PLP),87
https://www.lg.com/in/microwave-ovens/wifi-enabled-charcoal-convection-microwave/,India,제품 카테고리 (PLP),87
https://www.lg.com/in/account-integration/,India,제품 카테고리 (PLP),55
https://www.lg.com/in/appliance-accessories/,India,제품 카테고리 (PLP),83
https://www.lg.com/in/appliances/,India,제품 카테고리 (PLP),62
https://www.lg.com/in/audio/soundbars/featured-soundbars/,India,제품 카테고리 (PLP),62
https://www.lg.com/in/about-lg/press-and-media/,India,Press & Media,79
https://www.lg.com/in/about-lg/press-and-media/8th-edition-of-global-it-challenge-starts-in-india/,India,Press & Media,76
https://www.lg.com/in/about-lg/press-and-media/after-refrigerators-airconditioners-lg-india-brings-the-first-5-star-washing-machines-in-india/,India,Press & Media,79
https://www.lg.com/in/about-lg/press-and-media/ahead-of-republic-day-lg-salutes-to-those-who-make-it-possible/,India,Press & Media,86
https://www.lg.com/in/about-lg/press-and-media/announcing-a-new-cdm-project-applying-solar-modules-by-lg-electronics-india-pvt-ltd/,India,Press & Media,79
https://www.lg.com/in/about-lg/press-and-media/climber-harnesses-power-of-lg-cordzero-to-scale-office-tower/,India,Press & Media,79
https://www.lg.com/in/about-lg/press-and-media/empowering-vision-lg-electronics-indias-karein-roshni-initiative-illuminates-lives/,India,Press & Media,86
https://www.lg.com/in/about-lg/press-and-media/experience-the-future-of-refrigeration-lg-launches-with-new-wifi-convertible-side-by-side-refrigerator/,India,Press & Media,86
https://www.lg.com/in/about-lg/press-and-media/first-micro-led-display-from-lg-sets-new-standard-for-commercial-display-technology/,India,Press & Media,79
https://www.lg.com/in/about-lg/press-and-media/five-factors-to-keep-in-mind-while-comparing-microwave-prices/,India,Press & Media,83
https://www.lg.com/in/about-lg/press-and-media/guinness-world-records/,India,Press & Media,79
https://www.lg.com/in/about-lg/press-and-media/health-hygiene-drive-across-brand-shops-considering-pandemic-covid-19/,India,Press & Media,86
https://www.lg.com/in/about-lg/press-and-media/hong-ju-jeon-appointed-new-md-of-lg-electronics-india/,India,Press & Media,83
https://www.lg.com/in/about-lg/press-and-media/house-of-cards-built-on-running-lg-washing-machine-breaks-guinness-record/,India,Press & Media,79
https://www.lg.com/in/about-lg/press-and-media/india-ka-celebration-with-lg-unveiling-irresistible-diwali-offers/,India,Press & Media,86
https://www.lg.com/in/about-lg/press-and-media/indian-womens-baseball-team-participates-in-lg-cup/,India,Press & Media,79
https://www.lg.com/in/about-lg/press-and-media/indias-1st-lg-refrigerator-with-smart-inverter-compressor-technology-in-single-door/,India,Press & Media,83
https://www.lg.com/in/about-lg/press-and-media/karsalaam-tribute-to-korean-war-veterans-of-india/,India,Press & Media,76
https://www.lg.com/in/about-lg/press-and-media/led-signage-featuring-non-contact-connectors-delivers-better-images-easier-installation/,India,Press & Media,86
https://www.lg.com/in/about-lg/press-and-media/lg-adds-joy-to-the-festive-mood-launches-brand-campaign/,India,Press & Media,79
https://www.lg.com/in/about-lg/press-and-media/lg-and-bajaj-finserv-partner/,India,Press & Media,76
https://www.lg.com/in/about-lg/press-and-media/lg-and-habitat-for-humanity-indias-lifes-good-hope-village-project-highlights-the-value-of-a-home-during-the-pandemic/,India,Press & Media,86
https://www.lg.com/in/about-lg/press-and-media/lg-announces-its-latest--freedom-is-good--independence-day-offers/,India,Press & Media,83
https://www.lg.com/in/about-lg/press-and-media/lg-announces-its-latest--freedom-is-good--independence-day-offers0/,India,Press & Media,86
https://www.lg.com/in/about-lg/press-and-media/lg-announces-its-latest-freedom-is-good-independence-day-offers/,India,Press & Media,83
https://www.lg.com/in/about-lg/press-and-media/lg-announces-its-together-we-can-make-life-better-pre-book-offer-campaign-exciting-deals-and-assured-gifts-of-up-to-inr-35000/,India,Press & Media,86
https://www.lg.com/in/about-lg/press-and-media/lg-announces-the-winner-of-mallika-e-kitchen-8th-edition-at-the-grand-finale/,India,Press & Media,79
https://www.lg.com/in/about-lg/press-and-media/lg-begins-rollout-of-2023-soundbar-lineup-in-india/,India,Press & Media,86
https://www.lg.com/in/about-lg/press-and-media/lg-celebrates-20-years-in-india/,India,Press & Media,79
https://www.lg.com/in/about-lg/press-and-media/lg-celebrates-21-years-in-india/,India,Press & Media,79
https://www.lg.com/in/about-lg/press-and-media/lg-delivers-both-innovation-and-intelligence-in-its-new-television-range/,India,Press & Media,79
https://www.lg.com/in/about-lg/press-and-media/lg-delivers-both-innovation-and-intelligence-in-new-television-range-images/,India,Press & Media,76
https://www.lg.com/in/about-lg/press-and-media/lg-delivers-both-innovation-and-intelligence-in-new-television-range-videos/,India,Press & Media,76
https://www.lg.com/in/about-lg/press-and-media/lg-electronics-associates-with-indian-cancer-society-to-support-people-with-cancer-screening/,India,Press & Media,86
https://www.lg.com/in/about-lg/press-and-media/lg-electronics-brings-cinema-to-indian-homes-with-new-cinebeam-projector-and-ultrafine-display-oled-pro/,India,Press & Media,86
https://www.lg.com/in/about-lg/press-and-media/lg-electronics-brings-early-festive-cheer/,India,Press & Media,86
https://www.lg.com/in/about-lg/press-and-media/lg-electronics-debuts-worlds-largest-oled-display/,India,Press & Media,76
https://www.lg.com/in/about-lg/press-and-media/lg-electronics-demonstrates-the-evolution-of-the-ai-home-ecosystem/,India,Press & Media,90
https://www.lg.com/in/about-lg/press-and-media/lg-electronics-develops-lg-oxy-zone/,India,Press & Media,76
https://www.lg.com/in/about-lg/press-and-media/lg-electronics-earns-ces-2018/,India,Press & Media,79
https://www.lg.com/in/about-lg/press-and-media/lg-electronics-elevates-audio-experience-with-xboom-series-and-tone-free-launch/,India,Press & Media,86
https://www.lg.com/in/about-lg/press-and-media/lg-electronics-felicitated-as-the-best-washing-machine-brand-at-ndtv-gadgets-360-awards/,India,Press & Media,86
https://www.lg.com/in/about-lg/press-and-media/lg-electronics-india-celebrates-republic-day-hyd/,India,Press & Media,86
https://www.lg.com/in/about-lg/press-and-media/lg-electronics-india-expands-premium-refrigerator-portfolio-with-new-french-door-refrigerator-range/,India,Press & Media,86
https://www.lg.com/in/about-lg/press-and-media/lg-electronics-india-extends-support-towards-covid-19-crisis/,India,Press & Media,83
https://www.lg.com/in/about-lg/press-and-media/lg-electronics-india-felicitates-lg-eco-agents-of-change-winners-in-kolkata/,India,Press & Media,76
https://www.lg.com/in/about-lg/press-and-media/lg-electronics-india-launches-new-ad-campaigns/,India,Press & Media,79
https://www.lg.com/in/about-lg/press-and-media/lg-electronics-india-lights-up-lives-with-the-karein-roshni-initiative/,India,Press & Media,79
https://www.lg.com/in/about-lg/press-and-media/lg-electronics-india-limited-leads-the-industry-among-the-first-to-launch-2026-bee-star-rated-air-conditioners-in-india/,India,Press & Media,90
https://www.lg.com/in/about-lg/press-and-media/lg-electronics-india-marks-ipo-milestone-with-thank-you-india-nationwide-consumer-initiative/,India,Press & Media,83
https://www.lg.com/in/about-lg/press-and-media/lg-electronics-india-partners-with-skyesports-to-revolutionize-gaming-in-india/,India,Press & Media,86
https://www.lg.com/in/about-lg/press-and-media/lg-electronics-india-starts-local-manufacturing-of-dual-inverter-air-conditioner-compressors/,India,Press & Media,86
https://www.lg.com/in/about-lg/press-and-media/lg-electronics-india-starts-local-manufacturing-of-premium-side-by-side-refrigerators/,India,Press & Media,86
https://www.lg.com/in/about-lg/press-and-media/lg-electronics-india-unveils-the-next-generation-ai-powered-oledevo-and-qnedevo-tv-line-up-for-2025/,India,Press & Media,86
https://www.lg.com/in/about-lg/press-and-media/lg-electronics-introduces-a-new-lineup-of-home-appliances-for-indian-consumers-in-2022/,India,Press & Media,86
https://www.lg.com/in/about-lg/press-and-media/lg-electronics-introduces-ganesh-chaturthi-special-limited-edition-tonefree-earbuds/,India,Press & Media,86
https://www.lg.com/in/about-lg/press-and-media/lg-electronics-introduces-new-range-of-microwave-ovens-this-festive-season/,India,Press & Media,86
https://www.lg.com/in/about-lg/press-and-media/lg-electronics-launched-month-long-breakthelabel-campaign-to-celebrate-women-breaking-stereotypes/,India,Press & Media,86
https://www.lg.com/in/about-lg/press-and-media/lg-electronics-launches-2022-range-of-ai-dual-inverter-air-conditioners/,India,Press & Media,86
https://www.lg.com/in/about-lg/press-and-media/lg-electronics-launches-lg-magnit/,India,Press & Media,86
https://www.lg.com/in/about-lg/press-and-media/lg-electronics-launches-myview-smart-monitors/,India,Press & Media,86
https://www.lg.com/in/about-lg/press-and-media/lg-electronics-launches-new-campaign-wehearyou/,India,Press & Media,86
https://www.lg.com/in/about-lg/press-and-media/lg-electronics-launches-the-4k-oled-television-in-india/,India,Press & Media,79
https://www.lg.com/in/about-lg/press-and-media/lg-electronics-named-as-the-most-attractive-brand-in-india/,India,Press & Media,79
https://www.lg.com/in/about-lg/press-and-media/lg-electronics-named-as-the-most-trusted-brand-in-india/,India,Press & Media,79
https://www.lg.com/in/about-lg/press-and-media/lg-electronics-offers-health-insurance-for-covid-and-other-vector-borne-diseases-on-its-home-appliance-products/,India,Press & Media,86
https://www.lg.com/in/about-lg/press-and-media/lg-electronics-organize-blood-donation-drive-across-the-country/,India,Press & Media,76
https://www.lg.com/in/about-lg/press-and-media/lg-electronics-to-donate-25-crore-worth-products-towards-relief-work-in-kerala/,India,Press & Media,76
https://www.lg.com/in/about-lg/press-and-media/lg-electronics-under-its-csr-initiative-karein-roshni-will-support-8700-cataract-surgeries/,India,Press & Media,86
https://www.lg.com/in/about-lg/press-and-media/lg-electronics-unveils-a-new-model-of-instaview-french-door-refrigerator/,India,Press & Media,86
https://www.lg.com/in/about-lg/press-and-media/lg-electronics-unveils-lg-objet-collection-with-moodup-refrigerator/,India,Press & Media,86
https://www.lg.com/in/about-lg/press-and-media/lg-electronics-urges-everyone-to-follow-covid-19-norms-through-its-new-digital-video-campaign/,India,Press & Media,83
https://www.lg.com/in/about-lg/press-and-media/lg-emerged-as-the-most-trusted-brand-across-categories-in-tra-survey-2022/,India,Press & Media,86
https://www.lg.com/in/about-lg/press-and-media/lg-expands-display-signage-with-flexible-63-curved-oled-panels/,India,Press & Media,76
https://www.lg.com/in/about-lg/press-and-media/lg-expands-popular-music-flow-lineup-with-new-wireless-sound-bars-and-x-boom-audio-systems/,India,Press & Media,79
https://www.lg.com/in/about-lg/press-and-media/lg-g4-receives-globally-recognized-security-certification/,India,Press & Media,76
https://www.lg.com/in/about-lg/press-and-media/lg-india-boosts-morale-of-indian-baseball-team/,India,Press & Media,79
https://www.lg.com/in/about-lg/press-and-media/lg-india-expands-blood-donation-initiative-across-india/,India,Press & Media,86
https://www.lg.com/in/about-lg/press-and-media/lg-india-launches-lifes-good-nutrition-program-to-nourish-young-minds-nationwide/,India,Press & Media,83
https://www.lg.com/in/about-lg/press-and-media/lg-india-marks-26-glorious-years-with-exclusive-republic-day-off/,India,Press & Media,86
https://www.lg.com/in/about-lg/press-and-media/lg-indias-free-service-camp-offers-relief-to-flood-hit-customers-in-chennai/,India,Press & Media,79
https://www.lg.com/in/about-lg/press-and-media/lg-introduces-a-new-solution-for-laundry-with-the-lg-dual-inverter-heat-pump-dryer/,India,Press & Media,86
https://www.lg.com/in/about-lg/press-and-media/lg-introduces-game-shifting-technology-with-2022-oled-tv-lineup-in-india-hindi-1/,India,Press & Media,83
https://www.lg.com/in/about-lg/press-and-media/lg-introduces-game-shifting-technology-with-2022-oled-tv-lineup-in-india/,India,Press & Media,79
https://www.lg.com/in/about-lg/press-and-media/lg-introduces-new-products-under-its-health-and-hygiene-portfolio-ahead-of-festive-season/,India,Press & Media,86
https://www.lg.com/in/about-lg/press-and-media/lg-introduces-next-generation-of-laundry-with-new-ai-powered-washer/,India,Press & Media,86
https://www.lg.com/in/about-lg/press-and-media/lg-introduces-uf-uv-water-purifier-on-world-water-day-ensuring-zero-water-wastage/,India,Press & Media,86
https://www.lg.com/in/about-lg/press-and-media/lg-introduces-volte-vowifi-enabled-4g-handsets/,India,Press & Media,79
https://www.lg.com/in/about-lg/press-and-media/lg-is-the-most-desired-tv-brand-in-india-in-2021/,India,Press & Media,86
https://www.lg.com/in/about-lg/press-and-media/lg-joins-hands-with-hotstar-to-provide-an-unmatched-tv-viewing-experience/,India,Press & Media,79
https://www.lg.com/in/about-lg/press-and-media/lg-k42-military-grade-durability-mil-std-810g-certification-redefine-durability-standard-smartphones/,India,Press & Media,90
https://www.lg.com/in/about-lg/press-and-media/lg-karsalaam-initiative/,India,Press & Media,79
https://www.lg.com/in/about-lg/press-and-media/lg-launches-2022-range-of-lg-gram-laptops/,India,Press & Media,86
https://www.lg.com/in/about-lg/press-and-media/lg-launches-25-ai-tv-models/,India,Press & Media,79
https://www.lg.com/in/about-lg/press-and-media/lg-launches-dual-inverter-acs-with-new-star-ratings/,India,Press & Media,79
https://www.lg.com/in/about-lg/press-and-media/lg-launches-freedom-is-good-campaign-on-independence-day-12-aug/,India,Press & Media,79
https://www.lg.com/in/about-lg/press-and-media/lg-launches-g7-smartphone-with-thinq-in-india/,India,Press & Media,83
https://www.lg.com/in/about-lg/press-and-media/lg-launches-its-new-super-convertible-6-in-1-al-air-conditioners-range/,India,Press & Media,86
https://www.lg.com/in/about-lg/press-and-media/lg-launches-khushiyon-ka-carnival-campaign-for-the-upcoming-festive-season-of-diwali/,India,Press & Media,86
https://www.lg.com/in/about-lg/press-and-media/lg-launches-khwahishon-se-khushiyon-tak-season-2-lucky-draw-with-prizes-worth-5-crores/,India,Press & Media,86
https://www.lg.com/in/support/product-support/troubleshoot/help-library/cs-CT52006584-20150507117357/,India,Support - Troubleshoot,79
https://www.lg.com/in/support/product-support/troubleshoot/help-library/cs-CT52006627-20155102820321,India,Support - Troubleshoot,79
https://www.lg.com/in/support/product-support/troubleshoot/help-library/cs-CT52006833-20155363589704/,India,Support - Troubleshoot,79
https://www.lg.com/in/support/product-support/troubleshoot/help-library/cs-CT52006833-20155117728312/,India,Support - Troubleshoot,79
https://www.lg.com/in/support/product-support/troubleshoot/help-library/cs-CT52006833-20155134073059/,India,Support - Troubleshoot,79
https://www.lg.com/in/support/product-support/troubleshoot/help-library/cs-CT52006627-20154982201813,India,Support - Troubleshoot,79
https://www.lg.com/in/support/product-support/troubleshoot/help-library/cs-CT52006584-1429188161269/,India,Support - Troubleshoot,79
https://www.lg.com/in/support/product-support/troubleshoot/help-library/cs-CT52006584-20155377717529,India,Support - Troubleshoot,79
https://www.lg.com/in/support/product-support/troubleshoot/help-library/cs-CT52006899-20155311261293/,India,Support - Troubleshoot,79
https://www.lg.com/in/support/product-support/troubleshoot/help-library/cs-CT40018301-20153186700733/,India,Support - Troubleshoot,79
https://www.lg.com/in/support/product-support/troubleshoot/help-library/cs-CT52006627-20155130219031,India,Support - Troubleshoot,79
https://www.lg.com/in/support/product-support/troubleshoot/help-library/cs-CT52006776-20155113390636/,India,Support - Troubleshoot,79
https://www.lg.com/in/support/product-support/troubleshoot/help-library/cs-CT40018301-20150117260489/,India,Support - Troubleshoot,79
https://www.lg.com/in/support/product-support/troubleshoot/help-library/cs-CT52006584-20154992569633,India,Support - Troubleshoot,79
https://www.lg.com/in/support/product-support/troubleshoot/help-library/cs-CT52006899-20155333774046,India,Support - Troubleshoot,79
https://www.lg.com/in/support/product-support/troubleshoot/help-library/cs-CT40018301-20153187900122/,India,Support - Troubleshoot,79
https://www.lg.com/in/support/product-support/troubleshoot/help-library/cs-CT52006627-20155379385256,India,Support - Troubleshoot,79
https://www.lg.com/in/support/product-support/troubleshoot/help-library/cs-CT52006584-20155062563191,India,Support - Troubleshoot,79
https://www.lg.com/in/support/product-support/troubleshoot/help-library/cs-CT52006627-20155048203592,India,Support - Troubleshoot,79
https://www.lg.com/in/support/product-support/troubleshoot/help-library/cs-CT00022939-20155198996793,India,Support - Troubleshoot,79
https://www.lg.com/in/support/product-support/troubleshoot/help-library/cs-CT52006584-1437135715125/,India,Support - Troubleshoot,79
https://www.lg.com/in/support/product-support/troubleshoot/help-library/cs-CT52006627-20155101721858,India,Support - Troubleshoot,79
https://www.lg.com/in/support/product-support/troubleshoot/help-library/cs-CT52006899-20155311458315,India,Support - Troubleshoot,79
https://www.lg.com/in/support/product-support/troubleshoot/help-library/cs-CT00022939-20155115748926,India,Support - Troubleshoot,79
https://www.lg.com/in/support/product-support/troubleshoot/help-library/cs-CT52006584-20150117260489/,India,Support - Troubleshoot,79
https://www.lg.com/in/support/product-support/troubleshoot/help-library/cs-CT52006899-20155311505799,India,Support - Troubleshoot,79
https://www.lg.com/in/support/product-support/troubleshoot/help-library/cs-CT40018301-20153229225223/,India,Support - Troubleshoot,79
https://www.lg.com/in/support/product-support/troubleshoot/help-library/cs-CT52006627-20155102936765,India,Support - Troubleshoot,79
https://www.lg.com/in/support/product-support/troubleshoot/help-library/cs-CT52006627-20155101722647,India,Support - Troubleshoot,79
https://www.lg.com/in/support/product-support/troubleshoot/help-library/cs-CT52006627-20155101715657,India,Support - Troubleshoot,79
https://www.lg.com/in/support/product-support/troubleshoot/help-library/cs-CT52006627-20155101730877,India,Support - Troubleshoot,79
https://www.lg.com/in/support/product-support/troubleshoot/help-library/cs-CT40018301-20153192700829/,India,Support - Troubleshoot,79
https://www.lg.com/in/support/product-support/troubleshoot/help-library/cs-CT52006899-20155311296371,India,Support - Troubleshoot,79
https://www.lg.com/in/support/product-support/troubleshoot/help-library/cs-CT52006627-20155255024186,India,Support - Troubleshoot,79
https://www.lg.com/in/support/product-support/troubleshoot/help-library/cs-CT52006627-20155200207794,India,Support - Troubleshoot,79
https://www.lg.com/in/support/product-support/troubleshoot/help-library/cs-CT52006627-20155380010857,India,Support - Troubleshoot,79
https://www.lg.com/in/support/product-support/troubleshoot/help-library/cs-CT52006833-20155130677351/,India,Support - Troubleshoot,79
https://www.lg.com/in/support/product-support/troubleshoot/help-library/cs-CT52006627-20155105955615,India,Support - Troubleshoot,79
https://www.lg.com/in/support/product-support/troubleshoot/help-library/cs-CT52006584-20155130446081,India,Support - Troubleshoot,79
https://www.lg.com/in/support/product-support/troubleshoot/help-library/cs-CT52006776-20155269118497/,India,Support - Troubleshoot,79
https://www.lg.com/in/support/product-support/troubleshoot/help-library/cs-CT00022939-20155062099006,India,Support - Troubleshoot,79
https://www.lg.com/in/support/product-support/troubleshoot/help-library/cs-CT52006833-20155274468007/,India,Support - Troubleshoot,79
https://www.lg.com/in/support/product-support/troubleshoot/help-library/cs-CT52006627-20155265318308,India,Support - Troubleshoot,79
https://www.lg.com/in/support/product-support/troubleshoot/help-library/cs-CT52006627-20154971200006,India,Support - Troubleshoot,79
https://www.lg.com/in/support/product-support/troubleshoot/help-library/cs-CT52006833-20155131947665/,India,Support - Troubleshoot,79
https://www.lg.com/in/support/product-support/troubleshoot/help-library/cs-CT40018301-20151536754540/,India,Support - Troubleshoot,79
https://www.lg.com/in/support/product-support/troubleshoot/help-library/cs-CT52006627-20155102931601,India,Support - Troubleshoot,79
https://www.lg.com/in/support/product-support/troubleshoot/help-library/cs-CT52006627-20155348058952,India,Support - Troubleshoot,79
https://www.lg.com/in/support/product-support/troubleshoot/help-library/cs-CT52006776-20155410294035,India,Support - Troubleshoot,79
https://www.lg.com/in/support/product-support/troubleshoot/help-library/cs-CT52006627-20155102808922,India,Support - Troubleshoot,79
https://www.lg.com/in/support/product-support/troubleshoot/help-library/cs-CT52006627-20155102797930,India,Support - Troubleshoot,79
https://www.lg.com/in/support/product-support/troubleshoot/help-library/cs-CT00025179-20151536754540/,India,Support - Troubleshoot,79
https://www.lg.com/in/support/product-support/troubleshoot/help-library/cs-CT52006899-20155316498464,India,Support - Troubleshoot,79
https://www.lg.com/in/support/product-support/troubleshoot/help-library/cs-CT52006627-20155209279241,India,Support - Troubleshoot,79
https://www.lg.com/in/support/product-support/troubleshoot/help-library/cs-CT52006584-1436490922734OLT/,India,Support - Troubleshoot,79
https://www.lg.com/in/support/product-support/troubleshoot/help-library/cs-CT52006833-20155017813122/,India,Support - Troubleshoot,79
https://www.lg.com/in/support/product-support/troubleshoot/help-library/cs-CT52006833-20155130416284/,India,Support - Troubleshoot,79
https://www.lg.com/in/support/product-support/troubleshoot/help-library/cs-CT52006627-20155370306128,India,Support - Troubleshoot,79
https://www.lg.com/in/support/product-support/troubleshoot/help-library/cs-CT52006776-20155115717294/,India,Support - Troubleshoot,79
https://www.lg.com/in/support/product-support/troubleshoot/help-library/cs-CT52006627-20155103094167,India,Support - Troubleshoot,79
https://www.lg.com/in/support/product-support/troubleshoot/help-library/cs-CT52006899-20155383938195/,India,Support - Troubleshoot,79
https://www.lg.com/in/support/product-support/troubleshoot/help-library/cs-CT52006833-20155060986494/,India,Support - Troubleshoot,79
https://www.lg.com/in/support/product-support/troubleshoot/help-library/cs-CT52006833-20155297253247/,India,Support - Troubleshoot,79
https://www.lg.com/in/support/product-support/troubleshoot/help-library/cs-CT52006584-1437135715125OLT/,India,Support - Troubleshoot,79
https://www.lg.com/in/support/product-support/troubleshoot/help-library/cs-CT52006899-20155311278876,India,Support - Troubleshoot,79
https://www.lg.com/in/support/product-support/troubleshoot/help-library/cs-CT52006776-20155051176484/,India,Support - Troubleshoot,79
https://www.lg.com/in/support/product-support/troubleshoot/help-library/cs-CT52006776-20155014964360/,India,Support - Troubleshoot,79
https://www.lg.com/in/support/product-support/troubleshoot/help-library/cs-CT52006627-20154971232020,India,Support - Troubleshoot,79
https://www.lg.com/in/support/product-support/troubleshoot/help-library/cs-CT52006584-20150256984097LST/,India,Support - Troubleshoot,79
https://www.lg.com/in/support/product-support/troubleshoot/help-library/cs-CT52006627-20155333893298,India,Support - Troubleshoot,79
https://www.lg.com/in/support/product-support/troubleshoot/help-library/cs-CT52006833-20155134075403/,India,Support - Troubleshoot,79
https://www.lg.com/in/support/product-support/troubleshoot/help-library/cs-CT40018301-20153185261152/,India,Support - Troubleshoot,79
https://www.lg.com/in/support/product-support/troubleshoot/help-library/cs-CT52006627-20155299039179,India,Support - Troubleshoot,79
https://www.lg.com/in/support/product-support/troubleshoot/help-library/cs-CT52006776-20155069778253/,India,Support - Troubleshoot,79
https://www.lg.com/in/support/product-support/troubleshoot/help-library/cs-CT52006627-20155101721986,India,Support - Troubleshoot,79
https://www.lg.com/in/support/product-support/troubleshoot/help-library/cs-CT52006627-20155027708334,India,Support - Troubleshoot,79
https://www.lg.com/in/support/product-support/troubleshoot/help-library/cs-CT52006627-20155102808653,India,Support - Troubleshoot,79
https://www.lg.com/in/support/product-support/troubleshoot/help-library/cs-CT52006584-1436490922734/,India,Support - Troubleshoot,79
https://www.lg.com/in/support/product-support/troubleshoot/help-library/cs-CT52006584-20150206755800/,India,Support - Troubleshoot,79
https://www.lg.com/in/support/product-support/troubleshoot/help-library/cs-CT52006627-20155105992962,India,Support - Troubleshoot,79
https://www.lg.com/in/support/product-support/troubleshoot/help-library/cs-CT52006833-20155366420868/,India,Support - Troubleshoot,79
https://www.lg.com/in/support/product-support/troubleshoot/help-library/cs-CT52006627-20153082659673,India,Support - Troubleshoot,79
https://www.lg.com/in/support/product-support/troubleshoot/help-library/cs-CT52006833-20155048195826/,India,Support - Troubleshoot,79
https://www.lg.com/in/support/product-support/troubleshoot/help-library/cs-CT52006627-20155102978994,India,Support - Troubleshoot,79
https://www.lg.com/in/support/product-support/troubleshoot/help-library/cs-CT52006776-20155268090349/,India,Support - Troubleshoot,79
https://www.lg.com/in/support/product-support/troubleshoot/help-library/cs-CT52006833-20155412574926/,India,Support - Troubleshoot,79
https://www.lg.com/in/support/product-support/troubleshoot/help-library/cs-CT52006627-20155102942058,India,Support - Troubleshoot,79
https://www.lg.com/in/support/product-support/troubleshoot/help-library/cs-CT40018301-20153185276952/,India,Support - Troubleshoot,79
https://www.lg.com/in/support/product-support/troubleshoot/help-library/cs-CT40018301-20153183528021/,India,Support - Troubleshoot,79
https://www.lg.com/in/support/product-support/troubleshoot/help-library/cs-CT52006833-20155304387021/,India,Support - Troubleshoot,79
https://www.lg.com/in/support/product-support/troubleshoot/help-library/cs-CT52006584-20150445856134/,India,Support - Troubleshoot,79
https://www.lg.com/in/support/product-support/troubleshoot/help-library/cs-CT52006627-20155368583992,India,Support - Troubleshoot,79
https://www.lg.com/in/support/product-support/troubleshoot/help-library/cs-CT52006833-20155198566855/,India,Support - Troubleshoot,79
https://www.lg.com/in/support/product-support/troubleshoot/help-library/cs-CT52006627-20155028312505,India,Support - Troubleshoot,79
https://www.lg.com/in/support/product-support/troubleshoot/help-library/cs-CT52006584-20155105900811,India,Support - Troubleshoot,79
https://www.lg.com/in/support/product-support/troubleshoot/help-library/cs-CT52006899-20155143217755,India,Support - Troubleshoot,79
https://www.lg.com/in/support/product-support/troubleshoot/help-library/cs-CT40018301-20153240804599/,India,Support - Troubleshoot,79
https://www.lg.com/in/support/product-support/troubleshoot/help-library/cs-CT52006899-20155410114123/,India,Support - Troubleshoot,79
https://www.lg.com/in/support/product-support/troubleshoot/help-library/cs-CT52006627-20155102832958,India,Support - Troubleshoot,79
https://www.lg.com/in/support/product-support/troubleshoot/help-library/cs-CT52006584-20150256984097/,India,Support - Troubleshoot,79
https://www.lg.com/mx/tv-soundbars/gallery-tv-with-frame/55lx7bpsa/,Mexico,제품 상세 (PDP),84
https://www.lg.com/mx/tv-soundbars/75mrgb95bsa/,Mexico,제품 상세 (PDP),84
https://www.lg.com/mx/tv-soundbars/nanocell/75nu830bpsa/,Mexico,제품 상세 (PDP),84
https://www.lg.com/mx/tv-soundbars/qned-evo/55qned81bsg/,Mexico,제품 상세 (PDP),84
https://www.lg.com/mx/tv-soundbars/mini-rgb-evo/75mrgb86bsa/,Mexico,제품 상세 (PDP),84
https://www.lg.com/mx/tv-soundbars/qned-evo/115qned90bs/,Mexico,제품 상세 (PDP),84
https://www.lg.com/mx/tv-soundbars/nanocell/85nu830bpsa/,Mexico,제품 상세 (PDP),84
https://www.lg.com/mx/tv-soundbars/nanocell/65nu800bpsb/,Mexico,제품 상세 (PDP),84
https://www.lg.com/mx/tv-soundbars/qned-evo/65qned81bsg/,Mexico,제품 상세 (PDP),84
https://www.lg.com/mx/tv-soundbars/nanocell/50nu800bpsc/,Mexico,제품 상세 (PDP),84
https://www.lg.com/mx/tv-soundbars/mini-rgb-evo/55mrgb85bsc/,Mexico,제품 상세 (PDP),84
https://www.lg.com/mx/tv-soundbars/nanocell/85nu800bpsb/,Mexico,제품 상세 (PDP),84
https://www.lg.com/mx/tv-soundbars/qned/55qned65bsa/,Mexico,제품 상세 (PDP),84
https://www.lg.com/mx/tv-soundbars/qned/50qned70bsa/,Mexico,제품 상세 (PDP),84
https://www.lg.com/mx/tv-soundbars/qned/65qned65bsa/,Mexico,제품 상세 (PDP),84
https://www.lg.com/mx/tv-soundbars/qned/43qned71bsc/,Mexico,제품 상세 (PDP),84
https://www.lg.com/mx/tv-soundbars/qned/55qned70bsa/,Mexico,제품 상세 (PDP),84
https://www.lg.com/mx/tv-soundbars/qned/50qned71bsc/,Mexico,제품 상세 (PDP),84
https://www.lg.com/mx/tv-soundbars/qned/55qned71bsc/,Mexico,제품 상세 (PDP),84
https://www.lg.com/mx/tv-soundbars/qned/55qned74bsa/,Mexico,제품 상세 (PDP),84
https://www.lg.com/mx/tv-soundbars/qned/43qned70bsa/,Mexico,제품 상세 (PDP),84
https://www.lg.com/mx/tv-soundbars/qned-evo/75qned81bsg/,Mexico,제품 상세 (PDP),84
https://www.lg.com/mx/tv-soundbars/smart-tvs/43lb6500psb/,Mexico,제품 상세 (PDP),84
https://www.lg.com/mx/tv-soundbars/qned/85qned74bsa/,Mexico,제품 상세 (PDP),84
https://www.lg.com/mx/tv-soundbars/smart-tvs/32lb650bpsa/,Mexico,제품 상세 (PDP),84
https://www.lg.com/mx/tv-soundbars/smart-tvs/32lb660bpsb/,Mexico,제품 상세 (PDP),84
https://www.lg.com/mx/tv-soundbars/qned/65qned70bsa/,Mexico,제품 상세 (PDP),84
https://www.lg.com/mx/tv-soundbars/smart-tvs/27lb7000psa/,Mexico,제품 상세 (PDP),84
https://www.lg.com/mx/tv-soundbars/qned/75qned70bsa/,Mexico,제품 상세 (PDP),84
https://www.lg.com/mx/tv-soundbars/qned/85qned70bsa/,Mexico,제품 상세 (PDP),84
https://www.lg.com/mx/tv-soundbars/qned/75qned74bsa/,Mexico,제품 상세 (PDP),84
https://www.lg.com/mx/tv-soundbars/qned/65qned71bsc/,Mexico,제품 상세 (PDP),84
https://www.lg.com/mx/tv-soundbars/qned/65qned74bsa/,Mexico,제품 상세 (PDP),84
https://www.lg.com/mx/tv-soundbars/qned/75qned65bsa/,Mexico,제품 상세 (PDP),84
https://www.lg.com/mx/soundbars/s20a/,Mexico,제품 상세 (PDP),81
https://www.lg.com/mx/soundbars/s30a/,Mexico,제품 상세 (PDP),81
https://www.lg.com/mx/soundbars/s40t/,Mexico,제품 상세 (PDP),81
https://www.lg.com/mx/soundbars/s70tr/,Mexico,제품 상세 (PDP),81
https://www.lg.com/mx/soundbars/sh7q/,Mexico,제품 상세 (PDP),81
https://www.lg.com/mx/soundbars/sh5a/,Mexico,제품 상세 (PDP),81
https://www.lg.com/mx/soundbars/sh5wc/,Mexico,제품 상세 (PDP),81
https://www.lg.com/mx/soundbars/sc9s/,Mexico,제품 상세 (PDP),84
https://www.lg.com/mx/monitores/combos-monitores/24u411-ms2032/,Mexico,제품 상세 (PDP),84
https://www.lg.com/mx/monitores/combos-monitores/29u511-ms1596/,Mexico,제품 상세 (PDP),84
https://www.lg.com/mx/monitores/combos-monitores/32u721-sta32/,Mexico,제품 상세 (PDP),84
https://www.lg.com/mx/monitores/gaming/32g620b-b/,Mexico,제품 상세 (PDP),81
https://www.lg.com/mx/monitores/gaming/25g523b-b/,Mexico,제품 상세 (PDP),81
https://www.lg.com/mx/monitores/combos-monitores/29u511-s30a/,Mexico,제품 상세 (PDP),84
https://www.lg.com/mx/monitores/gaming/27g523b-b/,Mexico,제품 상세 (PDP),81
https://www.lg.com/mx/monitores/gaming/25g590b-b/,Mexico,제품 상세 (PDP),84
https://www.lg.com/mx/monitores/gaming/27g520b-b/,Mexico,제품 상세 (PDP),81
https://www.lg.com/mx/monitores/gaming/27g64na-b/,Mexico,제품 상세 (PDP),84
https://www.lg.com/mx/refrigeradores/combos-refrigeradores/gb35bvbob-bounce/,Mexico,제품 상세 (PDP),81
https://www.lg.com/mx/refrigeradores/combos-refrigeradores/gb45sptob-s20a/,Mexico,제품 상세 (PDP),84
https://www.lg.com/mx/refrigeradores/combos-refrigeradores/gf22bgsk-ms3032/,Mexico,제품 상세 (PDP),84
https://www.lg.com/mx/monitores/gaming/45gx90sa-b/,Mexico,제품 상세 (PDP),87
https://www.lg.com/mx/refrigeradores/combos-refrigeradores/gm29bipob-55ua75/,Mexico,제품 상세 (PDP),87
https://www.lg.com/mx/refrigeradores/combos-refrigeradores/gm90fqpob-s40t/,Mexico,제품 상세 (PDP),81
https://www.lg.com/mx/refrigeradores/combos-refrigeradores/lt57ob-ms20/,Mexico,제품 상세 (PDP),81
https://www.lg.com/mx/refrigeradores/combos-refrigeradores/vs23qbpob-s40t/,Mexico,제품 상세 (PDP),81
https://www.lg.com/mx/refrigeradores/combos-refrigeradores/gm29bipob-sh5a/,Mexico,제품 상세 (PDP),84
https://www.lg.com/mx/refrigeradores/combos-refrigeradores/gm39bvpob-55qned/,Mexico,제품 상세 (PDP),87
https://www.lg.com/mx/refrigeradores/combos-refrigeradores/vs27bxqpob-55qned/,Mexico,제품 상세 (PDP),84
https://www.lg.com/mx/refrigeradores/combos-refrigeradores/vt40wob-ms20/,Mexico,제품 상세 (PDP),81
https://www.lg.com/mx/refrigeradores/combos-refrigeradores/vs28qbpob-s40t/,Mexico,제품 상세 (PDP),81
https://www.lg.com/mx/refrigeradores/combos-refrigeradores/vt40wpob-43lr67/,Mexico,제품 상세 (PDP),84
https://www.lg.com/mx/refrigeradores/combos-refrigeradores/vt40wpob-buds/,Mexico,제품 상세 (PDP),84
https://www.lg.com/mx/refrigeradores/combos-refrigeradores/vt40bkob-mini/,Mexico,제품 상세 (PDP),84
https://www.lg.com/mx/refrigeradores/combos-refrigeradores/vt40bkob-s20a/,Mexico,제품 상세 (PDP),84
https://www.lg.com/mx/refrigeradores/combos-refrigeradores/vt40bpob-43lr67/,Mexico,제품 상세 (PDP),84
https://www.lg.com/mx/refrigeradores/combos-refrigeradores/vt40bob-ms20/,Mexico,제품 상세 (PDP),81
https://www.lg.com/mx/lavadoras-y-secadoras/combos-lavadoras-y-secadores/wm22wv26ob-xl5t/,Mexico,제품 상세 (PDP),78
https://www.lg.com/mx/lavadoras-y-secadoras/combos-lavadoras-y-secadores/wm12wvcob-s40t/,Mexico,제품 상세 (PDP),87
https://www.lg.com/mx/lavadoras-y-secadoras/combos-lavadoras-y-secadores/wm25wv2s6ob-ck43n/,Mexico,제품 상세 (PDP),84
https://www.lg.com/mx/lavadoras-y-secadoras/combos-lavadoras-y-secadores/wk22bs6-s3mfbn/,Mexico,제품 상세 (PDP),84
https://www.lg.com/mx/lavadoras-y-secadoras/combos-lavadoras-y-secadores/wt18dv6ob-buds/,Mexico,제품 상세 (PDP),81
https://www.lg.com/mx/lavadoras-y-secadoras/combos-lavadoras-y-secadores/wt19wv6ob-s20a/,Mexico,제품 상세 (PDP),81
https://www.lg.com/mx/lavadoras-y-secadoras/combos-lavadoras-y-secadores/wt18dv6ob-sh5a/,Mexico,제품 상세 (PDP),81
https://www.lg.com/mx/lavadoras-y-secadoras/lavadoras-de-carga-frontal/wd12vvc4s6s/,Mexico,제품 상세 (PDP),84
https://www.lg.com/mx/lavadoras-y-secadoras/combos-lavadoras-y-secadores/wt21mt6hob-sh5a/,Mexico,제품 상세 (PDP),78
https://www.lg.com/mx/lavadoras-y-secadoras/combos-lavadoras-y-secadores/wt21ms1596-lt57bt/,Mexico,제품 상세 (PDP),81
https://www.lg.com/mx/lavadoras-y-secadoras/combos-lavadoras-y-secadores/wt18dvob-43lr67/,Mexico,제품 상세 (PDP),84
https://www.lg.com/mx/lavadoras-y-secadoras/combos-lavadoras-y-secadores/wt21mv6ob-mini/,Mexico,제품 상세 (PDP),81
https://www.lg.com/mx/lavadoras-y-secadoras/combos-lavadoras-y-secadores/wt19dv6ob-mini/,Mexico,제품 상세 (PDP),81
https://www.lg.com/mx/lavadoras-y-secadoras/combos-lavadoras-y-secadores/wt19wvob-43lr67/,Mexico,제품 상세 (PDP),84
https://www.lg.com/mx/lavavajillas/ldts5552s/,Mexico,제품 상세 (PDP),87
https://www.lg.com/mx/lavavajillas/lfdfd4441t/,Mexico,제품 상세 (PDP),84
https://www.lg.com/mx/lavavajillas/ldp6810bd-ms2032/,Mexico,제품 상세 (PDP),84
https://www.lg.com/mx/lavavajillas/ldp6810bd/,Mexico,제품 상세 (PDP),87
https://www.lg.com/mx/lavavajillas/ldfn4542s/,Mexico,제품 상세 (PDP),87
https://www.lg.com/mx/lavavajillas/ldp6810ss/,Mexico,제품 상세 (PDP),87
https://www.lg.com/mx/purificadores/purificador/ag161bwc0/,Mexico,제품 상세 (PDP),84
https://www.lg.com/mx/equipo-de-cocina/campanas/hcez3605s2/,Mexico,제품 상세 (PDP),84
https://www.lg.com/mx/equipo-de-cocina/estufas/lrgl5843s/,Mexico,제품 상세 (PDP),81
https://www.lg.com/mx/equipo-de-cocina/estufas/lrgl5841s/,Mexico,제품 상세 (PDP),81
https://www.lg.com/mx/equipo-de-cocina/estufas/lrgl5841sob-hcezs2/,Mexico,제품 상세 (PDP),84
https://www.lg.com/mx/equipo-de-cocina/estufas/lrgl5843sob-ms2032/,Mexico,제품 상세 (PDP),78
https://www.lg.com/mx/equipo-de-cocina/estufas/lrgl5840s/,Mexico,제품 상세 (PDP),81
https://www.lg.com/mx/equipo-de-cocina/estufas/lrgl5843sob-ms1597/,Mexico,제품 상세 (PDP),84
https://www.lg.com/mx/equipo-de-cocina/estufas/lrgl5844s/,Mexico,제품 상세 (PDP),81
https://www.lg.com/mx/equipo-de-cocina/combos-equipo-de-cocina/lr5843sldfc-ms3032/,Mexico,제품 상세 (PDP),81
https://www.lg.com/mx/aspiradoras/a9k-master/,Mexico,제품 상세 (PDP),84
https://www.lg.com/mx/aspiradoras/a9k-pro/,Mexico,제품 상세 (PDP),84
https://www.lg.com/mx/equipo-de-cocina/estufas/lrgz5255s/,Mexico,제품 상세 (PDP),77
https://www.lg.com/mx/equipo-de-cocina/estufas/lrgz5253s/,Mexico,제품 상세 (PDP),77
https://www.lg.com/mx/aspiradoras/a9t-ultra/,Mexico,제품 상세 (PDP),88
https://www.lg.com/mx/equipo-de-cocina/estufas/lrgl5847s/,Mexico,제품 상세 (PDP),78
https://www.lg.com/mx/equipo-de-cocina/estufas/lrgl5845sob-mh1536/,Mexico,제품 상세 (PDP),84
https://www.lg.com/mx/equipo-de-cocina/estufas/lrgl5845s/,Mexico,제품 상세 (PDP),81
https://www.lg.com/mx/equipo-de-cocina/estufas/lrgl5847sob-hcezs2/,Mexico,제품 상세 (PDP),81
https://www.lg.com/mx/equipo-de-cocina/estufas/lrgz5255s-ms3032/,Mexico,제품 상세 (PDP),84
https://www.lg.com/mx/aspiradoras/r5-ultimate/,Mexico,제품 상세 (PDP),81
https://www.lg.com/mx/accesorios-filtros-lavadoras/3550ey1031d/,Mexico,제품 상세 (PDP),77
https://www.lg.com/mx/accesorios-filtros-refrigeradores/3219ja3001p/,Mexico,제품 상세 (PDP),81
https://www.lg.com/mx/accesorios-para-aspiradoras/aaa77685208/,Mexico,제품 상세 (PDP),77
https://www.lg.com/mx/accesorios-para-tv/aan75851207/,Mexico,제품 상세 (PDP),77
https://www.lg.com/mx/accesorios-hornos-estufas/3b74133p/,Mexico,제품 상세 (PDP),77
https://www.lg.com/mx/accesorios-aire-acondicionado/5214fr3188g/,Mexico,제품 상세 (PDP),77
https://www.lg.com/mx/accesorios-compresores-refrigerador-aire/tbz35837701/,Mexico,제품 상세 (PDP),77
https://www.lg.com/mx/refrigeradores/instaview-refrigeradores/gm65bqp/,Mexico,제품 상세 (PDP),78
https://www.lg.com/mx/all-soundsuite/h7-m5m5003/,Mexico,제품 상세 (PDP),84
https://www.lg.com/mx/proyectores/bf40qs/,Mexico,제품 상세 (PDP),81
https://www.lg.com/mx/accesorios-filtros-lavadoras/383eel3002r/,Mexico,제품 상세 (PDP),77
https://www.lg.com/mx/accesorios-filtros-refrigeradores/5901jq1007a/,Mexico,제품 상세 (PDP),77
https://www.lg.com/mx/accesorios-audio-video/akb73896401/,Mexico,제품 상세 (PDP),77
https://www.lg.com/mx/accesorios/aires-acondicionados/control-remoto/akb72955808/,Mexico,제품 상세 (PDP),81
https://www.lg.com/mx/accesorios-aire-acondicionado/5901A10032A/,Mexico,제품 상세 (PDP),77
https://www.lg.com/mx/accesorios-compresores-refrigerador-aire/tbz37115801/,Mexico,제품 상세 (PDP),77
https://www.lg.com/mx/accesorios-hornos-estufas/3b74133q/,Mexico,제품 상세 (PDP),77
https://www.lg.com/mx/auriculares-inalambricos/audifonos-con-cancelacion-activa-de-ruido/buds-bk/,Mexico,제품 상세 (PDP),81
https://www.lg.com/mx/accesorios/aires-acondicionados/control-remoto/akb72955815/,Mexico,제품 상세 (PDP),81
https://www.lg.com/mx/refrigeradores/instaview-refrigeradores/gm65fqp/,Mexico,제품 상세 (PDP),78
https://www.lg.com/mx/monitores/monitores-full-hd-qhd/22u401a-b/,Mexico,제품 상세 (PDP),87
https://www.lg.com/mx/accesorios-para-aspiradoras/aaa77884601/,Mexico,제품 상세 (PDP),77
https://www.lg.com/mx/all-soundsuite/h7-m5m5w7/,Mexico,제품 상세 (PDP),84
https://www.lg.com/mx/lavadoras-y-secadoras/lavadoras-de-carga-frontal/wd16egnts6p/,Mexico,제품 상세 (PDP),84
https://www.lg.com/mx/refrigeradores/instaview-refrigeradores/gm90fqp/,Mexico,제품 상세 (PDP),78
https://www.lg.com/mx/lavadoras-y-secadoras/lavadoras-de-carga-frontal/wd16ewnts6p/,Mexico,제품 상세 (PDP),84
https://www.lg.com/mx/monitores/monitores-full-hd-qhd/24ba650-b/,Mexico,제품 상세 (PDP),84
https://www.lg.com/mx/accesorios-filtros-refrigeradores/adh73150210/,Mexico,제품 상세 (PDP),77
https://www.lg.com/mx/accesorios-hornos-estufas/aeh75196606/,Mexico,제품 상세 (PDP),77
https://www.lg.com/mx/accesorios-aire-acondicionado/5901a10057a/,Mexico,제품 상세 (PDP),77
https://www.lg.com/mx/accesorios-audio-video/akb74935621/,Mexico,제품 상세 (PDP),81
https://www.lg.com/mx/accesorios-filtros-lavadoras/383eer3001j/,Mexico,제품 상세 (PDP),77
https://www.lg.com/mx/accesorios-compresores-refrigerador-aire/tbz37416201/,Mexico,제품 상세 (PDP),77
https://www.lg.com/mx/accesorios/aires-acondicionados/control-remoto/akb73355722/,Mexico,제품 상세 (PDP),81
https://www.lg.com/mx/accesorios-aire-acondicionado/5901a10029a/,Mexico,제품 상세 (PDP),77
https://www.lg.com/mx/accesorios-filtros-refrigeradores/adh73150208/,Mexico,제품 상세 (PDP),77
https://www.lg.com/mx/accesorios-hornos-estufas/4370w1a004c/,Mexico,제품 상세 (PDP),77
https://www.lg.com/mx/accesorios-para-aspiradoras/aan30099701/,Mexico,제품 상세 (PDP),77
https://www.lg.com/mx/accesorios-para-aspiradoras/abc73450101/,Mexico,제품 상세 (PDP),77
https://www.lg.com/mx/accesorios-compresores-refrigerador-aire/tbz37400101/,Mexico,제품 상세 (PDP),77
https://www.lg.com/mx/accesorios-filtros-lavadoras/383eer3001g/,Mexico,제품 상세 (PDP),81
https://www.lg.com/mx/accesorios-para-tv/agf80318301/,Mexico,제품 상세 (PDP),77
https://www.lg.com/mx/auriculares-inalambricos/audifonos-con-cancelacion-activa-de-ruido/buds/,Mexico,제품 상세 (PDP),81
https://www.lg.com/mx/all-soundsuite/h7-m7m7002/,Mexico,제품 상세 (PDP),87
https://www.lg.com/mx/accesorios-aire-acondicionado/acg73444956/,Mexico,제품 상세 (PDP),77
https://www.lg.com/mx/equipos-de-sonido/bocina-bluetooth/bounce/,Mexico,제품 상세 (PDP),81
https://www.lg.com/mx/accesorios/aires-acondicionados/control-remoto/akb73355724/,Mexico,제품 상세 (PDP),81
https://www.lg.com/mx/refrigeradores/instaview-refrigeradores/gm90fqt/,Mexico,제품 상세 (PDP),78
https://www.lg.com/mx/auriculares-inalambricos/audifonos-con-cancelacion-activa-de-ruido/budsplus-blancos/,Mexico,제품 상세 (PDP),81
https://www.lg.com/mx/all-soundsuite/h7-m7m7w7/,Mexico,제품 상세 (PDP),87
https://www.lg.com/mx/monitores/monitores-full-hd-qhd/24ba750-b/,Mexico,제품 상세 (PDP),81
https://www.lg.com/mx/tv-soundbars/tv-buying-guide/tv-design/,Mexico,구매 가이드,82
https://www.lg.com/mx/home-appliances/buying-guide/,Mexico,구매 가이드,81
https://www.lg.com/mx/home-appliances/buying-guide/washing-machine/feature-performance/,Mexico,구매 가이드,86
https://www.lg.com/mx/buying-guides/laundry-spec-library/,Mexico,구매 가이드,86
https://www.lg.com/mx/tv-soundbars/tv-buying-guide/buying-guide/,Mexico,구매 가이드,59
https://www.lg.com/mx/home-appliances/buying-guide/washing-machine/size-capacity/,Mexico,구매 가이드,86
https://www.lg.com/mx/buying-guides/tv-spec-library/,Mexico,구매 가이드,86
https://www.lg.com/mx/buying-guides/tv-lineup-guide/,Mexico,구매 가이드,93
https://www.lg.com/mx/oled-tv/2021/oled-buying-guide/,Mexico,구매 가이드,78
https://www.lg.com/mx/tv-soundbars/tv-buying-guide/,Mexico,구매 가이드,75
https://www.lg.com/mx/buying-guides/refrigerator-spec-library/,Mexico,구매 가이드,83
https://www.lg.com/mx/home-appliances/buying-guide/washing-machine/type/,Mexico,구매 가이드,86
https://www.lg.com/mx/home-appliances/buying-guide/fridge-freezer/type/,Mexico,구매 가이드,79
https://www.lg.com/mx/home-appliances/buying-guide/fridge-freezer/size-volume/,Mexico,구매 가이드,82
https://www.lg.com/mx/tv-soundbars/tv-buying-guide/gaming-tv/,Mexico,구매 가이드,82
https://www.lg.com/mx/home-appliances/buying-guide/fridge-freezer/feature-performance/,Mexico,구매 가이드,79
https://www.lg.com/mx/buying-guides/monitor-spec-library/,Mexico,구매 가이드,86
https://www.lg.com/mx/buying-guides/monitor-lineup-guide/,Mexico,구매 가이드,89
https://www.lg.com/mx/fridge-freezer-buying-guide/,Mexico,구매 가이드,79
https://www.lg.com/mx/tv-soundbars/tv-buying-guide/lifestyle/,Mexico,구매 가이드,82
https://www.lg.com/mx/tv-soundbars/tv-buying-guide/tv-technology/what-is-4k-tv/,Mexico,구매 가이드,82
https://www.lg.com/mx/tv-soundbars/tv-buying-guide/what-is-a-smart-tv-ai-tv/,Mexico,구매 가이드,85
https://www.lg.com/mx/tv-soundbars/tv-buying-guide/tv-technology/oled-vs-qned/,Mexico,구매 가이드,82
https://www.lg.com/mx/tv-soundbars/tv-buying-guide/tv-size/,Mexico,구매 가이드,82
https://www.lg.com/mx/lg-experience/helpful-hints/how-to-adjust-the-temperature/,Mexico,LG Experience,82
https://www.lg.com/mx/lg-experience/helpful-hints/how-to-clean-your-refrigerator/,Mexico,LG Experience,79
https://www.lg.com/mx/lg-experience/helpful-hints/types-of-refrigerators/,Mexico,LG Experience,79
https://www.lg.com/mx/lg-experience/,Mexico,LG Experience,78
https://www.lg.com/mx/lg-experience/helpful-hints/,Mexico,LG Experience,63
https://www.lg.com/mx/lg-experience/helpful-hints/best-energy-efficiency-refrigerator/,Mexico,LG Experience,75
https://www.lg.com/mx/lg-experience/helpful-hints/refrigerator-next-to-gas-stove/,Mexico,LG Experience,79
https://www.lg.com/mx/lg-experience/helpful-hints/washer-dryers-gas-or-electric/,Mexico,LG Experience,79
https://www.lg.com/mx/lg-experience/helpful-hints/types-of-washing-machine/,Mexico,LG Experience,79
https://www.lg.com/mx/lg-experience/helpful-hints/how-to-clean-automatic-washing-machine/,Mexico,LG Experience,75
https://www.lg.com/mx/lg-experience/helpful-hints/how-to-clean-a-microwave-without-harsh-chemicals/,Mexico,LG Experience,79
https://www.lg.com/mx/lg-experience/helpful-hints/integrated-dishwashers-vs-freestanding-dishwashers/,Mexico,LG Experience,72
https://www.lg.com/mx/lg-experience/helpful-hints/mitos-y-verdades-sobre-las-lavadoras-de-carga-superior/,Mexico,LG Experience,83
https://www.lg.com/mx/lg-experience/helpful-hints/best-refrigerator/,Mexico,LG Experience,82
https://www.lg.com/mx/lg-experience/helpful-hints/microwave-size-and-buying-guide/,Mexico,LG Experience,86
https://www.lg.com/mx/lg-experience/helpful-hints/cuanta-agua-y-energ-a-utiliza-un-lavavajillas/,Mexico,LG Experience,79
https://www.lg.com/mx/lg-experience/lg-channels/,Mexico,LG Experience,63
https://www.lg.com/mx/lg-experience/inspiracion/,Mexico,LG Experience,63
https://www.lg.com/mx/lg-experience/lg-lab/,Mexico,LG Experience,63
https://www.lg.com/mx/lg-experience/lg-experience-2026-como-preparar-comidas-rapidas-y-saludables-pa/,Mexico,LG Experience,76
https://www.lg.com/mx/lg-experience/how-to-measure-and-read-tv-sizes/,Mexico,LG Experience,85
https://www.lg.com/mx/lg-experience/helpful-hints/what-is-inverter-technology-and-what-advantages-does-it-offer/,Mexico,LG Experience,89
https://www.lg.com/mx/lg-experience/helpful-hints/what-is-smart-washing-and-benefit-with-ai/,Mexico,LG Experience,79
https://www.lg.com/mx/lg-experience/helpful-hints/washing-machine-measurement-and-sizes/,Mexico,LG Experience,82
https://www.lg.com/mx/lg-experience/helpful-hints/what-are-energy-efficient-washing-machines/,Mexico,LG Experience,75
https://www.lg.com/mx/lg-experience/inspiracion/11-anos-oled-lg/,Mexico,LG Experience,82
https://www.lg.com/mx/lg-experience/lg-lab/4k-ultra-hd-tv-buying-guide/,Mexico,LG Experience,89
https://www.lg.com/mx/lg-experience/lg-lab/why-lg-soundbars/,Mexico,LG Experience,89
https://www.lg.com/mx/lg-experience/tech-hub/guia-usuario-webos/,Mexico,LG Experience,86
https://www.lg.com/mx/lg-experience/lg-lab/wich-soundbar-is-right-for-you-lg/,Mexico,LG Experience,89
https://www.lg.com/mx/lg-experience/lg-lab/what-is-4k-television/,Mexico,LG Experience,89
https://www.lg.com/mx/lg-experience/lg-lab/what-is-a-smart-tv/,Mexico,LG Experience,89
https://www.lg.com/mx/lg-experience/lg-lab/las-mejores-bocinas-portatiles-para-fiestas/,Mexico,LG Experience,89
https://www.lg.com/mx/lg-experience/tech-hub/,Mexico,LG Experience,63
https://www.lg.com/mx/tv-soundbars/why-true-wireless/,Mexico,Microsite,79
https://www.lg.com/mx/lg-thinq/magazine/how-to-make-sure-your-home-is-ready-for-summer/,Mexico,Microsite,74
https://www.lg.com/mx/tvs-qned/2022/why-lg-qned/,Mexico,Microsite,71
https://www.lg.com/mx/tv-soundbars/why-lg-qned-evo-mini-led/,Mexico,Microsite,82
https://www.lg.com/mx/microsite-article/hs/kitchen/article-contents/latam/what-is-inverter-technology-and-what-advantages-does-it-offer/,Mexico,Microsite,89
https://www.lg.com/mx/microsite-article/hs/kitchen/article-contents/latam/best-refrigerator/,Mexico,Microsite,86
https://www.lg.com/mx/tv-soundbars/why-qned-evo/,Mexico,Microsite,82
https://www.lg.com/mx/tv-soundbars/why-lg-ai-tv/,Mexico,Microsite,82
https://www.lg.com/mx/monitores/discontinued-monitores/,Mexico,Microsite,74
https://www.lg.com/mx/nanocell-tv/2021/sport/,Mexico,Microsite,75
https://www.lg.com/mx/nanocell-tv/2021/gaming/,Mexico,Microsite,75
https://www.lg.com/mx/nanocell-tv/2021/design/,Mexico,Microsite,71
https://www.lg.com/mx/oled-tv/2021/cinema/,Mexico,Microsite,78
https://www.lg.com/mx/nanocell-tv/2021/ultra-large-screen-miss/,Mexico,Microsite,71
https://www.lg.com/mx/nanocell-tv/2021/cinema/,Mexico,Microsite,75
https://www.lg.com/mx/nanocell-tv/2021/ultra-large-screen/,Mexico,Microsite,78
https://www.lg.com/mx/nanocell-tv/2021/pure-color/,Mexico,Microsite,79
https://www.lg.com/mx/monitores/elige-el-mejor/,Mexico,Microsite,70
https://www.lg.com/mx/nanocell-tv/2021/ultra-large-screen-backup/,Mexico,Microsite,79
https://www.lg.com/mx/oled-tv/2021/self-lit-pixels/,Mexico,Microsite,68
https://www.lg.com/mx/oled-tv/2021/ultra-large-screen/,Mexico,Microsite,75
https://www.lg.com/mx/oled-tv/2021/sustainability/,Mexico,Microsite,75
https://www.lg.com/mx/oled-tv/gaming/,Mexico,Microsite,68
https://www.lg.com/mx/oled-tv/2021/sport/,Mexico,Microsite,67
https://www.lg.com/mx/soundbars/eco-minded-soundbars/,Mexico,Microsite,81
https://www.lg.com/mx/oled-tv/eyecomfort-ecofriendly/,Mexico,Microsite,68
https://www.lg.com/mx/oled-tv/2021/design/,Mexico,Microsite,75
https://www.lg.com/mx/tv-soundbars/lg-screen-vision/,Mexico,Microsite,79
https://www.lg.com/mx/oled-tv/2021/smart/,Mexico,Microsite,74
https://www.lg.com/mx/soundsuite/howtovideo-qna/,Mexico,Microsite,86
https://www.lg.com/mx/tv-soundbars/ai-tv/,Mexico,Microsite,79
https://www.lg.com/mx/tvs-qned/2021/large-screen/,Mexico,Microsite,70
https://www.lg.com/mx/tvs-qned/2022/gaming/,Mexico,Microsite,68
https://www.lg.com/mx/tvs-qned/2022/cinema/,Mexico,Microsite,75
https://www.lg.com/mx/xboom/,Mexico,Microsite,85
https://www.lg.com/mx/webos-smart-tv/promotion/,Mexico,Microsite,74
https://www.lg.com/mx/tvs-qned/2023/qned-spec-comparison/qned-spec-comparison/,Mexico,Microsite,74
https://www.lg.com/mx/tvs-qned/2023/qned-spec-comparison/,Mexico,Microsite,74
https://www.lg.com/mx/tvs-qned/2022/qned-spec-comparison/,Mexico,Microsite,70
https://www.lg.com/mx/tvs-qned/2022/ultra-large/,Mexico,Microsite,68
https://www.lg.com/mx/monitores/monitores-oled/,Mexico,제품 카테고리 (PLP),68
https://www.lg.com/mx/tv-soundbars/qned-evo/?ec_ft_07545230=55_pulgadas,Mexico,제품 카테고리 (PLP),79
https://www.lg.com/mx/tv-soundbars/mini-rgb-evo/,Mexico,제품 카테고리 (PLP),61
https://www.lg.com/mx/tv-soundbars/qned/?ec_ft_07545230=86_pulgadas_y_más,Mexico,제품 카테고리 (PLP),90
https://www.lg.com/mx/tv-soundbars/nanocell/?ec_ft_07545230=42_pulgadas_-_48_pulgadas,Mexico,제품 카테고리 (PLP),79
https://www.lg.com/mx/tv-soundbars/smart-tvs/,Mexico,제품 카테고리 (PLP),79
https://www.lg.com/mx/monitores/pc-monitores-ips/,Mexico,제품 카테고리 (PLP),68
https://www.lg.com/mx/tv-soundbars/todas-las-tvs-y-soundbars/?ec_ft_07545230=86_pulgadas_y_m%C3%A1s,Mexico,제품 카테고리 (PLP),79
https://www.lg.com/mx/tv-soundbars/qned-evo/,Mexico,제품 카테고리 (PLP),79
https://www.lg.com/mx/tv-soundbars/webos-for-entertainment/,Mexico,제품 카테고리 (PLP),72
https://www.lg.com/mx/tv-soundbars/oled/,Mexico,제품 카테고리 (PLP),90
https://www.lg.com/mx/tv-soundbars/ultra-grandes/,Mexico,제품 카테고리 (PLP),82
https://www.lg.com/mx/tv-soundbars/tv-monitor/,Mexico,제품 카테고리 (PLP),79
https://www.lg.com/mx/monitores/ergo-monitors/,Mexico,제품 카테고리 (PLP),75
https://www.lg.com/mx/monitores/monitores-smart/,Mexico,제품 카테고리 (PLP),79
https://www.lg.com/mx/tv-soundbars/todas-las-tvs-y-soundbars/,Mexico,제품 카테고리 (PLP),79
https://www.lg.com/mx/tv-soundbars/oled-innovation/,Mexico,제품 카테고리 (PLP),76
https://www.lg.com/mx/tv-soundbars/webos-offers/,Mexico,제품 카테고리 (PLP),71
https://www.lg.com/mx/tv-soundbars/ultra-grandes/?ec_ft_07545230=55_pulgadas,Mexico,제품 카테고리 (PLP),82
https://www.lg.com/mx/lifestyle-screens/,Mexico,제품 카테고리 (PLP),71
https://www.lg.com/mx/lifestyle-screens/objet-collection-pose/,Mexico,제품 카테고리 (PLP),79
https://www.lg.com/mx/tv-soundbars/qned/?ec_ft_07545230=50_pulgadas,Mexico,제품 카테고리 (PLP),90
https://www.lg.com/mx/tv-soundbars/oled-evo/?ec_ft_07545230=77_pulgadas_-_85_pulgadas,Mexico,제품 카테고리 (PLP),82
https://www.lg.com/mx/sound-suite/,Mexico,제품 카테고리 (PLP),57
https://www.lg.com/mx/tv-soundbars/nanocell/?ec_ft_07545230=70_pulgadas_~_75_pulgadas,Mexico,제품 카테고리 (PLP),79
https://www.lg.com/mx/tv-soundbars/nanocell/?ec_ft_07545230=86_pulgadas_y_m%C3%A1s,Mexico,제품 카테고리 (PLP),79
https://www.lg.com/mx/tv-soundbars/qned/?ec_ft_07545230=55_pulgadas,Mexico,제품 카테고리 (PLP),90
https://www.lg.com/mx/tv-soundbars/miniled/,Mexico,제품 카테고리 (PLP),79
https://www.lg.com/mx/soundsuite/,Mexico,제품 카테고리 (PLP),73
https://www.lg.com/mx/tv-soundbars/ultra-grandes/?ec_ft_07545230=65_pulgadas,Mexico,제품 카테고리 (PLP),82
https://www.lg.com/mx/soundbars/,Mexico,제품 카테고리 (PLP),90
https://www.lg.com/mx/tv-soundbars/qned/?ec_ft_07545230=86_pulgadas_y_m%C3%A1s,Mexico,제품 카테고리 (PLP),90
https://www.lg.com/mx/tv-soundbars/qned/?ec_ft_07545230=42_pulgadas_-_48_pulgadas,Mexico,제품 카테고리 (PLP),90
https://www.lg.com/mx/tv-soundbars/nanocell/?ec_ft_07545230=55_pulgadas,Mexico,제품 카테고리 (PLP),79
https://www.lg.com/mx/tv-soundbars/lg-signature-oled/?ec_ft_07545230=86_pulgadas_y_más,Mexico,제품 카테고리 (PLP),79
https://www.lg.com/mx/tv-soundbars/nanocell/?ec_ft_07545230=42_pulgadas_~_48_pulgadas,Mexico,제품 카테고리 (PLP),79
https://www.lg.com/mx/tv-soundbars/oled/?ec_ft_07545230=55_pulgadas,Mexico,제품 카테고리 (PLP),90
https://www.lg.com/mx/tv-soundbars/ultra-grandes/?ec_ft_07545230=86_pulgadas_y_m%C3%A1s,Mexico,제품 카테고리 (PLP),82
https://www.lg.com/mx/tv-soundbars/oled-evo/?ec_ft_07545230=55_pulgadas,Mexico,제품 카테고리 (PLP),82
https://www.lg.com/mx/tv-soundbars/ultra-grandes/?ec_ft_07545230=86_pulgadas_–_98_pulgadas,Mexico,제품 카테고리 (PLP),82
https://www.lg.com/mx/tv-soundbars/ultra-grandes/?ec_ft_07545230=42_pulgadas_-_48_pulgadas,Mexico,제품 카테고리 (PLP),82
https://www.lg.com/mx/tv-soundbars/qned/?ec_ft_07545230=70_pulgadas_-_75_pulgadas,Mexico,제품 카테고리 (PLP),90
https://www.lg.com/mx/lifestyle-screens/flex/,Mexico,제품 카테고리 (PLP),79
https://www.lg.com/mx/monitores/,Mexico,제품 카테고리 (PLP),72
https://www.lg.com/mx/tv-soundbars/qned/,Mexico,제품 카테고리 (PLP),90
https://www.lg.com/mx/tv-soundbars/home-theater-soundbar/,Mexico,제품 카테고리 (PLP),64
https://www.lg.com/mx/tv-soundbars/oled/?ec_ft_07545230=65_pulgadas,Mexico,제품 카테고리 (PLP),90
https://www.lg.com/mx/tv-soundbars/true-wireless-tv/,Mexico,제품 카테고리 (PLP),79
https://www.lg.com/mx/tv-soundbars/todas-las-tvs-y-soundbars/?ec_ft_07545230=86_pulgadas_y_pulgadas,Mexico,제품 카테고리 (PLP),79
https://www.lg.com/mx/tv-soundbars/true-wireless-tv/?ec_ft_07545230=86_pulgadas_–_98_pulgadas,Mexico,제품 카테고리 (PLP),79
https://www.lg.com/mx/tv-soundbars/oled/?ec_ft_07545230=42_pulgadas_-_48_pulgadas,Mexico,제품 카테고리 (PLP),90
https://www.lg.com/mx/tv-soundbars/qned-evo/?ec_ft_07545230=65_pulgadas,Mexico,제품 카테고리 (PLP),79
https://www.lg.com/mx/monitores/monitores-full-hd-qhd/,Mexico,제품 카테고리 (PLP),75
https://www.lg.com/mx/tv-soundbars/nanocell/?ec_ft_07545230=65_pulgadas,Mexico,제품 카테고리 (PLP),79
https://www.lg.com/mx/monitores/todos-los-monitores/,Mexico,제품 카테고리 (PLP),75
https://www.lg.com/mx/tv-soundbars/ultra-grandes/?ec_ft_07545230=86_pulgadas_y_más,Mexico,제품 카테고리 (PLP),82
https://www.lg.com/mx/tv-soundbars/oled-evo/?ec_ft_07545230=65_pulgadas,Mexico,제품 카테고리 (PLP),82
https://www.lg.com/mx/tv-soundbars/ultra-grandes/?ec_ft_07545230=70_pulgadas_~_75_pulgadas,Mexico,제품 카테고리 (PLP),82
https://www.lg.com/mx/tv-soundbars/miniled/?ec_ft_07545230=55_pulgadas,Mexico,제품 카테고리 (PLP),79
https://www.lg.com/mx/tv-soundbars/nanocell/?ec_ft_07545230=70_pulgadas_-_75_pulgadas,Mexico,제품 카테고리 (PLP),79
https://www.lg.com/mx/tv-soundbars/smart-tvs/?ec_ft_07545230=42_pulgadas_~_48_pulgadas,Mexico,제품 카테고리 (PLP),79
https://www.lg.com/mx/tv-soundbars/nanocell/?ec_ft_07545230=50_pulgadas,Mexico,제품 카테고리 (PLP),79
https://www.lg.com/mx/tv-soundbars/miniled/?ec_ft_07545230=65_pulgadas,Mexico,제품 카테고리 (PLP),79
https://www.lg.com/mx/tv-soundbars/todas-las-tvs-y-soundbars/?ec_ft_07545230=70_pulgadas_-_75_pulgadas,Mexico,제품 카테고리 (PLP),79
https://www.lg.com/mx/monitores/tv-monitor/,Mexico,제품 카테고리 (PLP),75
https://www.lg.com/mx/monitores/gaming/,Mexico,제품 카테고리 (PLP),75
https://www.lg.com/mx/all-soundsuite/,Mexico,제품 카테고리 (PLP),82
https://www.lg.com/mx/lifestyle-screens/combos-lifestyle-screen/,Mexico,제품 카테고리 (PLP),79
https://www.lg.com/mx/tv-soundbars/smart-tvs/?ec_ft_07545230=32_pulgadas_y_menos,Mexico,제품 카테고리 (PLP),79
https://www.lg.com/mx/monitores/monitores-ultrawide/,Mexico,제품 카테고리 (PLP),75
https://www.lg.com/mx/tv-soundbars/micro-rgb-evo/,Mexico,제품 카테고리 (PLP),57
https://www.lg.com/mx/tv-soundbars/nanocell/,Mexico,제품 카테고리 (PLP),79
https://www.lg.com/mx/tv-soundbars/combos-tv/,Mexico,제품 카테고리 (PLP),79
https://www.lg.com/mx/lifestyle-screens/stanbyme-go/,Mexico,제품 카테고리 (PLP),79
https://www.lg.com/mx/tv-soundbars/todas-las-tvs-y-soundbars/?ec_ft_07545230=77_pulgadas_-_85_pulgadas,Mexico,제품 카테고리 (PLP),79
https://www.lg.com/mx/tv-soundbars/qned/?ec_ft_07545230=65_pulgadas,Mexico,제품 카테고리 (PLP),90
https://www.lg.com/mx/tv-soundbars/ultra-grandes/?ec_ft_07545230=50_pulgadas,Mexico,제품 카테고리 (PLP),82
https://www.lg.com/mx/tv-soundbars/miniled/?ec_ft_07545230=70_pulgadas_-_75_pulgadas,Mexico,제품 카테고리 (PLP),79
https://www.lg.com/mx/tv-soundbars/,Mexico,제품 카테고리 (PLP),72
https://www.lg.com/mx/tv-soundbars/qned-evo/?ec_ft_07545230=70_pulgadas_-_75_pulgadas,Mexico,제품 카테고리 (PLP),79
https://www.lg.com/mx/monitores/monitores-gaming/,Mexico,제품 카테고리 (PLP),86
https://www.lg.com/mx/tv-soundbars/todas-las-tvs-y-soundbars/?ec_ft_07545230=55_pulgadas,Mexico,제품 카테고리 (PLP),79
https://www.lg.com/mx/lifestyle-screens/stanbyme/,Mexico,제품 카테고리 (PLP),79
https://www.lg.com/mx/tv-soundbars/nanocell/?ec_ft_07545230=86_pulgadas_–_98_pulgadas,Mexico,제품 카테고리 (PLP),79
https://www.lg.com/mx/tv-soundbars/lg-signature-oled/,Mexico,제품 카테고리 (PLP),79
https://www.lg.com/mx/tv-soundbars/ultra-grandes/?ec_ft_07545230=42_pulgadas_~_48_pulgadas,Mexico,제품 카테고리 (PLP),82
https://www.lg.com/mx/tv-soundbars/nanocell/?ec_ft_07545230=86_pulgadas_y_más,Mexico,제품 카테고리 (PLP),79
https://www.lg.com/mx/tv-soundbars/ultra-grandes/?ec_ft_07545230=70_pulgadas_-_75_pulgadas,Mexico,제품 카테고리 (PLP),82
https://www.lg.com/mx/tv-soundbars/todas-las-tvs-y-soundbars/?ec_ft_07545230=65_pulgadas,Mexico,제품 카테고리 (PLP),79
https://www.lg.com/mx/tv-soundbars/qned/?ec_ft_07545230=86_pulgadas_–_98_pulgadas,Mexico,제품 카테고리 (PLP),90
https://www.lg.com/mx/tv-soundbars/oled-art/,Mexico,제품 카테고리 (PLP),69
https://www.lg.com/mx/tv-soundbars/oled-evo/?ec_ft_07545230=42_pulgadas_-_48_pulgadas,Mexico,제품 카테고리 (PLP),82
https://www.lg.com/mx/tv-soundbars/qned-mini-led/,Mexico,제품 카테고리 (PLP),57
https://www.lg.com/mx/tv-soundbars/oled-evo/,Mexico,제품 카테고리 (PLP),82
https://www.lg.com/mx/tv-soundbars/smart-tvs/?ec_ft_07545230=42_pulgadas_-_48_pulgadas,Mexico,제품 카테고리 (PLP),79
https://www.lg.com/mx/tv-soundbars/oled/?ec_ft_07545230=77_pulgadas_-_85_pulgadas,Mexico,제품 카테고리 (PLP),90
https://www.lg.com/mx/tv-soundbars/combos-tv-soundbars/,Mexico,제품 카테고리 (PLP),79
https://www.lg.com/mx/tv-soundbars/todas-las-tvs-y-soundbars/?ec_ft_07545230=86_pulgadas_–_98_pulgadas,Mexico,제품 카테고리 (PLP),79
https://www.lg.com/mx/lifestyle-screens/todas-las-pantallas-lifestyle/,Mexico,제품 카테고리 (PLP),79
https://www.lg.com/mx/monitores/combos-monitores/,Mexico,제품 카테고리 (PLP),79
https://www.lg.com/mx/acerca-de-lg/press-and-media/,Mexico,Press & Media,71
https://www.lg.com/mx/acerca-de-lg/press-and-media/aire-acondicionado-aliado-tapatio/,Mexico,Press & Media,75
https://www.lg.com/mx/acerca-de-lg/press-and-media/ac/,Mexico,Press & Media,75
https://www.lg.com/mx/acerca-de-lg/press-and-media/LG-presenta-primer-monitor-5K2K-thunderbolt-5/,Mexico,Press & Media,75
https://www.lg.com/mx/acerca-de-lg/press-and-media/LG_ELECTRONICS_PRESENTA_SOLUCIONES_PERSONALIZADAS_DE_PANTALLAS_Y_SOFTWARE_PARA_CLIENTES_B2B_EN_ISE_2026/,Mexico,Press & Media,79
https://www.lg.com/mx/acerca-de-lg/press-and-media/RESULTADOS-FINANCIEROS-DEL-CUARTO-TRIMESTRE-Y-DEL-2025/,Mexico,Press & Media,79
https://www.lg.com/mx/acerca-de-lg/press-and-media/LG_ELECTRONICS_PRESENTA_SOLUCIONES_Y_COMPONENTES_CLAVE_EN_AHR_EXPO_2026_QUE_MEJORAN_LA_ALTA_EFICIENCIA-DE-HVAC/,Mexico,Press & Media,79
https://www.lg.com/mx/acerca-de-lg/press-and-media/LG-infocomm-2025/,Mexico,Press & Media,75
https://www.lg.com/mx/acerca-de-lg/press-and-media/Contenedores-Design-Week-LG/,Mexico,Press & Media,79
https://www.lg.com/mx/acerca-de-lg/press-and-media/actualizacion-webos/,Mexico,Press & Media,75
https://www.lg.com/mx/acerca-de-lg/press-and-media/aerohit-puricare/,Mexico,Press & Media,75
https://www.lg.com/mx/acerca-de-lg/press-and-media/THINQ_PRO_KBIS_2026/,Mexico,Press & Media,75
https://www.lg.com/mx/acerca-de-lg/press-and-media/-quieres-un-hogar-inteligente--lg-ofrece-hasta-un-60--de-descuen/,Mexico,Press & Media,71
https://www.lg.com/mx/acerca-de-lg/press-and-media/-solutions-beyond-displays---la-apuesta-de-lg-electronics-para-i/,Mexico,Press & Media,64
https://www.lg.com/mx/acerca-de-lg/press-and-media/bajo_consumo/,Mexico,Press & Media,75
https://www.lg.com/mx/acerca-de-lg/press-and-media/audiopremiumlg/,Mexico,Press & Media,75
https://www.lg.com/mx/acerca-de-lg/press-and-media/bocina-stanbyme/,Mexico,Press & Media,75
https://www.lg.com/mx/acerca-de-lg/press-and-media/apple-tv-plus/,Mexico,Press & Media,75
https://www.lg.com/mx/acerca-de-lg/press-and-media/aspiradoras-a9/,Mexico,Press & Media,75
https://www.lg.com/mx/acerca-de-lg/press-and-media/barras-de-sonido/,Mexico,Press & Media,79
https://www.lg.com/mx/acerca-de-lg/press-and-media/b2b-ise-2025/,Mexico,Press & Media,75
https://www.lg.com/mx/acerca-de-lg/press-and-media/audiopremiumlg1/,Mexico,Press & Media,75
https://www.lg.com/mx/acerca-de-lg/press-and-media/buen-fin1/,Mexico,Press & Media,75
https://www.lg.com/mx/acerca-de-lg/press-and-media/aires-acondicionados-merida2025/,Mexico,Press & Media,75
https://www.lg.com/mx/acerca-de-lg/press-and-media/antena-transparente/,Mexico,Press & Media,79
https://www.lg.com/mx/acerca-de-lg/press-and-media/athom/,Mexico,Press & Media,75
https://www.lg.com/mx/acerca-de-lg/press-and-media/anuncio/,Mexico,Press & Media,75
https://www.lg.com/mx/acerca-de-lg/press-and-media/anuncio1/,Mexico,Press & Media,75
https://www.lg.com/mx/acerca-de-lg/press-and-media/asistente-ia/,Mexico,Press & Media,75
https://www.lg.com/mx/acerca-de-lg/press-and-media/aire-acondicionado-inteligente-casa/,Mexico,Press & Media,75
https://www.lg.com/mx/acerca-de-lg/press-and-media/buen-fin/,Mexico,Press & Media,75
https://www.lg.com/mx/acerca-de-lg/press-and-media/anime-onegai/,Mexico,Press & Media,75
https://www.lg.com/mx/acerca-de-lg/press-and-media/alta-eficiencia/,Mexico,Press & Media,75
https://www.lg.com/mx/acerca-de-lg/press-and-media/aire-acondicionado-inteligente/,Mexico,Press & Media,75
https://www.lg.com/mx/acerca-de-lg/press-and-media/ceo-lg-electronics-direccion-estrategica/,Mexico,Press & Media,79
https://www.lg.com/mx/acerca-de-lg/press-and-media/ces-2023/,Mexico,Press & Media,75
https://www.lg.com/mx/acerca-de-lg/press-and-media/campa-a-lifesgood/,Mexico,Press & Media,61
https://www.lg.com/mx/acerca-de-lg/press-and-media/ces-2024/,Mexico,Press & Media,75
https://www.lg.com/mx/acerca-de-lg/press-and-media/ceo-lg1/,Mexico,Press & Media,79
https://www.lg.com/mx/acerca-de-lg/press-and-media/calendario_cineteca/,Mexico,Press & Media,75
https://www.lg.com/mx/acerca-de-lg/press-and-media/ces-2021-demuestra-pantallas-enrollables/,Mexico,Press & Media,79
https://www.lg.com/mx/acerca-de-lg/press-and-media/cambios-organizacionales/,Mexico,Press & Media,75
https://www.lg.com/mx/acerca-de-lg/press-and-media/buenfin/,Mexico,Press & Media,79
https://www.lg.com/mx/acerca-de-lg/press-and-media/ceo-lg/,Mexico,Press & Media,79
https://www.lg.com/mx/acerca-de-lg/press-and-media/contactos-de-medios-de-comunicacion/,Mexico,Press & Media,68
https://www.lg.com/mx/acerca-de-lg/press-and-media/cineteca-nacional-lg-oled/,Mexico,Press & Media,75
https://www.lg.com/mx/acerca-de-lg/press-and-media/cess2021/,Mexico,Press & Media,71
https://www.lg.com/mx/acerca-de-lg/press-and-media/cindie-tv-se-integra-a-lg-channels-/,Mexico,Press & Media,79
https://www.lg.com/mx/acerca-de-lg/press-and-media/cineteca-nacional/,Mexico,Press & Media,75
https://www.lg.com/mx/acerca-de-lg/press-and-media/ciberseguridad-vehiculos/,Mexico,Press & Media,75
https://www.lg.com/mx/acerca-de-lg/press-and-media/cordzero/,Mexico,Press & Media,75
https://www.lg.com/mx/acerca-de-lg/press-and-media/channels/,Mexico,Press & Media,75
https://www.lg.com/mx/acerca-de-lg/press-and-media/conciencia-ambiental/,Mexico,Press & Media,75
https://www.lg.com/mx/acerca-de-lg/press-and-media/ces2024-gaming/,Mexico,Press & Media,75
https://www.lg.com/mx/acerca-de-lg/press-and-media/citadel-lg/,Mexico,Press & Media,75
https://www.lg.com/mx/acerca-de-lg/press-and-media/computadoras-portatiles-lg-gram-2021/,Mexico,Press & Media,75
https://www.lg.com/mx/acerca-de-lg/press-and-media/comunicado-lg-k40/,Mexico,Press & Media,79
https://www.lg.com/mx/acerca-de-lg/press-and-media/cineteca-nacional-oscar/,Mexico,Press & Media,79
https://www.lg.com/mx/acerca-de-lg/press-and-media/ces_2026_LG_Nova/,Mexico,Press & Media,75
https://www.lg.com/mx/acerca-de-lg/press-and-media/cortometraje-lg/,Mexico,Press & Media,75
https://www.lg.com/mx/acerca-de-lg/press-and-media/cinepolis-estrena-canal-en-lg-channels-mx/,Mexico,Press & Media,75
https://www.lg.com/mx/acerca-de-lg/press-and-media/cocinas-integrales/,Mexico,Press & Media,75
https://www.lg.com/mx/acerca-de-lg/press-and-media/conferencia-ces2024/,Mexico,Press & Media,75
https://www.lg.com/mx/acerca-de-lg/press-and-media/ces_2026_lg_will_i_am/,Mexico,Press & Media,75
https://www.lg.com/mx/acerca-de-lg/press-and-media/ces_2026_ultragear/,Mexico,Press & Media,71
https://www.lg.com/mx/acerca-de-lg/press-and-media/entretenimiento/,Mexico,Press & Media,79
https://www.lg.com/mx/acerca-de-lg/press-and-media/energy-star/,Mexico,Press & Media,75
https://www.lg.com/mx/acerca-de-lg/press-and-media/cultivarvegetaleslg/,Mexico,Press & Media,75
https://www.lg.com/mx/acerca-de-lg/press-and-media/design-week2024/,Mexico,Press & Media,75
https://www.lg.com/mx/acerca-de-lg/press-and-media/disneyplus-llega-a-los-smart-tv-de-lg1/,Mexico,Press & Media,75
https://www.lg.com/mx/acerca-de-lg/press-and-media/dualcool-ai/,Mexico,Press & Media,75
https://www.lg.com/mx/acerca-de-lg/press-and-media/entrevista/,Mexico,Press & Media,79
https://www.lg.com/mx/acerca-de-lg/press-and-media/designed-for-lg-gaming-portal/,Mexico,Press & Media,75
https://www.lg.com/mx/acerca-de-lg/press-and-media/design-award-2025/,Mexico,Press & Media,75
https://www.lg.com/mx/acerca-de-lg/press-and-media/empresa-de-soluciones/,Mexico,Press & Media,75
https://www.lg.com/mx/acerca-de-lg/press-and-media/diseno-minimalista/,Mexico,Press & Media,75
https://www.lg.com/mx/acerca-de-lg/press-and-media/disneyplus-llega-a-los-smart-tv-de-lg/,Mexico,Press & Media,75
https://www.lg.com/mx/acerca-de-lg/press-and-media/el-lg-g8x-thinq-y-la-nueva-lg-dual-screen-improve-productivity-and-mobile-user-experience/,Mexico,Press & Media,79
https://www.lg.com/mx/acerca-de-lg/press-and-media/dia-mundial-de-la-tierra/,Mexico,Press & Media,75
https://www.lg.com/mx/acerca-de-lg/press-and-media/duobo/,Mexico,Press & Media,75
https://www.lg.com/mx/acerca-de-lg/press-and-media/debut-en-data-center-2025/,Mexico,Press & Media,75
https://www.lg.com/mx/acerca-de-lg/press-and-media/electrodomesticos-ifa-2024/,Mexico,Press & Media,75
https://www.lg.com/mx/acerca-de-lg/press-and-media/dia-de-muertos/,Mexico,Press & Media,75
https://www.lg.com/mx/acerca-de-lg/press-and-media/gigantes-de-la-industria/,Mexico,Press & Media,75
https://www.lg.com/mx/acerca-de-lg/press-and-media/festival-xboom/,Mexico,Press & Media,75
https://www.lg.com/mx/acerca-de-lg/press-and-media/festivaldecineoled/,Mexico,Press & Media,75
https://www.lg.com/mx/acerca-de-lg/press-and-media/gamingday/,Mexico,Press & Media,75
https://www.lg.com/mx/acerca-de-lg/press-and-media/futuro-sustentable/,Mexico,Press & Media,75
https://www.lg.com/mx/acerca-de-lg/press-and-media/estufa-instaview-de-lg-con-air-sous/,Mexico,Press & Media,75
https://www.lg.com/mx/acerca-de-lg/press-and-media/experiencia-interactiva-para-dise-ar-electrodomesticos/,Mexico,Press & Media,75
https://www.lg.com/mx/acerca-de-lg/press-and-media/experiencia-webos/,Mexico,Press & Media,75
https://www.lg.com/mx/acerca-de-lg/press-and-media/estate-of-survival/,Mexico,Press & Media,75
https://www.lg.com/mx/acerca-de-lg/press-and-media/el-refrigerador-lg-instaview-supera-los-5-3-millones-de-unidades/,Mexico,Press & Media,75
https://www.lg.com/mx/acerca-de-lg/press-and-media/el-nuevo-puricare-aeromini-de-lg-electronics-ofrece-una-potente-/,Mexico,Press & Media,71
https://www.lg.com/mx/acerca-de-lg/press-and-media/hogar-inteligente/,Mexico,Press & Media,75
https://www.lg.com/mx/acerca-de-lg/press-and-media/hackathon/,Mexico,Press & Media,75
https://www.lg.com/mx/acerca-de-lg/press-and-media/gram-2023/,Mexico,Press & Media,75
https://www.lg.com/mx/acerca-de-lg/press-and-media/harbin-bombas-de-calor/,Mexico,Press & Media,75
https://www.lg.com/mx/acerca-de-lg/press-and-media/google-cast-ise-2025/,Mexico,Press & Media,79
https://www.lg.com/mx/acerca-de-lg/press-and-media/hitec-2024/,Mexico,Press & Media,75
https://www.lg.com/mx/soporte/soporte-de-producto/solucion-de-problemas/help-library/cs-CT52001175-20155311281656/,Mexico,Support - Troubleshoot,71
https://www.lg.com/mx/soporte/soporte-de-producto/solucion-de-problemas/help-library/cs-CT52001177-20155130420143/,Mexico,Support - Troubleshoot,71
https://www.lg.com/mx/soporte/soporte-de-producto/solucion-de-problemas/help-library/cs-CT52001176-20155101722540/,Mexico,Support - Troubleshoot,71
https://www.lg.com/mx/soporte/soporte-de-producto/solucion-de-problemas/help-library/cs-CT52001175-20152939382199/,Mexico,Support - Troubleshoot,71
https://www.lg.com/mx/soporte/soporte-de-producto/solucion-de-problemas/help-library/cs-CT40001739-20155062565196,Mexico,Support - Troubleshoot,71
https://www.lg.com/mx/soporte/soporte-de-producto/solucion-de-problemas/help-library/cs-CT52001178-20155311510063,Mexico,Support - Troubleshoot,71
https://www.lg.com/mx/soporte/soporte-de-producto/solucion-de-problemas/help-library/cs-CT52001175-20155052624070/,Mexico,Support - Troubleshoot,71
https://www.lg.com/mx/soporte/soporte-de-producto/solucion-de-problemas/help-library/cs-CT52001176-20155102610583/,Mexico,Support - Troubleshoot,71
https://www.lg.com/mx/soporte/soporte-de-producto/solucion-de-problemas/help-library/cs-CT52001176-20155268065571/,Mexico,Support - Troubleshoot,71
https://www.lg.com/mx/soporte/ayuda-producto/CT20178018-1429776703700,Mexico,Support - Troubleshoot,71
https://www.lg.com/mx/soporte/soporte-de-producto/solucion-de-problemas/help-library/cs-CT52001176-20155101724174,Mexico,Support - Troubleshoot,71
https://www.lg.com/mx/soporte/soporte-de-producto/solucion-de-problemas/help-library/cs-CT52001178-20155006054500,Mexico,Support - Troubleshoot,71
https://www.lg.com/mx/soporte/soporte-de-producto/solucion-de-problemas/help-library/cs-CT52001177-20155117733591/,Mexico,Support - Troubleshoot,71
https://www.lg.com/mx/soporte/soporte-de-producto/solucion-de-problemas/help-library/cs-CT52001176-20155103098227/,Mexico,Support - Troubleshoot,71
https://www.lg.com/mx/soporte/soporte-de-producto/solucion-de-problemas/help-library/cs-CT52001176-20154978949801/,Mexico,Support - Troubleshoot,71
https://www.lg.com/mx/soporte/soporte-de-producto/solucion-de-problemas/help-library/cs-CT52001177-20155297256775/,Mexico,Support - Troubleshoot,71
https://www.lg.com/mx/soporte/soporte-de-producto/solucion-de-problemas/help-library/cs-CT52001176-20155103112024,Mexico,Support - Troubleshoot,71
https://www.lg.com/mx/soporte/soporte-de-producto/solucion-de-problemas/help-library/cs-CT52001177-20155130680953/,Mexico,Support - Troubleshoot,71
https://www.lg.com/mx/soporte/soporte-de-producto/solucion-de-problemas/help-library/cs-CT52001176-20155027710418/,Mexico,Support - Troubleshoot,71
https://www.lg.com/mx/soporte/soporte-de-producto/solucion-de-problemas/help-library/cs-CT52001178-20152939381716/,Mexico,Support - Troubleshoot,71
https://www.lg.com/mx/soporte/soporte-de-producto/solucion-de-problemas/help-library/cs-CT52001175-20154988830601,Mexico,Support - Troubleshoot,71
https://www.lg.com/mx/soporte/soporte-de-producto/solucion-de-problemas/help-library/cs-CT52001177-20155060988637/,Mexico,Support - Troubleshoot,71
https://www.lg.com/mx/soporte/soporte-de-producto/solucion-de-problemas/help-library/cs-CT52001178-20155311462655/,Mexico,Support - Troubleshoot,71
https://www.lg.com/mx/soporte/soporte-de-producto/solucion-de-problemas/help-library/cs-CT52001176-20155092738758,Mexico,Support - Troubleshoot,71
https://www.lg.com/mx/soporte/soporte-de-producto/solucion-de-problemas/help-library/cs-CT52001176-20155027807109/,Mexico,Support - Troubleshoot,71
https://www.lg.com/mx/soporte/soporte-de-producto/solucion-de-problemas/help-library/cs-CT52001175-20155130447694/,Mexico,Support - Troubleshoot,71
https://www.lg.com/mx/soporte/soporte-de-producto/solucion-de-problemas/help-library/cs-CT52001177-20155048197233/,Mexico,Support - Troubleshoot,71
https://www.lg.com/mx/soporte/soporte-de-producto/solucion-de-problemas/help-library/cs-CT52001178-20155333776299/,Mexico,Support - Troubleshoot,71
https://www.lg.com/mx/soporte/soporte-de-producto/solucion-de-problemas/help-library/cs-CT52001178-20155379629056/,Mexico,Support - Troubleshoot,71
https://www.lg.com/mx/soporte/soporte-de-producto/solucion-de-problemas/help-library/cs-CT52001177-20155183806774,Mexico,Support - Troubleshoot,71
https://www.lg.com/mx/soporte/soporte-de-producto/solucion-de-problemas/help-library/cs-CT52001177-20155198570581/,Mexico,Support - Troubleshoot,71
https://www.lg.com/mx/soporte/soporte-de-producto/solucion-de-problemas/help-library/cs-CT52001176-20155177656196,Mexico,Support - Troubleshoot,71
https://www.lg.com/mx/soporte/soporte-de-producto/solucion-de-problemas/help-library/cs-CT52001177-20155135973325,Mexico,Support - Troubleshoot,71
https://www.lg.com/mx/soporte/soporte-de-producto/solucion-de-problemas/help-library/cs-CT52001176-20155130220987,Mexico,Support - Troubleshoot,71
https://www.lg.com/mx/soporte/soporte-de-producto/solucion-de-problemas/help-library/cs-CT52001176-20155101718353,Mexico,Support - Troubleshoot,71
https://www.lg.com/mx/soporte/soporte-de-producto/solucion-de-problemas/help-library/cs-CT52001176-20155297571159,Mexico,Support - Troubleshoot,71
https://www.lg.com/mx/soporte/soporte-de-producto/solucion-de-problemas/help-library/cs-CT32013022-20155198991499,Mexico,Support - Troubleshoot,71
https://www.lg.com/mx/soporte/soporte-de-producto/solucion-de-problemas/help-library/cs-CT52001176-20155028315049,Mexico,Support - Troubleshoot,71
https://www.lg.com/mx/soporte/soporte-de-producto/solucion-de-problemas/help-library/cs-CT52001176-20155102970927/,Mexico,Support - Troubleshoot,71
https://www.lg.com/mx/soporte/soporte-de-producto/solucion-de-problemas/help-library/cs-CT52001178-20152941373241/,Mexico,Support - Troubleshoot,71
https://www.lg.com/mx/soporte/soporte-de-producto/solucion-de-problemas/help-library/cs-CT52001178-20155311404942/,Mexico,Support - Troubleshoot,71
https://www.lg.com/mx/soporte/soporte-de-producto/solucion-de-problemas/help-library/cs-CT52001177-20155274470879/,Mexico,Support - Troubleshoot,71
https://www.lg.com/mx/soporte/soporte-de-producto/solucion-de-problemas/help-library/cs-CT52001178-20155181428390,Mexico,Support - Troubleshoot,71
https://www.lg.com/mx/soporte/soporte-de-producto/solucion-de-problemas/help-library/cs-CT52001176-20155102929208,Mexico,Support - Troubleshoot,71
https://www.lg.com/mx/soporte/soporte-de-producto/solucion-de-problemas/help-library/cs-CT52001178-20155269005555/,Mexico,Support - Troubleshoot,71
https://www.lg.com/mx/soporte/soporte-de-producto/solucion-de-problemas/help-library/cs-CT52001176-20155004254069,Mexico,Support - Troubleshoot,71
https://www.lg.com/mx/soporte/soporte-de-producto/solucion-de-problemas/help-library/cs-CT52001176-20155379389257/,Mexico,Support - Troubleshoot,71
https://www.lg.com/mx/soporte/soporte-de-producto/solucion-de-problemas/help-library/cs-CT52001176-20155027836774,Mexico,Support - Troubleshoot,71
https://www.lg.com/mx/soporte/soporte-de-producto/solucion-de-problemas/help-library/cs-CT52001176-20155118242022/,Mexico,Support - Troubleshoot,71
https://www.lg.com/mx/soporte/soporte-de-producto/solucion-de-problemas/help-library/cs-CT52001176-20155102785145,Mexico,Support - Troubleshoot,71
https://www.lg.com/mx/soporte/soporte-de-producto/solucion-de-problemas/help-library/cs-CT52001176-20155148965368,Mexico,Support - Troubleshoot,71
https://www.lg.com/mx/soporte/soporte-de-producto/solucion-de-problemas/help-library/cs-CT52001176-20155102795207,Mexico,Support - Troubleshoot,71
https://www.lg.com/mx/soporte/soporte-de-producto/solucion-de-problemas/help-library/cs-CT52001178-20155412190710/,Mexico,Support - Troubleshoot,71
https://www.lg.com/mx/soporte/soporte-de-producto/solucion-de-problemas/help-library/cs-CT40001739-20155119011354,Mexico,Support - Troubleshoot,71
https://www.lg.com/mx/soporte/soporte-de-producto/solucion-de-problemas/help-library/cs-CT52001175-20154992572980,Mexico,Support - Troubleshoot,71
https://www.lg.com/mx/soporte/soporte-de-producto/solucion-de-problemas/help-library/cs-CT32013022-20155060945506,Mexico,Support - Troubleshoot,71
https://www.lg.com/mx/soporte/soporte-de-producto/solucion-de-problemas/help-library/cs-CT52001177-20155134075340/,Mexico,Support - Troubleshoot,71
https://www.lg.com/mx/soporte/soporte-de-producto/solucion-de-problemas/help-library/cs-CT52001176-20155102982679/,Mexico,Support - Troubleshoot,71
https://www.lg.com/mx/soporte/soporte-de-producto/solucion-de-problemas/help-library/cs-CT52001176-20155101725694,Mexico,Support - Troubleshoot,71
https://www.lg.com/mx/soporte/soporte-de-producto/solucion-de-problemas/help-library/cs-CT52001178-20155410030324/,Mexico,Support - Troubleshoot,71
https://www.lg.com/mx/soporte/soporte-de-producto/solucion-de-problemas/help-library/cs-CT52001177-20155131950017/,Mexico,Support - Troubleshoot,71
https://www.lg.com/mx/soporte/soporte-de-producto/solucion-de-problemas/help-library/cs-CT52001176-20155128323806/,Mexico,Support - Troubleshoot,71
https://www.lg.com/mx/soporte/soporte-de-producto/solucion-de-problemas/help-library/cs-CT52001175-20155412218773,Mexico,Support - Troubleshoot,71
https://www.lg.com/mx/soporte/soporte-de-producto/solucion-de-problemas/help-library/cs-CT52001175-20155105901978,Mexico,Support - Troubleshoot,71
https://www.lg.com/mx/soporte/soporte-de-producto/solucion-de-problemas/help-library/cs-CT52001176-20155101661593/,Mexico,Support - Troubleshoot,71
https://www.lg.com/mx/soporte/soporte-de-producto/solucion-de-problemas/help-library/cs-CT52001178-20155114291317/,Mexico,Support - Troubleshoot,71
https://www.lg.com/mx/soporte/soporte-de-producto/solucion-de-problemas/help-library/cs-CT52001177-20155363599693/,Mexico,Support - Troubleshoot,71
https://www.lg.com/mx/soporte/soporte-de-producto/solucion-de-problemas/help-library/cs-CT52001177-20155366424952/,Mexico,Support - Troubleshoot,71
https://www.lg.com/mx/soporte/soporte-de-producto/solucion-de-problemas/help-library/cs-CT52001176-20155102938086/,Mexico,Support - Troubleshoot,71
https://www.lg.com/mx/soporte/soporte-de-producto/solucion-de-problemas/help-library/cs-CT52001177-20155048186372,Mexico,Support - Troubleshoot,71
https://www.lg.com/mx/soporte/soporte-de-producto/solucion-de-problemas/help-library/cs-CT52001178-20155331406488/,Mexico,Support - Troubleshoot,71
https://www.lg.com/mx/soporte/soporte-de-producto/solucion-de-problemas/help-library/cs-CT52001176-20155101729342/,Mexico,Support - Troubleshoot,75
https://www.lg.com/mx/soporte/soporte-de-producto/solucion-de-problemas/help-library/cs-CT52001178-20155104842072/,Mexico,Support - Troubleshoot,71
https://www.lg.com/mx/soporte/soporte-de-producto/solucion-de-problemas/help-library/cs-CT52001177-20155118507578/,Mexico,Support - Troubleshoot,71
https://www.lg.com/mx/soporte/soporte-de-producto/solucion-de-problemas/help-library/cs-CT52001176-20155272225586/,Mexico,Support - Troubleshoot,71
https://www.lg.com/mx/soporte/soporte-de-producto/solucion-de-problemas/help-library/cs-CT52001176-20155102954804,Mexico,Support - Troubleshoot,71
https://www.lg.com/mx/soporte/soporte-de-producto/solucion-de-problemas/help-library/cs-CT52001176-20155102810310/,Mexico,Support - Troubleshoot,71
https://www.lg.com/mx/soporte/soporte-de-producto/solucion-de-problemas/help-library/cs-CT32013022-20155363601894,Mexico,Support - Troubleshoot,71
https://www.lg.com/mx/soporte/soporte-de-producto/solucion-de-problemas/help-library/cs-CT52001176-20155102817449,Mexico,Support - Troubleshoot,71
https://www.lg.com/mx/soporte/soporte-de-producto/solucion-de-problemas/help-library/cs-CT52001178-20155410261659/,Mexico,Support - Troubleshoot,71
https://www.lg.com/mx/soporte/soporte-de-producto/solucion-de-problemas/help-library/cs-CT52001178-20155029350574/,Mexico,Support - Troubleshoot,71
https://www.lg.com/mx/soporte/soporte-de-producto/solucion-de-problemas/help-library/cs-CT52001178-20155029322293/,Mexico,Support - Troubleshoot,71
https://www.lg.com/mx/soporte/soporte-de-producto/solucion-de-problemas/help-library/cs-CT52001176-20155368586038,Mexico,Support - Troubleshoot,71
https://www.lg.com/mx/soporte/soporte-de-producto/solucion-de-problemas/help-library/cs-CT52001178-20155410407018,Mexico,Support - Troubleshoot,71
https://www.lg.com/mx/soporte/soporte-de-producto/solucion-de-problemas/help-library/cs-CT52001176-20155102768431/,Mexico,Support - Troubleshoot,71
https://www.lg.com/mx/soporte/soporte-de-producto/solucion-de-problemas/help-library/cs-CT52001177-20155128302111/,Mexico,Support - Troubleshoot,71
https://www.lg.com/mx/soporte/soporte-de-producto/solucion-de-problemas/help-library/cs-CT52001176-20155352260445,Mexico,Support - Troubleshoot,71
https://www.lg.com/mx/soporte/soporte-de-producto/solucion-de-problemas/help-library/cs-CT52001176-20155386347125/,Mexico,Support - Troubleshoot,71
https://www.lg.com/mx/soporte/soporte-de-producto/solucion-de-problemas/help-library/cs-CT52001176-1423652805078/,Mexico,Support - Troubleshoot,71
https://www.lg.com/mx/soporte/soporte-de-producto/solucion-de-problemas/help-library/cs-CT52001176-20155048218338/,Mexico,Support - Troubleshoot,71
https://www.lg.com/mx/soporte/soporte-de-producto/solucion-de-problemas/help-library/cs-CT52001178-20155069780016/,Mexico,Support - Troubleshoot,71
https://www.lg.com/mx/soporte/soporte-de-producto/solucion-de-problemas/help-library/cs-CT52001176-20155105957259,Mexico,Support - Troubleshoot,71
https://www.lg.com/mx/soporte/soporte-de-producto/solucion-de-problemas/help-library/cs-CT52001176-20155102827243,Mexico,Support - Troubleshoot,71
https://www.lg.com/mx/soporte/soporte-de-producto/solucion-de-problemas/help-library/cs-CT52001176-20155102932506,Mexico,Support - Troubleshoot,71
https://www.lg.com/mx/soporte/soporte-de-producto/solucion-de-problemas/help-library/cs-CT52001176-20155333896069,Mexico,Support - Troubleshoot,71
https://www.lg.com/mx/soporte/soporte-de-producto/solucion-de-problemas/help-library/cs-CT52001177-20155062100990/,Mexico,Support - Troubleshoot,71
https://www.lg.com/mx/soporte/soporte-de-producto/solucion-de-problemas/help-library/cs-CT52001178-20155019545757/,Mexico,Support - Troubleshoot,71
https://www.lg.com/mx/soporte/soporte-de-producto/solucion-de-problemas/help-library/cs-CT52001176-20155102836236,Mexico,Support - Troubleshoot,71
https://www.lg.com/mx/soporte/soporte-de-producto/solucion-de-problemas/help-library/cs-CT52001176-20155028324087,Mexico,Support - Troubleshoot,71
https://www.lg.com/mx/soporte/soporte-de-producto/solucion-de-problemas/help-library/cs-CT52001177-20155048192355/,Mexico,Support - Troubleshoot,71
https://www.lg.com/uk/lifestyle-screens/stanbyme/32lx6bpga/,UK,제품 상세 (PDP),81
https://www.lg.com/uk/tvs-soundbars/fhd/32lb650b6la/,UK,제품 상세 (PDP),81
https://www.lg.com/uk/tvs-soundbars/fhd/43lb65006la/,UK,제품 상세 (PDP),81
https://www.lg.com/uk/tvs-soundbars/fhd/24lb70006la/,UK,제품 상세 (PDP),81
https://www.lg.com/uk/tvs-soundbars/micro-rgb-evo/100mrgb96b6/,UK,제품 상세 (PDP),81
https://www.lg.com/uk/tvs-soundbars/fhd/27lb70006la/,UK,제품 상세 (PDP),81
https://www.lg.com/uk/tvs-soundbars/mini-rgb-evo/50mrgb86b6a/,UK,제품 상세 (PDP),81
https://www.lg.com/uk/tvs-soundbars/gallery-tv-with-fram/65lx7b6la/,UK,제품 상세 (PDP),81
https://www.lg.com/uk/tvs-soundbars/micro-rgb-evo/75mrgb96b6b/,UK,제품 상세 (PDP),81
https://www.lg.com/uk/tvs-soundbars/mini-rgb-evo/55mrgb88b6b/,UK,제품 상세 (PDP),81
https://www.lg.com/uk/tvs-soundbars/micro-rgb-evo/86mrgb96b6b/,UK,제품 상세 (PDP),81
https://www.lg.com/uk/tvs-soundbars/gallery-tv-with-fram/55lx7b6la/,UK,제품 상세 (PDP),81
https://www.lg.com/uk/tvs-soundbars/mini-rgb-evo/50mrgb88b6b/,UK,제품 상세 (PDP),81
https://www.lg.com/uk/tvs-soundbars/mini-rgb-evo/55mrgb86b6a/,UK,제품 상세 (PDP),81
https://www.lg.com/uk/tvs-soundbars/mini-rgb-evo/65mrgb88b6b/,UK,제품 상세 (PDP),81
https://www.lg.com/uk/tvs-soundbars/mini-rgb-evo/65mrgb86b6a/,UK,제품 상세 (PDP),81
https://www.lg.com/uk/tvs-soundbars/mini-rgb-evo/75mrgb88b6b/,UK,제품 상세 (PDP),81
https://www.lg.com/uk/tvs-soundbars/mini-rgb-evo/75mrgb9mb9b/,UK,제품 상세 (PDP),81
https://www.lg.com/uk/tvs-soundbars/mini-rgb-evo/75mrgb86b6a/,UK,제품 상세 (PDP),81
https://www.lg.com/uk/tvs-soundbars/mini-rgb-evo/65mrgb9mb9b/,UK,제품 상세 (PDP),81
https://www.lg.com/uk/tvs-soundbars/nano-4k-uhd/75nu850b6la/,UK,제품 상세 (PDP),81
https://www.lg.com/uk/tvs-soundbars/nano-4k-uhd/75nu800b6la/,UK,제품 상세 (PDP),81
https://www.lg.com/uk/tvs-soundbars/nano-4k-uhd/65nu900b6la/,UK,제품 상세 (PDP),81
https://www.lg.com/uk/tvs-soundbars/nano-4k-uhd/43nu800b6lc/,UK,제품 상세 (PDP),81
https://www.lg.com/uk/tvs-soundbars/nano-4k-uhd/65nu8e0b3la/,UK,제품 상세 (PDP),81
https://www.lg.com/uk/tvs-soundbars/nano-4k-uhd/50nu8e0b3la/,UK,제품 상세 (PDP),81
https://www.lg.com/uk/tvs-soundbars/mini-rgb-evo/86mrgb88b6b/,UK,제품 상세 (PDP),81
https://www.lg.com/uk/tvs-soundbars/nano-4k-uhd/65nu850b6la/,UK,제품 상세 (PDP),81
https://www.lg.com/uk/tvs-soundbars/oled-evo/oled42c65la/,UK,제품 상세 (PDP),81
https://www.lg.com/uk/tvs-soundbars/nano-4k-uhd/98nu900b6lb/,UK,제품 상세 (PDP),81
https://www.lg.com/uk/tvs-soundbars/oled-evo/oled42c64la/,UK,제품 상세 (PDP),81
https://www.lg.com/uk/tvs-soundbars/nano-4k-uhd/85nu800b6la/,UK,제품 상세 (PDP),81
https://www.lg.com/uk/tvs-soundbars/nano-4k-uhd/85nu900b6la/,UK,제품 상세 (PDP),81
https://www.lg.com/uk/tvs-soundbars/nano-4k-uhd/85nu8e0b3la/,UK,제품 상세 (PDP),81
https://www.lg.com/uk/tvs-soundbars/oled-evo/oled42c66lb/,UK,제품 상세 (PDP),81
https://www.lg.com/uk/tvs-soundbars/nano-4k-uhd/85nu850b6la/,UK,제품 상세 (PDP),81
https://www.lg.com/uk/tvs-soundbars/nano-4k-uhd/75nu8e0b3la/,UK,제품 상세 (PDP),81
https://www.lg.com/uk/tvs-soundbars/nano-4k-uhd/75nu900b6la/,UK,제품 상세 (PDP),81
https://www.lg.com/uk/tvs-soundbars/oled-evo/oled48c66lb/,UK,제품 상세 (PDP),81
https://www.lg.com/uk/tvs-soundbars/oled-evo/oled65c64la/,UK,제품 상세 (PDP),81
https://www.lg.com/uk/tvs-soundbars/oled-evo/oled42c6elb/,UK,제품 상세 (PDP),81
https://www.lg.com/uk/tvs-soundbars/oled-evo/oled55c66lb/,UK,제품 상세 (PDP),81
https://www.lg.com/uk/tvs-soundbars/oled-evo/oled65c6elb/,UK,제품 상세 (PDP),81
https://www.lg.com/uk/tvs-soundbars/oled-evo/oled65c66lb/,UK,제품 상세 (PDP),81
https://www.lg.com/uk/tvs-soundbars/oled-evo/oled55c65la/,UK,제품 상세 (PDP),81
https://www.lg.com/uk/tvs-soundbars/oled-evo/oled55c64la/,UK,제품 상세 (PDP),81
https://www.lg.com/uk/tvs-soundbars/oled-evo/oled55g64lw/,UK,제품 상세 (PDP),81
https://www.lg.com/uk/tvs-soundbars/oled-evo/oled65c65la/,UK,제품 상세 (PDP),81
https://www.lg.com/uk/tvs-soundbars/oled-evo/oled48c64la/,UK,제품 상세 (PDP),81
https://www.lg.com/uk/tvs-soundbars/oled-evo/oled65g64lw/,UK,제품 상세 (PDP),81
https://www.lg.com/uk/tvs-soundbars/oled-evo/oled55g66ls/,UK,제품 상세 (PDP),81
https://www.lg.com/uk/tvs-soundbars/oled-evo/oled65g66ls/,UK,제품 상세 (PDP),81
https://www.lg.com/uk/tvs-soundbars/oled-evo/oled65g62lw/,UK,제품 상세 (PDP),81
https://www.lg.com/uk/tvs-soundbars/oled-evo/oled55c6elb/,UK,제품 상세 (PDP),81
https://www.lg.com/uk/tvs-soundbars/oled-evo/oled77c64la/,UK,제품 상세 (PDP),81
https://www.lg.com/uk/tvs-soundbars/oled-evo/oled48c65la/,UK,제품 상세 (PDP),81
https://www.lg.com/uk/tvs-soundbars/oled-evo/oled55g62lw/,UK,제품 상세 (PDP),81
https://www.lg.com/uk/tvs-soundbars/oled-evo/oled48c6elb/,UK,제품 상세 (PDP),81
https://www.lg.com/uk/tvs-soundbars/oled/oled77b6elc/,UK,제품 상세 (PDP),81
https://www.lg.com/uk/tvs-soundbars/oled/oled55b6elc/,UK,제품 상세 (PDP),81
https://www.lg.com/uk/tvs-soundbars/oled/oled55b65la/,UK,제품 상세 (PDP),81
https://www.lg.com/uk/tvs-soundbars/oled/oled65b6elc/,UK,제품 상세 (PDP),81
https://www.lg.com/uk/tvs-soundbars/oled/oled77b65la/,UK,제품 상세 (PDP),81
https://www.lg.com/uk/tvs-soundbars/oled/oled65b65la/,UK,제품 상세 (PDP),81
https://www.lg.com/uk/tvs-soundbars/qned-evo/43qned81b6c/,UK,제품 상세 (PDP),81
https://www.lg.com/uk/tvs-soundbars/qned-evo/43qned86b6b/,UK,제품 상세 (PDP),81
https://www.lg.com/uk/tvs-soundbars/qned-evo/100qned87b6/,UK,제품 상세 (PDP),81
https://www.lg.com/uk/tvs-soundbars/qned-evo/115qned93b6/,UK,제품 상세 (PDP),81
https://www.lg.com/uk/tvs-soundbars/qned-evo/43qned87b6a/,UK,제품 상세 (PDP),81
https://www.lg.com/uk/tvs-soundbars/oled/oled83b6elb/,UK,제품 상세 (PDP),81
https://www.lg.com/uk/tvs-soundbars/oled-evo/oled97g64lw/,UK,제품 상세 (PDP),81
https://www.lg.com/uk/tvs-soundbars/qned-evo/50qned81b6c/,UK,제품 상세 (PDP),81
https://www.lg.com/uk/tvs-soundbars/oled-evo/oled83w69la/,UK,제품 상세 (PDP),81
https://www.lg.com/uk/tvs-soundbars/qned-evo/50qned85b6b/,UK,제품 상세 (PDP),81
https://www.lg.com/uk/tvs-soundbars/qned-evo/43qned8eb3f/,UK,제품 상세 (PDP),81
https://www.lg.com/uk/tvs-soundbars/qned-evo/50qned86b6b/,UK,제품 상세 (PDP),81
https://www.lg.com/uk/tvs-soundbars/qned-evo/55qned87b6a/,UK,제품 상세 (PDP),81
https://www.lg.com/uk/tvs-soundbars/qned-evo/55qned8eb3b/,UK,제품 상세 (PDP),81
https://www.lg.com/uk/tvs-soundbars/qned-evo/65qned83b6a/,UK,제품 상세 (PDP),81
https://www.lg.com/uk/tvs-soundbars/qned-evo/50qned8eb3f/,UK,제품 상세 (PDP),81
https://www.lg.com/uk/tvs-soundbars/qned-evo/55qned85a6c/,UK,제품 상세 (PDP),81
https://www.lg.com/uk/tvs-soundbars/qned-evo/65qned87b6a/,UK,제품 상세 (PDP),81
https://www.lg.com/uk/tvs-soundbars/qned-evo/65qned85b6b/,UK,제품 상세 (PDP),81
https://www.lg.com/uk/tvs-soundbars/qned-evo/75qned83b6a/,UK,제품 상세 (PDP),81
https://www.lg.com/uk/tvs-soundbars/qned-evo/75qned86b6b/,UK,제품 상세 (PDP),81
https://www.lg.com/uk/tvs-soundbars/qned-evo/75qned86a6a/,UK,제품 상세 (PDP),81
https://www.lg.com/uk/tvs-soundbars/qned-evo/55qned83b6a/,UK,제품 상세 (PDP),81
https://www.lg.com/uk/tvs-soundbars/qned-evo/50qned87b6a/,UK,제품 상세 (PDP),81
https://www.lg.com/uk/tvs-soundbars/qned-evo/55qned86b6b/,UK,제품 상세 (PDP),81
https://www.lg.com/uk/tvs-soundbars/qned-evo/65qned86b6b/,UK,제품 상세 (PDP),81
https://www.lg.com/uk/tvs-soundbars/qned-evo/65qned8eb3b/,UK,제품 상세 (PDP),81
https://www.lg.com/uk/tvs-soundbars/qned-evo/55qned85b6b/,UK,제품 상세 (PDP),81
https://www.lg.com/uk/tvs-soundbars/qned-evo/65qned85a6c/,UK,제품 상세 (PDP),81
https://www.lg.com/uk/tvs-soundbars/qned-evo/75qned85b6b/,UK,제품 상세 (PDP),81
https://www.lg.com/uk/tvs-soundbars/qned-evo/75qned85a6c/,UK,제품 상세 (PDP),81
https://www.lg.com/uk/tvs-soundbars/qned-evo/86qned86b6b/,UK,제품 상세 (PDP),81
https://www.lg.com/uk/tvs-soundbars/qned/100qned86a6/,UK,제품 상세 (PDP),81
https://www.lg.com/uk/tvs-soundbars/qned/50qned72b6b/,UK,제품 상세 (PDP),81
https://www.lg.com/uk/tvs-soundbars/qned-evo/86qned86a6a/,UK,제품 상세 (PDP),81
https://www.lg.com/uk/tvs-soundbars/qned/43qned70a6a/,UK,제품 상세 (PDP),81
https://www.lg.com/uk/tvs-soundbars/qned-evo/75qned87a6b/,UK,제품 상세 (PDP),81
https://www.lg.com/uk/tvs-soundbars/qned-evo/85qned83b6a/,UK,제품 상세 (PDP),81
https://www.lg.com/uk/tvs-soundbars/qned/43qned7eb3c/,UK,제품 상세 (PDP),81
https://www.lg.com/uk/tvs-soundbars/qned/43qned72b6b/,UK,제품 상세 (PDP),81
https://www.lg.com/uk/tvs-soundbars/qned/43qned71b6b/,UK,제품 상세 (PDP),81
https://www.lg.com/uk/tvs-soundbars/qned/50qned71b6b/,UK,제품 상세 (PDP),81
https://www.lg.com/uk/tvs-soundbars/qned-evo/86qned85b6b/,UK,제품 상세 (PDP),81
https://www.lg.com/uk/tvs-soundbars/qned-evo/86qned87b6a/,UK,제품 상세 (PDP),81
https://www.lg.com/uk/tvs-soundbars/qned-evo/75qned8eb3a/,UK,제품 상세 (PDP),81
https://www.lg.com/uk/tvs-soundbars/qned/50qned7eb3c/,UK,제품 상세 (PDP),81
https://www.lg.com/uk/tvs-soundbars/qned/43qned70b6c/,UK,제품 상세 (PDP),81
https://www.lg.com/uk/tvs-soundbars/qned/50qned70a6a/,UK,제품 상세 (PDP),81
https://www.lg.com/uk/tvs-soundbars/qned/50qned70b6c/,UK,제품 상세 (PDP),81
https://www.lg.com/uk/tvs-soundbars/qned/55qned7eb3c/,UK,제품 상세 (PDP),81
https://www.lg.com/uk/tvs-soundbars/qned/65qned70b6c/,UK,제품 상세 (PDP),81
https://www.lg.com/uk/tvs-soundbars/qned/55qned86a6a/,UK,제품 상세 (PDP),78
https://www.lg.com/uk/tvs-soundbars/qned/55qned70b6c/,UK,제품 상세 (PDP),81
https://www.lg.com/uk/tvs-soundbars/qned/55qned70a6a/,UK,제품 상세 (PDP),81
https://www.lg.com/uk/tvs-soundbars/qned/55qned72b6b/,UK,제품 상세 (PDP),81
https://www.lg.com/uk/tvs-soundbars/qned/65qned71b6b/,UK,제품 상세 (PDP),81
https://www.lg.com/uk/tvs-soundbars/qned/65qned70a6a/,UK,제품 상세 (PDP),81
https://www.lg.com/uk/tvs-soundbars/qned/55qned71b6b/,UK,제품 상세 (PDP),81
https://www.lg.com/uk/tvs-soundbars/qned/55qned87a6b/,UK,제품 상세 (PDP),81
https://www.lg.com/uk/tvs-soundbars/qned/75qned72b6a/,UK,제품 상세 (PDP),81
https://www.lg.com/uk/tvs-soundbars/qned/65qned87a6b/,UK,제품 상세 (PDP),81
https://www.lg.com/uk/tvs-soundbars/qned/65qned86a6a/,UK,제품 상세 (PDP),81
https://www.lg.com/uk/tvs-soundbars/qned/85qned7eb3a/,UK,제품 상세 (PDP),81
https://www.lg.com/uk/tvs-soundbars/qned/75qned70b6a/,UK,제품 상세 (PDP),81
https://www.lg.com/uk/tvs-soundbars/qned/85qned72b6a/,UK,제품 상세 (PDP),81
https://www.lg.com/uk/tvs-soundbars/qned/65qned72b6b/,UK,제품 상세 (PDP),81
https://www.lg.com/uk/tvs-soundbars/qned/75qned7eb3a/,UK,제품 상세 (PDP),81
https://www.lg.com/uk/tvs-soundbars/qned/85qned70b6a/,UK,제품 상세 (PDP),81
https://www.lg.com/uk/tvs-soundbars/qned/65qned7eb3c/,UK,제품 상세 (PDP),81
https://www.lg.com/uk/tvs-soundbars/4k-uhd-tvs/43lq60006la/,UK,제품 상세 (PDP),81
https://www.lg.com/uk/tvs-soundbars/4k-uhd-tvs/43ua74006lb/,UK,제품 상세 (PDP),84
https://www.lg.com/uk/tvs-soundbars/4k-uhd-tvs/43ua73006la/,UK,제품 상세 (PDP),81
https://www.lg.com/uk/tvs-soundbars/4k-uhd-tvs/43ua75006la/,UK,제품 상세 (PDP),81
https://www.lg.com/uk/laundry/styler/rx5mr/,UK,제품 상세 (PDP),84
https://www.lg.com/uk/laundry/tumble-dryers/fdc309w/,UK,제품 상세 (PDP),81
https://www.lg.com/uk/laundry/styler/s3wf/,UK,제품 상세 (PDP),81
https://www.lg.com/uk/laundry/styler/s3bf/,UK,제품 상세 (PDP),81
https://www.lg.com/uk/heating-solution/hydrosplit/hn1600mc-nk1-hu163mrb-u30/,UK,제품 상세 (PDP),81
https://www.lg.com/uk/heating-solution/hydrosplit/hn1600mc-nk1-hu161mrb-u30/,UK,제품 상세 (PDP),81
https://www.lg.com/uk/heating-solution/hydrosplit/hn1600mc-nk1-hu123mrb-u30/,UK,제품 상세 (PDP),81
https://www.lg.com/uk/heating-solution/hydrosplit/hn1616y-nb1-hu121mrb-u30/,UK,제품 상세 (PDP),81
https://www.lg.com/uk/dishwashers/db243tx/,UK,제품 상세 (PDP),81
https://www.lg.com/uk/heating-solution/hydrosplit/hn1600mc-nk1-hu141mrb-u30/,UK,제품 상세 (PDP),81
https://www.lg.com/uk/heating-solution/hydrosplit/hn1600mc-nk1-hu143mrb-u30/,UK,제품 상세 (PDP),81
https://www.lg.com/uk/heating-solution/hydrosplit/hn1600mc-nk1-hu121mrb-u30/,UK,제품 상세 (PDP),81
https://www.lg.com/uk/heating-solution/monobloc/hm121mr-u34/,UK,제품 상세 (PDP),81
https://www.lg.com/uk/heating-solution/monobloc/hm091mr-u44/,UK,제품 상세 (PDP),81
https://www.lg.com/uk/heating-solution/monobloc/hm141mr-u34/,UK,제품 상세 (PDP),81
https://www.lg.com/uk/heating-solution/split/hn091mr-nk5-hu051mr-u44/,UK,제품 상세 (PDP),81
https://www.lg.com/uk/heating-solution/hydrosplit/hn1616y-nb1-hu141mrb-u30/,UK,제품 상세 (PDP),81
https://www.lg.com/uk/heating-solution/hydrosplit/hn1616y-nb1-hu143mrb-u30/,UK,제품 상세 (PDP),81
https://www.lg.com/uk/heating-solution/monobloc/hm143mr-u34/,UK,제품 상세 (PDP),81
https://www.lg.com/uk/heating-solution/split/hn0913t-nk0-hu051mr-u44/,UK,제품 상세 (PDP),81
https://www.lg.com/uk/heating-solution/monobloc/hm161mr-u34/,UK,제품 상세 (PDP),81
https://www.lg.com/uk/heating-solution/split/hn0913t-nk0-hu091mr-u44/,UK,제품 상세 (PDP),81
https://www.lg.com/uk/heating-solution/hydrosplit/hn1616y-nb1-hu123mrb-u30/,UK,제품 상세 (PDP),81
https://www.lg.com/uk/heating-solution/split/hn0913t-nk0-hu071mr-u44/,UK,제품 상세 (PDP),81
https://www.lg.com/uk/heating-solution/monobloc/hm163mr-u34/,UK,제품 상세 (PDP),81
https://www.lg.com/uk/heating-solution/monobloc/hm123mr-u34/,UK,제품 상세 (PDP),81
https://www.lg.com/uk/heating-solution/hydrosplit/hn1616y-nb1-hu163mrb-u30/,UK,제품 상세 (PDP),81
https://www.lg.com/uk/heating-solution/hydrosplit/hn1616y-nb1-hu161mrb-u30/,UK,제품 상세 (PDP),81
https://www.lg.com/uk/heating-solution/split/hn091mr-nk5-hu071mr-u44/,UK,제품 상세 (PDP),81
https://www.lg.com/uk/heating-solution/monobloc/hm071mr-u44/,UK,제품 상세 (PDP),81
https://www.lg.com/uk/microwaves/grill/mh6042d/,UK,제품 상세 (PDP),81
https://www.lg.com/uk/microwaves/grill/mh6336gib/,UK,제품 상세 (PDP),81
https://www.lg.com/uk/microwaves/grill/mh6535gis/,UK,제품 상세 (PDP),77
https://www.lg.com/uk/microwaves/grill/mh6565cps/,UK,제품 상세 (PDP),77
https://www.lg.com/uk/microwaves/solo/ms2032gas/,UK,제품 상세 (PDP),81
https://www.lg.com/uk/heating-solution/monobloc/hm051mr-u44/,UK,제품 상세 (PDP),81
https://www.lg.com/uk/microwaves/solo/ms2032gasw/,UK,제품 상세 (PDP),81
https://www.lg.com/uk/microwaves/solo/ms2042d/,UK,제품 상세 (PDP),81
https://www.lg.com/uk/microwaves/solo/ms2082f/,UK,제품 상세 (PDP),87
https://www.lg.com/uk/microwave-ovens/mj3965bps/,UK,제품 상세 (PDP),78
https://www.lg.com/uk/heating-solution/split/hn091mr-nk5-hu091mr-u44/,UK,제품 상세 (PDP),81
https://www.lg.com/uk/dishwashers/db273tx/,UK,제품 상세 (PDP),84
https://www.lg.com/uk/care-accessories/air-conditioner/filter/5231a30003b/,UK,제품 상세 (PDP),81
https://www.lg.com/uk/lifestyle-screens/objet-collection-pose/55lx1t6la/,UK,제품 상세 (PDP),78
https://www.lg.com/uk/projectors/all-projectors/pu615u-bounce/,UK,제품 상세 (PDP),81
https://www.lg.com/uk/appliance-accessories/5214FR3188G/,UK,제품 상세 (PDP),81
https://www.lg.com/uk/wireless-earbuds/xboombuds/buds/,UK,제품 상세 (PDP),81
https://www.lg.com/uk/fridge-freezers/american-style-fridge-freezers/gsbc40pype/,UK,제품 상세 (PDP),84
https://www.lg.com/uk/care-accessories/air-conditioner/filter/5231a30003z/,UK,제품 상세 (PDP),81
https://www.lg.com/uk/soundsuite/cinema-suite-7/,UK,제품 상세 (PDP),78
https://www.lg.com/uk/heating-solution/split/hn1610h-nk3-hu161ha-u33/,UK,제품 상세 (PDP),81
https://www.lg.com/uk/appliances/buying-guide/washing-machines/size-capacity/,UK,구매 가이드,89
https://www.lg.com/uk/air-solution-buying-guide/residential-air-conditioner/,UK,구매 가이드,89
https://www.lg.com/uk/buying-guide/earbuds/,UK,구매 가이드,70
https://www.lg.com/uk/appliances/buying-guide/,UK,구매 가이드,85
https://www.lg.com/uk/appliances/buying-guide/fridge-freezers/size-volume/,UK,구매 가이드,89
https://www.lg.com/uk/appliances/buying-guide/washing-machines/type/,UK,구매 가이드,86
https://www.lg.com/uk/appliances/buying-guide/fridge-freezers/type/,UK,구매 가이드,86
https://www.lg.com/uk/buying-guides/refrigerator-spec-library/,UK,구매 가이드,86
https://www.lg.com/uk/buying-guides/laundry-features-guide/,UK,구매 가이드,86
https://www.lg.com/uk/appliances/buying-guide/washing-machines/feature-performance/,UK,구매 가이드,86
https://www.lg.com/uk/appliances/buying-guide/fridge-freezers/feature-performance/,UK,구매 가이드,86
https://www.lg.com/uk/buying-guides/monitor-spec-library/,UK,구매 가이드,86
https://www.lg.com/uk/buying-guides/laundry-spec-library/,UK,구매 가이드,86
https://www.lg.com/uk/buying-guides/monitor-lineup-guide/,UK,구매 가이드,93
https://www.lg.com/uk/buying-guides/monitor-features-guide/,UK,구매 가이드,86
https://www.lg.com/uk/buying-guide/,UK,구매 가이드,74
https://www.lg.com/uk/buying-guides/survey-features-test/,UK,구매 가이드,86
https://www.lg.com/uk/buying-guides/tv-features-guide/,UK,구매 가이드,86
https://www.lg.com/uk/buying-guide/speakers/,UK,구매 가이드,70
https://www.lg.com/uk/buying-guide/tv-soundbars/,UK,구매 가이드,81
https://www.lg.com/uk/tvs-soundbars/tv-buying-guide/tv-size/,UK,구매 가이드,82
https://www.lg.com/uk/tvs-soundbars/tv-buying-guide/sport-tv/,UK,구매 가이드,79
https://www.lg.com/uk/tvs-soundbars/tv-buying-guide/,UK,구매 가이드,85
https://www.lg.com/uk/computing/buying-guides/ultragear/,UK,구매 가이드,82
https://www.lg.com/uk/computing/buying-guides/ultragear/screen-size/,UK,구매 가이드,89
https://www.lg.com/uk/computing/buying-guides/ultragear/resolution/,UK,구매 가이드,89
https://www.lg.com/uk/tvs-soundbars/tv-buying-guide/home-cinema/,UK,구매 가이드,79
https://www.lg.com/uk/computing/buying-guides/ultragear/work-and-play/,UK,구매 가이드,82
https://www.lg.com/uk/computing/buying-guides/ultragear/refresh-rate/,UK,구매 가이드,89
https://www.lg.com/uk/tvs-soundbars/tv-buying-guide/gaming-tv/,UK,구매 가이드,79
https://www.lg.com/uk/tvs-soundbars/tv-buying-guide/lifestyle/,UK,구매 가이드,82
https://www.lg.com/uk/fridge-freezer-buying-guide/,UK,구매 가이드,86
https://www.lg.com/uk/tvs-soundbars/tv-buying-guide/tv-design/,UK,구매 가이드,79
https://www.lg.com/uk/computing/buying-guides/multi-monitor/,UK,구매 가이드,86
https://www.lg.com/uk/heating-cooling/buying-guide/residential-air-conditioner/,UK,구매 가이드,70
https://www.lg.com/uk/heating-cooling/buying-guide/,UK,구매 가이드,70
https://www.lg.com/uk/tvs-soundbars/tv-buying-guide/tv-technology/what-is-4k-tv/,UK,구매 가이드,82
https://www.lg.com/uk/tvs-soundbars/tv-buying-guide/tv-technology/oled-vs-qned/,UK,구매 가이드,82
https://www.lg.com/uk/tvs-soundbars/tv-buying-guide/what-is-a-smart-tv-ai-tv/,UK,구매 가이드,85
https://www.lg.com/uk/washing-machine-buying-guide/,UK,구매 가이드,82
https://www.lg.com/uk/buying-guides/tv-spec-library/,UK,구매 가이드,82
https://www.lg.com/uk/buying-guides/tv-lineup-guide/,UK,구매 가이드,93
https://www.lg.com/uk/computing/buying-guide/lg-gram/,UK,구매 가이드,70
https://www.lg.com/uk/computing/buying-guide/why-lg-ultragear/,UK,구매 가이드,70
https://www.lg.com/uk/lg-experience/article-tags/ai-dd-function/,UK,LG Experience,70
https://www.lg.com/uk/lg-experience/article-tags/4k-monitors/,UK,LG Experience,70
https://www.lg.com/uk/lg-experience/article-tags/air-purifier/,UK,LG Experience,70
https://www.lg.com/uk/lg-experience/article-tags/8k-tvs/,UK,LG Experience,70
https://www.lg.com/uk/lg-experience/,UK,LG Experience,85
https://www.lg.com/uk/lg-experience/article-tags/,UK,LG Experience,70
https://www.lg.com/uk/lg-experience/article-tags/lg-tone/,UK,LG Experience,70
https://www.lg.com/uk/lg-experience/article-tags/cinebeam/,UK,LG Experience,70
https://www.lg.com/uk/lg-experience/article-tags/lg-tone-free/,UK,LG Experience,70
https://www.lg.com/uk/lg-experience/article-tags/turbowash-function/,UK,LG Experience,70
https://www.lg.com/uk/lg-experience/article-tags/monitors/,UK,LG Experience,70
https://www.lg.com/uk/lg-experience/article-tags/steam-function/,UK,LG Experience,70
https://www.lg.com/uk/lg-experience/article-tags/bluetooth-speakers/,UK,LG Experience,70
https://www.lg.com/uk/lg-experience/article-tags/gaming-monitors/,UK,LG Experience,70
https://www.lg.com/uk/lg-experience/article-tags/ips-monitors/,UK,LG Experience,70
https://www.lg.com/uk/lg-experience/article-tags/led-tvs/,UK,LG Experience,70
https://www.lg.com/uk/lg-experience/article-tags/fridge-freezer/,UK,LG Experience,70
https://www.lg.com/uk/lg-experience/article-tags/microwaves/,UK,LG Experience,70
https://www.lg.com/uk/lg-experience/article-tags/ultra-wide-monitor/,UK,LG Experience,70
https://www.lg.com/uk/lg-experience/article-tags/styler/,UK,LG Experience,70
https://www.lg.com/uk/lg-experience/article-tags/projectors/,UK,LG Experience,70
https://www.lg.com/uk/lg-experience/article-tags/smart-speakers/,UK,LG Experience,70
https://www.lg.com/uk/lg-experience/article-tags/soundbars/,UK,LG Experience,70
https://www.lg.com/uk/lg-experience/article-tags/american-style-refrigerator/,UK,LG Experience,70
https://www.lg.com/uk/lg-experience/article-tags/lg-gram/,UK,LG Experience,70
https://www.lg.com/uk/lg-experience/article-tags/hombot/,UK,LG Experience,70
https://www.lg.com/uk/lg-experience/article-tags/washer-dryers/,UK,LG Experience,70
https://www.lg.com/uk/lg-experience/article-tags/vacuum-cleaners/,UK,LG Experience,70
https://www.lg.com/uk/lg-experience/buying-guide/projector-buying-guide/,UK,LG Experience,82
https://www.lg.com/uk/lg-experience/article-tags/xboom/,UK,LG Experience,70
https://www.lg.com/uk/lg-experience/buying-guide/,UK,LG Experience,82
https://www.lg.com/uk/lg-experience/helpful-hints/beach-packing-list-g7thinq-pk3/,UK,LG Experience,82
https://www.lg.com/uk/lg-experience/helpful-hints/8k-content-available-guide/,UK,LG Experience,82
https://www.lg.com/uk/lg-experience/helpful-hints/ai-productivity-best-ai-laptops/,UK,LG Experience,82
https://www.lg.com/uk/lg-experience/helpful-hints/best-energy-efficient-fridge-freezer/,UK,LG Experience,89
https://www.lg.com/uk/lg-experience/buying-guide/washing-machines/,UK,LG Experience,83
https://www.lg.com/uk/lg-experience/helpful-hints/Sample1-Dishwasher/,UK,LG Experience,79
https://www.lg.com/uk/lg-experience/helpful-hints/american-fridge-sizes/,UK,LG Experience,86
https://www.lg.com/uk/lg-experience/helpful-hints/best-4k-gaming-monitors/,UK,LG Experience,86
https://www.lg.com/uk/lg-experience/helpful-hints/3-conscious-tips-for-a-better-you-in-2022/,UK,LG Experience,79
https://www.lg.com/uk/lg-experience/helpful-hints/Sample1-clothing-care/,UK,LG Experience,82
https://www.lg.com/uk/lg-experience/buying-guide/budget-friendly-monitors/,UK,LG Experience,82
https://www.lg.com/uk/lg-experience/buying-guide/tv-buying-guide/,UK,LG Experience,86
https://www.lg.com/uk/lg-experience/helpful-hints/best-smart-technologies-lg-washing-machines/,UK,LG Experience,86
https://www.lg.com/uk/lg-experience/helpful-hints/9-ways-to-use-a-360-rotating-touchscreen-monitor/,UK,LG Experience,86
https://www.lg.com/uk/lg-experience/buying-guide/choosing-the-best-type-of-fridge-freezer/,UK,LG Experience,86
https://www.lg.com/uk/lg-experience/helpful-hints/changes-in-technology/,UK,LG Experience,82
https://www.lg.com/uk/lg-experience/helpful-hints/dishwasher-maintenance-guide/,UK,LG Experience,79
https://www.lg.com/uk/lg-experience/helpful-hints/best-tv-for-gaming/,UK,LG Experience,82
https://www.lg.com/uk/lg-experience/helpful-hints/discover-to-get-more-from-your-oled-tv/,UK,LG Experience,82
https://www.lg.com/uk/lg-experience/helpful-hints/calibrate-your-tv-for-sports/,UK,LG Experience,82
https://www.lg.com/uk/lg-experience/helpful-hints/debunking-slim-washers-capacity-truths/,UK,LG Experience,82
https://www.lg.com/uk/lg-experience/helpful-hints/choosing-the-best-type-of-fridge-freezer/,UK,LG Experience,86
https://www.lg.com/uk/lg-experience/helpful-hints/correct-wall-to-projector-distance/,UK,LG Experience,86
https://www.lg.com/uk/lg-experience/helpful-hints/curved-monitor-better/,UK,LG Experience,86
https://www.lg.com/uk/lg-experience/helpful-hints/correct-fridge-freezer-temperature/,UK,LG Experience,86
https://www.lg.com/uk/lg-experience/helpful-hints/how-long-does-a-washing-machine-last/,UK,LG Experience,82
https://www.lg.com/uk/lg-experience/helpful-hints/helpful-hints-soundbar-setup-guide/,UK,LG Experience,86
https://www.lg.com/uk/lg-experience/helpful-hints/google-amazon-apple-lg-tv/,UK,LG Experience,82
https://www.lg.com/uk/lg-experience/helpful-hints/hotel-towel-feel/,UK,LG Experience,82
https://www.lg.com/uk/lg-experience/helpful-hints/energy-saving-tips-for-your-fridge/,UK,LG Experience,82
https://www.lg.com/uk/lg-experience/helpful-hints/how-to-choose-the-quietest-fridge-freezer/,UK,LG Experience,86
https://www.lg.com/uk/lg-experience/helpful-hints/gift-ideas-christmas-spirit/,UK,LG Experience,86
https://www.lg.com/uk/lg-experience/helpful-hints/energy-efficient-washing-machines/,UK,LG Experience,86
https://www.lg.com/uk/lg-experience/helpful-hints/dishwasher-maintenance/,UK,LG Experience,79
https://www.lg.com/uk/lg-experience/helpful-hints/earbuds-for-runners-remove/,UK,LG Experience,86
https://www.lg.com/uk/lg-experience/helpful-hints/heat-pump-tumble-dryer-guide/,UK,LG Experience,86
https://www.lg.com/uk/lg-experience/helpful-hints/high-end-gifts-for-him/,UK,LG Experience,82
https://www.lg.com/uk/lg-experience/helpful-hints/dishwasher-ultimate-guide/,UK,LG Experience,86
https://www.lg.com/uk/lg-experience/helpful-hints/earth-day-at-home/,UK,LG Experience,82
https://www.lg.com/uk/lg-experience/helpful-hints/gaming-monitor-size-guide/,UK,LG Experience,89
https://www.lg.com/uk/lg-experience/helpful-hints/how-much-water-and-energy-does-a-dishwasher-use/,UK,LG Experience,82
https://www.lg.com/uk/lg-experience/helpful-hints/fridge-freezer-ice-water-dispenser/,UK,LG Experience,89
https://www.lg.com/uk/lg-experience/helpful-hints/how-can-you-make-quick-healthy-weekday-meals/,UK,LG Experience,86
https://www.lg.com/uk/lg-experience/helpful-hints/frost-free-fridge-freezer/,UK,LG Experience,89
https://www.lg.com/uk/lg-experience/helpful-hints/how-to-clean-your-refrigerator/,UK,LG Experience,82
https://www.lg.com/uk/lg-experience/helpful-hints/how-to-stop-a-washing-machine-from-smelling/,UK,LG Experience,82
https://www.lg.com/uk/lg-experience/helpful-hints/how-to-reset-washing-machine/,UK,LG Experience,82
https://www.lg.com/uk/lg-experience/helpful-hints/introducing-hombot-the-robot-vacuum/,UK,LG Experience,82
https://www.lg.com/uk/lg-experience/helpful-hints/how-to-make-ice-balls/,UK,LG Experience,82
https://www.lg.com/uk/lg-experience/helpful-hints/how-to-use-a-smart-fridge/,UK,LG Experience,86
https://www.lg.com/uk/lg-experience/helpful-hints/improve-productivity-work-from-home/,UK,LG Experience,82
https://www.lg.com/uk/lg-experience/helpful-hints/hygiene-tips-for-your-home-with-lg/,UK,LG Experience,82
https://www.lg.com/uk/lg-experience/helpful-hints/keeping-food-fresh-eating-healthy/,UK,LG Experience,86
https://www.lg.com/uk/lg-experience/helpful-hints/how-to-clean-your-monitor/,UK,LG Experience,82
https://www.lg.com/uk/lg-experience/helpful-hints/how-to-set-up-a-4k-projector/,UK,LG Experience,86
https://www.lg.com/uk/lg-experience/helpful-hints/how-to-use-humidity-control-fridge/,UK,LG Experience,86
https://www.lg.com/uk/lg-experience/helpful-hints/how-to-defrost-a-freezer/,UK,LG Experience,86
https://www.lg.com/uk/lg-experience/helpful-hints/how-to-clean-your-washing-machine-filter/,UK,LG Experience,82
https://www.lg.com/uk/lg-experience/helpful-hints/how-to-clean-earbuds/,UK,LG Experience,86
https://www.lg.com/uk/lg-experience/helpful-hints/is-a-combo-washer-dryer-good/,UK,LG Experience,89
https://www.lg.com/uk/lg-experience/helpful-hints/integrated-dishwashers-vs-freestanding-dishwashers/,UK,LG Experience,79
https://www.lg.com/uk/lg-experience/helpful-hints/how-to-measure-and-read-tv-sizes/,UK,LG Experience,86
https://www.lg.com/uk/lg-experience/helpful-hints/how-to-clean-washing-machine/,UK,LG Experience,86
https://www.lg.com/uk/lg-experience/helpful-hints/ifa-2019-your-best-berlin-itinerary-from-breakfast-to-sunrise/,UK,LG Experience,82
https://www.lg.com/uk/lg-experience/helpful-hints/levelling-up-your-fridge/,UK,LG Experience,82
https://www.lg.com/uk/lg-experience/helpful-hints/laptop-cybersecurity-guide/,UK,LG Experience,82
https://www.lg.com/uk/lg-experience/helpful-hints/laptop-battery-health/,UK,LG Experience,86
https://www.lg.com/uk/lg-experience/helpful-hints/laptop-buying-guide/,UK,LG Experience,86
https://www.lg.com/uk/tvs-soundbars/why-qned-evo/,UK,Microsite,82
https://www.lg.com/uk/tvs-soundbars/why-lg-art-tv/,UK,Microsite,79
https://www.lg.com/uk/tvs-soundbars/why-lg-ai-tv/,UK,Microsite,83
https://www.lg.com/uk/tvs-soundbars/why-lg-oled-evo/,UK,Microsite,82
https://www.lg.com/uk/tvs-soundbars/why-true-wireless/,UK,Microsite,75
https://www.lg.com/uk/appliances/faq/fridge-freezers/how-to-measure-your-space-for-fridge-freezer/,UK,Microsite,83
https://www.lg.com/uk/appliances/faq/fridge-freezers/what-is-door-cooling/,UK,Microsite,83
https://www.lg.com/uk/appliances/faq/fridge-freezers/what-is-lg-linearcooling/,UK,Microsite,83
https://www.lg.com/uk/appliances/faq/dishwashers/what-is-the-standard-dishwasher-size/,UK,Microsite,83
https://www.lg.com/uk/appliances/faq/fridge-freezers/what-is-american-style-fridge-freezer/,UK,Microsite,83
https://www.lg.com/uk/air-to-water-heat-pumps/why-should-your-business-switch-to-a-heat-pump/,UK,Microsite,81
https://www.lg.com/uk/appliances/faq/dishwashers/what-is-built-under-dishwasher/,UK,Microsite,83
https://www.lg.com/uk/appliances/faq/dishwashers/what-is-freestanding-dishwasher/,UK,Microsite,83
https://www.lg.com/uk/appliances/faq/dishwashers/what-is-lg-thinq-for-dishwashers/,UK,Microsite,83
https://www.lg.com/uk/appliances/faq/fridge-freezers/what-is-ice-water-dispenser/,UK,Microsite,86
https://www.lg.com/uk/appliances/faq/dishwashers/how-to-choose-the-right-type-of-dishwasher/,UK,Microsite,83
https://www.lg.com/uk/air-to-water-heat-pumps/what-is-an-air-source-heat-pump/,UK,Microsite,85
https://www.lg.com/uk/appliances/faq/dishwashers/which-dishwasher-is-right-for-you-freestanding-or-built-in/,UK,Microsite,83
https://www.lg.com/uk/air-to-water-heat-pumps/which-heat-pump-type-is-right-for-me/,UK,Microsite,85
https://www.lg.com/uk/appliances/faq/dishwashers/what-is-auto-open-door-drying/,UK,Microsite,83
https://www.lg.com/uk/appliances/faq/dishwashers/how-truesteam-clean-dishes/,UK,Microsite,83
https://www.lg.com/uk/appliances/faq/fridge-freezers/what-can-i-do-with-lg-thinq-refrigerator/,UK,Microsite,83
https://www.lg.com/uk/appliances/faq/dishwashers/what-is-built-in-dishwasher/,UK,Microsite,83
https://www.lg.com/uk/appliances/faq/dishwashers/how-quadwash-clean-dishes/,UK,Microsite,83
https://www.lg.com/uk/appliances/faq/laundry/what-can-i-do-with-lg-thinq-laundry/,UK,Microsite,83
https://www.lg.com/uk/appliances/faq/fridge-freezers/what-is-uvnano/,UK,Microsite,83
https://www.lg.com/uk/appliances/faq/laundry/what-is-lg-washing-machine/,UK,Microsite,83
https://www.lg.com/uk/appliances/faq/microwaves/which-microwave-type-is-right-for-you/,UK,Microsite,83
https://www.lg.com/uk/appliances/faq/microwaves/what-is-easyclean/,UK,Microsite,83
https://www.lg.com/uk/appliances/faq/laundry/what-is-lg-washtower/,UK,Microsite,83
https://www.lg.com/uk/appliances/faq/microwaves/what-is-lg-thinq-for-cooking-appliance/,UK,Microsite,83
https://www.lg.com/uk/appliances/faq/laundry/which-laundry-appliance-is-right-for-you/,UK,Microsite,83
https://www.lg.com/uk/appliances/faq/microwaves/what-is-microwave/,UK,Microsite,83
https://www.lg.com/uk/blog/heat-pump-thought-leadership/,UK,Microsite,70
https://www.lg.com/uk/blog/green-homes-grant/,UK,Microsite,70
https://www.lg.com/uk/blog/types-of-air-to-water-heat-pumps/,UK,Microsite,70
https://www.lg.com/uk/blog/why-are-people-talking-about-heat-pumps/,UK,Microsite,70
https://www.lg.com/uk/blog/lg-wins-coveted-h-and-a-news-award/,UK,Microsite,70
https://www.lg.com/uk/blog/heat-pump-and-the-governments-10-point-plan/,UK,Microsite,70
https://www.lg.com/uk/appliances/faq/laundry/what-is-lg-steam-laundry/,UK,Microsite,83
https://www.lg.com/uk/lg-experience-old/lg-experience-renewal-sample/helpful-hints/best-smart-technologies-lg-washing-machines/,UK,Microsite,79
https://www.lg.com/uk/lg-experience-old/lg-experience-renewal-sample/helpful-hints/best-energy-efficient-fridge-freezer/,UK,Microsite,79
https://www.lg.com/uk/blog/,UK,Microsite,67
https://www.lg.com/uk/magazine/art-culture/how-technology-completes-digital-art-and-our-lives/,UK,Microsite,82
https://www.lg.com/uk/monitor/monitor-products-ips/,UK,Microsite,67
https://www.lg.com/uk/monitors/gaming-monitors/,UK,Microsite,70
https://www.lg.com/uk/monitors/ergomonitor/,UK,Microsite,75
https://www.lg.com/uk/monitors/ultragear/esports/,UK,Microsite,75
https://www.lg.com/uk/monitors/tv-monitor/,UK,Microsite,74
https://www.lg.com/uk/monitors/ultragear/event/,UK,Microsite,78
https://www.lg.com/uk/monitors/ultrafine/,UK,Microsite,81
https://www.lg.com/uk/monitors/uhd-4k-5k/ultrafine/,UK,Microsite,67
https://www.lg.com/uk/monitors/ultragear/brandstory/,UK,Microsite,71
https://www.lg.com/uk/monitors/ultrawide-monitors/,UK,Microsite,79
https://www.lg.com/uk/speakers-sound-systems/hi-fi-systems/,UK,Microsite,70
https://www.lg.com/uk/speakers-sound-systems/gaming-speakers/,UK,Microsite,70
https://www.lg.com/uk/soundsuite/howtovideo-qna/,UK,Microsite,82
https://www.lg.com/uk/monitors/led-monitor/,UK,Microsite,70
https://www.lg.com/uk/monitors/gaming/event/,UK,Microsite,81
https://www.lg.com/uk/monitors/ultragear/highlight/,UK,Microsite,75
https://www.lg.com/uk/tvs-soundbars/lg-screen-vision/,UK,Microsite,79
https://www.lg.com/uk/tvs-soundbars/ai-tv/,UK,Microsite,79
https://www.lg.com/uk/tvs-soundbars/2024/smart/,UK,Microsite,70
https://www.lg.com/uk/tvs-soundbars/2023/entertainment/,UK,Microsite,85
https://www.lg.com/uk/tvs-soundbars/appletvplus/,UK,Microsite,85
https://www.lg.com/uk/tvs-soundbars/2023/smart/,UK,Microsite,83
https://www.lg.com/uk/tvs-soundbars/oled/warranty/,UK,Microsite,85
https://www.lg.com/uk/tvs-soundbars/oled/2023/oled-warranty/,UK,Microsite,81
https://www.lg.com/uk/tvs-soundbars/sampe-plp/,UK,Microsite,67
https://www.lg.com/uk/tvs-soundbars/qned/2023/qned-spec-comparison/,UK,Microsite,81
https://www.lg.com/uk/tvs-soundbars/oled-tvs/,UK,Microsite,67
https://www.lg.com/uk/tvs-soundbars/tv-by-inch/,UK,Microsite,70
https://www.lg.com/uk/webos-smart-tv/,UK,Microsite,70
https://www.lg.com/uk/tvs-soundbars/oled/?ec_ft_07545403=55_inch,UK,제품 카테고리 (PLP),86
https://www.lg.com/uk/tvs-soundbars/ultra-big-tvs/?ec_ft_07545403=70_-_75_inch,UK,제품 카테고리 (PLP),82
https://www.lg.com/uk/lg-xboom-by-will-i-am/,UK,제품 카테고리 (PLP),79
https://www.lg.com/uk/tvs-soundbars/oled/?ec_ft_07545403=86_-_98_inch,UK,제품 카테고리 (PLP),86
https://www.lg.com/uk/tvs-soundbars/smart-tvs/?ec_ft_07545403=65_inch,UK,제품 카테고리 (PLP),82
https://www.lg.com/uk/promotion/buds-pre-order/,UK,제품 카테고리 (PLP),86
https://www.lg.com/uk/speakers/soundbars/,UK,제품 카테고리 (PLP),83
https://www.lg.com/uk/tvs-soundbars/miniled/?ec_ft_07545403=55_inch,UK,제품 카테고리 (PLP),86
https://www.lg.com/uk/speakers/all-speakers/,UK,제품 카테고리 (PLP),86
https://www.lg.com/uk/monitors/ultrawide/,UK,제품 카테고리 (PLP),82
https://www.lg.com/uk/tvs-soundbars/home-cinema-soundbar/,UK,제품 카테고리 (PLP),71
https://www.lg.com/uk/tvs-soundbars/oled-evo/?ec_ft_07545403=77_-_85_inch,UK,제품 카테고리 (PLP),82
https://www.lg.com/uk/speakers/2023/soundbars/,UK,제품 카테고리 (PLP),79
https://www.lg.com/uk/lifestyle-screens/objet-collection-pose/,UK,제품 카테고리 (PLP),79
https://www.lg.com/uk/tvs-soundbars/all-tvs/?ec_ft_07545403=50_inch,UK,제품 카테고리 (PLP),82
https://www.lg.com/uk/monitors/lifestyle-monitor-swing/,UK,제품 카테고리 (PLP),82
https://www.lg.com/uk/tvs-soundbars/nanocell/?ec_ft_07545403=55_inch,UK,제품 카테고리 (PLP),82
https://www.lg.com/uk/tvs-soundbars/all-tvs/?ec_ft_07545403=100_inch_and_larger,UK,제품 카테고리 (PLP),82
https://www.lg.com/uk/tvs-soundbars/smart-tvs/?ec_ft_07545403=55_inch,UK,제품 카테고리 (PLP),82
https://www.lg.com/uk/speakers-sound-systems/portable-bluetooth-speakers/,UK,제품 카테고리 (PLP),83
https://www.lg.com/uk/tvs-soundbars/qned/?ec_ft_07545403=50_inch,UK,제품 카테고리 (PLP),86
https://www.lg.com/uk/tvs-soundbars/qned/?ec_ft_07545403=42_-_48_inch,UK,제품 카테고리 (PLP),86
https://www.lg.com/uk/tvs-soundbars/qned/?ec_ft_07545403=65_inch,UK,제품 카테고리 (PLP),86
https://www.lg.com/uk/monitors/professional-monitor/,UK,제품 카테고리 (PLP),86
https://www.lg.com/uk/tvs-soundbars/qned/?ec_ft_07545403=77_-_85_inch,UK,제품 카테고리 (PLP),86
https://www.lg.com/uk/speakers/soundbars/dolby-atmos-soundbars/,UK,제품 카테고리 (PLP),86
https://www.lg.com/uk/monitors/oled-monitors/,UK,제품 카테고리 (PLP),86
https://www.lg.com/uk/tvs-soundbars/smart-tvs/?ec_ft_07545403=77_-_85_inch,UK,제품 카테고리 (PLP),82
https://www.lg.com/uk/tvs-soundbars/all-tvs/?ec_ft_07545403=55_inch,UK,제품 카테고리 (PLP),82
https://www.lg.com/uk/tvs-soundbars/all-tvs-soundbars/,UK,제품 카테고리 (PLP),82
https://www.lg.com/uk/tvs-soundbars/qned-evo/?ec_ft_07545403=55_inch,UK,제품 카테고리 (PLP),86
https://www.lg.com/uk/monitors/tv-monitors/,UK,제품 카테고리 (PLP),82
https://www.lg.com/uk/tvs-soundbars/qned/?ec_ft_07545403=70_-_75_inch,UK,제품 카테고리 (PLP),86
https://www.lg.com/uk/tvs-soundbars/miniled/?ec_ft_07545403=50_inch,UK,제품 카테고리 (PLP),86
https://www.lg.com/uk/tvs-soundbars/true-wireless-tv/,UK,제품 카테고리 (PLP),86
https://www.lg.com/uk/tvs-soundbars/oled-art/,UK,제품 카테고리 (PLP),76
https://www.lg.com/uk/tvs-soundbars/all-tvs/?ec_ft_07545403=32_inch,UK,제품 카테고리 (PLP),82
https://www.lg.com/uk/monitors/gaming-monitor/,UK,제품 카테고리 (PLP),86
https://www.lg.com/uk/tvs-soundbars/qned/?ec_ft_07545403=86_-_98_inch,UK,제품 카테고리 (PLP),86
https://www.lg.com/uk/monitors/ultrafine-evo/,UK,제품 카테고리 (PLP),82
https://www.lg.com/uk/speakers/home-cinema-soundbar/,UK,제품 카테고리 (PLP),82
https://www.lg.com/uk/tvs-soundbars/oled/,UK,제품 카테고리 (PLP),86
https://www.lg.com/uk/speakers/2023/,UK,제품 카테고리 (PLP),79
https://www.lg.com/uk/monitors/ergo-monitors/,UK,제품 카테고리 (PLP),82
https://www.lg.com/uk/tvs-soundbars/mini-rgb-evo/,UK,제품 카테고리 (PLP),86
https://www.lg.com/uk/tvs-soundbars/oled-innovation/,UK,제품 카테고리 (PLP),72
https://www.lg.com/uk/soundsuite/,UK,제품 카테고리 (PLP),77
https://www.lg.com/uk/tvs-soundbars/true-wireless-tv/?ec_ft_07545403=65_inch,UK,제품 카테고리 (PLP),86
https://www.lg.com/uk/tvs-soundbars/nanocell/?ec_ft_07545403=42_-_48_inch,UK,제품 카테고리 (PLP),82
https://www.lg.com/uk/tvs-soundbars/qned-mini-led/,UK,제품 카테고리 (PLP),86
https://www.lg.com/uk/tvs-soundbars/true-wireless-tv/?ec_ft_07545403=86_-_98_inch,UK,제품 카테고리 (PLP),86
https://www.lg.com/uk/tvs-soundbars/oled-evo/?ec_ft_07545403=42_-_48_inch,UK,제품 카테고리 (PLP),82
https://www.lg.com/uk/tvs-soundbars/2024/smart/promotion/,UK,제품 카테고리 (PLP),72
https://www.lg.com/uk/monitors/gaming/,UK,제품 카테고리 (PLP),86
https://www.lg.com/uk/tvs-soundbars/miniled/?ec_ft_07545403=42_-_48_inch,UK,제품 카테고리 (PLP),86
https://www.lg.com/uk/speakers/gaming-speakers/,UK,제품 카테고리 (PLP),86
https://www.lg.com/uk/tvs-soundbars/all-tvs/,UK,제품 카테고리 (PLP),82
https://www.lg.com/uk/tvs-soundbars/ultra-big-tvs/?ec_ft_07545403=86_-_98_inch,UK,제품 카테고리 (PLP),82
https://www.lg.com/uk/speakers/soundbars-with-subwoofer/,UK,제품 카테고리 (PLP),82
https://www.lg.com/uk/lifestyle-screens/,UK,제품 카테고리 (PLP),82
https://www.lg.com/uk/tvs-soundbars/soundbars/,UK,제품 카테고리 (PLP),68
https://www.lg.com/uk/tvs-soundbars/nanocell/?ec_ft_07545403=65_inch,UK,제품 카테고리 (PLP),82
https://www.lg.com/uk/tvs-soundbars/smart-tvs/,UK,제품 카테고리 (PLP),82
https://www.lg.com/uk/tvs-soundbars/miniled/,UK,제품 카테고리 (PLP),86
https://www.lg.com/uk/tvs-soundbars/all-tvs/?ec_ft_07545403=65_inch,UK,제품 카테고리 (PLP),82
https://www.lg.com/uk/tvs-soundbars/oled-evo/?ec_ft_07545403=86_-_98_inch,UK,제품 카테고리 (PLP),82
https://www.lg.com/uk/speakers/,UK,제품 카테고리 (PLP),79
https://www.lg.com/uk/tvs-soundbars/all-tvs-soundbars/?ec_ft_07545403=100_inch_and_larger,UK,제품 카테고리 (PLP),82
https://www.lg.com/uk/speakers/all-soundbars/,UK,제품 카테고리 (PLP),86
https://www.lg.com/uk/monitors/ultragear-evo/,UK,제품 카테고리 (PLP),86
https://www.lg.com/uk/tvs-soundbars/nanocell/,UK,제품 카테고리 (PLP),82
https://www.lg.com/uk/tvs-soundbars/all-tvs/?ec_ft_07545403=70_-_75_inch,UK,제품 카테고리 (PLP),82
https://www.lg.com/uk/tvs-soundbars/nanocell/?ec_ft_07545403=86_-_98_inch,UK,제품 카테고리 (PLP),82
https://www.lg.com/uk/monitors/fhd-qhd/,UK,제품 카테고리 (PLP),82
https://www.lg.com/uk/art-tv/,UK,제품 카테고리 (PLP),79
https://www.lg.com/uk/tvs-soundbars/smart-tvs/?ec_ft_07545403=50_inch,UK,제품 카테고리 (PLP),82
https://www.lg.com/uk/tvs-soundbars/true-wireless-tv/?ec_ft_07545403=77_-_85_inch,UK,제품 카테고리 (PLP),86
https://www.lg.com/uk/tvs-soundbars/qned-evo/?ec_ft_07545403=65_inch,UK,제품 카테고리 (PLP),86
https://www.lg.com/uk/tvs-soundbars/tv-monitors/,UK,제품 카테고리 (PLP),86
https://www.lg.com/uk/monitors/ultragear/,UK,제품 카테고리 (PLP),64
https://www.lg.com/uk/tvs-soundbars/miniled/?ec_ft_07545403=70_-_75_inch,UK,제품 카테고리 (PLP),86
https://www.lg.com/uk/speakers/portable-speakers/,UK,제품 카테고리 (PLP),83
https://www.lg.com/uk/monitors/curved-monitor/,UK,제품 카테고리 (PLP),86
https://www.lg.com/uk/speakers/xboom/xboombywilliam/,UK,제품 카테고리 (PLP),75
https://www.lg.com/uk/speakers/xboom-bluetooth-speakers/,UK,제품 카테고리 (PLP),90
https://www.lg.com/uk/tvs-soundbars/qned-evo/?ec_ft_07545403=86_-_98_inch,UK,제품 카테고리 (PLP),86
https://www.lg.com/uk/speakers/hi-fi-system/,UK,제품 카테고리 (PLP),79
https://www.lg.com/uk/tvs-soundbars/oled-evo/?ec_ft_07545403=65_inch,UK,제품 카테고리 (PLP),82
https://www.lg.com/uk/tvs-soundbars/qned/?ec_ft_07545403=55_inch,UK,제품 카테고리 (PLP),86
https://www.lg.com/uk/speakers/xboom-go/,UK,제품 카테고리 (PLP),90
https://www.lg.com/uk/all-soundsuite/,UK,제품 카테고리 (PLP),83
https://www.lg.com/uk/tvs-soundbars/smart-tvs/?ec_ft_07545403=32_inch,UK,제품 카테고리 (PLP),82
https://www.lg.com/uk/sound-suite/,UK,제품 카테고리 (PLP),79
https://www.lg.com/uk/tvs-soundbars/ultra-big-tvs/?ec_ft_07545403=77_-_85_inch,UK,제품 카테고리 (PLP),82
https://www.lg.com/uk/tvs-soundbars/oled-evo/?ec_ft_07545403=55_inch,UK,제품 카테고리 (PLP),82
https://www.lg.com/uk/tvs-soundbars/,UK,제품 카테고리 (PLP),82
https://www.lg.com/uk/tvs-soundbars/qned/?ec_ft_07545403=100_inch_and_larger,UK,제품 카테고리 (PLP),86
https://www.lg.com/uk/soundsuite/sound-suite-accessories/,UK,제품 카테고리 (PLP),82
https://www.lg.com/uk/tvs-soundbars/all-tvs-soundbars/?ec_ft_06517843=4K_UHD,UK,제품 카테고리 (PLP),82
https://www.lg.com/uk/monitors/smart-monitors/,UK,제품 카테고리 (PLP),82
https://www.lg.com/uk/about-lg/press-media/lg-electronics-renews-multi-million-sponsorship-deal-with-the-fa/,UK,Press & Media,82
https://www.lg.com/uk/about-lg/press-media/the-value-of-television/,UK,Press & Media,82
https://www.lg.com/uk/about-lg/press-media/lg-shines-a-light-on-darker-days-with-colour-therapy-content-series/,UK,Press & Media,82
https://www.lg.com/uk/about-lg/press-media/lgs-record-breaking-blu-ray-external-drive-launches-in-the-uk/,UK,Press & Media,75
https://www.lg.com/uk/about-lg/press-media/lg-oled-tv-and-xbox-series-x-unleash-next-gen-console-gaming-experience/,UK,Press & Media,82
https://www.lg.com/uk/about-lg/press-media/lg-begins-uk-rollout-of-2020-tv-lineup-spearheaded-by-award-winning-oled-tvs/,UK,Press & Media,82
https://www.lg.com/uk/about-lg/press-media/new-additions-to-lg-tone-free-lineup-deliver-enhanced-performance/,UK,Press & Media,82
https://www.lg.com/uk/about-lg/press-media/lg-ultragear-named-league-of-legends-european-championship-official-gaming-monitor-partner/,UK,Press & Media,82
https://www.lg.com/uk/about-lg/press-media/lg-2021-soundbars-offer-premium-audio-and-ai-features/,UK,Press & Media,82
https://www.lg.com/uk/about-lg/press-media/lg-named-which-home-entertainment-brand-of-the-year/,UK,Press & Media,82
https://www.lg.com/uk/about-lg/press-media/lg-electronics-uk-ltd-tax-strategy/,UK,Press & Media,82
https://www.lg.com/uk/about-lg/press-media/lg-reveals-new-self-cleaning-wireless-earbuds/,UK,Press & Media,82
https://www.lg.com/uk/about-lg/press-media/lg-smart-park-named-lighthouse-factory-for-futuristic-manufacturing-technology/,UK,Press & Media,79
https://www.lg.com/uk/about-lg/press-media/lg-kicks-off-global-rollout-of-2019-tv-lineup/,UK,Press & Media,82
https://www.lg.com/uk/about-lg/press-media/lg-oled-tv-brings-home-if-gold-award-for-design-excellence/,UK,Press & Media,82
https://www.lg.com/uk/about-lg/press-media/lg-films-first-tottenham-hotspur-premier-league-game-in-8k/,UK,Press & Media,79
https://www.lg.com/uk/about-lg/press-media/lg-commits-to-carbon-neutrality-by-2030/,UK,Press & Media,82
https://www.lg.com/uk/about-lg/press-media/lg-unveils-two-groundbreaking-smartphones/,UK,Press & Media,82
https://www.lg.com/uk/about-lg/press-media/lg-showcases-real-life-benefits-of-lg-home-at-innofest-europe-2019/,UK,Press & Media,82
https://www.lg.com/uk/about-lg/press-media/designed-with-solid-fundamentals-new-lg-q-and-k-series-are-designed-to-impress/,UK,Press & Media,82
https://www.lg.com/uk/about-lg/press-media/the-jungle-book-revealed-as-the-most-nostalgic-disney-film/,UK,Press & Media,82
https://www.lg.com/uk/about-lg/press-media/lg-brings-intelligent-manufacturing-solutions-to-hannover-messe-2019/,UK,Press & Media,82
https://www.lg.com/uk/about-lg/press-media/lg-emerges-as-big-winner-at-2019-red-dot-design-awards/,UK,Press & Media,82
https://www.lg.com/uk/about-lg/press-media/lgs-ai-enabled-thinq-devices-take-top-honours/,UK,Press & Media,79
https://www.lg.com/uk/about-lg/press-media/lg-launches-the-lg-twinwash-football-challenge-in-collaboration-with-the-national-schools-partnership/,UK,Press & Media,75
https://www.lg.com/uk/about-lg/press-media/lg-signature-collaborates-with-designer-patrick-grant-to-celebrate-a-vision-of-modern-living/,UK,Press & Media,75
https://www.lg.com/uk/about-lg/press-media/lg-supports-local-charity-with-sponsored-cycle-to-south-korea/,UK,Press & Media,75
https://www.lg.com/uk/about-lg/press-media/introducing-a-more-playful-and-innovative-lg-ux-50/,UK,Press & Media,71
https://www.lg.com/uk/about-lg/press-media/exclusive-bts-content-available-only-on-lg-smartphones/,UK,Press & Media,75
https://www.lg.com/uk/about-lg/press-media/lg-unveils-new-g6-with-a-large-fullvision-display-tailored-to-fit-in-one-hand/,UK,Press & Media,71
https://www.lg.com/uk/about-lg/press-media/lg-is-bringing-football-home-to-the-streets-of-wembley-with-bumper-home-entertainment-giveaway/,UK,Press & Media,82
https://www.lg.com/uk/about-lg/press-media/evolution-of-the-eye-revealed-with-lg-oled-tv-and-natural-history-museum/,UK,Press & Media,75
https://www.lg.com/uk/about-lg/press-media/lg-works-with-instagram-artist-to-showcase-the-worlds-first-wallpaper-tv/,UK,Press & Media,75
https://www.lg.com/uk/about-lg/press-media/exceptional-picture-quality-of-lgs-2017-4k-tvs-certified-by-eurofins/,UK,Press & Media,75
https://www.lg.com/uk/about-lg/press-media/with-lg-360-cam-and-google-street-view-share-and-enjoy-360-degree-content-with-ease/,UK,Press & Media,75
https://www.lg.com/uk/about-lg/press-media/sky-store-tv-app-now-available-exclusively-on-lg-smart-tvs/,UK,Press & Media,71
https://www.lg.com/uk/about-lg/press-media/lg-opens-new-shop-in-shop-in-hulls-hanson-electrical/,UK,Press & Media,75
https://www.lg.com/uk/about-lg/press-media/lg-receives-more-than-140-ces-awards-and-honours-across-various-categories/,UK,Press & Media,82
https://www.lg.com/uk/about-lg/press-media/lg-signs-multi-million-sponsorship-deal-with-the-fa/,UK,Press & Media,75
https://www.lg.com/uk/about-lg/press-media/lg-signature-oled-tv-w-pushes-tv-design-into-a-new-dimension-at-ces-2017/,UK,Press & Media,75
https://www.lg.com/uk/about-lg/press-media/lg-unveils-eco-city-garden-for-rhs-chelsea-flower-show-2018/,UK,Press & Media,71
https://www.lg.com/uk/about-lg/press-media/lg-leverages-display-expertise-entersmedical-imaging-market/,UK,Press & Media,75
https://www.lg.com/uk/about-lg/press-media/brits-forgo-washing-underwear-to-help-the-environment/,UK,Press & Media,75
https://www.lg.com/uk/about-lg/press-media/lg-g-flex2-begins-global-rollout/,UK,Press & Media,75
https://www.lg.com/uk/about-lg/press-media/lg-to-unveil-new-version-of-popular-webos-smart-tv-platform-at-ces-2016/,UK,Press & Media,75
https://www.lg.com/uk/about-lg/press-media/introducing-the-g4c-the-newest-member-o-lgs-g4-series/,UK,Press & Media,71
https://www.lg.com/uk/about-lg/press-media/lg-to-unveillg-signature-premium-lineup-at-ces-2016/,UK,Press & Media,79
https://www.lg.com/uk/about-lg/press-media/lg-expands-popular-musicflow-lineup-with-new-wireless-sound-barsand-x-boom-audio-systems/,UK,Press & Media,75
https://www.lg.com/uk/about-lg/press-media/lg-to-offer-free-value-pack-upgrade-to-webos-10-smart-tv-owners/,UK,Press & Media,75
https://www.lg.com/uk/about-lg/press-media/popular-lg-tone-infinim-head-set-gets-updated-for-2016/,UK,Press & Media,75
https://www.lg.com/uk/about-lg/press-media/lg-named-brand-of-the-year-2015-at-red-dot-award/,UK,Press & Media,71
https://www.lg.com/uk/about-lg/press-media/lgs-beautiful-curved-soundbar-sounds-as-good-as-it-looks/,UK,Press & Media,75
https://www.lg.com/uk/about-lg/press-media/lgs-firstever-super-bowl-commercial-bolstersbig-oled-tv-marketing-blitz/,UK,Press & Media,75
https://www.lg.com/uk/about-lg/press-media/lg-begins-android-60-marshmallow-rollout-starting-with-g4/,UK,Press & Media,75
https://www.lg.com/uk/about-lg/press-media/newlg-super-uhd-tv-lineup-sure-to-impress-2016-ces-attendees/,UK,Press & Media,75
https://www.lg.com/uk/about-lg/press-media/lg-g3-named-best-smartphone-and-lg-urbane-smart-watches-take-home-9-awards-at-mwc-2015/,UK,Press & Media,71
https://www.lg.com/uk/about-lg/press-media/lg-to-double-global-oled-tv-offerings-in-2015/,UK,Press & Media,75
https://www.lg.com/uk/about-lg/press-media/lg-to-unveil-uber-durable-centum-system-front-load-washing-machine-at-ifa-2015/,UK,Press & Media,71
https://www.lg.com/uk/about-lg/press-media/lg-advances-smart-home-ecosystem-with-smart-thinq-hub-at-ces-2016/,UK,Press & Media,75
https://www.lg.com/uk/about-lg/press-media/lg-electronics-honored-with-four-eisa-awards/,UK,Press & Media,75
https://www.lg.com/uk/about-lg/press-media/lg-to-introduce-all-new-4k-hdr-enabled-oled-tv-lineup-at-ces-2016/,UK,Press & Media,75
https://www.lg.com/uk/about-lg/press-media/nexus-5x-lg-and-google-collaborate-on-the-most-advanced-nexus-phone-to-date/,UK,Press & Media,75
https://www.lg.com/uk/about-lg/press-media/lg-unveils-more-human-centric-lg-ux-40/,UK,Press & Media,75
https://www.lg.com/uk/about-lg/press-media/lg-electronics-becomes-a-global-partner-of-formula-1/,UK,Press & Media,71
https://www.lg.com/uk/about-lg/press-media/lg-kicks-off-loops-new-football-campaign/,UK,Press & Media,75
https://www.lg.com/uk/about-lg/press-media/lg-appliances-awarded-energy-saving-trust-verification/,UK,Press & Media,71
https://www.lg.com/uk/about-lg/press-media/lg-launches-22-webcam-monitor-in-the-uk/,UK,Press & Media,71
https://www.lg.com/uk/about-lg/press-media/lg-brings-new-meaning-to-pc-entertainment/,UK,Press & Media,71
https://www.lg.com/uk/about-lg/press-media/lg-launches-if-award-winning-monitor/,UK,Press & Media,71
https://www.lg.com/uk/about-lg/press-media/lg-watch-urbane-melds-classic-look-with-enhanced-features/,UK,Press & Media,75
https://www.lg.com/uk/about-lg/press-media/lgs-new-mid-range-smartphone-lineup-delivers-premium-design-and-features/,UK,Press & Media,75
https://www.lg.com/uk/about-lg/press-media/lgs-lighting-up-londons-skyline-this-new-years-eve/,UK,Press & Media,71
https://www.lg.com/uk/about-lg/press-media/99-per-cent-of-brits-cannot-recognise-common-garment-care-symbols-despite-9-in-10-owning-a-washing-machine/,UK,Press & Media,75
https://www.lg.com/uk/about-lg/press-media/lg-expands-its-widescreen-monitor-range/,UK,Press & Media,71
https://www.lg.com/uk/about-lg/press-media/lg-captures-the-moment-with-the-new-lg-kc550/,UK,Press & Media,71
https://www.lg.com/uk/about-lg/press-media/lg-hits-the-road-to-find-the-uks-ultimate-style-icon/,UK,Press & Media,75
https://www.lg.com/uk/about-lg/press-media/lg-unveils-world-first-full-touchscreen-8-megapixel-camera-phone/,UK,Press & Media,75
https://www.lg.com/uk/about-lg/press-media/lg-launches-first-9kg-steam-washing-machine/,UK,Press & Media,71
https://www.lg.com/uk/about-lg/press-media/lg-launches-kt520/,UK,Press & Media,71
https://www.lg.com/uk/about-lg/press-media/lgs-record-breaking-blu-ray-external-drive/,UK,Press & Media,71
https://www.lg.com/uk/about-lg/press-media/uk-says-the-mobile-phone-is-the-secret-to-a-perfect-look/,UK,Press & Media,75
https://www.lg.com/uk/about-lg/press-media/nutritious-healthy-meals-created-in-an-instant-with-lgsbr-all-in-one-solarcube-oven/,UK,Press & Media,71
https://www.lg.com/uk/about-lg/press-media/slim-stylish-sleek-lcds-have-just-got-sexy/,UK,Press & Media,71
https://www.lg.com/uk/about-lg/press-media/lgs-secret-unveiled/,UK,Press & Media,75
https://www.lg.com/uk/about-lg/press-media/your-kitchen-in-bloom/,UK,Press & Media,71
https://www.lg.com/uk/about-lg/press-media/lg-launches-its-premium-22-100001-monitor-in-the-uk/,UK,Press & Media,71
https://www.lg.com/uk/about-lg/press-media/marilyn-monroe-and-elvis-the-uks-favourite-style-icons/,UK,Press & Media,71
https://www.lg.com/uk/about-lg/press-media/1000-pound-kitchen-investment-gives-10000-pound-return/,UK,Press & Media,75
https://www.lg.com/uk/about-lg/press-media/lg-launches-the-kc550-pink/,UK,Press & Media,71
https://www.lg.com/uk/about-lg/press-media/get-the-message-with-lgs-new-ks360/,UK,Press & Media,75
https://www.lg.com/uk/about-lg/press-media/lg-toughens-up-with-its-new-hard-glass-monitors/,UK,Press & Media,71
https://www.lg.com/uk/about-lg/press-media/lgs-pg6000-takes-it-to-the-edge/,UK,Press & Media,75
https://www.lg.com/uk/about-lg/press-media/lg-launches-the-hit-new-lcd-tv-scarlet/,UK,Press & Media,75
https://www.lg.com/uk/about-lg/press-media/lg-electronics-announces-new-symbian-smartphone-with-gps/,UK,Press & Media,75
https://www.lg.com/uk/about-lg/press-media/inimitable-style-slender-strength/,UK,Press & Media,75
https://www.lg.com/uk/about-lg/press-media/lg-introduces-mind-reading-interactive-phone/,UK,Press & Media,75
https://www.lg.com/uk/about-lg/press-media/lg-returns-to-london-fashion-week-with-its-intelligent-fashion-icons/,UK,Press & Media,71
https://www.lg.com/uk/about-lg/press-media/lg-adds-touch-of-class-to-gsma-world-congress-2008-with-cutting-edge-line-up-of-new-devices/,UK,Press & Media,75
https://www.lg.com/uk/about-lg/press-media/stronglg-electronics-strong-to-sponsor-fis-snowboard-world-/,UK,Press & Media,75
https://www.lg.com/uk/about-lg/press-media/lg-named-as-a-business-superbrand/,UK,Press & Media,71
https://www.lg.com/uk/support/product-support/troubleshoot/help-library/cs-CT00008333-20155132363655,UK,Support - Troubleshoot,82
https://www.lg.com/uk/support/product-support/troubleshoot/help-library/cs-CT00008333-20154988832858,UK,Support - Troubleshoot,82
https://www.lg.com/uk/support/product-support/troubleshoot/help-library/cs-CT32002741-20155114025971/,UK,Support - Troubleshoot,82
https://www.lg.com/uk/support/product-support/troubleshoot/help-library/cs-CT00008386-20155146794919/,UK,Support - Troubleshoot,82
https://www.lg.com/uk/support/product-support/troubleshoot/help-library/cs-CT00008362-20154982207124,UK,Support - Troubleshoot,82
https://www.lg.com/uk/support/product-support/troubleshoot/help-library/cs-CT00008386-20155051180443/,UK,Support - Troubleshoot,82
https://www.lg.com/uk/support/product-support/troubleshoot/help-library/cs-CT00008386-20155141427618,UK,Support - Troubleshoot,82
https://www.lg.com/uk/support/product-support/troubleshoot/help-library/cs-CT00008333-20155146915740,UK,Support - Troubleshoot,82
https://www.lg.com/uk/support/product-support/troubleshoot/help-library/cs-CT00008333-20155179485106,UK,Support - Troubleshoot,82
https://www.lg.com/uk/support/product-support/troubleshoot/help-library/cs-CT00008362-20151317958963DRC,UK,Support - Troubleshoot,82
https://www.lg.com/uk/support/product-support/troubleshoot/help-library/cs-CT00008386-20155269142532/,UK,Support - Troubleshoot,82
https://www.lg.com/uk/support/product-support/troubleshoot/help-library/cs-CT00008333-20155143127535,UK,Support - Troubleshoot,82
https://www.lg.com/uk/support/product-support/troubleshoot/help-library/cs-CT00008333-20155132464690,UK,Support - Troubleshoot,82
https://www.lg.com/uk/support/product-support/troubleshoot/help-library/cs-CT41000011-20155048193085/,UK,Support - Troubleshoot,82
https://www.lg.com/uk/support/product-support/troubleshoot/help-library/cs-CT00008362-20155379392203/,UK,Support - Troubleshoot,82
https://www.lg.com/uk/support/product-support/troubleshoot/help-library/cs-CT00008386-20155268094107/,UK,Support - Troubleshoot,82
https://www.lg.com/uk/support/product-support/troubleshoot/help-library/cs-CT00008386-20155132484936/,UK,Support - Troubleshoot,82
https://www.lg.com/uk/support/product-support/troubleshoot/help-library/cs-CT00008333-20155052625265/,UK,Support - Troubleshoot,82
https://www.lg.com/uk/support/product-support/troubleshoot/help-library/cs-CT00008333-20155120620672,UK,Support - Troubleshoot,82
https://www.lg.com/uk/support/product-support/troubleshoot/help-library/cs-CT00001871-20155140653532,UK,Support - Troubleshoot,82
https://www.lg.com/uk/support/product-support/troubleshoot/help-library/cs-CT00008362-20151318093726DRC,UK,Support - Troubleshoot,82
https://www.lg.com/uk/support/product-support/troubleshoot/help-library/cs-CT00008333-20155146895817,UK,Support - Troubleshoot,82
https://www.lg.com/uk/support/product-support/troubleshoot/help-library/cs-CT00008362-20155370311750,UK,Support - Troubleshoot,82
https://www.lg.com/uk/support/product-support/troubleshoot/help-library/cs-CT00008333-20155145284137/,UK,Support - Troubleshoot,82
https://www.lg.com/uk/support/product-support/troubleshoot/help-library/cs-CT00008362-20152500940660DRC,UK,Support - Troubleshoot,82
https://www.lg.com/uk/support/product-support/troubleshoot/help-library/cs-CT32002741-20155062102677/,UK,Support - Troubleshoot,82
https://www.lg.com/uk/support/product-support/troubleshoot/help-library/cs-CT00008386-20155143402350/,UK,Support - Troubleshoot,82
https://www.lg.com/uk/support/product-support/troubleshoot/help-library/cs-CT00008333-20155051198477,UK,Support - Troubleshoot,82
https://www.lg.com/uk/support/product-support/troubleshoot/help-library/cs-CT00008333-20155146888237,UK,Support - Troubleshoot,82
https://www.lg.com/uk/support/product-support/troubleshoot/help-library/cs-CT00008386-20155132493493/,UK,Support - Troubleshoot,82
https://www.lg.com/uk/support/product-support/troubleshoot/help-library/cs-CT00008362-20152500915219DRC,UK,Support - Troubleshoot,82
https://www.lg.com/uk/support/product-support/troubleshoot/help-library/cs-CT00008355-20155049074934,UK,Support - Troubleshoot,82
https://www.lg.com/uk/support/product-support/troubleshoot/help-library/cs-CT00008333-20155146780081,UK,Support - Troubleshoot,82
https://www.lg.com/uk/support/product-support/troubleshoot/help-library/cs-CT00008333-20155381409557,UK,Support - Troubleshoot,82
https://www.lg.com/uk/support/product-support/troubleshoot/help-library/cs-CT00008333-20155104756194,UK,Support - Troubleshoot,82
https://www.lg.com/uk/support/product-support/troubleshoot/help-library/cs-CT00008386-20155410117247/,UK,Support - Troubleshoot,82
https://www.lg.com/uk/support/product-support/troubleshoot/help-library/cs-CT00008362-20155348063934/,UK,Support - Troubleshoot,82
https://www.lg.com/uk/support/product-support/troubleshoot/help-library/cs-CT00008333-20155142857269,UK,Support - Troubleshoot,82
https://www.lg.com/uk/support/product-support/troubleshoot/help-library/cs-CT00008362-20151331542615DRC,UK,Support - Troubleshoot,82
https://www.lg.com/uk/support/product-support/troubleshoot/help-library/cs-CT00008333-20154967824349/,UK,Support - Troubleshoot,82
https://www.lg.com/uk/support/product-support/troubleshoot/help-library/cs-CT00008362-20151316780547DRC,UK,Support - Troubleshoot,82
https://www.lg.com/uk/support/product-support/troubleshoot/help-library/cs-CT00008333-20155146802931,UK,Support - Troubleshoot,82
https://www.lg.com/uk/support/product-support/troubleshoot/help-library/cs-CT00008333-20155142687195,UK,Support - Troubleshoot,82
https://www.lg.com/uk/support/product-support/troubleshoot/help-library/cs-CT00008333-20155146924753,UK,Support - Troubleshoot,82
https://www.lg.com/uk/support/product-support/troubleshoot/help-library/cs-CT00008362-20155295256907,UK,Support - Troubleshoot,82
https://www.lg.com/uk/support/product-support/troubleshoot/help-library/cs-CT00008333-20155146795147,UK,Support - Troubleshoot,82
https://www.lg.com/uk/support/product-support/troubleshoot/help-library/cs-CT00008362-20155377740475,UK,Support - Troubleshoot,82
https://www.lg.com/uk/support/product-support/troubleshoot/help-library/cs-CT00008333-20155143390249,UK,Support - Troubleshoot,82
https://www.lg.com/uk/support/product-support/troubleshoot/help-library/cs-CT00008386-20155143221538/,UK,Support - Troubleshoot,82
https://www.lg.com/uk/support/product-support/troubleshoot/help-library/cs-CT00008333-20155141415346,UK,Support - Troubleshoot,82
https://www.lg.com/uk/support/product-support/troubleshoot/help-library/cs-CT41000011-20155130423281/,UK,Support - Troubleshoot,82
https://www.lg.com/uk/support/product-support/troubleshoot/help-library/cs-CT00008333-20155143158542/,UK,Support - Troubleshoot,82
https://www.lg.com/uk/support/product-support/troubleshoot/help-library/cs-CT00001871-20155119015029,UK,Support - Troubleshoot,82
https://www.lg.com/uk/support/product-support/troubleshoot/help-library/cs-CT00008333-20155146920004,UK,Support - Troubleshoot,82
https://www.lg.com/uk/support/product-support/troubleshoot/help-library/cs-CT00008386-20155006056709/,UK,Support - Troubleshoot,82
https://www.lg.com/uk/support/product-support/troubleshoot/help-library/cs-CT00008333-20155146783631,UK,Support - Troubleshoot,82
https://www.lg.com/uk/support/product-support/troubleshoot/help-library/cs-CT00008362-20155028316650,UK,Support - Troubleshoot,82
https://www.lg.com/uk/support/product-support/troubleshoot/help-library/cs-CT00008362-20155101722897/,UK,Support - Troubleshoot,82
https://www.lg.com/uk/support/product-support/troubleshoot/help-library/cs-CT41000011-20155135975511/,UK,Support - Troubleshoot,82
https://www.lg.com/uk/support/product-support/troubleshoot/help-library/cs-CT00008333-20155145269748,UK,Support - Troubleshoot,82
https://www.lg.com/uk/support/product-support/troubleshoot/help-library/cs-CT00008362-20151318119847DRC,UK,Support - Troubleshoot,82
https://www.lg.com/uk/support/product-support/troubleshoot/help-library/cs-CT00008333-20155130448966,UK,Support - Troubleshoot,82
https://www.lg.com/uk/support/product-support/troubleshoot/help-library/cs-CT00008386-20155142759730/,UK,Support - Troubleshoot,82
https://www.lg.com/uk/support/product-support/troubleshoot/help-library/cs-CT41000011-20155115753211/,UK,Support - Troubleshoot,82
https://www.lg.com/uk/support/product-support/troubleshoot/help-library/cs-CT00008333-20155265988733,UK,Support - Troubleshoot,82
https://www.lg.com/uk/support/product-support/troubleshoot/help-library/cs-CT00008333-20155146914373,UK,Support - Troubleshoot,82
https://www.lg.com/uk/support/product-support/troubleshoot/help-library/cs-CT00008362-20155102984083/,UK,Support - Troubleshoot,82
https://www.lg.com/uk/support/product-support/troubleshoot/help-library/cs-CT32002741-20155363611088/,UK,Support - Troubleshoot,82
https://www.lg.com/uk/support/product-support/troubleshoot/help-library/cs-CT00008333-20155155365414/,UK,Support - Troubleshoot,82
https://www.lg.com/uk/support/product-support/troubleshoot/help-library/cs-CT00008362-20155140815583,UK,Support - Troubleshoot,82
https://www.lg.com/uk/support/product-support/troubleshoot/help-library/cs-CT00008386-20155146346458/,UK,Support - Troubleshoot,82
https://www.lg.com/uk/support/product-support/troubleshoot/help-library/cs-CT00008386-20155140886939,UK,Support - Troubleshoot,82
https://www.lg.com/uk/support/product-support/troubleshoot/help-library/cs-CT00008333-20155146937068,UK,Support - Troubleshoot,82
https://www.lg.com/uk/support/product-support/troubleshoot/help-library/cs-CT00008362-20155348101623,UK,Support - Troubleshoot,82
https://www.lg.com/uk/support/product-support/troubleshoot/help-library/cs-CT00008386-20155142874293/,UK,Support - Troubleshoot,82
https://www.lg.com/uk/support/product-support/troubleshoot/help-library/cs-CT00008333-20155132593562,UK,Support - Troubleshoot,82
https://www.lg.com/uk/support/product-support/troubleshoot/help-library/cs-CT00008333-20155142900522,UK,Support - Troubleshoot,82
https://www.lg.com/uk/support/product-support/troubleshoot/help-library/cs-CT00008333-20155146936189,UK,Support - Troubleshoot,82
https://www.lg.com/uk/support/product-support/troubleshoot/help-library/cs-CT41000011-20155134078952/,UK,Support - Troubleshoot,82
https://www.lg.com/uk/support/product-support/troubleshoot/help-library/cs-CT00008333-20155146893257,UK,Support - Troubleshoot,82
https://www.lg.com/uk/support/product-support/troubleshoot/help-library/cs-CT41000011-20155198998732/,UK,Support - Troubleshoot,82
https://www.lg.com/uk/support/product-support/troubleshoot/help-library/cs-CT00008362-20155101725403,UK,Support - Troubleshoot,82
https://www.lg.com/uk/support/product-support/troubleshoot/help-library/cs-CT00008362-20152500935902DRC,UK,Support - Troubleshoot,82
https://www.lg.com/uk/support/product-support/troubleshoot/help-library/cs-CT32002742-20155115815192/,UK,Support - Troubleshoot,82
https://www.lg.com/uk/support/product-support/troubleshoot/help-library/cs-CT00008362-20155263929570,UK,Support - Troubleshoot,82
https://www.lg.com/uk/support/product-support/troubleshoot/help-library/cs-CT00008362-20155102944371/,UK,Support - Troubleshoot,82
https://www.lg.com/uk/support/product-support/troubleshoot/help-library/cs-CT00008362-20152500918031DRC,UK,Support - Troubleshoot,82
https://www.lg.com/uk/support/product-support/troubleshoot/help-library/cs-CT00008333-20155412220972,UK,Support - Troubleshoot,82
https://www.lg.com/uk/support/product-support/troubleshoot/help-library/cs-CT00008333-20155132471717,UK,Support - Troubleshoot,82
https://www.lg.com/uk/support/product-support/troubleshoot/help-library/cs-CT41000011-20155134077139/,UK,Support - Troubleshoot,82
https://www.lg.com/uk/support/product-support/troubleshoot/help-library/cs-CT00008362-20155101724145,UK,Support - Troubleshoot,82
https://www.lg.com/uk/support/product-support/troubleshoot/help-library/cs-CT00008362-20152500943208DRC,UK,Support - Troubleshoot,82
https://www.lg.com/uk/support/product-support/troubleshoot/help-library/cs-CT00008362-20152500919178DRC,UK,Support - Troubleshoot,82
https://www.lg.com/uk/support/product-support/troubleshoot/help-library/cs-CT00008362-20152500922436DRC,UK,Support - Troubleshoot,82
https://www.lg.com/uk/support/product-support/troubleshoot/help-library/cs-CT00008362-20155102954932/,UK,Support - Troubleshoot,82
https://www.lg.com/uk/support/product-support/troubleshoot/help-library/cs-CT00008333-20152424765521LST/,UK,Support - Troubleshoot,82
https://www.lg.com/uk/support/product-support/troubleshoot/help-library/cs-CT00008333-20155142860379,UK,Support - Troubleshoot,82
https://www.lg.com/uk/support/product-support/troubleshoot/help-library/cs-CT00008386-20155141433043,UK,Support - Troubleshoot,82
https://www.lg.com/uk/support/product-support/troubleshoot/help-library/cs-CT00008333-20155146883891,UK,Support - Troubleshoot,82
https://www.lg.com/uk/support/product-support/troubleshoot/help-library/cs-CT00008333-20155122623529,UK,Support - Troubleshoot,82
https://www.lg.com/us/monitors/lg-52g930b-b-gaming-monitor,USA,제품 상세 (PDP),84
https://www.lg.com/us/monitors/lg-25g590b-b-gaming-monitor,USA,제품 상세 (PDP),81
https://www.lg.com/us/monitors/lg-45gx950b-b-gaming-monitor,USA,제품 상세 (PDP),81
https://www.lg.com/us/monitors/lg-39gx950b-b-gaming-monitor,USA,제품 상세 (PDP),81
https://www.lg.com/us/monitors/lg-32gx870a-b-gaming-monitor,USA,제품 상세 (PDP),81
https://www.lg.com/us/monitors/lg-27gm950b-b-gaming-monitor,USA,제품 상세 (PDP),81
https://www.lg.com/us/soundbars/lg-m7-p4-h7-w7-immersive-quad-suite-7-pro,USA,제품 상세 (PDP),87
https://www.lg.com/us/soundbars/lg-m5-p2-h7-immersive-suite-5,USA,제품 상세 (PDP),87
https://www.lg.com/us/soundbars/lg-m7-p2-h7-immersive-suite-7,USA,제품 상세 (PDP),87
https://www.lg.com/us/soundbars/lg-m7-p2-w7-stereo-suite-7-pro,USA,제품 상세 (PDP),84
https://www.lg.com/us/soundbars/lg-h7-w7-cinema-suite,USA,제품 상세 (PDP),84
https://www.lg.com/us/soundbars/lg-m5-p4-h7-immersive-quad-suite-5,USA,제품 상세 (PDP),87
https://www.lg.com/us/soundbars/lg-m5-p2-h7-w7-immersive-suite-5-pro,USA,제품 상세 (PDP),87
https://www.lg.com/us/soundbars/lg-m7-p2-h7-w7-immersive-suite-7-pro,USA,제품 상세 (PDP),87
https://www.lg.com/us/soundbars/lg-m7-p4-h7-immersive-quad-suite-7,USA,제품 상세 (PDP),87
https://www.lg.com/us/soundbars/lg-m5-p4-h7-w7-immersive-quad-suite-5-pro,USA,제품 상세 (PDP),87
https://www.lg.com/us/monitors/lg-27gx790b-b-gaming-monitor,USA,제품 상세 (PDP),81
https://www.lg.com/us/tvs/lg-50qned75bua-qned-4k-tv,USA,제품 상세 (PDP),84
https://www.lg.com/us/tvs/lg-55qned75bua-qned-4k-tv,USA,제품 상세 (PDP),84
https://www.lg.com/us/tvs/lg-65nu700bpua-4k-uhd-tv,USA,제품 상세 (PDP),84
https://www.lg.com/us/tvs/lg-55nu850bpua-4k-uhd-tv,USA,제품 상세 (PDP),84
https://www.lg.com/us/tvs/lg-55nu850baua-4k-uhd-tv,USA,제품 상세 (PDP),81
https://www.lg.com/us/tvs/lg-65nu850baua-4k-uhd-tv,USA,제품 상세 (PDP),81
https://www.lg.com/us/tvs/lg-65nu850bpua-4k-uhd-tv,USA,제품 상세 (PDP),84
https://www.lg.com/us/tvs/lg-50nu700bpua-4k-uhd-tv,USA,제품 상세 (PDP),84
https://www.lg.com/us/tvs/lg-55nu700bpua-4k-uhd-tv,USA,제품 상세 (PDP),84
https://www.lg.com/us/tvs/lg-43qned75bua-qned-4k-tv,USA,제품 상세 (PDP),84
https://www.lg.com/us/tvs/lg-55qned84bua-qned-4k-tv,USA,제품 상세 (PDP),84
https://www.lg.com/us/tvs/lg-75nu700bpua-4k-uhd-tv,USA,제품 상세 (PDP),84
https://www.lg.com/us/soundbars/lg-sound-suite-h7-soundbar,USA,제품 상세 (PDP),84
https://www.lg.com/us/speakers/lg-sound-suite-m5-compact-wireless-speaker,USA,제품 상세 (PDP),81
https://www.lg.com/us/tvs/lg-43qned74bua-qned-4k-tv,USA,제품 상세 (PDP),84
https://www.lg.com/us/tvs/lg-85nu700bpua-4k-uhd-tv,USA,제품 상세 (PDP),84
https://www.lg.com/us/subwoofers/lg-sound-suite-w7-wireless-subwoofer,USA,제품 상세 (PDP),84
https://www.lg.com/us/tvs/lg-75qned84bua-qned-4k-tv,USA,제품 상세 (PDP),84
https://www.lg.com/us/tvs/lg-43nu700bpuc-4k-uhd-tv,USA,제품 상세 (PDP),84
https://www.lg.com/us/tvs/lg-75mrgb95bua-mrgb-4k-tv,USA,제품 상세 (PDP),84
https://www.lg.com/us/tvs/lg-100mrgb95bu-mrgb-4k-tv,USA,제품 상세 (PDP),84
https://www.lg.com/us/tvs/lg-100qned84bu-qned-4k-tv,USA,제품 상세 (PDP),84
https://www.lg.com/us/tvs/lg-70nu850baud-4k-uhd-tv,USA,제품 상세 (PDP),81
https://www.lg.com/us/tvs/lg-85nu850bpua-4k-uhd-tv,USA,제품 상세 (PDP),84
https://www.lg.com/us/speakers/lg-sound-suite-m7-premium-wireless-speaker,USA,제품 상세 (PDP),87
https://www.lg.com/us/tvs/lg-75nu850bpua-4k-uhd-tv,USA,제품 상세 (PDP),84
https://www.lg.com/us/tvs/lg-75qned75baa-qned-4k-tv,USA,제품 상세 (PDP),84
https://www.lg.com/us/tvs/lg-115qned92bu-qned-4k-tv,USA,제품 상세 (PDP),84
https://www.lg.com/us/tvs/lg-65qned75bua-qned-4k-tv,USA,제품 상세 (PDP),84
https://www.lg.com/us/tvs/lg-65qned84bua-qned-4k-tv,USA,제품 상세 (PDP),84
https://www.lg.com/us/tvs/lg-oled83b6gua-oled-4k-tv,USA,제품 상세 (PDP),87
https://www.lg.com/us/tvs/lg-oled65c6pua-oled-4k-tv,USA,제품 상세 (PDP),87
https://www.lg.com/us/tvs/lg-oled83c6hup-oled-4k-tv,USA,제품 상세 (PDP),84
https://www.lg.com/us/tvs/lg-oled55c6pua-oled-4k-tv,USA,제품 상세 (PDP),84
https://www.lg.com/us/tvs/lg-oled48c6pua-oled-4k-tv,USA,제품 상세 (PDP),84
https://www.lg.com/us/tvs/lg-oled77w6pua-oled-4k-tv,USA,제품 상세 (PDP),84
https://www.lg.com/us/tvs/lg-oled65g6wua-oled-4k-tv,USA,제품 상세 (PDP),84
https://www.lg.com/us/tvs/lg-oled77c6hup-oled-4k-tv,USA,제품 상세 (PDP),84
https://www.lg.com/us/tvs/lg-oled65b6gua-oled-4k-tv,USA,제품 상세 (PDP),87
https://www.lg.com/us/tvs/lg-85nu870baua-4k-uhd-tv,USA,제품 상세 (PDP),81
https://www.lg.com/us/tvs/lg-oled77g6wua-oled-4k-tv,USA,제품 상세 (PDP),87
https://www.lg.com/us/tvs/lg-85qned84bua-qned-4k-tv,USA,제품 상세 (PDP),84
https://www.lg.com/us/tvs/lg-98nu850bpub-4k-uhd-tv,USA,제품 상세 (PDP),84
https://www.lg.com/us/tvs/lg-85qned74bua-qned-4k-tv,USA,제품 상세 (PDP),84
https://www.lg.com/us/tvs/lg-98nu850baub-4k-uhd-tv,USA,제품 상세 (PDP),84
https://www.lg.com/us/tvs/lg-85qned75bua-qned-4k-tv,USA,제품 상세 (PDP),84
https://www.lg.com/us/tvs/lg-oled77b6gua-oled-4k-tv,USA,제품 상세 (PDP),87
https://www.lg.com/us/tvs/lg-oled42c6pua-oled-4k-tv,USA,제품 상세 (PDP),84
https://www.lg.com/us/tvs/lg-86mrgb95bua-mrgb-4k-tv,USA,제품 상세 (PDP),84
https://www.lg.com/us/tvs/lg-oled55g6wua-oled-4k-tv,USA,제품 상세 (PDP),84
https://www.lg.com/us/tvs/lg-24lb7000pua-hd-tv,USA,제품 상세 (PDP),81
https://www.lg.com/us/tvs/lg-oled83w6pua-oled-4k-tv,USA,제품 상세 (PDP),84
https://www.lg.com/us/tvs/lg-27lx5qkna,USA,제품 상세 (PDP),77
https://www.lg.com/us/tvs/lg-24lj4540-wu-led-tv,USA,제품 상세 (PDP),77
https://www.lg.com/us/tvs/lg-24lj4540-led-tv,USA,제품 상세 (PDP),77
https://www.lg.com/us/tvs/lg-oled83g6wua-oled-4k-tv,USA,제품 상세 (PDP),84
https://www.lg.com/us/tvs/lg-27lb7000pua-hd-tv,USA,제품 상세 (PDP),81
https://www.lg.com/us/tvs/lg-oled97g6wua-oled-4k-tv,USA,제품 상세 (PDP),84
https://www.lg.com/us/tvs/lg-100qned85au-qned-4k-tv,USA,제품 상세 (PDP),87
https://www.lg.com/us/soundbars/lg-s40tr-home-theater-soundbar,USA,제품 상세 (PDP),81
https://www.lg.com/us/soundbars/lg-s40t-soundbar,USA,제품 상세 (PDP),74
https://www.lg.com/us/soundbars/lg-m5-p2-w7-stereo-suite-5-pro,USA,제품 상세 (PDP),84
https://www.lg.com/us/soundbars/lg-s30a-soundbar,USA,제품 상세 (PDP),77
https://www.lg.com/us/soundbars/lg-s60t-soundbar,USA,제품 상세 (PDP),81
https://www.lg.com/us/soundbars/lg-s55tr-home-theater-soundbar,USA,제품 상세 (PDP),81
https://www.lg.com/us/soundbars/lg-s35a-soundbar,USA,제품 상세 (PDP),77
https://www.lg.com/us/speakers/lg-oled65c2pua-s80qy-home-theater-package,USA,제품 상세 (PDP),71
https://www.lg.com/us/soundbars/lg-s60tr-home-theater-soundbar,USA,제품 상세 (PDP),77
https://www.lg.com/us/soundbars/lg-s70ty-soundbar,USA,제품 상세 (PDP),81
https://www.lg.com/us/soundbars/lg-s6ftr-home-theater-soundbar,USA,제품 상세 (PDP),77
https://www.lg.com/us/soundbars/lg-s70tr-home-theater-soundbar,USA,제품 상세 (PDP),77
https://www.lg.com/us/4k-monitors/lg-32u990a-s-32up83ak-w-reference-and-studio-collection,USA,제품 상세 (PDP),84
https://www.lg.com/us/4k-monitors/lg-32up83ak-w-27us550-w-coding-and-productivity-collection,USA,제품 상세 (PDP),81
https://www.lg.com/us/smart-monitors/lg-34sr60qc-w-32u889sa-w-large-screen-versatile-entertainment-collection,USA,제품 상세 (PDP),84
https://www.lg.com/us/monitors/lg-22mp410-b-fhd-monitor,USA,제품 상세 (PDP),74
https://www.lg.com/us/monitors/lg-22mr410-b,USA,제품 상세 (PDP),74
https://www.lg.com/us/ultrawide-monitors/lg-34u650a-b-27u411a-b-office-essentials-workflow-collection,USA,제품 상세 (PDP),81
https://www.lg.com/us/ultrawide-monitors/lg-40u990a-w-27up850k-w-creative-connected-workspace-collection,USA,제품 상세 (PDP),81
https://www.lg.com/us/smart-monitors/lg-27u731sa-w-32u889sa-w-versatile-smart-entertainment-collection,USA,제품 상세 (PDP),84
https://www.lg.com/us/washers-dryers/lg-dle3400v-electric-dryer,USA,제품 상세 (PDP),81
https://www.lg.com/us/laundry-appliance-sets/lg-wm4000hba-dlex4000b-wd300cb-wdp6b,USA,제품 상세 (PDP),87
https://www.lg.com/us/laundry-appliance-sets/lg-wm4000hwa-dlex4000w-wd300cw-wdp6w,USA,제품 상세 (PDP),87
https://www.lg.com/us/laundry-appliance-sets/lg-wm4000hba-dlgx4001b-wd300cb-wdp6b,USA,제품 상세 (PDP),87
https://www.lg.com/us/washers-dryers/lg-dle3420w-front-load-electric-dryer,USA,제품 상세 (PDP),84
https://www.lg.com/us/laundry-appliance-sets/lg-wm4000hwa-dlgx4001w-wd300cw-wdp6w,USA,제품 상세 (PDP),87
https://www.lg.com/us/laundry-appliance-sets/lg-wm4000hba-dlhc4002b-wd300cb-wdp6b,USA,제품 상세 (PDP),87
https://www.lg.com/us/washers-dryers/lg-dle3470w-electric-dryer,USA,제품 상세 (PDP),84
https://www.lg.com/us/washers-dryers/lg-dle3470m-electric-dryer,USA,제품 상세 (PDP),84
https://www.lg.com/us/laundry-appliance-sets/lg-wm4000hwa-dlhc4002w-wd300cw-wdp6w,USA,제품 상세 (PDP),87
https://www.lg.com/us/washers-dryers/lg-dle3600w-front-load-electric-dryer,USA,제품 상세 (PDP),84
https://www.lg.com/us/washers-dryers/lg-dle3600v-front-load-electric-dryer,USA,제품 상세 (PDP),84
https://www.lg.com/us/laundry-appliance-sets/lg-wm5500hva-dlgx5501v-wd300cv-wdp6v,USA,제품 상세 (PDP),84
https://www.lg.com/us/laundry-appliance-sets/lg-wm5500hva-dlex5500v-wd300cv-wdp6v,USA,제품 상세 (PDP),84
https://www.lg.com/us/washers-dryers/lg-dle6100m-electric-dryer,USA,제품 상세 (PDP),84
https://www.lg.com/us/washers-dryers/lg-dle6100w-electric-dryer,USA,제품 상세 (PDP),84
https://www.lg.com/us/laundry-appliance-sets/lg-wm5500hwa-dlex5500w-wd300cw-wdp6w,USA,제품 상세 (PDP),84
https://www.lg.com/us/washers-dryers/lg-dle6480w-electric-dryer,USA,제품 상세 (PDP),81
https://www.lg.com/us/laundry-appliance-sets/lg-wm5500hva-dlhc5502v-wd300cv-wdp6v,USA,제품 상세 (PDP),84
https://www.lg.com/us/air-purifiers/lg-as301gg10-air-purifier,USA,제품 상세 (PDP),81
https://www.lg.com/us/air-purifiers/lg-as601hbb0-air-purifier,USA,제품 상세 (PDP),87
https://www.lg.com/us/air-purifiers/lg-as301gw10-air-purifier,USA,제품 상세 (PDP),81
https://www.lg.com/us/air-purifiers/lg-as560dwr0-air-purifier,USA,제품 상세 (PDP),81
https://www.lg.com/us/air-purifiers/lg-as351gw30-air-purifier,USA,제품 상세 (PDP),81
https://www.lg.com/us/air-purifiers/lg-as330dwr0-air-purifier,USA,제품 상세 (PDP),84
https://www.lg.com/us/air-purifiers/lg-u10cs1h-air-purifier,USA,제품 상세 (PDP),84
https://www.lg.com/us/air-purifiers/lg-as601hhb0-air-purifier,USA,제품 상세 (PDP),77
https://www.lg.com/us/air-purifiers/lg-as601hwa0-air-purifier,USA,제품 상세 (PDP),74
https://www.lg.com/us/air-purifiers/lg-u10cs1c-air-purifier,USA,제품 상세 (PDP),84
https://www.lg.com/us/vacuum-cleaners/lg-a916bm-stick-vacuum,USA,제품 상세 (PDP),74
https://www.lg.com/us/vacuum-cleaners/lg-a913bm-stick-vacuum,USA,제품 상세 (PDP),74
https://www.lg.com/us/vacuum-cleaners/lg-a925ksm-stick-vacuum,USA,제품 상세 (PDP),77
https://www.lg.com/us/appliances-accessories/lg-3390w1g006b-microwave-glass-tray,USA,제품 상세 (PDP),77
https://www.lg.com/us/appliance-accessories/lg-5006ea3009b-pulsator-plate-cap,USA,제품 상세 (PDP),77
https://www.lg.com/us/vacuum-cleaners/lg-c5323gw-stick-vacuum,USA,제품 상세 (PDP),77
https://www.lg.com/us/vacuum-cleaners/lg-a926ksm-stick-vacuum,USA,제품 상세 (PDP),74
https://www.lg.com/us/vacuum-cleaners/lg-a941ktmp-stick-vacuum,USA,제품 상세 (PDP),77
https://www.lg.com/us/vacuum-cleaners/lg-a923kgmp-stick-vacuum,USA,제품 상세 (PDP),77
https://www.lg.com/us/vacuum-cleaners/lg-a931kwm-stick-vacuum,USA,제품 상세 (PDP),77
https://www.lg.com/us/audio-accessories/lg-pcs35-extended-power-cable-cov31861401,USA,제품 상세 (PDP),81
https://www.lg.com/us/vacuum-cleaners/lg-a949ktms-stick-vacuum,USA,제품 상세 (PDP),77
https://www.lg.com/us/vacuum-cleaners/lg-a937kgms-stick-vacuum,USA,제품 상세 (PDP),77
https://www.lg.com/us/vacuum-cleaners/lg-c5323b0-stick-vacuum,USA,제품 상세 (PDP),81
https://www.lg.com/us/laundry-appliance-sets/lg-wm5500hwa-dlgx5501w-wd300cw-wdp6w,USA,제품 상세 (PDP),84
https://www.lg.com/us/kitchen-accessories/lg-1b71961h-microwave,USA,제품 상세 (PDP),74
https://www.lg.com/us/laundry-accessories/lg-3891er2003a-dispenser,USA,제품 상세 (PDP),71
https://www.lg.com/us/kitchen-appliance-packages/lg-lf24z6530s-lsel6335xe-adfd5448at,USA,제품 상세 (PDP),81
https://www.lg.com/us/projectors/lg-au810pb-4k-laser-projector,USA,제품 상세 (PDP),74
https://www.lg.com/us/lifestyle-products/lg-27art10akpl-lifestyle-screen,USA,제품 상세 (PDP),77
https://www.lg.com/us/soundbars/lg-s7ftrs-home-theater-soundbar,USA,제품 상세 (PDP),77
https://www.lg.com/us/small-business/computer-monitors/lg-24md4klb-b,USA,제품 상세 (PDP),71
https://www.lg.com/us/cookware-chemical-compliance-information,USA,제품 카테고리 (PLP),71
https://www.lg.com/us/instaview-refrigerators,USA,제품 카테고리 (PLP),82
https://www.lg.com/us/xboom,USA,제품 카테고리 (PLP),77
https://www.lg.com/us/discover-ultragear-evo-monitors,USA,제품 카테고리 (PLP),79
https://www.lg.com/us/fhd-monitors,USA,제품 카테고리 (PLP),79
https://www.lg.com/us/qned-evo-ai-tv,USA,제품 카테고리 (PLP),90
https://www.lg.com/us/discover-vacuums,USA,제품 카테고리 (PLP),70
https://www.lg.com/us/battery-embedded-product-chemistry-disclosure,USA,제품 카테고리 (PLP),71
https://www.lg.com/us/custom-installation,USA,제품 카테고리 (PLP),79
https://www.lg.com/us/business/commercial-tvs,USA,제품 카테고리 (PLP),83
https://www.lg.com/us/gaming-speakers,USA,제품 카테고리 (PLP),86
https://www.lg.com/us/cooktops,USA,제품 카테고리 (PLP),86
https://www.lg.com/us/vacuum-cleaners,USA,제품 카테고리 (PLP),79
https://www.lg.com/us/craft-ice-refrigerators,USA,제품 카테고리 (PLP),86
https://www.lg.com/us/business/commercial-display/bim-library,USA,제품 카테고리 (PLP),75
https://www.lg.com/us/monitors/discontinued,USA,제품 카테고리 (PLP),75
https://www.lg.com/us/webos,USA,제품 카테고리 (PLP),70
https://www.lg.com/us/business/cloud-computing,USA,제품 카테고리 (PLP),79
https://www.lg.com/us/business/commercial-display/ExtendedCare,USA,제품 카테고리 (PLP),75
https://www.lg.com/us/vacuum-cleaners/discontinued,USA,제품 카테고리 (PLP),79
https://www.lg.com/us/business/commercial-display/about/contact-us,USA,제품 카테고리 (PLP),71
https://www.lg.com/us/ultragear-oled-gaming-monitors,USA,제품 카테고리 (PLP),90
https://www.lg.com/us/counter-depth-refrigerators,USA,제품 카테고리 (PLP),93
https://www.lg.com/us/business/collaboration-displays/one-quick-flex,USA,제품 카테고리 (PLP),83
https://www.lg.com/us/business/BIC,USA,제품 카테고리 (PLP),69
https://www.lg.com/us/business/commercial-display/displays-tvs/lg-oled-displays,USA,제품 카테고리 (PLP),79
https://www.lg.com/us/audio,USA,제품 카테고리 (PLP),77
https://www.lg.com/us/combination-wall-ovens,USA,제품 카테고리 (PLP),82
https://www.lg.com/us/nanocell-tvs,USA,제품 카테고리 (PLP),90
https://www.lg.com/us/soundbars,USA,제품 카테고리 (PLP),90
https://www.lg.com/us/gas-ranges,USA,제품 카테고리 (PLP),93
https://www.lg.com/us/burners-drives,USA,제품 카테고리 (PLP),79
https://www.lg.com/us/business/commercial-laundry/washers,USA,제품 카테고리 (PLP),76
https://www.lg.com/us/lgoledartweek2025,USA,제품 카테고리 (PLP),73
https://www.lg.com/us/wall-air-conditioners,USA,제품 카테고리 (PLP),79
https://www.lg.com/us/qned-tvs,USA,제품 카테고리 (PLP),90
https://www.lg.com/us/collections/home-theater-soundbars,USA,제품 카테고리 (PLP),83
https://www.lg.com/us/collections/dolby-atmos-sound-bars,USA,제품 카테고리 (PLP),76
https://www.lg.com/us/business/collaboration-displays/one-quick-works,USA,제품 카테고리 (PLP),76
https://www.lg.com/us/portable-air-conditioners,USA,제품 카테고리 (PLP),76
https://www.lg.com/us/business/collaboration-displays/createboard,USA,제품 카테고리 (PLP),79
https://www.lg.com/us/french-door-refrigerators,USA,제품 카테고리 (PLP),90
https://www.lg.com/us/robot-vacuums,USA,제품 카테고리 (PLP),79
https://www.lg.com/us/air-conditioners,USA,제품 카테고리 (PLP),76
https://www.lg.com/us/air-purifiers,USA,제품 카테고리 (PLP),79
https://www.lg.com/us/copilot-plus-thin-lightweight-pc-laptops,USA,제품 카테고리 (PLP),72
https://www.lg.com/us/ranges,USA,제품 카테고리 (PLP),90
https://www.lg.com/us/collections/14-inch-laptops,USA,제품 카테고리 (PLP),79
https://www.lg.com/us/gaming-monitors,USA,제품 카테고리 (PLP),90
https://www.lg.com/us/collections/65-inch-tvs,USA,제품 카테고리 (PLP),79
https://www.lg.com/us/business/clinical-monitors,USA,제품 카테고리 (PLP),83
https://www.lg.com/us/smart-monitors,USA,제품 카테고리 (PLP),86
https://www.lg.com/us/business/commercial-display/vertical-markets/hospitality-solutions,USA,제품 카테고리 (PLP),79
https://www.lg.com/us/collections/5k-monitors,USA,제품 카테고리 (PLP),89
https://www.lg.com/us/collections/55-inch-tvs,USA,제품 카테고리 (PLP),79
https://www.lg.com/us/sound-suite,USA,제품 카테고리 (PLP),77
https://www.lg.com/us/business/16-inch-lg-gram-laptops,USA,제품 카테고리 (PLP),77
https://www.lg.com/us/business/5k-monitors,USA,제품 카테고리 (PLP),83
https://www.lg.com/us/business/commercial-displays/LGU-training,USA,제품 카테고리 (PLP),79
https://www.lg.com/us/cooktops-hoods,USA,제품 카테고리 (PLP),79
https://www.lg.com/us/tvs/discontinued,USA,제품 카테고리 (PLP),75
https://www.lg.com/us/collections/97-inch-tvs,USA,제품 카테고리 (PLP),86
https://www.lg.com/us/business/collaboration-displays,USA,제품 카테고리 (PLP),79
https://www.lg.com/us/cooking-appliances,USA,제품 카테고리 (PLP),82
https://www.lg.com/us/8k-tvs,USA,제품 카테고리 (PLP),93
https://www.lg.com/us/wall-ovens,USA,제품 카테고리 (PLP),83
https://www.lg.com/us/washtowers,USA,제품 카테고리 (PLP),83
https://www.lg.com/us/range-hoods,USA,제품 카테고리 (PLP),90
https://www.lg.com/us/soundbar-experience,USA,제품 카테고리 (PLP),77
https://www.lg.com/us/blu-ray-dvd-players,USA,제품 카테고리 (PLP),86
https://www.lg.com/us/air-conditioners/discontinued,USA,제품 카테고리 (PLP),75
https://www.lg.com/us/business/14-inch-lg-gram-laptops,USA,제품 카테고리 (PLP),77
https://www.lg.com/us/business/commercial-displays/self-ordering-kiosk,USA,제품 카테고리 (PLP),79
https://www.lg.com/us/oled-evo-tvs,USA,제품 카테고리 (PLP),86
https://www.lg.com/us/wireless-bluetooth-speakers,USA,제품 카테고리 (PLP),90
https://www.lg.com/us/tvs,USA,제품 카테고리 (PLP),90
https://www.lg.com/us/business/commercial-display/resources/visit-an-lg-showroom,USA,제품 카테고리 (PLP),72
https://www.lg.com/us/discover-puricare-air-care,USA,제품 카테고리 (PLP),76
https://www.lg.com/us/business/about-commercial-displays,USA,제품 카테고리 (PLP),62
https://www.lg.com/us/air-care-accessories,USA,제품 카테고리 (PLP),79
https://www.lg.com/us/cell-phones/discontinued,USA,제품 카테고리 (PLP),79
https://www.lg.com/us/appliance-accessories,USA,제품 카테고리 (PLP),79
https://www.lg.com/us/monitors,USA,제품 카테고리 (PLP),86
https://www.lg.com/us/stick-vacuums,USA,제품 카테고리 (PLP),86
https://www.lg.com/us/business/commercial-laundry/dryers,USA,제품 카테고리 (PLP),76
https://www.lg.com/us/collections/75-inch-tvs,USA,제품 카테고리 (PLP),79
https://www.lg.com/us/uhd-4k-tvs,USA,제품 카테고리 (PLP),90
https://www.lg.com/us/dishwashers,USA,제품 카테고리 (PLP),86
https://www.lg.com/us/business/commercial-displays/vertical-markets,USA,제품 카테고리 (PLP),69
https://www.lg.com/us/lifestyle-monitors,USA,제품 카테고리 (PLP),79
https://www.lg.com/us/laundry-hoses,USA,제품 카테고리 (PLP),79
https://www.lg.com/us/window-air-conditioners,USA,제품 카테고리 (PLP),86
https://www.lg.com/us/bottom-freezer-refrigerators,USA,제품 카테고리 (PLP),86
https://www.lg.com/us/cooking-accessories,USA,제품 카테고리 (PLP),79
https://www.lg.com/us/business/chicago-bic-showroom,USA,제품 카테고리 (PLP),76
https://www.lg.com/us/collections/sound-suite-audio-system,USA,제품 카테고리 (PLP),79
https://www.lg.com/us/party-speakers,USA,제품 카테고리 (PLP),86
https://www.lg.com/us/appreciation-program,USA,제품 카테고리 (PLP),66
https://www.lg.com/us/refrigerators,USA,제품 카테고리 (PLP),93
https://www.lg.com/us/business/15-inch-lg-gram-laptops,USA,제품 카테고리 (PLP),77
https://www.lg.com/us/monitors/ultragear-buying-guide,USA,구매 가이드,75
https://www.lg.com/us/tvs/tv-buying-guide/what-makes-a-4k-tv-a-good-choice,USA,구매 가이드,79
https://www.lg.com/us/refrigerator-buying-guide,USA,구매 가이드,79
https://www.lg.com/us/monitors/ultragear-buying-guide/work-and-play,USA,구매 가이드,72
https://www.lg.com/us/tvs/tv-buying-guide/art-tv-for-your-space,USA,구매 가이드,83
https://www.lg.com/us/tvs/tv-buying-guide/right-tv-size-for-my-room,USA,구매 가이드,83
https://www.lg.com/us/tvs/tv-buying-guide,USA,구매 가이드,82
https://www.lg.com/us/tvs/tv-buying-guide/tv-for-sports-fans,USA,구매 가이드,79
https://www.lg.com/us/tvs/tv-buying-guide/picture-quality-tv-guide,USA,구매 가이드,86
https://www.lg.com/us/tvs/tv-buying-guide/ai-tv-for-smarter-viewing,USA,구매 가이드,83
https://www.lg.com/us/monitors/ultragear-buying-guide/screen-size,USA,구매 가이드,79
https://www.lg.com/us/tvs/tv-buying-guide/tv-for-watching-movies,USA,구매 가이드,76
https://www.lg.com/us/monitors/ultragear-buying-guide/refresh-rate,USA,구매 가이드,79
https://www.lg.com/us/monitors/ultragear-buying-guide/resolution,USA,구매 가이드,79
https://www.lg.com/us/tvs/tv-buying-guide/tv-for-gaming,USA,구매 가이드,79
https://www.lg.com/us/4-door-refrigerator-buying-guide,USA,구매 가이드,72
https://www.lg.com/us/experience,USA,LG Experience,81
https://www.lg.com/us/experience/which-lg-tv-is-right-for-you,USA,LG Experience,82
https://www.lg.com/us/experience/what-is-a-smart-tv,USA,LG Experience,82
https://www.lg.com/us/experience/how-to-measure-and-read-tv-sizes,USA,LG Experience,79
https://www.lg.com/us/experience/refrigerator-maintenance-tips,USA,LG Experience,79
https://www.lg.com/us/experience/home-automation-smart-home,USA,LG Experience,79
https://www.lg.com/us/experience/smart-dryer-laundry-days-wifi-control,USA,LG Experience,82
https://www.lg.com/us/experience/how-to-find-the-correct-lg-refrigerator-filter-for-your-model,USA,LG Experience,82
https://www.lg.com/us/experience/laptop-battery-life,USA,LG Experience,82
https://www.lg.com/us/experience/how-to-pick-cordless-vacuum-cleaner,USA,LG Experience,79
https://www.lg.com/us/experience/laptop-cybersecurity-guide,USA,LG Experience,79
https://www.lg.com/us/experience/choosing-top-load-front-load-washer,USA,LG Experience,82
https://www.lg.com/us/experience/luxury-tech-gift-ideas-for-women,USA,LG Experience,71
https://www.lg.com/us/experience/man-cave-gaming-room,USA,LG Experience,75
https://www.lg.com/us/experience/high-end-gifts-for-him,USA,LG Experience,79
https://www.lg.com/us/experience/earth-day-at-home-energy-efficient-appliances,USA,LG Experience,86
https://www.lg.com/us/experience/pro-gaming-setup,USA,LG Experience,75
https://www.lg.com/us/experience/family-movie-night-with-lg-tv,USA,LG Experience,79
https://www.lg.com/us/experience/small-living-room-ideas,USA,LG Experience,75
https://www.lg.com/us/experience/ai-productivity-best-ai-laptop,USA,LG Experience,82
https://www.lg.com/us/experience/smart-wash-spin-cycle,USA,LG Experience,75
https://www.lg.com/us/experience/when-to-change-lg-refrigerator-water-filter,USA,LG Experience,82
https://www.lg.com/us/experience/why-lg-soundbars,USA,LG Experience,82
https://www.lg.com/us/experience/which-soundbar-is-right-for-you-lg,USA,LG Experience,82
https://www.lg.com/us/experience/changes-in-technology,USA,LG Experience,82
https://www.lg.com/us/experience/best-lg-travel-gadgets,USA,LG Experience,82
https://www.lg.com/us/experience/smart-home-automation-thinq,USA,LG Experience,79
https://www.lg.com/us/experience/best-lg-laptop-for-writers,USA,LG Experience,82
https://www.lg.com/us/experience/ai-tv-for-sound-and-vision,USA,LG Experience,79
https://www.lg.com/us/home-electrification/what-is-induction-cooking,USA,Microsite,71
https://www.lg.com/us/residential-hvac/heat-pump/how-it-works,USA,Microsite,79
https://www.lg.com/us/residential-hvac/solutions-applications/blog,USA,Microsite,81
https://www.lg.com/us/residential-hvac/why-lg/sustainability,USA,Microsite,75
https://www.lg.com/us/top-freezer-refrigerators,USA,Microsite,82
https://www.lg.com/us/top-load-washers,USA,Microsite,86
https://www.lg.com/us/top-control-dishwashers,USA,Microsite,89
https://www.lg.com/us/press-media/media-contacts,USA,Press & Media,71
https://www.lg.com/us/press-release/2023-lg-gram-lineup-offers-more-stylish-yet-powerful-user-experience,USA,Press & Media,75
https://www.lg.com/us/press-release,USA,Press & Media,71
https://www.lg.com/us/press-release/archive-before-2019,USA,Press & Media,61
https://www.lg.com/us/press-release/2025-lg-wonderbox-winner-announcement-press-release,USA,Press & Media,89
https://www.lg.com/us/press-release/advanced-digital-displays-robots-and-ev-chargers-from-lg-business-solutions-spotlighted-at-ces-2024,USA,Press & Media,89
https://www.lg.com/us/press-release/apple-tv-app-and-apple-tvplus-now-available-on-2019-lg-tvs-in-us-and-80-plus-other-countries,USA,Press & Media,89
https://www.lg.com/us/press-release/advanced-new-medical-imaging-oem-offering-combines-lenovo-workstations-and-lg-monitors,USA,Press & Media,89
https://www.lg.com/us/press-release/apple-airplay-launches-on-lg-hotel-tvs-at-select-ihg-hotels-and-resorts,USA,Press & Media,89
https://www.lg.com/us/press-release/2025-lg-qned-evo-transforms-with-core-oled-tv-innovations-true-wireless-ai-and-hyper-personalization,USA,Press & Media,89
https://www.lg.com/us/press-release/amazon-and-lg-collaborate-on-groundbreaking-alexa-for-hospitality-integration-with-lg-hotel-tvs,USA,Press & Media,89
https://www.lg.com/us/press-release/annual-lg-tech-tober-fest-returns-to-newly-remodeled-chicago-business-innovation-center,USA,Press & Media,86
https://www.lg.com/us/press-release/critically-acclaimed-lg-oled-tvs-kick-off-2020-at-lowest-price-ever,USA,Press & Media,89
https://www.lg.com/us/press-release/breathe-easy-this-holday-season-beyond-big-savings-lg-energy-star-air-purifiers,USA,Press & Media,86
https://www.lg.com/us/press-release/bacher-joins-lg-business-solutions-as-head-of-marketing,USA,Press & Media,89
https://www.lg.com/us/press-release/ces-2025-innovation-awards,USA,Press & Media,89
https://www.lg.com/us/press-release/artist-david-van-eyssen-debuts-new-sound-motion-artwork-lg-oled-gallery-tvs-iconic-kimpton-la-peer-hotel,USA,Press & Media,89
https://www.lg.com/us/press-release/century-communities-selects-lg-electronics-national-appliance-partner,USA,Press & Media,89
https://www.lg.com/us/press-release/best-price-ever-on-ultra-large-screen-lg-oled-tv-is-best-time-ever-to-upgrade,USA,Press & Media,89
https://www.lg.com/us/press-release/ces-spectators-mesmerized-yet-again-with-lgs-spectacular-oled-wave-and-fountain-exhibitions,USA,Press & Media,89
https://www.lg.com/us/press-release/disney-plus-now-available-on-lg-cinebeam-projectors,USA,Press & Media,89
https://www.lg.com/us/press-release/directv-expands-access-to-include-lg-smart-tvs,USA,Press & Media,86
https://www.lg.com/us/press-release/century-communities-selects-lg-electronics-as-national-appliance-partner,USA,Press & Media,89
https://www.lg.com/us/press-release/dj-khaled-megan-fox-to-face-off-in-epic-live-gam-ing-battle-to-kick-off-lgs-only-on-oled-campaign,USA,Press & Media,86
https://www.lg.com/us/press-release/celebrate-independence-day-firecracker-deals-on-lg-home-appliance-and-entertainment-products,USA,Press & Media,89
https://www.lg.com/us/press-release/award-winning-lg-appliances-featured-at-kbis-2024-offer-effortless-cleaning-efficient-solutions,USA,Press & Media,89
https://www.lg.com/us/press-release/connected-edtech-solutions-from-lg-electronics-usa-define-the-future-of-learning-at-iste-live-2026,USA,Press & Media,93
https://www.lg.com/us/press-release/best-in-class-lg-oled-tvs-kick-off-the-2022-season-at-lowest-price-ever,USA,Press & Media,93
https://www.lg.com/us/press-release/award-winning-lg-oled-tvs-kick-off-2021-at-lowest-price-ever,USA,Press & Media,93
https://www.lg.com/us/press-release/celebrate-presidents-day-with-savings-on-lg-home-appliance-and-entertainment-products,USA,Press & Media,93
https://www.lg.com/us/press-release/cure-the-end-of-summer-blues-with-mega-labor-day-lg-energy-star-appliance-deals,USA,Press & Media,89
https://www.lg.com/us/press-release/celebrate-independence-day-with-firecracker-deals-on-lg-home-appliance-and-entertainment-products,USA,Press & Media,89
https://www.lg.com/us/press-release/epa-honors-lg-electronics-usa-with-toplevel-environmental-awards,USA,Press & Media,89
https://www.lg.com/us/press-release/epa-recognizes-lg-as-green-power-leader,USA,Press & Media,89
https://www.lg.com/us/press-release/exploring-anime-is-easier-than-ever-as-crunchyroll-launches-on-lg-smart-tvs-internationally-beginning-today,USA,Press & Media,89
https://www.lg.com/us/press-release/espn-app-including-espn-now-available-on-lg-smart-tvs,USA,Press & Media,89
https://www.lg.com/us/press-release/environmental-protection-agency-honors-lg-for-responsible-electronics-recycling-leadership,USA,Press & Media,89
https://www.lg.com/us/press-release/gaming-on-lg-premium-tvs-reaches-new-heights-with-latest-dolby-vision-update,USA,Press & Media,89
https://www.lg.com/us/press-release/fox-sports-app-launches-on-lg-smart-tvs,USA,Press & Media,89
https://www.lg.com/us/press-release/goal-lg-channels-world-pup-launches-on-june-10-as-a-global-celebration-of-rescue-dogs-and-giving-back,USA,Press & Media,93
https://www.lg.com/us/press-release/game-on-lg-kicks-off-pre-orders-for-ultragear-evo-gx9-and-gm9-gaming-monitors,USA,Press & Media,93
https://www.lg.com/us/press-release/lg-2023-home-appliances-hvac-energy-solutions-support-healthier-greener-smarter-building-trends,USA,Press & Media,89
https://www.lg.com/us/press-release/k-12-education-white-paper-explores-role-of-digital-displays-in-hybrid-and-remote-learning,USA,Press & Media,86
https://www.lg.com/us/press-release/leading-edge-lg-hvac-technologies-take-center-stage-at-aia-expo-2019,USA,Press & Media,89
https://www.lg.com/us/press-release/k12-education-white-paper-explores-role-of-digital-displays-in-hybrid-and-remote-learning,USA,Press & Media,86
https://www.lg.com/us/press-release/kwack-named-president-and-ceo-lg-electronics-north-america,USA,Press & Media,82
https://www.lg.com/us/press-release/hotel-tvs-lg-channels,USA,Press & Media,89
https://www.lg.com/us/press-release/got-power-67-of-us-homeowners-experienced-power-outage-in-past-year-nationwide-survey-reveals,USA,Press & Media,89
https://www.lg.com/us/press-release/laundry-lounge-powered-by-lg-college-dorm-project-launched-at-university-of-tennessee,USA,Press & Media,89
https://www.lg.com/us/press-release/hbo-max-app-launches-on-lg-smart-tvs-in-us,USA,Press & Media,89
https://www.lg.com/us/press-release/lg-adds-new-benefits-to-lg-pro-channel-partner-program,USA,Press & Media,86
https://www.lg.com/us/press-release/lg-achieves-50-percent-ghg-reduction-goal-in-us,USA,Press & Media,89
https://www.lg.com/us/press-release/innovative-lg-one-quick-solutions-deliver-all-in-one-touch-displays-wireless-collaboration-technology,USA,Press & Media,89
https://www.lg.com/us/press-release/innovative-lg-one-quick-solutions-deliver-all-in-one-touch-display-wireless-collaboration-technology,USA,Press & Media,89
https://www.lg.com/us/press-release/lg-2021-slide-in-ranges-feature-advanced-multifunctional-cooking,USA,Press & Media,89
https://www.lg.com/us/press-release/lg-2022-home-appliances-hvac-and-energy-solutions-lead-smarter-healthier-greener-building-trends,USA,Press & Media,89
https://www.lg.com/us/press-release/lg-adds-air-sous-vide-to-new-instaview-slide-in-ranges-for-complete-cooking-solution,USA,Press & Media,89
https://www.lg.com/us/press-release/lg-2021-puricare-air-care-line-helps-users-breathe-easy-at-home-and-on-the-go,USA,Press & Media,89
https://www.lg.com/us/press-release/lg-21-9-ultra-wide-probeam-laser-projector-maximizes-hybrid-worlplace-capabilities,USA,Press & Media,86
https://www.lg.com/us/press-release/lg-2025-oled-tvs-achieve-true-visual-experience-with-indoor-lighting-certification,USA,Press & Media,89
https://www.lg.com/us/press-release/lg-2026-ultrawide-ultrafine-business-monitors,USA,Press & Media,89
https://www.lg.com/us/press-release/lg-and-blacknut-launch-single-game-subscription-service-on-lg-smart-tvs-in-the-us,USA,Press & Media,89
https://www.lg.com/us/press-release/lg-and-hyundai-collaborate-to-bring-home-convenience-to-electric-vehicles,USA,Press & Media,89
https://www.lg.com/us/press-release/lg-and-brightsign-announce-alliance-launch-integrated-digital-signage-solution,USA,Press & Media,93
https://www.lg.com/us/press-release/lg-adds-web-os-signage-capabilities-to-new-probeam-rg-projector-series,USA,Press & Media,89
https://www.lg.com/us/press-release/lg-and-assassins-creed-valhalla-reveal-the-ultimate-next-gen-gaming-experience-through-the-visual-stories-of-three-passionate-gamers,USA,Press & Media,89
https://www.lg.com/us/press-release/lg-air-conditioning-technologies-joins-baker-distributing-2019-nascar-sponsorship,USA,Press & Media,89
https://www.lg.com/us/press-release/lg-and-broadsign-launch-revenue-generating-system-on-chip-solution-for-webos-commercial-displays,USA,Press & Media,89
https://www.lg.com/us/press-release/lg-and-design-mindset-to-host-futures-workshop-for-educators-july-21-22-in-denver,USA,Press & Media,86
https://www.lg.com/us/press-release/lg-and-energy-star-help-consumers-make-their-energy-choices-count-this-earth-day,USA,Press & Media,86
https://www.lg.com/us/press-release/lg-and-milk-bar-teamed-up-for-an-exclusive-baking-class-with-christina-tosi,USA,Press & Media,86
https://www.lg.com/us/press-release/lg-and-energy-star-power-up-earth-day-savings-with-exclusive-retailer-offers-nationwide,USA,Press & Media,89
https://www.lg.com/us/press-release/lg-advanced-hvac-technologies-transform-historic-building,USA,Press & Media,89
https://www.lg.com/us/press-release/lg-adds-two-new-ultrawide-monitors-to-its-ultragear-gaming-lineup,USA,Press & Media,89
https://www.lg.com/us/press-release/lg-and-marvel-assemble-with-limited-time-promotions-on-2025-lg-gram-laptops,USA,Press & Media,89
https://www.lg.com/us/press-release/lg-air-conditioning-technologies-celebrates-record-breaking-year,USA,Press & Media,89
https://www.lg.com/us/press-release/lg-and-jeff-staple-showcase-new-lifestyle-trends-in-the-creators-room-at-ces-2023,USA,Press & Media,89
https://www.lg.com/us/press-release/lg-and-majordomo-media-join-forces-to-cook-up-original-content-for-lg-channels,USA,Press & Media,89
https://www.lg.com/us/press-release/lg-and-kokomo247-team-up-on-integrated-technology-solutions-for-school-safety,USA,Press & Media,86
https://www.lg.com/us/press-release/lg-and-buzzfeeds-tasty-announce-first-ever-cookie-subscription-box,USA,Press & Media,89
https://www.lg.com/us/press-release/lg-and-tasty-celebrate-national-cookie-day-with-first-ever-cookie-subscription-kit,USA,Press & Media,86
https://www.lg.com/us/press-release/lg-and-xbox-partner-to-expand-cloud-gaming-experience-on-lg-smart-tvs,USA,Press & Media,89
https://www.lg.com/us/press-release/lg-and-signature-kitchen-suite-take-top-honors-at-kbis-2022,USA,Press & Media,89
https://www.lg.com/us/press-release/lg-announces-2019-sound-bar-pricing-and-availability,USA,Press & Media,89
https://www.lg.com/us/press-release/lg-and-nicole-mclaughlin-debut-limited-edition-upcycled-apparel-and-home-goods-collection,USA,Press & Media,89
https://www.lg.com/us/press-release/lg-and-will-i-am-debut-xboom-buds-plus-and-buds-lite-equipped-with-the-lines-most-advanced-audio-yet,USA,Press & Media,93
https://www.lg.com/us/press-release/lg-and-tennessee-titans-kick-off-multi-year-partnership-to-celebrate-lifes-good-in-tennessee,USA,Press & Media,89
https://www.lg.com/us/press-release/lg-and-userful-to-offer-software-defined-av-over-ip-solution-for-enterprise-applications,USA,Press & Media,89
https://www.lg.com/us/press-release/lg-and-what-goes-around-comes-around-unveil-nyfw-refresh-suite-powered-by-lg-styler,USA,Press & Media,89
https://www.lg.com/us/press-release/lg-and-thredup-partner-to-extend-the-life-of-clothes-marking-expansion-of-thredups-resale-as-a-service,USA,Press & Media,89
https://www.lg.com/us/press-release/lg-adds-truesteam-to-expanded-quadwash-dishwasher-line-for-up-to-60-less-water-spots,USA,Press & Media,89
https://www.lg.com/us/press-release/lg-announces-availability-new-49-inch-curved-ultragear-monitor-limited-time-promotion,USA,Press & Media,89
https://www.lg.com/us/press-release/lg-announces-amazon-alexa-is-now-built-in-to-lg-cinebeam-ai-thinq-projector-lineup-in-us,USA,Press & Media,89
https://www.lg.com/us/press-release/lg-announces-autonomous-robot-with-disinfecting-uv-light-for-various-b2b-applications,USA,Press & Media,89
https://www.lg.com/us/support/help-library/lg-tv-how-do-i-reset-my-set-top-box-CT10000030-20153122639228,USA,Support - Troubleshoot,78
https://www.lg.com/us/support/help-library/lg-tv-how-to-connect-a-camcorder-or-camera-CT10000030-20153219091483,USA,Support - Troubleshoot,74
https://www.lg.com/us/support/help-library/lg-range-troubleshooting-buttons-not-working-properly-CT00000303-20153105420192,USA,Support - Troubleshoot,81
https://www.lg.com/us/support/help-library/lg-tv-purchasing-paid-content-CT10000030-20153218982284,USA,Support - Troubleshoot,78
https://www.lg.com/us/support/help-library/lg-tv-how-to-connect-a-usb-storage-device-to-your-tv-CT10000030-20153123667931,USA,Support - Troubleshoot,75
https://www.lg.com/us/support/help-library/lg-tv-troubleshooting-sound-out-settings-on-my-lg-tv-CT10000030-20153095965157,USA,Support - Troubleshoot,79
https://www.lg.com/us/support/help-library/lg-washer-dryer-combo-troubleshooting-poor-drying-performance-CT10000010-20153781923566,USA,Support - Troubleshoot,74
https://www.lg.com/us/support/help-library/lg-electronics-range-does-it-have-a-deodorizing-function-CT00000303-20155094141977,USA,Support - Troubleshoot,85
https://www.lg.com/us/support/help-library/what-to-check-if-your-lg-tv-has-no-sound-CT10000030-20155311239786,USA,Support - Troubleshoot,81
https://www.lg.com/us/support/help-library/lg-tv-how-to-set-the-default-input-CT10000030-20153711388714,USA,Support - Troubleshoot,78
https://www.lg.com/us/support/help-library/lg-top-load-washing-machine-why-is-no-water-supplied-to-my-washing-machine-CT10000010-20153067542295,USA,Support - Troubleshoot,78
https://www.lg.com/us/support/help-library/how-to-troubleshoot-error-codes-ch03-and-ch04-on-your-lg-ceiling-mounted-air-conditioner-CT10000014-20155396626868,USA,Support - Troubleshoot,79
https://www.lg.com/us/support/help-library/how-to-fix-the-magic-remote-pointer-not-appearing-on-your-lg-tv-CT10000030-20155394402958,USA,Support - Troubleshoot,89
https://www.lg.com/us/support/help-library/lg-tv-how-to-use-gallery-mode-webos-4-5-CT10000030-20153265980635,USA,Support - Troubleshoot,70
https://www.lg.com/us/support/help-library/if-your-lg-dishwasher-feels-hot-during-operation-CT10000009-20155416960018,USA,Support - Troubleshoot,81
https://www.lg.com/us/support/help-library/if-detergent-does-not-dispense-or-remains-in-your-lg-front-load-washer-CT10000010-20155394392174,USA,Support - Troubleshoot,81
https://www.lg.com/us/support/help-library/lg-washing-machine-why-isn-t-the-water-heating-up-during-a-wash-CT10000010-20155130213566,USA,Support - Troubleshoot,85
https://www.lg.com/us/support/help-library/lg-tv-gallery-stand-dimensions-CT10000030-20153292386216,USA,Support - Troubleshoot,78
https://www.lg.com/us/support/help-library/lg-tv-viewing-content-on-a-usb-device-CT10000030-20153192465296,USA,Support - Troubleshoot,81
https://www.lg.com/us/support/help-library/lg-cordzero-a9-why-is-the-vacuum-so-loud-CT10000013-20155092842730,USA,Support - Troubleshoot,71
https://www.lg.com/us/support/help-library/lg-gas-range-cooktop-the-display-does-not-light-up-or-the-text-appears-distorted-CT00000303-20155101684104,USA,Support - Troubleshoot,71
https://www.lg.com/us/support/help-library/lg-cordzero-a9s-2025-model-is-the-suction-getting-weaker-or-does-the-vacuum-suddenly-turn-off-while-in-use-CT10000013-20155102926255,USA,Support - Troubleshoot,74
https://www.lg.com/us/support/help-library/how-to-calibrate-your-monitor-using-lg-calibration-studio-CT32009622-20155410023763,USA,Support - Troubleshoot,85
https://www.lg.com/us/support/help-library/why-does-my-lg-air-purifier-indicator-turn-red-poor-when-i-turn-on-my-air-conditioner-CT32001601-20155297247983,USA,Support - Troubleshoot,79
https://www.lg.com/us/support/help-library/lg-robot-vacuum-r9-my-robot-vacuum-keeps-spinning-in-place-or-only-goes-backward-CT10000013-20155049070429,USA,Support - Troubleshoot,74
https://www.lg.com/us/support/help-library/lg-washing-machine-sound-mini-washer-a-fabric-softener-injection-alarm-sound-buzzer-sound-is-not-heard-during-the-rinse-cycle-CT10000010-20153067191536,USA,Support - Troubleshoot,81
https://www.lg.com/us/support/help-library/lg-tv-how-to-use-the-family-settings-feature-CT10000030-20153280792929,USA,Support - Troubleshoot,79
https://www.lg.com/us/support/help-library/lg-tv-how-to-use-the-always-ready-feature-webos-22-CT10000030-20153280995321,USA,Support - Troubleshoot,71
https://www.lg.com/us/support/help-library/how-to-adjust-the-temperature-for-lg-refrigerators-CT10000021-20155177646963,USA,Support - Troubleshoot,82
https://www.lg.com/us/support/help-library/no-sound-from-a-connected-external-device-sound-bar-bluetooth-earbuds-on-your-lg-tv-CT41000327-20155394137664,USA,Support - Troubleshoot,85
https://www.lg.com/us/support/help-library/lg-dehumidifier-why-does-the-bucket-full-light-stay-on-after-emptying-the-bucket-CT10000015-20155128297661,USA,Support - Troubleshoot,79
https://www.lg.com/us/support/help-library/how-to-install-and-delete-apps-on-your-lg-tv-CT10000030-20155331395481,USA,Support - Troubleshoot,85
https://www.lg.com/us/support/help-library/lg-tv-how-to-change-the-tv-location-setting-CT10000030-20153209410884,USA,Support - Troubleshoot,70
https://www.lg.com/us/support/help-library/how-to-stop-one-remote-from-turning-on-multiple-devices-CT10000018-20155377784949,USA,Support - Troubleshoot,79
https://www.lg.com/us/support/help-library/lg-washer-troubleshooting-clacking-noise-when-the-washing-machine-is-filling-CT10000012-20153105604295,USA,Support - Troubleshoot,78
https://www.lg.com/us/support/help-library/what-to-do-if-water-gets-into-the-outdoor-unit-CT10000014-20155198999366,USA,Support - Troubleshoot,81
https://www.lg.com/us/support/help-library/what-are-the-causes-and-solutions-for-the-e15-error-code-CT32001601-20155183800048,USA,Support - Troubleshoot,85
https://www.lg.com/us/support/help-library/lg-aerocat-tower-how-to-clean-your-aerocat-tower-CT32001601-20155130672575,USA,Support - Troubleshoot,75
https://www.lg.com/us/support/help-library/lg-tv-how-to-use-hdmi-cec-CT10000030-20153207563544,USA,Support - Troubleshoot,75
https://www.lg.com/us/support/help-library/lg-tv-how-to-agree-to-the-user-agreements-CT10000030-20155154186594,USA,Support - Troubleshoot,79
https://www.lg.com/us/support/help-library/lg-top-load-washing-machine-why-is-there-no-power-CT10000010-20153070259753,USA,Support - Troubleshoot,78
https://www.lg.com/us/support/help-library/lg-frontload-washer-sanitary-cycle-not-working-CT10000010-20153782101180,USA,Support - Troubleshoot,78
https://www.lg.com/us/support/help-library/lg-air-conditioner-remote-how-can-i-individually-control-ceiling-mounted-air-conditioners-using-the-remote-when-they-turn-on-simultaneously-CT10000014-20155102781402,USA,Support - Troubleshoot,86
https://www.lg.com/us/support/help-library/lg-top-load-washer-why-won-t-the-washer-start-after-the-initial-installation-CT00000305-20154982198274,USA,Support - Troubleshoot,81
https://www.lg.com/us/support/help-library/lg-tv-how-to-enable-the-standby-light-CT10000030-20153220996774,USA,Support - Troubleshoot,78
https://www.lg.com/us/support/help-library/lg-tv-how-to-connect-a-mobile-phone-to-your-lg-tv-via-an-usb-cable-CT10000030-20153110643228,USA,Support - Troubleshoot,78
https://www.lg.com/us/support/help-library/lg-refrigerator-troubleshooting-water-ice-related-issues-CT00023125-20155265311822,USA,Support - Troubleshoot,79
https://www.lg.com/us/support/help-library/lg-cordzero-a9s-how-do-i-install-the-charging-station-CT10000013-20155102808303,USA,Support - Troubleshoot,71
https://www.lg.com/us/support/help-library/lg-tv-how-to-use-the-always-ready-function-CT10000030-20153870949064,USA,Support - Troubleshoot,78
https://www.lg.com/us/support/help-library/lg-tv-troubleshooting-poor-picture-quality-on-my-set-top-box-CT10000030-20153110680707,USA,Support - Troubleshoot,74
https://www.lg.com/us/support/help-library/how-to-adjust-uneven-doors-on-your-lg-refrigerator-CT10000021-20155268060157,USA,Support - Troubleshoot,82
https://www.lg.com/us/support/help-library/lg-projector-error-messages-or-no-signal-appear-when-using-a-set-top-box-CT00000299-20155105898359,USA,Support - Troubleshoot,75
https://www.lg.com/us/support/help-library/how-to-sign-in-to-your-lg-account-on-your-tv-CT10000030-20155416335469,USA,Support - Troubleshoot,89
https://www.lg.com/us/support/help-library/how-do-i-factory-reset-my-lg-tv-if-it-keeps-freezing-or-showing-errors-CT10000030-20155311398606,USA,Support - Troubleshoot,81
https://www.lg.com/us/support/help-library/lg-steam-cleaner-why-does-my-new-steam-cleanr-smell-like-burning-CT00000314-20155101718871,USA,Support - Troubleshoot,74
https://www.lg.com/us/support/help-library/lg-tv-troubleshooting-poor-hdmi-performance-CT10000030-20153258865666,USA,Support - Troubleshoot,75
https://www.lg.com/us/support/help-library/lg-washer-common-noises-during-the-washer-cycle-CT10000012-20153081387824,USA,Support - Troubleshoot,78
https://www.lg.com/us/support/help-library/how-to-use-the-spin-only-cycle-on-your-lg-washer-CT10000012-20155394196264,USA,Support - Troubleshoot,81
https://www.lg.com/us/support/help-library/lg-tv-how-to-login-to-the-home-dashboard-CT10000030-20153207266501,USA,Support - Troubleshoot,75
https://www.lg.com/us/support/help-library/lg-pc-how-to-set-your-web-browser-s-start-page-CT30017683-20155097516488,USA,Support - Troubleshoot,75
https://www.lg.com/us/support/help-library/lg-top-load-washing-machine-why-did-my-washing-machine-stop-without-completing-washing-CT10000010-20153066393546,USA,Support - Troubleshoot,78
https://www.lg.com/us/support/help-library/troubleshooting-an-lg-refrigerator-not-cooling-properly-CT10000021-20155295246336,USA,Support - Troubleshoot,81
https://www.lg.com/us/support/help-library/lg-tv-how-to-fix-apps-that-keep-freezing-crashing-or-won-t-load-CT10000030-20154996607566,USA,Support - Troubleshoot,79
https://www.lg.com/us/support/help-library/lg-top-load-washing-machine-a-noise-is-heard-during-water-supply-CT10000010-20153070278164,USA,Support - Troubleshoot,79
https://www.lg.com/us/support/help-library/lg-dryer-common-noises-during-the-dry-cycle-CT10000012-20153081341056,USA,Support - Troubleshoot,78
https://www.lg.com/us/support/help-library/should-i-remove-the-protective-film-from-my-lg-monitor-CT32009622-20155143214666,USA,Support - Troubleshoot,85
https://www.lg.com/us/support/help-library/lg-tv-how-to-perform-a-picture-test-CT10000018-20153275651659,USA,Support - Troubleshoot,75
https://www.lg.com/us/support/help-library/troubleshooting-clean-booster-rotation-issues-on-the-lg-puricare-360-air-purifier-CT32001601-20155304383199,USA,Support - Troubleshoot,81
https://www.lg.com/us/support/help-library/lg-cordzero-t9-why-are-there-marks-on-the-product-exterior-CT00000314-20155101717377,USA,Support - Troubleshoot,78
https://www.lg.com/us/support/help-library/lg-dios-dishwasher-power-turns-off-minutes-after-operation-begins-CT10000009-20155379438411,USA,Support - Troubleshoot,74
https://www.lg.com/us/support/help-library/lg-cordzero-a9-turbo-mode-isn-t-working-CT10000013-20155102788910,USA,Support - Troubleshoot,81
https://www.lg.com/us/support/help-library/lg-washing-machine-whys-is-water-not-draining-from-my-washer-CT10000010-20153067403293,USA,Support - Troubleshoot,75
https://www.lg.com/us/support/help-library/lg-top-loader-pre-purchase-installation-checklist-CT00000305-20155028326674,USA,Support - Troubleshoot,78
https://www.lg.com/us/support/help-library/lg-refrigerator-what-to-do-if-water-or-ice-isn-t-dispensing-water-tank-model-CT10000021-20155380008838,USA,Support - Troubleshoot,81
https://www.lg.com/us/support/help-library/lg-tv-how-do-i-enable-dolby-atmos-CT10000018-20155021166096,USA,Support - Troubleshoot,79
https://www.lg.com/us/support/help-library/lg-tv-how-to-perform-a-speed-test-using-netflix-or-youtube-CT10000030-20153298200728,USA,Support - Troubleshoot,78
https://www.lg.com/us/support/help-library/how-to-set-the-startup-screen-on-your-lg-tv-CT10000030-20155412183664,USA,Support - Troubleshoot,85
https://www.lg.com/us/support/help-library/can-i-move-my-lg-refrigerator-on-its-side-how-to-move-and-install-it-safely-CT10000021-20155255782623,USA,Support - Troubleshoot,85
https://www.lg.com/us/support/help-library/lg-top-load-washing-machine-why-is-an-ae-le-or-le1-error-code-being-displayed-and-the-tub-is-not-spinning-CT10000010-20153066333852,USA,Support - Troubleshoot,81
https://www.lg.com/us/support/help-library/lg-cordzero-a9-vacuum-cleaner-won-t-power-on-CT10000013-20154629827605,USA,Support - Troubleshoot,78
https://www.lg.com/us/support/help-library/lg-tv-no-signal-appears-on-screen-CT10000030-20153706733872,USA,Support - Troubleshoot,70
https://www.lg.com/us/support/help-library/lg-tv-how-to-use-the-web-browser-CT10000030-20153257222107,USA,Support - Troubleshoot,68
https://www.lg.com/us/support/help-library/lg-front-load-washer-how-do-i-run-a-test-cycle-after-installation-CT10000010-20155004249322,USA,Support - Troubleshoot,85
https://www.lg.com/us/support/help-library/lg-tv-troubleshooting-no-audio-after-changing-tv-channel-input-CT10000030-20153143555178,USA,Support - Troubleshoot,71
https://www.lg.com/us/support/help-library/lg-tv-how-to-identify-my-tv-s-model-information-CT10000030-20153110698602,USA,Support - Troubleshoot,75
https://www.lg.com/us/support/help-library/tv-channels-are-missing-how-do-i-run-auto-tuning-CT10000030-20155311291362,USA,Support - Troubleshoot,81
https://www.lg.com/us/support/help-library/lg-tv-how-to-change-sound-output-webos-24-CT10000030-20154017897602,USA,Support - Troubleshoot,78
https://www.lg.com/us/support/help-library/lg-cordzero-a9-the-product-is-very-noisy-improper-assembly-CT10000013-20155102806104,USA,Support - Troubleshoot,74
https://www.lg.com/us/support/help-library/lg-smart-tv-monitor-how-do-i-watch-lg-channels-CT32003207-20155053097874,USA,Support - Troubleshoot,85
https://www.lg.com/us/support/help-library/lg-tv-how-to-access-4k-content-from-an-external-device-CT10000030-20153122595631,USA,Support - Troubleshoot,81
https://www.lg.com/us/support/help-library/lg-dryer-lint-on-the-door-gasket-CT10000011-20155101726608,USA,Support - Troubleshoot,78
https://www.lg.com/us/support/help-library/lg-front-load-washing-machine-i-want-to-add-more-rinse-cycles-CT10000010-20155251414314,USA,Support - Troubleshoot,78
https://www.lg.com/us/support/help-library/lg-frontload-washer-troubleshooting-a-ts-t5-error-code-CT10000010-20153781902860,USA,Support - Troubleshoot,74
https://www.lg.com/us/support/help-library/lg-tv-connecting-a-mobile-phone-via-ptp-CT10000030-20153217406509,USA,Support - Troubleshoot,78
https://www.lg.com/us/support/help-library/how-to-set-up-a-game-controller-for-webos-gaming-CT10000030-20152528678452,USA,Support - Troubleshoot,71
https://www.lg.com/us/support/help-library/lg-range-wide-zone-induction-is-not-heating-properly-CT00000303-20153104401321,USA,Support - Troubleshoot,78
https://www.lg.com/us/support/help-library/lg-microwave-how-to-install-the-glass-plate-CT00000303-20153229143422,USA,Support - Troubleshoot,78
https://www.lg.com/us/support/help-library/how-to-troubleshoot-error-codes-ch10-ch67-e6-and-ef-on-your-lg-air-conditioner-CT10000014-20155396792105,USA,Support - Troubleshoot,79
https://www.lg.com/us/support/help-library/lg-tv-how-do-i-watch-lg-channels-CT10000018-20155049524788,USA,Support - Troubleshoot,85
https://www.lg.com/us/support/help-library/lg-tv-how-to-perform-a-sound-test-CT10000030-20153257287031,USA,Support - Troubleshoot,78
https://www.lg.com/vn/dan-am-thanh/loa-thanh/s20a/,Vietnam,제품 상세 (PDP),84
https://www.lg.com/vn/dan-am-thanh/loa-di-dong/xg2tbk/,Vietnam,제품 상세 (PDP),81
https://www.lg.com/vn/dan-am-thanh/loa-thanh-home-theater/s95ar/,Vietnam,제품 상세 (PDP),81
https://www.lg.com/vn/dan-am-thanh/loa-thanh/s60t/,Vietnam,제품 상세 (PDP),81
https://www.lg.com/vn/dan-am-thanh/loa-thanh/s70ty/,Vietnam,제품 상세 (PDP),84
https://www.lg.com/vn/dan-am-thanh/loa-thanh/sg10ty/,Vietnam,제품 상세 (PDP),81
https://www.lg.com/vn/dan-am-thanh/loa-thanh/s60tr/,Vietnam,제품 상세 (PDP),87
https://www.lg.com/vn/dan-am-thanh/loa-thanh/s40t/,Vietnam,제품 상세 (PDP),81
https://www.lg.com/vn/dan-am-thanh/loa-thanh/s65tr/,Vietnam,제품 상세 (PDP),87
https://www.lg.com/vn/dan-am-thanh/loa-thanh/sc9s/,Vietnam,제품 상세 (PDP),84
https://www.lg.com/vn/dan-am-thanh/loa-thanh/s30a/,Vietnam,제품 상세 (PDP),87
https://www.lg.com/vn/man-hinh-phong-cach/bo-suu-tap-objet-pose/55lx1tpsa/,Vietnam,제품 상세 (PDP),81
https://www.lg.com/vn/dan-am-thanh/xboom/buds/,Vietnam,제품 상세 (PDP),87
https://www.lg.com/vn/dan-am-thanh/xboom-bluetooth-speakers/xboom-mini/,Vietnam,제품 상세 (PDP),84
https://www.lg.com/vn/man-hinh-phong-cach/stanbyme/27lx6tdga/,Vietnam,제품 상세 (PDP),81
https://www.lg.com/vn/man-hinh-may-tinh/man-hinh-da-nhiem-ultrawide/26wq500-b/,Vietnam,제품 상세 (PDP),84
https://www.lg.com/vn/man-hinh-phong-cach/stanbyme-go/27lx5qkna/,Vietnam,제품 상세 (PDP),81
https://www.lg.com/vn/man-hinh-phong-cach/stanbyme/32lx6bdga/,Vietnam,제품 상세 (PDP),84
https://www.lg.com/vn/man-hinh-phong-cach/stanbyme/27art10ckpl/,Vietnam,제품 상세 (PDP),84
https://www.lg.com/vn/man-hinh-may-tinh/man-hinh-da-nhiem-ultrawide/29wq600-w/,Vietnam,제품 상세 (PDP),84
https://www.lg.com/vn/man-hinh-may-tinh/man-hinh-da-nhiem-ultrawide/29u531a-w/,Vietnam,제품 상세 (PDP),84
https://www.lg.com/vn/man-hinh-may-tinh/man-hinh-da-nhiem-ultrawide/34wr55qk-b/,Vietnam,제품 상세 (PDP),84
https://www.lg.com/vn/tu-lanh/tu-lanh-french-door/f40bg/,Vietnam,제품 상세 (PDP),90
https://www.lg.com/vn/man-hinh-may-tinh/man-hinh-da-nhiem-ultrawide/29u511a-b/,Vietnam,제품 상세 (PDP),84
https://www.lg.com/vn/tu-lanh/tu-dong/c30wh/,Vietnam,제품 상세 (PDP),87
https://www.lg.com/vn/tu-lanh/tu-dong/lof16bgm/,Vietnam,제품 상세 (PDP),87
https://www.lg.com/vn/tu-lanh/tu-lanh-french-door/f50bg/,Vietnam,제품 상세 (PDP),90
https://www.lg.com/vn/tu-lanh/tu-lanh-french-door/f51eg/,Vietnam,제품 상세 (PDP),84
https://www.lg.com/vn/man-hinh-may-tinh/man-hinh-da-nhiem-ultrawide/34wr55qc-b/,Vietnam,제품 상세 (PDP),81
https://www.lg.com/vn/man-hinh-may-tinh/man-hinh-da-nhiem-ultrawide/34u511a-b/,Vietnam,제품 상세 (PDP),84
https://www.lg.com/vn/man-hinh-may-tinh/man-hinh-da-nhiem-ultrawide/29wq500-b/,Vietnam,제품 상세 (PDP),87
https://www.lg.com/vn/tu-lanh/tu-lanh-french-door/lfb47svm/,Vietnam,제품 상세 (PDP),87
https://www.lg.com/vn/tu-lanh/tu-lanh-french-door/gr-b50bl/,Vietnam,제품 상세 (PDP),87
https://www.lg.com/vn/tu-lanh/tu-lanh-french-door/gr-x257js/,Vietnam,제품 상세 (PDP),81
https://www.lg.com/vn/tu-lanh/tu-lanh-french-door/lfb47blg/,Vietnam,제품 상세 (PDP),87
https://www.lg.com/vn/tu-lanh/tu-lanh-french-door/gr-q257mc/,Vietnam,제품 상세 (PDP),81
https://www.lg.com/vn/tu-lanh/tu-lanh-french-door/f53egr/,Vietnam,제품 상세 (PDP),88
https://www.lg.com/vn/tu-lanh/tu-lanh-french-door/lfb58blma/,Vietnam,제품 상세 (PDP),84
https://www.lg.com/vn/tu-lanh/tu-lanh-french-door/lfd58blma/,Vietnam,제품 상세 (PDP),84
https://www.lg.com/vn/tu-lanh/tu-lanh-french-door/lfd58blmai/,Vietnam,제품 상세 (PDP),84
https://www.lg.com/vn/tu-lanh/tu-lanh-french-door/lfd61blga/,Vietnam,제품 상세 (PDP),84
https://www.lg.com/vn/giat-say/fv1413s3wa/,Vietnam,제품 상세 (PDP),84
https://www.lg.com/vn/tu-lanh/tu-lanh-instaview/gr-x257bl/,Vietnam,제품 상세 (PDP),84
https://www.lg.com/vn/tu-lanh/tu-lanh-instaview/gr-g257bl/,Vietnam,제품 상세 (PDP),84
https://www.lg.com/vn/tu-lanh/tu-lanh-instaview/gr-g257sv/,Vietnam,제품 상세 (PDP),84
https://www.lg.com/vn/giat-say/fv1413h3ba/,Vietnam,제품 상세 (PDP),84
https://www.lg.com/vn/may-giat-say-cong-nghiep/may-giat-cong-nghiep/cwt29mdors/,Vietnam,제품 상세 (PDP),90
https://www.lg.com/vn/may-giat-say-cong-nghiep/may-giat-cong-nghiep/cwg27mdqrs/,Vietnam,제품 상세 (PDP),87
https://www.lg.com/vn/tu-lanh/tu-lanh-instaview/lfb61blgai/,Vietnam,제품 상세 (PDP),84
https://www.lg.com/vn/tu-lanh/tu-lanh-instaview/lbb33bgmai/,Vietnam,제품 상세 (PDP),84
https://www.lg.com/vn/tu-lanh/tu-lanh-instaview/lfd61blgai/,Vietnam,제품 상세 (PDP),84
https://www.lg.com/vn/tu-lanh/tu-lanh-instaview/lfb53blmi/,Vietnam,제품 상세 (PDP),84
https://www.lg.com/vn/tu-lanh/tu-lanh-instaview/gr-x257mc/,Vietnam,제품 상세 (PDP),84
https://www.lg.com/vn/tu-lanh/tu-lanh-instaview/gr-x257bg/,Vietnam,제품 상세 (PDP),84
https://www.lg.com/vn/giat-say/may-giat-long-dung/t2310vbtn/,Vietnam,제품 상세 (PDP),84
https://www.lg.com/vn/may-giat-say-cong-nghiep/tat-ca-may-giat-say-cong-nghiep/cwg27-cdt27s/,Vietnam,제품 상세 (PDP),87
https://www.lg.com/vn/giat-say/may-giat-long-dung/t2310vs2b/,Vietnam,제품 상세 (PDP),84
https://www.lg.com/vn/may-giat-say-cong-nghiep/tat-ca-may-giat-say-cong-nghiep/cwt29md-cdt29me/,Vietnam,제품 상세 (PDP),90
https://www.lg.com/vn/may-giat-say-cong-nghiep/tat-ca-may-giat-say-cong-nghiep/cwg27-cdg27/,Vietnam,제품 상세 (PDP),87
https://www.lg.com/vn/may-giat-say-cong-nghiep/may-say-cong-nghiep/cdt29muops/,Vietnam,제품 상세 (PDP),87
https://www.lg.com/vn/giat-say/may-giat-long-dung/t2109nt1g/,Vietnam,제품 상세 (PDP),87
https://www.lg.com/vn/may-giat-say-cong-nghiep/tat-ca-may-giat-say-cong-nghiep/cwt29md-cdt29os/,Vietnam,제품 상세 (PDP),84
https://www.lg.com/vn/may-giat-say-cong-nghiep/may-say-cong-nghiep/cdg27ruqps/,Vietnam,제품 상세 (PDP),87
https://www.lg.com/vn/may-giat-say-cong-nghiep/may-say-cong-nghiep/cdt29muqes/,Vietnam,제품 상세 (PDP),87
https://www.lg.com/vn/giat-say/may-giat-long-dung/t2313dx5n/,Vietnam,제품 상세 (PDP),84
https://www.lg.com/vn/may-giat-say-cong-nghiep/tat-ca-may-giat-say-cong-nghiep/cwt29md-cdt29mu/,Vietnam,제품 상세 (PDP),90
https://www.lg.com/vn/giat-say/may-giat-long-dung/t2315dx5g/,Vietnam,제품 상세 (PDP),84
https://www.lg.com/vn/giat-say/may-giat-long-dung/t2314dx5g/,Vietnam,제품 상세 (PDP),84
https://www.lg.com/vn/giat-say/may-giat-long-dung/t2511vbtb/,Vietnam,제품 상세 (PDP),84
https://www.lg.com/vn/giat-say/may-giat-long-dung/t2520ax7g/,Vietnam,제품 상세 (PDP),84
https://www.lg.com/vn/giat-say/may-giat-long-dung/t2522ax7g/,Vietnam,제품 상세 (PDP),88
https://www.lg.com/vn/giat-say/may-giat-long-dung/t2515vbtb/,Vietnam,제품 상세 (PDP),84
https://www.lg.com/vn/may-rua-bat/lbga10-abae/,Vietnam,제품 상세 (PDP),81
https://www.lg.com/vn/giat-say/may-giat-long-dung/t2519sx5g/,Vietnam,제품 상세 (PDP),88
https://www.lg.com/vn/giat-say/may-giat-long-dung/t2350vsab/,Vietnam,제품 상세 (PDP),87
https://www.lg.com/vn/giat-say/may-giat-long-dung/t2725sx5g/,Vietnam,제품 상세 (PDP),88
https://www.lg.com/vn/giat-say/may-giat-long-dung/t2516dx5g/,Vietnam,제품 상세 (PDP),84
https://www.lg.com/vn/dieu-hoa-dan-dung/may-dieu-hoa/b13end1/,Vietnam,제품 상세 (PDP),81
https://www.lg.com/vn/dieu-hoa-dan-dung/may-dieu-hoa/b10end1/,Vietnam,제품 상세 (PDP),78
https://www.lg.com/vn/may-rua-bat/ldt14bsa4/,Vietnam,제품 상세 (PDP),84
https://www.lg.com/vn/may-rua-bat/ldt14sva4/,Vietnam,제품 상세 (PDP),84
https://www.lg.com/vn/dieu-hoa-dan-dung/may-dieu-hoa/b24end1/,Vietnam,제품 상세 (PDP),81
https://www.lg.com/vn/may-rua-bat/ldn14bla5/,Vietnam,제품 상세 (PDP),84
https://www.lg.com/vn/may-rua-bat/ldt14bla4/,Vietnam,제품 상세 (PDP),84
https://www.lg.com/vn/may-rua-bat/ldt14bga3/,Vietnam,제품 상세 (PDP),84
https://www.lg.com/vn/dieu-hoa-dan-dung/may-dieu-hoa/v10apfuv/,Vietnam,제품 상세 (PDP),78
https://www.lg.com/vn/dieu-hoa-dan-dung/may-dieu-hoa/v10api1/,Vietnam,제품 상세 (PDP),78
https://www.lg.com/vn/dieu-hoa-dan-dung/may-dieu-hoa/v13api1/,Vietnam,제품 상세 (PDP),78
https://www.lg.com/vn/cham-soc-khong-khi/may-hut-am/md16gqse0/,Vietnam,제품 상세 (PDP),87
https://www.lg.com/vn/cham-soc-khong-khi/may-hut-am/dd23gmwe1/,Vietnam,제품 상세 (PDP),84
https://www.lg.com/vn/dieu-hoa-dan-dung/may-dieu-hoa/v18api1/,Vietnam,제품 상세 (PDP),78
https://www.lg.com/vn/giai-phap-khong-khi/phu-kien-khau-trang-loc-khi/aaa30314302/,Vietnam,제품 상세 (PDP),78
https://www.lg.com/vn/giai-phap-khong-khi/phu-kien-khau-trang-loc-khi/aaa30313606/,Vietnam,제품 상세 (PDP),81
https://www.lg.com/vn/cham-soc-khong-khi/may-hut-am/dd20gmwe1/,Vietnam,제품 상세 (PDP),84
https://www.lg.com/vn/giai-phap-khong-khi/phu-kien-khau-trang-loc-khi/aaa30313602/,Vietnam,제품 상세 (PDP),78
https://www.lg.com/vn/giai-phap-khong-khi/phu-kien-khau-trang-loc-khi/aaa30224204/,Vietnam,제품 상세 (PDP),77
https://www.lg.com/vn/cham-soc-khong-khi/may-hut-am/md19gqge0/,Vietnam,제품 상세 (PDP),87
https://www.lg.com/vn/giai-phap-khong-khi/phu-kien-khau-trang-loc-khi/aaa30314306/,Vietnam,제품 상세 (PDP),81
https://www.lg.com/vn/giai-phap-khong-khi/phu-kien-khau-trang-loc-khi/aaa30321202/,Vietnam,제품 상세 (PDP),75
https://www.lg.com/vn/giai-phap-khong-khi/phu-kien-khau-trang-loc-khi/adq75153437/,Vietnam,제품 상세 (PDP),84
https://www.lg.com/vn/giai-phap-khong-khi/phu-kien-khau-trang-loc-khi/aaa30321301/,Vietnam,제품 상세 (PDP),77
https://www.lg.com/vn/giai-phap-khong-khi/phu-kien-khau-trang-loc-khi/aaa30314307/,Vietnam,제품 상세 (PDP),81
https://www.lg.com/vn/lo-vi-song/ms2535gik/,Vietnam,제품 상세 (PDP),84
https://www.lg.com/vn/lo-vi-song/ms2032gik/,Vietnam,제품 상세 (PDP),87
https://www.lg.com/vn/may-hut-bui/may-hut-bui-cam-day/vk7317ghtpr/,Vietnam,제품 상세 (PDP),84
https://www.lg.com/vn/may-hut-bui/may-hut-bui-cam-day/vc3316gnd/,Vietnam,제품 상세 (PDP),84
https://www.lg.com/vn/may-hut-bui/may-hut-bui-cam-day/vk7317ghtpb/,Vietnam,제품 상세 (PDP),84
https://www.lg.com/vn/may-hut-bui/may-hut-bui-cam-day/vc5420ghaq/,Vietnam,제품 상세 (PDP),84
https://www.lg.com/vn/lo-vi-song/ms3032jas/,Vietnam,제품 상세 (PDP),87
https://www.lg.com/vn/giai-phap-khong-khi/phu-kien-khau-trang-loc-khi/adq75797702/,Vietnam,제품 상세 (PDP),81
https://www.lg.com/vn/giai-phap-khong-khi/phu-kien-khau-trang-loc-khi/adq75797708/,Vietnam,제품 상세 (PDP),77
https://www.lg.com/vn/lo-vi-song/ms2032gas/,Vietnam,제품 상세 (PDP),87
https://www.lg.com/vn/may-hut-bui/may-hut-bui-cam-tay/a9k-max/,Vietnam,제품 상세 (PDP),87
https://www.lg.com/vn/may-hut-bui/may-hut-bui-cam-tay/a9t-corecg/,Vietnam,제품 상세 (PDP),87
https://www.lg.com/vn/may-hut-bui/phu-kien-may-hut-bui/eay64470404/,Vietnam,제품 상세 (PDP),84
https://www.lg.com/vn/may-hut-bui/phu-kien-may-hut-bui/adq75393702/,Vietnam,제품 상세 (PDP),81
https://www.lg.com/vn/may-hut-bui/may-hut-bui-cam-day/vk8320ghauq/,Vietnam,제품 상세 (PDP),84
https://www.lg.com/vn/may-hut-bui/may-hut-bui-cam-tay/a9-ace/,Vietnam,제품 상세 (PDP),81
https://www.lg.com/vn/may-hut-bui/may-hut-bui-cam-tay/a9n-max/,Vietnam,제품 상세 (PDP),84
https://www.lg.com/vn/may-hut-bui/phu-kien-may-hut-bui/eac63382208/,Vietnam,제품 상세 (PDP),84
https://www.lg.com/vn/may-hut-bui/phu-kien-may-hut-bui/mfq62362112/,Vietnam,제품 상세 (PDP),77
https://www.lg.com/vn/may-hut-bui/phu-kien-may-hut-bui/adq74873501/,Vietnam,제품 상세 (PDP),81
https://www.lg.com/vn/may-hut-bui/phu-kien-may-hut-bui/adq75798805/,Vietnam,제품 상세 (PDP),81
https://www.lg.com/vn/may-hut-bui/may-hut-bui-cam-tay/a9t-ultra/,Vietnam,제품 상세 (PDP),87
https://www.lg.com/vn/may-hut-bui/may-hut-bui-cam-tay/a9t-lite/,Vietnam,제품 상세 (PDP),87
https://www.lg.com/vn/may-hut-bui/may-hut-bui-cam-tay/a9t-coreeg/,Vietnam,제품 상세 (PDP),87
https://www.lg.com/vn/may-hut-bui/may-hut-bui-cam-day/vk7317ghtps/,Vietnam,제품 상세 (PDP),87
https://www.lg.com/vn/may-hut-bui/may-hut-bui-cam-tay/a9k-ultra/,Vietnam,제품 상세 (PDP),84
https://www.lg.com/vn/may-chieu/cinebeam/hu710pb/,Vietnam,제품 상세 (PDP),84
https://www.lg.com/vn/giai-phap-khong-khi/phu-kien-khau-trang-loc-khi/mdj63904902/,Vietnam,제품 상세 (PDP),77
https://www.lg.com/vn/tai-nghe-khong-day/xboombuds/budslite/,Vietnam,제품 상세 (PDP),87
https://www.lg.com/vn/phu-kien-khac/ajl75313910/,Vietnam,제품 상세 (PDP),84
https://www.lg.com/vn/giai-phap-khong-khi/phu-kien-khau-trang-loc-khi/mdj64424304/,Vietnam,제품 상세 (PDP),84
https://www.lg.com/vn/phu-kien/man-hinh-may-tinh/bo-doi-nguon-day-nguon/eay62768625/,Vietnam,제품 상세 (PDP),87
https://www.lg.com/vn/tu-lanh/tu-lanh-instaview/lfi50blmai/,Vietnam,제품 상세 (PDP),84
https://www.lg.com/vn/man-hinh-may-tinh/man-hinh-da-nhiem-ultrawide/38wr85qc-w/,Vietnam,제품 상세 (PDP),84
https://www.lg.com/vn/giai-phap-khong-khi/phu-kien-khau-trang-loc-khi/mdj64424406/,Vietnam,제품 상세 (PDP),84
https://www.lg.com/vn/dieu-hoa-dan-dung/phu-kien-dieu-hoa/akb74955601/,Vietnam,제품 상세 (PDP),81
https://www.lg.com/vn/cham-soc-khong-khi/may-loc-khong-khi/as10gdby0/,Vietnam,제품 상세 (PDP),84
https://www.lg.com/vn/phu-kien-khac/ead65830122/,Vietnam,제품 상세 (PDP),84
https://www.lg.com/vn/phu-kien-may-tinh/phu-kien-gram/eay63128804/,Vietnam,제품 상세 (PDP),84
https://www.lg.com/vn/man-hinh-may-tinh/man-hinh-do-hoa-ultrafine/24qp500-b/,Vietnam,제품 상세 (PDP),84
https://www.lg.com/vn/tai-nghe-khong-day/xboombuds/budsplus/,Vietnam,제품 상세 (PDP),81
https://www.lg.com/vn/may-chieu/cinebeam/hu715qw/,Vietnam,제품 상세 (PDP),84
https://www.lg.com/vn/tu-lanh/tu-lanh-ngan-da-duoi/lbb33blga/,Vietnam,제품 상세 (PDP),84
https://www.lg.com/vn/man-hinh-may-tinh/man-hinh-do-hoa-ultrafine/24qp550-b/,Vietnam,제품 상세 (PDP),84
https://www.lg.com/vn/giat-say/may-giat-long-dung/tv2514dv3b/,Vietnam,제품 상세 (PDP),84
https://www.lg.com/vn/dieu-hoa-dan-dung/phu-kien-dieu-hoa/akb74955604/,Vietnam,제품 상세 (PDP),84
https://www.lg.com/vn/cham-soc-khong-khi/may-loc-khong-khi/as10gdwh0/,Vietnam,제품 상세 (PDP),81
https://www.lg.com/vn/lg-experience/Rap-chieu-phim-tai-gia-hoan-hao-voi-giai-phap-tu-LG/,Vietnam,LG Experience,81
https://www.lg.com/vn/lg-experience/goi-y-va-meo/cach-chon-kich-thuoc-may-say-phu-hop/,Vietnam,LG Experience,86
https://www.lg.com/vn/lg-experience/Nha-thong-minh-va-giai-phap-cong-nghe-uu-viet-tu-LG/,Vietnam,LG Experience,78
https://www.lg.com/vn/lg-experience/,Vietnam,LG Experience,85
https://www.lg.com/vn/lg-experience/goc-giai-tri-hi-tech-cho-chang/,Vietnam,LG Experience,79
https://www.lg.com/vn/lg-experience/do-dung-cong-nghe-cuoi-tuan/,Vietnam,LG Experience,79
https://www.lg.com/vn/lg-experience/goi-y-va-meo/cach-chon-kich-thuoc-may-giat-tieu-chuan/,Vietnam,LG Experience,86
https://www.lg.com/vn/lg-experience/goi-y-va-meo/cach-lua-chon-may-giat-tiet-kiem-dien/,Vietnam,LG Experience,86
https://www.lg.com/vn/lg-experience/goi-y-va-meo/cach-lua-chon-tu-lanh-tiet-kiem-dien/,Vietnam,LG Experience,82
https://www.lg.com/vn/lg-experience/goi-y-va-meo/,Vietnam,LG Experience,85
https://www.lg.com/vn/lg-experience/goi-y-va-meo/giai-thich-do-phan-giai-man-hinh-tv/,Vietnam,LG Experience,82
https://www.lg.com/vn/lg-experience/goi-y-va-meo/cach-dieu-chinh-nhiet-do-ngan-mat-ngan-da-tu-lanh/,Vietnam,LG Experience,86
https://www.lg.com/vn/lg-experience/goi-y-va-meo/dat-tu-lanh-va-may-giat-theo-phong-thuy/,Vietnam,LG Experience,86
https://www.lg.com/vn/lg-experience/goi-y-va-meo/giai-thich-loai-man-hinh/,Vietnam,LG Experience,86
https://www.lg.com/vn/lg-experience/goi-y-va-meo/cach-ve-sinh-lo-vi-song/,Vietnam,LG Experience,82
https://www.lg.com/vn/lg-experience/goi-y-va-meo/cach-su-dung-may-giat-tu-dong/,Vietnam,LG Experience,86
https://www.lg.com/vn/lg-experience/goi-y-va-meo/cach-chon-kich-thuoc-tu-lanh-tieu-chuan/,Vietnam,LG Experience,86
https://www.lg.com/vn/lg-experience/home-autom-presourcing/,Vietnam,LG Experience,71
https://www.lg.com/vn/lg-experience/huong-dan-mua-hang/,Vietnam,LG Experience,85
https://www.lg.com/vn/lg-experience/goi-y-va-meo/say-chan-o-nhiet-do-bao-nhieu/,Vietnam,LG Experience,86
https://www.lg.com/vn/lg-experience/goi-y-va-meo/loi-ich-noi-bat-khi-so-huu-may-giat/,Vietnam,LG Experience,86
https://www.lg.com/vn/lg-experience/goi-y-va-meo/may-giat-su-dung-bao-nhieu-watt-va-cach-tiet-kiem-dien/,Vietnam,LG Experience,82
https://www.lg.com/vn/lg-experience/goi-y-va-meo/meo-sap-xep-tu-lanh/,Vietnam,LG Experience,82
https://www.lg.com/vn/lg-experience/goi-y-va-meo/giai-thich-ve-cong-nghe-man-hinh-lg/,Vietnam,LG Experience,82
https://www.lg.com/vn/lg-experience/goi-y-va-meo/giai-thich-ve-loa-thanh/,Vietnam,LG Experience,82
https://www.lg.com/vn/lg-experience/goi-y-va-meo/meo-giat-quan-ao/,Vietnam,LG Experience,79
https://www.lg.com/vn/lg-experience/goi-y-va-meo/man-hinh-phang-va-man-hinh-cong/,Vietnam,LG Experience,86
https://www.lg.com/vn/lg-experience/goi-y-va-meo/lua-chon-tu-lanh-phu-hop-nhat-cho-bep-nha-ban/,Vietnam,LG Experience,86
https://www.lg.com/vn/lg-experience/goi-y-va-meo/huong-dan-ve-nhiet-do-may-giat/,Vietnam,LG Experience,86
https://www.lg.com/vn/lg-experience/goi-y-va-meo/thiet-bi-tiet-kiem-nang-luong-giam-tieu-thu-dien-trong-ngay-trai-dat/,Vietnam,LG Experience,82
https://www.lg.com/vn/lg-experience/huong-dan-bao-tri-may-rua-bat/,Vietnam,LG Experience,79
https://www.lg.com/vn/lg-experience/goi-y-va-meo/tu-lanh-la-gi-va-cach-bao-quan-thuc-pham/,Vietnam,LG Experience,86
https://www.lg.com/vn/lg-experience/goi-y-va-meo/lam-tuong-va-su-that-ve-may-giat-cua-tren/,Vietnam,LG Experience,83
https://www.lg.com/vn/lg-experience/goi-y-va-meo/may-rua-bat-tieu-thu-bao-nhieu-dien-va-nuoc/,Vietnam,LG Experience,82
https://www.lg.com/vn/lg-experience/goi-y-va-meo/huong-dan-mua-va-chon-kich-thuoc-lo-vi-song/,Vietnam,LG Experience,82
https://www.lg.com/vn/lg-experience/goi-y-va-meo/qua-tang-thiet-bi-gia-dung-cho-me-dip-ngay-cua-me/,Vietnam,LG Experience,79
https://www.lg.com/vn/lg-experience/goi-y-va-meo/goi-y-mon-an-lam-bang-lo-vi-song-lg/,Vietnam,LG Experience,79
https://www.lg.com/vn/lg-experience/huong-dan-mua-hang/huong-dan-mua-lo-vi-song/,Vietnam,LG Experience,86
https://www.lg.com/vn/lg-experience/huong-dan-mua-hang/huong-dan-kich-thuoc-tv/,Vietnam,LG Experience,86
https://www.lg.com/vn/lg-experience/huong-dan-mua-hang/huong-dan-mua-dieu-hoa/,Vietnam,LG Experience,86
https://www.lg.com/vn/lg-experience/huong-dan-mua-hang/huong-dan-mua-tv/,Vietnam,LG Experience,86
https://www.lg.com/vn/lg-experience/huong-dan-mua-hang/huong-dan-mua-laptop/,Vietnam,LG Experience,86
https://www.lg.com/vn/lg-experience/huong-dan-mua-hang/huong-dan-mua-may-rua-bat/,Vietnam,LG Experience,86
https://www.lg.com/vn/lg-experience/huong-dan-mua-hang/huong-dan-lua-chon-may-chieu/,Vietnam,LG Experience,86
https://www.lg.com/vn/lg-experience/huong-dan-mua-hang/huong-dan-mua-may-giat/,Vietnam,LG Experience,86
https://www.lg.com/vn/lg-experience/huong-dan-mua-hang/huong-dan-mua-may-say/,Vietnam,LG Experience,86
https://www.lg.com/vn/lg-experience/huong-dan-mua-hang/huong-dan-mua-dieu-ho/,Vietnam,LG Experience,82
https://www.lg.com/vn/lg-experience/huong-dan-mua-hang/vi-sao-lg-nghien-cuu-ve-nuoc/,Vietnam,LG Experience,89
https://www.lg.com/vn/lg-experience/huong-dan-mua-hang/huong-dan-ve-may-suoi-va-dieu-hoa-tiet-kiem-dien/,Vietnam,LG Experience,82
https://www.lg.com/vn/lg-experience/nhung-buoc-tien-cong-nghe-dinh-huong-boi-lg/,Vietnam,LG Experience,78
https://www.lg.com/vn/lg-experience/qua-tang-cong-nghe-dinh-cao-cho-nua-kia-cua-ban/,Vietnam,LG Experience,78
https://www.lg.com/vn/lg-experience/huong-dan-mua-hang/kham-pha-lg-food-science-lab-noi-huong-vi-bat-dau/,Vietnam,LG Experience,86
https://www.lg.com/vn/lg-experience/huong-dan-mua-hang/lg-gui-gam-thong-diep-xanh-qua-tung-nep-hop/,Vietnam,LG Experience,86
https://www.lg.com/vn/lg-experience/may-rua-bat-am-tu-vs-may-rua-bat-doc-lap/,Vietnam,LG Experience,79
https://www.lg.com/vn/lg-experience/huong-dan-mua-hang/huong-dan-ve-sinh-tv/,Vietnam,LG Experience,82
https://www.lg.com/vn/buying-guide/,Vietnam,구매 가이드,67
https://www.lg.com/vn/tivi/oled/oled-buying-guide/,Vietnam,구매 가이드,85
https://www.lg.com/vn/qned-tvs/2021/qned-buying-guide/,Vietnam,구매 가이드,85
https://www.lg.com/vn/lg-thinq/news/how-smart-appliances-can-help-save-energy-and-the-planet/,Vietnam,Microsite,85
https://www.lg.com/vn/lg-thinq/magazine/how-to-make-sure-your-home-is-ready-for-summer/,Vietnam,Microsite,74
https://www.lg.com/vn/tivi/why-lgoled/10years-world-no1-oled/,Vietnam,Microsite,82
https://www.lg.com/vn/tivi/why-lgoled/2023-oled-lineup/,Vietnam,Microsite,81
https://www.lg.com/vn/tivi/why-lgoled/sustainability/,Vietnam,Microsite,82
https://www.lg.com/vn/smart-tv/,Vietnam,Microsite,81
https://www.lg.com/vn/qned-tvs/2021/cinema/,Vietnam,Microsite,85
https://www.lg.com/vn/tvs/ti-vi-oled/oled-reliability/,Vietnam,Microsite,81
https://www.lg.com/vn/lgnanocell/main/,Vietnam,Microsite,78
https://www.lg.com/vn/ti-vi-oled/2021/cinema/,Vietnam,Microsite,85
https://www.lg.com/vn/tivi-man-hinh-lon/,Vietnam,Microsite,78
https://www.lg.com/vn/huong-dan-mua-man-hinh-ultragear/,Vietnam,Microsite,86
https://www.lg.com/vn/huong-dan-mua-man-hinh-may-tinh/,Vietnam,Microsite,78
https://www.lg.com/vn/soundbars/eco-minded-soundbars/,Vietnam,Microsite,85
https://www.lg.com/vn/tu-lanh/catalogue/,Vietnam,Microsite,70
https://www.lg.com/vn/why-lgoled/cinema/,Vietnam,Microsite,82
https://www.lg.com/vn/man-hinh-may-tinh/kham-pha-man-hinh-thong-minh-lg/,Vietnam,Microsite,79
https://www.lg.com/vn/may-giat-say-washtower/,Vietnam,Microsite,78
https://www.lg.com/vn/may-rua-bat/catalogue/,Vietnam,Microsite,70
https://www.lg.com/vn/may-rua-bat-leaflet/,Vietnam,Microsite,63
https://www.lg.com/vn/washing-machines/twinwash/story/,Vietnam,Microsite,79
https://www.lg.com/vn/them-chu-trinh-giat-nang-cao-de-cham-soc-da-dang-quan-ao/,Vietnam,Microsite,74
https://www.lg.com/vn/washing-machines/twinwash/installation/,Vietnam,Microsite,75
https://www.lg.com/vn/may-giat-va-may-say/,Vietnam,Microsite,78
https://www.lg.com/vn/steamwashingmachine/,Vietnam,Microsite,81
https://www.lg.com/vn/lo-vi-song-leaflet/,Vietnam,Microsite,70
https://www.lg.com/vn/dieu-hoa/air-conditioners-an-efficient-home-heating-solution/,Vietnam,Microsite,78
https://www.lg.com/vn/dieu-hoa/cach-su-dung-dieu-hoa-hieu-qua/,Vietnam,Microsite,89
https://www.lg.com/vn/dieu-hoa/cai-dat-nhiet-do-ly-tuong-cho-dieu-hoa-khong-khi/,Vietnam,Microsite,85
https://www.lg.com/vn/dieu-hoa/lg-dualcool-ai/,Vietnam,Microsite,86
https://www.lg.com/vn/better-choice-for-air-solution/,Vietnam,Microsite,82
https://www.lg.com/vn/uu-dai-dieu-hoa-va-may-loc-khong-khi-lg/,Vietnam,Microsite,70
https://www.lg.com/vn/dieu-hoa/huong-dan-mua-dieu-hoa/,Vietnam,Microsite,86
https://www.lg.com/vn/better-choice/,Vietnam,Microsite,79
https://www.lg.com/vn/better-choice-better-world/,Vietnam,Microsite,81
https://www.lg.com/vn/compare-results/,Vietnam,Microsite,70
https://www.lg.com/vn/chuong-trinh-khuyen-mai-cho-chu-the-doi-tac/,Vietnam,Microsite,70
https://www.lg.com/vn/cam-nang-lg-thinq/,Vietnam,Microsite,78
https://www.lg.com/vn/cart-details/,Vietnam,Microsite,63
https://www.lg.com/vn/brandshop/,Vietnam,Microsite,71
https://www.lg.com/vn/better-choice-challenge/,Vietnam,Microsite,81
https://www.lg.com/vn/better-choice-for-home/,Vietnam,Microsite,75
https://www.lg.com/vn/ces2023/aerotower-air-purifying/,Vietnam,Microsite,85
https://www.lg.com/vn/chuyen-vien-tu-van-lg/,Vietnam,Microsite,67
https://www.lg.com/vn/chuong-trinh-cham-soc-khach-hang-vip/,Vietnam,Microsite,81
https://www.lg.com/vn/co-hoi-nghe-nghiep/tuyen-dung-giam-doc-mua-hang/,Vietnam,Microsite,81
https://www.lg.com/vn/chinhsachmuahangvadoitra/,Vietnam,Microsite,85
https://www.lg.com/vn/better-choice-for-living/,Vietnam,Microsite,79
https://www.lg.com/vn/cham-dieu-ruc-ro/,Vietnam,Microsite,81
https://www.lg.com/vn/dan-am-thanh/cinebeam/,Vietnam,제품 카테고리 (PLP),61
https://www.lg.com/vn/dan-am-thanh/loa-bluetooth/,Vietnam,제품 카테고리 (PLP),82
https://www.lg.com/vn/dan-am-thanh/dan-am-thanh/,Vietnam,제품 카테고리 (PLP),61
https://www.lg.com/vn/dan-am-thanh/all-soundbars/,Vietnam,제품 카테고리 (PLP),86
https://www.lg.com/vn/man-hinh-phong-cach/,Vietnam,제품 카테고리 (PLP),79
https://www.lg.com/vn/man-hinh-may-tinh/,Vietnam,제품 카테고리 (PLP),79
https://www.lg.com/vn/refrigerators/,Vietnam,제품 카테고리 (PLP),83
https://www.lg.com/vn/speakers/,Vietnam,제품 카테고리 (PLP),61
https://www.lg.com/vn/man-hinh-phong-cach/bo-suu-tap-objet-pose/,Vietnam,제품 카테고리 (PLP),86
https://www.lg.com/vn/speakers/loa-di-dong/,Vietnam,제품 카테고리 (PLP),61
https://www.lg.com/vn/man-hinh-may-tinh/man-hinh-do-hoa-art-collection/,Vietnam,제품 카테고리 (PLP),64
https://www.lg.com/vn/man-hinh-phong-cach/man-hinh-di-dong-swing/,Vietnam,제품 카테고리 (PLP),86
https://www.lg.com/vn/man-hinh-may-tinh/man-hinh-da-nhiem-ultrawide/,Vietnam,제품 카테고리 (PLP),86
https://www.lg.com/vn/tv-va-loa-thanh/,Vietnam,제품 카테고리 (PLP),86
https://www.lg.com/vn/tu-lanh/,Vietnam,제품 카테고리 (PLP),83
https://www.lg.com/vn/refrigerators/multi-door/,Vietnam,제품 카테고리 (PLP),79
https://www.lg.com/vn/tu-lanh/phu-kien-tu-lanh/,Vietnam,제품 카테고리 (PLP),75
https://www.lg.com/vn/dieu-hoa/,Vietnam,제품 카테고리 (PLP),82
https://www.lg.com/vn/may-rua-bat/,Vietnam,제품 카테고리 (PLP),86
https://www.lg.com/vn/may-giat-say-cong-nghiep/giai-phap-giat-say-thong-minh/,Vietnam,제품 카테고리 (PLP),82
https://www.lg.com/vn/giat-say/front-load-drum/,Vietnam,제품 카테고리 (PLP),61
https://www.lg.com/vn/phu-kiun-may-hut-bui-may-rua-bat/,Vietnam,제품 카테고리 (PLP),61
https://www.lg.com/vn/may-giat-say-cong-nghiep/,Vietnam,제품 카테고리 (PLP),86
https://www.lg.com/vn/tu-lanh/tat-ca-tu-lanh/?ec_ft_06517458=Máy_nén_biến_tần_thông_minh,Vietnam,제품 카테고리 (PLP),86
https://www.lg.com/vn/tu-lanh/tat-ca-tu-lanh/?ec_ft_06517460=InstaView,Vietnam,제품 카테고리 (PLP),86
https://www.lg.com/vn/tu-lanh/tat-ca-tu-lanh/?ec_ft_06517460=Door-in-Door,Vietnam,제품 카테고리 (PLP),86
https://www.lg.com/vn/tu-lanh/tat-ca-tu-lanh/?ec_ft_06517453=ThinQ_(Wi-Fi),Vietnam,제품 카테고리 (PLP),86
https://www.lg.com/vn/tu-lanh/tat-ca-tu-lanh/,Vietnam,제품 카테고리 (PLP),86
https://www.lg.com/vn/giat-say/,Vietnam,제품 카테고리 (PLP),83
https://www.lg.com/vn/cham-soc-khong-khi/,Vietnam,제품 카테고리 (PLP),79
https://www.lg.com/vn/giai-phap-khong-khi/,Vietnam,제품 카테고리 (PLP),61
https://www.lg.com/vn/giai-phap-khong-khi/phu-kien-may-loc-khong-khi/,Vietnam,제품 카테고리 (PLP),61
https://www.lg.com/vn/giai-phap-khong-khi/may-loc-khong-khi/,Vietnam,제품 카테고리 (PLP),64
https://www.lg.com/vn/dieu-hoa/dieu-hoa/,Vietnam,제품 카테고리 (PLP),79
https://www.lg.com/vn/cham-soc-khong-khi/may-hut-am/,Vietnam,제품 카테고리 (PLP),86
https://www.lg.com/vn/giai-phap-khong-khi/phu-kien-khau-trang-loc-khi/,Vietnam,제품 카테고리 (PLP),64
https://www.lg.com/vn/cham-soc-khong-khi/tat-ca-cham-soc-khong-khi/,Vietnam,제품 카테고리 (PLP),86
https://www.lg.com/vn/cham-soc-khong-khi/may-loc-khong-khi/,Vietnam,제품 카테고리 (PLP),86
https://www.lg.com/vn/lo-vi-song/,Vietnam,제품 카테고리 (PLP),83
https://www.lg.com/vn/may-hut-bui/may-hut-bui-cam-day/,Vietnam,제품 카테고리 (PLP),86
https://www.lg.com/vn/may-hut-bui/may-hut-bui-cam-tay/,Vietnam,제품 카테고리 (PLP),86
https://www.lg.com/vn/account-integration/,Vietnam,제품 카테고리 (PLP),61
https://www.lg.com/vn/may-hut-bui/,Vietnam,제품 카테고리 (PLP),86
https://www.lg.com/vn/dieu-hoa-dan-dung/,Vietnam,제품 카테고리 (PLP),61
https://www.lg.com/vn/may-hut-bui/phu-kien-may-hut-bui/,Vietnam,제품 카테고리 (PLP),79
https://www.lg.com/vn/lo-vi-song/lo-vi-song/,Vietnam,제품 카테고리 (PLP),64
https://www.lg.com/vn/may-hut-bui/may-say-cong-nghiep/,Vietnam,제품 카테고리 (PLP),61
https://www.lg.com/vn/may-dieu-hoa/,Vietnam,제품 카테고리 (PLP),61
https://www.lg.com/vn/bo-doi-tv-loa-thanh/,Vietnam,제품 카테고리 (PLP),79
https://www.lg.com/vn/tro-giup/ho-tro-san-pham/khac-phuc-su-co/help-library/cs-CT52001451-20155028349634/,Vietnam,Support - Troubleshoot,82
https://www.lg.com/vn/tro-giup/ho-tro-san-pham/khac-phuc-su-co/help-library/cs-CT52001451-20152940974134/,Vietnam,Support - Troubleshoot,82
https://www.lg.com/vn/tro-giup/ho-tro-san-pham/khac-phuc-su-co/help-library/cs-CT52001451-20155255793703/,Vietnam,Support - Troubleshoot,82
https://www.lg.com/vn/tro-giup/ho-tro-san-pham/khac-phuc-su-co/help-library/cs-CT52001451-20155102802037/,Vietnam,Support - Troubleshoot,82
https://www.lg.com/vn/tro-giup/ho-tro-san-pham/khac-phuc-su-co/help-library/cs-CT52001452-20155048198576/,Vietnam,Support - Troubleshoot,82
https://www.lg.com/vn/tro-giup/ho-tro-san-pham/khac-phuc-su-co/help-library/cs-CT52001451-20155029323585/,Vietnam,Support - Troubleshoot,82
https://www.lg.com/vn/tro-giup/ho-tro-san-pham/khac-phuc-su-co/help-library/cs-CT52001451-20155004256211/,Vietnam,Support - Troubleshoot,82
https://www.lg.com/vn/tro-giup/ho-tro-san-pham/khac-phuc-su-co/help-library/cs-CT32012582-20155117737831,Vietnam,Support - Troubleshoot,82
https://www.lg.com/vn/tro-giup/ho-tro-san-pham/khac-phuc-su-co/help-library/cs-CT32015582-20155104844850,Vietnam,Support - Troubleshoot,82
https://www.lg.com/vn/tro-giup/ho-tro-san-pham/khac-phuc-su-co/help-library/cs-CT52001452-20155297259457/,Vietnam,Support - Troubleshoot,82
https://www.lg.com/vn/tro-giup/ho-tro-san-pham/khac-phuc-su-co/help-library/cs-CT52001452-20155304392472/,Vietnam,Support - Troubleshoot,82
https://www.lg.com/vn/tro-giup/ho-tro-san-pham/khac-phuc-su-co/help-library/cs-CT32012582-20155048193118,Vietnam,Support - Troubleshoot,82
https://www.lg.com/vn/tro-giup/ho-tro-san-pham/khac-phuc-su-co/help-library/cs-CT32012582-20155060949611,Vietnam,Support - Troubleshoot,82
https://www.lg.com/vn/tro-giup/ho-tro-san-pham/khac-phuc-su-co/help-library/cs-CT52001451-20155103101985/,Vietnam,Support - Troubleshoot,82
https://www.lg.com/vn/tro-giup/ho-tro-san-pham/khac-phuc-su-co/help-library/cs-CT52001451-20155377740669/,Vietnam,Support - Troubleshoot,82
https://www.lg.com/vn/tro-giup/ho-tro-san-pham/khac-phuc-su-co/help-library/cs-CT52001450-20155105903674,Vietnam,Support - Troubleshoot,82
https://www.lg.com/vn/tro-giup/ho-tro-san-pham/khac-phuc-su-co/help-library/cs-CT52001451-20155101722942/,Vietnam,Support - Troubleshoot,82
https://www.lg.com/vn/tro-giup/ho-tro-san-pham/khac-phuc-su-co/help-library/cs-CT32015582-20155069781221,Vietnam,Support - Troubleshoot,82
https://www.lg.com/vn/tro-giup/ho-tro-san-pham/khac-phuc-su-co/help-library/cs-CT52001450-20155130449019,Vietnam,Support - Troubleshoot,82
https://www.lg.com/vn/tro-giup/ho-tro-san-pham/khac-phuc-su-co/help-library/cs-CT52001450-20155377724013,Vietnam,Support - Troubleshoot,82
https://www.lg.com/vn/tro-giup/ho-tro-san-pham/khac-phuc-su-co/help-library/cs-CT52001451-20155103114569/,Vietnam,Support - Troubleshoot,82
https://www.lg.com/vn/tro-giup/ho-tro-san-pham/khac-phuc-su-co/help-library/cs-CT52001453-20155410299212/,Vietnam,Support - Troubleshoot,82
https://www.lg.com/vn/tro-giup/ho-tro-san-pham/khac-phuc-su-co/help-library/cs-CT52001451-20155105958736/,Vietnam,Support - Troubleshoot,82
https://www.lg.com/vn/tro-giup/ho-tro-san-pham/khac-phuc-su-co/help-library/cs-CT52001450-20155063963359,Vietnam,Support - Troubleshoot,82
https://www.lg.com/vn/tro-giup/ho-tro-san-pham/khac-phuc-su-co/help-library/cs-CT52001450-20155115745225,Vietnam,Support - Troubleshoot,82
https://www.lg.com/vn/tro-giup/ho-tro-san-pham/khac-phuc-su-co/help-library/cs-CT52001453-20155381409648/,Vietnam,Support - Troubleshoot,82
https://www.lg.com/vn/tro-giup/ho-tro-san-pham/khac-phuc-su-co/help-library/cs-CT52001453-20155311250480/,Vietnam,Support - Troubleshoot,82
https://www.lg.com/vn/tro-giup/ho-tro-san-pham/khac-phuc-su-co/help-library/cs-CT52001453-20155410117264/,Vietnam,Support - Troubleshoot,82
https://www.lg.com/vn/tro-giup/ho-tro-san-pham/khac-phuc-su-co/help-library/cs-CT52001451-20155028326077/,Vietnam,Support - Troubleshoot,82
https://www.lg.com/vn/tro-giup/ho-tro-san-pham/khac-phuc-su-co/help-library/cs-CT52001452-20155366428870/,Vietnam,Support - Troubleshoot,82
https://www.lg.com/vn/tro-giup/ho-tro-san-pham/khac-phuc-su-co/help-library/cs-CT52001451-20155352262364/,Vietnam,Support - Troubleshoot,82
https://www.lg.com/vn/tro-giup/ho-tro-san-pham/khac-phuc-su-co/help-library/cs-CT52001451-20155102825706/,Vietnam,Support - Troubleshoot,82
https://www.lg.com/vn/tro-giup/ho-tro-san-pham/khac-phuc-su-co/help-library/cs-CT52001453-20155268430200/,Vietnam,Support - Troubleshoot,82
https://www.lg.com/vn/tro-giup/ho-tro-san-pham/khac-phuc-su-co/help-library/cs-CT52001453-20155028298643/,Vietnam,Support - Troubleshoot,82
https://www.lg.com/vn/tro-giup/ho-tro-san-pham/khac-phuc-su-co/help-library/cs-CT52001451-20155379440644/,Vietnam,Support - Troubleshoot,82
https://www.lg.com/vn/tro-giup/ho-tro-san-pham/khac-phuc-su-co/help-library/cs-CT52001451-20155027808547/,Vietnam,Support - Troubleshoot,82
https://www.lg.com/vn/tro-giup/ho-tro-san-pham/khac-phuc-su-co/help-library/cs-CT52001451-20155021168532/,Vietnam,Support - Troubleshoot,82
https://www.lg.com/vn/tro-giup/ho-tro-san-pham/khac-phuc-su-co/help-library/cs-CT52001450-20155154194138,Vietnam,Support - Troubleshoot,82
https://www.lg.com/vn/tro-giup/ho-tro-san-pham/khac-phuc-su-co/help-library/cs-CT52001453-20155105903304/,Vietnam,Support - Troubleshoot,82
https://www.lg.com/vn/tro-giup/ho-tro-san-pham/khac-phuc-su-co/help-library/cs-CT52001450-20152940974120/,Vietnam,Support - Troubleshoot,82
https://www.lg.com/vn/tro-giup/ho-tro-san-pham/khac-phuc-su-co/help-library/cs-CT52001453-20155268094238/,Vietnam,Support - Troubleshoot,82
https://www.lg.com/vn/tro-giup/ho-tro-san-pham/khac-phuc-su-co/help-library/cs-CT52001452-20155118509883/,Vietnam,Support - Troubleshoot,82
https://www.lg.com/vn/tro-giup/ho-tro-san-pham/khac-phuc-su-co/help-library/cs-CT52001453-20155409998420/,Vietnam,Support - Troubleshoot,82
https://www.lg.com/vn/tro-giup/ho-tro-san-pham/khac-phuc-su-co/help-library/cs-CT52001453-20155311467206/,Vietnam,Support - Troubleshoot,82
https://www.lg.com/vn/tro-giup/ho-tro-san-pham/khac-phuc-su-co/help-library/cs-CT52001451-20155048219498/,Vietnam,Support - Troubleshoot,82
https://www.lg.com/vn/tro-giup/ho-tro-san-pham/khac-phuc-su-co/help-library/cs-CT52001451-20155379611900/,Vietnam,Support - Troubleshoot,82
https://www.lg.com/vn/tro-giup/ho-tro-san-pham/khac-phuc-su-co/help-library/cs-CT52001451-20155114038199/,Vietnam,Support - Troubleshoot,82
https://www.lg.com/vn/tro-giup/ho-tro-san-pham/khac-phuc-su-co/help-library/cs-CT52001451-20155048213973/,Vietnam,Support - Troubleshoot,82
https://www.lg.com/vn/tro-giup/ho-tro-san-pham/khac-phuc-su-co/help-library/cs-CT52001452-20155412582167/,Vietnam,Support - Troubleshoot,82
https://www.lg.com/vn/tro-giup/ho-tro-san-pham/khac-phuc-su-co/help-library/cs-CT52001451-20155102838630/,Vietnam,Support - Troubleshoot,82
https://www.lg.com/vn/tro-giup/ho-tro-san-pham/khac-phuc-su-co/help-library/cs-CT52001451-20155348063962/,Vietnam,Support - Troubleshoot,82
https://www.lg.com/vn/tro-giup/ho-tro-san-pham/khac-phuc-su-co/help-library/cs-CT52001453-20155311302731/,Vietnam,Support - Troubleshoot,82
https://www.lg.com/vn/tro-giup/ho-tro-san-pham/khac-phuc-su-co/help-library/cs-CT52001451-20155412221069,Vietnam,Support - Troubleshoot,82
https://www.lg.com/vn/tro-giup/ho-tro-san-pham/khac-phuc-su-co/help-library/cs-CT52001451-20155102958033/,Vietnam,Support - Troubleshoot,82
https://www.lg.com/vn/tro-giup/ho-tro-san-pham/khac-phuc-su-co/help-library/cs-CT52001453-20155269017995/,Vietnam,Support - Troubleshoot,82
https://www.lg.com/vn/tro-giup/ho-tro-san-pham/khac-phuc-su-co/help-library/cs-CT52001452-20155363608496/,Vietnam,Support - Troubleshoot,82
https://www.lg.com/vn/tro-giup/ho-tro-san-pham/khac-phuc-su-co/help-library/cs-CT52001451-20155101726202/,Vietnam,Support - Troubleshoot,82
https://www.lg.com/vn/tro-giup/ho-tro-san-pham/khac-phuc-su-co/help-library/cs-CT52001451-20155272228532/,Vietnam,Support - Troubleshoot,82
https://www.lg.com/vn/tro-giup/ho-tro-san-pham/khac-phuc-su-co/help-library/cs-CT52001451-20155295257617/,Vietnam,Support - Troubleshoot,82
https://www.lg.com/vn/tro-giup/ho-tro-san-pham/khac-phuc-su-co/help-library/cs-CT52001451-20155102984224/,Vietnam,Support - Troubleshoot,82
https://www.lg.com/vn/tro-giup/ho-tro-san-pham/khac-phuc-su-co/help-library/cs-CT32015582-20155021554514,Vietnam,Support - Troubleshoot,82
https://www.lg.com/vn/tro-giup/ho-tro-san-pham/khac-phuc-su-co/help-library/cs-CT52001451-20155102926072/,Vietnam,Support - Troubleshoot,82
https://www.lg.com/vn/tro-giup/ho-tro-san-pham/khac-phuc-su-co/help-library/cs-CT52001451-20155101752363/,Vietnam,Support - Troubleshoot,82
https://www.lg.com/vn/tro-giup/ho-tro-san-pham/khac-phuc-su-co/help-library/cs-CT52001451-20155179485201/,Vietnam,Support - Troubleshoot,82
https://www.lg.com/vn/tro-giup/ho-tro-san-pham/khac-phuc-su-co/help-library/cs-CT52001453-20155114292926/,Vietnam,Support - Troubleshoot,82
https://www.lg.com/vn/tro-giup/ho-tro-san-pham/khac-phuc-su-co/help-library/cs-CT52001453-20155331411249/,Vietnam,Support - Troubleshoot,82
https://www.lg.com/vn/tro-giup/ho-tro-san-pham/khac-phuc-su-co/help-library/cs-CT52001453-20155014968359/,Vietnam,Support - Troubleshoot,82
https://www.lg.com/vn/tro-giup/ho-tro-san-pham/khac-phuc-su-co/help-library/cs-CT52001453-20155051198490/,Vietnam,Support - Troubleshoot,82
https://www.lg.com/vn/tro-giup/ho-tro-san-pham/khac-phuc-su-co/help-library/cs-CT32015582-20155119015114,Vietnam,Support - Troubleshoot,82
https://www.lg.com/vn/tro-giup/ho-tro-san-pham/khac-phuc-su-co/help-library/cs-CT52001451-20155333898545/,Vietnam,Support - Troubleshoot,82
https://www.lg.com/vn/tro-giup/ho-tro-san-pham/khac-phuc-su-co/help-library/cs-CT52001450-20155019532105,Vietnam,Support - Troubleshoot,82
https://www.lg.com/vn/tro-giup/ho-tro-san-pham/khac-phuc-su-co/help-library/cs-CT52001452-20155198573808/,Vietnam,Support - Troubleshoot,82
https://www.lg.com/vn/tro-giup/ho-tro-san-pham/khac-phuc-su-co/help-library/cs-CT52001452-20155062102779/,Vietnam,Support - Troubleshoot,82
https://www.lg.com/vn/tro-giup/ho-tro-san-pham/khac-phuc-su-co/help-library/cs-CT52001451-20155251420341/,Vietnam,Support - Troubleshoot,82
https://www.lg.com/vn/tro-giup/ho-tro-san-pham/khac-phuc-su-co/help-library/cs-CT52001453-20155410408834/,Vietnam,Support - Troubleshoot,82
https://www.lg.com/vn/tro-giup/ho-tro-san-pham/khac-phuc-su-co/help-library/cs-CT52001450-20154992575281,Vietnam,Support - Troubleshoot,82
https://www.lg.com/vn/tro-giup/ho-tro-san-pham/khac-phuc-su-co/help-library/cs-CT52001453-20155311513384/,Vietnam,Support - Troubleshoot,82
https://www.lg.com/vn/tro-giup/ho-tro-san-pham/khac-phuc-su-co/help-library/cs-CT52001453-20155410264397/,Vietnam,Support - Troubleshoot,82
https://www.lg.com/vn/tro-giup/ho-tro-san-pham/khac-phuc-su-co/help-library/cs-CT52001451-20155102804074/,Vietnam,Support - Troubleshoot,82
https://www.lg.com/vn/tro-giup/ho-tro-san-pham/khac-phuc-su-co/help-library/cs-CT52001451-20155177659387/,Vietnam,Support - Troubleshoot,82
https://www.lg.com/vn/tro-giup/ho-tro-san-pham/khac-phuc-su-co/help-library/cs-CT52001451-20155101726120/,Vietnam,Support - Troubleshoot,82
https://www.lg.com/vn/tro-giup/ho-tro-san-pham/khac-phuc-su-co/help-library/cs-CT52001453-20152942594178/,Vietnam,Support - Troubleshoot,82
https://www.lg.com/vn/tro-giup/ho-tro-san-pham/khac-phuc-su-co/help-library/cs-CT52001453-20155113411585/,Vietnam,Support - Troubleshoot,82
https://www.lg.com/vn/tro-giup/ho-tro-san-pham/khac-phuc-su-co/help-library/cs-CT52001451-20152940974138/,Vietnam,Support - Troubleshoot,82
https://www.lg.com/vn/tro-giup/ho-tro-san-pham/khac-phuc-su-co/help-library/cs-CT32012582-20155060989571,Vietnam,Support - Troubleshoot,82
https://www.lg.com/vn/tro-giup/ho-tro-san-pham/khac-phuc-su-co/help-library/cs-CT52001451-20155272214286/,Vietnam,Support - Troubleshoot,82
https://www.lg.com/vn/tro-giup/ho-tro-san-pham/khac-phuc-su-co/help-library/cs-CT52001451-20155297573334,Vietnam,Support - Troubleshoot,82
https://www.lg.com/vn/tro-giup/ho-tro-san-pham/khac-phuc-su-co/help-library/cs-CT52001453-20155311267099/,Vietnam,Support - Troubleshoot,82
https://www.lg.com/vn/tro-giup/ho-tro-san-pham/khac-phuc-su-co/help-library/cs-CT52001452-20155115753287/,Vietnam,Support - Troubleshoot,82
https://www.lg.com/vn/tro-giup/ho-tro-san-pham/khac-phuc-su-co/help-library/cs-CT52001450-20155155365480,Vietnam,Support - Troubleshoot,82
https://www.lg.com/vn/tro-giup/ho-tro-san-pham/khac-phuc-su-co/help-library/cs-CT52001451-20155209283596/,Vietnam,Support - Troubleshoot,82
https://www.lg.com/vn/tro-giup/ho-tro-san-pham/khac-phuc-su-co/help-library/cs-CT52001453-20154967824397/,Vietnam,Support - Troubleshoot,82
https://www.lg.com/vn/tro-giup/ho-tro-san-pham/khac-phuc-su-co/help-library/cs-CT52001451-20155101720723/,Vietnam,Support - Troubleshoot,82
https://www.lg.com/vn/tro-giup/ho-tro-san-pham/khac-phuc-su-co/help-library/cs-CT52001451-20155102797835/,Vietnam,Support - Troubleshoot,82
https://www.lg.com/vn/tro-giup/ho-tro-san-pham/khac-phuc-su-co/help-library/cs-CT52001451-20155048207534/,Vietnam,Support - Troubleshoot,82
https://www.lg.com/vn/tro-giup/ho-tro-san-pham/khac-phuc-su-co/help-library/cs-CT32015582-20155181430882,Vietnam,Support - Troubleshoot,82
https://www.lg.com/vn/tro-giup/ho-tro-san-pham/khac-phuc-su-co/help-library/cs-CT52001451-20155092741903/,Vietnam,Support - Troubleshoot,82
https://www.lg.com/vn/tro-giup/ho-tro-san-pham/khac-phuc-su-co/help-library/cs-CT52001453-20155219511382/,Vietnam,Support - Troubleshoot,82
https://www.lg.com/vn/tro-giup/ho-tro-san-pham/khac-phuc-su-co/help-library/cs-CT52001452-20155342676241/,Vietnam,Support - Troubleshoot,82
https://www.lg.com/vn/tro-giup/ho-tro-san-pham/khac-phuc-su-co/help-library/cs-CT52001451-20152942594168/,Vietnam,Support - Troubleshoot,82
