url,country,page_type,score
https://www.lg.com/au/air-conditioning/air-conditioner-buying-guide/,Australia,구매 가이드,71
https://www.lg.com/au/appliances/buying-guide/fridge-freezers/,Australia,구매 가이드,61
https://www.lg.com/au/appliances/buying-guide/fridge-freezers/feature-performance/,Australia,구매 가이드,78
https://www.lg.com/au/appliances/buying-guide/fridge-freezers/size-volume/,Australia,구매 가이드,81
https://www.lg.com/au/appliances/buying-guide/fridge-freezers/type/,Australia,구매 가이드,75
https://www.lg.com/au/appliances/buying-guide/washing-machines/,Australia,구매 가이드,61
https://www.lg.com/au/appliances/buying-guide/washing-machines/feature-performance/,Australia,구매 가이드,81
https://www.lg.com/au/appliances/buying-guide/washing-machines/size-capacity/,Australia,구매 가이드,81
https://www.lg.com/au/appliances/buying-guide/washing-machines/type/,Australia,구매 가이드,81
https://www.lg.com/au/microsite-article/ms/it/monitor/buying-guide/,Australia,구매 가이드,61
https://www.lg.com/au/nanocell-tv/buying-guide/,Australia,구매 가이드,74
https://www.lg.com/au/tv-soundbars/qned-buying-guide/,Australia,구매 가이드,74
https://www.lg.com/au/tv-soundbars/tv-buying-guide/,Australia,구매 가이드,71
https://www.lg.com/au/tv-soundbars/tv-buying-guide/lifestyle/,Australia,구매 가이드,66
https://www.lg.com/au/tv-soundbars/tv-buying-guide/tv-size/,Australia,구매 가이드,69
https://www.lg.com/au/tv-soundbars/tv-buying-guide/tv-technology/oled-vs-qned/,Australia,구매 가이드,71
https://www.lg.com/au/tv-soundbars/tv-buying-guide/tv-technology/what-is-4k-tv/,Australia,구매 가이드,74
https://www.lg.com/au/tv-soundbars/tv-buying-guide/what-is-a-smart-tv-ai-tv/,Australia,구매 가이드,71
https://www.lg.com/au/lg-experience/,Australia,LG Experience,77
https://www.lg.com/au/lg-experience/11-years-of-lg-oled-tvs/,Australia,LG Experience,80
https://www.lg.com/au/lg-experience/best-portable-party-speakers/,Australia,LG Experience,77
https://www.lg.com/au/lg-experience/buying-guides/,Australia,LG Experience,77
https://www.lg.com/au/lg-experience/buying-guides/air-conditioner-buying-guide/,Australia,LG Experience,77
https://www.lg.com/au/lg-experience/buying-guides/clothes-dryer-buying-guide/,Australia,LG Experience,77
https://www.lg.com/au/lg-experience/buying-guides/cordless-stick-vs-robot-vacuum/,Australia,LG Experience,77
https://www.lg.com/au/lg-experience/buying-guides/dishwasher-buying-guide/,Australia,LG Experience,77
https://www.lg.com/au/lg-experience/buying-guides/fridge/,Australia,LG Experience,77
https://www.lg.com/au/lg-experience/buying-guides/guide-to-energy-efficient-heaters-and-air-conditioners/,Australia,LG Experience,77
https://www.lg.com/au/lg-experience/buying-guides/heat-pump-vs-condenser-dryer/,Australia,LG Experience,77
https://www.lg.com/au/lg-experience/buying-guides/how-to-choose-a-cooktop/,Australia,LG Experience,77
https://www.lg.com/au/lg-experience/buying-guides/laptop-buying-guide/,Australia,LG Experience,77
https://www.lg.com/au/lg-experience/buying-guides/microwave-buying-guide/,Australia,LG Experience,77
https://www.lg.com/au/lg-experience/buying-guides/notebook-laptop-buying-guide/,Australia,LG Experience,80
https://www.lg.com/au/lg-experience/buying-guides/picking-top-front-load-washing-machine/,Australia,LG Experience,77
https://www.lg.com/au/lg-experience/buying-guides/projector-buying-guide/,Australia,LG Experience,80
https://www.lg.com/au/lg-experience/buying-guides/projector-selection-guide/,Australia,LG Experience,77
https://www.lg.com/au/lg-experience/buying-guides/soundbars-for-lg-tvs/,Australia,LG Experience,73
https://www.lg.com/au/lg-experience/buying-guides/student-laptop/,Australia,LG Experience,77
https://www.lg.com/au/lg-experience/buying-guides/tv-buying-guide/,Australia,LG Experience,74
https://www.lg.com/au/lg-experience/buying-guides/tv-cleaning-guide/,Australia,LG Experience,77
https://www.lg.com/au/lg-experience/buying-guides/tv-size-buying-guide/,Australia,LG Experience,77
https://www.lg.com/au/lg-experience/buying-guides/washing-machine-buying-guide/,Australia,LG Experience,77
https://www.lg.com/au/lg-experience/changes-in-technology/,Australia,LG Experience,77
https://www.lg.com/au/lg-experience/family-movie-night-with-lg-tv/,Australia,LG Experience,77
https://www.lg.com/au/lg-experience/gaming-monitor-size-guide/,Australia,LG Experience,83
https://www.lg.com/au/lg-experience/helpful-hints/,Australia,LG Experience,77
https://www.lg.com/au/lg-experience/helpful-hints/ai-productivity-best-ai-laptops/,Australia,LG Experience,77
https://www.lg.com/au/lg-experience/helpful-hints/ai-tv-for-sound-and-vision/,Australia,LG Experience,77
https://www.lg.com/au/lg-experience/helpful-hints/best-home-appliances-gifts-for-mothers-day/,Australia,LG Experience,73
https://www.lg.com/au/lg-experience/helpful-hints/best-lg-laptop-for-writers/,Australia,LG Experience,77
https://www.lg.com/au/lg-experience/helpful-hints/budget-friendly-monitors/,Australia,LG Experience,77
https://www.lg.com/au/lg-experience/helpful-hints/choosing-the-best-refrigerator-for-your-kitchen/,Australia,LG Experience,77
https://www.lg.com/au/lg-experience/helpful-hints/curved-monitor-better/,Australia,LG Experience,73
https://www.lg.com/au/lg-experience/helpful-hints/debunking-slim-washers-capacity-truths/,Australia,LG Experience,77
https://www.lg.com/au/lg-experience/helpful-hints/dishwasher-maintenance/,Australia,LG Experience,73
https://www.lg.com/au/lg-experience/helpful-hints/dishwasher-ultimate-guide/,Australia,LG Experience,77
https://www.lg.com/au/lg-experience/helpful-hints/earth-day-at-home/,Australia,LG Experience,77
https://www.lg.com/au/lg-experience/helpful-hints/flat-vs-curved-monitors/,Australia,LG Experience,77
https://www.lg.com/au/lg-experience/helpful-hints/high-end-gifts-for-him/,Australia,LG Experience,77
https://www.lg.com/au/lg-experience/helpful-hints/history-of-refrigerators/,Australia,LG Experience,77
https://www.lg.com/au/lg-experience/helpful-hints/how-to-choose-energy-efficient-fridges/,Australia,LG Experience,77
https://www.lg.com/au/lg-experience/helpful-hints/how-to-clean-your-fridge/,Australia,LG Experience,73
https://www.lg.com/au/lg-experience/helpful-hints/how-to-pick-energy-efficient-washing-machine/,Australia,LG Experience,77
https://www.lg.com/au/lg-experience/helpful-hints/induction-vs-gas-vs-electric-cooktops/,Australia,LG Experience,73
https://www.lg.com/au/lg-experience/helpful-hints/keeping-food-fresh-eating-healthy/,Australia,LG Experience,77
https://www.lg.com/au/lg-experience/helpful-hints/laptop-battery-health/,Australia,LG Experience,80
https://www.lg.com/au/lg-experience/helpful-hints/laptop-cybersecurity-guide/,Australia,LG Experience,77
https://www.lg.com/au/lg-experience/helpful-hints/laundry-tips/,Australia,LG Experience,73
https://www.lg.com/au/lg-experience/helpful-hints/lg-screen-technology-explained/,Australia,LG Experience,77
https://www.lg.com/au/lg-experience/helpful-hints/lg-smart-wash-spin-cycle/,Australia,LG Experience,77
https://www.lg.com/au/lg-experience/helpful-hints/magic-remote-user-guide/,Australia,LG Experience,77
https://www.lg.com/au/lg-experience/helpful-hints/mini-led-vs-oled/,Australia,LG Experience,77
https://www.lg.com/au/lg-experience/helpful-hints/modern-unique-tv-design/,Australia,LG Experience,73
https://www.lg.com/au/lg-experience/helpful-hints/monitor-types-explained/,Australia,LG Experience,77
https://www.lg.com/au/lg-experience/helpful-hints/multitasking-using-dual-monitors/,Australia,LG Experience,73
https://www.lg.com/au/lg-experience/helpful-hints/pro-gaming-setup/,Australia,LG Experience,77
https://www.lg.com/au/lg-experience/helpful-hints/qned-vs-oled-tvs/,Australia,LG Experience,77
https://www.lg.com/au/lg-experience/helpful-hints/small-living-room-ideas/,Australia,LG Experience,77
https://www.lg.com/au/lg-experience/helpful-hints/smart-home-automation-hub-thinq/,Australia,LG Experience,73
https://www.lg.com/au/lg-experience/helpful-hints/smart-laundry-ideas-smart-dry/,Australia,LG Experience,77
https://www.lg.com/au/lg-experience/helpful-hints/sound-bars-explained/,Australia,LG Experience,77
https://www.lg.com/au/lg-experience/helpful-hints/top-load-washing-machine-myths-and-truths/,Australia,LG Experience,77
https://www.lg.com/au/lg-experience/helpful-hints/tv-screen-resolution-explained/,Australia,LG Experience,77
https://www.lg.com/au/lg-experience/helpful-hints/vacuum-cleaner-smell-bad/,Australia,LG Experience,77
https://www.lg.com/au/lg-experience/helpful-hints/vacuum-cleaner-suction-power/,Australia,LG Experience,73
https://www.lg.com/au/lg-experience/helpful-hints/wash-maintain-clother-tips-lg-styler/,Australia,LG Experience,73
https://www.lg.com/au/lg-experience/helpful-hints/washing-machine-cleaning-maintenance-guide/,Australia,LG Experience,73
https://www.lg.com/au/lg-experience/helpful-hints/washtower-myths-and-truths/,Australia,LG Experience,77
https://www.lg.com/au/lg-experience/helpful-hints/webos-user-guide/,Australia,LG Experience,73
https://www.lg.com/au/lg-experience/helpful-hints/what-is-4k-television/,Australia,LG Experience,80
https://www.lg.com/au/lg-experience/helpful-hints/what-is-a-heat-pump/,Australia,LG Experience,80
https://www.lg.com/au/lg-experience/helpful-hints/what-is-a-smart-monitor/,Australia,LG Experience,73
https://www.lg.com/au/lg-experience/helpful-hints/what-is-an-all-in-one-vacuum-cleaner-stick-vs-robot-vacuums-explained/,Australia,LG Experience,77
https://www.lg.com/au/lg-experience/helpful-hints/what-is-kimchi-and-how-to-store-it-/,Australia,LG Experience,77
https://www.lg.com/au/lg-experience/helpful-hints/which-lg-soundbar-is-right-for-you-lg/,Australia,LG Experience,77
https://www.lg.com/au/lg-experience/helpful-hints/which-lg-tv-is-right-for-you/,Australia,LG Experience,77
https://www.lg.com/au/lg-experience/helpful-hints/why-lg-soundbars/,Australia,LG Experience,77
https://www.lg.com/au/lg-experience/helpful-hints/wine-guide-beginners/,Australia,LG Experience,73
https://www.lg.com/au/lg-experience/home-automation-smart-home/,Australia,LG Experience,77
https://www.lg.com/au/lg-experience/lg-camping-gadgets/,Australia,LG Experience,77
https://www.lg.com/au/lg-experience/lg-home-office-setup/,Australia,LG Experience,77
https://www.lg.com/au/lg-experience/luxury-tech-gifts-gadgets-for-her/,Australia,LG Experience,77
https://www.lg.com/au/lg-experience/maintain-clean-air-conditioner/,Australia,LG Experience,80
https://www.lg.com/au/lg-experience/man-cave-gaming-room/,Australia,LG Experience,77
https://www.lg.com/au/lg-experience/travel-gadgets-road-trip-essentials/,Australia,LG Experience,77
https://www.lg.com/au/lg-experience/what-is-a-smart-tv/,Australia,LG Experience,77
https://www.lg.com/au/lifesgood/,Australia,뉴스룸/Press,74
https://www.lg.com/au/lifesgood/2023-campaign/,Australia,뉴스룸/Press,65
https://www.lg.com/au/lifesgood/ai-home/,Australia,뉴스룸/Press,77
https://www.lg.com/au/lifesgood/ai-mobility/,Australia,뉴스룸/Press,77
https://www.lg.com/au/lifesgood/ai-office/,Australia,뉴스룸/Press,77
https://www.lg.com/au/lifesgood/itsallgood-challenge/,Australia,뉴스룸/Press,65
https://www.lg.com/au/lifesgood/less-artificial-more-human/,Australia,뉴스룸/Press,80
https://www.lg.com/au/lifesgood/optimism-your-feed/,Australia,뉴스룸/Press,67
https://www.lg.com/au/lifesgood/optimism-your-feed/interview/,Australia,뉴스룸/Press,71
https://www.lg.com/au/lifesgood/product-story-gram/,Australia,뉴스룸/Press,61
https://www.lg.com/au/lifesgood/product-story-instaview/,Australia,뉴스룸/Press,65
https://www.lg.com/au/lifesgood/product-story-oled-t/,Australia,뉴스룸/Press,65
https://www.lg.com/au/2023spinandwin/why-register-index/,Australia,마이크로사이트/캠페인,70
https://www.lg.com/au/dealer-locator/where-to-buy/,Australia,마이크로사이트/캠페인,67
https://www.lg.com/au/lg-signature/magazine/art-culture/how-technology-completes-digital-art-and-our-lives/,Australia,마이크로사이트/캠페인,73
https://www.lg.com/au/lg-signature/where-to-buy/,Australia,마이크로사이트/캠페인,73
https://www.lg.com/au/tv-soundbars/why-true-wireless/,Australia,마이크로사이트/캠페인,71
https://www.lg.com/au/tv-soundbars/ai-tv/,Australia,마이크로사이트/캠페인,70
https://www.lg.com/au/monitors/gaming-monitors/ultragear/,Australia,마이크로사이트/캠페인,72
https://www.lg.com/au/moodupfridge/,Australia,마이크로사이트/캠페인,70
https://www.lg.com/au/washing-machines/lg-aidd/,Australia,마이크로사이트/캠페인,76
https://www.lg.com/au/xl-capacity-washing-machines/,Australia,마이크로사이트/캠페인,76
https://www.lg.com/au/commercial-air-conditioning/business-resources-video/,Australia,마이크로사이트/캠페인,76
https://www.lg.com/au/cooking/Recipes-Hub/,Australia,마이크로사이트/캠페인,76
https://www.lg.com/au/cooking/cooking-like-poh/,Australia,마이크로사이트/캠페인,69
https://www.lg.com/au/cooking/lg-kitchen-collection-product-demo-videos/,Australia,마이크로사이트/캠페인,67
https://www.lg.com/au/discover-vacuums/,Australia,마이크로사이트/캠페인,63
https://www.lg.com/au/lgvacuumgiveaway/,Australia,마이크로사이트/캠페인,69
https://www.lg.com/au/fridge-freezers/top-mount/,Australia,제품 카테고리 (PLP),80
https://www.lg.com/au/washer-dryers/top-load-washing-machines/,Australia,제품 카테고리 (PLP),87
https://www.lg.com/au/tv-soundbars/55-inch-tvs/,Australia,제품 카테고리 (PLP),83
https://www.lg.com/au/tv-soundbars/65-inch-tvs/,Australia,제품 카테고리 (PLP),83
https://www.lg.com/au/nanocell/2021/cinema/,Australia,제품 카테고리 (PLP),73
https://www.lg.com/au/tv-soundbars/,Australia,제품 카테고리 (PLP),73
https://www.lg.com/au/tv-by-resolution/,Australia,제품 카테고리 (PLP),67
https://www.lg.com/au/lg65oledg3giveaway/index-final/,Australia,제품 카테고리 (PLP),67
https://www.lg.com/au/stories-transparent-oled-auto-showroom/,Australia,제품 카테고리 (PLP),73
https://www.lg.com/au/nanocell/2021/design/,Australia,제품 카테고리 (PLP),76
https://www.lg.com/au/tv-by-resolution/full-hd-tvs/,Australia,제품 카테고리 (PLP),67
https://www.lg.com/au/nanocell/2021/gaming/,Australia,제품 카테고리 (PLP),67
https://www.lg.com/au/tv-soundbars/all-tv-soundbars/,Australia,제품 카테고리 (PLP),83
https://www.lg.com/au/speakers/,Australia,제품 카테고리 (PLP),73
https://www.lg.com/au/home-audio/,Australia,제품 카테고리 (PLP),63
https://www.lg.com/au/speakers/all-speakers/,Australia,제품 카테고리 (PLP),80
https://www.lg.com/au/home-audio/gaming-speakers/,Australia,제품 카테고리 (PLP),67
https://www.lg.com/au/speakers/hi-fi-systems/,Australia,제품 카테고리 (PLP),80
https://www.lg.com/au/home-audio/mini-hi-fi-systems/,Australia,제품 카테고리 (PLP),67
https://www.lg.com/au/speakers/home-theater-soundbar/,Australia,제품 카테고리 (PLP),70
https://www.lg.com/au/home-audio/portable-bluetooth-speaker/,Australia,제품 카테고리 (PLP),67
https://www.lg.com/au/speakers/home-theatre-systems/,Australia,제품 카테고리 (PLP),63
https://www.lg.com/au/speakers/portable-speakers/,Australia,제품 카테고리 (PLP),87
https://www.lg.com/au/monitors/,Australia,제품 카테고리 (PLP),73
https://www.lg.com/au/ergo-monitors/,Australia,제품 카테고리 (PLP),70
https://www.lg.com/au/business-monitors/,Australia,제품 카테고리 (PLP),77
https://www.lg.com/au/monitors/all-monitors/,Australia,제품 카테고리 (PLP),77
https://www.lg.com/au/monitors/business-monitors/,Australia,제품 카테고리 (PLP),67
https://www.lg.com/au/monitors/cloud-computing/,Australia,제품 카테고리 (PLP),63
https://www.lg.com/au/monitors/discontinued/,Australia,제품 카테고리 (PLP),67
https://www.lg.com/au/monitors/fhd-qhd/,Australia,제품 카테고리 (PLP),70
https://www.lg.com/au/monitors/full-hd-qhd/,Australia,제품 카테고리 (PLP),77
https://www.lg.com/au/monitors/gaming-monitors/,Australia,제품 카테고리 (PLP),66
https://www.lg.com/au/fridge-freezers/,Australia,제품 카테고리 (PLP),74
https://www.lg.com/au/french-door-fridge-promotion/,Australia,제품 카테고리 (PLP),73
https://www.lg.com/au/fridge-freezers/all-fridge-freezers/,Australia,제품 카테고리 (PLP),87
https://www.lg.com/au/fridge-freezers/all-fridge-freezers/?ec_ft_06517053=200_-_299_L,Australia,제품 카테고리 (PLP),86
https://www.lg.com/au/fridge-freezers/all-fridge-freezers/?ec_ft_06517053=300_-_499_L,Australia,제품 카테고리 (PLP),86
https://www.lg.com/au/fridge-freezers/all-fridge-freezers/?ec_ft_06517053=500_-_599_L,Australia,제품 카테고리 (PLP),87
https://www.lg.com/au/fridge-freezers/all-fridge-freezers/?ec_ft_06517053=600_-_799_L,Australia,제품 카테고리 (PLP),87
https://www.lg.com/au/fridge-freezers/all-fridge-freezers/?ec_ft_06517053=Over_800_L,Australia,제품 카테고리 (PLP),87
https://www.lg.com/au/fridge-freezers/all-fridge-freezers/?ec_ft_06517061=Automatic_Ice_Maker,Australia,제품 카테고리 (PLP),87
https://www.lg.com/au/laundry/,Australia,제품 카테고리 (PLP),65
https://www.lg.com/au/dishwashers/,Australia,제품 카테고리 (PLP),80
https://www.lg.com/au/washer-dryers/,Australia,제품 카테고리 (PLP),71
https://www.lg.com/au/lg-ai-vx-laundry/,Australia,제품 카테고리 (PLP),74
https://www.lg.com/au/laundry-solutions/,Australia,제품 카테고리 (PLP),70
https://www.lg.com/au/quadwashcompetition/,Australia,제품 카테고리 (PLP),70
https://www.lg.com/au/laundry/washing-machines/,Australia,제품 카테고리 (PLP),70
https://www.lg.com/au/dishwashers/built-under/,Australia,제품 카테고리 (PLP),80
https://www.lg.com/au/washer-dryers/all-washer-dryers/,Australia,제품 카테고리 (PLP),87
https://www.lg.com/au/air-conditioner/,Australia,제품 카테고리 (PLP),63
https://www.lg.com/au/air-conditioning/,Australia,제품 카테고리 (PLP),73
https://www.lg.com/au/commercial-air-conditioning/business-resources-download/,Australia,제품 카테고리 (PLP),76
https://www.lg.com/au/residential-air-conditioner/,Australia,제품 카테고리 (PLP),73
https://www.lg.com/au/air-conditioner/multisplit-air-conditioners/uhxm-series/,Australia,제품 카테고리 (PLP),80
https://www.lg.com/au/air-conditioning/air-conditioner-energy/,Australia,제품 카테고리 (PLP),70
https://www.lg.com/au/residential-air-conditioner/all-residential-air-conditioners/,Australia,제품 카테고리 (PLP),80
https://www.lg.com/au/air-conditioning/air-conditioner-inverter/,Australia,제품 카테고리 (PLP),70
https://www.lg.com/au/air-conditioning/air-conditioner-temperature/,Australia,제품 카테고리 (PLP),70
https://www.lg.com/au/air-purifier/,Australia,제품 카테고리 (PLP),62
https://www.lg.com/au/air-purifier/all-air-purifiers/,Australia,제품 카테고리 (PLP),80
https://www.lg.com/au/cooking/,Australia,제품 카테고리 (PLP),73
https://www.lg.com/au/cooktops/,Australia,제품 카테고리 (PLP),62
https://www.lg.com/au/microwave-ovens/,Australia,제품 카테고리 (PLP),80
https://www.lg.com/au/cooking/all-cooking/,Australia,제품 카테고리 (PLP),87
https://www.lg.com/au/cooking/cooktops/,Australia,제품 카테고리 (PLP),87
https://www.lg.com/au/cooking/ovens/,Australia,제품 카테고리 (PLP),87
https://www.lg.com/au/cooking/rangehoods/,Australia,제품 카테고리 (PLP),87
https://www.lg.com/au/vacuum-cleaners/all-vacuum-cleaners/,Australia,제품 카테고리 (PLP),80
https://www.lg.com/au/autoempty-vacuum-cleaner/,Australia,제품 카테고리 (PLP),76
https://www.lg.com/au/vacuum-cleaners/bagless-vacuum-cleaners/,Australia,제품 카테고리 (PLP),80
https://www.lg.com/au/vacuum-cleaners/handstick-vacuum-cleaners/,Australia,제품 카테고리 (PLP),80
https://www.lg.com/au/vacuum-cleaners/robot-vacuum-cleaners/,Australia,제품 카테고리 (PLP),80
https://www.lg.com/au/vacuum-cleaners/vacuum-cleaner-accessories/v-dustbag/,Australia,제품 카테고리 (PLP),80
https://www.lg.com/au/2023spinandwin/index-bk/,Australia,제품 카테고리 (PLP),66
https://www.lg.com/au/accessories/,Australia,제품 카테고리 (PLP),63
https://www.lg.com/au/account-integration/,Australia,제품 카테고리 (PLP),59
https://www.lg.com/au/account-integration-old/,Australia,제품 카테고리 (PLP),66
https://www.lg.com/au/adobeqa/,Australia,제품 카테고리 (PLP),59
https://www.lg.com/au/afterpay/,Australia,제품 카테고리 (PLP),79
https://www.lg.com/au/AHAC/,Australia,제품 카테고리 (PLP),69
https://www.lg.com/au/ai-image-test/,Australia,제품 카테고리 (PLP),63
https://www.lg.com/au/air-conditioning/air-conditioner-tips/,Australia,제품 카테고리 (PLP),73
https://www.lg.com/au/all-offers/,Australia,제품 카테고리 (PLP),62
https://www.lg.com/au/speakers/sound-suite/,Australia,제품 카테고리 (PLP),79
https://www.lg.com/au/instaview-fridges/,Australia,제품 카테고리 (PLP),69
https://www.lg.com/au/cooking/microwave-ovens/,Australia,제품 카테고리 (PLP),83
https://www.lg.com/au/vacuum-cleaners/vacuum-cleaner-accessories/,Australia,제품 카테고리 (PLP),79
https://www.lg.com/au/projectors/cinebeam-q/hu710pb/,Australia,제품 상세 (PDP),76
https://www.lg.com/au/projectors/cinebeam-q/hu710pb/cqs710pb/,Australia,제품 상세 (PDP),76
https://www.lg.com/au/projectors/cinebeam-q/pu600u/,Australia,제품 상세 (PDP),76
https://www.lg.com/au/projectors/cinebeam/bu53rg/,Australia,제품 상세 (PDP),73
https://www.lg.com/au/tv-accessories/aan30020306/,Australia,제품 상세 (PDP),79
https://www.lg.com/au/tv-accessories/aan30044310/,Australia,제품 상세 (PDP),76
https://www.lg.com/au/tv-accessories/akb74115502/,Australia,제품 상세 (PDP),78
https://www.lg.com/au/tv-accessories/akb75855501/,Australia,제품 상세 (PDP),79
https://www.lg.com/au/tv-soundbars/fhd/22lu50fd/,Australia,제품 상세 (PDP),79
https://www.lg.com/au/laptops/gram-2-in-1/16t90q-g-aa78a/,Australia,제품 상세 (PDP),79
https://www.lg.com/au/laptops/gram-2-in-1/16t90q-gaa55a/,Australia,제품 상세 (PDP),79
https://www.lg.com/au/laptops/gram-2-in-1/16t90q-gaa55a1/,Australia,제품 상세 (PDP),78
https://www.lg.com/au/laptops/gram-2-in-1/16t90q-gaa55a2/,Australia,제품 상세 (PDP),78
https://www.lg.com/au/monitors/17mb15p/,Australia,제품 상세 (PDP),79
https://www.lg.com/au/monitors/17mb15t/,Australia,제품 상세 (PDP),79
https://www.lg.com/au/monitors/19cnt42k/,Australia,제품 상세 (PDP),79
https://www.lg.com/au/monitors/19cnv42k/,Australia,제품 상세 (PDP),79
https://www.lg.com/au/monitors/19en33t/,Australia,제품 상세 (PDP),79
https://www.lg.com/au/speakers/gp9/,Australia,제품 상세 (PDP),79
https://www.lg.com/au/speakers/hi-fi-systems/cj87/,Australia,제품 상세 (PDP),79
https://www.lg.com/au/speakers/hi-fi-systems/cj98/,Australia,제품 상세 (PDP),79
https://www.lg.com/au/speakers/hi-fi-systems/ck43/,Australia,제품 상세 (PDP),79
https://www.lg.com/au/speakers/hi-fi-systems/cm1530/,Australia,제품 상세 (PDP),79
https://www.lg.com/au/speakers/hi-fi-systems/cm1531/,Australia,제품 상세 (PDP),79
https://www.lg.com/au/speakers/hi-fi-systems/cm4320/,Australia,제품 상세 (PDP),79
https://www.lg.com/au/speakers/hi-fi-systems/cm4340p/,Australia,제품 상세 (PDP),79
https://www.lg.com/au/speakers/hi-fi-systems/cm4350p/,Australia,제품 상세 (PDP),79
https://www.lg.com/au/laundry/tumble-dryers/dvh10-10b/,Australia,제품 상세 (PDP),78
https://www.lg.com/au/laundry/washer-dryers/wvc5-1410w/,Australia,제품 상세 (PDP),78
https://www.lg.com/au/laundry/washing-machines/wtg1434vhf/,Australia,제품 상세 (PDP),78
https://www.lg.com/au/laundry/washing-machines/wv9-1410w/,Australia,제품 상세 (PDP),78
https://www.lg.com/au/washer-dryers/commercial-laundry/cdg27ruqes/,Australia,제품 상세 (PDP),81
https://www.lg.com/au/washer-dryers/commercial-laundry/cdt29muoes/,Australia,제품 상세 (PDP),81
https://www.lg.com/au/washer-dryers/commercial-laundry/cdt29muqes/,Australia,제품 상세 (PDP),81
https://www.lg.com/au/washer-dryers/commercial-laundry/cwt29msors/,Australia,제품 상세 (PDP),81
https://www.lg.com/au/washer-dryers/commercial-laundry/rn1329cn7p/,Australia,제품 상세 (PDP),81
https://www.lg.com/au/fridge-freezers/bottom-mount/gb-455ble/,Australia,제품 상세 (PDP),78
https://www.lg.com/au/fridge-freezers/bottom-mount/gb-455btl/,Australia,제품 상세 (PDP),78
https://www.lg.com/au/fridge-freezers/bottom-mount/gb-455mbl/,Australia,제품 상세 (PDP),78
https://www.lg.com/au/fridge-freezers/bottom-mount/gb-455pl/,Australia,제품 상세 (PDP),78
https://www.lg.com/au/fridge-freezers/bottom-mount/gb-455uple/,Australia,제품 상세 (PDP),78
https://www.lg.com/au/fridge-freezers/bottom-mount/gb-455wl/,Australia,제품 상세 (PDP),78
https://www.lg.com/au/fridge-freezers/bottom-mount/gb-b300mwh/,Australia,제품 상세 (PDP),76
https://www.lg.com/au/fridge-freezers/bottom-mount/gb-b300pl/,Australia,제품 상세 (PDP),76
https://www.lg.com/au/fridge-freezers/bottom-mount/gb-v300mbl/,Australia,제품 상세 (PDP),76
https://www.lg.com/au/dishwashers/free-standing/xd2a25mb/,Australia,제품 상세 (PDP),76
https://www.lg.com/au/dishwashers/free-standing/xd3a25mw/,Australia,제품 상세 (PDP),76
https://www.lg.com/au/dishwashers/ld1452mfen2/,Australia,제품 상세 (PDP),79
https://www.lg.com/au/dishwashers/ld1452tfen2/,Australia,제품 상세 (PDP),79
https://www.lg.com/au/dishwashers/ld1452wfen2/,Australia,제품 상세 (PDP),79
https://www.lg.com/au/dishwashers/ld1452wfen3/,Australia,제품 상세 (PDP),79
https://www.lg.com/au/dishwashers/ld1453tfen2/,Australia,제품 상세 (PDP),79
https://www.lg.com/au/dishwashers/ld1454tfes2/,Australia,제품 상세 (PDP),79
https://www.lg.com/au/dishwashers/xd3a15bs/,Australia,제품 상세 (PDP),79
https://www.lg.com/au/accessories/vacuum-accessories/agb74272431/,Australia,제품 상세 (PDP),78
https://www.lg.com/au/vacuum-cleaners/bagless-vacuum-cleaners/c1-gb/,Australia,제품 상세 (PDP),79
https://www.lg.com/au/vacuum-cleaners/bagless-vacuum-cleaners/c1-gr/,Australia,제품 상세 (PDP),78
https://www.lg.com/au/vacuum-cleaners/bagless-vacuum-cleaners/c1-gw/,Australia,제품 상세 (PDP),78
https://www.lg.com/au/vacuum-cleaners/bagless-vacuum-cleaners/kv-core/,Australia,제품 상세 (PDP),80
https://www.lg.com/au/vacuum-cleaners/bagless-vacuum-cleaners/kv-pro/,Australia,제품 상세 (PDP),78
https://www.lg.com/au/vacuum-cleaners/bagless-vacuum-cleaners/kv-ultra/,Australia,제품 상세 (PDP),78
https://www.lg.com/au/vacuum-cleaners/bagless-vacuum-cleaners/vc4918nrt/,Australia,제품 상세 (PDP),78
https://www.lg.com/au/vacuum-cleaners/bagless-vacuum-cleaners/vc4918urt/,Australia,제품 상세 (PDP),78
https://www.lg.com/au/cooking-appliances/ms2336db/,Australia,제품 상세 (PDP),73
https://www.lg.com/au/cooking/cooktops/bci607b4bg/,Australia,제품 상세 (PDP),76
https://www.lg.com/au/cooking/cooktops/bci607t3bg/,Australia,제품 상세 (PDP),76
https://www.lg.com/au/cooking/cooktops/bci607t4bg/,Australia,제품 상세 (PDP),76
https://www.lg.com/au/cooking/cooktops/bci807t4bg/,Australia,제품 상세 (PDP),76
https://www.lg.com/au/cooking/cooktops/hg6412a/,Australia,제품 상세 (PDP),78
https://www.lg.com/au/cooking/cooktops/hg7512a/,Australia,제품 상세 (PDP),78
https://www.lg.com/au/cooking/cooktops/hg9512a/,Australia,제품 상세 (PDP),78
https://www.lg.com/au/cooking/cooktops/ka60010s/,Australia,제품 상세 (PDP),78
https://www.lg.com/au/care-accessories/air-conditioners/filter/mdj64984703/,Australia,제품 상세 (PDP),79
https://www.lg.com/au/care-accessories/air-conditioners/remote-controller/akb73355722/,Australia,제품 상세 (PDP),79
https://www.lg.com/au/care-accessories/air-conditioners/remote-controller/akb74375404/,Australia,제품 상세 (PDP),78
https://www.lg.com/au/care-accessories/air-conditioners/remote-controller/akb74955603/,Australia,제품 상세 (PDP),78
https://www.lg.com/au/care-accessories/air-conditioners/remote-controller/akb76038102/,Australia,제품 상세 (PDP),78
https://www.lg.com/au/residential-air-conditioner/ducted-systems/b18awy-gmd/,Australia,제품 상세 (PDP),79
https://www.lg.com/au/residential-air-conditioner/ducted-systems/b24ahf-nh5/,Australia,제품 상세 (PDP),79
https://www.lg.com/au/residential-air-conditioner/ducted-systems/b24awy-gmd/,Australia,제품 상세 (PDP),79
https://www.lg.com/au/residential-air-conditioner/ducted-systems/b24awyngmh/,Australia,제품 상세 (PDP),79
https://www.lg.com/au/air-purifier/all-air-purifiers/as20gphk0/,Australia,제품 상세 (PDP),79
https://www.lg.com/au/air-purifier/all-air-purifiers/as35ggw10/,Australia,제품 상세 (PDP),76
https://www.lg.com/au/air-purifier/all-air-purifiers/as60ghwg0/,Australia,제품 상세 (PDP),76
https://www.lg.com/au/residential-air-conditioner/dehumidifier/aa31413001/,Australia,제품 상세 (PDP),79
https://www.lg.com/au/residential-air-conditioner/dehumidifier/dd12gmwe0/,Australia,제품 상세 (PDP),76
https://www.lg.com/au/residential-air-conditioner/dehumidifier/dd14gmwe0/,Australia,제품 상세 (PDP),76
https://www.lg.com/au/residential-air-conditioner/dehumidifier/pdarsc01/,Australia,제품 상세 (PDP),79
https://www.lg.com/au/home-appliance-accessories/clothes-styler-accessories/agm73611305/,Australia,제품 상세 (PDP),78
https://www.lg.com/au/home-appliance-accessories/clothes-styler-accessories/agm73611309/,Australia,제품 상세 (PDP),78
https://www.lg.com/au/washer-dryers/clothes-styler/s3bf/,Australia,제품 상세 (PDP),79
https://www.lg.com/au/washer-dryers/clothes-styler/s3mfc/,Australia,제품 상세 (PDP),78
https://www.lg.com/au/washer-dryers/clothes-styler/s5goc/,Australia,제품 상세 (PDP),73
https://www.lg.com/au/washer-dryers/clothes-styler/s5mb/,Australia,제품 상세 (PDP),78
https://www.lg.com/au/washer-dryers/clothes-styler/sc5fg/,Australia,제품 상세 (PDP),76
https://www.lg.com/au/washer-dryers/clothes-styler/sc5mbh/,Australia,제품 상세 (PDP),76
https://www.lg.com/au/cloud-devices/24cav37k-b/,Australia,제품 상세 (PDP),79
https://www.lg.com/au/cloud-devices/24ck550n-3a/,Australia,제품 상세 (PDP),79
https://www.lg.com/au/cloud-devices/24ck550z-bp/,Australia,제품 상세 (PDP),78
https://www.lg.com/au/cloud-devices/24cn650n-6n/,Australia,제품 상세 (PDP),78
https://www.lg.com/au/about-lg/press-and-media/,Australia,프레스앤미디어,82
https://www.lg.com/au/about-lg/press-and-media/2022-refresh-of-lg-gram-range-delivers-powerful-performance-and-enhanced-user-convenience/,Australia,프레스앤미디어,74
https://www.lg.com/au/about-lg/press-and-media/2023-lg-gram-lineup-offers-stylish-yet-powerful-user-experience-/,Australia,프레스앤미디어,75
https://www.lg.com/au/about-lg/press-and-media/2025-lg-qned-evo-transforms-with-core-oled-tv-innovations/,Australia,프레스앤미디어,75
https://www.lg.com/au/about-lg/press-and-media/LG-showcased-digital-transformation-innovations-at-food-and-display-technology-expo-2025/,Australia,프레스앤미디어,82
https://www.lg.com/au/about-lg/press-and-media/LG-strengthens-EdTech-leadership-with-expanded-LG-CreateBoard-lineup/,Australia,프레스앤미디어,82
https://www.lg.com/au/about-lg/press-and-media/atmospheric-sound-lg-sound-bar-range-and-the-first-lg-smart-home-speaker-heighten-sensory-experiences-in-2018/,Australia,프레스앤미디어,70
https://www.lg.com/au/about-lg/press-and-media/aussie-families-look-to-home-entertainment-for-festive-bonding/,Australia,프레스앤미디어,70
https://www.lg.com/au/about-lg/press-and-media/back-to-basics-lg-g6-responds-to-consumer-feedback/,Australia,프레스앤미디어,70
https://www.lg.com/au/about-lg/press-and-media/best-ever-lg-oled-tvs-arrive-in-australia/,Australia,프레스앤미디어,74
https://www.lg.com/au/about-lg/press-and-media/bundle-an-lg-tv-with-an-lg-sound-bar-and-receive-a-cash-card-valued-at-up-to-30/,Australia,프레스앤미디어,74
https://www.lg.com/au/about-lg/press-and-media/choice-magazine-awards-three-of-lgs-new-air-conditioners-as-best-in-category/,Australia,프레스앤미디어,74
https://www.lg.com/au/about-lg/press-and-media/choice-magazine-recommends-an-lg-energy-effcient-and-temperature-responsive-bottom-mount-fridge/,Australia,프레스앤미디어,74
https://www.lg.com/au/about-lg/press-and-media/come-home-to-comfort-this-summer-with-the-new-wh-split-system-series/,Australia,프레스앤미디어,70
https://www.lg.com/au/about-lg/press-and-media/come-play-with-lg/,Australia,프레스앤미디어,70
https://www.lg.com/au/about-lg/press-and-media/dont-just-read-all-about-it-see-all-about-it/,Australia,프레스앤미디어,74
https://www.lg.com/au/about-lg/press-and-media/eupd-research-names-lg-electronics-solar-division-as-top-brand-photovoltaics-pv-for-fourth-consecutive-year/,Australia,프레스앤미디어,70
https://www.lg.com/au/about-lg/press-and-media/evolution-of-lgs-curved-smartphone-unveiled-at-ces-2015/,Australia,프레스앤미디어,74
https://www.lg.com/au/about-lg/press-and-media/experience-powerful-cordless-freedom-with-the-new-range-of-cordzero-handsticks-from-lg/,Australia,프레스앤미디어,70
https://www.lg.com/au/about-lg/press-and-media/from-catwalk-to-clothesline-the-newest-lg-smartwashers-can-take-care-of-your-clothes/,Australia,프레스앤미디어,74
https://www.lg.com/au/about-lg/press-and-media/honoring--local-legends--during-a-time-of-need/,Australia,프레스앤미디어,74
https://www.lg.com/au/about-lg/press-and-media/intelligent-lg-new-ai-enabled-home-entertainment-line-up-coming-to-australian-homes/,Australia,프레스앤미디어,67
https://www.lg.com/au/about-lg/press-and-media/latest-android-wear-update-brings-wi-fi-connectivity/,Australia,프레스앤미디어,74
https://www.lg.com/au/about-lg/press-and-media/let-your-favourite-music-flow-for-free-with-90-days-access-to-google-play-music/,Australia,프레스앤미디어,74
https://www.lg.com/au/about-lg/press-and-media/lg-2023-soundbars-enrich-home-entertainment-with-immersive-audio-and-versatile-features/,Australia,프레스앤미디어,74
https://www.lg.com/au/about-lg/press-and-media/lg-accelerates-smart-factory-solutions-business-integrating-ai-with-66-year-manufacturing-expertise/,Australia,프레스앤미디어,79
https://www.lg.com/au/about-lg/press-and-media/lg-acquires-athom-to-advance-ai-enabled-intelligent-space-business/,Australia,프레스앤미디어,79
https://www.lg.com/au/about-lg/press-and-media/lg-amplifies-positive-influence-of-the-life-s-good-campaign-via-social-media-challenge/,Australia,프레스앤미디어,82
https://www.lg.com/au/about-lg/press-and-media/lg-and-ambarella-join-forces-to-advance-ai-driven-in-cabin-vehicle-safetey-solutions/,Australia,프레스앤미디어,78
https://www.lg.com/au/about-lg/press-and-media/lg-and-cybellum-to-introduce-cybersecurity-management-system-cockpit-at-ces-2024/,Australia,프레스앤미디어,74
https://www.lg.com/au/about-lg/press-and-media/lg-and-google-collaborate-for-nexus-5x-release-date/,Australia,프레스앤미디어,74
https://www.lg.com/au/about-lg/press-and-media/lg-and-greater-homes-partner-to-address-australia-s-housing-and-/,Australia,프레스앤미디어,70
https://www.lg.com/au/about-lg/press-and-media/lg-and-infineon-to-introduce-lg-g8-thinq-with-front-facing-time-of-flight-camera/,Australia,프레스앤미디어,74
https://www.lg.com/au/about-lg/press-and-media/lg-and-kiis-fm-announce-flood-support-initiative-for-nsw-families/,Australia,프레스앤미디어,74
https://www.lg.com/au/about-lg/press-and-media/lg-and-masterchef-australia-cook-up-a-partnership-to-inspire-cul/,Australia,프레스앤미디어,71
https://www.lg.com/au/about-lg/press-and-media/lg-and-xbox-partner-to-expand-cloud-gaming-experience-on-lg-smart-tvs/,Australia,프레스앤미디어,78
https://www.lg.com/au/about-lg/press-and-media/lg-announces-first-flat-screen-oled-tv-in-australia/,Australia,프레스앤미디어,74
https://www.lg.com/au/about-lg/press-and-media/lg-announces-fourth-quarter-and-full-year-2024-financial-results/,Australia,프레스앤미디어,79
https://www.lg.com/au/about-lg/press-and-media/lg-announces-global-launch-of-innovative-lg-thinq-up-appliances/,Australia,프레스앤미디어,74
https://www.lg.com/au/about-lg/press-and-media/lg-announces-hdr-enabled-oled-tv-range-lg-australia/,Australia,프레스앤미디어,75
https://www.lg.com/au/about-lg/press-and-media/lg-announces-pre-order-deals-for-lg-g4/,Australia,프레스앤미디어,74
https://www.lg.com/au/about-lg/press-and-media/lg-announces-winners-of-2024-webos-hackathon/,Australia,프레스앤미디어,75
https://www.lg.com/au/about-lg/press-and-media/lg-anti-discolouration-tech-for-outdoor-digital-signage-first-to-receive-ul-verification/,Australia,프레스앤미디어,75
https://www.lg.com/au/about-lg/press-and-media/lg-appoints-new-marketing-general-manager/,Australia,프레스앤미디어,74
https://www.lg.com/au/about-lg/press-and-media/lg-at-ranzcr-2024-innovating-healthcare-with-advanced-medical-imaging-solutions/,Australia,프레스앤미디어,74
https://www.lg.com/au/about-lg/press-and-media/lg-australia-announces-curved-sound-bar-and-new-oled-promotion/,Australia,프레스앤미디어,74
https://www.lg.com/au/about-lg/press-and-media/lg-australia-announces-local-availability-of-2024-ultrageartm-oled-monitor-range/,Australia,프레스앤미디어,75
https://www.lg.com/au/about-lg/press-and-media/lg-australia-brings-android-60-marshmallow-update-to-lg-g4/,Australia,프레스앤미디어,74
https://www.lg.com/au/about-lg/press-and-media/lg-australia-helps-supercar-racer-compete-in-a-virtual-world/,Australia,프레스앤미디어,74
https://www.lg.com/au/about-lg/press-and-media/lg-australia-launches-2022-range-of-cinebeam-projectors-designed-to-elevate-the-home-cinema-or-corporate-office-experience/,Australia,프레스앤미디어,74
https://www.lg.com/au/about-lg/press-and-media/lg-australia-launches-2026-tv---sound-suite-lineup/,Australia,프레스앤미디어,79
https://www.lg.com/au/about-lg/press-and-media/lg-australia-launches-dualup-monitor-designed-to-enhance-the-home-office-experience/,Australia,프레스앤미디어,74
https://www.lg.com/au/about-lg/press-and-media/lg-australia-sponsor-dire-wolves-leading-australian-esports-team/,Australia,프레스앤미디어,74
https://www.lg.com/au/about-lg/press-and-media/lg-australia-unveils-2022-sound-bar-range/,Australia,프레스앤미디어,74
https://www.lg.com/au/about-lg/press-and-media/lg-australia-welcomes-lg-nanocell-8k-to-the-range/,Australia,프레스앤미디어,67
https://www.lg.com/au/about-lg/press-and-media/lg-bets-partner-success-is-the-next-competitive-advantage/,Australia,프레스앤미디어,79
https://www.lg.com/au/about-lg/press-and-media/lg-brings-latest-range-of-cordless-vacuum-cleaners-to-australia/,Australia,프레스앤미디어,74
https://www.lg.com/au/about-lg/press-and-media/lg-brings-refreshed-french-door-refrigerator-range-to-australian-kitchens/,Australia,프레스앤미디어,74
https://www.lg.com/au/about-lg/press-and-media/lg-brings-xbox-cloud-gaming--beta--experience-directly-to-lg-sma/,Australia,프레스앤미디어,79
https://www.lg.com/au/about-lg/press-and-media/lg-business-solutions-transforms-sydney-dance-company-studios-with-cutting-edge-display-solutions/,Australia,프레스앤미디어,71
https://www.lg.com/au/about-lg/press-and-media/lg-business-solutions-unveils-cloud-computing-suite/,Australia,프레스앤미디어,74
https://www.lg.com/au/about-lg/press-and-media/lg-calls-for-developers-to-participate-in-lg-webos-hackathon-2024/,Australia,프레스앤미디어,75
https://www.lg.com/au/about-lg/press-and-media/lg-celebrates-prolific-wins-for-season-2-of-its-original-series/,Australia,프레스앤미디어,71
https://www.lg.com/au/about-lg/press-and-media/lg-celebrates-the-worlds-most-passionate-cricket-fans/,Australia,프레스앤미디어,75
https://www.lg.com/au/about-lg/press-and-media/lg-ceo-and-cto-to-outline-ambitious-strategy-for-thinq-ai-at-ifa-opening-keynote/,Australia,프레스앤미디어,74
https://www.lg.com/au/about-lg/press-and-media/lg-ceo-william-cho-highligts-consistent-progress-towards-future-/,Australia,프레스앤미디어,75
https://www.lg.com/au/about-lg/press-and-media/lg-clocks-in-with-australian-release-of-stylish-timepiece/,Australia,프레스앤미디어,74
https://www.lg.com/au/about-lg/press-and-media/lg-commitment-to-innovation-is-recognised-with-numerous-awards-at-ces-2024/,Australia,프레스앤미디어,79
https://www.lg.com/au/about-lg/press-and-media/lg-connect-2024-showcase-highlights-cutting-edge-business-solution-technologies/,Australia,프레스앤미디어,85
https://www.lg.com/au/about-lg/press-and-media/lg-continues-to-push-the-boundaries-with-its-new-mid-range-smartphones/,Australia,프레스앤미디어,74
https://www.lg.com/au/about-lg/press-and-media/lg-cordzero-auto-emptying-handstick-robot-vac-all-in-one-tower-c/,Australia,프레스앤미디어,75
https://www.lg.com/au/about-lg/press-and-media/lg-debuts-its-latest-cordzero--handstick-vaccuum-lineup-designed/,Australia,프레스앤미디어,71
https://www.lg.com/au/about-lg/press-and-media/lg-debuts-the-g5-its-first-ever-modular-smartphone/,Australia,프레스앤미디어,75
https://www.lg.com/au/about-lg/press-and-media/lg-delivers-year-around-comfort-and-elegance-with-new-artcool-gallery-at-ces-2023/,Australia,프레스앤미디어,75
https://www.lg.com/au/about-lg/press-and-media/lg-electronics-2024-soundbar-range-delivers-complete-at-home-entertainment-with-rich-audio/,Australia,프레스앤미디어,75
https://www.lg.com/au/about-lg/press-and-media/lg-electronics-all-in-one-tower-/,Australia,프레스앤미디어,75
https://www.lg.com/au/about-lg/press-and-media/lg-electronics-and-will-i-am-transforms-lg-xboom-s-sound-design-through-xboom-by-will-i-am/,Australia,프레스앤미디어,75
https://www.lg.com/au/about-lg/press-and-media/lg-electronics-announces--designed-for-lg-gaming-portal--certifi/,Australia,프레스앤미디어,71
https://www.lg.com/au/about-lg/press-and-media/lg-electronics-announces-partnership-with-ronald-mcdonald-house-charities/,Australia,프레스앤미디어,75
https://www.lg.com/au/about-lg/press-and-media/lg-electronics-australia-and-sky-news-australia-partner-to-launch-fast-tv-offering-sky-news-now/,Australia,프레스앤미디어,82
https://www.lg.com/au/about-lg/press-and-media/lg-electronics-australia-and-the-lg-twins-to-host-bushfire-fundraiser-event/,Australia,프레스앤미디어,71
https://www.lg.com/au/about-lg/press-and-media/lg-electronics-australia-announces-local-availability-of-2024-sound-bar-range/,Australia,프레스앤미디어,75
https://www.lg.com/au/about-lg/press-and-media/lg-electronics-australia-announces-local-availability-of-2024-sound-bar-range0/,Australia,프레스앤미디어,82
https://www.lg.com/au/about-lg/press-and-media/lg-electronics-australia-announces-promotions-and-new-roles-with/,Australia,프레스앤미디어,75
https://www.lg.com/au/about-lg/press-and-media/lg-electronics-australia-bolsters-marketing-team-with-expansion-and-new-appointments/,Australia,프레스앤미디어,79
https://www.lg.com/au/about-lg/press-and-media/lg-electronics-australia-brings-big-entertainment-home-with-launch-of-2024-tv-range/,Australia,프레스앤미디어,75
https://www.lg.com/au/about-lg/press-and-media/lg-electronics-australia-business-solutions-showcases-cutting-ed/,Australia,프레스앤미디어,79
https://www.lg.com/au/about-lg/press-and-media/lg-electronics-australia-continue-to-help-communities-rediscover-good-with-launch-of-2022-local-legends-program/,Australia,프레스앤미디어,75
https://www.lg.com/au/about-lg/press-and-media/lg-electronics-australia-elevates-home-entertainment-with-new-20/,Australia,프레스앤미디어,75
https://www.lg.com/au/about-lg/press-and-media/lg-electronics-australia-elevates-the-guest-experience-at-novaca/,Australia,프레스앤미디어,79
https://www.lg.com/au/about-lg/press-and-media/lg-electronics-australia-launches-stanbyme-2-the-next-evolution-/,Australia,프레스앤미디어,79
https://www.lg.com/au/about-lg/press-and-media/lg-electronics-australia-named-choice--best-brand-across-multipl/,Australia,프레스앤미디어,75
https://www.lg.com/au/about-lg/press-and-media/lg-electronics-australia-names-new-managing-director/,Australia,프레스앤미디어,71
https://www.lg.com/au/about-lg/press-and-media/lg-electronics-australia-partners-with-taronga-s-hatch-accelerator-program/,Australia,프레스앤미디어,79
https://www.lg.com/au/about-lg/press-and-media/lg-electronics-australia-showcases-advanced-medical-display-solu/,Australia,프레스앤미디어,75
https://www.lg.com/au/about-lg/press-and-media/lg-electronics-australia-supports-bushfire-relief-efforts/,Australia,프레스앤미디어,71
https://www.lg.com/au/about-lg/press-and-media/lg-electronics-australia-teams-up-with-three-birds-renovations/,Australia,프레스앤미디어,75
https://www.lg.com/au/about-lg/press-and-media/lg-electronics-australia-to-celebrate-community-heroes/,Australia,프레스앤미디어,75
https://www.lg.com/au/about-lg/press-and-media/lg-electronics-australia-to-celebrate-everyday-good-within-australian-communities/,Australia,프레스앤미디어,75
https://www.lg.com/au/about-lg/press-and-media/lg-electronics-australia-unveils-latest-audio-products-in-collaboration-with-music-visionary-will-i-am/,Australia,프레스앤미디어,82
https://www.lg.com/au/support/,Australia,지원/Support,81
https://www.lg.com/au/support/additional-support/,Australia,지원/Support,78
https://www.lg.com/au/support/announcement/,Australia,지원/Support,79
https://www.lg.com/au/support/announcement/AUNTC20220608152520/,Australia,지원/Support,78
https://www.lg.com/au/support/announcement/AUNTC20220609152550/,Australia,지원/Support,78
https://www.lg.com/au/support/announcement/AUNTC20220906152995/,Australia,지원/Support,78
https://www.lg.com/au/support/announcement/AUNTC20230310153483/,Australia,지원/Support,78
https://www.lg.com/au/support/announcement/AUNTC20230428153670/,Australia,지원/Support,78
https://www.lg.com/au/support/announcement/AUNTC20230502153690/,Australia,지원/Support,78
https://www.lg.com/au/support/announcement/AUNTC20230831154137/,Australia,지원/Support,78
https://www.lg.com/au/support/announcement/AUNTC20230926154190/,Australia,지원/Support,78
https://www.lg.com/au/support/announcement/AUNTC20240319154532/,Australia,지원/Support,78
https://www.lg.com/au/support/announcement/AUNTC20240610154590/,Australia,지원/Support,78
https://www.lg.com/au/support/announcement/AUNTC20241010132430/,Australia,지원/Support,78
https://www.lg.com/au/support/announcement/AUNTC20241106002/,Australia,지원/Support,78
https://www.lg.com/au/support/announcement/AUNTC20250414/,Australia,지원/Support,78
https://www.lg.com/au/support/announcement/AUNTC20250908/,Australia,지원/Support,78
https://www.lg.com/au/support/announcement/AUNTC20260324001/,Australia,지원/Support,78
https://www.lg.com/au/support/announcement/important-notice-scheduled-system-upgrade-friday-3rd-july-2026/,Australia,지원/Support,79
https://www.lg.com/au/support/announcement/notice-of-spotify-service-termination/,Australia,지원/Support,78
https://www.lg.com/au/support/announcement/notice-of-termination-of-the-services-of-gracenote-music-id-video-id-eyeq-epg-for-blu-ray-player-blu-ray-home-theater-system-will-no-longer-be-available/,Australia,지원/Support,74
https://www.lg.com/au/support/announcements/AUNTC20220608152520/,Australia,지원/Support,78
https://www.lg.com/au/support/announcements/AUNTC20220609152550/,Australia,지원/Support,78
https://www.lg.com/au/support/announcements/AUNTC20220906152995/,Australia,지원/Support,78
https://www.lg.com/au/support/announcements/AUNTC20230310153483/,Australia,지원/Support,78
https://www.lg.com/au/support/announcements/AUNTC20230428153670/,Australia,지원/Support,78
https://www.lg.com/au/support/announcements/AUNTC20230502153690/,Australia,지원/Support,78
https://www.lg.com/au/support/announcements/AUNTC20230831154137/,Australia,지원/Support,78
https://www.lg.com/au/support/announcements/AUNTC20230926154190/,Australia,지원/Support,78
https://www.lg.com/au/support/announcements/AUNTC20240319154532/,Australia,지원/Support,78
https://www.lg.com/au/support/announcements/AUNTC20240610154590/,Australia,지원/Support,78
https://www.lg.com/au/support/contact-us/,Australia,지원/Support,86
https://www.lg.com/au/support/contact-us/document-upload/,Australia,지원/Support,89
https://www.lg.com/au/support/contact-us/document-upload/failure/,Australia,지원/Support,74
https://www.lg.com/au/support/contact-us/document-upload/success/,Australia,지원/Support,74
https://www.lg.com/au/support/contact-us/email-to-ceo/,Australia,지원/Support,81
https://www.lg.com/au/support/contact-us/email-to-ceo/failure/,Australia,지원/Support,74
https://www.lg.com/au/support/contact-us/email-to-ceo/success/,Australia,지원/Support,74
https://www.lg.com/au/support/contact-us/email/,Australia,지원/Support,78
https://www.lg.com/au/support/contact-us/email/failure/,Australia,지원/Support,74
https://www.lg.com/au/support/contact-us/email/success/,Australia,지원/Support,74
https://www.lg.com/au/support/contact-us/inquiry-status/,Australia,지원/Support,78
https://www.lg.com/au/support/contact-us/inquiry-status/failure/,Australia,지원/Support,74
https://www.lg.com/au/support/contact-us/inquiry-status/inquiry-result/,Australia,지원/Support,81
https://www.lg.com/au/support/contact-us/lg-customer-care/,Australia,지원/Support,81
https://www.lg.com/au/support/contact-us/locate-repair-center/,Australia,지원/Support,82
https://www.lg.com/au/support/contact-us/web-survey/,Australia,지원/Support,82
https://www.lg.com/au/support/contact-us/web-survey/failure/,Australia,지원/Support,74
https://www.lg.com/au/support/contact-us/web-survey/success/,Australia,지원/Support,74
https://www.lg.com/au/support/contact/whatsapp/,Australia,지원/Support,79
https://www.lg.com/au/support/customer-complaints-procedure/,Australia,지원/Support,82
https://www.lg.com/au/support/delivery-installation-services/,Australia,지원/Support,81
https://www.lg.com/au/support/error-pages/,Australia,지원/Support,70
https://www.lg.com/au/support/error-pages/down-time-check/,Australia,지원/Support,70
https://www.lg.com/au/support/esafety/,Australia,지원/Support,81
https://www.lg.com/au/support/fota/,Australia,지원/Support,78
https://www.lg.com/au/support/glossary/,Australia,지원/Support,82
https://www.lg.com/au/support/lg-thinq/,Australia,지원/Support,79
https://www.lg.com/au/support/lg-thinq/app/,Australia,지원/Support,74
https://www.lg.com/au/support/order-support/,Australia,지원/Support,81
https://www.lg.com/au/support/order-support/frequently-asked-questions/,Australia,지원/Support,81
https://www.lg.com/au/support/order-support/track-my-order/,Australia,지원/Support,79
https://www.lg.com/au/support/product-support/,Australia,지원/Support,74
https://www.lg.com/au/support/product-support/cs-100MRGB96BS.AAU/,Australia,지원/Support,79
https://www.lg.com/au/support/product-support/cs-100QNED86A6.ANR/,Australia,지원/Support,79
https://www.lg.com/au/support/product-support/cs-100QNED86AS.AAU/,Australia,지원/Support,79
https://www.lg.com/au/support/product-support/cs-100QNED86BS.AAU/,Australia,지원/Support,79
https://www.lg.com/au/support/product-support/cs-100QNED87B6.ANR/,Australia,지원/Support,79
https://www.lg.com/au/support/product-support/cs-105BM5N-B.AAUQ/,Australia,지원/Support,78
https://www.lg.com/au/support/product-support/cs-105UC9T.AAU/,Australia,지원/Support,79
https://www.lg.com/au/support/product-support/cs-110UH5Q-H.AAUQ/,Australia,지원/Support,79
https://www.lg.com/au/support/product-support/cs-110UM5J-B.AAUQ/,Australia,지원/Support,78
https://www.lg.com/au/support/product-support/cs-110UM5K-B.AAUQ/,Australia,지원/Support,78
https://www.lg.com/au/support/product-support/cs-13Z940-G.AT58A/,Australia,지원/Support,78
https://www.lg.com/au/support/product-support/cs-13Z940-G.AT5PA/,Australia,지원/Support,78
https://www.lg.com/au/support/product-support/cs-13Z940-G.AT5SA/,Australia,지원/Support,78
https://www.lg.com/au/support/product-support/cs-13Z940-G.AT5WA/,Australia,지원/Support,78
https://www.lg.com/au/support/product-support/cs-13Z940-G.AT7WA/,Australia,지원/Support,78
https://www.lg.com/au/support/product-support/cs-14Z90P-G.AA85A/,Australia,지원/Support,79
https://www.lg.com/au/support/product-support/cs-14Z90P-G.AR53A/,Australia,지원/Support,78
https://www.lg.com/au/support/product-support/cs-14Z90P-G.AR54A/,Australia,지원/Support,78
https://www.lg.com/au/support/product-support/cs-14Z90P-G.AR62A/,Australia,지원/Support,78
https://www.lg.com/au/support/product-support/cs-14Z90P-G.AR64A/,Australia,지원/Support,79
https://www.lg.com/au/support/product-support/cs-14Z90Q-G.AA52A/,Australia,지원/Support,79
https://www.lg.com/au/support/product-support/cs-14Z90Q-G.AA72A/,Australia,지원/Support,79
https://www.lg.com/au/support/product-support/cs-14Z90R-G.AA75A/,Australia,지원/Support,79
https://www.lg.com/au/support/product-support/cs-14Z90R-G.AP55A/,Australia,지원/Support,79
https://www.lg.com/au/support/product-support/cs-14Z90RS-G.AA54A/,Australia,지원/Support,79
https://www.lg.com/au/support/product-support/cs-14Z90RS-G.AA74A/,Australia,지원/Support,78
https://www.lg.com/au/support/product-support/cs-14Z90S-G.AA75A/,Australia,지원/Support,79
https://www.lg.com/au/support/product-support/cs-14Z90S-G.AP55A/,Australia,지원/Support,79
https://www.lg.com/au/support/product-support/cs-14Z90S-G.AP75A/,Australia,지원/Support,78
https://www.lg.com/au/support/product-support/cs-15U50T-G.AR52A/,Australia,지원/Support,78
https://www.lg.com/au/support/product-support/cs-15U50T-G.AR55A/,Australia,지원/Support,79
https://www.lg.com/au/support/product-support/cs-15U530-M.AFLGZ/,Australia,지원/Support,78
https://www.lg.com/au/support/product-support/cs-15Z90RT-G.AA75A/,Australia,지원/Support,78
https://www.lg.com/au/support/product-support/cs-15Z90S-G.AD75A/,Australia,지원/Support,79
https://www.lg.com/au/support/product-support/cs-15Z960-G.AA50K/,Australia,지원/Support,78
https://www.lg.com/au/support/product-support/cs-15Z995-V.AXCTA/,Australia,지원/Support,78
https://www.lg.com/au/support/product-support/cs-16M38A-B.AAU/,Australia,지원/Support,78
https://www.lg.com/au/support/product-support/troubleshoot/,Australia,지원 - 트러블슈팅,71
https://www.lg.com/au/support/product-support/troubleshoot/help-library/,Australia,지원 - 트러블슈팅,75
https://www.lg.com/au/support/product-support/troubleshoot/help-library/cs-CT32010282-20150117259768/,Australia,지원 - 트러블슈팅,79
https://www.lg.com/au/support/product-support/troubleshoot/help-library/cs-CT32010282-20150117260477/,Australia,지원 - 트러블슈팅,79
https://www.lg.com/au/support/product-support/troubleshoot/help-library/cs-CT32010282-20151536616732/,Australia,지원 - 트러블슈팅,79
https://www.lg.com/au/support/product-support/troubleshoot/help-library/cs-CT32010282-20151536622516/,Australia,지원 - 트러블슈팅,79
https://www.lg.com/au/support/product-support/troubleshoot/help-library/cs-CT32010282-20151536625692/,Australia,지원 - 트러블슈팅,79
https://www.lg.com/au/support/product-support/troubleshoot/help-library/cs-CT32010282-20151536633217/,Australia,지원 - 트러블슈팅,79
https://www.lg.com/au/support/product-support/troubleshoot/help-library/cs-CT32010282-20151536637787/,Australia,지원 - 트러블슈팅,79
https://www.lg.com/au/support/product-support/troubleshoot/help-library/cs-CT32010282-20151536646411/,Australia,지원 - 트러블슈팅,79
https://www.lg.com/au/support/product-support/troubleshoot/help-library/cs-CT32010282-20151536747806/,Australia,지원 - 트러블슈팅,79
https://www.lg.com/au/support/product-support/troubleshoot/help-library/cs-CT32010282-20151536754533/,Australia,지원 - 트러블슈팅,79
https://www.lg.com/au/support/product-support/troubleshoot/help-library/cs-CT52001891-20150117258142/,Australia,지원 - 트러블슈팅,79
https://www.lg.com/au/support/product-support/troubleshoot/help-library/cs-CT52001891-20150150218748/,Australia,지원 - 트러블슈팅,79
https://www.lg.com/au/support/product-support/troubleshoot/help-library/cs-CT52001891-20150150220068LST/,Australia,지원 - 트러블슈팅,79
https://www.lg.com/au/support/product-support/troubleshoot/help-library/cs-CT52001891-20150150306772/,Australia,지원 - 트러블슈팅,79
https://www.lg.com/au/support/product-support/troubleshoot/help-library/cs-CT52001891-20150152057761OLT/,Australia,지원 - 트러블슈팅,79
https://www.lg.com/au/support/product-support/troubleshoot/help-library/cs-CT52001891-20150152061675LST/,Australia,지원 - 트러블슈팅,79
https://www.lg.com/au/support/product-support/troubleshoot/help-library/cs-CT52001891-20151258113353/,Australia,지원 - 트러블슈팅,79
https://www.lg.com/au/support/product-support/troubleshoot/help-library/cs-CT52001891-20151258115195/,Australia,지원 - 트러블슈팅,79
https://www.lg.com/au/support/product-support/troubleshoot/help-library/cs-CT52001891-20151617379821/,Australia,지원 - 트러블슈팅,79
https://www.lg.com/au/support/product-support/troubleshoot/help-library/cs-CT52001891-20151875443020/,Australia,지원 - 트러블슈팅,79
https://www.lg.com/au/support/product-support/troubleshoot/help-library/cs-CT52001891-20151886158895/,Australia,지원 - 트러블슈팅,79
https://www.lg.com/au/support/product-support/troubleshoot/help-library/cs-CT52001891-20152057095565/,Australia,지원 - 트러블슈팅,79
https://www.lg.com/au/support/product-support/troubleshoot/help-library/cs-CT52001891-20152424764775/,Australia,지원 - 트러블슈팅,79
https://www.lg.com/au/support/product-support/troubleshoot/help-library/cs-CT52001891-20152424764928/,Australia,지원 - 트러블슈팅,79
https://www.lg.com/au/support/product-support/troubleshoot/help-library/cs-CT52001891-20152424765390/,Australia,지원 - 트러블슈팅,79
https://www.lg.com/au/support/product-support/troubleshoot/help-library/cs-CT52001891-20153096002080OLT/,Australia,지원 - 트러블슈팅,79
https://www.lg.com/au/support/product-support/troubleshoot/help-library/cs-CT52001891-20153096004541/,Australia,지원 - 트러블슈팅,79
https://www.lg.com/au/support/product-support/troubleshoot/help-library/cs-CT52001891-20153109281982OLT/,Australia,지원 - 트러블슈팅,79
https://www.lg.com/au/support/product-support/troubleshoot/help-library/cs-CT52001891-20153110643241/,Australia,지원 - 트러블슈팅,79
https://www.lg.com/au/support/product-support/troubleshoot/help-library/cs-CT52001891-20153119161989/,Australia,지원 - 트러블슈팅,79
https://www.lg.com/au/support/product-support/troubleshoot/help-library/cs-CT52001891-20153119161989LST/,Australia,지원 - 트러블슈팅,79
https://www.lg.com/au/support/product-support/troubleshoot/help-library/cs-CT52001891-20153122605643/,Australia,지원 - 트러블슈팅,79
https://www.lg.com/au/support/product-support/troubleshoot/help-library/cs-CT52001891-20153122612066/,Australia,지원 - 트러블슈팅,79
https://www.lg.com/au/support/product-support/troubleshoot/help-library/cs-CT52001891-20153122635079OLT/,Australia,지원 - 트러블슈팅,79
https://www.lg.com/au/support/product-support/troubleshoot/help-library/cs-CT52001891-20153122639240/,Australia,지원 - 트러블슈팅,79
https://www.lg.com/au/support/product-support/troubleshoot/help-library/cs-CT52001891-20153123661970LST/,Australia,지원 - 트러블슈팅,79
https://www.lg.com/au/support/product-support/troubleshoot/help-library/cs-CT52001891-20153123661970OLT/,Australia,지원 - 트러블슈팅,79
https://www.lg.com/au/support/product-support/troubleshoot/help-library/cs-CT52001891-20153130464833OLT/,Australia,지원 - 트러블슈팅,79
https://www.lg.com/au/support/product-support/troubleshoot/help-library/cs-CT52001891-20153211059797OLT/,Australia,지원 - 트러블슈팅,79
https://www.lg.com/au/support/product-support/troubleshoot/help-library/cs-CT52001891-20153215184746/,Australia,지원 - 트러블슈팅,79
https://www.lg.com/au/support/product-support/troubleshoot/help-library/cs-CT52001891-20153215358119/,Australia,지원 - 트러블슈팅,79
https://www.lg.com/au/support/product-support/troubleshoot/help-library/cs-CT52001891-20153215427388/,Australia,지원 - 트러블슈팅,79
https://www.lg.com/au/support/product-support/troubleshoot/help-library/cs-CT52001891-20153215469176/,Australia,지원 - 트러블슈팅,79
https://www.lg.com/au/support/product-support/troubleshoot/help-library/cs-CT52001891-20153215469176LST/,Australia,지원 - 트러블슈팅,79
https://www.lg.com/au/support/product-support/troubleshoot/help-library/cs-CT52001891-20153215656522OLT/,Australia,지원 - 트러블슈팅,79
https://www.lg.com/au/support/product-support/troubleshoot/help-library/cs-CT52001891-20153217109641/,Australia,지원 - 트러블슈팅,79
https://www.lg.com/au/support/product-support/troubleshoot/help-library/cs-CT52001891-20153217225062LST/,Australia,지원 - 트러블슈팅,79
https://www.lg.com/au/support/product-support/troubleshoot/help-library/cs-CT52001891-20153217225062OLT/,Australia,지원 - 트러블슈팅,79
https://www.lg.com/au/support/product-support/troubleshoot/help-library/cs-CT52001891-20153217242233LST/,Australia,지원 - 트러블슈팅,79
https://www.lg.com/au/support/product-support/troubleshoot/help-library/cs-CT52001891-20153217242233OLT/,Australia,지원 - 트러블슈팅,79
https://www.lg.com/au/support/product-support/troubleshoot/help-library/cs-CT52001891-20153217392935/,Australia,지원 - 트러블슈팅,79
https://www.lg.com/au/support/product-support/troubleshoot/help-library/cs-CT52001891-20153217392935LST/,Australia,지원 - 트러블슈팅,79
https://www.lg.com/au/support/product-support/troubleshoot/help-library/cs-CT52001891-20153218982292/,Australia,지원 - 트러블슈팅,79
https://www.lg.com/au/support/product-support/troubleshoot/help-library/cs-CT52001891-20153218982292LST/,Australia,지원 - 트러블슈팅,79
https://www.lg.com/au/support/product-support/troubleshoot/help-library/cs-CT52001891-20153219139788LST/,Australia,지원 - 트러블슈팅,79
https://www.lg.com/au/support/product-support/troubleshoot/help-library/cs-CT52001891-20153219139788OLT/,Australia,지원 - 트러블슈팅,79
https://www.lg.com/au/support/product-support/troubleshoot/help-library/cs-CT52001891-20153263912645OLT/,Australia,지원 - 트러블슈팅,79
https://www.lg.com/au/support/product-support/troubleshoot/help-library/cs-CT52001891-20153264076256/,Australia,지원 - 트러블슈팅,79
https://www.lg.com/au/support/product-support/troubleshoot/help-library/cs-CT52001891-20153265307286OLT/,Australia,지원 - 트러블슈팅,79
https://www.lg.com/au/support/product-support/troubleshoot/help-library/cs-CT52001891-20153265453598/,Australia,지원 - 트러블슈팅,79
https://www.lg.com/au/support/product-support/troubleshoot/help-library/cs-CT52001891-20153265500320OLT/,Australia,지원 - 트러블슈팅,79
https://www.lg.com/au/support/product-support/troubleshoot/help-library/cs-CT52001891-20153265521059/,Australia,지원 - 트러블슈팅,79
https://www.lg.com/au/support/product-support/troubleshoot/help-library/cs-CT52001891-20153267050537OLT/,Australia,지원 - 트러블슈팅,79
https://www.lg.com/au/support/product-support/troubleshoot/help-library/cs-CT52001891-20153267092360/,Australia,지원 - 트러블슈팅,79
https://www.lg.com/au/support/product-support/troubleshoot/help-library/cs-CT52001891-20153269287046/,Australia,지원 - 트러블슈팅,79
https://www.lg.com/au/support/product-support/troubleshoot/help-library/cs-CT52001891-20153269287046LST/,Australia,지원 - 트러블슈팅,79
https://www.lg.com/au/support/product-support/troubleshoot/help-library/cs-CT52001891-20153269416784OLT/,Australia,지원 - 트러블슈팅,79
https://www.lg.com/au/support/product-support/troubleshoot/help-library/cs-CT52001891-20153269436373LST/,Australia,지원 - 트러블슈팅,79
https://www.lg.com/au/support/product-support/troubleshoot/help-library/cs-CT52001891-20153275592966/,Australia,지원 - 트러블슈팅,79
https://www.lg.com/au/support/product-support/troubleshoot/help-library/cs-CT52001891-20153275592966LST/,Australia,지원 - 트러블슈팅,79
https://www.lg.com/au/support/product-support/troubleshoot/help-library/cs-CT52001891-20153277308197LST/,Australia,지원 - 트러블슈팅,79
https://www.lg.com/au/support/product-support/troubleshoot/help-library/cs-CT52001891-20153277308197OLT/,Australia,지원 - 트러블슈팅,79
https://www.lg.com/au/support/product-support/troubleshoot/help-library/cs-CT52001891-20153280792945OLT/,Australia,지원 - 트러블슈팅,79
https://www.lg.com/au/support/product-support/troubleshoot/help-library/cs-CT52001891-20153280988652/,Australia,지원 - 트러블슈팅,79
https://www.lg.com/au/support/product-support/troubleshoot/help-library/cs-CT52001891-20153280988652LST/,Australia,지원 - 트러블슈팅,79
https://www.lg.com/au/support/product-support/troubleshoot/help-library/cs-CT52001891-20153280988652OLT/,Australia,지원 - 트러블슈팅,79
https://www.lg.com/au/support/product-support/troubleshoot/help-library/cs-CT52001891-20153282434957OLT/,Australia,지원 - 트러블슈팅,79
https://www.lg.com/au/support/product-support/troubleshoot/help-library/cs-CT52001891-20153282551163LST/,Australia,지원 - 트러블슈팅,79
https://www.lg.com/au/support/product-support/troubleshoot/help-library/cs-CT52001891-20153287195760/,Australia,지원 - 트러블슈팅,79
https://www.lg.com/au/support/product-support/troubleshoot/help-library/cs-CT52001891-20153287195760LST/,Australia,지원 - 트러블슈팅,79
https://www.lg.com/au/support/product-support/troubleshoot/help-library/cs-CT52001891-20153287214135OLT/,Australia,지원 - 트러블슈팅,79
https://www.lg.com/au/support/product-support/troubleshoot/help-library/cs-CT52001891-20153287219630LST/,Australia,지원 - 트러블슈팅,79
https://www.lg.com/au/support/product-support/troubleshoot/help-library/cs-CT52001891-20153287219630OLT/,Australia,지원 - 트러블슈팅,79
https://www.lg.com/au/support/product-support/troubleshoot/help-library/cs-CT52001891-20153288421502OLT/,Australia,지원 - 트러블슈팅,79
https://www.lg.com/au/support/product-support/troubleshoot/help-library/cs-CT52001891-20153288449151/,Australia,지원 - 트러블슈팅,79
https://www.lg.com/au/support/product-support/troubleshoot/help-library/cs-CT52001891-20153288765281OLT/,Australia,지원 - 트러블슈팅,79
https://www.lg.com/au/support/product-support/troubleshoot/help-library/cs-CT52001891-20153288828836LST/,Australia,지원 - 트러블슈팅,79
https://www.lg.com/au/support/product-support/troubleshoot/help-library/cs-CT52001891-20153288961532/,Australia,지원 - 트러블슈팅,79
https://www.lg.com/au/support/product-support/troubleshoot/help-library/cs-CT52001891-20153288961532LST/,Australia,지원 - 트러블슈팅,79
https://www.lg.com/au/support/product-support/troubleshoot/help-library/cs-CT52001891-20153288979459OLT/,Australia,지원 - 트러블슈팅,79
https://www.lg.com/au/support/product-support/troubleshoot/help-library/cs-CT52001891-20153290254916/,Australia,지원 - 트러블슈팅,79
https://www.lg.com/au/support/product-support/troubleshoot/help-library/cs-CT52001891-20153290390648/,Australia,지원 - 트러블슈팅,79
https://www.lg.com/au/support/product-support/troubleshoot/help-library/cs-CT52001891-20153290390648LST/,Australia,지원 - 트러블슈팅,79
https://www.lg.com/au/support/product-support/troubleshoot/help-library/cs-CT52001891-20153290435475/,Australia,지원 - 트러블슈팅,79
https://www.lg.com/au/support/product-support/troubleshoot/help-library/cs-CT52001891-20153290451786LST/,Australia,지원 - 트러블슈팅,79
https://www.lg.com/au/support/product-support/troubleshoot/help-library/cs-CT52001891-20153290451786OLT/,Australia,지원 - 트러블슈팅,79
https://www.lg.com/au/support/product-support/troubleshoot/help-library/cs-CT52001891-20153290825789LST/,Australia,지원 - 트러블슈팅,79
https://www.lg.com/au/support/product-support/troubleshoot/help-library/cs-CT52001891-20153290825789OLT/,Australia,지원 - 트러블슈팅,79
https://www.lg.com/br/buying-guides/laundry-spec-library/,Brazil,구매 가이드,81
https://www.lg.com/br/buying-guides/monitor-lineup-guide/,Brazil,구매 가이드,84
https://www.lg.com/br/buying-guides/monitor-spec-library/,Brazil,구매 가이드,78
https://www.lg.com/br/buying-guides/refrigerator-spec-library/,Brazil,구매 가이드,78
https://www.lg.com/br/buying-guides/tv-lineup-guide/,Brazil,구매 가이드,81
https://www.lg.com/br/buying-guides/tv-spec-library/,Brazil,구매 가이드,75
https://www.lg.com/br/buying-guides/tv-spec-test/,Brazil,구매 가이드,71
https://www.lg.com/br/home-appliances/buying-guide/,Brazil,구매 가이드,74
https://www.lg.com/br/home-appliances/buying-guide/fridge-freezer/feature-performance/,Brazil,구매 가이드,81
https://www.lg.com/br/home-appliances/buying-guide/fridge-freezer/size-volume/,Brazil,구매 가이드,84
https://www.lg.com/br/home-appliances/buying-guide/fridge-freezer/type/,Brazil,구매 가이드,81
https://www.lg.com/br/home-appliances/buying-guide/washing-machine/feature-performance/,Brazil,구매 가이드,78
https://www.lg.com/br/home-appliances/buying-guide/washing-machine/size-capacity/,Brazil,구매 가이드,84
https://www.lg.com/br/home-appliances/buying-guide/washing-machine/type/,Brazil,구매 가이드,84
https://www.lg.com/br/televisores-e-colunas-de-som/2022/buying-guide/,Brazil,구매 가이드,74
https://www.lg.com/br/tv/2022/buying-guide/,Brazil,구매 가이드,71
https://www.lg.com/br/tvs-e-soundbars/tv-buying-guide/,Brazil,구매 가이드,77
https://www.lg.com/br/tvs-e-soundbars/tv-buying-guide/gaming-tv/,Brazil,구매 가이드,66
https://www.lg.com/br/tvs-e-soundbars/tv-buying-guide/home-cinema/,Brazil,구매 가이드,66
https://www.lg.com/br/tvs-e-soundbars/tv-buying-guide/lifestyle/,Brazil,구매 가이드,66
https://www.lg.com/br/tvs-e-soundbars/tv-buying-guide/sport-tv/,Brazil,구매 가이드,69
https://www.lg.com/br/tvs-e-soundbars/tv-buying-guide/tv-design/,Brazil,구매 가이드,66
https://www.lg.com/br/tvs-e-soundbars/tv-buying-guide/tv-size/,Brazil,구매 가이드,69
https://www.lg.com/br/tvs-e-soundbars/tv-buying-guide/tv-technology/oled-vs-qned/,Brazil,구매 가이드,69
https://www.lg.com/br/tvs-e-soundbars/tv-buying-guide/tv-technology/what-is-4k-tv/,Brazil,구매 가이드,72
https://www.lg.com/br/tvs-e-soundbars/tv-buying-guide/what-is-a-smart-tv-ai-tv/,Brazil,구매 가이드,71
https://www.lg.com/br/historias-com-lg/,Brazil,뉴스룸/Press,79
https://www.lg.com/br/historias-com-lg/aconchego-em-casa-com-lg/,Brazil,뉴스룸/Press,70
https://www.lg.com/br/historias-com-lg/ano-novo-novo-eu-com-lg/,Brazil,뉴스룸/Press,72
https://www.lg.com/br/historias-com-lg/black-friday-desejos-com-lg/,Brazil,뉴스룸/Press,72
https://www.lg.com/br/historias-com-lg/consultoria-espacial-com-lg/,Brazil,뉴스룸/Press,69
https://www.lg.com/br/historias-com-lg/dando-vida-ao-futebol-com-lg/,Brazil,뉴스룸/Press,73
https://www.lg.com/br/historias-com-lg/dia-das-maes-com-lg/,Brazil,뉴스룸/Press,72
https://www.lg.com/br/historias-com-lg/dicas-refrescantes-com-lg/,Brazil,뉴스룸/Press,73
https://www.lg.com/br/historias-com-lg/escapada-hanok-harmoniosa-com-lg/,Brazil,뉴스룸/Press,73
https://www.lg.com/br/historias-com-lg/escritorio-em-casa-com-lg/,Brazil,뉴스룸/Press,76
https://www.lg.com/br/historias-com-lg/futebol-em-casa-tv-oled-lg/,Brazil,뉴스룸/Press,73
https://www.lg.com/br/historias-com-lg/inspiracao-de-interior-com-lg/,Brazil,뉴스룸/Press,72
https://www.lg.com/br/historias-com-lg/mundo-perfeito-para-nos-com-lg/,Brazil,뉴스룸/Press,72
https://www.lg.com/br/historias-com-lg/natal-aconchegante-com-lg/,Brazil,뉴스룸/Press,73
https://www.lg.com/br/historias-com-lg/paraiso-gamer-definitivo-com-lg/,Brazil,뉴스룸/Press,73
https://www.lg.com/br/historias-com-lg/pergunte-teste-comprove-com-lg/,Brazil,뉴스룸/Press,70
https://www.lg.com/br/historias-com-lg/qa-view/may-26/,Brazil,뉴스룸/Press,76
https://www.lg.com/br/historias-com-lg/quando-rotina-vira-alegria-com-lg/,Brazil,뉴스룸/Press,72
https://www.lg.com/br/historias-com-lg/redescubra-lg-atraves-de-quem-testou/,Brazil,뉴스룸/Press,72
https://www.lg.com/br/historias-com-lg/reset-da-semana-com-lg/,Brazil,뉴스룸/Press,76
https://www.lg.com/br/historias-com-lg/reset-de-ano-novo-com-lg/,Brazil,뉴스룸/Press,72
https://www.lg.com/br/historias-com-lg/roupa-nas-ferias-com-lg/,Brazil,뉴스룸/Press,73
https://www.lg.com/br/historias-com-lg/stadium-feel-starts-at-home/,Brazil,뉴스룸/Press,76
https://www.lg.com/br/historias-com-lg/test2/,Brazil,뉴스룸/Press,73
https://www.lg.com/br/historias-com-lg/trabalho-e-diversao-com-lg/,Brazil,뉴스룸/Press,70
https://www.lg.com/br/historias-com-lg/upgrade-volta-as-aulas-com-lg/,Brazil,뉴스룸/Press,73
https://www.lg.com/br/historias-com-lg/vida-feita-para-durar-com-lg/,Brazil,뉴스룸/Press,70
https://www.lg.com/br/historias-com-lg/vida-inteligente-com-lg/,Brazil,뉴스룸/Press,76
https://www.lg.com/br/lifesgood/,Brazil,뉴스룸/Press,77
https://www.lg.com/br/lifesgood/2023-campaign/,Brazil,뉴스룸/Press,61
https://www.lg.com/br/lifesgood/ai-home/,Brazil,뉴스룸/Press,74
https://www.lg.com/br/lifesgood/ai-mobility/,Brazil,뉴스룸/Press,74
https://www.lg.com/br/lifesgood/ai-office/,Brazil,뉴스룸/Press,77
https://www.lg.com/br/lifesgood/less-artificial-more-human/,Brazil,뉴스룸/Press,74
https://www.lg.com/br/lifesgood/optimism-your-feed/,Brazil,뉴스룸/Press,65
https://www.lg.com/br/lifesgood/optimism-your-feed/interview/,Brazil,뉴스룸/Press,71
https://www.lg.com/br/lifesgood/product-story-instaview/,Brazil,뉴스룸/Press,68
https://www.lg.com/br/lifesgood/product-story-oled-t/,Brazil,뉴스룸/Press,68
https://www.lg.com/br/lifesgood/product-story-washtower/,Brazil,뉴스룸/Press,68
https://www.lg.com/br/lifesgood/radio-optimism/,Brazil,뉴스룸/Press,73
https://www.lg.com/br/lg-experience/,Brazil,LG Experience,80
https://www.lg.com/br/lg-experience/caixa-de-som-para-festa/,Brazil,LG Experience,80
https://www.lg.com/br/lg-experience/dicas-uteis/,Brazil,LG Experience,67
https://www.lg.com/br/lg-experience/dicas-uteis/aspirador-vertical-ou-robo/,Brazil,LG Experience,73
https://www.lg.com/br/lg-experience/dicas-uteis/bateria-notebook/,Brazil,LG Experience,80
https://www.lg.com/br/lg-experience/dicas-uteis/bomba-calor/,Brazil,LG Experience,73
https://www.lg.com/br/lg-experience/dicas-uteis/como-limpar-sua-geladeira/,Brazil,LG Experience,77
https://www.lg.com/br/lg-experience/dicas-uteis/como-limpar-sua-lava-loucas/,Brazil,LG Experience,77
https://www.lg.com/br/lg-experience/dicas-uteis/como-manter-alimentos-frescos/,Brazil,LG Experience,77
https://www.lg.com/br/lg-experience/dicas-uteis/como-manter-ar-condicionado-limpo/,Brazil,LG Experience,77
https://www.lg.com/br/lg-experience/dicas-uteis/como-medir-tamanhos-de-tv/,Brazil,LG Experience,80
https://www.lg.com/br/lg-experience/dicas-uteis/como-usar-lava-louca/,Brazil,LG Experience,77
https://www.lg.com/br/lg-experience/dicas-uteis/dicas-cuidado-lavagem-roupas-lg-styler/,Brazil,LG Experience,73
https://www.lg.com/br/lg-experience/dicas-uteis/dicas-e-ideias-para-espacos-gamer/,Brazil,LG Experience,80
https://www.lg.com/br/lg-experience/dicas-uteis/diferenca-tvs-qned-oled/,Brazil,LG Experience,77
https://www.lg.com/br/lg-experience/dicas-uteis/escolher-lavadora-abertura-frontal-superior/,Brazil,LG Experience,80
https://www.lg.com/br/lg-experience/dicas-uteis/guia-ciberseguranca-notebook/,Brazil,LG Experience,77
https://www.lg.com/br/lg-experience/dicas-uteis/guia-compra-notebook/,Brazil,LG Experience,77
https://www.lg.com/br/lg-experience/dicas-uteis/guia-tamanhos-monitor-gamer/,Brazil,LG Experience,73
https://www.lg.com/br/lg-experience/dicas-uteis/guia-vinhos-para-iniciantes/,Brazil,LG Experience,77
https://www.lg.com/br/lg-experience/dicas-uteis/ideias-para-salas-pequenas/,Brazil,LG Experience,80
https://www.lg.com/br/lg-experience/dicas-uteis/lava-seca-inteligente-wifi-ia/,Brazil,LG Experience,77
https://www.lg.com/br/lg-experience/dicas-uteis/melhor-notebook-produtividade-ia/,Brazil,LG Experience,73
https://www.lg.com/br/lg-experience/dicas-uteis/monitor-curvo-melhor/,Brazil,LG Experience,73
https://www.lg.com/br/lg-experience/dicas-uteis/monitores-smart/,Brazil,LG Experience,77
https://www.lg.com/br/lg-experience/dicas-uteis/multitarefa-com-dois-monitores/,Brazil,LG Experience,77
https://www.lg.com/br/lg-experience/dicas-uteis/o-que-kimchi-como-armazenar/,Brazil,LG Experience,77
https://www.lg.com/br/lg-experience/dicas-uteis/presentes-tecnologicos-para-homens/,Brazil,LG Experience,77
https://www.lg.com/br/lg-experience/dicas-uteis/secadora-bomba-calor-ou-condensacao/,Brazil,LG Experience,73
https://www.lg.com/br/lg-experience/dicas-uteis/tv-ia-melhora-som-imagem/,Brazil,LG Experience,77
https://www.lg.com/br/lg-experience/dicas-uteis/tv-lg-ideal-para-voce/,Brazil,LG Experience,80
https://www.lg.com/br/lg-experience/dicas-uteis/verdade-sobre-capacidade-lavadoras/,Brazil,LG Experience,80
https://www.lg.com/br/lg-experience/guia-compras/como-escolher-projetor/,Brazil,LG Experience,70
https://www.lg.com/br/lg-experience/guia-compras/monitores-baratos/,Brazil,LG Experience,73
https://www.lg.com/br/lg-experience/historias/,Brazil,LG Experience,61
https://www.lg.com/br/lg-experience/inspiracao/,Brazil,LG Experience,68
https://www.lg.com/br/lg-experience/inspiracao/11-anos-da-lg-oled/,Brazil,LG Experience,77
https://www.lg.com/br/lg-experience/inspiracao/area-de-lazer-quarto-gamer/,Brazil,LG Experience,77
https://www.lg.com/br/lg-experience/inspiracao/automacao-residencial-casa-inteligente/,Brazil,LG Experience,80
https://www.lg.com/br/lg-experience/inspiracao/automacao-residencial-thinq/,Brazil,LG Experience,77
https://www.lg.com/br/lg-experience/inspiracao/cinema-em-familia-com-tv-lg/,Brazil,LG Experience,80
https://www.lg.com/br/lg-experience/inspiracao/design-tvs-modernas/,Brazil,LG Experience,77
https://www.lg.com/br/lg-experience/inspiracao/dispositivos-lg-para-acampamento/,Brazil,LG Experience,80
https://www.lg.com/br/lg-experience/inspiracao/home-office-lg-trabalho-remoto/,Brazil,LG Experience,80
https://www.lg.com/br/lg-experience/inspiracao/itens-essenciais-viagem/,Brazil,LG Experience,73
https://www.lg.com/br/lg-experience/inspiracao/lavagens-eficientes-ia-lg/,Brazil,LG Experience,77
https://www.lg.com/br/lg-experience/inspiracao/melhor-notebook-para-escritores/,Brazil,LG Experience,80
https://www.lg.com/br/lg-experience/inspiracao/mudancas-tecnologia/,Brazil,LG Experience,73
https://www.lg.com/br/lg-experience/inspiracao/presentes-tecnologicos-para-mulheres/,Brazil,LG Experience,77
https://www.lg.com/br/lg-experience/laboratorio-lg/,Brazil,LG Experience,67
https://www.lg.com/br/lg-experience/laboratorio-lg/como-usar-controle-smart-magic/,Brazil,LG Experience,77
https://www.lg.com/br/lg-experience/laboratorio-lg/manual-webos/,Brazil,LG Experience,77
https://www.lg.com/br/lg-experience/laboratorio-lg/melhores-soundbars-lg-para-voce/,Brazil,LG Experience,80
https://www.lg.com/br/lg-experience/laboratorio-lg/o-que-sao-smart-tvs/,Brazil,LG Experience,73
https://www.lg.com/br/lg-experience/laboratorio-lg/soundbar-ideal-para-voce-lg/,Brazil,LG Experience,77
https://www.lg.com/br/lg-experience/laboratorio-lg/soundbars-para-tvs-lg/,Brazil,LG Experience,77
https://www.lg.com/br/lg-experience/lg-lab/,Brazil,LG Experience,61
https://www.lg.com/br/lg-experience/nossas-historias/historia-das-geladeiras/,Brazil,LG Experience,77
https://www.lg.com/br/lg-experience/novidades/,Brazil,LG Experience,61
https://www.lg.com/br/lg-experience/o-que-e-uma-tv-4k/,Brazil,LG Experience,77
https://www.lg.com/br/lg-thinq/magazine/how-to-make-sure-your-home-is-ready-for-summer/,Brazil,마이크로사이트/캠페인,77
https://www.lg.com/br/qr-code/top-freezer-gn-b392plm/,Brazil,마이크로사이트/캠페인,63
https://www.lg.com/br/qr-code/top-freezer-gn-b392pqd/,Brazil,마이크로사이트/캠페인,68
https://www.lg.com/br/qr-code/top-freezer-gn-b392pxg/,Brazil,마이크로사이트/캠페인,68
https://www.lg.com/br/qr-code/top-freezer/,Brazil,마이크로사이트/캠페인,67
https://www.lg.com/br/qr-code/top-freezer/b372pfmb/,Brazil,마이크로사이트/캠페인,70
https://www.lg.com/br/qr-code/top-freezer/b372pqw2/,Brazil,마이크로사이트/캠페인,67
https://www.lg.com/br/qr-code/top-freezer/b392pxgb/,Brazil,마이크로사이트/캠페인,70
https://www.lg.com/br/qr-code/top-freezer/b452pffq/,Brazil,마이크로사이트/캠페인,67
https://www.lg.com/br/qr-code/top-gun/,Brazil,마이크로사이트/캠페인,73
https://www.lg.com/br/qr-code/top-gun/wd16wnt/,Brazil,마이크로사이트/캠페인,70
https://www.lg.com/br/qr-code/top-gun/wd18gnt/,Brazil,마이크로사이트/캠페인,70
https://www.lg.com/br/televisores-e-colunas-de-som/qned/2022/why-lg-qned-old/,Brazil,마이크로사이트/캠페인,74
https://www.lg.com/br/tvs-e-soundbars/why-lg-ai-tv/,Brazil,마이크로사이트/캠페인,66
https://www.lg.com/br/tvs-e-soundbars/why-lg-mini-rgb-evo/,Brazil,마이크로사이트/캠페인,66
https://www.lg.com/br/tvs-e-soundbars/why-lg-qned-evo/,Brazil,마이크로사이트/캠페인,66
https://www.lg.com/br/tvs-e-soundbars/why-qned-evo/,Brazil,마이크로사이트/캠페인,71
https://www.lg.com/br/tvs-soundbars/why-lg-ai-tv/,Brazil,마이크로사이트/캠페인,73
https://www.lg.com/br/hotel-tv/pro-centric-smart-tv/42ly760h/,Brazil,제품 상세 (PDP),75
https://www.lg.com/br/hotel-tv/pro-centric-tv/32ly540h/,Brazil,제품 상세 (PDP),75
https://www.lg.com/br/hotel-tv/pro-centric-tv/42ly540h/,Brazil,제품 상세 (PDP),75
https://www.lg.com/br/hotel-tv/tv-modo-hotel/32ly340h/,Brazil,제품 상세 (PDP),75
https://www.lg.com/br/hotel-tv/tv-modo-hotel/42ly340h/,Brazil,제품 상세 (PDP),75
https://www.lg.com/br/pecas-e-acessorios-para-tv-audio/4400r-0010a/,Brazil,제품 상세 (PDP),78
https://www.lg.com/br/pecas-e-acessorios-para-tv-audio/aan30005507/,Brazil,제품 상세 (PDP),78
https://www.lg.com/br/pecas-e-acessorios-para-tv-audio/aan30005827/,Brazil,제품 상세 (PDP),78
https://www.lg.com/br/pecas-e-acessorios-para-tv-e-audio/agf30112010/,Brazil,제품 상세 (PDP),78
https://www.lg.com/br/assinatura-digital/monitorar-parede-de-video/47lv35a-3b/,Brazil,제품 상세 (PDP),78
https://www.lg.com/br/assinatura-digital/monitorar-parede-de-video/55lv35a-3b/,Brazil,제품 상세 (PDP),78
https://www.lg.com/br/assinatura-digital/monitorar-parede-de-video/55lv75a-4b/,Brazil,제품 상세 (PDP),75
https://www.lg.com/br/computadores-portateis/gram/15z90n-v-p2/,Brazil,제품 상세 (PDP),78
https://www.lg.com/br/computadores-portateis/gram/16z90p-g/,Brazil,제품 상세 (PDP),75
https://www.lg.com/br/computadores-portateis/gram/17z90n-v-p2/,Brazil,제품 상세 (PDP),78
https://www.lg.com/br/digital-signage/monitor-transparente/47ts50mf/,Brazil,제품 상세 (PDP),75
https://www.lg.com/br/digital-signage/monitor-video-wall/47lv35a-3b/,Brazil,제품 상세 (PDP),75
https://www.lg.com/br/digital-signage/monitor-video-wall/55lv35a-3b/,Brazil,제품 상세 (PDP),78
https://www.lg.com/br/audio-e-video/xboom/xg9/,Brazil,제품 상세 (PDP),56
https://www.lg.com/br/audio-e-video/xboom360/,Brazil,제품 상세 (PDP),64
https://www.lg.com/br/audio/acessorio-de-audio/lac3910/,Brazil,제품 상세 (PDP),78
https://www.lg.com/br/audio/acessorio-de-audio/lac5910/,Brazil,제품 상세 (PDP),78
https://www.lg.com/br/audio/acessorio-de-audio/lac8910/,Brazil,제품 상세 (PDP),74
https://www.lg.com/br/audio/acessorio-de-audio/lcf800on/,Brazil,제품 상세 (PDP),78
https://www.lg.com/br/audio/acessorio-de-audio/lcs300an/,Brazil,제품 상세 (PDP),78
https://www.lg.com/br/audio/acessorio-de-audio/lcs500un/,Brazil,제품 상세 (PDP),78
https://www.lg.com/br/audio/acessorio-de-audio/nd1520/,Brazil,제품 상세 (PDP),78
https://www.lg.com/br/cooktop/lscg367st/,Brazil,제품 상세 (PDP),78
https://www.lg.com/br/cooktops/lscg367st/,Brazil,제품 상세 (PDP),78
https://www.lg.com/br/care-accessories/air-conditioners/filter/5231a30003b/,Brazil,제품 상세 (PDP),75
https://www.lg.com/br/care-accessories/air-conditioners/filter/adq73493505/,Brazil,제품 상세 (PDP),78
https://www.lg.com/br/lavandaria/styler/s3mfbn/,Brazil,제품 상세 (PDP),78
https://www.lg.com/br/acessorios-de-computador/aan73069057/,Brazil,제품 상세 (PDP),78
https://www.lg.com/br/acessorios-de-computador/aan74511201/,Brazil,제품 상세 (PDP),78
https://www.lg.com/br/acessorios-de-computador/aan75849304/,Brazil,제품 상세 (PDP),78
https://www.lg.com/br/acessorios-de-computador/aan76630206/,Brazil,제품 상세 (PDP),78
https://www.lg.com/br/acessorios-para-computador/afp73948404/,Brazil,제품 상세 (PDP),78
https://www.lg.com/br/acessorios-para-computador/eaj65679002/,Brazil,제품 상세 (PDP),78
https://www.lg.com/br/acessorios-para-eletrodomesticos/pecas-e-acessorios-de-cozinha/0czzw1h001x/,Brazil,제품 상세 (PDP),78
https://www.lg.com/br/acessorios-para-eletrodomesticos/pecas-e-acessorios-de-cozinha/0czzw1h007k/,Brazil,제품 상세 (PDP),78
https://www.lg.com/br/acessorios-para-eletrodomesticos/pecas-e-acessorios-de-cozinha/2b71732g/,Brazil,제품 상세 (PDP),78
https://www.lg.com/br/acessorios-para-eletrodomesticos/pecas-e-acessorios-de-cozinha/3052w1a007c/,Brazil,제품 상세 (PDP),78
https://www.lg.com/br/acessorios/pecas-e-acessorios-de-cozinha/0czzw1h001x/,Brazil,제품 상세 (PDP),78
https://www.lg.com/br/acessorios/pecas-e-acessorios-de-cozinha/0czzw1h007k/,Brazil,제품 상세 (PDP),78
https://www.lg.com/br/acessorios/pecas-e-acessorios-de-cozinha/2b71732g/,Brazil,제품 상세 (PDP),78
https://www.lg.com/br/acessorios/pecas-e-acessorios-de-cozinha/3219ja3001p/,Brazil,제품 상세 (PDP),78
https://www.lg.com/br/acionamentos-do-queimador/bh10ls30/,Brazil,제품 상세 (PDP),78
https://www.lg.com/br/acionamentos-do-queimador/gh22np20/,Brazil,제품 상세 (PDP),78
https://www.lg.com/br/acionamentos-do-queimador/gh22ns30/,Brazil,제품 상세 (PDP),78
https://www.lg.com/br/adegas-de-vinhos/av41/,Brazil,제품 상세 (PDP),78
https://www.lg.com/br/adegas-de-vinhos/av65/,Brazil,제품 상세 (PDP),78
https://www.lg.com/br/adegas-de-vinhos/av81/,Brazil,제품 상세 (PDP),78
https://www.lg.com/br/aparelhos-de-cozinha/47ws50b/,Brazil,제품 상세 (PDP),78
https://www.lg.com/br/aparelhos-de-cozinha/6549w1s011b/,Brazil,제품 상세 (PDP),78
https://www.lg.com/br/aparelhos-de-cozinha/6549w1s013m/,Brazil,제품 상세 (PDP),78
https://www.lg.com/br/ar-condicionado-comercial-leve/amnw09gsaa1/,Brazil,제품 상세 (PDP),78
https://www.lg.com/br/ar-condicionado-comercial-leve/amnw12gsja1/,Brazil,제품 상세 (PDP),78
https://www.lg.com/br/ar-condicionado-comercial-leve/amnw18gska1/,Brazil,제품 상세 (PDP),78
https://www.lg.com/br/ar-condicionado-comercial-leve/pwfmdd200/,Brazil,제품 상세 (PDP),78
https://www.lg.com/br/ar-condicionado-comercial-leve/tr12dla2829-r/,Brazil,제품 상세 (PDP),78
https://www.lg.com/br/ar-condicionado-comercial-leve/tr12dla2829/,Brazil,제품 상세 (PDP),78
https://www.lg.com/br/ar-condicionado-comercial-leve/tr12dla4647-r/,Brazil,제품 상세 (PDP),78
https://www.lg.com/br/ar-condicionado-comercial-leve/tr12dla4647/,Brazil,제품 상세 (PDP),78
https://www.lg.com/br/ar-condicionado-comercial-leve/tr12dlb2232-r/,Brazil,제품 상세 (PDP),78
https://www.lg.com/br/ar-condicionado-comercial-leve/tr12dlb2232/,Brazil,제품 상세 (PDP),78
https://www.lg.com/br/ar-condicionado-comercial-leve/tr12dlb4647-r/,Brazil,제품 상세 (PDP),78
https://www.lg.com/br/ar-condicionado-comercial-leve/tr12dlb4647/,Brazil,제품 상세 (PDP),78
https://www.lg.com/br/ar-condicionado-comercial-leve/tr12lac1vhw/,Brazil,제품 상세 (PDP),78
https://www.lg.com/br/ar-condicionado-comercial-leve/tr12lapo1o2-r/,Brazil,제품 상세 (PDP),78
https://www.lg.com/br/ar-condicionado-comercial-leve/tr12lapo1o2/,Brazil,제품 상세 (PDP),78
https://www.lg.com/br/ar-condicionado-comercial-leve/tr12lbc1vhw/,Brazil,제품 상세 (PDP),78
https://www.lg.com/br/ar-condicionado-comercial-leve/tr12lbop01r/,Brazil,제품 상세 (PDP),78
https://www.lg.com/br/ar-condicionado-comercial-leve/tr12lbpo1o2-r/,Brazil,제품 상세 (PDP),78
https://www.lg.com/br/ar-condicionado-comercial-leve/tr12lbpo1o2/,Brazil,제품 상세 (PDP),78
https://www.lg.com/br/ar-condicionado-comercial/a2uw16gfa2/,Brazil,제품 상세 (PDP),78
https://www.lg.com/br/ar-condicionado-comercial/a3uw21gfa0/,Brazil,제품 상세 (PDP),78
https://www.lg.com/br/ar-condicionado-comercial/a5uw30gfa0/,Brazil,제품 상세 (PDP),78
https://www.lg.com/br/ar-condicionado-comercial/a5uw40gfa0/,Brazil,제품 상세 (PDP),74
https://www.lg.com/br/ar-condicionado-comercial/ab-q54gm3a2/,Brazil,제품 상세 (PDP),78
https://www.lg.com/br/ar-condicionado-comercial/amnh09gb1a2/,Brazil,제품 상세 (PDP),78
https://www.lg.com/br/ar-condicionado-comercial/amnh09gtuc0/,Brazil,제품 상세 (PDP),75
https://www.lg.com/br/ar-condicionado-comercial/amnh12gb1a2/,Brazil,제품 상세 (PDP),78
https://www.lg.com/br/ar-condicionado-comercial/amnh12gtuc0/,Brazil,제품 상세 (PDP),75
https://www.lg.com/br/ar-condicionado-comercial/amnh18gb2a2/,Brazil,제품 상세 (PDP),78
https://www.lg.com/br/ar-condicionado-comercial/amnh24gb2a2/,Brazil,제품 상세 (PDP),78
https://www.lg.com/br/ar-condicionado-comercial/amnw07gewa0/,Brazil,제품 상세 (PDP),78
https://www.lg.com/br/ar-condicionado-comercial/amnw09gdbr0/,Brazil,제품 상세 (PDP),78
https://www.lg.com/br/ar-condicionado-comercial/amnw09geba0/,Brazil,제품 상세 (PDP),78
https://www.lg.com/br/ar-condicionado-comercial/amnw12gdbr0/,Brazil,제품 상세 (PDP),78
https://www.lg.com/br/ar-condicionado-comercial/amnw12geba0/,Brazil,제품 상세 (PDP),78
https://www.lg.com/br/ar-condicionado-comercial/amnw18gdcr0/,Brazil,제품 상세 (PDP),78
https://www.lg.com/br/ar-condicionado-comercial/amnw18geca0/,Brazil,제품 상세 (PDP),78
https://www.lg.com/br/ar-condicionado-comercial/amnw24gdcr0/,Brazil,제품 상세 (PDP),78
https://www.lg.com/br/ar-condicionado-comercial/amnw24geca0/,Brazil,제품 상세 (PDP),78
https://www.lg.com/br/ar-condicionado-residencial/9500-a-12000-btu-h/s4-q12ja31c/,Brazil,제품 상세 (PDP),78
https://www.lg.com/br/ar-condicionado-residencial/9500-a-12000-btu-h/s4-q24k231d/,Brazil,제품 상세 (PDP),75
https://www.lg.com/br/ar-condicionado-residencial/9500-a-12000-btu-h/s4-w12ja31a/,Brazil,제품 상세 (PDP),78
https://www.lg.com/br/ar-condicionado-residencial/acima-de-30000-btu-h/tr12dla2829--r/,Brazil,제품 상세 (PDP),78
https://www.lg.com/br/ar-condicionado-residencial/acima-de-30000-btu-h/tr12dla2829/,Brazil,제품 상세 (PDP),78
https://www.lg.com/br/ar-condicionado-residencial/acima-de-30000-btu-h/tr12dla4647--r/,Brazil,제품 상세 (PDP),78
https://www.lg.com/br/oledgaming/,Brazil,제품 카테고리 (PLP),66
https://www.lg.com/br/why-lgoled/cinema/,Brazil,제품 카테고리 (PLP),66
https://www.lg.com/br/qual-a-melhor-tv/,Brazil,제품 카테고리 (PLP),72
https://www.lg.com/br/tvs-telas-lifestyle/,Brazil,제품 카테고리 (PLP),77
https://www.lg.com/br/televisores-e-colunas-de-som/,Brazil,제품 카테고리 (PLP),76
https://www.lg.com/br/tv/2023/smart/,Brazil,제품 카테고리 (PLP),66
https://www.lg.com/br/why-lg-oled/sustainability/,Brazil,제품 카테고리 (PLP),66
https://www.lg.com/br/audio/,Brazil,제품 카테고리 (PLP),80
https://www.lg.com/br/home-audio/,Brazil,제품 카테고리 (PLP),76
https://www.lg.com/br/audio-e-video/xboom/,Brazil,제품 카테고리 (PLP),67
https://www.lg.com/br/selector-de-soundbar/,Brazil,제품 카테고리 (PLP),66
https://www.lg.com/br/audio/all-soundbars/,Brazil,제품 카테고리 (PLP),90
https://www.lg.com/br/audio/caixa-de-som-bluetooth/,Brazil,제품 카테고리 (PLP),87
https://www.lg.com/br/audio/caixas-de-som-bluetooth-para-festa-xboom/,Brazil,제품 카테고리 (PLP),83
https://www.lg.com/br/audio/caixas-de-som-portateis-xboom-go/,Brazil,제품 카테고리 (PLP),90
https://www.lg.com/br/audio/hi-fi-system/,Brazil,제품 카테고리 (PLP),83
https://www.lg.com/br/monitores/,Brazil,제품 카테고리 (PLP),74
https://www.lg.com/br/monitores/combos-monitores/,Brazil,제품 카테고리 (PLP),83
https://www.lg.com/br/monitores/monitores-ergo/,Brazil,제품 카테고리 (PLP),86
https://www.lg.com/br/monitores/monitores-pc/,Brazil,제품 카테고리 (PLP),80
https://www.lg.com/br/monitores/monitores-ultragear-oled/,Brazil,제품 카테고리 (PLP),89
https://www.lg.com/br/geladeiras/,Brazil,제품 카테고리 (PLP),74
https://www.lg.com/br/frigorificos/,Brazil,제품 카테고리 (PLP),76
https://www.lg.com/br/guia-compra-geladeiras/dispenser-agua-gelo-geladeiras/,Brazil,제품 카테고리 (PLP),76
https://www.lg.com/br/geladeiras/todas-geladeiras/?ec_ft_07549506=Door_Cooling,Brazil,제품 카테고리 (PLP),83
https://www.lg.com/br/frigorificos/frigorificos-altos/,Brazil,제품 카테고리 (PLP),79
https://www.lg.com/br/guia-compra-geladeiras/eficiencia-energetica-geladeiras/,Brazil,제품 카테고리 (PLP),66
https://www.lg.com/br/geladeiras/todas-geladeiras/?ec_ft_07549506=Instaview,Brazil,제품 카테고리 (PLP),83
https://www.lg.com/br/frigorificos/frigorificos-com-varias-portas/,Brazil,제품 카테고리 (PLP),79
https://www.lg.com/br/geladeiras/todas-geladeiras/?ec_ft_07549506=Lg_Thinq,Brazil,제품 카테고리 (PLP),83
https://www.lg.com/br/frigorificos/geladeiras-french-door/,Brazil,제품 카테고리 (PLP),86
https://www.lg.com/br/geladeiras/todas-geladeiras/?ec_ft_07549508=Branca,Brazil,제품 카테고리 (PLP),83
https://www.lg.com/br/geladeiras/todas-geladeiras/?ec_ft_07549508=Inox,Brazil,제품 카테고리 (PLP),86
https://www.lg.com/br/geladeiras/todas-geladeiras/?ec_ft_07549508=Preta,Brazil,제품 카테고리 (PLP),83
https://www.lg.com/br/ex-washers/,Brazil,제품 카테고리 (PLP),77
https://www.lg.com/br/lavanderia/,Brazil,제품 카테고리 (PLP),77
https://www.lg.com/br/lavanderia/lavadoras-de-roupa/,Brazil,제품 카테고리 (PLP),72
https://www.lg.com/br/lavanderia/lavadoras/,Brazil,제품 카테고리 (PLP),83
https://www.lg.com/br/lavanderia/todas-lavadoras/?ec_ft_06516755=11,Brazil,제품 카테고리 (PLP),83
https://www.lg.com/br/lavanderia/todas-lavadoras/?ec_ft_06516755=12,Brazil,제품 카테고리 (PLP),86
https://www.lg.com/br/lavanderia/todas-lavadoras/?ec_ft_06516755=13,Brazil,제품 카테고리 (PLP),86
https://www.lg.com/br/lavanderia/todas-lavadoras/?ec_ft_06516755=14,Brazil,제품 카테고리 (PLP),86
https://www.lg.com/br/lavanderia/todas-lavadoras/?ec_ft_06516755=16,Brazil,제품 카테고리 (PLP),86
https://www.lg.com/br/lavanderia/todas-lavadoras/?ec_ft_06516755=17,Brazil,제품 카테고리 (PLP),86
https://www.lg.com/br/lavanderia/todas-lavadoras/?ec_ft_06516755=18,Brazil,제품 카테고리 (PLP),86
https://www.lg.com/br/lavanderia/todas-lavadoras/?ec_ft_06516760=Black_Inox,Brazil,제품 카테고리 (PLP),86
https://www.lg.com/br/lavanderia/todas-lavadoras/?ec_ft_06516760=Branca,Brazil,제품 카테고리 (PLP),86
https://www.lg.com/br/ar-condicionado/ar-condicionado-por-que-escolher-lg/,Brazil,제품 카테고리 (PLP),69
https://www.lg.com/br/ar-condicionado-residencial/,Brazil,제품 카테고리 (PLP),80
https://www.lg.com/br/guia-compra-ar-condicionado/,Brazil,제품 카테고리 (PLP),73
https://www.lg.com/br/ar-condicionado/ar-condicionado-por-que-escolher-lg/ai-air/,Brazil,제품 카테고리 (PLP),66
https://www.lg.com/br/ar-condicionado-residencial/ar-condicionado-residencial-inverter/,Brazil,제품 카테고리 (PLP),83
https://www.lg.com/br/guia-compra-ar-condicionado/dicas-sobre-ar-condicionado/,Brazil,제품 카테고리 (PLP),80
https://www.lg.com/br/ar-condicionado/ar-condicionado-por-que-escolher-lg/artcool/,Brazil,제품 카테고리 (PLP),66
https://www.lg.com/br/ar-condicionado-residencial/dual-inverter-com-inteligencia-artificial/,Brazil,제품 카테고리 (PLP),66
https://www.lg.com/br/ar-condicionado/ar-condicionado-por-que-escolher-lg/bi-split/,Brazil,제품 카테고리 (PLP),72
https://www.lg.com/br/ar-condicionado-residencial/todos-aires-acondicionados/,Brazil,제품 카테고리 (PLP),86
https://www.lg.com/br/guia-compra-ar-condicionado/por-que-inverter/,Brazil,제품 카테고리 (PLP),66
https://www.lg.com/br/ar-condicionado/ar-condicionado-por-que-escolher-lg/compact/,Brazil,제품 카테고리 (PLP),66
https://www.lg.com/br/micro-ondas/,Brazil,제품 카테고리 (PLP),77
https://www.lg.com/br/micro-ondas/discontinued/,Brazil,제품 카테고리 (PLP),69
https://www.lg.com/br/account-integration/,Brazil,제품 카테고리 (PLP),59
https://www.lg.com/br/acessorios-para-eletrodomesticos/pecas-e-acessorios-de-cozinha/,Brazil,제품 카테고리 (PLP),80
https://www.lg.com/br/ar-condicionado/ar-condicionado-por-que-escolher-lg/uniq/,Brazil,제품 카테고리 (PLP),66
https://www.lg.com/br/audio/home-theater-soundbar/,Brazil,제품 카테고리 (PLP),86
https://www.lg.com/br/avalie-sua-instalacao/,Brazil,제품 카테고리 (PLP),70
https://www.lg.com/br/avaliouganhou/,Brazil,제품 카테고리 (PLP),76
https://www.lg.com/br/best/,Brazil,제품 카테고리 (PLP),72
https://www.lg.com/br/best-new/,Brazil,제품 카테고리 (PLP),72
https://www.lg.com/br/better-life/,Brazil,제품 카테고리 (PLP),69
https://www.lg.com/br/better-life-in-kitchen/,Brazil,제품 카테고리 (PLP),72
https://www.lg.com/br/blackfriday-lg/,Brazil,제품 카테고리 (PLP),83
https://www.lg.com/br/care-accessories/air-conditioners/filter/,Brazil,제품 카테고리 (PLP),83
https://www.lg.com/br/cart/,Brazil,제품 카테고리 (PLP),76
https://www.lg.com/br/cart-redirect/,Brazil,제품 카테고리 (PLP),67
https://www.lg.com/br/ces/,Brazil,제품 카테고리 (PLP),76
https://www.lg.com/br/ces2023/aerotower-air-purifying/,Brazil,제품 카테고리 (PLP),76
https://www.lg.com/br/checkout/,Brazil,제품 카테고리 (PLP),66
https://www.lg.com/br/config/,Brazil,제품 카테고리 (PLP),62
https://www.lg.com/br/dia-das-maes/,Brazil,제품 카테고리 (PLP),76
https://www.lg.com/br/digital-signage/lousa-digital/,Brazil,제품 카테고리 (PLP),69
https://www.lg.com/br/dynamic-cart/,Brazil,제품 카테고리 (PLP),66
https://www.lg.com/br/eletrodomesticos/lg-studio/style/,Brazil,제품 카테고리 (PLP),66
https://www.lg.com/br/encontre-uma-loja/,Brazil,제품 카테고리 (PLP),78
https://www.lg.com/br/tvs-por-tamanho-de-tela/86-a-97-polegadas/,Brazil,제품 카테고리 (PLP),83
https://www.lg.com/br/tv/2023/entertainment/,Brazil,제품 카테고리 (PLP),72
https://www.lg.com/br/xboom/,Brazil,제품 카테고리 (PLP),73
https://www.lg.com/br/home-audio/mini-componentes/,Brazil,제품 카테고리 (PLP),79
https://www.lg.com/br/soundbars/eco-minded-soundbars/,Brazil,제품 카테고리 (PLP),76
https://www.lg.com/br/why-lgoled/design/,Brazil,제품 카테고리 (PLP),67
https://www.lg.com/br/tvs-soundbars/lg-ai-tv-playbook/,Brazil,제품 카테고리 (PLP),70
https://www.lg.com/br/tvs-e-soundbars/2024/smart/gamingandlifestyle/,Brazil,제품 카테고리 (PLP),67
https://www.lg.com/br/tvs-e-soundbars/2024/smart/highlights/,Brazil,제품 카테고리 (PLP),67
https://www.lg.com/br/refrigerators/,Brazil,제품 카테고리 (PLP),73
https://www.lg.com/br/home-audio/todo-home-audio/,Brazil,제품 카테고리 (PLP),72
https://www.lg.com/br/guia-compra-ar-condicionado/temperatura-ideal/,Brazil,제품 카테고리 (PLP),72
https://www.lg.com/br/home-audio/xboom-torre-de-som/,Brazil,제품 카테고리 (PLP),79
https://www.lg.com/br/lavanderia/todas-lavadoras/?ec_ft_06516760=Inox_Look,Brazil,제품 카테고리 (PLP),83
https://www.lg.com/br/guia-compra-ar-condicionado/eficiencia/,Brazil,제품 카테고리 (PLP),66
https://www.lg.com/br/sobre-a-lg/press-media/,Brazil,프레스앤미디어,86
https://www.lg.com/br/sobre-a-lg/press-media/5-dicas-para-escolher-a-smart-tv-ideal-para-a-sua-casa-em-2026/,Brazil,프레스앤미디어,75
https://www.lg.com/br/sobre-a-lg/press-media/Ar-condicionado-com-inteligencia-artificial-LG/,Brazil,프레스앤미디어,69
https://www.lg.com/br/sobre-a-lg/press-media/a-nova-era-do-lg-webos/,Brazil,프레스앤미디어,82
https://www.lg.com/br/sobre-a-lg/press-media/ar-condicionado-com-ia-como-o-lg-dual-inverter-aprende-seus-habitos/,Brazil,프레스앤미디어,79
https://www.lg.com/br/sobre-a-lg/press-media/ar-condicionado-lg-dual-inverter-ai-como-economizar-energia-sem-abrir-mao-do-conforto/,Brazil,프레스앤미디어,75
https://www.lg.com/br/sobre-a-lg/press-media/ar-condicionado-lg-dual-inverter-motor-inverter-garante-mais-conforto/,Brazil,프레스앤미디어,86
https://www.lg.com/br/sobre-a-lg/press-media/as-tecnologias-de-ar-condicionado-da-lg0/,Brazil,프레스앤미디어,86
https://www.lg.com/br/sobre-a-lg/press-media/black-friday-tvs-oled-e-qned/,Brazil,프레스앤미디어,82
https://www.lg.com/br/sobre-a-lg/press-media/caixa-de-som-para-carnaval/,Brazil,프레스앤미디어,82
https://www.lg.com/br/sobre-a-lg/press-media/caixas-de-som-bluetooth-com-ai/,Brazil,프레스앤미디어,82
https://www.lg.com/br/sobre-a-lg/press-media/casa-conectada-lg/,Brazil,프레스앤미디어,79
https://www.lg.com/br/sobre-a-lg/press-media/celebrando-nova-fabrica-de-geladeiras-no-parana/,Brazil,프레스앤미디어,78
https://www.lg.com/br/sobre-a-lg/press-media/climatizacao-de-ambientes-grandes-como-escolher-o-ar-condicionado-ideal/,Brazil,프레스앤미디어,82
https://www.lg.com/br/sobre-a-lg/press-media/climatizacao-para-lojas-e-escritorios/,Brazil,프레스앤미디어,79
https://www.lg.com/br/sobre-a-lg/press-media/como-a-tecnologia-pode-ajudar-a-desacelerar-a-rotina/,Brazil,프레스앤미디어,82
https://www.lg.com/br/sobre-a-lg/press-media/como-alcancar-a-produtividade-maxima-com-um-monitor-ultrawide-lg/,Brazil,프레스앤미디어,79
https://www.lg.com/br/sobre-a-lg/press-media/como-calcular-a-potencia-ideal-do-ar-condicionado/,Brazil,프레스앤미디어,79
https://www.lg.com/br/sobre-a-lg/press-media/como-calcular-btus-por-m-e-escolher-o-ar-condicionado-ideal/,Brazil,프레스앤미디어,75
https://www.lg.com/br/sobre-a-lg/press-media/como-escolher-a-melhor-tv-para-esportes/,Brazil,프레스앤미디어,75
https://www.lg.com/br/sobre-a-lg/press-media/como-escolher-a-tv-ideal-para-filmes/,Brazil,프레스앤미디어,82
https://www.lg.com/br/sobre-a-lg/press-media/como-escolher-caixa-de-som-para-ambientes-internos/,Brazil,프레스앤미디어,82
https://www.lg.com/br/sobre-a-lg/press-media/como-escolher-o-display-profissional-ideal-para-cada-tipo-de-negocio/,Brazil,프레스앤미디어,82
https://www.lg.com/br/sobre-a-lg/press-media/como-funciona-a-tecnologia-lg-ai-dd-e-por-que-ela-ajuda/,Brazil,프레스앤미디어,82
https://www.lg.com/br/sobre-a-lg/press-media/como-funciona-a-tecnologia-lg-ai-dd/,Brazil,프레스앤미디어,82
https://www.lg.com/br/sobre-a-lg/press-media/como-funciona-o-motor-inverter/,Brazil,프레스앤미디어,82
https://www.lg.com/br/sobre-a-lg/press-media/como-gastar-menos-energia-utilizando-a-maquina-de-lavar-da-lg/,Brazil,프레스앤미디어,82
https://www.lg.com/br/sobre-a-lg/press-media/como-manter-sua-lava-e-seca-sempre-nova/,Brazil,프레스앤미디어,82
https://www.lg.com/br/sobre-a-lg/press-media/como-montar-setup-de-home-office/,Brazil,프레스앤미디어,82
https://www.lg.com/br/sobre-a-lg/press-media/como-o-ar-condicionado-deixou-de-ser-o-vilao-da-conta-de-luz/,Brazil,프레스앤미디어,86
https://www.lg.com/br/sobre-a-lg/press-media/como-reduzir-o-desperdicio-de-alimentos-geladeira-inteligente-lg/,Brazil,프레스앤미디어,75
https://www.lg.com/br/sobre-a-lg/press-media/como-transformar-sua-sala-em-um-cinema-com-tvs-e-soundbars-lg/,Brazil,프레스앤미디어,82
https://www.lg.com/br/sobre-a-lg/press-media/cozinha-planejada-como-escolher-geladeira-e-micro-ondas/,Brazil,프레스앤미디어,82
https://www.lg.com/br/sobre-a-lg/press-media/da-sala-de-reuniao-ao-varejo-como-a-climatizacao-comercial/,Brazil,프레스앤미디어,82
https://www.lg.com/br/sobre-a-lg/press-media/da-sala-de-reuniao-ao-varejo/,Brazil,프레스앤미디어,79
https://www.lg.com/br/sobre-a-lg/press-media/dia-da-terra/,Brazil,프레스앤미디어,72
https://www.lg.com/br/sobre-a-lg/press-media/dicas-para-usar-melhor-sua-lava-e-seca/,Brazil,프레스앤미디어,79
https://www.lg.com/br/sobre-a-lg/press-media/diferenca-entre-qned-e-oled/,Brazil,프레스앤미디어,82
https://www.lg.com/br/sobre-a-lg/press-media/displays-comerciais-lg/,Brazil,프레스앤미디어,82
https://www.lg.com/br/sobre-a-lg/press-media/esclarecimento-lg-eletronics/,Brazil,프레스앤미디어,72
https://www.lg.com/br/sobre-a-lg/press-media/geladeira-duplex-vale-a-pena/,Brazil,프레스앤미디어,79
https://www.lg.com/br/sobre-a-lg/press-media/geladeira-lg-como-conservar-frutas-verduras-e-carnes-por-mais-tempo/,Brazil,프레스앤미디어,82
https://www.lg.com/br/sobre-a-lg/press-media/geladeira-lg-erros-comuns-que-diminuem-a-vida-util-e-como-evitar/,Brazil,프레스앤미디어,79
https://www.lg.com/br/sobre-a-lg/press-media/geladeira-lg-insta-viewa-a-geladeira-que-preserva-alimentos-por-mais-tempo/,Brazil,프레스앤미디어,75
https://www.lg.com/br/sobre-a-lg/press-media/guia-completo-geladeiras/,Brazil,프레스앤미디어,82
https://www.lg.com/br/sobre-a-lg/press-media/guia-de-compra-projetores-portateis/,Brazil,프레스앤미디어,86
https://www.lg.com/br/sobre-a-lg/press-media/guia-lg-para-gamers/,Brazil,프레스앤미디어,86
https://www.lg.com/br/sobre-a-lg/press-media/hdr-em-monitores-o-que-e-por-que-essa-tecnologia-melhora-a-imagem/,Brazil,프레스앤미디어,79
https://www.lg.com/br/sobre-a-lg/press-media/inteligencia-artificial-nas-maquinas-de-lavar-lg/,Brazil,프레스앤미디어,86
https://www.lg.com/br/sobre-a-lg/press-media/lava-e-seca-lg-guia-completo/,Brazil,프레스앤미디어,79
https://www.lg.com/br/sobre-a-lg/press-media/lava-e-seca-lg-o-que-funciona-e-o-que-e-mito-na-lavagem-e-secagem-de-roupas/,Brazil,프레스앤미디어,86
https://www.lg.com/br/sobre-a-lg/press-media/lg-ai-dual-inverter/,Brazil,프레스앤미디어,72
https://www.lg.com/br/sobre-a-lg/press-media/lg-apresenta-o-ultragear-evo/,Brazil,프레스앤미디어,79
https://www.lg.com/br/sobre-a-lg/press-media/lg-apresenta-robo-domestico/,Brazil,프레스앤미디어,79
https://www.lg.com/br/sobre-a-lg/press-media/lg-apresentara-inovacao-em-sintonia-com-voce-na-ces-2026/,Brazil,프레스앤미디어,79
https://www.lg.com/br/sobre-a-lg/press-media/lg-conheca-os-recursos-da-caixa-de-som-bluetooth/,Brazil,프레스앤미디어,78
https://www.lg.com/br/sobre-a-lg/press-media/lg-dual-inverter-ai-air-quando-a-climatizacao-aprende-com-voce/,Brazil,프레스앤미디어,75
https://www.lg.com/br/sobre-a-lg/press-media/lg-dual-inverter/,Brazil,프레스앤미디어,86
https://www.lg.com/br/sobre-a-lg/press-media/lg-geracao-z/,Brazil,프레스앤미디어,69
https://www.lg.com/br/sobre-a-lg/press-media/lg-inaugura-fabrica-de-geladeiras-no-parana/,Brazil,프레스앤미디어,81
https://www.lg.com/br/sobre-a-lg/press-media/lg-leva-solucoes-hvac-a-ahr-expo-2026/,Brazil,프레스앤미디어,79
https://www.lg.com/br/sobre-a-lg/press-media/lg-magnit-tecnologia-micro-led-para-experiencias-imersivas-em-residencias-e-empresas/,Brazil,프레스앤미디어,72
https://www.lg.com/br/sobre-a-lg/press-media/lg-moderniza-nova-sede-da-saint-paul/,Brazil,프레스앤미디어,78
https://www.lg.com/br/sobre-a-lg/press-media/lg-multi-v-climatizacao-inteligente-para-grandes-ambientes-com-menor-consumo-de-energia/,Brazil,프레스앤미디어,82
https://www.lg.com/br/sobre-a-lg/press-media/lg-my-view-smart-monitor/,Brazil,프레스앤미디어,72
https://www.lg.com/br/sobre-a-lg/press-media/lg-nacionaliza-producao-de-geladeiras-no-brasil/,Brazil,프레스앤미디어,81
https://www.lg.com/br/sobre-a-lg/press-media/lg-procentric-cloud-hotelaria/,Brazil,프레스앤미디어,82
https://www.lg.com/br/sobre-a-lg/press-media/lg-round-cassete/,Brazil,프레스앤미디어,86
https://www.lg.com/br/sobre-a-lg/press-media/lg-thinq-o-que-e-e-como-a-casa-inteligente-lg-facilita-a-rotina/,Brazil,프레스앤미디어,79
https://www.lg.com/br/sobre-a-lg/press-media/lg-thinq/,Brazil,프레스앤미디어,72
https://www.lg.com/br/sobre-a-lg/press-media/lg-tvs-monitores-gamer/,Brazil,프레스앤미디어,78
https://www.lg.com/br/sobre-a-lg/press-media/lg-ultragear-24g411a-b-monitor-gamer-de-144hz-e-1ms-para-jogos-competitivos/,Brazil,프레스앤미디어,79
https://www.lg.com/br/sobre-a-lg/press-media/lg-ultragear-45/,Brazil,프레스앤미디어,86
https://www.lg.com/br/sobre-a-lg/press-media/lg-ultragear-o-que-um-monitor-gamer-precisa-ter-para-conquistar-o-publico-que-joga/,Brazil,프레스앤미디어,82
https://www.lg.com/br/sobre-a-lg/press-media/lg-ultragear-o-que-um-monitor-gamer-precisa-ter/,Brazil,프레스앤미디어,82
https://www.lg.com/br/sobre-a-lg/press-media/lg-washtower/,Brazil,프레스앤미디어,86
https://www.lg.com/br/sobre-a-lg/press-media/lg-webOS/,Brazil,프레스앤미디어,69
https://www.lg.com/br/sobre-a-lg/press-media/lg-xboom-ces-2026-bluetooth-ai-sound-karaoke-som-adaptativo/,Brazil,프레스앤미디어,82
https://www.lg.com/br/sobre-a-lg/press-media/lg-xboom-por-que-se-tornaram-protagonistas-das-festas-no-brasil/,Brazil,프레스앤미디어,82
https://www.lg.com/br/sobre-a-lg/press-media/lg-xboom/,Brazil,프레스앤미디어,82
https://www.lg.com/br/sobre-a-lg/press-media/lifes-good-tecnologia-gestao-de-tempo-bem-estar/,Brazil,프레스앤미디어,82
https://www.lg.com/br/sobre-a-lg/press-media/meta-do-ano-novo/,Brazil,프레스앤미디어,75
https://www.lg.com/br/sobre-a-lg/press-media/micro-ondas-alem-do-esquentar/,Brazil,프레스앤미디어,79
https://www.lg.com/br/sobre-a-lg/press-media/mitos-e-verdades-sobre-micro-ondas/,Brazil,프레스앤미디어,82
https://www.lg.com/br/sobre-a-lg/press-media/monitor-para-edicao-de-foto-e-video-profissional/,Brazil,프레스앤미디어,82
https://www.lg.com/br/sobre-a-lg/press-media/monitor-touch-lg-swing/,Brazil,프레스앤미디어,82
https://www.lg.com/br/sobre-a-lg/press-media/monitores-gamers-lg-ultragear/,Brazil,프레스앤미디어,86
https://www.lg.com/br/sobre-a-lg/press-media/monitores-gamers/,Brazil,프레스앤미디어,82
https://www.lg.com/br/sobre-a-lg/press-media/monitores-medicos-lg-tecnologia-que-aumenta-a-precisao/,Brazil,프레스앤미디어,86
https://www.lg.com/br/sobre-a-lg/press-media/o-papel-das-telas-profissionais-no-futuro-das-cidades-inteligentes/,Brazil,프레스앤미디어,69
https://www.lg.com/br/sobre-a-lg/press-media/o-que-e-aidd-nas-lava-e-secas-lg/,Brazil,프레스앤미디어,79
https://www.lg.com/br/sobre-a-lg/press-media/o-que-e-qned-e-por-que-a-tecnologia-das-tvs-lg-entrega-brilho-superior/,Brazil,프레스앤미디어,82
https://www.lg.com/br/sobre-a-lg/press-media/o-que-e-qned-e-qned-evo/,Brazil,프레스앤미디어,82
https://www.lg.com/br/sobre-a-lg/press-media/o-que-e-qned/,Brazil,프레스앤미디어,82
https://www.lg.com/br/sobre-a-lg/press-media/o-que-pode-colocar-na-porta-da-geladeira/,Brazil,프레스앤미디어,82
https://www.lg.com/br/sobre-a-lg/press-media/paineis-profissionais-led/,Brazil,프레스앤미디어,86
https://www.lg.com/br/sobre-a-lg/press-media/por-que-o-audio-e-o-proximo-passo-para-evoluir-sua-experiencia-com-a-tv/,Brazil,프레스앤미디어,82
https://www.lg.com/br/sobre-a-lg/press-media/por-que-o-cassete-1-via/,Brazil,프레스앤미디어,86
https://www.lg.com/br/sobre-a-lg/press-media/porque-escolher-lg-magnit-para-paineis-de-led/,Brazil,프레스앤미디어,82
https://www.lg.com/br/sobre-a-lg/press-media/porque-tv-oled-oferece-melhor-imagem/,Brazil,프레스앤미디어,82
https://www.lg.com/br/suporte/,Brazil,지원/Support,79
https://www.lg.com/br/suporte/additional-suporte/,Brazil,지원/Support,67
https://www.lg.com/br/suporte/additional-suporte/lg-thinq/,Brazil,지원/Support,78
https://www.lg.com/br/suporte/ajuda-artigos/,Brazil,지원/Support,78
https://www.lg.com/br/suporte/anuncios/,Brazil,지원/Support,82
"https://www.lg.com/br/suporte/anuncios/Aviso--Notifica--o-sobre-a-descontinua--o-dos-servi-os-de-Atualiza--o-de-Software-para-Celulares-LG-Electronics--FOTA-,-Update-Center-e-LG-Bridge/",Brazil,지원/Support,78
https://www.lg.com/br/suporte/anuncios/Aviso-sobre-a-interrup--o-dos-servi-os-da-AccuWeather/,Brazil,지원/Support,81
https://www.lg.com/br/suporte/anuncios/BRNTC190503124761/,Brazil,지원/Support,75
https://www.lg.com/br/suporte/anuncios/BRNTC20210630151390/,Brazil,지원/Support,81
https://www.lg.com/br/suporte/anuncios/BRNTC20220310152110/,Brazil,지원/Support,78
https://www.lg.com/br/suporte/anuncios/BRNTC20220406152204/,Brazil,지원/Support,78
https://www.lg.com/br/suporte/anuncios/BRNTC20220614152642/,Brazil,지원/Support,81
https://www.lg.com/br/suporte/anuncios/BRNTC20221019153140/,Brazil,지원/Support,74
https://www.lg.com/br/suporte/anuncios/BRNTC20230503153722/,Brazil,지원/Support,81
https://www.lg.com/br/suporte/anuncios/BRNTC20230503153723/,Brazil,지원/Support,78
https://www.lg.com/br/suporte/anuncios/BRNTC20231109154400/,Brazil,지원/Support,81
https://www.lg.com/br/suporte/anuncios/aviso-de-encerramento-dos-servicos/,Brazil,지원/Support,78
https://www.lg.com/br/suporte/anuncios/notice-of-spotify-service-termination/,Brazil,지원/Support,78
https://www.lg.com/br/suporte/anuncios/notice-of-termination-of-the-services-of-gracenote-music-id-video-id-eyeq-epg-for-blu-ray-player-blu-ray-home-theater-system-will-no-longer-be-available/,Brazil,지원/Support,78
https://www.lg.com/br/suporte/artigos-pesquisa/,Brazil,지원/Support,70
https://www.lg.com/br/suporte/assistencia-tecnica-lg/,Brazil,지원/Support,71
https://www.lg.com/br/suporte/assistencia-tecnica/,Brazil,지원/Support,70
https://www.lg.com/br/suporte/b2b/checklist-paineis-led/,Brazil,지원/Support,67
https://www.lg.com/br/suporte/b2b/termo-conferencia-instalacao/,Brazil,지원/Support,70
https://www.lg.com/br/suporte/biblioteca-suporte-tecnico/,Brazil,지원/Support,78
https://www.lg.com/br/suporte/biblioteca-videos-lg/,Brazil,지원/Support,74
https://www.lg.com/br/suporte/biblioteca-videos/,Brazil,지원/Support,74
https://www.lg.com/br/suporte/brindes-como-usar/,Brazil,지원/Support,70
https://www.lg.com/br/suporte/coleta-seletiva/,Brazil,지원/Support,79
https://www.lg.com/br/suporte/compra-direta/,Brazil,지원/Support,70
https://www.lg.com/br/suporte/compre-pecas-acessorios/,Brazil,지원/Support,78
https://www.lg.com/br/suporte/digital/,Brazil,지원/Support,67
https://www.lg.com/br/suporte/distribuidores/,Brazil,지원/Support,70
https://www.lg.com/br/suporte/distribuidores1/,Brazil,지원/Support,70
https://www.lg.com/br/suporte/error-pages/,Brazil,지원/Support,70
https://www.lg.com/br/suporte/error-pages/down-time-check/,Brazil,지원/Support,70
https://www.lg.com/br/suporte/error-pages/down-time-check0/,Brazil,지원/Support,63
https://www.lg.com/br/suporte/fale-conosco-b2b/,Brazil,지원/Support,67
https://www.lg.com/br/suporte/fale-conosco/,Brazil,지원/Support,86
https://www.lg.com/br/suporte/fale-conosco/anexar-documento/,Brazil,지원/Support,93
https://www.lg.com/br/suporte/fale-conosco/anexar-documento/failure/,Brazil,지원/Support,78
https://www.lg.com/br/suporte/fale-conosco/anexar-documento/success/,Brazil,지원/Support,74
https://www.lg.com/br/suporte/fale-conosco/email-to-ceo/,Brazil,지원/Support,78
https://www.lg.com/br/suporte/fale-conosco/email-to-ceo/failure/,Brazil,지원/Support,74
https://www.lg.com/br/suporte/fale-conosco/email-to-ceo/success/,Brazil,지원/Support,74
https://www.lg.com/br/suporte/fale-conosco/email/,Brazil,지원/Support,78
https://www.lg.com/br/suporte/fale-conosco/email/failure/,Brazil,지원/Support,74
https://www.lg.com/br/suporte/fale-conosco/email/success/,Brazil,지원/Support,74
https://www.lg.com/br/suporte/fale-conosco/fale-conosco1/,Brazil,지원/Support,67
https://www.lg.com/br/suporte/fale-conosco/index/,Brazil,지원/Support,74
https://www.lg.com/br/suporte/fale-conosco/inquiry-status/,Brazil,지원/Support,78
https://www.lg.com/br/suporte/fale-conosco/inquiry-status/failure/,Brazil,지원/Support,74
https://www.lg.com/br/suporte/fale-conosco/inquiry-status/success/,Brazil,지원/Support,89
https://www.lg.com/br/suporte/fale-conosco/localizar-assistencia-tecnica/,Brazil,지원/Support,79
https://www.lg.com/br/suporte/fale-conosco/pesquisa-web/,Brazil,지원/Support,81
https://www.lg.com/br/suporte/fale-conosco/pesquisa-web/failure/,Brazil,지원/Support,74
https://www.lg.com/br/suporte/fale-conosco/pesquisa-web/success/,Brazil,지원/Support,74
https://www.lg.com/br/suporte/garantia-estendida-old/,Brazil,지원/Support,81
https://www.lg.com/br/suporte/garantia-estendida-old/contato/,Brazil,지원/Support,70
https://www.lg.com/br/suporte/garantia-estendida-popup/,Brazil,지원/Support,81
https://www.lg.com/br/suporte/garantia-estendida-tv/,Brazil,지원/Support,81
https://www.lg.com/br/suporte/garantia-estendida-tv/contato/,Brazil,지원/Support,70
https://www.lg.com/br/suporte/garantia-estendida/,Brazil,지원/Support,76
https://www.lg.com/br/suporte/garantia-estendida/contato/,Brazil,지원/Support,70
https://www.lg.com/br/suporte/garantia/,Brazil,지원/Support,82
https://www.lg.com/br/suporte/instala-plus-club/,Brazil,지원/Support,74
https://www.lg.com/br/suporte/instalacao-ac/,Brazil,지원/Support,78
https://www.lg.com/br/suporte/instalacao-ac/contato/,Brazil,지원/Support,70
https://www.lg.com/br/suporte/instalacao-av/,Brazil,지원/Support,74
https://www.lg.com/br/suporte/instalacao-microondas/,Brazil,지원/Support,78
https://www.lg.com/br/suporte/instalacao-refrigeracao/,Brazil,지원/Support,78
https://www.lg.com/br/suporte/instalacao-refrigeracao/contato/,Brazil,지원/Support,70
https://www.lg.com/br/suporte/instalacao-tv/,Brazil,지원/Support,78
https://www.lg.com/br/suporte/lg-plus/,Brazil,지원/Support,81
https://www.lg.com/br/suporte/lg-plus/contato/,Brazil,지원/Support,63
https://www.lg.com/br/suporte/lg-termos-instalacao/,Brazil,지원/Support,74
https://www.lg.com/br/suporte/lg-termos-instalacao/contato/,Brazil,지원/Support,70
https://www.lg.com/br/suporte/lgpd/,Brazil,지원/Support,78
https://www.lg.com/br/suporte/lgpd/failed/,Brazil,지원/Support,63
https://www.lg.com/br/suporte/lgpd/success/,Brazil,지원/Support,63
https://www.lg.com/br/suporte/loja-online-lg/,Brazil,지원/Support,75
https://www.lg.com/br/suporte/loja-tempo-entrega/,Brazil,지원/Support,70
https://www.lg.com/br/suporte/loja-whatsapp/,Brazil,지원/Support,74
https://www.lg.com/br/suporte/manuais-sistema/,Brazil,지원/Support,70
https://www.lg.com/br/suporte/manual-instalacao-ac/,Brazil,지원/Support,70
https://www.lg.com/br/suporte/manutencao-preventiva/,Brazil,지원/Support,66
https://www.lg.com/br/suporte/manutencao-preventiva/contato/,Brazil,지원/Support,59
https://www.lg.com/br/suporte/manutencao-preventiva/contato/js/,Brazil,지원/Support,67
https://www.lg.com/br/suporte/minhas-compras/,Brazil,지원/Support,74
https://www.lg.com/br/suporte/pecas-e-acessorios/,Brazil,지원/Support,78
https://www.lg.com/br/suporte/pecas-e-acessorios/pecas-e-acessorios-para-ar-condicionado/,Brazil,지원/Support,81
https://www.lg.com/br/suporte/pecas-e-acessorios/pecas-e-acessorios-para-ar-condicionado/acessorio/,Brazil,지원/Support,78
https://www.lg.com/br/suporte/pecas-e-acessorios/pecas-e-acessorios-para-ar-condicionado/acessorio/aan30141519/,Brazil,지원/Support,85
https://www.lg.com/br/suporte/ia-troubleshooting/,Brazil,지원 - 트러블슈팅,74
https://www.lg.com/br/suporte/ia-troubleshooting/10/,Brazil,지원 - 트러블슈팅,74
https://www.lg.com/br/suporte/ia-troubleshooting/11/,Brazil,지원 - 트러블슈팅,74
https://www.lg.com/br/suporte/ia-troubleshooting/12/,Brazil,지원 - 트러블슈팅,74
https://www.lg.com/br/suporte/ia-troubleshooting/13/,Brazil,지원 - 트러블슈팅,74
https://www.lg.com/br/suporte/ia-troubleshooting/14/,Brazil,지원 - 트러블슈팅,74
https://www.lg.com/br/suporte/ia-troubleshooting/15/,Brazil,지원 - 트러블슈팅,74
https://www.lg.com/br/suporte/ia-troubleshooting/2/,Brazil,지원 - 트러블슈팅,74
https://www.lg.com/br/suporte/ia-troubleshooting/3/,Brazil,지원 - 트러블슈팅,74
https://www.lg.com/br/suporte/ia-troubleshooting/4/,Brazil,지원 - 트러블슈팅,74
https://www.lg.com/br/suporte/ia-troubleshooting/5/,Brazil,지원 - 트러블슈팅,74
https://www.lg.com/br/suporte/ia-troubleshooting/6/,Brazil,지원 - 트러블슈팅,74
https://www.lg.com/br/suporte/ia-troubleshooting/7/,Brazil,지원 - 트러블슈팅,74
https://www.lg.com/br/suporte/ia-troubleshooting/8/,Brazil,지원 - 트러블슈팅,74
https://www.lg.com/br/suporte/ia-troubleshooting/9/,Brazil,지원 - 트러블슈팅,74
https://www.lg.com/br/suporte/suporte-ao-producto/solucionar-problemas/,Brazil,지원 - 트러블슈팅,82
https://www.lg.com/ca_en/buying-guides/laundry-spec-library/,Canada,구매 가이드,81
https://www.lg.com/ca_en/buying-guides/monitor-lineup-guide/,Canada,구매 가이드,84
https://www.lg.com/ca_en/buying-guides/monitor-spec-library/,Canada,구매 가이드,78
https://www.lg.com/ca_en/buying-guides/refrigerator-spec-library/,Canada,구매 가이드,78
https://www.lg.com/ca_en/buying-guides/tv-lineup-guide/,Canada,구매 가이드,81
https://www.lg.com/ca_en/buying-guides/tv-spec-library/,Canada,구매 가이드,75
https://www.lg.com/ca_en/laptop-buying-guide/,Canada,구매 가이드,74
https://www.lg.com/ca_en/microsite-article/ms/it/monitor/buying-guide/,Canada,구매 가이드,65
https://www.lg.com/ca_en/microsite-article/ms/it/monitor/ultragear-buying-guide/,Canada,구매 가이드,72
https://www.lg.com/ca_en/monitor-buying-guide/,Canada,구매 가이드,68
https://www.lg.com/ca_en/monitors/buying-guides/multi-monitor/,Canada,구매 가이드,72
https://www.lg.com/ca_en/tv-soundbars/tv-buying-guide/,Canada,구매 가이드,74
https://www.lg.com/ca_en/tv-soundbars/tv-buying-guide/gaming-tv/,Canada,구매 가이드,72
https://www.lg.com/ca_en/tv-soundbars/tv-buying-guide/home-cinema/,Canada,구매 가이드,72
https://www.lg.com/ca_en/tv-soundbars/tv-buying-guide/lifestyle/,Canada,구매 가이드,69
https://www.lg.com/ca_en/tv-soundbars/tv-buying-guide/sport-tv/,Canada,구매 가이드,72
https://www.lg.com/ca_en/tv-soundbars/tv-buying-guide/tv-buying-guide1/,Canada,구매 가이드,65
https://www.lg.com/ca_en/tv-soundbars/tv-buying-guide/tv-design/,Canada,구매 가이드,69
https://www.lg.com/ca_en/tv-soundbars/tv-buying-guide/tv-size/,Canada,구매 가이드,69
https://www.lg.com/ca_en/tv-soundbars/tv-buying-guide/tv-technology/oled-vs-qned/,Canada,구매 가이드,72
https://www.lg.com/ca_en/tv-soundbars/tv-buying-guide/tv-technology/what-is-4k-tv/,Canada,구매 가이드,72
https://www.lg.com/ca_en/tv-soundbars/tv-buying-guide/what-is-a-smart-tv-ai-tv/,Canada,구매 가이드,74
https://www.lg.com/ca_en/Discover/,Canada,뉴스룸/Press,69
https://www.lg.com/ca_en/discover/instaview-door-in-door/craft-ice/,Canada,뉴스룸/Press,69
https://www.lg.com/ca_en/monthly-lg/,Canada,뉴스룸/Press,79
https://www.lg.com/ca_en/monthly-lg/a-home-that-lives-lightly/,Canada,뉴스룸/Press,73
https://www.lg.com/ca_en/monthly-lg/a-routine-becomes-daily-joy-with-lg/,Canada,뉴스룸/Press,72
https://www.lg.com/ca_en/monthly-lg/a-screen-that-moves-with-the-moment/,Canada,뉴스룸/Press,77
https://www.lg.com/ca_en/monthly-lg/at-home-warmth-with-lg/,Canada,뉴스룸/Press,70
https://www.lg.com/ca_en/monthly-lg/finding-focus-and-flow/,Canada,뉴스룸/Press,73
https://www.lg.com/ca_en/monthly-lg/life-starts-at-home/,Canada,뉴스룸/Press,72
https://www.lg.com/ca_en/monthly-lg/new-semester-everyday-made-smarter/,Canada,뉴스룸/Press,73
https://www.lg.com/ca_en/monthly-lg/personalizing-your-space/,Canada,뉴스룸/Press,72
https://www.lg.com/ca_en/monthly-lg/rediscovered-real-reviews/,Canada,뉴스룸/Press,72
https://www.lg.com/ca_en/monthly-lg/sharper-than-the-stadium-with-lg/,Canada,뉴스룸/Press,73
https://www.lg.com/ca_en/monthly-lg/smarter-balanced-life-with-lg/,Canada,뉴스룸/Press,76
https://www.lg.com/ca_en/monthly-lg/spring-home-decor-with-lg/,Canada,뉴스룸/Press,73
https://www.lg.com/ca_en/monthly-lg/the-house-that-learned-to-use-less/,Canada,뉴스룸/Press,79
https://www.lg.com/ca_en/monthly-lg/the-perfect-world-for-us-with-lg/,Canada,뉴스룸/Press,76
https://www.lg.com/ca_en/experience/why-lg-soundbars/,Canada,LG Experience,77
https://www.lg.com/ca_en/lg-experience/4k-ultra-hd-tv-buying-guide/,Canada,LG Experience,80
https://www.lg.com/ca_en/lg-experience/helpful-hints/,Canada,LG Experience,79
https://www.lg.com/ca_en/lg-experience/helpful-hints/best-home-appliances-gifts-for-mothers-day/,Canada,LG Experience,79
https://www.lg.com/ca_en/lg-experience/helpful-hints/how-much-water-and-energy-does-a-dishwasher-use/,Canada,LG Experience,79
https://www.lg.com/ca_en/lg-experience/helpful-hints/how-to-clean-a-microwave-without-harsh-chemicals/,Canada,LG Experience,79
https://www.lg.com/ca_en/lg-experience/helpful-hints/how-to-maintain-your-cordless-vacuum/,Canada,LG Experience,76
https://www.lg.com/ca_en/lg-experience/helpful-hints/how-to-measure-and-read-tv-sizes/,Canada,LG Experience,83
https://www.lg.com/ca_en/lg-experience/helpful-hints/microwave-size-and-buying-guide/,Canada,LG Experience,77
https://www.lg.com/ca_en/lg-experience/helpful-hints/neochef/,Canada,LG Experience,77
https://www.lg.com/ca_en/lg-experience/helpful-hints/top-load-washing-machine-myths-and-truths/,Canada,LG Experience,80
https://www.lg.com/ca_en/lg-experience/helpful-hints/type-of-ice-choosing-the-right-ice-for-every-moment/,Canada,LG Experience,79
https://www.lg.com/ca_en/lg-experience/helpful-hints/ultimate-guide-to-dishwasher-article-enfr/,Canada,LG Experience,79
https://www.lg.com/ca_en/lg-experience/helpful-hints/washtower-myths-and-truths/,Canada,LG Experience,83
https://www.lg.com/ca_en/lg-experience/lg-lab/,Canada,LG Experience,72
https://www.lg.com/ca_en/lg-experience/lg-lab/best-portable-party-speakers/,Canada,LG Experience,79
https://www.lg.com/ca_en/lg-experience/lg-lab/discover-styler/,Canada,LG Experience,72
https://www.lg.com/ca_en/lg-experience/lg-lab/home-electrification/heat-pump/,Canada,LG Experience,73
https://www.lg.com/ca_en/lg-experience/lg-lab/lg-aidd/,Canada,LG Experience,79
https://www.lg.com/ca_en/lg-experience/lg-lab/lg-studio/,Canada,LG Experience,76
https://www.lg.com/ca_en/lg-experience/lg-lab/lg-studio/kitchen/,Canada,LG Experience,80
https://www.lg.com/ca_en/lg-experience/lg-lab/lg-studio/kitchen/cbis3018be/,Canada,LG Experience,79
https://www.lg.com/ca_en/lg-experience/lg-lab/lg-studio/kitchen/cbis3618b/,Canada,LG Experience,83
https://www.lg.com/ca_en/lg-experience/lg-lab/lg-studio/kitchen/cbis3618be/,Canada,LG Experience,79
https://www.lg.com/ca_en/lg-experience/lg-lab/lg-studio/kitchen/lsce305st/,Canada,LG Experience,79
https://www.lg.com/ca_en/lg-experience/lg-lab/lg-studio/kitchen/lses6338f/,Canada,LG Experience,83
https://www.lg.com/ca_en/lg-experience/lg-lab/lg-studio/kitchen/lsgs6338f/,Canada,LG Experience,83
https://www.lg.com/ca_en/lg-experience/lg-lab/lg-studio/kitchen/lsgs6338n/,Canada,LG Experience,83
https://www.lg.com/ca_en/lg-experience/lg-lab/lg-studio/kitchen/lshd3080st/,Canada,LG Experience,79
https://www.lg.com/ca_en/lg-experience/lg-lab/lg-studio/kitchen/lshd3089bd/,Canada,LG Experience,79
https://www.lg.com/ca_en/lg-experience/lg-lab/lg-studio/kitchen/lshd3680st/,Canada,LG Experience,79
https://www.lg.com/ca_en/lg-experience/lg-lab/lg-studio/kitchen/lsis3018ss/,Canada,LG Experience,83
https://www.lg.com/ca_en/lg-experience/lg-lab/lg-studio/kitchen/lsis6338f/,Canada,LG Experience,83
https://www.lg.com/ca_en/lg-experience/lg-lab/lg-studio/kitchen/lsse3026st/,Canada,LG Experience,83
https://www.lg.com/ca_en/lg-experience/lg-lab/lg-studio/kitchen/lssg3016st/,Canada,LG Experience,79
https://www.lg.com/ca_en/lg-experience/lg-lab/lg-studio/kitchen/lsws307st/,Canada,LG Experience,83
https://www.lg.com/ca_en/lg-experience/lg-lab/lg-studio/kitchen/sdwb24s3/,Canada,LG Experience,80
https://www.lg.com/ca_en/lg-experience/lg-lab/lg-studio/kitchen/srfvc2416s/,Canada,LG Experience,83
https://www.lg.com/ca_en/lg-experience/lg-lab/lg-studio/kitchen/srsxb2622s/,Canada,LG Experience,83
https://www.lg.com/ca_en/lg-experience/lg-lab/lg-studio/kitchen/wces6428f/,Canada,LG Experience,83
https://www.lg.com/ca_en/lg-experience/lg-lab/lg-studio/kitchen/wses4728f/,Canada,LG Experience,83
https://www.lg.com/ca_en/lg-experience/lg-lab/lg-studio/kitchen/wses4728f1/,Canada,LG Experience,83
https://www.lg.com/ca_en/lg-experience/lg-lab/lg-studio/laundry/,Canada,LG Experience,80
https://www.lg.com/ca_en/lg-experience/lg-lab/lg-studio/laundry/s5msb/,Canada,LG Experience,83
https://www.lg.com/ca_en/lg-experience/lg-lab/lg-studio/laundry/wsex200hna/,Canada,LG Experience,83
https://www.lg.com/ca_en/lg-experience/lg-lab/what-is-4k-television/,Canada,LG Experience,83
https://www.lg.com/ca_en/lg-experience/lg-lab/what-is-a-smart-tv/,Canada,LG Experience,79
https://www.lg.com/ca_en/lg-experience/lg-lab/which-soundbar-is-right-for-you-lg/,Canada,LG Experience,83
https://www.lg.com/ca_en/cooking-appliances/what-is-induction-cooking/,Canada,마이크로사이트/캠페인,74
https://www.lg.com/ca_en/dishwashers/top-control/,Canada,마이크로사이트/캠페인,76
https://www.lg.com/ca_en/dishwashers/top-control/ldp6797bd/,Canada,마이크로사이트/캠페인,83
https://www.lg.com/ca_en/dishwashers/top-control/ldp6797ss/,Canada,마이크로사이트/캠페인,86
https://www.lg.com/ca_en/dishwashers/top-control/ldp6797st/,Canada,마이크로사이트/캠페인,83
https://www.lg.com/ca_en/dishwashers/top-control/ldp6810ss/,Canada,마이크로사이트/캠페인,86
https://www.lg.com/ca_en/dishwashers/top-control/ldph5554d/,Canada,마이크로사이트/캠페인,83
https://www.lg.com/ca_en/dishwashers/top-control/ldph5554s/,Canada,마이크로사이트/캠페인,83
https://www.lg.com/ca_en/dishwashers/top-control/ldph6762s/,Canada,마이크로사이트/캠페인,83
https://www.lg.com/ca_en/dishwashers/top-control/ldph7972s/,Canada,마이크로사이트/캠페인,83
https://www.lg.com/ca_en/dishwashers/top-control/ldpm6762d/,Canada,마이크로사이트/캠페인,83
https://www.lg.com/ca_en/dishwashers/top-control/ldpm6762s/,Canada,마이크로사이트/캠페인,86
https://www.lg.com/ca_en/dishwashers/top-control/ldps6762d/,Canada,마이크로사이트/캠페인,83
https://www.lg.com/ca_en/dishwashers/top-control/ldps6762s/,Canada,마이크로사이트/캠페인,80
https://www.lg.com/ca_en/dishwashers/top-control/ldth7972d/,Canada,마이크로사이트/캠페인,83
https://www.lg.com/ca_en/dishwashers/top-control/ldth7972s/,Canada,마이크로사이트/캠페인,83
https://www.lg.com/ca_en/dishwashers/top-control/ldts5552d/,Canada,마이크로사이트/캠페인,83
https://www.lg.com/ca_en/dishwashers/top-control/ldts5552s/,Canada,마이크로사이트/캠페인,83
https://www.lg.com/ca_en/featured-pages/why-lg-gram/,Canada,마이크로사이트/캠페인,73
https://www.lg.com/ca_en/featured-pages/why-lg-gram/windows-11/,Canada,마이크로사이트/캠페인,77
https://www.lg.com/ca_en/featured-pages/why-lg-ultragear/,Canada,마이크로사이트/캠페인,67
https://www.lg.com/ca_en/gaming/how-esports-went-from-classroom-to-stadium/,Canada,마이크로사이트/캠페인,69
https://www.lg.com/ca_en/gaming/how-to-be-a-pro-gamer/,Canada,마이크로사이트/캠페인,69
https://www.lg.com/ca_en/laundry/top-load-washers/,Canada,마이크로사이트/캠페인,66
https://www.lg.com/ca_en/lg-experiencing-entertainment-suspend/how-to-choose-the-perfect-monitor/,Canada,마이크로사이트/캠페인,76
https://www.lg.com/ca_en/lg-innovation-stories/how-we-live-sustainably/,Canada,마이크로사이트/캠페인,69
https://www.lg.com/ca_en/lg-innovation-stories/top-tips-for-entertainment/,Canada,마이크로사이트/캠페인,72
https://www.lg.com/ca_en/lg-sustainable-living/how-to-make-your-home-energy-efficient/,Canada,마이크로사이트/캠페인,76
https://www.lg.com/ca_en/refrigerators/top-freezer-fridges/,Canada,마이크로사이트/캠페인,66
https://www.lg.com/ca_en/refrigerators/top-freezer/,Canada,마이크로사이트/캠페인,79
https://www.lg.com/ca_en/refrigerators/top-freezer/lhtns2403s/,Canada,마이크로사이트/캠페인,83
https://www.lg.com/ca_en/refrigerators/top-freezer/lrtnc0915v/,Canada,마이크로사이트/캠페인,83
https://www.lg.com/ca_en/refrigerators/top-freezer/ltnc11131v/,Canada,마이크로사이트/캠페인,83
https://www.lg.com/ca_en/shop/all-promotions/top-loads-top-rewards-2025/,Canada,마이크로사이트/캠페인,76
https://www.lg.com/ca_en/shop/all-promotions/top-loads-top-rewards-redemption-2025/,Canada,마이크로사이트/캠페인,69
https://www.lg.com/ca_en/shop/all-promotions/top-loads-top-rewards-terms-and-conditions-2025/,Canada,마이크로사이트/캠페인,76
https://www.lg.com/ca_en/shop/all-promotions/top-performance-at-prices-you-ll-love-july-2024/,Canada,마이크로사이트/캠페인,79
https://www.lg.com/ca_en/shop/all-promotions/top-performance-at-prices-you-ll-love-terms-and-conditions-july-2024/,Canada,마이크로사이트/캠페인,79
https://www.lg.com/ca_en/shop/all-promotions/what-s-hidden-won-t-stay-hidden-check-back-on-july-4-2025/,Canada,마이크로사이트/캠페인,76
https://www.lg.com/ca_en/test2/why-lg-v2/,Canada,마이크로사이트/캠페인,70
https://www.lg.com/ca_en/tv-soundbars/why-lg-oled-evo/,Canada,마이크로사이트/캠페인,73
https://www.lg.com/ca_en/tv-soundbars/why-qned-evo/,Canada,마이크로사이트/캠페인,73
https://www.lg.com/ca_en/tv-soundbars/why-true-wireless/,Canada,마이크로사이트/캠페인,77
https://www.lg.com/ca_en/lg-experiencing-entertainment-suspend/8-creative-ways-to-use-your-hd-projector/,Canada,제품 상세 (PDP),64
https://www.lg.com/ca_en/projectors/au810pb/,Canada,제품 상세 (PDP),78
https://www.lg.com/ca_en/projectors/bf60rg/,Canada,제품 상세 (PDP),78
https://www.lg.com/ca_en/projectors/bu50rg/,Canada,제품 상세 (PDP),76
https://www.lg.com/ca_en/projectors/bu53rg/,Canada,제품 상세 (PDP),76
https://www.lg.com/ca_en/speakers/home-theater-soundbar/s45tr/,Canada,제품 상세 (PDP),78
https://www.lg.com/ca_en/speakers/home-theater-soundbar/sqc4r/,Canada,제품 상세 (PDP),78
https://www.lg.com/ca_en/tv-by-resolution/8k-tvs/,Canada,제품 상세 (PDP),79
https://www.lg.com/ca_en/tv-soundbars/4k-uhd-tvs/,Canada,제품 상세 (PDP),84
https://www.lg.com/ca_en/computer-accessories/accessories/msa2/,Canada,제품 상세 (PDP),78
https://www.lg.com/ca_en/computer-accessories/gram-plus-view/16mq70-asda8/,Canada,제품 상세 (PDP),78
https://www.lg.com/ca_en/computer-accessories/gram-plus-view/16mr70-asda8/,Canada,제품 상세 (PDP),76
https://www.lg.com/ca_en/computer-accessories/sta32f/,Canada,제품 상세 (PDP),78
https://www.lg.com/ca_en/computer-accessories/sta33p/,Canada,제품 상세 (PDP),78
https://www.lg.com/ca_en/computer/22m38d-b/,Canada,제품 상세 (PDP),78
https://www.lg.com/ca_en/computer/be06lu10/,Canada,제품 상세 (PDP),78
https://www.lg.com/ca_en/computer/bh08ls20/,Canada,제품 상세 (PDP),78
https://www.lg.com/ca_en/computer/bh10ls30/,Canada,제품 상세 (PDP),78
https://www.lg.com/ca_en/speakers/all-in-one-soundbars/s20a/,Canada,제품 상세 (PDP),76
https://www.lg.com/ca_en/speakers/gaming-speakers/gp9/,Canada,제품 상세 (PDP),78
https://www.lg.com/ca_en/speakers/hb905pa/,Canada,제품 상세 (PDP),78
https://www.lg.com/ca_en/speakers/hb954pa/,Canada,제품 상세 (PDP),78
https://www.lg.com/ca_en/speakers/hi-fi-systems/ck99/,Canada,제품 상세 (PDP),78
https://www.lg.com/ca_en/speakers/hi-fi-systems/cm2460/,Canada,제품 상세 (PDP),78
https://www.lg.com/ca_en/speakers/hi-fi-systems/cm4360/,Canada,제품 상세 (PDP),78
https://www.lg.com/ca_en/speakers/hi-fi-systems/cm9960/,Canada,제품 상세 (PDP),78
https://www.lg.com/ca_en/speakers/hi-fi-systems/fh2/,Canada,제품 상세 (PDP),78
https://www.lg.com/ca_en/laundry-accessories/wdp6b/,Canada,제품 상세 (PDP),78
https://www.lg.com/ca_en/laundry-accessories/wdp6v/,Canada,제품 상세 (PDP),78
https://www.lg.com/ca_en/laundry-accessories/wdp6w/,Canada,제품 상세 (PDP),78
https://www.lg.com/ca_en/laundry/dryers/dle1310w/,Canada,제품 상세 (PDP),78
https://www.lg.com/ca_en/laundry/dryers/dle1501w/,Canada,제품 상세 (PDP),78
https://www.lg.com/ca_en/laundry/dryers/dle2020w/,Canada,제품 상세 (PDP),78
https://www.lg.com/ca_en/laundry/dryers/dle2140w/,Canada,제품 상세 (PDP),78
https://www.lg.com/ca_en/laundry/dryers/dle2150w/,Canada,제품 상세 (PDP),78
https://www.lg.com/ca_en/laundry/dryers/dle2240s/,Canada,제품 상세 (PDP),78
https://www.lg.com/ca_en/refrigerators/bottom-freezer/lb26h2200s/,Canada,제품 상세 (PDP),79
https://www.lg.com/ca_en/refrigerators/bottom-freezer/lbn20511ww/,Canada,제품 상세 (PDP),78
https://www.lg.com/ca_en/refrigerators/bottom-freezer/lbn20512st/,Canada,제품 상세 (PDP),78
https://www.lg.com/ca_en/refrigerators/bottom-freezer/lbn20517bk/,Canada,제품 상세 (PDP),78
https://www.lg.com/ca_en/refrigerators/bottom-freezer/lbn20517ww/,Canada,제품 상세 (PDP),78
https://www.lg.com/ca_en/refrigerators/bottom-freezer/lbn22517st/,Canada,제품 상세 (PDP),78
https://www.lg.com/ca_en/refrigerators/bottom-freezer/lbn22517ww/,Canada,제품 상세 (PDP),78
https://www.lg.com/ca_en/refrigerators/bottom-freezer/lbnc10551v/,Canada,제품 상세 (PDP),78
https://www.lg.com/ca_en/refrigerators/bottom-freezer/lbnc10551w/,Canada,제품 상세 (PDP),78
https://www.lg.com/ca_en/dishwashers/dishwashers1/,Canada,제품 상세 (PDP),59
https://www.lg.com/ca_en/dishwashers/front-control/ldf5545ww/,Canada,제품 상세 (PDP),78
https://www.lg.com/ca_en/dishwashers/front-control/ldfc2423v/,Canada,제품 상세 (PDP),79
https://www.lg.com/ca_en/dishwashers/front-control/ldfc2423w/,Canada,제품 상세 (PDP),79
https://www.lg.com/ca_en/dishwashers/front-control/ldfc3532s/,Canada,제품 상세 (PDP),76
https://www.lg.com/ca_en/dishwashers/front-control/ldfn3432t/,Canada,제품 상세 (PDP),81
https://www.lg.com/ca_en/dishwashers/front-control/ldfn3432t1/,Canada,제품 상세 (PDP),78
https://www.lg.com/ca_en/dishwashers/front-control/ldfn4542s/,Canada,제품 상세 (PDP),81
https://www.lg.com/ca_en/dishwashers/front-control/ldfn4542s1/,Canada,제품 상세 (PDP),78
https://www.lg.com/ca_en/vacuum/a906sm/,Canada,제품 상세 (PDP),78
https://www.lg.com/ca_en/vacuum/a916bm/,Canada,제품 상세 (PDP),78
https://www.lg.com/ca_en/vacuum/a927kgms/,Canada,제품 상세 (PDP),78
https://www.lg.com/ca_en/vacuum/a929kvm/,Canada,제품 상세 (PDP),78
https://www.lg.com/ca_en/vacuum/a937kgms/,Canada,제품 상세 (PDP),78
https://www.lg.com/ca_en/vacuum/ajl75313902/,Canada,제품 상세 (PDP),78
https://www.lg.com/ca_en/vacuum/stick-vacuums/c5323b0/,Canada,제품 상세 (PDP),76
https://www.lg.com/ca_en/vacuum/stick-vacuums/c5323gw/,Canada,제품 상세 (PDP),76
https://www.lg.com/ca_en/appliance-accessories/kitchen-accessories/5230w1a003a/,Canada,제품 상세 (PDP),76
https://www.lg.com/ca_en/appliance-accessories/kitchen-accessories/aaa77685223/,Canada,제품 상세 (PDP),78
https://www.lg.com/ca_en/appliance-accessories/kitchen-accessories/adq32598202/,Canada,제품 상세 (PDP),78
https://www.lg.com/ca_en/appliance-accessories/kitchen-accessories/adq36006121/,Canada,제품 상세 (PDP),78
https://www.lg.com/ca_en/appliance-accessories/kitchen-accessories/aeb75024704/,Canada,제품 상세 (PDP),78
https://www.lg.com/ca_en/appliance-accessories/kitchen-accessories/aeq73570602/,Canada,제품 상세 (PDP),78
https://www.lg.com/ca_en/appliance-accessories/kitchen-accessories/aeq73570603/,Canada,제품 상세 (PDP),78
https://www.lg.com/ca_en/cooking-appliances/cooktops/cbew3013be/,Canada,제품 상세 (PDP),76
https://www.lg.com/ca_en/cooking-appliances/cooktops/cbew3017be/,Canada,제품 상세 (PDP),76
https://www.lg.com/ca_en/care-accessories/air-conditioners/filter/5230a20021e/,Canada,제품 상세 (PDP),78
https://www.lg.com/ca_en/care-accessories/air-conditioners/filter/adq73493504/,Canada,제품 상세 (PDP),78
https://www.lg.com/ca_en/care-accessories/air-conditioners/filter/adq73493505/,Canada,제품 상세 (PDP),78
https://www.lg.com/ca_en/care-accessories/air-conditioners/filter/adq73493506/,Canada,제품 상세 (PDP),78
https://www.lg.com/ca_en/care-accessories/air-conditioners/remote-controller/akb72955815/,Canada,제품 상세 (PDP),78
https://www.lg.com/ca_en/care-accessories/air-conditioners/remote-controller/akb73355711/,Canada,제품 상세 (PDP),78
https://www.lg.com/ca_en/heating-and-cooling/mini-splits-heat-pumps/knsal091a/,Canada,제품 상세 (PDP),79
https://www.lg.com/ca_en/heating-and-cooling/mini-splits-heat-pumps/knsal121a/,Canada,제품 상세 (PDP),79
https://www.lg.com/ca_en/heating-and-cooling/mini-splits-heat-pumps/knsal151a/,Canada,제품 상세 (PDP),79
https://www.lg.com/ca_en/air-care/air-purifier/as351gw30/,Canada,제품 상세 (PDP),78
https://www.lg.com/ca_en/air-care/air-purifier/as601hbb0/,Canada,제품 상세 (PDP),78
https://www.lg.com/ca_en/air-care/air-purifier/as601hwv0/,Canada,제품 상세 (PDP),79
https://www.lg.com/ca_en/air-care/dehumidifier/ud501kog5/,Canada,제품 상세 (PDP),78
https://www.lg.com/ca_en/air-solutions-accessories/air-purifier-accessories/adq75133495/,Canada,제품 상세 (PDP),78
https://www.lg.com/ca_en/air-solutions-accessories/air-purifier-accessories/adq75133496/,Canada,제품 상세 (PDP),78
https://www.lg.com/ca_en/air-solutions-accessories/air-purifier-accessories/adq75133497/,Canada,제품 상세 (PDP),78
https://www.lg.com/ca_en/air-solutions-accessories/air-purifier-accessories/adq75133498/,Canada,제품 상세 (PDP),78
https://www.lg.com/ca_en/air-solutions-accessories/air-purifier-accessories/adq75133524/,Canada,제품 상세 (PDP),78
https://www.lg.com/ca_en/air-solutions-accessories/air-purifier-accessories/adq75133525/,Canada,제품 상세 (PDP),78
https://www.lg.com/ca_en/air-solutions-accessories/air-purifier-accessories/adq75133526/,Canada,제품 상세 (PDP),78
https://www.lg.com/ca_en/cell-phones/a133/,Canada,제품 상세 (PDP),78
https://www.lg.com/ca_en/cell-phones/c660r/,Canada,제품 상세 (PDP),78
https://www.lg.com/ca_en/cell-phones/eac62378701/,Canada,제품 상세 (PDP),78
https://www.lg.com/ca_en/cell-phones/eac62858501/,Canada,제품 상세 (PDP),79
https://www.lg.com/ca_en/cell-phones/ebx63128401aetc/,Canada,제품 상세 (PDP),78
https://www.lg.com/ca_en/computer/bh12ls35/,Canada,제품 상세 (PDP),78
https://www.lg.com/ca_en/computer/bp06lu10/,Canada,제품 상세 (PDP),78
https://www.lg.com/ca_en/cooking-appliances/cooktops/cbgj3023s/,Canada,제품 상세 (PDP),76
https://www.lg.com/ca_en/cooking-appliances/cooktops/cbgj3027s/,Canada,제품 상세 (PDP),76
https://www.lg.com/ca_en/oled-tvs/2022/VAR/,Canada,제품 카테고리 (PLP),83
https://www.lg.com/ca_en/tv-soundbars/,Canada,제품 카테고리 (PLP),79
https://www.lg.com/ca_en/webos-smart-tv/promotion/,Canada,제품 카테고리 (PLP),77
https://www.lg.com/ca_en/oled-tvs/2023/OLED/,Canada,제품 카테고리 (PLP),83
https://www.lg.com/ca_en/tv-soundbars/ai-tv/,Canada,제품 카테고리 (PLP),77
https://www.lg.com/ca_en/tv-soundbars/all-tv-soundbars/,Canada,제품 카테고리 (PLP),80
https://www.lg.com/ca_en/tv-soundbars/all-tv-soundbars/?ec_ft_07543752=100_Inch_and_larger,Canada,제품 카테고리 (PLP),80
https://www.lg.com/ca_en/tv-soundbars/all-tv-soundbars/?ec_ft_07543752=32_inch_and_smaller,Canada,제품 카테고리 (PLP),79
https://www.lg.com/ca_en/tv-soundbars/all-tv-soundbars/?ec_ft_07543752=42_-_48_inch,Canada,제품 카테고리 (PLP),77
https://www.lg.com/ca_en/speakers/,Canada,제품 카테고리 (PLP),76
https://www.lg.com/ca_en/soundbars/eco-minded-soundbars/,Canada,제품 카테고리 (PLP),73
https://www.lg.com/ca_en/speakers/all-in-one-soundbars/,Canada,제품 카테고리 (PLP),83
https://www.lg.com/ca_en/speakers/all-soundbars/,Canada,제품 카테고리 (PLP),90
https://www.lg.com/ca_en/speakers/all-speakers/,Canada,제품 카테고리 (PLP),83
https://www.lg.com/ca_en/speakers/gaming-speakers/,Canada,제품 카테고리 (PLP),83
https://www.lg.com/ca_en/speakers/hi-fi-systems/,Canada,제품 카테고리 (PLP),83
https://www.lg.com/ca_en/speakers/home-theater-soundbar/,Canada,제품 카테고리 (PLP),83
https://www.lg.com/ca_en/speakers/party-speakers/,Canada,제품 카테고리 (PLP),83
https://www.lg.com/ca_en/speakers/portable-speakers/,Canada,제품 카테고리 (PLP),83
https://www.lg.com/ca_en/monitors/,Canada,제품 카테고리 (PLP),73
https://www.lg.com/ca_en/monitors/all-monitors/,Canada,제품 카테고리 (PLP),77
https://www.lg.com/ca_en/monitors/ergo-monitors/,Canada,제품 카테고리 (PLP),79
https://www.lg.com/ca_en/monitors/ergomonitor/,Canada,제품 카테고리 (PLP),73
https://www.lg.com/ca_en/monitors/fhd-qhd/,Canada,제품 카테고리 (PLP),77
https://www.lg.com/ca_en/monitors/full-hd/,Canada,제품 카테고리 (PLP),83
https://www.lg.com/ca_en/monitors/gaming/,Canada,제품 카테고리 (PLP),87
https://www.lg.com/ca_en/monitors/gaming/Brandstory/,Canada,제품 카테고리 (PLP),73
https://www.lg.com/ca_en/monitors/gaming/esports/,Canada,제품 카테고리 (PLP),73
https://www.lg.com/ca_en/monitors/hyper-mini-led-gaming-monitor/,Canada,제품 카테고리 (PLP),86
https://www.lg.com/ca_en/refrigerators/,Canada,제품 카테고리 (PLP),79
https://www.lg.com/ca_en/fridge-freezers/,Canada,제품 카테고리 (PLP),66
https://www.lg.com/ca_en/refrigerators/all-freezers/,Canada,제품 카테고리 (PLP),79
https://www.lg.com/ca_en/refrigerators/bottom-freezer/,Canada,제품 카테고리 (PLP),83
https://www.lg.com/ca_en/refrigerators/column-refrigerators---freezers/,Canada,제품 카테고리 (PLP),66
https://www.lg.com/ca_en/refrigerators/counter-depth-fridges/,Canada,제품 카테고리 (PLP),66
https://www.lg.com/ca_en/refrigerators/door-in-door/,Canada,제품 카테고리 (PLP),67
https://www.lg.com/ca_en/refrigerators/french-door/,Canada,제품 카테고리 (PLP),79
https://www.lg.com/ca_en/refrigerators/fridge-freezers-accessory/,Canada,제품 카테고리 (PLP),72
https://www.lg.com/ca_en/refrigerators/instaview-door-in-door/,Canada,제품 카테고리 (PLP),67
https://www.lg.com/ca_en/laundry/,Canada,제품 카테고리 (PLP),77
https://www.lg.com/ca_en/dishwashers/,Canada,제품 카테고리 (PLP),70
https://www.lg.com/ca_en/ultimatelaundryroom/,Canada,제품 카테고리 (PLP),70
https://www.lg.com/ca_en/laundry/all-in-one-washer-dryer-combo/,Canada,제품 카테고리 (PLP),63
https://www.lg.com/ca_en/washtower/story/,Canada,제품 카테고리 (PLP),77
https://www.lg.com/ca_en/dishwashers/all-dishwashers/,Canada,제품 카테고리 (PLP),77
https://www.lg.com/ca_en/washing-machines/twinwash/story/,Canada,제품 카테고리 (PLP),71
https://www.lg.com/ca_en/window-air-conditioners/,Canada,제품 카테고리 (PLP),79
https://www.lg.com/ca_en/portable-air-conditioners/,Canada,제품 카테고리 (PLP),79
https://www.lg.com/ca_en/multi-zone-air-conditioners/,Canada,제품 카테고리 (PLP),76
https://www.lg.com/ca_en/single-zone-air-conditioners/,Canada,제품 카테고리 (PLP),76
https://www.lg.com/ca_en/mini-split-air-conditioners-heat-pumps/,Canada,제품 카테고리 (PLP),72
https://www.lg.com/ca_en/air-care/,Canada,제품 카테고리 (PLP),69
https://www.lg.com/ca_en/air-solutions/coretech/air-conditioner/,Canada,제품 카테고리 (PLP),73
https://www.lg.com/ca_en/air-care/air-purifier/,Canada,제품 카테고리 (PLP),83
https://www.lg.com/ca_en/air-solutions/coretech/air-handler/,Canada,제품 카테고리 (PLP),79
https://www.lg.com/ca_en/air-care/dehumidifier/,Canada,제품 카테고리 (PLP),83
https://www.lg.com/ca_en/cooktops/,Canada,제품 카테고리 (PLP),72
https://www.lg.com/ca_en/cooking-appliances/,Canada,제품 카테고리 (PLP),77
https://www.lg.com/ca_en/cooktops/electric-cooktops/,Canada,제품 카테고리 (PLP),73
https://www.lg.com/ca_en/cooktops/gas-cooktops/,Canada,제품 카테고리 (PLP),73
https://www.lg.com/ca_en/accessibility/,Canada,제품 카테고리 (PLP),79
https://www.lg.com/ca_en/account-integration/,Canada,제품 카테고리 (PLP),59
https://www.lg.com/ca_en/account-integration-old/,Canada,제품 카테고리 (PLP),69
https://www.lg.com/ca_en/air-solutions-accessories/,Canada,제품 카테고리 (PLP),72
https://www.lg.com/ca_en/all-offers/lg-studio-package-deal/,Canada,제품 카테고리 (PLP),79
https://www.lg.com/ca_en/all-soundsuite/,Canada,제품 카테고리 (PLP),80
https://www.lg.com/ca_en/anna-olson-suspended/,Canada,제품 카테고리 (PLP),79
https://www.lg.com/ca_en/applemusic/,Canada,제품 카테고리 (PLP),76
https://www.lg.com/ca_en/appliance-accessories/,Canada,제품 카테고리 (PLP),79
https://www.lg.com/ca_en/arbitration/,Canada,제품 카테고리 (PLP),72
https://www.lg.com/ca_en/best-seats/rules/,Canada,제품 카테고리 (PLP),73
https://www.lg.com/ca_en/care-accessories/,Canada,제품 카테고리 (PLP),76
https://www.lg.com/ca_en/cell-phones/gx/,Canada,제품 카테고리 (PLP),83
https://www.lg.com/ca_en/ces-2025/cinebeam/,Canada,제품 카테고리 (PLP),79
https://www.lg.com/ca_en/ces2026/art-tv/,Canada,제품 카테고리 (PLP),73
https://www.lg.com/ca_en/compare-results/,Canada,제품 카테고리 (PLP),66
https://www.lg.com/ca_en/computer/,Canada,제품 카테고리 (PLP),66
https://www.lg.com/ca_en/computer-accessories/,Canada,제품 카테고리 (PLP),83
https://www.lg.com/ca_en/computer-products/,Canada,제품 카테고리 (PLP),74
https://www.lg.com/ca_en/computing/featured-page/gaming-monitor/,Canada,제품 카테고리 (PLP),77
https://www.lg.com/ca_en/config/,Canada,제품 카테고리 (PLP),62
https://www.lg.com/ca_en/connected-at-home/,Canada,제품 카테고리 (PLP),72
https://www.lg.com/ca_en/tv-soundbars/all-tv-soundbars/?ec_ft_07543752=55_inch,Canada,제품 카테고리 (PLP),79
https://www.lg.com/ca_en/speakers/soundbars-with-subwoofer/,Canada,제품 카테고리 (PLP),83
https://www.lg.com/ca_en/zero-clearance-refrigerator/,Canada,제품 카테고리 (PLP),77
https://www.lg.com/ca_en/monitors-gaming-highlight/,Canada,제품 카테고리 (PLP),73
https://www.lg.com/ca_en/washtower/,Canada,제품 카테고리 (PLP),77
https://www.lg.com/ca_en/wall-ovens/,Canada,제품 카테고리 (PLP),66
https://www.lg.com/ca_en/laundry-appliances/,Canada,제품 카테고리 (PLP),76
https://www.lg.com/ca_en/washing-machines/lg-aidd/,Canada,제품 카테고리 (PLP),76
https://www.lg.com/ca_en/ranges-ovens/,Canada,제품 카테고리 (PLP),72
https://www.lg.com/ca_en/microwave-ovens/,Canada,제품 카테고리 (PLP),69
https://www.lg.com/ca_en/microwave-ovens/countertop-microwaves/,Canada,제품 카테고리 (PLP),66
https://www.lg.com/ca_en/washer-dryers/,Canada,제품 카테고리 (PLP),66
https://www.lg.com/ca_en/ranges-ovens/electric-ranges/,Canada,제품 카테고리 (PLP),76
https://www.lg.com/ca_en/cooking-appliances/all-cooking-appliances/,Canada,제품 카테고리 (PLP),79
https://www.lg.com/ca_en/vacuum/stick-vacuums/,Canada,제품 카테고리 (PLP),79
https://www.lg.com/ca_en/vacuum/,Canada,제품 카테고리 (PLP),83
https://www.lg.com/ca_en/ranges-ovens/gas-range/,Canada,제품 카테고리 (PLP),76
https://www.lg.com/ca_en/about-lg/press-and-media/,Canada,프레스앤미디어,81
https://www.lg.com/ca_en/about-lg/press-and-media/JUVENTUS-OFFICIAL-FAN-CLUB-TORONTO-NAMED-WINNER-OF-THE-LG-MATCH-DAY-HEROES-CONTEST/,Canada,프레스앤미디어,78
https://www.lg.com/ca_en/about-lg/press-and-media/LG-CANADA-ANNOUNCES-PRICING-AND-AVAILABILITY-FOR-2026-ULTRAGEAR-GAMING-MONITORS-AND-OLED-EVO-W6-WALLPAPER-TV-/,Canada,프레스앤미디어,79
https://www.lg.com/ca_en/about-lg/press-and-media/LG-ELECTRONICS-CANADA-ANNOUNCES-2026-HOME-APPLIANCE-LINEUP-BUILT-FOR-EFFICIENT-LIVING/,Canada,프레스앤미디어,78
https://www.lg.com/ca_en/about-lg/press-and-media/LG-ELECTRONICS-CANADA-ANNOUNCES-AVAILABILITY-AND-PRICING-OF-2026-OLED-TV-LINEUP-AND-LG-SOUND-SUITE-/,Canada,프레스앤미디어,78
https://www.lg.com/ca_en/about-lg/press-and-media/LG-ELECTRONICS-CANADA-CELEBRATES-FIVE-CONSECUTIVE-YEARS-AS-CANADAS--1-MAJOR-APPPLIANCE-BRAND-WITH-NATIONAL-SWEEPSTAKES/,Canada,프레스앤미디어,75
https://www.lg.com/ca_en/about-lg/press-and-media/LG-ELECTRONICS-TEAMS-UP-WITH-PRIME-VIDEO-TO-POWER-AN-EPIC-HOME-PREMIERE-OF-MASTERS-OF-THE-UNIVERSE-/,Canada,프레스앤미디어,78
https://www.lg.com/ca_en/about-lg/press-and-media/LG-HONOURED-WITH-MAJOR-APPLIANCE-INDUSTRY-PERFORMANCE-AWARD-FROM-CIRCANA/,Canada,프레스앤미디어,78
https://www.lg.com/ca_en/about-lg/press-and-media/LG-LAUNCHES-MATCH-DAY-HEROES-TO-CELEBRATE-THE-COMMUNITIES-BEHIND-CANADAS-SOCCER-CULTURE/,Canada,프레스앤미디어,78
https://www.lg.com/ca_en/about-lg/press-and-media/NEW-SURVEY-FROM-LG-CANADA-REVEALS-HOW-CANADIANS-REALLY-LOAD-THEIR-DISHWASHERS/,Canada,프레스앤미디어,78
https://www.lg.com/ca_en/about-lg/press-and-media/SHOW-US-YOUR-SETUP--LG-CANADA-LAUNCHES-BACK-TO-SCHOOL-CONTEST/,Canada,프레스앤미디어,78
https://www.lg.com/ca_en/about-lg/press-and-media/innovative-new-television-form-factor-arrives-in-canada-with-lg-oled-objet-collection-pos-tv/,Canada,프레스앤미디어,78
https://www.lg.com/ca_en/about-lg/press-and-media/lg-2023-sound-bars-enrich-home-entertainment-with-immersive-audio-and-versatile-features/,Canada,프레스앤미디어,78
https://www.lg.com/ca_en/about-lg/press-and-media/lg-announces-global-launch-of-revolutionary-lg-thinq-up-appliances/,Canada,프레스앤미디어,78
https://www.lg.com/ca_en/about-lg/press-and-media/lg-delivers-year-around-comfort-and-elegance-with-new-artcool--gallery-at-ces-2023/,Canada,프레스앤미디어,78
https://www.lg.com/ca_en/about-lg/press-and-media/lg-electronics-canada-honoured-by-natural-re-sources-canada-as-2022-energy-star--appliance-manufacturer-of-the-year/,Canada,프레스앤미디어,81
https://www.lg.com/ca_en/about-lg/press-and-media/lg-electronics-canada-rebrands-customer-service-to-LG-careq/,Canada,프레스앤미디어,74
https://www.lg.com/ca_en/about-lg/press-and-media/lg-electronics-canada-renews-multi-year-partnership-with-mlse-and-continues-celebrating-fans--lifesgoodmoment/,Canada,프레스앤미디어,78
https://www.lg.com/ca_en/about-lg/press-and-media/lg-honoured-with-dozens-of-ces-2023-innovation-awards/,Canada,프레스앤미디어,78
https://www.lg.com/ca_en/about-lg/press-and-media/lg-refrigerator-with-moodup-brings-a-more-colourful-lifestyle-to-the-kitchen/,Canada,프레스앤미디어,78
https://www.lg.com/ca_en/about-lg/press-and-media/lg-showcases-upgraded-culinary-life-with-its-new-kitchen-solutions-at-ces-2023/,Canada,프레스앤미디어,78
https://www.lg.com/ca_en/about-lg/press-and-media/lg-suspends-shipments-to-russia/,Canada,프레스앤미디어,78
https://www.lg.com/ca_en/about-lg/press-and-media/lg-to-close-mobile-phone-business-worldwide/,Canada,프레스앤미디어,78
https://www.lg.com/ca_en/about-lg/press-and-media/lg-to-close-solar-panel-business/,Canada,프레스앤미디어,78
https://www.lg.com/ca_en/about-lg/press-and-media/lg-to-present-esg-vision-for-better-life-for-all-at-ces-2023/,Canada,프레스앤미디어,74
https://www.lg.com/ca_en/support/,Canada,지원/Support,82
https://www.lg.com/ca_en/support/0_financing/,Canada,지원/Support,78
https://www.lg.com/ca_en/support/additional-support/,Canada,지원/Support,64
https://www.lg.com/ca_en/support/adobe_qa/,Canada,지원/Support,68
https://www.lg.com/ca_en/support/announcement/,Canada,지원/Support,81
https://www.lg.com/ca_en/support/announcement/CANTC121109100560/,Canada,지원/Support,78
https://www.lg.com/ca_en/support/announcement/CANTC121219101580/,Canada,지원/Support,78
https://www.lg.com/ca_en/support/announcement/CANTC131019103220/,Canada,지원/Support,78
https://www.lg.com/ca_en/support/announcement/CANTC160827120720/,Canada,지원/Support,78
https://www.lg.com/ca_en/support/announcement/CANTC161021120940/,Canada,지원/Support,78
https://www.lg.com/ca_en/support/announcement/CANTC161214121440/,Canada,지원/Support,78
https://www.lg.com/ca_en/support/announcement/CANTC170906122420/,Canada,지원/Support,78
https://www.lg.com/ca_en/support/announcement/CANTC180608123640/,Canada,지원/Support,78
https://www.lg.com/ca_en/support/announcement/CANTC180623123860/,Canada,지원/Support,78
https://www.lg.com/ca_en/support/announcement/CANTC180807124080/,Canada,지원/Support,78
https://www.lg.com/ca_en/support/announcement/CANTC20200420150070/,Canada,지원/Support,78
https://www.lg.com/ca_en/support/announcement/CANTC20210405151170/,Canada,지원/Support,78
https://www.lg.com/ca_en/support/announcement/CANTC20210705151434/,Canada,지원/Support,78
https://www.lg.com/ca_en/support/announcement/CANTC20210712151491/,Canada,지원/Support,78
https://www.lg.com/ca_en/support/announcement/CANTC20210831151631/,Canada,지원/Support,78
https://www.lg.com/ca_en/support/announcement/CANTC20220519152342/,Canada,지원/Support,78
https://www.lg.com/ca_en/support/announcement/CANTC20220601152390/,Canada,지원/Support,75
https://www.lg.com/ca_en/support/announcement/CANTC20220608152515/,Canada,지원/Support,78
https://www.lg.com/ca_en/support/announcement/CANTC20221105153161/,Canada,지원/Support,78
https://www.lg.com/ca_en/support/announcement/CANTC20230113153350/,Canada,지원/Support,78
https://www.lg.com/ca_en/support/announcement/CANTC20230504153726/,Canada,지원/Support,78
https://www.lg.com/ca_en/support/announcement/CANTC20230504153727/,Canada,지원/Support,78
https://www.lg.com/ca_en/support/announcement/CANTC202305041537271/,Canada,지원/Support,78
https://www.lg.com/ca_en/support/announcement/CANTC20231003101015/,Canada,지원/Support,81
https://www.lg.com/ca_en/support/announcement/lg-careq/,Canada,지원/Support,78
https://www.lg.com/ca_en/support/announcement/lg-range-recall/,Canada,지원/Support,78
https://www.lg.com/ca_en/support/announcement/notice-of-spotify-service-termination/,Canada,지원/Support,78
https://www.lg.com/ca_en/support/announcement/notice-of-termination-of-the-services-of-gracenote-music-id-video-id-eyeq-epg-for-blu-ray-player-blu-ray-home-theater-system-will-no-longer-be-available/,Canada,지원/Support,78
https://www.lg.com/ca_en/support/announcement/notice-on-termination-of-services-of-accuweather/,Canada,지원/Support,78
https://www.lg.com/ca_en/support/announcement/notice-on-termination-of-services-of-lg-electronics-mobile-phone-software-upgrade-fota-update-centre-and-lg-bridge/,Canada,지원/Support,81
https://www.lg.com/ca_en/support/announcement/notice-to-quebec-consumers-concerning-the-legal-warranty/,Canada,지원/Support,78
https://www.lg.com/ca_en/support/complaints/,Canada,지원/Support,74
https://www.lg.com/ca_en/support/config/,Canada,지원/Support,63
https://www.lg.com/ca_en/support/contact-us/,Canada,지원/Support,89
https://www.lg.com/ca_en/support/contact-us/business-contact-information/,Canada,지원/Support,89
https://www.lg.com/ca_en/support/contact-us/complaints/,Canada,지원/Support,82
https://www.lg.com/ca_en/support/contact-us/contact-us1/,Canada,지원/Support,67
https://www.lg.com/ca_en/support/contact-us/document-upload/,Canada,지원/Support,93
https://www.lg.com/ca_en/support/contact-us/document-upload/failure/,Canada,지원/Support,79
https://www.lg.com/ca_en/support/contact-us/document-upload/success/,Canada,지원/Support,75
https://www.lg.com/ca_en/support/contact-us/email-to-ceo/,Canada,지원/Support,86
https://www.lg.com/ca_en/support/contact-us/email-to-ceo/failure/,Canada,지원/Support,79
https://www.lg.com/ca_en/support/contact-us/email-to-ceo/success/,Canada,지원/Support,79
https://www.lg.com/ca_en/support/contact-us/email-us/,Canada,지원/Support,79
https://www.lg.com/ca_en/support/contact-us/email-us/failure/,Canada,지원/Support,79
https://www.lg.com/ca_en/support/contact-us/email-us/success/,Canada,지원/Support,79
https://www.lg.com/ca_en/support/contact-us/find-service-centre/,Canada,지원/Support,82
https://www.lg.com/ca_en/support/contact-us/inquiry-status/,Canada,지원/Support,82
https://www.lg.com/ca_en/support/contact-us/inquiry-status/failure/,Canada,지원/Support,75
https://www.lg.com/ca_en/support/contact-us/inquiry-status/inquiry-result/,Canada,지원/Support,89
https://www.lg.com/ca_en/support/contact-us/lg-customer-care-number-call-lg-support/,Canada,지원/Support,82
https://www.lg.com/ca_en/support/contact-us/notice/,Canada,지원/Support,79
https://www.lg.com/ca_en/support/contact-us/remote-service-appointment/,Canada,지원/Support,86
https://www.lg.com/ca_en/support/contact-us/remote-service-appointment/request-complete/,Canada,지원/Support,79
https://www.lg.com/ca_en/support/contact-us/remote-service-appointment/request-failed/,Canada,지원/Support,75
https://www.lg.com/ca_en/support/contact-us/service-via-whatsapp/,Canada,지원/Support,82
https://www.lg.com/ca_en/support/contact-us/share-your-feedback/,Canada,지원/Support,86
https://www.lg.com/ca_en/support/contact-us/share-your-feedback/failure/,Canada,지원/Support,75
https://www.lg.com/ca_en/support/contact-us/share-your-feedback/success/,Canada,지원/Support,79
https://www.lg.com/ca_en/support/contactus/business-contact-Information/,Canada,지원/Support,70
https://www.lg.com/ca_en/support/contactus/document-upload/,Canada,지원/Support,75
https://www.lg.com/ca_en/support/contactus/inquiry-status/inquiry-result/,Canada,지원/Support,71
https://www.lg.com/ca_en/support/contactus/live-remote-service-appointment/,Canada,지원/Support,68
https://www.lg.com/ca_en/support/extended-warranty/,Canada,지원/Support,70
https://www.lg.com/ca_en/support/financing/,Canada,지원/Support,85
https://www.lg.com/ca_en/support/glossary/,Canada,지원/Support,86
https://www.lg.com/ca_en/support/product-support/troubleshoot/,Canada,지원 - 트러블슈팅,76
https://www.lg.com/ca_en/support/product-support/troubleshoot/help-library/,Canada,지원 - 트러블슈팅,79
https://www.lg.com/ca_en/support/product-support/troubleshoot/help-library/cs-CT32004642-1442566988777/,Canada,지원 - 트러블슈팅,79
https://www.lg.com/ca_en/support/product-support/troubleshoot/help-library/cs-CT32004642-1442567564782/,Canada,지원 - 트러블슈팅,79
https://www.lg.com/ca_en/support/product-support/troubleshoot/help-library/cs-CT32004642-20150878420452/,Canada,지원 - 트러블슈팅,79
https://www.lg.com/ca_en/support/product-support/troubleshoot/help-library/cs-CT32004642-20150878435421/,Canada,지원 - 트러블슈팅,79
https://www.lg.com/ca_en/support/product-support/troubleshoot/help-library/cs-CT32004642-20152366932802/,Canada,지원 - 트러블슈팅,79
https://www.lg.com/ca_en/support/product-support/troubleshoot/help-library/cs-CT32005681-1442566988777/,Canada,지원 - 트러블슈팅,79
https://www.lg.com/ca_en/support/product-support/troubleshoot/help-library/cs-CT32005681-1442567564782/,Canada,지원 - 트러블슈팅,79
https://www.lg.com/ca_en/support/product-support/troubleshoot/help-library/cs-CT32005681-20150878420452/,Canada,지원 - 트러블슈팅,79
https://www.lg.com/ca_en/support/product-support/troubleshoot/help-library/cs-CT32005681-20150878435421/,Canada,지원 - 트러블슈팅,79
https://www.lg.com/ca_en/support/product-support/troubleshoot/help-library/cs-CT32005681-20152366932802/,Canada,지원 - 트러블슈팅,79
https://www.lg.com/ca_en/support/product-support/troubleshoot/help-library/cs-CT32005681-20153143600657/,Canada,지원 - 트러블슈팅,79
https://www.lg.com/ca_en/support/product-support/troubleshoot/help-library/cs-CT52001643-1329928810843/,Canada,지원 - 트러블슈팅,79
https://www.lg.com/ca_en/support/product-support/troubleshoot/help-library/cs-CT52001643-1329928810843LST/,Canada,지원 - 트러블슈팅,79
https://www.lg.com/ca_en/support/product-support/troubleshoot/help-library/cs-CT52001643-1332776380531/,Canada,지원 - 트러블슈팅,79
https://www.lg.com/ca_en/support/product-support/troubleshoot/help-library/cs-CT52001643-1332776380531LST/,Canada,지원 - 트러블슈팅,79
https://www.lg.com/ca_en/support/product-support/troubleshoot/help-library/cs-CT52001643-1348775963947/,Canada,지원 - 트러블슈팅,79
https://www.lg.com/ca_en/support/product-support/troubleshoot/help-library/cs-CT52001643-1348861233084/,Canada,지원 - 트러블슈팅,79
https://www.lg.com/ca_en/support/product-support/troubleshoot/help-library/cs-CT52001643-1348862573320/,Canada,지원 - 트러블슈팅,79
https://www.lg.com/ca_en/support/product-support/troubleshoot/help-library/cs-CT52001643-1348862573320LST/,Canada,지원 - 트러블슈팅,79
https://www.lg.com/ca_en/support/product-support/troubleshoot/help-library/cs-CT52001643-1351283172285/,Canada,지원 - 트러블슈팅,79
https://www.lg.com/ca_en/support/product-support/troubleshoot/help-library/cs-CT52001643-1351283587041/,Canada,지원 - 트러블슈팅,79
https://www.lg.com/ca_en/support/product-support/troubleshoot/help-library/cs-CT52001643-1351600687393/,Canada,지원 - 트러블슈팅,79
https://www.lg.com/ca_en/support/product-support/troubleshoot/help-library/cs-CT52001643-1351619892183/,Canada,지원 - 트러블슈팅,79
https://www.lg.com/ca_en/support/product-support/troubleshoot/help-library/cs-CT52001643-1351620626451/,Canada,지원 - 트러블슈팅,79
https://www.lg.com/ca_en/support/product-support/troubleshoot/help-library/cs-CT52001643-1351621236006/,Canada,지원 - 트러블슈팅,79
https://www.lg.com/ca_en/support/product-support/troubleshoot/help-library/cs-CT52001643-1392818510162OLT/,Canada,지원 - 트러블슈팅,79
https://www.lg.com/ca_en/support/product-support/troubleshoot/help-library/cs-CT52001643-1393593307735/,Canada,지원 - 트러블슈팅,79
https://www.lg.com/ca_en/support/product-support/troubleshoot/help-library/cs-CT52001643-1393593307735OLT/,Canada,지원 - 트러블슈팅,79
https://www.lg.com/ca_en/support/product-support/troubleshoot/help-library/cs-CT52001643-1399276729732/,Canada,지원 - 트러블슈팅,79
https://www.lg.com/ca_en/support/product-support/troubleshoot/help-library/cs-CT52001643-1399276729732LST/,Canada,지원 - 트러블슈팅,79
https://www.lg.com/ca_en/support/product-support/troubleshoot/help-library/cs-CT52001643-1399357258404LST/,Canada,지원 - 트러블슈팅,79
https://www.lg.com/ca_en/support/product-support/troubleshoot/help-library/cs-CT52001643-1399357258404OLT/,Canada,지원 - 트러블슈팅,79
https://www.lg.com/ca_en/support/product-support/troubleshoot/help-library/cs-CT52001643-1399367576929/,Canada,지원 - 트러블슈팅,79
https://www.lg.com/ca_en/support/product-support/troubleshoot/help-library/cs-CT52001643-1399367576929LST/,Canada,지원 - 트러블슈팅,79
https://www.lg.com/ca_en/support/product-support/troubleshoot/help-library/cs-CT52001643-1399372020442/,Canada,지원 - 트러블슈팅,79
https://www.lg.com/ca_en/support/product-support/troubleshoot/help-library/cs-CT52001643-1399373220107/,Canada,지원 - 트러블슈팅,79
https://www.lg.com/ca_en/support/product-support/troubleshoot/help-library/cs-CT52001643-1399373220107LST/,Canada,지원 - 트러블슈팅,79
https://www.lg.com/ca_en/support/product-support/troubleshoot/help-library/cs-CT52001643-1399373220107OLT/,Canada,지원 - 트러블슈팅,79
https://www.lg.com/ca_en/support/product-support/troubleshoot/help-library/cs-CT52001643-1399373887072/,Canada,지원 - 트러블슈팅,79
https://www.lg.com/ca_en/support/product-support/troubleshoot/help-library/cs-CT52001643-1399373887072LST/,Canada,지원 - 트러블슈팅,79
https://www.lg.com/ca_en/support/product-support/troubleshoot/help-library/cs-CT52001643-1399375777510/,Canada,지원 - 트러블슈팅,79
https://www.lg.com/ca_en/support/product-support/troubleshoot/help-library/cs-CT52001643-1411521672907LST/,Canada,지원 - 트러블슈팅,79
https://www.lg.com/ca_en/support/product-support/troubleshoot/help-library/cs-CT52001643-1411521672907OLT/,Canada,지원 - 트러블슈팅,79
https://www.lg.com/ca_en/support/product-support/troubleshoot/help-library/cs-CT52001643-1412231059749/,Canada,지원 - 트러블슈팅,79
https://www.lg.com/ca_en/support/product-support/troubleshoot/help-library/cs-CT52001643-1412231059749LST/,Canada,지원 - 트러블슈팅,79
https://www.lg.com/ca_en/support/product-support/troubleshoot/help-library/cs-CT52001643-1412235168414/,Canada,지원 - 트러블슈팅,79
https://www.lg.com/ca_en/support/product-support/troubleshoot/help-library/cs-CT52001643-1412240609048/,Canada,지원 - 트러블슈팅,79
https://www.lg.com/ca_en/support/product-support/troubleshoot/help-library/cs-CT52001643-1412240609048LST/,Canada,지원 - 트러블슈팅,79
https://www.lg.com/ca_en/support/product-support/troubleshoot/help-library/cs-CT52001643-1412240609048OLT/,Canada,지원 - 트러블슈팅,79
https://www.lg.com/ca_en/support/product-support/troubleshoot/help-library/cs-CT52001643-1412242505916/,Canada,지원 - 트러블슈팅,79
https://www.lg.com/ca_en/support/product-support/troubleshoot/help-library/cs-CT52001643-1412242505916LST/,Canada,지원 - 트러블슈팅,79
https://www.lg.com/ca_en/support/product-support/troubleshoot/help-library/cs-CT52001643-1412243289753LST/,Canada,지원 - 트러블슈팅,79
https://www.lg.com/ca_en/support/product-support/troubleshoot/help-library/cs-CT52001643-1412243289753OLT/,Canada,지원 - 트러블슈팅,79
https://www.lg.com/ca_en/support/product-support/troubleshoot/help-library/cs-CT52001643-1420830631415LST/,Canada,지원 - 트러블슈팅,79
https://www.lg.com/ca_en/support/product-support/troubleshoot/help-library/cs-CT52001643-1420830631415OLT/,Canada,지원 - 트러블슈팅,79
https://www.lg.com/ca_en/support/product-support/troubleshoot/help-library/cs-CT52001643-1428565326930OLT/,Canada,지원 - 트러블슈팅,79
https://www.lg.com/ca_en/support/product-support/troubleshoot/help-library/cs-CT52001643-1429181975538/,Canada,지원 - 트러블슈팅,79
https://www.lg.com/ca_en/support/product-support/troubleshoot/help-library/cs-CT52001643-1431089473255/,Canada,지원 - 트러블슈팅,79
https://www.lg.com/ca_en/support/product-support/troubleshoot/help-library/cs-CT52001643-1432293887537/,Canada,지원 - 트러블슈팅,79
https://www.lg.com/ca_en/support/product-support/troubleshoot/help-library/cs-CT52001643-1432294440409/,Canada,지원 - 트러블슈팅,79
https://www.lg.com/ca_en/support/product-support/troubleshoot/help-library/cs-CT52001643-1432295030370/,Canada,지원 - 트러블슈팅,79
https://www.lg.com/ca_en/support/product-support/troubleshoot/help-library/cs-CT52001643-1432296732970/,Canada,지원 - 트러블슈팅,79
https://www.lg.com/ca_en/support/product-support/troubleshoot/help-library/cs-CT52001643-1432297279975/,Canada,지원 - 트러블슈팅,79
https://www.lg.com/ca_en/support/product-support/troubleshoot/help-library/cs-CT52001643-1432298809551/,Canada,지원 - 트러블슈팅,79
https://www.lg.com/ca_en/support/product-support/troubleshoot/help-library/cs-CT52001643-1432299874755/,Canada,지원 - 트러블슈팅,79
https://www.lg.com/ca_en/support/product-support/troubleshoot/help-library/cs-CT52001643-1432301625783/,Canada,지원 - 트러블슈팅,79
https://www.lg.com/ca_en/support/product-support/troubleshoot/help-library/cs-CT52001643-1432301921910/,Canada,지원 - 트러블슈팅,79
https://www.lg.com/ca_en/support/product-support/troubleshoot/help-library/cs-CT52001643-1432892883128/,Canada,지원 - 트러블슈팅,79
https://www.lg.com/ca_en/support/product-support/troubleshoot/help-library/cs-CT52001643-1432892889228/,Canada,지원 - 트러블슈팅,79
https://www.lg.com/ca_en/support/product-support/troubleshoot/help-library/cs-CT52001643-1432894613645/,Canada,지원 - 트러블슈팅,79
https://www.lg.com/ca_en/support/product-support/troubleshoot/help-library/cs-CT52001643-1436258685929LST/,Canada,지원 - 트러블슈팅,79
https://www.lg.com/ca_en/support/product-support/troubleshoot/help-library/cs-CT52001643-1436488921530OLT/,Canada,지원 - 트러블슈팅,79
https://www.lg.com/ca_en/support/product-support/troubleshoot/help-library/cs-CT52001643-1436490923929/,Canada,지원 - 트러블슈팅,79
https://www.lg.com/ca_en/support/product-support/troubleshoot/help-library/cs-CT52001643-1436493428013/,Canada,지원 - 트러블슈팅,79
https://www.lg.com/ca_en/support/product-support/troubleshoot/help-library/cs-CT52001643-1436493428013LST/,Canada,지원 - 트러블슈팅,79
https://www.lg.com/ca_en/support/product-support/troubleshoot/help-library/cs-CT52001643-1437129808411/,Canada,지원 - 트러블슈팅,79
https://www.lg.com/ca_en/support/product-support/troubleshoot/help-library/cs-CT52001643-1437129808411LST/,Canada,지원 - 트러블슈팅,79
https://www.lg.com/ca_en/support/product-support/troubleshoot/help-library/cs-CT52001643-1437134911097LST/,Canada,지원 - 트러블슈팅,79
https://www.lg.com/ca_en/support/product-support/troubleshoot/help-library/cs-CT52001643-1437134911097OLT/,Canada,지원 - 트러블슈팅,79
https://www.lg.com/ca_en/support/product-support/troubleshoot/help-library/cs-CT52001643-1442562981286/,Canada,지원 - 트러블슈팅,79
https://www.lg.com/ca_en/support/product-support/troubleshoot/help-library/cs-CT52001643-1442567180463/,Canada,지원 - 트러블슈팅,79
https://www.lg.com/ca_en/support/product-support/troubleshoot/help-library/cs-CT52001643-1442567180463LST/,Canada,지원 - 트러블슈팅,79
https://www.lg.com/ca_en/support/product-support/troubleshoot/help-library/cs-CT52001643-20150136152117/,Canada,지원 - 트러블슈팅,79
https://www.lg.com/ca_en/support/product-support/troubleshoot/help-library/cs-CT52001643-20150142597623/,Canada,지원 - 트러블슈팅,79
https://www.lg.com/ca_en/support/product-support/troubleshoot/help-library/cs-CT52001643-20150150305833OLT/,Canada,지원 - 트러블슈팅,79
https://www.lg.com/ca_en/support/product-support/troubleshoot/help-library/cs-CT52001643-20150150309265/,Canada,지원 - 트러블슈팅,79
https://www.lg.com/ca_en/support/product-support/troubleshoot/help-library/cs-CT52001643-20150150310301OLT/,Canada,지원 - 트러블슈팅,79
https://www.lg.com/ca_en/support/product-support/troubleshoot/help-library/cs-CT52001643-20150150311090/,Canada,지원 - 트러블슈팅,79
https://www.lg.com/ca_en/support/product-support/troubleshoot/help-library/cs-CT52001643-20150151303053/,Canada,지원 - 트러블슈팅,79
https://www.lg.com/ca_en/support/product-support/troubleshoot/help-library/cs-CT52001643-20150151303053LST/,Canada,지원 - 트러블슈팅,79
https://www.lg.com/ca_en/support/product-support/troubleshoot/help-library/cs-CT52001643-20150206678581/,Canada,지원 - 트러블슈팅,79
https://www.lg.com/ca_en/support/product-support/troubleshoot/help-library/cs-CT52001643-20150206678581LST/,Canada,지원 - 트러블슈팅,79
https://www.lg.com/ca_en/support/product-support/troubleshoot/help-library/cs-CT52001643-20150247804734/,Canada,지원 - 트러블슈팅,79
https://www.lg.com/ca_en/support/product-support/troubleshoot/help-library/cs-CT52001643-20150247804734LST/,Canada,지원 - 트러블슈팅,79
https://www.lg.com/ca_en/support/product-support/troubleshoot/help-library/cs-CT52001643-20150273728832/,Canada,지원 - 트러블슈팅,79
https://www.lg.com/ca_en/support/product-support/troubleshoot/help-library/cs-CT52001643-20150291407535/,Canada,지원 - 트러블슈팅,79
https://www.lg.com/ca_en/support/product-support/troubleshoot/help-library/cs-CT52001643-20150291407535LST/,Canada,지원 - 트러블슈팅,79
https://www.lg.com/ca_en/support/product-support/troubleshoot/help-library/cs-CT52001643-20150469372161LST/,Canada,지원 - 트러블슈팅,79
https://www.lg.com/de/buying-guide/,Germany,구매 가이드,74
https://www.lg.com/de/buying-guide/washing-machines-size-capacity/,Germany,구매 가이드,87
https://www.lg.com/de/buying-guide/washing-machines-type/,Germany,구매 가이드,84
https://www.lg.com/de/buying-guides/laundry-spec-library/,Germany,구매 가이드,81
https://www.lg.com/de/buying-guides/monitor-lineup-guide/,Germany,구매 가이드,84
https://www.lg.com/de/buying-guides/monitor-spec-library/,Germany,구매 가이드,78
https://www.lg.com/de/buying-guides/refrigerator-spec-library/,Germany,구매 가이드,81
https://www.lg.com/de/buying-guides/tv-lineup-guide/,Germany,구매 가이드,84
https://www.lg.com/de/buying-guides/tv-spec-library/,Germany,구매 가이드,78
https://www.lg.com/de/buying-guides/ultragear-buying-guide/,Germany,구매 가이드,72
https://www.lg.com/de/buying-guides/ultragear-buying-guide/ultragear/refresh-rate/,Germany,구매 가이드,71
https://www.lg.com/de/buying-guides/ultragear-buying-guide/ultragear/resolution/,Germany,구매 가이드,71
https://www.lg.com/de/buying-guides/ultragear-buying-guide/ultragear/screen-size/,Germany,구매 가이드,71
https://www.lg.com/de/buying-guides/ultragear-buying-guide/ultragear/work-and-play/,Germany,구매 가이드,71
https://www.lg.com/de/monitore/monitore-buying-guide/monitor-lineup_qa/,Germany,구매 가이드,74
https://www.lg.com/de/monitore/monitore-buying-guide/monitor-spec-wiki_qa/,Germany,구매 가이드,71
https://www.lg.com/de/tv/oled-tv/2021/oled-buying-guide/,Germany,구매 가이드,74
https://www.lg.com/de/tvs-und-soundbars/tv-buying-guide/,Germany,구매 가이드,77
https://www.lg.com/de/tvs-und-soundbars/tv-buying-guide/lifestyle/,Germany,구매 가이드,69
https://www.lg.com/de/tvs-und-soundbars/tv-buying-guide/tv-size/,Germany,구매 가이드,72
https://www.lg.com/de/tvs-und-soundbars/tv-buying-guide/tv-spec-wiki_qa/,Germany,구매 가이드,71
https://www.lg.com/de/tvs-und-soundbars/tv-buying-guide/tv-technology/oled-vs-qned/,Germany,구매 가이드,69
https://www.lg.com/de/tvs-und-soundbars/tv-buying-guide/tv-technology/what-is-4k-tv/,Germany,구매 가이드,75
https://www.lg.com/de/tvs-und-soundbars/tv-buying-guide/what-is-a-smart-tv-ai-tv/,Germany,구매 가이드,74
https://www.lg.com/de/lg-experience/,Germany,LG Experience,82
https://www.lg.com/de/lg-experience/lg-lab/,Germany,LG Experience,82
https://www.lg.com/de/lg-experience/tech-hub/,Germany,LG Experience,82
https://www.lg.com/de/lg-experience/tech-hub/welcher-tv-passt-zu-mir,Germany,LG Experience,55
https://www.lg.com/de/lifesgood/2023-campaign/,Germany,뉴스룸/Press,65
https://www.lg.com/de/lifesgood/ai-home/,Germany,뉴스룸/Press,74
https://www.lg.com/de/lifesgood/ai-mobility/,Germany,뉴스룸/Press,74
https://www.lg.com/de/lifesgood/ai-office/,Germany,뉴스룸/Press,74
https://www.lg.com/de/lifesgood/optimism-your-feed/,Germany,뉴스룸/Press,65
https://www.lg.com/de/lifesgood/optimism-your-feed/interview/,Germany,뉴스룸/Press,71
https://www.lg.com/de/lifesgood/product-story-gram/,Germany,뉴스룸/Press,68
https://www.lg.com/de/lifesgood/product-story-instaview/,Germany,뉴스룸/Press,68
https://www.lg.com/de/lifesgood/product-story-oled-t/,Germany,뉴스룸/Press,68
https://www.lg.com/de/lifesgood/product-story-washtower/,Germany,뉴스룸/Press,68
https://www.lg.com/de/lifesgood/product/,Germany,뉴스룸/Press,58
https://www.lg.com/de/lifesgood/product/willow-smith/,Germany,뉴스룸/Press,65
https://www.lg.com/de/monthly-lg/,Germany,뉴스룸/Press,68
https://www.lg.com/de/monthly-lg/aktion-ueberraschung-fuer-mama-mit-lg/,Germany,뉴스룸/Press,58
https://www.lg.com/de/monthly-lg/april-2024/,Germany,뉴스룸/Press,71
https://www.lg.com/de/monthly-lg/bleib-cool-mit-instaview/,Germany,뉴스룸/Press,68
https://www.lg.com/de/monthly-lg/das-haus-das-sparen-lernte/,Germany,뉴스룸/Press,79
https://www.lg.com/de/monthly-lg/das-leben-beginnt-zu-hause/,Germany,뉴스룸/Press,58
https://www.lg.com/de/monthly-lg/deine-must-haves-fuer-ein-effizientes-home-office-mit-lg/,Germany,뉴스룸/Press,68
https://www.lg.com/de/monthly-lg/deinen-eigenen-raum-gestalten/,Germany,뉴스룸/Press,58
https://www.lg.com/de/monthly-lg/die-perfekte-welt-mit-lg/,Germany,뉴스룸/Press,58
https://www.lg.com/de/monthly-lg/ein-bildschirm-der-mit-dem-moment-geht/,Germany,뉴스룸/Press,65
https://www.lg.com/de/monthly-lg/ein-harmonischer-hanok-kurzurlaub-mit-lg/,Germany,뉴스룸/Press,58
https://www.lg.com/de/monthly-lg/festliche-vorbereitungsfreuden-mit-lg/,Germany,뉴스룸/Press,71
https://www.lg.com/de/monthly-lg/home-decor-tipps-fuer-den-fruehling/,Germany,뉴스룸/Press,58
https://www.lg.com/de/monthly-lg/ideen-fur-deine-inneneinrichtung/,Germany,뉴스룸/Press,77
https://www.lg.com/de/monthly-lg/kuche-mit-einer-koreanischen-seele/,Germany,뉴스룸/Press,58
https://www.lg.com/de/monthly-lg/lebe-licht-mit-lg/,Germany,뉴스룸/Press,58
https://www.lg.com/de/monthly-lg/leben-und-arbeitsflow-zuhause/,Germany,뉴스룸/Press,58
https://www.lg.com/de/monthly-lg/level-up-verwandle-dein-zuhause-in-eine-gaming-oase/,Germany,뉴스룸/Press,68
https://www.lg.com/de/monthly-lg/lg-marketers-black-friday-wishlist/,Germany,뉴스룸/Press,71
https://www.lg.com/de/monthly-lg/maerz-2024/,Germany,뉴스룸/Press,68
https://www.lg.com/de/monthly-lg/mein-trick-fuer-hauspartys-mit-dem-lg-moodup-kuehlschrank/,Germany,뉴스룸/Press,74
https://www.lg.com/de/monthly-lg/neuentdeckt-echte-bewertungen/,Germany,뉴스룸/Press,58
https://www.lg.com/de/monthly-lg/neues-jahr-neues-ich-vorsaetze-2025-mit-lg/,Germany,뉴스룸/Press,68
https://www.lg.com/de/monthly-lg/neues-semester-jeden-tag-smarter/,Germany,뉴스룸/Press,73
https://www.lg.com/de/monthly-lg/raeume-der-zuneigung-mit-cinebeam-q/,Germany,뉴스룸/Press,71
https://www.lg.com/de/monthly-lg/schaerfer-als-im-stadion-mit-lg/,Germany,뉴스룸/Press,65
https://www.lg.com/de/monthly-lg/smartes-leben-mit-lg/,Germany,뉴스룸/Press,68
https://www.lg.com/de/monthly-lg/stadion-vibes-fuer-zu-hause-mit-lg-oled-tv/,Germany,뉴스룸/Press,68
https://www.lg.com/de/monthly-lg/sunday-reset-mit-lg/,Germany,뉴스룸/Press,68
https://www.lg.com/de/monthly-lg/von-routine-zu-taeglicher-freude-mit-lg/,Germany,뉴스룸/Press,58
https://www.lg.com/de/monthly-lg/wohlige-waerme-mit-lg/,Germany,뉴스룸/Press,58
https://www.lg.com/de/haushaltsgeraete/haushaltsgeraete-tipps-und-anleitungen/waeschepflege/how-to-clean-washing-machine/,Germany,마이크로사이트/캠페인,87
https://www.lg.com/de/haushaltsgeraete/haushaltsgeraete-tipps-und-anleitungen/waeschepflege/waermepumpen-vs-kondensationstrockner/,Germany,마이크로사이트/캠페인,81
https://www.lg.com/de/tvs-und-soundbars/why-lg-oled-evo/,Germany,마이크로사이트/캠페인,73
https://www.lg.com/de/tvs-und-soundbars/why-qned-evo/,Germany,마이크로사이트/캠페인,74
https://www.lg.com/de/tvs-und-soundbars/why-true-wireless/,Germany,마이크로사이트/캠페인,77
https://www.lg.com/de/lifestyle-tvs/objet-collection-art90/65art90e9qa/,Germany,제품 상세 (PDP),81
https://www.lg.com/de/lifestyle-tvs/objet-collection-pose/42lx1q9la/,Germany,제품 상세 (PDP),81
https://www.lg.com/de/lifestyle-tvs/objet-collection-pose/48lx1q9la/,Germany,제품 상세 (PDP),81
https://www.lg.com/de/lifestyle-tvs/objet-collection-pose/55lx1q6la/,Germany,제품 상세 (PDP),81
https://www.lg.com/de/lifestyle-tvs/objet-collection-pose/55lx1q9la/,Germany,제품 상세 (PDP),81
https://www.lg.com/de/lifestyle-tvs/objet-collection-pose/55lx1t6la/,Germany,제품 상세 (PDP),81
https://www.lg.com/de/lifestyle-tvs/oled-flex/42lx3q6la/,Germany,제품 상세 (PDP),81
https://www.lg.com/de/lifestyle-tvs/oled-flex/42lx3q9la/,Germany,제품 상세 (PDP),81
https://www.lg.com/de/lifestyle-tvs/stanbyme-go/27lx5qkna-t90swh/,Germany,제품 상세 (PDP),81
https://www.lg.com/de/care-accessories/laptops/adapter-power-cord/eay65249101/,Germany,제품 상세 (PDP),81
https://www.lg.com/de/care-accessories/laptops/adapter-power-cord/eay65895901/,Germany,제품 상세 (PDP),81
https://www.lg.com/de/care-accessories/laptops/adapter-power-cord/eay65910811/,Germany,제품 상세 (PDP),81
https://www.lg.com/de/care-accessories/laptops/adapter-power-cord/eay65910812/,Germany,제품 상세 (PDP),81
https://www.lg.com/de/computer-zubehoer/cl600w-aq-aeuq/,Germany,제품 상세 (PDP),81
https://www.lg.com/de/computer-zubehoer/eay65068601/,Germany,제품 상세 (PDP),81
https://www.lg.com/de/computer-zubehoer/gram-plus-view-portabler-monitor/16mq70/,Germany,제품 상세 (PDP),76
https://www.lg.com/de/computer-zubehoer/gram-plus-view-portabler-monitor/16mr70/,Germany,제품 상세 (PDP),81
https://www.lg.com/de/computer-zubehoer/lg-gram-plus-view/16mq70/,Germany,제품 상세 (PDP),76
https://www.lg.com/de/audio/xboom360/,Germany,제품 상세 (PDP),67
https://www.lg.com/de/lautsprecher/audio-zubehor/nd1520/,Germany,제품 상세 (PDP),81
https://www.lg.com/de/lautsprecher/audio-zubehor/nd4520/,Germany,제품 상세 (PDP),81
https://www.lg.com/de/lautsprecher/audio-zubehor/nd5520/,Germany,제품 상세 (PDP),81
https://www.lg.com/de/lautsprecher/audio-zubehor/r1-mr140/,Germany,제품 상세 (PDP),81
https://www.lg.com/de/lautsprecher/audio-zubehor/tn530v/,Germany,제품 상세 (PDP),74
https://www.lg.com/de/wireless-earbuds/tone-free/tone-t90s/,Germany,제품 상세 (PDP),79
https://www.lg.com/de/care-accessories/dryers/filter/agm75510732/,Germany,제품 상세 (PDP),74
https://www.lg.com/de/care-accessories/dryers/rack-stacking-kit/agf30790698/,Germany,제품 상세 (PDP),81
https://www.lg.com/de/waeschepflege/styler/s3bf/,Germany,제품 상세 (PDP),78
https://www.lg.com/de/waeschepflege/styler/s3mfc/,Germany,제품 상세 (PDP),78
https://www.lg.com/de/waeschepflege/styler/s3rerb/,Germany,제품 상세 (PDP),76
https://www.lg.com/de/waeschepflege/styler/s3werb/,Germany,제품 상세 (PDP),78
https://www.lg.com/de/waeschepflege/styler/s3wf/,Germany,제품 상세 (PDP),78
https://www.lg.com/de/2022/alpha7/,Germany,제품 상세 (PDP),69
https://www.lg.com/de/beamer/heimkinoprojektoren/af115/,Germany,제품 상세 (PDP),81
https://www.lg.com/de/beamer/heimkinoprojektoren/au810pw/,Germany,제품 상세 (PDP),81
https://www.lg.com/de/beamer/heimkinoprojektoren/bf50nst/,Germany,제품 상세 (PDP),78
https://www.lg.com/de/beamer/heimkinoprojektoren/bu50nst/,Germany,제품 상세 (PDP),78
https://www.lg.com/de/beamer/heimkinoprojektoren/bu53rg/,Germany,제품 상세 (PDP),79
https://www.lg.com/de/beamer/heimkinoprojektoren/bu60rg/,Germany,제품 상세 (PDP),79
https://www.lg.com/de/bluetooth-kopfhoerer/2022/,Germany,제품 상세 (PDP),76
https://www.lg.com/de/computer-zubehoer/lg-gram-plus-view/16mr70/,Germany,제품 상세 (PDP),81
https://www.lg.com/de/geschirrspueler/db476txs/,Germany,제품 상세 (PDP),79
https://www.lg.com/de/geschirrspueler/db597txs/,Germany,제품 상세 (PDP),79
https://www.lg.com/de/haushaltsgeraete-zubehoer/5001el2001h/,Germany,제품 상세 (PDP),81
https://www.lg.com/de/haushaltsgeraete-zubehoer/5214fr3188g/,Germany,제품 상세 (PDP),81
https://www.lg.com/de/haushaltsgeraete-zubehoer/af-b600n/,Germany,제품 상세 (PDP),84
https://www.lg.com/de/haushaltsgeraete-zubehoer/agf80300812/,Germany,제품 상세 (PDP),81
https://www.lg.com/de/haushaltsgeraete-zubehoer/aht74894101/,Germany,제품 상세 (PDP),81
https://www.lg.com/de/haushaltsgeraete-zubehoer/dk2b/,Germany,제품 상세 (PDP),81
https://www.lg.com/de/ifa/hu810p/,Germany,제품 상세 (PDP),66
https://www.lg.com/de/instaview-kuehlgeraete/trockner/rt90v9w/,Germany,제품 상세 (PDP),81
https://www.lg.com/de/klimaanlagen/A12GA1/,Germany,제품 상세 (PDP),82
https://www.lg.com/de/klimaanlagen/a09fr/,Germany,제품 상세 (PDP),78
https://www.lg.com/de/klimaanlagen/a09ga1/,Germany,제품 상세 (PDP),82
https://www.lg.com/de/klimaanlagen/a09ga2/,Germany,제품 상세 (PDP),79
https://www.lg.com/de/klimaanlagen/a09ll/,Germany,제품 상세 (PDP),81
https://www.lg.com/de/klimaanlagen/a12fr/,Germany,제품 상세 (PDP),78
https://www.lg.com/de/klimaanlagen/a12ga2/,Germany,제품 상세 (PDP),79
https://www.lg.com/de/klimaanlagen/a12ll/,Germany,제품 상세 (PDP),81
https://www.lg.com/de/klimaanlagen/a18rl/,Germany,제품 상세 (PDP),81
https://www.lg.com/de/klimaanlagen/aa09sp/,Germany,제품 상세 (PDP),79
https://www.lg.com/de/klimaanlagen/ac09bh/,Germany,제품 상세 (PDP),74
https://www.lg.com/de/klimaanlagen/ac09bq/,Germany,제품 상세 (PDP),81
https://www.lg.com/de/klimaanlagen/ac09sq/,Germany,제품 상세 (PDP),78
https://www.lg.com/de/klimaanlagen/ac12bh/,Germany,제품 상세 (PDP),81
https://www.lg.com/de/klimaanlagen/ac12bq/,Germany,제품 상세 (PDP),81
https://www.lg.com/de/klimaanlagen/ac12sq/,Germany,제품 상세 (PDP),78
https://www.lg.com/de/klimaanlagen/ac18bh/,Germany,제품 상세 (PDP),78
https://www.lg.com/de/klimaanlagen/ac18bq/,Germany,제품 상세 (PDP),78
https://www.lg.com/de/klimaanlagen/ac18sq/,Germany,제품 상세 (PDP),78
https://www.lg.com/de/klimaanlagen/ac24bh/,Germany,제품 상세 (PDP),78
https://www.lg.com/de/klimaanlagen/ac24bk/,Germany,제품 상세 (PDP),81
https://www.lg.com/de/klimaanlagen/ac24bq/,Germany,제품 상세 (PDP),78
https://www.lg.com/de/klimaanlagen/actcool/a09fr/,Germany,제품 상세 (PDP),78
https://www.lg.com/de/klimaanlagen/actcool/ac09bh/,Germany,제품 상세 (PDP),81
https://www.lg.com/de/klimaanlagen/actcool/ac18bh/,Germany,제품 상세 (PDP),78
https://www.lg.com/de/klimaanlagen/actcool/ac24bh/,Germany,제품 상세 (PDP),78
https://www.lg.com/de/klimaanlagen/ap09rk/,Germany,제품 상세 (PDP),81
https://www.lg.com/de/kuehlschraenke-gefrierschraenke/kuehl-gefrierkombination/gbb61mcgcn1/,Germany,제품 상세 (PDP),81
https://www.lg.com/de/kuehlschraenke-gefrierschraenke/kuehl-gefrierkombination/gbb61mcggn/,Germany,제품 상세 (PDP),74
https://www.lg.com/de/kuehlschraenke-gefrierschraenke/kuehl-gefrierkombination/gbb61pzgcn/,Germany,제품 상세 (PDP),81
https://www.lg.com/de/kuehlschraenke-gefrierschraenke/kuehl-gefrierkombination/gbb61pzgcn1/,Germany,제품 상세 (PDP),81
https://www.lg.com/de/kuehlschraenke-gefrierschraenke/kuehl-gefrierkombination/gbb61pzggn/,Germany,제품 상세 (PDP),81
https://www.lg.com/de/kuehlschraenke-gefrierschraenke/kuehl-gefrierkombination/gbb61pzhmn/,Germany,제품 상세 (PDP),81
https://www.lg.com/de/kuehlschraenke-gefrierschraenke/kuehl-gefrierkombination/gbb61swgcn/,Germany,제품 상세 (PDP),81
https://www.lg.com/de/kuehlschraenke-gefrierschraenke/kuehl-gefrierkombination/gbb61swgcn1/,Germany,제품 상세 (PDP),81
https://www.lg.com/de/kuehlschraenke-gefrierschraenke/kuehl-gefrierkombination/gbb62mcgcc1/,Germany,제품 상세 (PDP),81
https://www.lg.com/de/kuehlschraenke-gefrierschraenke/kuehl-gefrierkombination/gbb62mcgcn1/,Germany,제품 상세 (PDP),81
https://www.lg.com/de/kuehlschraenke-gefrierschraenke/kuehl-gefrierkombination/gbb62mcggn/,Germany,제품 상세 (PDP),81
https://www.lg.com/de/kuehlschraenke-gefrierschraenke/kuehl-gefrierkombination/gbb62pzgcc/,Germany,제품 상세 (PDP),81
https://www.lg.com/de/kuehlschraenke-gefrierschraenke/kuehl-gefrierkombination/gbb62pzgcc1/,Germany,제품 상세 (PDP),81
https://www.lg.com/de/kuehlschraenke-gefrierschraenke/kuehl-gefrierkombination/gbb62pzggn/,Germany,제품 상세 (PDP),81
https://www.lg.com/de/kuehlschraenke-gefrierschraenke/kuehl-gefrierkombination/gbb62swffn/,Germany,제품 상세 (PDP),81
https://www.lg.com/de/kuehlschraenke-gefrierschraenke/kuehl-gefrierkombination/gbb62swggn/,Germany,제품 상세 (PDP),81
https://www.lg.com/de/kuehlschraenke-gefrierschraenke/kuehl-gefrierkombination/gbb72mcvbn/,Germany,제품 상세 (PDP),81
https://www.lg.com/de/kuehlschraenke-gefrierschraenke/kuehl-gefrierkombination/gbb72mcvcn1/,Germany,제품 상세 (PDP),81
https://www.lg.com/de/kuehlschraenke-gefrierschraenke/kuehl-gefrierkombination/gbb72nsvbn/,Germany,제품 상세 (PDP),81
https://www.lg.com/de/kuehlschraenke-gefrierschraenke/kuehl-gefrierkombination/gbb72pzecn/,Germany,제품 상세 (PDP),82
https://www.lg.com/de/kuehlschraenke-gefrierschraenke/kuehl-gefrierkombination/gbb72pzecn1/,Germany,제품 상세 (PDP),81
https://www.lg.com/de/kuehlschraenke-gefrierschraenke/kuehl-gefrierkombination/gbb72swdfn/,Germany,제품 상세 (PDP),81
https://www.lg.com/de/lifestyle-tvs/,Germany,제품 카테고리 (PLP),80
https://www.lg.com/de/lifestyle-tvs/alle-lifestyle-tvs/,Germany,제품 카테고리 (PLP),83
https://www.lg.com/de/magic-remote-tv/,Germany,제품 카테고리 (PLP),79
https://www.lg.com/de/shop-tv-audio-video/,Germany,제품 카테고리 (PLP),79
https://www.lg.com/de/tv-awards-all/,Germany,제품 카테고리 (PLP),72
https://www.lg.com/de/tv-contents-policy/,Germany,제품 카테고리 (PLP),79
https://www.lg.com/de/tv-review/,Germany,제품 카테고리 (PLP),72
https://www.lg.com/de/tv/2022/soundbar/,Germany,제품 카테고리 (PLP),73
https://www.lg.com/de/tv/20221/ott-dienste/,Germany,제품 카테고리 (PLP),73
https://www.lg.com/de/banner-survey-pc/,Germany,제품 카테고리 (PLP),66
https://www.lg.com/de/computer-zubehoer/,Germany,제품 카테고리 (PLP),80
https://www.lg.com/de/home-office-monitore/,Germany,제품 카테고리 (PLP),79
https://www.lg.com/de/monitor-einkaufsratgeber/,Germany,제품 카테고리 (PLP),69
https://www.lg.com/de/monitore/,Germany,제품 카테고리 (PLP),74
https://www.lg.com/de/monitore/all-in-one/,Germany,제품 카테고리 (PLP),73
https://www.lg.com/de/monitore/alle-monitore/,Germany,제품 카테고리 (PLP),80
https://www.lg.com/de/monitore/discontinued/,Germany,제품 카테고리 (PLP),79
https://www.lg.com/de/monitore/ergo-monitore/,Germany,제품 카테고리 (PLP),80
https://www.lg.com/de/audio/,Germany,제품 카테고리 (PLP),76
https://www.lg.com/de/audio/discontinued/,Germany,제품 카테고리 (PLP),79
https://www.lg.com/de/audio/gaming-speaker/,Germany,제품 카테고리 (PLP),67
https://www.lg.com/de/audio/tonefreeapp/,Germany,제품 카테고리 (PLP),79
https://www.lg.com/de/lautsprecher/audio-zubehoer/,Germany,제품 카테고리 (PLP),82
https://www.lg.com/de/lgxboom/meridian/,Germany,제품 카테고리 (PLP),79
https://www.lg.com/de/wireless-earbuds/xboombuds/buds-aeuslbk/,Germany,제품 카테고리 (PLP),79
https://www.lg.com/de/wireless-earbuds/xboombuds/buds-aeuslwh/,Germany,제품 카테고리 (PLP),79
https://www.lg.com/de/wireless-earbuds/xboombuds/budslite-black/,Germany,제품 카테고리 (PLP),83
https://www.lg.com/de/accessibility-declaration/,Germany,제품 카테고리 (PLP),79
https://www.lg.com/de/account-integration-old/,Germany,제품 카테고리 (PLP),69
https://www.lg.com/de/account-integration/,Germany,제품 카테고리 (PLP),62
https://www.lg.com/de/adventskalender-tnc/,Germany,제품 카테고리 (PLP),62
https://www.lg.com/de/agb/,Germany,제품 카테고리 (PLP),69
https://www.lg.com/de/ai-waeschepflege/,Germany,제품 카테고리 (PLP),76
https://www.lg.com/de/aktuelle-highlights/,Germany,제품 카테고리 (PLP),86
https://www.lg.com/de/android-updates/,Germany,제품 카테고리 (PLP),80
https://www.lg.com/de/awards/,Germany,제품 카테고리 (PLP),76
https://www.lg.com/de/banner-survey-mo/,Germany,제품 카테고리 (PLP),66
https://www.lg.com/de/beamer/,Germany,제품 카테고리 (PLP),80
https://www.lg.com/de/bestseller/,Germany,제품 카테고리 (PLP),72
https://www.lg.com/de/bewertungen/,Germany,제품 카테고리 (PLP),79
https://www.lg.com/de/bluetooth-kopfhoerer/,Germany,제품 카테고리 (PLP),72
https://www.lg.com/de/bundledeal/,Germany,제품 카테고리 (PLP),69
https://www.lg.com/de/care-accessories/,Germany,제품 카테고리 (PLP),69
https://www.lg.com/de/cart/,Germany,제품 카테고리 (PLP),79
https://www.lg.com/de/cashback/,Germany,제품 카테고리 (PLP),79
https://www.lg.com/de/ces2023/aerotower-air-purifying/,Germany,제품 카테고리 (PLP),72
https://www.lg.com/de/checkout/,Germany,제품 카테고리 (PLP),69
https://www.lg.com/de/cinebeam-s/,Germany,제품 카테고리 (PLP),70
https://www.lg.com/de/coretech/,Germany,제품 카테고리 (PLP),86
https://www.lg.com/de/disney/,Germany,제품 카테고리 (PLP),72
https://www.lg.com/de/einkaufsratgeber/,Germany,제품 카테고리 (PLP),83
https://www.lg.com/de/energieeffizienz/,Germany,제품 카테고리 (PLP),78
https://www.lg.com/de/entdecken/,Germany,제품 카테고리 (PLP),69
https://www.lg.com/de/exclusive-owners-lounge/,Germany,제품 카테고리 (PLP),69
https://www.lg.com/de/explore-appliances/,Germany,제품 카테고리 (PLP),73
https://www.lg.com/de/geschirrspueler/,Germany,제품 카테고리 (PLP),89
https://www.lg.com/de/id-ess-klima/,Germany,제품 카테고리 (PLP),76
https://www.lg.com/de/instructions-downloads/help-center-faqs/,Germany,제품 카테고리 (PLP),66
https://www.lg.com/de/instructions-downloads/manuals/,Germany,제품 카테고리 (PLP),66
https://www.lg.com/de/instructions-downloads/software-firmware/,Germany,제품 카테고리 (PLP),66
https://www.lg.com/de/klimaanlage-effizient-nutzen/,Germany,제품 카테고리 (PLP),72
https://www.lg.com/de/klimaanlagen/,Germany,제품 카테고리 (PLP),80
https://www.lg.com/de/klimaanlagen/ac09bk/,Germany,제품 카테고리 (PLP),79
https://www.lg.com/de/klimaanlagen/ac12bk/,Germany,제품 카테고리 (PLP),79
https://www.lg.com/de/klimaanlagen/ac18bk/,Germany,제품 카테고리 (PLP),79
https://www.lg.com/de/klimaanlagen/heizung/,Germany,제품 카테고리 (PLP),77
https://www.lg.com/de/klimaanlagen/heizung/warmwasserwaermepumpe/,Germany,제품 카테고리 (PLP),86
https://www.lg.com/de/kuehlschraenke-gefrierschraenke/,Germany,제품 카테고리 (PLP),81
https://www.lg.com/de/kuehlschraenke-gefrierschraenke/alle-kuehlschraenke-gefrierschraenke/,Germany,제품 카테고리 (PLP),80
https://www.lg.com/de/kuehlschraenke-gefrierschraenke/alle-kuehlschraenke-gefrierschraenke/?ec_ft_06516271=70-89_cm,Germany,제품 카테고리 (PLP),86
https://www.lg.com/de/kuehlschraenke-gefrierschraenke/alle-kuehlschraenke-gefrierschraenke/?ec_ft_06516271=Mehr_als_90_cm,Germany,제품 카테고리 (PLP),79
https://www.lg.com/de/kuehlschraenke-gefrierschraenke/alle-kuehlschraenke-gefrierschraenke/?ec_ft_06516271=Oder_weniger_60_cm,Germany,제품 카테고리 (PLP),86
https://www.lg.com/de/kuehlschraenke-gefrierschraenke/alle-kuehlschraenke-gefrierschraenke/?ec_ft_06516273=181-200_cm,Germany,제품 카테고리 (PLP),86
https://www.lg.com/de/kuehlschraenke-gefrierschraenke/alle-kuehlschraenke-gefrierschraenke/?ec_ft_06516273=203_cm,Germany,제품 카테고리 (PLP),79
https://www.lg.com/de/kuehlschraenke-gefrierschraenke/alle-kuehlschraenke-gefrierschraenke/?ec_ft_06516273=Oder_weniger_180_cm,Germany,제품 카테고리 (PLP),79
https://www.lg.com/de/kuehlschraenke-gefrierschraenke/alle-kuehlschraenke-gefrierschraenke/?ec_ft_06516274=LG_ThinQ®_Smart_App,Germany,제품 카테고리 (PLP),86
https://www.lg.com/de/kuehlschraenke-gefrierschraenke/alle-kuehlschraenke-gefrierschraenke/?ec_ft_06516274=Smart_Diagnosis®,Germany,제품 카테고리 (PLP),86
https://www.lg.com/de/kuehlschraenke-gefrierschraenke/alle-kuehlschraenke-gefrierschraenke/?ec_ft_06518232=LG_Craft_Ice,Germany,제품 카테고리 (PLP),79
https://www.lg.com/de/lautsprecher/,Germany,제품 카테고리 (PLP),77
https://www.lg.com/de/lautsprecher/alle-lautsprecher/,Germany,제품 카테고리 (PLP),83
https://www.lg.com/de/mikrowellen/,Germany,제품 카테고리 (PLP),83
https://www.lg.com/de/mikrowellen/discontinued/,Germany,제품 카테고리 (PLP),72
https://www.lg.com/de/mikrowellen/mikrowellen-bundles/,Germany,제품 카테고리 (PLP),83
https://www.lg.com/de/mikrowellen/mikrowellen-mit-grill/,Germany,제품 카테고리 (PLP),83
https://www.lg.com/de/mikrowellen/solo-mikrowellen/,Germany,제품 카테고리 (PLP),83
https://www.lg.com/de/mobile-klima-ac/,Germany,제품 카테고리 (PLP),79
https://www.lg.com/de/monitore/fhd-qhd/,Germany,제품 카테고리 (PLP),80
https://www.lg.com/de/ratgeber-klimaanlagen/,Germany,제품 카테고리 (PLP),79
https://www.lg.com/de/staubsauger/,Germany,제품 카테고리 (PLP),74
https://www.lg.com/de/staubsauger/v-dustbag/,Germany,제품 카테고리 (PLP),83
https://www.lg.com/de/tvs-und-soundbars/,Germany,제품 카테고리 (PLP),80
https://www.lg.com/de/ultrafine-monitore/,Germany,제품 카테고리 (PLP),76
https://www.lg.com/de/ultragear-monitore/,Germany,제품 카테고리 (PLP),77
https://www.lg.com/de/ultrawide-monitore/,Germany,제품 카테고리 (PLP),76
https://www.lg.com/de/waeschepflege/,Germany,제품 카테고리 (PLP),77
https://www.lg.com/de/waeschepflege/alle-waschgeraete/,Germany,제품 카테고리 (PLP),80
https://www.lg.com/de/waeschepflege/alle-waschgeraete/?ec_ft_05653969=Energieklasse_A,Germany,제품 카테고리 (PLP),79
https://www.lg.com/de/waeschepflege/alle-waschgeraete/?ec_ft_05653969=Energieklasse_B,Germany,제품 카테고리 (PLP),86
https://www.lg.com/de/waeschepflege/alle-waschgeraete/?ec_ft_05653969=Energieklasse_C,Germany,제품 카테고리 (PLP),79
https://www.lg.com/de/waeschepflege/alle-waschgeraete/?ec_ft_05653969=Energieklasse_D,Germany,제품 카테고리 (PLP),79
https://www.lg.com/de/newsroom/,Germany,프레스앤미디어,81
https://www.lg.com/de/newsroom/--LG-praesentiert-Micro-RGB-evo-TV-auf-der-LG-Convention-2026/,Germany,프레스앤미디어,79
https://www.lg.com/de/newsroom/-Affectionate-Intelligence---LG-pr-sentiert-die-Zukunft-KI-gest-tzter-Kundenerlebnisse-auf-der-CES-2025/,Germany,프레스앤미디어,78
https://www.lg.com/de/newsroom/20230106_OLEDTV_Verkaufzahlen/,Germany,프레스앤미디어,72
https://www.lg.com/de/newsroom/20230403_Pressemitteilung_Red-Dot-Award/,Germany,프레스앤미디어,78
https://www.lg.com/de/newsroom/20230403_Pressemitteilung_Red-Dot-Award_0331/,Germany,프레스앤미디어,78
https://www.lg.com/de/newsroom/20230414_Pressemitteilung_LG-TV-Cloud-gaming_DE/,Germany,프레스앤미디어,78
https://www.lg.com/de/newsroom/20230414_Pressemitteilung_LG_OLED-Art_MDW_DE/,Germany,프레스앤미디어,78
https://www.lg.com/de/newsroom/20230517_Pressemitteilung_-LG-2022-Soundbars_Software-Update/,Germany,프레스앤미디어,78
https://www.lg.com/de/newsroom/20230615_Pressemitteilung_LG_InfoComm2023/,Germany,프레스앤미디어,72
https://www.lg.com/de/newsroom/20230628_Pressemitteilung_LG-Smart-Cam/,Germany,프레스앤미디어,72
https://www.lg.com/de/newsroom/20230712_Pressemitteilung_LG-Channels_BINGE-Korea/,Germany,프레스앤미디어,66
https://www.lg.com/de/newsroom/20230901_Pressemitteilung_LG-at-IFA-2023/,Germany,프레스앤미디어,78
https://www.lg.com/de/newsroom/20231120_PM_Launch-LG-TONE-Free-T90S-1/,Germany,프레스앤미디어,72
https://www.lg.com/de/newsroom/20231219_CES_LG-2024-Soundbar-lineup-2/,Germany,프레스앤미디어,78
https://www.lg.com/de/newsroom/2023121_Pressemitteilung_LG-HE_Neue-Apps/,Germany,프레스앤미디어,72
https://www.lg.com/de/newsroom/20231222_CES-2024_LG-mycup-Spu-lmaschine-1/,Germany,프레스앤미디어,78
https://www.lg.com/de/newsroom/20231229_Pressemitteilung_LG-HE_QNED-TVs-2024/,Germany,프레스앤미디어,78
https://www.lg.com/de/newsroom/20240124_PM-THERMA-V/,Germany,프레스앤미디어,78
https://www.lg.com/de/newsroom/20240129_PM-HA_CES-2024_LG-Styler/,Germany,프레스앤미디어,72
https://www.lg.com/de/newsroom/20240131_LG_Press-Release_ECE/,Germany,프레스앤미디어,78
https://www.lg.com/de/newsroom/20240306_LG-Convention_HE_OLED-2024/,Germany,프레스앤미디어,78
https://www.lg.com/de/newsroom/20240308_LG-Convention_HA_K-hlger-te_V3_if/,Germany,프레스앤미디어,78
https://www.lg.com/de/newsroom/20240308_LG-Convention_HE_QNED-TVs/,Germany,프레스앤미디어,78
https://www.lg.com/de/newsroom/20240311_LG_ID_Pressemeldung/,Germany,프레스앤미디어,72
https://www.lg.com/de/newsroom/20240313_LG-Convention_HA_Waschen_V2_if-2-/,Germany,프레스앤미디어,78
https://www.lg.com/de/newsroom/20240319_LG-Pressemitteilung_Servicerobotik/,Germany,프레스앤미디어,78
https://www.lg.com/de/newsroom/20240320_LG_Pressemeldung_Weltglu-ckstag/,Germany,프레스앤미디어,78
https://www.lg.com/de/newsroom/20240424_LG-HA_Design-Milan-Week/,Germany,프레스앤미디어,78
https://www.lg.com/de/newsroom/20240425_HE_LG-Channels-Erweiterung-Senderangebote/,Germany,프레스앤미디어,78
https://www.lg.com/de/newsroom/20240503_AppleMusic/,Germany,프레스앤미디어,69
https://www.lg.com/de/newsroom/20240507_RTL-/,Germany,프레스앤미디어,78
https://www.lg.com/de/newsroom/20240701_LG-Pressemeldung_ECAHR/,Germany,프레스앤미디어,78
https://www.lg.com/de/newsroom/20240701_LG_ID_Airserver_DE/,Germany,프레스앤미디어,69
https://www.lg.com/de/newsroom/20240704_LG-Pressemeldung_Partnerschaft-Athom/,Germany,프레스앤미디어,66
https://www.lg.com/de/newsroom/20240712_LG-PM_Ultragro-e-TVs-f-r-den-Sport-Sommer/,Germany,프레스앤미디어,78
https://www.lg.com/de/newsroom/20240726_MyView-Smart-Monitor-auf-den-Markt/,Germany,프레스앤미디어,78
https://www.lg.com/de/newsroom/20240806_LG_Corporate_IFA_Invitation/,Germany,프레스앤미디어,78
https://www.lg.com/de/newsroom/20240814_LG-erweitert-Verf-gbarkeit-seines-FAST-Channels-LG-1/,Germany,프레스앤미디어,78
https://www.lg.com/de/newsroom/20240819_LG-PM_Nachhaltigkeitsbericht_V2/,Germany,프레스앤미디어,78
https://www.lg.com/de/newsroom/230418_Pressemitteilung_LG-Channels-in-Europa/,Germany,프레스앤미디어,78
https://www.lg.com/de/newsroom/230420_Pressemitteilung_LG-IT_Partnerprogramm/,Germany,프레스앤미디어,78
https://www.lg.com/de/newsroom/230426_Pressemitteilung_LG_Amazon-Citadel/,Germany,프레스앤미디어,78
https://www.lg.com/de/newsroom/230428_PM_Finanzergebnisse-Q1-2023/,Germany,프레스앤미디어,69
https://www.lg.com/de/newsroom/2304_LG-AS_-Pressemitteilung_AHRI-Awards_Adaption/,Germany,프레스앤미디어,78
https://www.lg.com/de/newsroom/230508_Pressemitteilung_LG_Arrow_DACH/,Germany,프레스앤미디어,78
https://www.lg.com/de/newsroom/230510_LG-UltraGear-release_/,Germany,프레스앤미디어,78
https://www.lg.com/de/newsroom/230510_LGE-MyCar-Alarm_DE/,Germany,프레스앤미디어,78
https://www.lg.com/de/newsroom/230607_PM_Global-Volunteer-Day/,Germany,프레스앤미디어,78
https://www.lg.com/de/newsroom/230607_PM_RE100-Initiative/,Germany,프레스앤미디어,72
https://www.lg.com/de/newsroom/230621_LG-ID_Casestudy_Audi-Charing-Hubs/,Germany,프레스앤미디어,72
https://www.lg.com/de/newsroom/230622_PM_Signature-x-Schwanensee/,Germany,프레스앤미디어,78
https://www.lg.com/de/newsroom/230629_PM_VS-10th-anniversary/,Germany,프레스앤미디어,72
https://www.lg.com/de/newsroom/230712_PM_Zukunftsstrategie/,Germany,프레스앤미디어,78
https://www.lg.com/de/newsroom/230726_PM_LG-Signature-Sponsorship/,Germany,프레스앤미디어,72
https://www.lg.com/de/newsroom/230726_PM_Nachhaltigkeitsbericht/,Germany,프레스앤미디어,78
https://www.lg.com/de/newsroom/230727_PM_Finanzergebnisse-Q2-2023/,Germany,프레스앤미디어,69
https://www.lg.com/de/newsroom/230731_Pressemitteilung_LG-Channels-Sports-Content/,Germany,프레스앤미디어,69
https://www.lg.com/de/newsroom/230801_Press-Release_Global-IT-Challenge-1-pdf/,Germany,프레스앤미디어,78
https://www.lg.com/de/newsroom/230802_LG_HE_Launch-OLED-M/,Germany,프레스앤미디어,78
https://www.lg.com/de/newsroom/230810_Pressemitteilung_InD_LG-MAGNIT-All-in-One/,Germany,프레스앤미디어,78
https://www.lg.com/de/newsroom/230815_PM_ThinQ-Up-2-0--IFA-2023-/,Germany,프레스앤미디어,69
https://www.lg.com/de/newsroom/230815_PM_Universal-Up-Kit--IFA-2023-/,Germany,프레스앤미디어,72
https://www.lg.com/de/newsroom/230816_IFA2023_LG-Smart-Cottage/,Germany,프레스앤미디어,72
https://www.lg.com/de/newsroom/230824_Life-s-Good-Campaign/,Germany,프레스앤미디어,78
https://www.lg.com/de/newsroom/230824_Pressemitteilung_LG-x-Amazon-Luna-1/,Germany,프레스앤미디어,78
https://www.lg.com/de/newsroom/230825_IFA-2023_Built-in-package/,Germany,프레스앤미디어,78
https://www.lg.com/de/newsroom/230825_IFA-2023_StanbyME-Go/,Germany,프레스앤미디어,72
https://www.lg.com/de/newsroom/230828_IFA-2023_Net-Zero-House_Energy-Package/,Germany,프레스앤미디어,78
https://www.lg.com/de/newsroom/230828_PM_IDEA-Award/,Germany,프레스앤미디어,78
https://www.lg.com/de/newsroom/230830_PM-ThinQ-Smart-Home-Plattform/,Germany,프레스앤미디어,69
https://www.lg.com/de/newsroom/230832_IFA-2023_Home-Appliances-pra-sentiert-neue-Lo-sungen-fu-r-Energieeffizienz/,Germany,프레스앤미디어,78
https://www.lg.com/de/newsroom/230901_Pressemitteilung_LG-Tech-Briefing/,Germany,프레스앤미디어,72
https://www.lg.com/de/newsroom/230906_LG_ID_PM-Zukunft-Nahverkehr/,Germany,프레스앤미디어,78
https://www.lg.com/de/newsroom/230908_LG_LoL_UltraGear_27GR95QL/,Germany,프레스앤미디어,78
https://www.lg.com/de/newsroom/230912_PM_LG-Smart-TV-Apple-TV-Promotion/,Germany,프레스앤미디어,78
https://www.lg.com/de/newsroom/230919_LG_Press-Release_Burn-In-1/,Germany,프레스앤미디어,69
https://www.lg.com/de/newsroom/230919_PM_LG-Channels-3-0/,Germany,프레스앤미디어,66
https://www.lg.com/de/newsroom/230920_PM_LG-visionwebOS-summit/,Germany,프레스앤미디어,69
https://www.lg.com/de/newsroom/230926_PM_6G-Leadership/,Germany,프레스앤미디어,78
https://www.lg.com/de/newsroom/230927_PM_Life-s-Good-Markenfilm/,Germany,프레스앤미디어,72
https://www.lg.com/de/newsroom/231004_LG-x-Eintracht-Frankfurt/,Germany,프레스앤미디어,78
https://www.lg.com/de/newsroom/231016_LG_ID_BEST_Pressestatement/,Germany,프레스앤미디어,78
https://www.lg.com/de/newsroom/231017_LG_PM_InstaView_Werbespot/,Germany,프레스앤미디어,78
https://www.lg.com/de/newsroom/231019_PM_Bloomberg_Interview-Vehicle-Solutions/,Germany,프레스앤미디어,69
https://www.lg.com/de/newsroom/231027_Q3-Finanzzahlen/,Germany,프레스앤미디어,69
https://www.lg.com/de/newsroom/231101_Automotive-Content-Plattform/,Germany,프레스앤미디어,78
https://www.lg.com/de/newsroom/231115_LG_AS_Wa-rmepumpen_LG-gru-ndet-Forschungslabor-in-Alaska_PM/,Germany,프레스앤미디어,78
https://www.lg.com/de/newsroom/231120_PM_CES-2024-Awards/,Germany,프레스앤미디어,78
https://www.lg.com/de/newsroom/231127_PM_LG_Corporate_Organisatorische-Umstrukturierung/,Germany,프레스앤미디어,78
https://www.lg.com/de/newsroom/231128_PM_Corporate_Invitation-CES-2024/,Germany,프레스앤미디어,72
https://www.lg.com/de/newsroom/231212_PM_Corporate_DJSI/,Germany,프레스앤미디어,78
https://www.lg.com/de/newsroom/231214_PM_Life-s-Good-Kampagne_Influencerkoops/,Germany,프레스앤미디어,78
https://www.lg.com/de/newsroom/240102_PM_CES-2024_LG-Labs/,Germany,프레스앤미디어,78
https://www.lg.com/de/newsroom/240103_PM-CES-2024_OLED-Line-up/,Germany,프레스앤미디어,78
https://www.lg.com/de/newsroom/240104_PM-CES-2024_webOS-upgrade/,Germany,프레스앤미디어,78
https://www.lg.com/de/newsroom/240104_Pressemitteilung_Ku-hl-Gefrierkombination-GBB92MBB3P/,Germany,프레스앤미디어,78
https://www.lg.com/de/newsroom/240108_PM-CES-2024_OLED-T/,Germany,프레스앤미디어,78
https://www.lg.com/de/newsroom/240108_PM-CES-2024_Pressekonferenz-Reinvent-your-Future/,Germany,프레스앤미디어,78
https://www.lg.com/de/newsroom/240108_PM_Unicon/,Germany,프레스앤미디어,78
https://www.lg.com/de/support/,Germany,지원/Support,86
https://www.lg.com/de/support/ankuendigungen/,Germany,지원/Support,79
https://www.lg.com/de/support/ankuendigungen/DENTC161209121380/,Germany,지원/Support,74
https://www.lg.com/de/support/ankuendigungen/DENTC20201028150796/,Germany,지원/Support,70
https://www.lg.com/de/support/ankuendigungen/DENTC20210701151400/,Germany,지원/Support,74
https://www.lg.com/de/support/ankuendigungen/DENTC20220425152280/,Germany,지원/Support,74
https://www.lg.com/de/support/ankuendigungen/DENTC20221012153120/,Germany,지원/Support,74
https://www.lg.com/de/support/ankuendigungen/DENTC20230313153490/,Germany,지원/Support,74
https://www.lg.com/de/support/ankuendigungen/DENTC20230503153713/,Germany,지원/Support,74
https://www.lg.com/de/support/ankuendigungen/DENTC20230517153850/,Germany,지원/Support,74
https://www.lg.com/de/support/ankuendigungen/DENTC20230828154100/,Germany,지원/Support,74
https://www.lg.com/de/support/ankuendigungen/DENTC20231025113800/,Germany,지원/Support,74
https://www.lg.com/de/support/ankuendigungen/DENTC20240528001/,Germany,지원/Support,74
https://www.lg.com/de/support/ankuendigungen/DENTC20241107001/,Germany,지원/Support,74
https://www.lg.com/de/support/ankuendigungen/aktualisierungen-der-datenschutzrichtlinie-von-lg-electronics-service-25092025/,Germany,지원/Support,74
https://www.lg.com/de/support/ankuendigungen/aktualisierungen-der-datenschutzrichtlinie-von-lg-electronics-service/,Germany,지원/Support,70
https://www.lg.com/de/support/ankuendigungen/datenschutzrichtlinie-von-lg-20260429/,Germany,지원/Support,74
https://www.lg.com/de/support/ankuendigungen/hinweis-zur-beendigung-einer-internen-funktion-in-der-lg-set-top-box-tn530v/,Germany,지원/Support,70
https://www.lg.com/de/support/ankuendigungen/mc-function-termination-notice/,Germany,지원/Support,74
https://www.lg.com/de/support/ankuendigungen/mitteilung-uber-die-beendigung-der-dienste-von-accuweather/,Germany,지원/Support,70
https://www.lg.com/de/support/ankuendigungen/notice-of-spotify-service-termination/,Germany,지원/Support,70
https://www.lg.com/de/support/ankuendigungen/notice-of-termination-of-the-services-of-gracenote-music-id-video-id-eyeq-epg-for-blu-ray-player-blu-ray-home-theater-system-will-no-longer-be-available/,Germany,지원/Support,70
https://www.lg.com/de/support/b2b-agb/,Germany,지원/Support,67
https://www.lg.com/de/support/bestellsupport/frequently-asked-questions/,Germany,지원/Support,86
https://www.lg.com/de/support/bestellsupport/track-my-order/,Germany,지원/Support,86
https://www.lg.com/de/support/error-pages/,Germany,지원/Support,59
https://www.lg.com/de/support/error-pages/down-time-check/,Germany,지원/Support,59
https://www.lg.com/de/support/ersatzteile-zubehoer/,Germany,지원/Support,86
https://www.lg.com/de/support/ethics/,Germany,지원/Support,74
https://www.lg.com/de/support/ethics/complaints/,Germany,지원/Support,78
https://www.lg.com/de/support/ethics/unethical/,Germany,지원/Support,74
https://www.lg.com/de/support/ethics/unethicalCheck/,Germany,지원/Support,78
https://www.lg.com/de/support/faq-shop/,Germany,지원/Support,70
https://www.lg.com/de/support/find-us/,Germany,지원/Support,67
https://www.lg.com/de/support/find-us/brand-shop/,Germany,지원/Support,67
https://www.lg.com/de/support/garantie-fuer-b2b-produkte/,Germany,지원/Support,78
https://www.lg.com/de/support/garantie/,Germany,지원/Support,82
https://www.lg.com/de/support/glossary/,Germany,지원/Support,81
https://www.lg.com/de/support/kontakt/,Germany,지원/Support,63
https://www.lg.com/de/support/kontaktieren-sie-uns/,Germany,지원/Support,86
https://www.lg.com/de/support/kontaktieren-sie-uns/email-to-ceo/,Germany,지원/Support,78
https://www.lg.com/de/support/kontaktieren-sie-uns/email-us/,Germany,지원/Support,74
https://www.lg.com/de/support/kontaktieren-sie-uns/finde-reparatur-center/,Germany,지원/Support,78
https://www.lg.com/de/support/kontaktieren-sie-uns/web-survey/,Germany,지원/Support,78
https://www.lg.com/de/support/produkt-hilfe/,Germany,지원/Support,74
https://www.lg.com/de/support/produkt-hilfe/cs-100MRGB96B9.AEU/,Germany,지원/Support,85
https://www.lg.com/de/support/produkt-hilfe/cs-100MRGB96B9.AVS/,Germany,지원/Support,85
https://www.lg.com/de/support/produkt-hilfe/cs-100QNED86A6.AEU/,Germany,지원/Support,85
https://www.lg.com/de/support/produkt-hilfe/cs-100QNED86A6.AVS/,Germany,지원/Support,85
https://www.lg.com/de/support/produkt-hilfe/cs-100QNED87B6.AEU/,Germany,지원/Support,85
https://www.lg.com/de/support/produkt-hilfe/cs-100QNED87B6.AVS/,Germany,지원/Support,85
https://www.lg.com/de/support/produkt-hilfe/cs-105UC9V.AEU/,Germany,지원/Support,85
https://www.lg.com/de/support/produkt-hilfe/cs-10HQ701G-BA.AEU/,Germany,지원/Support,85
https://www.lg.com/de/support/produkt-hilfe/cs-10SE3E-B.AEU/,Germany,지원/Support,85
https://www.lg.com/de/support/produkt-hilfe/cs-10SM3TB-B.AEU/,Germany,지원/Support,85
https://www.lg.com/de/support/produkt-hilfe/cs-110UM5J-B.AEUQ/,Germany,지원/Support,85
https://www.lg.com/de/support/produkt-hilfe/cs-110UM5K-B.AEUQ/,Germany,지원/Support,85
https://www.lg.com/de/support/produkt-hilfe/cs-115QNED93B6.AEEQ/,Germany,지원/Support,85
https://www.lg.com/de/support/produkt-hilfe/cs-115QNED93B6.AEKQ/,Germany,지원/Support,85
https://www.lg.com/de/support/produkt-hilfe/cs-115QNED93B6.AEUQ/,Germany,지원/Support,85
https://www.lg.com/de/support/produkt-hilfe/cs-115QNED93B6.APIQ/,Germany,지원/Support,85
https://www.lg.com/de/support/produkt-hilfe/cs-115QNED93B6.AVSQ/,Germany,지원/Support,85
https://www.lg.com/de/support/produkt-hilfe/cs-14HK701G-WA.AEE/,Germany,지원/Support,85
https://www.lg.com/de/support/produkt-hilfe/cs-14HK701G-WA.AEU/,Germany,지원/Support,85
https://www.lg.com/de/support/produkt-hilfe/cs-14HK701G-WP.AEE/,Germany,지원/Support,85
https://www.lg.com/de/support/produkt-hilfe/cs-14HK701G-WP.AEU/,Germany,지원/Support,85
https://www.lg.com/de/support/produkt-hilfe/cs-14HK701G-WP.AUB/,Germany,지원/Support,85
https://www.lg.com/de/support/produkt-hilfe/cs-14HQ701G-BA.AEU/,Germany,지원/Support,85
https://www.lg.com/de/support/produkt-hilfe/cs-14T90R-G.AA77G/,Germany,지원/Support,85
https://www.lg.com/de/support/produkt-hilfe/cs-14U70Q-G.AA56G/,Germany,지원/Support,85
https://www.lg.com/de/support/produkt-hilfe/cs-14U70Q-G.AA79G/,Germany,지원/Support,85
https://www.lg.com/de/support/produkt-hilfe/cs-14U70Q-G.AP56G/,Germany,지원/Support,85
https://www.lg.com/de/support/produkt-hilfe/cs-14U70Q-G.AP59G/,Germany,지원/Support,85
https://www.lg.com/de/support/produkt-hilfe/cs-14UT70Q-G.AX34G/,Germany,지원/Support,85
https://www.lg.com/de/support/produkt-hilfe/cs-14Z90N-V.AP52G/,Germany,지원/Support,85
https://www.lg.com/de/support/produkt-hilfe/cs-14Z90N-V.AR52G/,Germany,지원/Support,85
https://www.lg.com/de/support/produkt-hilfe/cs-14Z90P-G.AA79G/,Germany,지원/Support,85
https://www.lg.com/de/support/produkt-hilfe/cs-14Z90P-G.AA89G/,Germany,지원/Support,85
https://www.lg.com/de/support/produkt-hilfe/cs-14Z90P-G.AP55G/,Germany,지원/Support,85
https://www.lg.com/de/support/produkt-hilfe/cs-14Z90Q-G.AA54G/,Germany,지원/Support,85
https://www.lg.com/de/support/produkt-hilfe/cs-14Z90Q-G.AA79G/,Germany,지원/Support,85
https://www.lg.com/de/support/produkt-hilfe/cs-14Z90R-G.AA79G/,Germany,지원/Support,85
https://www.lg.com/de/support/produkt-hilfe/cs-14Z90RS-G.AD7AG/,Germany,지원/Support,85
https://www.lg.com/de/support/produkt-hilfe/cs-14ZT90P-G.AM12G/,Germany,지원/Support,85
https://www.lg.com/de/support/produkt-hilfe/cs-14ZT90P-G.AM32G/,Germany,지원/Support,85
https://www.lg.com/de/support/produkt-hilfe/cs-14ZT90P-G.AX12G/,Germany,지원/Support,85
https://www.lg.com/de/support/produkt-hilfe/cs-14ZT90P-G.AX32G/,Germany,지원/Support,85
https://www.lg.com/de/support/produkt-hilfe/cs-14ZT90P-G.AX36G/,Germany,지원/Support,85
https://www.lg.com/de/support/produkt-hilfe/cs-15EL9500.AEU/,Germany,지원/Support,85
https://www.lg.com/de/support/produkt-hilfe/cs-15LC1R.*******/,Germany,지원/Support,85
https://www.lg.com/de/support/produkt-hilfe/cs-15LC1R.AUK/,Germany,지원/Support,85
https://www.lg.com/de/support/produkt-hilfe/cs-15LC1RB.*******/,Germany,지원/Support,85
https://www.lg.com/de/support/produkt-hilfe/cs-15LC1RB.AIT/,Germany,지원/Support,85
https://www.lg.com/de/support/produkt-hilfe/cs-15LS1R.AEU/,Germany,지원/Support,85
https://www.lg.com/de/support/produkt-hilfe/cs-15LS1R.AEW/,Germany,지원/Support,85
https://www.lg.com/de/support/produkt-hilfe/cs-15LU766A.AEU/,Germany,지원/Support,85
https://www.lg.com/de/support/produkt-hilfe/cs-15LW1R.*******/,Germany,지원/Support,85
https://www.lg.com/de/support/produkt-hilfe/cs-15U50T-G.AA56G/,Germany,지원/Support,85
https://www.lg.com/de/support/produkt-hilfe/cs-15U530-M.AFLGG/,Germany,지원/Support,85
https://www.lg.com/de/support/produkt-hilfe/cs-15UB50T-G.AP56G/,Germany,지원/Support,85
https://www.lg.com/de/support/produkt-hilfe/fehlerbehebung/help-library/,Germany,지원 - 트러블슈팅,75
https://www.lg.com/de/support/produkt-hilfe/fehlerbehebung/help-library/cs-CT52000814-20150102847886/,Germany,지원 - 트러블슈팅,79
https://www.lg.com/de/support/produkt-hilfe/fehlerbehebung/help-library/cs-CT52000814-20150157400242/,Germany,지원 - 트러블슈팅,79
https://www.lg.com/de/support/produkt-hilfe/fehlerbehebung/help-library/cs-CT52000814-20150157400878/,Germany,지원 - 트러블슈팅,79
https://www.lg.com/de/support/produkt-hilfe/fehlerbehebung/help-library/cs-CT52000814-20150174547472/,Germany,지원 - 트러블슈팅,79
https://www.lg.com/de/support/produkt-hilfe/fehlerbehebung/help-library/cs-CT52000814-20150231981729/,Germany,지원 - 트러블슈팅,79
https://www.lg.com/de/support/produkt-hilfe/fehlerbehebung/help-library/cs-CT52000814-20151261850160/,Germany,지원 - 트러블슈팅,79
https://www.lg.com/de/support/produkt-hilfe/fehlerbehebung/help-library/cs-CT52000814-20151261857597/,Germany,지원 - 트러블슈팅,79
https://www.lg.com/de/support/produkt-hilfe/fehlerbehebung/help-library/cs-CT52000814-20151261859798/,Germany,지원 - 트러블슈팅,79
https://www.lg.com/de/support/produkt-hilfe/fehlerbehebung/help-library/cs-CT52000814-20152428444741/,Germany,지원 - 트러블슈팅,79
https://www.lg.com/de/support/produkt-hilfe/fehlerbehebung/help-library/cs-CT52000814-20152428446674/,Germany,지원 - 트러블슈팅,79
https://www.lg.com/de/support/produkt-hilfe/fehlerbehebung/help-library/cs-CT52000814-20152428450349/,Germany,지원 - 트러블슈팅,79
https://www.lg.com/de/support/produkt-hilfe/fehlerbehebung/help-library/cs-CT52000814-20152536921606/,Germany,지원 - 트러블슈팅,79
https://www.lg.com/de/support/produkt-hilfe/fehlerbehebung/help-library/cs-CT52000814-20153065509744/,Germany,지원 - 트러블슈팅,79
https://www.lg.com/de/support/produkt-hilfe/fehlerbehebung/help-library/cs-CT52000814-20153065510430/,Germany,지원 - 트러블슈팅,79
https://www.lg.com/de/support/produkt-hilfe/fehlerbehebung/help-library/cs-CT52000814-20153065516735/,Germany,지원 - 트러블슈팅,79
https://www.lg.com/de/support/produkt-hilfe/fehlerbehebung/help-library/cs-CT52000814-20153065518259/,Germany,지원 - 트러블슈팅,79
https://www.lg.com/de/support/produkt-hilfe/fehlerbehebung/help-library/cs-CT52000814-20153065519131/,Germany,지원 - 트러블슈팅,79
https://www.lg.com/de/support/produkt-hilfe/fehlerbehebung/help-library/cs-CT52000814-20153065521063/,Germany,지원 - 트러블슈팅,79
https://www.lg.com/de/support/produkt-hilfe/fehlerbehebung/help-library/cs-CT52000814-20153065522023/,Germany,지원 - 트러블슈팅,79
https://www.lg.com/de/support/produkt-hilfe/fehlerbehebung/help-library/cs-CT52000814-20153065524975/,Germany,지원 - 트러블슈팅,79
https://www.lg.com/de/support/produkt-hilfe/fehlerbehebung/help-library/cs-CT52000814-20154860393137/,Germany,지원 - 트러블슈팅,79
https://www.lg.com/de/support/produkt-hilfe/fehlerbehebung/help-library/cs-CT52000815-1415949776745/,Germany,지원 - 트러블슈팅,79
https://www.lg.com/de/support/produkt-hilfe/fehlerbehebung/help-library/cs-CT52000815-1430816359587/,Germany,지원 - 트러블슈팅,79
https://www.lg.com/de/support/produkt-hilfe/fehlerbehebung/help-library/cs-CT52000815-20150105147433/,Germany,지원 - 트러블슈팅,79
https://www.lg.com/de/support/produkt-hilfe/fehlerbehebung/help-library/cs-CT52000815-20150137221363/,Germany,지원 - 트러블슈팅,79
https://www.lg.com/de/support/produkt-hilfe/fehlerbehebung/help-library/cs-CT52000815-20150137222427/,Germany,지원 - 트러블슈팅,79
https://www.lg.com/de/support/produkt-hilfe/fehlerbehebung/help-library/cs-CT52000815-20150147510416/,Germany,지원 - 트러블슈팅,79
https://www.lg.com/de/support/produkt-hilfe/fehlerbehebung/help-library/cs-CT52000815-20150147510683/,Germany,지원 - 트러블슈팅,79
https://www.lg.com/de/support/produkt-hilfe/fehlerbehebung/help-library/cs-CT52000815-20150147510935/,Germany,지원 - 트러블슈팅,79
https://www.lg.com/de/support/produkt-hilfe/fehlerbehebung/help-library/cs-CT52000815-20150147513275/,Germany,지원 - 트러블슈팅,79
https://www.lg.com/de/support/produkt-hilfe/fehlerbehebung/help-library/cs-CT52000815-20150147513738/,Germany,지원 - 트러블슈팅,79
https://www.lg.com/de/support/produkt-hilfe/fehlerbehebung/help-library/cs-CT52000815-20150147515764/,Germany,지원 - 트러블슈팅,79
https://www.lg.com/de/support/produkt-hilfe/fehlerbehebung/help-library/cs-CT52000815-20150201187936/,Germany,지원 - 트러블슈팅,79
https://www.lg.com/de/support/produkt-hilfe/fehlerbehebung/help-library/cs-CT52000815-20150201189039/,Germany,지원 - 트러블슈팅,79
https://www.lg.com/de/support/produkt-hilfe/fehlerbehebung/help-library/cs-CT52000815-20150201189665/,Germany,지원 - 트러블슈팅,79
https://www.lg.com/de/support/produkt-hilfe/fehlerbehebung/help-library/cs-CT52000815-20150201191138/,Germany,지원 - 트러블슈팅,79
https://www.lg.com/de/support/produkt-hilfe/fehlerbehebung/help-library/cs-CT52000815-20150234164037/,Germany,지원 - 트러블슈팅,79
https://www.lg.com/de/support/produkt-hilfe/fehlerbehebung/help-library/cs-CT52000815-20150234176119/,Germany,지원 - 트러블슈팅,79
https://www.lg.com/de/support/produkt-hilfe/fehlerbehebung/help-library/cs-CT52000815-20150234180002/,Germany,지원 - 트러블슈팅,79
https://www.lg.com/de/support/produkt-hilfe/fehlerbehebung/help-library/cs-CT52000815-20150243767275/,Germany,지원 - 트러블슈팅,79
https://www.lg.com/de/support/produkt-hilfe/fehlerbehebung/help-library/cs-CT52000815-20150252607227/,Germany,지원 - 트러블슈팅,79
https://www.lg.com/de/support/produkt-hilfe/fehlerbehebung/help-library/cs-CT52000815-20150273175675/,Germany,지원 - 트러블슈팅,79
https://www.lg.com/de/support/produkt-hilfe/fehlerbehebung/help-library/cs-CT52000815-20150273216087/,Germany,지원 - 트러블슈팅,79
https://www.lg.com/de/support/produkt-hilfe/fehlerbehebung/help-library/cs-CT52000815-20150273766914/,Germany,지원 - 트러블슈팅,79
https://www.lg.com/de/support/produkt-hilfe/fehlerbehebung/help-library/cs-CT52000815-20150273842309/,Germany,지원 - 트러블슈팅,79
https://www.lg.com/de/support/produkt-hilfe/fehlerbehebung/help-library/cs-CT52000815-20150273852944/,Germany,지원 - 트러블슈팅,79
https://www.lg.com/de/support/produkt-hilfe/fehlerbehebung/help-library/cs-CT52000815-20150279365477/,Germany,지원 - 트러블슈팅,79
https://www.lg.com/de/support/produkt-hilfe/fehlerbehebung/help-library/cs-CT52000815-20150279407443/,Germany,지원 - 트러블슈팅,79
https://www.lg.com/de/support/produkt-hilfe/fehlerbehebung/help-library/cs-CT52000815-20150292549359/,Germany,지원 - 트러블슈팅,79
https://www.lg.com/de/support/produkt-hilfe/fehlerbehebung/help-library/cs-CT52000815-20150329283976/,Germany,지원 - 트러블슈팅,79
https://www.lg.com/de/support/produkt-hilfe/fehlerbehebung/help-library/cs-CT52000815-20151145405488/,Germany,지원 - 트러블슈팅,79
https://www.lg.com/de/support/produkt-hilfe/fehlerbehebung/help-library/cs-CT52000815-20151166180602/,Germany,지원 - 트러블슈팅,79
https://www.lg.com/de/support/produkt-hilfe/fehlerbehebung/help-library/cs-CT52000815-20151166183823/,Germany,지원 - 트러블슈팅,79
https://www.lg.com/de/support/produkt-hilfe/fehlerbehebung/help-library/cs-CT52000815-20151166188666/,Germany,지원 - 트러블슈팅,79
https://www.lg.com/de/support/produkt-hilfe/fehlerbehebung/help-library/cs-CT52000815-20151166190961/,Germany,지원 - 트러블슈팅,79
https://www.lg.com/de/support/produkt-hilfe/fehlerbehebung/help-library/cs-CT52000815-20151166193719/,Germany,지원 - 트러블슈팅,79
https://www.lg.com/de/support/produkt-hilfe/fehlerbehebung/help-library/cs-CT52000815-20151166195276/,Germany,지원 - 트러블슈팅,79
https://www.lg.com/de/support/produkt-hilfe/fehlerbehebung/help-library/cs-CT52000815-20151167594792/,Germany,지원 - 트러블슈팅,79
https://www.lg.com/de/support/produkt-hilfe/fehlerbehebung/help-library/cs-CT52000815-20151274111611/,Germany,지원 - 트러블슈팅,79
https://www.lg.com/de/support/produkt-hilfe/fehlerbehebung/help-library/cs-CT52000815-20151274136149/,Germany,지원 - 트러블슈팅,79
https://www.lg.com/de/support/produkt-hilfe/fehlerbehebung/help-library/cs-CT52000815-20151274137613/,Germany,지원 - 트러블슈팅,79
https://www.lg.com/de/support/produkt-hilfe/fehlerbehebung/help-library/cs-CT52000815-20151274139730/,Germany,지원 - 트러블슈팅,79
https://www.lg.com/de/support/produkt-hilfe/fehlerbehebung/help-library/cs-CT52000815-20151274141797/,Germany,지원 - 트러블슈팅,79
https://www.lg.com/de/support/produkt-hilfe/fehlerbehebung/help-library/cs-CT52000815-20151274143218/,Germany,지원 - 트러블슈팅,79
https://www.lg.com/de/support/produkt-hilfe/fehlerbehebung/help-library/cs-CT52000815-20151274144444/,Germany,지원 - 트러블슈팅,79
https://www.lg.com/de/support/produkt-hilfe/fehlerbehebung/help-library/cs-CT52000815-20151274148966/,Germany,지원 - 트러블슈팅,79
https://www.lg.com/de/support/produkt-hilfe/fehlerbehebung/help-library/cs-CT52000815-20151274152373/,Germany,지원 - 트러블슈팅,79
https://www.lg.com/de/support/produkt-hilfe/fehlerbehebung/help-library/cs-CT52000815-20151274153537/,Germany,지원 - 트러블슈팅,79
https://www.lg.com/de/support/produkt-hilfe/fehlerbehebung/help-library/cs-CT52000815-20151274154922/,Germany,지원 - 트러블슈팅,79
https://www.lg.com/de/support/produkt-hilfe/fehlerbehebung/help-library/cs-CT52000815-20151274157027/,Germany,지원 - 트러블슈팅,79
https://www.lg.com/de/support/produkt-hilfe/fehlerbehebung/help-library/cs-CT52000815-20151274158215/,Germany,지원 - 트러블슈팅,79
https://www.lg.com/de/support/produkt-hilfe/fehlerbehebung/help-library/cs-CT52000815-20151274159518/,Germany,지원 - 트러블슈팅,79
https://www.lg.com/de/support/produkt-hilfe/fehlerbehebung/help-library/cs-CT52000815-20151274161225/,Germany,지원 - 트러블슈팅,79
https://www.lg.com/de/support/produkt-hilfe/fehlerbehebung/help-library/cs-CT52000815-20151274162674/,Germany,지원 - 트러블슈팅,79
https://www.lg.com/de/support/produkt-hilfe/fehlerbehebung/help-library/cs-CT52000815-20151274164427/,Germany,지원 - 트러블슈팅,79
https://www.lg.com/de/support/produkt-hilfe/fehlerbehebung/help-library/cs-CT52000815-20151274165959/,Germany,지원 - 트러블슈팅,79
https://www.lg.com/de/support/produkt-hilfe/fehlerbehebung/help-library/cs-CT52000815-20151274167052/,Germany,지원 - 트러블슈팅,79
https://www.lg.com/de/support/produkt-hilfe/fehlerbehebung/help-library/cs-CT52000815-20151274168064/,Germany,지원 - 트러블슈팅,79
https://www.lg.com/de/support/produkt-hilfe/fehlerbehebung/help-library/cs-CT52000815-20151274169378/,Germany,지원 - 트러블슈팅,79
https://www.lg.com/de/support/produkt-hilfe/fehlerbehebung/help-library/cs-CT52000815-20151274173030/,Germany,지원 - 트러블슈팅,79
https://www.lg.com/de/support/produkt-hilfe/fehlerbehebung/help-library/cs-CT52000815-20151274174135/,Germany,지원 - 트러블슈팅,79
https://www.lg.com/de/support/produkt-hilfe/fehlerbehebung/help-library/cs-CT52000815-20151274175403/,Germany,지원 - 트러블슈팅,79
https://www.lg.com/de/support/produkt-hilfe/fehlerbehebung/help-library/cs-CT52000815-20151274196657/,Germany,지원 - 트러블슈팅,79
https://www.lg.com/de/support/produkt-hilfe/fehlerbehebung/help-library/cs-CT52000815-20151274198031/,Germany,지원 - 트러블슈팅,79
https://www.lg.com/de/support/produkt-hilfe/fehlerbehebung/help-library/cs-CT52000815-20151274199590/,Germany,지원 - 트러블슈팅,79
https://www.lg.com/de/support/produkt-hilfe/fehlerbehebung/help-library/cs-CT52000815-20151274203237/,Germany,지원 - 트러블슈팅,79
https://www.lg.com/de/support/produkt-hilfe/fehlerbehebung/help-library/cs-CT52000815-20151274204591/,Germany,지원 - 트러블슈팅,79
https://www.lg.com/de/support/produkt-hilfe/fehlerbehebung/help-library/cs-CT52000815-20151274206127/,Germany,지원 - 트러블슈팅,79
https://www.lg.com/de/support/produkt-hilfe/fehlerbehebung/help-library/cs-CT52000815-20151274209006/,Germany,지원 - 트러블슈팅,79
https://www.lg.com/de/support/produkt-hilfe/fehlerbehebung/help-library/cs-CT52000815-20151274210281/,Germany,지원 - 트러블슈팅,79
https://www.lg.com/de/support/produkt-hilfe/fehlerbehebung/help-library/cs-CT52000815-20151274212741/,Germany,지원 - 트러블슈팅,79
https://www.lg.com/de/support/produkt-hilfe/fehlerbehebung/help-library/cs-CT52000815-20151274215235/,Germany,지원 - 트러블슈팅,79
https://www.lg.com/de/support/produkt-hilfe/fehlerbehebung/help-library/cs-CT52000815-20151274216729/,Germany,지원 - 트러블슈팅,79
https://www.lg.com/de/support/produkt-hilfe/fehlerbehebung/help-library/cs-CT52000815-20151297484728/,Germany,지원 - 트러블슈팅,79
https://www.lg.com/de/support/produkt-hilfe/fehlerbehebung/help-library/cs-CT52000815-20151297486160/,Germany,지원 - 트러블슈팅,79
https://www.lg.com/de/support/produkt-hilfe/fehlerbehebung/help-library/cs-CT52000815-20151297487464/,Germany,지원 - 트러블슈팅,79
https://www.lg.com/de/support/produkt-hilfe/fehlerbehebung/help-library/cs-CT52000815-20151297489092/,Germany,지원 - 트러블슈팅,79
https://www.lg.com/de/support/produkt-hilfe/fehlerbehebung/help-library/cs-CT52000815-20151297491109/,Germany,지원 - 트러블슈팅,79
https://www.lg.com/de/support/produkt-hilfe/fehlerbehebung/help-library/cs-CT52000815-20151297492331/,Germany,지원 - 트러블슈팅,79
https://www.lg.com/es/buying-guide/,Spain,구매 가이드,65
https://www.lg.com/es/buying-guides/laundry-spec-library/,Spain,구매 가이드,81
https://www.lg.com/es/buying-guides/monitor-lineup-guide/,Spain,구매 가이드,84
https://www.lg.com/es/buying-guides/monitor-spec-library/,Spain,구매 가이드,78
https://www.lg.com/es/buying-guides/refrigerator-spec-library/,Spain,구매 가이드,81
https://www.lg.com/es/buying-guides/tv-lineup-guide/,Spain,구매 가이드,84
https://www.lg.com/es/buying-guides/tv-spec-library/,Spain,구매 가이드,78
https://www.lg.com/es/computing/buying-guides/multi-monitor/,Spain,구매 가이드,75
https://www.lg.com/es/microsite-article/ms/it/monitor/ultragear-buying-guide/,Spain,구매 가이드,75
https://www.lg.com/es/microsite-article/ms/it/monitor/ultragear-buying-guide/productividad-y-entretenimiento/,Spain,구매 가이드,75
https://www.lg.com/es/microsite-article/ms/it/monitor/ultragear-buying-guide/resolucion/,Spain,구매 가이드,77
https://www.lg.com/es/microsite-article/ms/it/monitor/ultragear-buying-guide/tamano-de-pantalla/,Spain,구매 가이드,77
https://www.lg.com/es/microsite-article/ms/it/monitor/ultragear-buying-guide/tasa-de-refresco/,Spain,구매 가이드,77
https://www.lg.com/es/tv-y-barras-de-sonido/tv-buying-guide/,Spain,구매 가이드,77
https://www.lg.com/es/tv-y-barras-de-sonido/tv-buying-guide/lifestyle/,Spain,구매 가이드,66
https://www.lg.com/es/tv-y-barras-de-sonido/tv-buying-guide/tv-size/,Spain,구매 가이드,69
https://www.lg.com/es/tv-y-barras-de-sonido/tv-buying-guide/tv-technology/oled-vs-qned/,Spain,구매 가이드,72
https://www.lg.com/es/tv-y-barras-de-sonido/tv-buying-guide/tv-technology/what-is-4k-tv/,Spain,구매 가이드,75
https://www.lg.com/es/tv-y-barras-de-sonido/tv-buying-guide/what-is-a-smart-tv-ai-tv/,Spain,구매 가이드,74
https://www.lg.com/es/discover/,Spain,뉴스룸/Press,72
https://www.lg.com/es/discover/lg-signature/,Spain,뉴스룸/Press,72
https://www.lg.com/es/discover/showroom-virtual/,Spain,뉴스룸/Press,72
https://www.lg.com/es/lifesgood/,Spain,뉴스룸/Press,77
https://www.lg.com/es/discover/lg-experience/,Spain,LG Experience,72
https://www.lg.com/es/lg-experience/,Spain,LG Experience,59
https://www.lg.com/es/lg-experience/consejos-utiles/,Spain,LG Experience,62
https://www.lg.com/es/lg-experience/inspiracion/,Spain,LG Experience,62
https://www.lg.com/es/lg-experience/inspiracion/accesorios-para-camping-de-lg/,Spain,LG Experience,59
https://www.lg.com/es/lg-experience/inspiracion/automatizacion-hogar-inteligente-eficiente-thinq/,Spain,LG Experience,66
https://www.lg.com/es/lg-experience/inspiracion/cambios-en-la-tecnologia/,Spain,LG Experience,59
https://www.lg.com/es/lg-experience/inspiracion/centrifugado-lavado-inteligente-ia-lg/,Spain,LG Experience,59
https://www.lg.com/es/lg-experience/inspiracion/cine-en-casa-con-lg/,Spain,LG Experience,59
https://www.lg.com/es/lg-experience/inspiracion/gadgets-imprescindibles-viajar/,Spain,LG Experience,66
https://www.lg.com/es/lg-experience/inspiracion/mejor-portatil-escribir/,Spain,LG Experience,66
https://www.lg.com/es/lg-experience/inspiracion/oficina-en-casa-lg/,Spain,LG Experience,59
https://www.lg.com/es/lg-experience/inspiracion/regalos-tecnologia-lujo-para-mujer/,Spain,LG Experience,59
https://www.lg.com/es/lg-experience/inspiracion/smart-home-hogar-inteligente/,Spain,LG Experience,66
https://www.lg.com/es/lg-experience/inspiracion/zona-de-ocio-sala-de-juegos/,Spain,LG Experience,59
https://www.lg.com/es/lg-experience/nuestras-historias/,Spain,LG Experience,55
https://www.lg.com/es/lg-experience/tech-hub/,Spain,LG Experience,59
https://www.lg.com/es/lg-experience/tech-hub/tv-inalambrico,Spain,LG Experience,61
https://www.lg.com/es/electrodomesticos-guias-consejos/lavadoras-y-secadoras/heat-pump-vs-condenser-dryer/,Spain,마이크로사이트/캠페인,81
https://www.lg.com/es/electrodomesticos-guias-consejos/lavadoras-y-secadoras/how-to-clean-washing-machine/,Spain,마이크로사이트/캠페인,83
https://www.lg.com/es/qned-tvs/2022/why-lg-qned/,Spain,마이크로사이트/캠페인,67
https://www.lg.com/es/tv-y-barras-de-sonido/qned/2022/why-lg-qned/,Spain,마이크로사이트/캠페인,67
https://www.lg.com/es/tv-y-barras-de-sonido/why-qned-evo/,Spain,마이크로사이트/캠페인,65
https://www.lg.com/es/tv-y-barras-de-sonido/why-true-wireless/,Spain,마이크로사이트/캠페인,74
https://www.lg.com/es/tvs-soundbars/qned/2022/why-lg-qned/,Spain,마이크로사이트/캠페인,67
https://www.lg.com/es/tvs-soundbars/why-qned-evo/,Spain,마이크로사이트/캠페인,74
https://www.lg.com/es/tvs-soundbars/why-true-wireless/,Spain,마이크로사이트/캠페인,74
https://www.lg.com/es/altavoces/accesorios-tv/spk8/,Spain,제품 상세 (PDP),81
https://www.lg.com/es/altavoces/accesorios-tv/spq8-s/,Spain,제품 상세 (PDP),81
https://www.lg.com/es/projectors/home-cinema-projectors/au810pw/,Spain,제품 상세 (PDP),81
https://www.lg.com/es/projectors/home-cinema-projectors/hu70ls/,Spain,제품 상세 (PDP),78
https://www.lg.com/es/projectors/home-cinema-projectors/hu710pw/,Spain,제품 상세 (PDP),76
https://www.lg.com/es/servicios-tv-lifestyle-audio-video/fess-aeu/,Spain,제품 상세 (PDP),83
https://www.lg.com/es/servicios-tv-lifestyle-audio-video/servicioitvp48/,Spain,제품 상세 (PDP),81
https://www.lg.com/es/servicios-tv-lifestyle-audio-video/servicioitvp4855/,Spain,제품 상세 (PDP),78
https://www.lg.com/es/servicios-tv-lifestyle-audio-video/servicioitvp4855bs/,Spain,제품 상세 (PDP),81
https://www.lg.com/es/accesorios-de-computador/gram-view/16mq70/,Spain,제품 상세 (PDP),81
https://www.lg.com/es/accesorios-de-computador/gram-view/16mr70/,Spain,제품 상세 (PDP),79
https://www.lg.com/es/accesorios-para-portatiles/gram-plus-view/16mq70/,Spain,제품 상세 (PDP),81
https://www.lg.com/es/accesorios-para-portatiles/gram-plus-view/16mr70/,Spain,제품 상세 (PDP),79
https://www.lg.com/es/laptops/14u70r-g-ap56b/,Spain,제품 상세 (PDP),81
https://www.lg.com/es/laptops/gram-2-1/14t90q-g/,Spain,제품 상세 (PDP),81
https://www.lg.com/es/laptops/gram-2-1/14t90r-g-aa75b/,Spain,제품 상세 (PDP),81
https://www.lg.com/es/monitoreo/uhd-4k-5k/27us500-w/,Spain,제품 상세 (PDP),79
https://www.lg.com/es/monitoreo/uhd-4k-5k/32up550n-w/,Spain,제품 상세 (PDP),81
https://www.lg.com/es/accesorios/audio/adaptadores-y-cables/cov31861402/,Spain,제품 상세 (PDP),81
https://www.lg.com/es/sound-suite/todos-los-sound-suite/h7/,Spain,제품 상세 (PDP),73
https://www.lg.com/es/sound-suite/todos-los-sound-suite/h7m5/,Spain,제품 상세 (PDP),79
https://www.lg.com/es/sound-suite/todos-los-sound-suite/h7m7/,Spain,제품 상세 (PDP),79
https://www.lg.com/es/speakers/barras-de-sonido/s65q-deusllk/,Spain,제품 상세 (PDP),81
https://www.lg.com/es/speakers/barras-de-sonido/s65qsp-desb/,Spain,제품 상세 (PDP),81
https://www.lg.com/es/speakers/barras-de-sonido/sn4r/,Spain,제품 상세 (PDP),81
https://www.lg.com/es/speakers/barras-de-sonido/spq8-s/,Spain,제품 상세 (PDP),81
https://www.lg.com/es/speakers/hi-fi-system/cm2460/,Spain,제품 상세 (PDP),81
https://www.lg.com/es/cooking-appliances/wall-ovens/ws5d7230s/,Spain,제품 상세 (PDP),79
https://www.lg.com/es/accesorios-para-portatiles/eay62768625acc/,Spain,제품 상세 (PDP),81
https://www.lg.com/es/accesorios/aire-acondicionado/mandos-a-distancia/akb74375404/,Spain,제품 상세 (PDP),81
https://www.lg.com/es/accesorios/aire-acondicionado/mandos-a-distancia/akb75735404/,Spain,제품 상세 (PDP),81
https://www.lg.com/es/accesorios/aspiradoras/accesorios/agm30061001/,Spain,제품 상세 (PDP),81
https://www.lg.com/es/aerotermia-therma-v/aerotermos/wh10esf0/,Spain,제품 상세 (PDP),81
https://www.lg.com/es/aerotermia-therma-v/aerotermos/wh15esf0/,Spain,제품 상세 (PDP),81
https://www.lg.com/es/aerotermia-therma-v/aerotermos/wh20s-old/,Spain,제품 상세 (PDP),81
https://www.lg.com/es/aerotermia-therma-v/aerotermos/wh20s/,Spain,제품 상세 (PDP),81
https://www.lg.com/es/aerotermia-therma-v/aerotermos/wh27s-old/,Spain,제품 상세 (PDP),81
https://www.lg.com/es/aerotermia-therma-v/aerotermos/wh27s/,Spain,제품 상세 (PDP),81
https://www.lg.com/es/aerotermia/hm051mr/,Spain,제품 상세 (PDP),81
https://www.lg.com/es/aerotermia/hm071mr/,Spain,제품 상세 (PDP),81
https://www.lg.com/es/aerotermia/hm091mr/,Spain,제품 상세 (PDP),81
https://www.lg.com/es/aerotermia/hm121mr/,Spain,제품 상세 (PDP),81
https://www.lg.com/es/aerotermia/hm123mr/,Spain,제품 상세 (PDP),78
https://www.lg.com/es/aerotermia/hm141mr/,Spain,제품 상세 (PDP),81
https://www.lg.com/es/aerotermia/hm143mr/,Spain,제품 상세 (PDP),81
https://www.lg.com/es/aerotermia/hm161mr/,Spain,제품 상세 (PDP),81
https://www.lg.com/es/aerotermia/hm163mr/,Spain,제품 상세 (PDP),78
https://www.lg.com/es/aerotermia/hn0916t/,Spain,제품 상세 (PDP),78
https://www.lg.com/es/aerotermia/hn091mr/,Spain,제품 상세 (PDP),81
https://www.lg.com/es/aerotermia/hn1600mc/,Spain,제품 상세 (PDP),78
https://www.lg.com/es/aerotermia/hn1610h/,Spain,제품 상세 (PDP),78
https://www.lg.com/es/aerotermia/hn1616m/,Spain,제품 상세 (PDP),81
https://www.lg.com/es/aerotermia/hn1616y/,Spain,제품 상세 (PDP),78
https://www.lg.com/es/aerotermia/hn1636m/,Spain,제품 상세 (PDP),81
https://www.lg.com/es/aire-acondicionado-domestico/32purify09/,Spain,제품 상세 (PDP),81
https://www.lg.com/es/aire-acondicionado-domestico/32purify12/,Spain,제품 상세 (PDP),78
https://www.lg.com/es/aire-acondicionado-domestico/ac09bk-nsj/,Spain,제품 상세 (PDP),81
https://www.lg.com/es/aire-acondicionado-domestico/ac09bk-ua3/,Spain,제품 상세 (PDP),81
https://www.lg.com/es/aire-acondicionado-domestico/ac12bk-nsj/,Spain,제품 상세 (PDP),81
https://www.lg.com/es/aire-acondicionado-domestico/ac12bk-ua3/,Spain,제품 상세 (PDP),81
https://www.lg.com/es/aire-acondicionado-domestico/aire-portatil/tf09tas-tf09-set/,Spain,제품 상세 (PDP),81
https://www.lg.com/es/aire-acondicionado-domestico/aire-portatil/tf09tas/,Spain,제품 상세 (PDP),81
https://www.lg.com/es/aire-acondicionado-domestico/dc12rk/,Spain,제품 상세 (PDP),81
https://www.lg.com/es/aire-acondicionado-domestico/h09s1d-ns1/,Spain,제품 상세 (PDP),81
https://www.lg.com/es/aire-acondicionado-domestico/h09s1d-u12/,Spain,제품 상세 (PDP),81
https://www.lg.com/es/aire-acondicionado-domestico/h12s1pa/,Spain,제품 상세 (PDP),82
https://www.lg.com/es/aire-acondicionado-domestico/mu2r15-u12/,Spain,제품 상세 (PDP),81
https://www.lg.com/es/aire-acondicionado-domestico/mu2r15-u13/,Spain,제품 상세 (PDP),81
https://www.lg.com/es/aire-acondicionado-domestico/mu3r21-u22/,Spain,제품 상세 (PDP),81
https://www.lg.com/es/aire-acondicionado-domestico/mu3r21-u23/,Spain,제품 상세 (PDP),81
https://www.lg.com/es/aire-acondicionado-domestico/mu4r27-u42/,Spain,제품 상세 (PDP),81
https://www.lg.com/es/aire-acondicionado-domestico/multi-split-/2x1mult99-set-eees-es-c/,Spain,제품 상세 (PDP),81
https://www.lg.com/es/aire-acondicionado-domestico/multi-split-/2x1net912-set/,Spain,제품 상세 (PDP),82
https://www.lg.com/es/aire-acondicionado-domestico/multi-split-/magna99x-set/,Spain,제품 상세 (PDP),81
https://www.lg.com/es/aire-acondicionado-domestico/multi-split-/rm2u15-u18/,Spain,제품 상세 (PDP),82
https://www.lg.com/es/aire-acondicionado-domestico/multi-split-/rmn12/,Spain,제품 상세 (PDP),82
https://www.lg.com/es/aire-acondicionado-domestico/multi-split/2x1magna912-set/,Spain,제품 상세 (PDP),81
https://www.lg.com/es/aire-acondicionado-domestico/multi-split/2x1magna99-set/,Spain,제품 상세 (PDP),78
https://www.lg.com/es/aire-acondicionado-domestico/multi-split/2x1magna99-set1/,Spain,제품 상세 (PDP),81
https://www.lg.com/es/aire-acondicionado-domestico/multi-split/2x1mult912-inst/,Spain,제품 상세 (PDP),81
https://www.lg.com/es/altavoces/altavoces-360/rp4/,Spain,제품 상세 (PDP),81
https://www.lg.com/es/altavoces/altavoces-360/rp4g/,Spain,제품 상세 (PDP),81
https://www.lg.com/es/aparatos-de-cocina/mh6336gib/,Spain,제품 상세 (PDP),78
https://www.lg.com/es/aparatos-de-cocina/mh6336gih/,Spain,제품 상세 (PDP),78
https://www.lg.com/es/aparatos-de-cocina/mh6535gdh/,Spain,제품 상세 (PDP),78
https://www.lg.com/es/aparatos-de-cocina/mh6535gds/,Spain,제품 상세 (PDP),78
https://www.lg.com/es/aparatos-de-cocina/mh6535gib/,Spain,제품 상세 (PDP),78
https://www.lg.com/es/aparatos-de-cocina/mh6565cpw/,Spain,제품 상세 (PDP),78
https://www.lg.com/es/aparatos-de-cocina/mj3965acs/,Spain,제품 상세 (PDP),78
https://www.lg.com/es/aparatos-de-cocina/mj3965bph/,Spain,제품 상세 (PDP),78
https://www.lg.com/es/aparatos-de-cocina/mj3965bps/,Spain,제품 상세 (PDP),78
https://www.lg.com/es/aspiradoras/A9K-LITE1C-BCBQEUR/,Spain,제품 상세 (PDP),79
https://www.lg.com/es/aspiradoras/a9c-slim1c/,Spain,제품 상세 (PDP),79
https://www.lg.com/es/aspiradoras/a9k-core2s/,Spain,제품 상세 (PDP),81
https://www.lg.com/es/aspiradoras/a9k-core3s/,Spain,제품 상세 (PDP),82
https://www.lg.com/es/aspiradoras/a9k-pro2g/,Spain,제품 상세 (PDP),79
https://www.lg.com/es/aspiradoras/a9t-prime1c/,Spain,제품 상세 (PDP),79
https://www.lg.com/es/aspiradoras/a9t-ultra2c/,Spain,제품 상세 (PDP),81
https://www.lg.com/es/aspiradoras/accesorios-aspiradoras/ABC73509901/,Spain,제품 상세 (PDP),81
https://www.lg.com/es/aspiradoras/accesorios-aspiradoras/aan75812805acc/,Spain,제품 상세 (PDP),81
https://www.lg.com/es/oled-tv/,Spain,제품 카테고리 (PLP),66
https://www.lg.com/es/qned-tvs/,Spain,제품 카테고리 (PLP),66
https://www.lg.com/es/servicios-tv-lifestyle-audio-video/servicio-inst-pared-ss/,Spain,제품 카테고리 (PLP),83
https://www.lg.com/es/servicios-tv-lifestyle-audio-video/servicioibs/,Spain,제품 카테고리 (PLP),83
https://www.lg.com/es/smart-tv/contenidos/apple-tv/,Spain,제품 카테고리 (PLP),72
https://www.lg.com/es/tv-barra-de-sonido/full-hd-tv/,Spain,제품 카테고리 (PLP),75
https://www.lg.com/es/tv-y-barras-de-sonido/,Spain,제품 카테고리 (PLP),77
https://www.lg.com/es/tvs-soundbars/miniled/,Spain,제품 카테고리 (PLP),83
https://www.lg.com/es/tvs/,Spain,제품 카테고리 (PLP),66
https://www.lg.com/es/guia-de-compra-monitor/,Spain,제품 카테고리 (PLP),72
https://www.lg.com/es/monitoreo/,Spain,제품 카테고리 (PLP),67
https://www.lg.com/es/monitoreo/ergo/,Spain,제품 카테고리 (PLP),72
https://www.lg.com/es/monitoreo/fhd-qhd/,Spain,제품 카테고리 (PLP),75
https://www.lg.com/es/monitores/,Spain,제품 카테고리 (PLP),74
https://www.lg.com/es/monitores/accesorios-monitores/,Spain,제품 카테고리 (PLP),83
https://www.lg.com/es/monitores/full-hd-qhd/,Spain,제품 카테고리 (PLP),80
https://www.lg.com/es/monitors/,Spain,제품 카테고리 (PLP),70
https://www.lg.com/es/monitors/ergo-monitors/,Spain,제품 카테고리 (PLP),79
https://www.lg.com/es/outlet/outlet-audio/bounce-outlet/,Spain,제품 카테고리 (PLP),77
https://www.lg.com/es/outlet/outlet-audio/buds-outletb/,Spain,제품 카테고리 (PLP),77
https://www.lg.com/es/outlet/outlet-audio/buds-outletw/,Spain,제품 카테고리 (PLP),77
https://www.lg.com/es/soundbars/eco-minded-soundbars/,Spain,제품 카테고리 (PLP),76
https://www.lg.com/es/speakers/,Spain,제품 카테고리 (PLP),72
https://www.lg.com/es/speakers/all-speakers/,Spain,제품 카테고리 (PLP),76
https://www.lg.com/es/speakers/altavoces-bluetooth/,Spain,제품 카테고리 (PLP),79
https://www.lg.com/es/speakers/altavoces-gaming/,Spain,제품 카테고리 (PLP),82
https://www.lg.com/es/speakers/altavoces-gran-potencia/,Spain,제품 카테고리 (PLP),79
https://www.lg.com/es/cooking-appliances/,Spain,제품 카테고리 (PLP),76
https://www.lg.com/es/cooking-appliances/wall-ovens/,Spain,제품 카테고리 (PLP),86
https://www.lg.com/es/acceso-instalaciones/,Spain,제품 카테고리 (PLP),72
https://www.lg.com/es/accesorios-de-computador/,Spain,제품 카테고리 (PLP),69
https://www.lg.com/es/accesorios-para-portatiles/,Spain,제품 카테고리 (PLP),83
https://www.lg.com/es/accesorios/,Spain,제품 카테고리 (PLP),76
https://www.lg.com/es/accessori-informatica/,Spain,제품 카테고리 (PLP),76
https://www.lg.com/es/account-integration-copy/,Spain,제품 카테고리 (PLP),72
https://www.lg.com/es/account-integration-old/,Spain,제품 카테고리 (PLP),72
https://www.lg.com/es/account-integration/,Spain,제품 카테고리 (PLP),62
https://www.lg.com/es/aerotermia-therma-v/,Spain,제품 카테고리 (PLP),73
https://www.lg.com/es/aerotermia-therma-v/aerotermos/,Spain,제품 카테고리 (PLP),83
https://www.lg.com/es/aerotermia-therma-v/aspectos-a-tener-en-cuenta-al-instalar-una-bomba-de-calor-de-aerotermia/,Spain,제품 카테고리 (PLP),72
https://www.lg.com/es/aerotermia-therma-v/por-que-deberia-tu-negocio-pasarse-a-la-aerotermia/,Spain,제품 카테고리 (PLP),72
https://www.lg.com/es/aerotermia-therma-v/que-bomba-de-calor-es-mas-adecuada-para-mi/,Spain,제품 카테고리 (PLP),72
https://www.lg.com/es/aerotermia-therma-v/que-es-una-bomba-de-calor-de-aerotermia/,Spain,제품 카테고리 (PLP),72
https://www.lg.com/es/agentes-expertos-en-lg/,Spain,제품 카테고리 (PLP),72
https://www.lg.com/es/aire-acondicionado-domestico/,Spain,제품 카테고리 (PLP),77
https://www.lg.com/es/aire-acondicionado-domestico/aire-acondicionado-cassete/,Spain,제품 카테고리 (PLP),69
https://www.lg.com/es/aire-acondicionado-domestico/aire-acondicionado-conducto/,Spain,제품 카테고리 (PLP),69
https://www.lg.com/es/aire-acondicionado-domestico/aire-portatil/,Spain,제품 카테고리 (PLP),79
https://www.lg.com/es/aire-acondicionado-domestico/multi-split/,Spain,제품 카테고리 (PLP),80
https://www.lg.com/es/aire-acondicionado-domestico/split/,Spain,제품 카테고리 (PLP),76
https://www.lg.com/es/altavoces-gaming/app-moviles/,Spain,제품 카테고리 (PLP),67
https://www.lg.com/es/altavoces/,Spain,제품 카테고리 (PLP),77
https://www.lg.com/es/aparatos-de-cocina/,Spain,제품 카테고리 (PLP),69
https://www.lg.com/es/aspiradoras/,Spain,제품 카테고리 (PLP),80
https://www.lg.com/es/aspiradoras/accesorios-aspiradoras/,Spain,제품 카테고리 (PLP),83
https://www.lg.com/es/aspiradoras/aspiradoras-escoba/,Spain,제품 카테고리 (PLP),79
https://www.lg.com/es/aspiradoras/aspiradoras-kompressor/,Spain,제품 카테고리 (PLP),69
https://www.lg.com/es/aspiradoras/aspiradoras-sin-bolsa/,Spain,제품 카테고리 (PLP),86
https://www.lg.com/es/aspiradoras/aspiradoras/,Spain,제품 카테고리 (PLP),69
https://www.lg.com/es/att-cliente/fuera-de-servicio/,Spain,제품 카테고리 (PLP),69
https://www.lg.com/es/auriculares-inalambricos/,Spain,제품 카테고리 (PLP),77
https://www.lg.com/es/auriculares-inalambricos1/auriculares-uvnano/,Spain,제품 카테고리 (PLP),66
https://www.lg.com/es/barra-de-sonido/,Spain,제품 카테고리 (PLP),66
https://www.lg.com/es/barras-de-sonido/gx/,Spain,제품 카테고리 (PLP),83
https://www.lg.com/es/bbll/sorteo-micrococinando/,Spain,제품 카테고리 (PLP),66
https://www.lg.com/es/best/,Spain,제품 카테고리 (PLP),66
https://www.lg.com/es/blog-lg/,Spain,제품 카테고리 (PLP),79
https://www.lg.com/es/buscador-de-electrodomesticos/buscador-de-frigorificos/,Spain,제품 카테고리 (PLP),76
https://www.lg.com/es/frigorificos-congeladores/,Spain,제품 카테고리 (PLP),73
https://www.lg.com/es/frigorificos-congeladores/all-frigorificos-congeladores/,Spain,제품 카테고리 (PLP),79
https://www.lg.com/es/frigorificos-congeladores/crystal/,Spain,제품 카테고리 (PLP),72
https://www.lg.com/es/frigorificos-congeladores/frigorificos-american-combi/,Spain,제품 카테고리 (PLP),75
https://www.lg.com/es/frigorificos-congeladores/frigorificos-combi-de-puertas-multiples/,Spain,제품 카테고리 (PLP),79
https://www.lg.com/es/frigorificos/,Spain,제품 카테고리 (PLP),74
https://www.lg.com/es/frigorificos/accesorios-frigorificos/,Spain,제품 카테고리 (PLP),83
https://www.lg.com/es/frigorificos/congeladores/,Spain,제품 카테고리 (PLP),71
https://www.lg.com/es/frigorificos/crystal/,Spain,제품 카테고리 (PLP),72
https://www.lg.com/es/frigorificos/frigo-finder/,Spain,제품 카테고리 (PLP),66
https://www.lg.com/es/frigorificos/frigorificos-american-combi/,Spain,제품 카테고리 (PLP),83
https://www.lg.com/es/lavadoras-y-secadoras/,Spain,제품 카테고리 (PLP),77
https://www.lg.com/es/lavadoras-y-secadoras/accesorios-lavadoras-y-secadoras/,Spain,제품 카테고리 (PLP),83
https://www.lg.com/es/lavadoras-y-secadoras/accesorios-lavadoras-y-secadoras/dstwh/,Spain,제품 카테고리 (PLP),83
https://www.lg.com/es/lavadoras-y-secadoras/lava-secadoras/,Spain,제품 카테고리 (PLP),83
https://www.lg.com/es/lavadoras-y-secadoras/lavado-finder/,Spain,제품 카테고리 (PLP),69
https://www.lg.com/es/lavadoras-y-secadoras/lavadoras/,Spain,제품 카테고리 (PLP),83
https://www.lg.com/es/lavadoras-y-secadoras/secadoras/,Spain,제품 카테고리 (PLP),83
https://www.lg.com/es/lavadoras-y-secadoras/todas-las-lavadoras-y-secadoras/,Spain,제품 카테고리 (PLP),83
https://www.lg.com/es/lavadoras-y-secadoras/todas-las-lavadoras-y-secadoras/?ec_ft_05652740=10,Spain,제품 카테고리 (PLP),83
https://www.lg.com/es/lavadoras-y-secadoras/todas-las-lavadoras-y-secadoras/?ec_ft_05652740=11,Spain,제품 카테고리 (PLP),86
https://www.lg.com/es/lavadoras-y-secadoras/todas-las-lavadoras-y-secadoras/?ec_ft_05652740=12,Spain,제품 카테고리 (PLP),83
https://www.lg.com/es/lavavajillas/,Spain,제품 카테고리 (PLP),83
https://www.lg.com/es/lavavajillas/accesorios-lavavajillas/,Spain,제품 카테고리 (PLP),83
https://www.lg.com/es/lavavajillas/lavavajillas/,Spain,제품 카테고리 (PLP),69
https://www.lg.com/es/lavavajillas1/dstwh/,Spain,제품 카테고리 (PLP),83
https://www.lg.com/es/lg-oled-art/,Spain,제품 카테고리 (PLP),62
https://www.lg.com/es/monitors/fhd-qhd/,Spain,제품 카테고리 (PLP),79
https://www.lg.com/es/monitors/gaming/,Spain,제품 카테고리 (PLP),79
https://www.lg.com/es/servicios-electrodomesticos/servicio-inst-csp-sxseu/,Spain,제품 카테고리 (PLP),83
https://www.lg.com/es/servicios-electrodomesticos/servicio-inst-sxseu/,Spain,제품 카테고리 (PLP),83
https://www.lg.com/es/servicios-electrodomesticos/servicio-inst-torre-bdj/,Spain,제품 카테고리 (PLP),83
https://www.lg.com/es/soporte/,Spain,지원/Support,82
https://www.lg.com/es/soporte/ServiciosLG/servicioslifesgood-tv/,Spain,지원/Support,70
https://www.lg.com/es/soporte/additional-support/,Spain,지원/Support,78
https://www.lg.com/es/soporte/additional-support/glossary/,Spain,지원/Support,81
https://www.lg.com/es/soporte/additional-support/servicios-lg-care/extension-de-garantia/,Spain,지원/Support,81
https://www.lg.com/es/soporte/additional-support/servicios-lg-care/instalaciones-mantenimiento/,Spain,지원/Support,74
https://www.lg.com/es/soporte/additional-support/servicios-lg-care/tarifas-tranquilidad/,Spain,지원/Support,78
https://www.lg.com/es/soporte/additional-support/smart-diagnosis/,Spain,지원/Support,78
https://www.lg.com/es/soporte/additional-support/smart-share/,Spain,지원/Support,81
https://www.lg.com/es/soporte/additional-support/sustainability/,Spain,지원/Support,74
https://www.lg.com/es/soporte/additional-support/thinq/,Spain,지원/Support,79
https://www.lg.com/es/soporte/anuncios/,Spain,지원/Support,82
https://www.lg.com/es/soporte/anuncios/Aviso-sobre-el-cese-de-los-servicios-de-AccuWeather/,Spain,지원/Support,81
https://www.lg.com/es/soporte/anuncios/Cese-servicio-Google-Assistant/,Spain,지원/Support,78
https://www.lg.com/es/soporte/anuncios/ESNTC20201110150870/,Spain,지원/Support,81
https://www.lg.com/es/soporte/anuncios/ESNTC20220603152432/,Spain,지원/Support,81
https://www.lg.com/es/soporte/anuncios/ESNTC20220622152700/,Spain,지원/Support,81
https://www.lg.com/es/soporte/anuncios/ESNTC20230313153491/,Spain,지원/Support,78
https://www.lg.com/es/soporte/anuncios/ESNTC20230519153890/,Spain,지원/Support,81
https://www.lg.com/es/soporte/anuncios/ESNTC20230519153891/,Spain,지원/Support,78
https://www.lg.com/es/soporte/anuncios/ESNTC20230818154080/,Spain,지원/Support,81
https://www.lg.com/es/soporte/anuncios/ESNTC20230828154102/,Spain,지원/Support,81
https://www.lg.com/es/soporte/anuncios/ESNTC20231208154450/,Spain,지원/Support,81
https://www.lg.com/es/soporte/anuncios/ESNTC20240319154510/,Spain,지원/Support,78
https://www.lg.com/es/soporte/anuncios/ESNTC20240513154540/,Spain,지원/Support,78
https://www.lg.com/es/soporte/anuncios/ESNTC20240610154570/,Spain,지원/Support,81
https://www.lg.com/es/soporte/anuncios/ESNTC20240614000246/,Spain,지원/Support,81
https://www.lg.com/es/soporte/anuncios/Servicios-numero-uno/,Spain,지원/Support,78
https://www.lg.com/es/soporte/anuncios/actualizaciones-a-la-politica-de-privacidad-del-servicio-de-lg-electronics-04142026/,Spain,지원/Support,81
https://www.lg.com/es/soporte/anuncios/actualizaciones-a-la-politica-de-privacidad-del-servicio-de-lg-electronics-25092025/,Spain,지원/Support,78
https://www.lg.com/es/soporte/anuncios/actualizaciones-de-los-terminos-de-uso-y-politica-de-privacidad/,Spain,지원/Support,81
https://www.lg.com/es/soporte/anuncios/finalizacion-lg-electronics-mobile/,Spain,지원/Support,78
https://www.lg.com/es/soporte/anuncios/notice-of-spotify-service-termination/,Spain,지원/Support,78
https://www.lg.com/es/soporte/anuncios/notice-of-termination-of-the-services-of-gracenote-music-id-video-id-eyeq-epg-for-blu-ray-player-blu-ray-home-theater-system-will-no-longer-be-available/,Spain,지원/Support,74
https://www.lg.com/es/soporte/buscador-microsites/,Spain,지원/Support,74
https://www.lg.com/es/soporte/contacto/,Spain,지원/Support,82
https://www.lg.com/es/soporte/contacto/contacto/,Spain,지원/Support,70
https://www.lg.com/es/soporte/contacto/email/,Spain,지원/Support,78
https://www.lg.com/es/soporte/contacto/email/failure/,Spain,지원/Support,74
https://www.lg.com/es/soporte/contacto/email/success/,Spain,지원/Support,74
https://www.lg.com/es/soporte/contacto/encuesta-web/,Spain,지원/Support,81
https://www.lg.com/es/soporte/contacto/encuesta-web/failure/,Spain,지원/Support,74
https://www.lg.com/es/soporte/contacto/encuesta-web/success/,Spain,지원/Support,78
https://www.lg.com/es/soporte/contacto/enquete-statut/,Spain,지원/Support,78
https://www.lg.com/es/soporte/contacto/enquete-statut/failure/,Spain,지원/Support,67
https://www.lg.com/es/soporte/contacto/enquete-statut/inquiry-result/,Spain,지원/Support,85
https://www.lg.com/es/soporte/contacto/estado-de-la-solicitud/,Spain,지원/Support,78
https://www.lg.com/es/soporte/contacto/estado-de-la-solicitud/failure/,Spain,지원/Support,74
https://www.lg.com/es/soporte/contacto/estado-de-la-solicitud/inquiry-result/,Spain,지원/Support,85
https://www.lg.com/es/soporte/contacto/inquiry-status/,Spain,지원/Support,78
https://www.lg.com/es/soporte/contacto/inquiry-status/failure/,Spain,지원/Support,74
https://www.lg.com/es/soporte/contacto/inquiry-status/inquiry-result/,Spain,지원/Support,81
https://www.lg.com/es/soporte/contacto/localizador-sat/,Spain,지원/Support,86
https://www.lg.com/es/soporte/contacto/subir-documento/,Spain,지원/Support,93
https://www.lg.com/es/soporte/contacto/subir-documento/failure/,Spain,지원/Support,74
https://www.lg.com/es/soporte/contacto/subir-documento/success/,Spain,지원/Support,74
https://www.lg.com/es/soporte/contacto/te-escuchamos/,Spain,지원/Support,78
https://www.lg.com/es/soporte/contacto/te-escuchamos/failure/,Spain,지원/Support,74
https://www.lg.com/es/soporte/contacto/te-escuchamos/success/,Spain,지원/Support,78
https://www.lg.com/es/soporte/error-pages/down-time-check/,Spain,지원/Support,70
https://www.lg.com/es/soporte/estado-de-mi-reparacion/,Spain,지원/Support,78
https://www.lg.com/es/soporte/ethics/,Spain,지원/Support,74
https://www.lg.com/es/soporte/ethics/complaints/,Spain,지원/Support,78
https://www.lg.com/es/soporte/ethics/unethical/,Spain,지원/Support,74
https://www.lg.com/es/soporte/ethics/unethicalcheck/,Spain,지원/Support,78
https://www.lg.com/es/soporte/extension-de-garantia/,Spain,지원/Support,89
https://www.lg.com/es/soporte/glossary/,Spain,지원/Support,81
https://www.lg.com/es/soporte/guias-y-soluciones/BUSCADORr-de-contenidos/,Spain,지원/Support,78
https://www.lg.com/es/soporte/guias-y-soluciones/_prueba_aem_taw-1/,Spain,지원/Support,78
https://www.lg.com/es/soporte/guias-y-soluciones/_prueba_aem_taw-1/_prueba_aem_taw-2/,Spain,지원/Support,67
https://www.lg.com/es/soporte/guias-y-soluciones/_template-doblecontainer/,Spain,지원/Support,74
https://www.lg.com/es/soporte/guias-y-soluciones/audio-video/,Spain,지원/Support,67
https://www.lg.com/es/soporte/guias-y-soluciones/audio-video/barra-sonido-actualizar-software/,Spain,지원/Support,81
https://www.lg.com/es/soporte/guias-y-soluciones/audio-video/barra-sonido-conectar-subwoofer/,Spain,지원/Support,81
https://www.lg.com/es/soporte/guias-y-soluciones/audio-video/conexion-proyector-widi-windows-8/,Spain,지원/Support,78
https://www.lg.com/es/soporte/guias-y-soluciones/audio-video/desaparicion-youtube/,Spain,지원/Support,81
https://www.lg.com/es/soporte/guias-y-soluciones/audio-video/dvd-blu-ray-no-lee-disco-archivo/,Spain,지원/Support,81
https://www.lg.com/es/soporte/guias-y-soluciones/audio-video/home-music-operaciones-avanzadas/,Spain,지원/Support,81
https://www.lg.com/es/soporte/guias-y-soluciones/b2b/,Spain,지원/Support,67
https://www.lg.com/es/soporte/guias-y-soluciones/b2b/id/,Spain,지원/Support,67
https://www.lg.com/es/soporte/guias-y-soluciones/b2b/id/digital-signage/bloqueo-puertoir-webos6-0/,Spain,지원/Support,78
https://www.lg.com/es/soporte/guias-y-soluciones/b2b/id/digital-signage/info-sistema-webos6-0/,Spain,지원/Support,78
https://www.lg.com/es/soporte/guias-y-soluciones/b2b/id/digital-signage/one-quick-works/,Spain,지원/Support,63
https://www.lg.com/es/soporte/guias-y-soluciones/climatizacion/,Spain,지원/Support,67
https://www.lg.com/es/soporte/guias-y-soluciones/climatizacion/ahorro-energia/,Spain,지원/Support,81
https://www.lg.com/es/soporte/guias-y-soluciones/climatizacion/aire-acondicionado-no-calienta/,Spain,지원/Support,81
https://www.lg.com/es/soporte/guias-y-soluciones/climatizacion/aire-acondicionado-no-enfria/,Spain,지원/Support,78
https://www.lg.com/es/soporte/guias-y-soluciones/climatizacion/aplicacion-smart-air-soporte-tecnico/,Spain,지원/Support,81
https://www.lg.com/es/soporte/guias-y-soluciones/climatizacion/cuando-no-se-va-a-usar-durante-un-tiempo-prolongado/,Spain,지원/Support,81
https://www.lg.com/es/soporte/guias-y-soluciones/climatizacion/filtro-multiproteccion-3m/,Spain,지원/Support,81
https://www.lg.com/es/soporte/guias-y-soluciones/climatizacion/limpieza-filtros/,Spain,지원/Support,74
https://www.lg.com/es/soporte/guias-y-soluciones/climatizacion/mantenimiento/,Spain,지원/Support,81
https://www.lg.com/es/soporte/soporte-producto/resolucion-problemas/help-library/,Spain,지원 - 트러블슈팅,75
https://www.lg.com/es/soporte/soporte-producto/resolucion-problemas/help-library/cs-CT40007081-20151146583877/,Spain,지원 - 트러블슈팅,79
https://www.lg.com/es/soporte/soporte-producto/resolucion-problemas/help-library/cs-CT40007081-20151146716400/,Spain,지원 - 트러블슈팅,79
https://www.lg.com/es/soporte/soporte-producto/resolucion-problemas/help-library/cs-CT40007083-20151146583877/,Spain,지원 - 트러블슈팅,79
https://www.lg.com/es/soporte/soporte-producto/resolucion-problemas/help-library/cs-CT40007083-20151146716400/,Spain,지원 - 트러블슈팅,79
https://www.lg.com/es/soporte/soporte-producto/resolucion-problemas/help-library/cs-CT40007085-20153409025304/,Spain,지원 - 트러블슈팅,79
https://www.lg.com/es/soporte/soporte-producto/resolucion-problemas/help-library/cs-CT52002100-20150101796401/,Spain,지원 - 트러블슈팅,79
https://www.lg.com/es/soporte/soporte-producto/resolucion-problemas/help-library/cs-CT52002100-20150101798090/,Spain,지원 - 트러블슈팅,79
https://www.lg.com/es/soporte/soporte-producto/resolucion-problemas/help-library/cs-CT52002100-20150101798303/,Spain,지원 - 트러블슈팅,79
https://www.lg.com/es/soporte/soporte-producto/resolucion-problemas/help-library/cs-CT52002100-20150101800880/,Spain,지원 - 트러블슈팅,79
https://www.lg.com/es/soporte/soporte-producto/resolucion-problemas/help-library/cs-CT52002100-20150101801107/,Spain,지원 - 트러블슈팅,79
https://www.lg.com/es/soporte/soporte-producto/resolucion-problemas/help-library/cs-CT52002100-20150101801214/,Spain,지원 - 트러블슈팅,79
https://www.lg.com/es/soporte/soporte-producto/resolucion-problemas/help-library/cs-CT52002100-20150170926282/,Spain,지원 - 트러블슈팅,79
https://www.lg.com/es/soporte/soporte-producto/resolucion-problemas/help-library/cs-CT52002100-20150170926615/,Spain,지원 - 트러블슈팅,79
https://www.lg.com/es/soporte/soporte-producto/resolucion-problemas/help-library/cs-CT52002100-20150170927213/,Spain,지원 - 트러블슈팅,79
https://www.lg.com/es/soporte/soporte-producto/resolucion-problemas/help-library/cs-CT52002100-20150170928176/,Spain,지원 - 트러블슈팅,79
https://www.lg.com/es/soporte/soporte-producto/resolucion-problemas/help-library/cs-CT52002100-20151146583877/,Spain,지원 - 트러블슈팅,79
https://www.lg.com/es/soporte/soporte-producto/resolucion-problemas/help-library/cs-CT52002100-20151146716400/,Spain,지원 - 트러블슈팅,79
https://www.lg.com/es/soporte/soporte-producto/resolucion-problemas/help-library/cs-CT52002100-20153408997284OLT/,Spain,지원 - 트러블슈팅,79
https://www.lg.com/es/soporte/soporte-producto/resolucion-problemas/help-library/cs-CT52002100-20153408997789OLT/,Spain,지원 - 트러블슈팅,79
https://www.lg.com/es/soporte/soporte-producto/resolucion-problemas/help-library/cs-CT52002100-20153408998514/,Spain,지원 - 트러블슈팅,79
https://www.lg.com/es/soporte/soporte-producto/resolucion-problemas/help-library/cs-CT52002100-20153408998544/,Spain,지원 - 트러블슈팅,79
https://www.lg.com/es/soporte/soporte-producto/resolucion-problemas/help-library/cs-CT52002100-20153409000504LST/,Spain,지원 - 트러블슈팅,79
https://www.lg.com/es/soporte/soporte-producto/resolucion-problemas/help-library/cs-CT52002100-20153409000504OLT/,Spain,지원 - 트러블슈팅,79
https://www.lg.com/es/soporte/soporte-producto/resolucion-problemas/help-library/cs-CT52002100-20153409000926/,Spain,지원 - 트러블슈팅,79
https://www.lg.com/es/soporte/soporte-producto/resolucion-problemas/help-library/cs-CT52002100-20153409000926LST/,Spain,지원 - 트러블슈팅,79
https://www.lg.com/es/soporte/soporte-producto/resolucion-problemas/help-library/cs-CT52002100-20153409001007/,Spain,지원 - 트러블슈팅,79
https://www.lg.com/es/soporte/soporte-producto/resolucion-problemas/help-library/cs-CT52002100-20153409002330/,Spain,지원 - 트러블슈팅,79
https://www.lg.com/es/soporte/soporte-producto/resolucion-problemas/help-library/cs-CT52002100-20153409002449LST/,Spain,지원 - 트러블슈팅,79
https://www.lg.com/es/soporte/soporte-producto/resolucion-problemas/help-library/cs-CT52002100-20153409002449OLT/,Spain,지원 - 트러블슈팅,79
https://www.lg.com/es/soporte/soporte-producto/resolucion-problemas/help-library/cs-CT52002100-20153409002521LST/,Spain,지원 - 트러블슈팅,79
https://www.lg.com/es/soporte/soporte-producto/resolucion-problemas/help-library/cs-CT52002100-20153409002521OLT/,Spain,지원 - 트러블슈팅,79
https://www.lg.com/es/soporte/soporte-producto/resolucion-problemas/help-library/cs-CT52002100-20153409003627OLT/,Spain,지원 - 트러블슈팅,79
https://www.lg.com/es/soporte/soporte-producto/resolucion-problemas/help-library/cs-CT52002100-20153409003640/,Spain,지원 - 트러블슈팅,79
https://www.lg.com/es/soporte/soporte-producto/resolucion-problemas/help-library/cs-CT52002100-20153409006729/,Spain,지원 - 트러블슈팅,79
https://www.lg.com/es/soporte/soporte-producto/resolucion-problemas/help-library/cs-CT52002100-20153409006729LST/,Spain,지원 - 트러블슈팅,79
https://www.lg.com/es/soporte/soporte-producto/resolucion-problemas/help-library/cs-CT52002100-20153409006776LST/,Spain,지원 - 트러블슈팅,79
https://www.lg.com/es/soporte/soporte-producto/resolucion-problemas/help-library/cs-CT52002100-20153409006776OLT/,Spain,지원 - 트러블슈팅,79
https://www.lg.com/es/soporte/soporte-producto/resolucion-problemas/help-library/cs-CT52002100-20153409006945/,Spain,지원 - 트러블슈팅,79
https://www.lg.com/es/soporte/soporte-producto/resolucion-problemas/help-library/cs-CT52002100-20153409007018/,Spain,지원 - 트러블슈팅,79
https://www.lg.com/es/soporte/soporte-producto/resolucion-problemas/help-library/cs-CT52002100-20153409008899LST/,Spain,지원 - 트러블슈팅,79
https://www.lg.com/es/soporte/soporte-producto/resolucion-problemas/help-library/cs-CT52002100-20153409008899OLT/,Spain,지원 - 트러블슈팅,79
https://www.lg.com/es/soporte/soporte-producto/resolucion-problemas/help-library/cs-CT52002100-20153409009047/,Spain,지원 - 트러블슈팅,79
https://www.lg.com/es/soporte/soporte-producto/resolucion-problemas/help-library/cs-CT52002100-20153409009047LST/,Spain,지원 - 트러블슈팅,79
https://www.lg.com/es/soporte/soporte-producto/resolucion-problemas/help-library/cs-CT52002100-20153409009145/,Spain,지원 - 트러블슈팅,79
https://www.lg.com/es/soporte/soporte-producto/resolucion-problemas/help-library/cs-CT52002100-20153409009145LST/,Spain,지원 - 트러블슈팅,79
https://www.lg.com/es/soporte/soporte-producto/resolucion-problemas/help-library/cs-CT52002100-20153409009220LST/,Spain,지원 - 트러블슈팅,79
https://www.lg.com/es/soporte/soporte-producto/resolucion-problemas/help-library/cs-CT52002100-20153409009220OLT/,Spain,지원 - 트러블슈팅,79
https://www.lg.com/es/soporte/soporte-producto/resolucion-problemas/help-library/cs-CT52002100-20153409012331OLT/,Spain,지원 - 트러블슈팅,79
https://www.lg.com/es/soporte/soporte-producto/resolucion-problemas/help-library/cs-CT52002100-20153409012386/,Spain,지원 - 트러블슈팅,79
https://www.lg.com/es/soporte/soporte-producto/resolucion-problemas/help-library/cs-CT52002100-20153409012571OLT/,Spain,지원 - 트러블슈팅,79
https://www.lg.com/es/soporte/soporte-producto/resolucion-problemas/help-library/cs-CT52002100-20153409012626/,Spain,지원 - 트러블슈팅,79
https://www.lg.com/es/soporte/soporte-producto/resolucion-problemas/help-library/cs-CT52002100-20153409012677/,Spain,지원 - 트러블슈팅,79
https://www.lg.com/es/soporte/soporte-producto/resolucion-problemas/help-library/cs-CT52002100-20153409012677LST/,Spain,지원 - 트러블슈팅,79
https://www.lg.com/es/soporte/soporte-producto/resolucion-problemas/help-library/cs-CT52002100-20153409012713OLT/,Spain,지원 - 트러블슈팅,79
https://www.lg.com/es/soporte/soporte-producto/resolucion-problemas/help-library/cs-CT52002100-20153409012890/,Spain,지원 - 트러블슈팅,79
https://www.lg.com/es/soporte/soporte-producto/resolucion-problemas/help-library/cs-CT52002100-20153409012911OLT/,Spain,지원 - 트러블슈팅,79
https://www.lg.com/es/soporte/soporte-producto/resolucion-problemas/help-library/cs-CT52002100-20153409012948/,Spain,지원 - 트러블슈팅,79
https://www.lg.com/es/soporte/soporte-producto/resolucion-problemas/help-library/cs-CT52002100-20153409012980OLT/,Spain,지원 - 트러블슈팅,79
https://www.lg.com/es/soporte/soporte-producto/resolucion-problemas/help-library/cs-CT52002100-20153409013007/,Spain,지원 - 트러블슈팅,79
https://www.lg.com/es/soporte/soporte-producto/resolucion-problemas/help-library/cs-CT52002100-20153409013132/,Spain,지원 - 트러블슈팅,79
https://www.lg.com/es/soporte/soporte-producto/resolucion-problemas/help-library/cs-CT52002100-20153409013132LST/,Spain,지원 - 트러블슈팅,79
https://www.lg.com/es/soporte/soporte-producto/resolucion-problemas/help-library/cs-CT52002100-20153409013153LST/,Spain,지원 - 트러블슈팅,79
https://www.lg.com/es/soporte/soporte-producto/resolucion-problemas/help-library/cs-CT52002100-20153409013153OLT/,Spain,지원 - 트러블슈팅,79
https://www.lg.com/es/soporte/soporte-producto/resolucion-problemas/help-library/cs-CT52002100-20153409013265LST/,Spain,지원 - 트러블슈팅,79
https://www.lg.com/es/soporte/soporte-producto/resolucion-problemas/help-library/cs-CT52002100-20153409013265OLT/,Spain,지원 - 트러블슈팅,79
https://www.lg.com/es/soporte/soporte-producto/resolucion-problemas/help-library/cs-CT52002100-20153409013324/,Spain,지원 - 트러블슈팅,79
https://www.lg.com/es/soporte/soporte-producto/resolucion-problemas/help-library/cs-CT52002100-20153409013324LST/,Spain,지원 - 트러블슈팅,79
https://www.lg.com/es/soporte/soporte-producto/resolucion-problemas/help-library/cs-CT52002100-20153409013384LST/,Spain,지원 - 트러블슈팅,79
https://www.lg.com/es/soporte/soporte-producto/resolucion-problemas/help-library/cs-CT52002100-20153409013384OLT/,Spain,지원 - 트러블슈팅,79
https://www.lg.com/es/soporte/soporte-producto/resolucion-problemas/help-library/cs-CT52002100-20153409013436/,Spain,지원 - 트러블슈팅,79
https://www.lg.com/es/soporte/soporte-producto/resolucion-problemas/help-library/cs-CT52002100-20153409013452/,Spain,지원 - 트러블슈팅,79
https://www.lg.com/es/soporte/soporte-producto/resolucion-problemas/help-library/cs-CT52002100-20153409013521OLT/,Spain,지원 - 트러블슈팅,79
https://www.lg.com/es/soporte/soporte-producto/resolucion-problemas/help-library/cs-CT52002100-20153409013590/,Spain,지원 - 트러블슈팅,79
https://www.lg.com/es/soporte/soporte-producto/resolucion-problemas/help-library/cs-CT52002100-20153409013649/,Spain,지원 - 트러블슈팅,79
https://www.lg.com/es/soporte/soporte-producto/resolucion-problemas/help-library/cs-CT52002100-20153409013649LST/,Spain,지원 - 트러블슈팅,79
https://www.lg.com/es/soporte/soporte-producto/resolucion-problemas/help-library/cs-CT52002100-20153409013757OLT/,Spain,지원 - 트러블슈팅,79
https://www.lg.com/es/soporte/soporte-producto/resolucion-problemas/help-library/cs-CT52002100-20153409013784/,Spain,지원 - 트러블슈팅,79
https://www.lg.com/es/soporte/soporte-producto/resolucion-problemas/help-library/cs-CT52002100-20153409013894LST/,Spain,지원 - 트러블슈팅,79
https://www.lg.com/es/soporte/soporte-producto/resolucion-problemas/help-library/cs-CT52002100-20153409013924/,Spain,지원 - 트러블슈팅,79
https://www.lg.com/es/soporte/soporte-producto/resolucion-problemas/help-library/cs-CT52002100-20153409013924LST/,Spain,지원 - 트러블슈팅,79
https://www.lg.com/es/soporte/soporte-producto/resolucion-problemas/help-library/cs-CT52002100-20153409013981LST/,Spain,지원 - 트러블슈팅,79
https://www.lg.com/es/soporte/soporte-producto/resolucion-problemas/help-library/cs-CT52002100-20153409014091/,Spain,지원 - 트러블슈팅,79
https://www.lg.com/es/soporte/soporte-producto/resolucion-problemas/help-library/cs-CT52002100-20153409014091LST/,Spain,지원 - 트러블슈팅,79
https://www.lg.com/es/soporte/soporte-producto/resolucion-problemas/help-library/cs-CT52002100-20153409014168OLT/,Spain,지원 - 트러블슈팅,79
https://www.lg.com/es/soporte/soporte-producto/resolucion-problemas/help-library/cs-CT52002100-20153409014192/,Spain,지원 - 트러블슈팅,79
https://www.lg.com/es/soporte/soporte-producto/resolucion-problemas/help-library/cs-CT52002100-20153409014336LST/,Spain,지원 - 트러블슈팅,79
https://www.lg.com/es/soporte/soporte-producto/resolucion-problemas/help-library/cs-CT52002100-20153409014336OLT/,Spain,지원 - 트러블슈팅,79
https://www.lg.com/es/soporte/soporte-producto/resolucion-problemas/help-library/cs-CT52002100-20153409014412/,Spain,지원 - 트러블슈팅,79
https://www.lg.com/es/soporte/soporte-producto/resolucion-problemas/help-library/cs-CT52002100-20153409014412OLT/,Spain,지원 - 트러블슈팅,79
https://www.lg.com/es/soporte/soporte-producto/resolucion-problemas/help-library/cs-CT52002100-20153409014423/,Spain,지원 - 트러블슈팅,79
https://www.lg.com/es/soporte/soporte-producto/resolucion-problemas/help-library/cs-CT52002100-20153409016817OLT/,Spain,지원 - 트러블슈팅,79
https://www.lg.com/es/soporte/soporte-producto/resolucion-problemas/help-library/cs-CT52002100-20153409016860/,Spain,지원 - 트러블슈팅,79
https://www.lg.com/es/soporte/soporte-producto/resolucion-problemas/help-library/cs-CT52002100-20153409016880/,Spain,지원 - 트러블슈팅,79
https://www.lg.com/es/soporte/soporte-producto/resolucion-problemas/help-library/cs-CT52002100-20153409016880LST/,Spain,지원 - 트러블슈팅,79
https://www.lg.com/es/soporte/soporte-producto/resolucion-problemas/help-library/cs-CT52002100-20153409016933OLT/,Spain,지원 - 트러블슈팅,79
https://www.lg.com/es/soporte/soporte-producto/resolucion-problemas/help-library/cs-CT52002100-20153409016968/,Spain,지원 - 트러블슈팅,79
https://www.lg.com/es/soporte/soporte-producto/resolucion-problemas/help-library/cs-CT52002100-20153409017199/,Spain,지원 - 트러블슈팅,79
https://www.lg.com/es/soporte/soporte-producto/resolucion-problemas/help-library/cs-CT52002100-20153409017199LST/,Spain,지원 - 트러블슈팅,79
https://www.lg.com/es/soporte/soporte-producto/resolucion-problemas/help-library/cs-CT52002100-20153409017440LST/,Spain,지원 - 트러블슈팅,79
https://www.lg.com/in/air-conditioners/ac-tips/air-conditioner-buying-guide/,India,구매 가이드,57
https://www.lg.com/in/air-conditioners/rac-product-buying-guide/,India,구매 가이드,67
https://www.lg.com/in/laundry/laundry-tips/lg-washing-machine-buying-guide/,India,구매 가이드,73
https://www.lg.com/in/microsite-article/ms/it/monitor/ultragear-buying-guide/,India,구매 가이드,68
https://www.lg.com/in/qned-tvs/2021/qned-buying-guide/,India,구매 가이드,63
https://www.lg.com/in/tv-soundbars/tv-buying-guide/,India,구매 가이드,65
https://www.lg.com/in/tv-soundbars/tv-buying-guide/gaming-tv/,India,구매 가이드,61
https://www.lg.com/in/tv-soundbars/tv-buying-guide/home-cinema/,India,구매 가이드,65
https://www.lg.com/in/tv-soundbars/tv-buying-guide/sport-tv/,India,구매 가이드,65
https://www.lg.com/in/tv-soundbars/tv-buying-guide/tv-size/,India,구매 가이드,65
https://www.lg.com/in/tv-soundbars/tv-buying-guide/tv-technology/what-is-4k-tv/,India,구매 가이드,65
https://www.lg.com/in/tv-soundbars/tv-buying-guide/what-is-a-smart-tv-ai-tv/,India,구매 가이드,61
https://www.lg.com/in/washing-machine-buying-guide/,India,구매 가이드,63
https://www.lg.com/in/lifesgood/optimism-your-feed/,India,뉴스룸/Press,66
https://www.lg.com/in/lifesgood/optimism-your-feed/interview/,India,뉴스룸/Press,73
https://www.lg.com/in/lifesgood/product-story-gram/,India,뉴스룸/Press,70
https://www.lg.com/in/lifesgood/product-story-instaview/,India,뉴스룸/Press,67
https://www.lg.com/in/lifesgood/product-story-oled-t/,India,뉴스룸/Press,67
https://www.lg.com/in/lifesgood/product-story-washtower/,India,뉴스룸/Press,67
https://www.lg.com/in/lifesgood/product/,India,뉴스룸/Press,81
https://www.lg.com/in/magazine/,India,뉴스룸/Press,72
https://www.lg.com/in/magazine/10-best-lg-washing-machines-of-2024/,India,뉴스룸/Press,72
https://www.lg.com/in/magazine/10-maintenance-hacks-to-keep-your-washing-machine-spinning-like-a-superhero-a-guide-to-optimal-performance/,India,뉴스룸/Press,72
https://www.lg.com/in/magazine/16-laptop-lg-gram-recognized-as-lightweight-by-guinness-world-records/,India,뉴스룸/Press,76
https://www.lg.com/in/magazine/2026-guide-to-lg-air-purifiers-exploring-the-features-and-advantages/,India,뉴스룸/Press,79
https://www.lg.com/in/magazine/5-must-have-features-in-modern-refrigerators/,India,뉴스룸/Press,72
https://www.lg.com/in/magazine/5-reasons-why-you-need-lg-dishwasher-in-your-kitchen/,India,뉴스룸/Press,72
https://www.lg.com/in/magazine/5-things-to-keep-in-mind-while-finding-the-best-uv-bluetooth-earphones/,India,뉴스룸/Press,72
https://www.lg.com/in/magazine/6-best-uhd-tvs-you-can-buy-in-2026/,India,뉴스룸/Press,79
https://www.lg.com/in/magazine/6-features-that-make-our-oled-tv-the-best-in-the-market/,India,뉴스룸/Press,72
https://www.lg.com/in/magazine/6-motion-direct-drive-in-lg-washing-machines/,India,뉴스룸/Press,79
https://www.lg.com/in/magazine/6-oled-evo-tv-features-to-know-before-buying-a-tv/,India,뉴스룸/Press,79
https://www.lg.com/in/magazine/7-top-tips-to-set-up-your-laundromat-business/,India,뉴스룸/Press,72
https://www.lg.com/in/magazine/8-common-microwave-cooking-mistakes-to-avoid/,India,뉴스룸/Press,79
https://www.lg.com/in/magazine/8-reasons-to-buy-the-lg-55lm8600-cinema-3d/,India,뉴스룸/Press,72
https://www.lg.com/in/magazine/9-lesser-known-features-of-lg-ac/,India,뉴스룸/Press,72
https://www.lg.com/in/magazine/a-few-things-to-keep-in-mind-while-looking-for-the-best-washing-machine/,India,뉴스룸/Press,72
https://www.lg.com/in/magazine/ac-installation-service-repair-guide/,India,뉴스룸/Press,72
https://www.lg.com/in/magazine/ai-6-in-1-convertible-cooling-for-changing-room-needs/,India,뉴스룸/Press,86
https://www.lg.com/in/magazine/ai-magic-remote/,India,뉴스룸/Press,79
https://www.lg.com/in/magazine/ai-precool-your-home-starts-cooling-before-you-reach-it/,India,뉴스룸/Press,72
https://www.lg.com/in/magazine/all-about-the-best-smart-technologies-in-lg-washing-machines/,India,뉴스룸/Press,72
https://www.lg.com/in/magazine/all-rounder-tv-for-your-home-watch-sports-cinema-and-web-series-with-ultimate-clarity/,India,뉴스룸/Press,72
https://www.lg.com/in/magazine/be-summer-ready-with-lg-washing-machines-hygiene-protection/,India,뉴스룸/Press,69
https://www.lg.com/in/magazine/best-home-appliances-gifts-for-mothers-day/,India,뉴스룸/Press,72
https://www.lg.com/in/magazine/best-lg-frost-free-double-door-refrigerators-of-2026/,India,뉴스룸/Press,79
https://www.lg.com/in/magazine/best-lg-top-load-washing-machines-in-india/,India,뉴스룸/Press,72
https://www.lg.com/in/magazine/best-monitor-for-work-from-home-setups/,India,뉴스룸/Press,79
https://www.lg.com/in/magazine/best-oled-tvs-and-enhance-your-watching-experience/,India,뉴스룸/Press,72
https://www.lg.com/in/magazine/best-side-by-side-refrigerators-in-india/,India,뉴스룸/Press,72
https://www.lg.com/in/magazine/best-tvs-for-streaming-ott-content-in-india/,India,뉴스룸/Press,79
https://www.lg.com/in/magazine/best-washing-machine-capacity-for-families-of-3-4-or-6/,India,뉴스룸/Press,83
https://www.lg.com/in/magazine/beyond-boundaries-lg-grams-impact-on-remote-work-and-productivity/,India,뉴스룸/Press,72
https://www.lg.com/in/magazine/big-is-brilliant/,India,뉴스룸/Press,72
https://www.lg.com/in/magazine/breathe-cleaner-air-with-lg-air-purifiers/,India,뉴스룸/Press,72
https://www.lg.com/in/magazine/bring-cinema-to-life-with-lg-nanocell-tv/,India,뉴스룸/Press,72
https://www.lg.com/in/magazine/cant-buy-grocery-daily-these-fridges-can-help-you-keep-bulk-groceries-fresh/,India,뉴스룸/Press,79
https://www.lg.com/in/magazine/celebrate-this-diwali-with-amazing-offers-on-lg-oled-tvs/,India,뉴스룸/Press,72
https://www.lg.com/in/magazine/choosing-an-lg-water-purifier-tank-capacity-filtration-stages-and-beyond/,India,뉴스룸/Press,72
https://www.lg.com/in/magazine/combat-55-degree-celsius-heat-with-lg-bheem/,India,뉴스룸/Press,76
https://www.lg.com/in/magazine/commercial-washing-machines-for-hotels-and-laundromats-what-works-for-businesses/,India,뉴스룸/Press,76
https://www.lg.com/in/magazine/common-washing-machine-problems-and-how-to-avoid-them/,India,뉴스룸/Press,79
https://www.lg.com/in/magazine/comparing-lgs-cinebeam-and-lgs-probeam-projectors-which-is-right-for/,India,뉴스룸/Press,76
https://www.lg.com/in/magazine/conquer-fridge-chaos-maximise-storage-in-your-lg-refrigerator-with-these-genius-organizing-hacks/,India,뉴스룸/Press,69
https://www.lg.com/in/magazine/cook-healthy-food-with-the-latest-lg-microwave-ovens/,India,뉴스룸/Press,72
https://www.lg.com/in/magazine/cook-healthy-recipes-for-you-and-your-family-with-lg-all-in-one-microwave/,India,뉴스룸/Press,72
https://www.lg.com/in/magazine/cool-summers-warm-winters-with-lg-hot-and-cold-ac/,India,뉴스룸/Press,83
https://www.lg.com/in/magazine/curry-to-clean-how-lg-dishwashers-tackle-masala-stains-effortlessly/,India,뉴스룸/Press,72
https://www.lg.com/in/magazine/curved-vs-flat-monitors-for-gaming-which-one-is-best-for-you/,India,뉴스룸/Press,72
https://www.lg.com/in/magazine/debunking-dishwasher-myths-is-conventional-washing-better/,India,뉴스룸/Press,72
https://www.lg.com/in/magazine/delicate-to-woven-every-fabric-is-protected-with-lg-washing-machines/,India,뉴스룸/Press,72
https://www.lg.com/in/magazine/demystifying-uhd-4k-and-5k-monitors-what-you-need-to-know/,India,뉴스룸/Press,72
https://www.lg.com/in/magazine/diet-mode-how-lg-acs-cool-efficiently-during-peak/,India,뉴스룸/Press,72
https://www.lg.com/in/magazine/direct-cool-refrigerators-save-smart-save-more/,India,뉴스룸/Press,72
https://www.lg.com/in/magazine/dishwasher-reality-check/,India,뉴스룸/Press,79
https://www.lg.com/in/magazine/dual-inverter-compressor-faster-cooling-with-better-performance/,India,뉴스룸/Press,79
https://www.lg.com/in/magazine/earth-day-at-home/,India,뉴스룸/Press,76
https://www.lg.com/in/magazine/easing-laundry-with-ezdispense/,India,뉴스룸/Press,69
https://www.lg.com/in/magazine/energy-manager-explained/,India,뉴스룸/Press,79
https://www.lg.com/in/magazine/energy-manager-you-decide-your-bill/,India,뉴스룸/Press,72
https://www.lg.com/in/magazine/enhance-your-gaming-experience-with-lg-ultragear-monitor/,India,뉴스룸/Press,72
https://www.lg.com/in/magazine/enhance-your-visual-experience-with-the-all-new-lg-ultrafine-erg/,India,뉴스룸/Press,72
https://www.lg.com/in/magazine/enjoy-a-stadium-atmosphere-right-before-your-eyes-with-lg-oled-tv/,India,뉴스룸/Press,72
https://www.lg.com/in/magazine/enjoy-all-round-cleaning-and-efficient-wash-performance-with-lgs-6-motion-dd-technology/,India,뉴스룸/Press,72
https://www.lg.com/in/magazine/enjoy-both-tv-and-monitor-together-with-lg-32sp510m-led-tv-monitor/,India,뉴스룸/Press,72
https://www.lg.com/in/magazine/enjoy-every-minute-of-entertainment-with-the-best-oled-tv/,India,뉴스룸/Press,69
https://www.lg.com/in/magazine/enjoy-extreme-versatility-and-mobility-with-the-lg-gram-laptop/,India,뉴스룸/Press,72
https://www.lg.com/in/magazine/enjoy-full-display-movement-with-lg-qhd-ergo-ips-monitor/,India,뉴스룸/Press,72
https://www.lg.com/in/magazine/enjoy-karaoke-sessions-with-bluetooth-speakers-with-mic-know-everything-about-it-here/,India,뉴스룸/Press,72
https://www.lg.com/in/magazine/essential-and-easy-tips-to-keep-your-lg-ac-running-like-new-amc-plug-in/,India,뉴스룸/Press,79
https://www.lg.com/in/magazine/experience-immersive-viewing-happiness-with-lg-oled-tv/,India,뉴스룸/Press,72
https://www.lg.com/in/magazine/experience-realistic-audio-with-lg-soundbar/,India,뉴스룸/Press,72
https://www.lg.com/in/magazine/factors-to-look-out-for-while-buying-an-air-conditioner-for-your-home/,India,뉴스룸/Press,72
https://www.lg.com/in/magazine/fall-in-love-with-your-workplace/,India,뉴스룸/Press,72
https://www.lg.com/in/magazine/faqs-about-3d-tvs/,India,뉴스룸/Press,76
https://www.lg.com/in/magazine/faster-simpler-safer-the-lg-chromebase/,India,뉴스룸/Press,72
https://www.lg.com/in/magazine/festive-season-gaming-with-lg-ultragear-gaming-monitors/,India,뉴스룸/Press,72
https://www.lg.com/in/magazine/finding-the-perfect-refrigerator-fit-for-your-indian-kitchen/,India,뉴스룸/Press,79
https://www.lg.com/in/magazine/first-among-the-equals/,India,뉴스룸/Press,72
https://www.lg.com/in/magazine/five-factors-to-keep-in-mind-while-comparing-microwave-prices/,India,뉴스룸/Press,72
https://www.lg.com/in/magazine/five-reasons-to-invest-in-an-lg-ro-purifier-today/,India,뉴스룸/Press,72
https://www.lg.com/in/magazine/four-factors-you-must-consider-while-comparing-led-tv-prices/,India,뉴스룸/Press,69
https://www.lg.com/in/magazine/french-door-refrigerators/,India,뉴스룸/Press,79
https://www.lg.com/in/magazine/from-school-spills-to-playdate-dirt/,India,뉴스룸/Press,72
https://www.lg.com/in/magazine/from-summers-to-rains-how-air-conditioners-are-transforming-indian-family-life/,India,뉴스룸/Press,76
https://www.lg.com/in/magazine/front-load-vs-topload-washing-machines-which-is-right-for-you/,India,뉴스룸/Press,72
https://www.lg.com/in/magazine/front-load-washing-machines-a-complete-guide-to-pros-cons-and-buying-tips/,India,뉴스룸/Press,72
https://www.lg.com/in/magazine/frost-free-fridge-freezer/,India,뉴스룸/Press,79
https://www.lg.com/in/magazine/fully-automatic-vs-semi-automatic-washing-machines-an-honest-guide-for-buyers/,India,뉴스룸/Press,76
https://www.lg.com/in/magazine/gaming-monitor-buying-guide/,India,뉴스룸/Press,72
https://www.lg.com/in/magazine/gaming-with-lg-oled-tv/,India,뉴스룸/Press,72
https://www.lg.com/in/magazine/gear-up-for-victory-with-lg-ultragear-27gn750-full-hd-ips-gaming-monitor/,India,뉴스룸/Press,72
https://www.lg.com/in/magazine/get-rid-of-the-plastic-tank-and-choose-a-stainless-steel-water-purifier-tank/,India,뉴스룸/Press,72
https://www.lg.com/in/catalogue/best-care-amc-pdf/,India,마이크로사이트/캠페인,70
https://www.lg.com/in/laundry/top-loading-washing-machines/,India,마이크로사이트/캠페인,76
https://www.lg.com/in/laundry/top-loading-washing-machines/thd09spm/,India,마이크로사이트/캠페인,79
https://www.lg.com/in/lg-magazine/how-lg-old-tv-promises-to-redefine-your-home-entertainment-experience/,India,마이크로사이트/캠페인,72
https://www.lg.com/in/qned-tvs/2022/why-lg-qned/,India,마이크로사이트/캠페인,70
https://www.lg.com/in/tv-soundbars/why-qned-evo/,India,마이크로사이트/캠페인,63
https://www.lg.com/in/tvs/why-lgoled/,India,마이크로사이트/캠페인,86
https://www.lg.com/in/tvs/why-lgoled/10years-world-no1-oled/,India,마이크로사이트/캠페인,67
https://www.lg.com/in/tvs/why-lgoled/2023-oled-lineup/,India,마이크로사이트/캠페인,66
https://www.lg.com/in/qned-tvs/2021/cinema/,India,마이크로사이트/캠페인,66
https://www.lg.com/in/why-lgoled/cinema/,India,마이크로사이트/캠페인,63
https://www.lg.com/in/oled-circle/,India,마이크로사이트/캠페인,72
https://www.lg.com/in/lgnanocell2019/accuracy/,India,마이크로사이트/캠페인,53
https://www.lg.com/in/soundbar-offers-tnc/,India,마이크로사이트/캠페인,69
https://www.lg.com/in/thinqcoupondownload/,India,마이크로사이트/캠페인,62
https://www.lg.com/in/washing-machines/twinwash/installation/,India,마이크로사이트/캠페인,63
https://www.lg.com/in/washing-machines-video/,India,마이크로사이트/캠페인,62
https://www.lg.com/in/washingmachines-termsconditions/,India,마이크로사이트/캠페인,66
https://www.lg.com/in/washing-machines/twinwash/story/,India,마이크로사이트/캠페인,63
https://www.lg.com/in/washing-machines/twinwash/usage/,India,마이크로사이트/캠페인,67
https://www.lg.com/in/residential-air-conditioners/,India,마이크로사이트/캠페인,69
https://www.lg.com/in/microwave-oven-scan-to-cook/,India,마이크로사이트/캠페인,63
https://www.lg.com/in/nanocell-tv/2021/a7-ai-processor/,India,제품 상세 (PDP),66
https://www.lg.com/in/nanocell-tv/2021/a9-ai-processor/,India,제품 상세 (PDP),64
https://www.lg.com/in/oled-tvs/2021/a7-ai-processor/,India,제품 상세 (PDP),62
https://www.lg.com/in/oled-tvs/2021/a9-ai-processor/,India,제품 상세 (PDP),61
https://www.lg.com/in/projectors/home-cinema-projectors/au810pw/,India,제품 상세 (PDP),76
https://www.lg.com/in/projectors/home-cinema-projectors/bf50nst/,India,제품 상세 (PDP),73
https://www.lg.com/in/projectors/home-cinema-projectors/bf50rg/,India,제품 상세 (PDP),73
https://www.lg.com/in/projectors/home-cinema-projectors/bf60pst/,India,제품 상세 (PDP),73
https://www.lg.com/in/projectors/home-cinema-projectors/bf60rg/,India,제품 상세 (PDP),73
https://www.lg.com/in/computer-accessories/eg800bw/,India,제품 상세 (PDP),73
https://www.lg.com/in/computer-accessories/msa2/,India,제품 상세 (PDP),75
https://www.lg.com/in/computer-accessories/ugp90hb-b/,India,제품 상세 (PDP),74
https://www.lg.com/in/laptop/16mq70-gram/,India,제품 상세 (PDP),76
https://www.lg.com/in/laptop/gram/14z90r-g-cp54a2/,India,제품 상세 (PDP),73
https://www.lg.com/in/laptop/gram/14z90r-g-cp75a2/,India,제품 상세 (PDP),73
https://www.lg.com/in/laptop/gram/16z90r-g-cp75a2/,India,제품 상세 (PDP),73
https://www.lg.com/in/monitors/ergo-monitors/32qp880n-b/,India,제품 상세 (PDP),76
https://www.lg.com/in/monitors/fhd-qhd/19m38ab-b/,India,제품 상세 (PDP),75
https://www.lg.com/in/audio/bluetooth-speakers/xboom-bluetooth-speakers/bounce/,India,제품 상세 (PDP),77
https://www.lg.com/in/audio/bluetooth-speakers/xboom-bluetooth-speakers/grab/,India,제품 상세 (PDP),77
https://www.lg.com/in/audio/multi-media-speakers/lk72b/,India,제품 상세 (PDP),72
https://www.lg.com/in/audio/party-speaker-xboom/XL9T/,India,제품 상세 (PDP),70
https://www.lg.com/in/audio/party-speaker-xboom/ok55/,India,제품 상세 (PDP),72
https://www.lg.com/in/audio/party-speaker-xboom/ok75/,India,제품 상세 (PDP),72
https://www.lg.com/in/audio/party-speaker-xboom/ol100/,India,제품 상세 (PDP),72
https://www.lg.com/in/audio/party-speaker-xboom/ol45/,India,제품 상세 (PDP),72
https://www.lg.com/in/audio/party-speaker-xboom/on2d/,India,제품 상세 (PDP),75
https://www.lg.com/in/commercial-washing-machines/commercial-dryer/cdt29cuoes/,India,제품 상세 (PDP),73
https://www.lg.com/in/commercial-washing-machines/commercial-dryer/rn1329an7s/,India,제품 상세 (PDP),73
https://www.lg.com/in/commercial-washing-machines/commercial-dryer/rn1840cd7/,India,제품 상세 (PDP),73
https://www.lg.com/in/commercial-washing-machines/commercial-dryer/rv1329c7t/,India,제품 상세 (PDP),73
https://www.lg.com/in/commercial-washing-machines/commercial-dryer/rv1840cd7/,India,제품 상세 (PDP),73
https://www.lg.com/in/commercial-washing-machines/commercial-washer/cwg27mdohs/,India,제품 상세 (PDP),73
https://www.lg.com/in/commercial-washing-machines/commercial-washer/cwt29cdohs/,India,제품 상세 (PDP),73
https://www.lg.com/in/commercial-washing-machines/commercial-washer/cwt29mdohs/,India,제품 상세 (PDP),73
https://www.lg.com/in/laundry/dryers/dhv09sab/,India,제품 상세 (PDP),76
https://www.lg.com/in/refrigerators/double-door-refrigerators/gl-b382cdsy/,India,제품 상세 (PDP),76
https://www.lg.com/in/refrigerators/double-door-refrigerators/gl-b382dpzx/,India,제품 상세 (PDP),76
https://www.lg.com/in/refrigerators/double-door-refrigerators/gl-b382ebmx/,India,제품 상세 (PDP),76
https://www.lg.com/in/refrigerators/double-door-refrigerators/gl-b382fptx/,India,제품 상세 (PDP),76
https://www.lg.com/in/refrigerators/double-door-refrigerators/gl-c322kpzy/,India,제품 상세 (PDP),78
https://www.lg.com/in/refrigerators/double-door-refrigerators/gl-i292rpzx/,India,제품 상세 (PDP),76
https://www.lg.com/in/refrigerators/double-door-refrigerators/gl-i292rpzy/,India,제품 상세 (PDP),75
https://www.lg.com/in/refrigerators/double-door-refrigerators/gl-n252ydsy/,India,제품 상세 (PDP),73
https://www.lg.com/in/refrigerators/double-door-refrigerators/gl-n252yoby/,India,제품 상세 (PDP),73
https://www.lg.com/in/dishwasher/dfb335hm/,India,제품 상세 (PDP),76
https://www.lg.com/in/dishwasher/dfb424fm/,India,제품 상세 (PDP),78
https://www.lg.com/in/dishwasher/dfb424fp/,India,제품 상세 (PDP),78
https://www.lg.com/in/dishwasher/dfb435fm/,India,제품 상세 (PDP),76
https://www.lg.com/in/dishwasher/dfb435fv/,India,제품 상세 (PDP),76
https://www.lg.com/in/dishwasher/dfb512fp/,India,제품 상세 (PDP),78
https://www.lg.com/in/dishwasher/dfb532fp/,India,제품 상세 (PDP),78
https://www.lg.com/in/microwave-ovens/charcoal-convection-microwave/mj2886bwum/,India,제품 상세 (PDP),78
https://www.lg.com/in/microwave-ovens/charcoal-convection-microwave/mj2887bfum/,India,제품 상세 (PDP),78
https://www.lg.com/in/microwave-ovens/charcoal-convection-microwave/mj2887bhtm/,India,제품 상세 (PDP),75
https://www.lg.com/in/microwave-ovens/charcoal-convection-microwave/mj2887bium/,India,제품 상세 (PDP),75
https://www.lg.com/in/microwave-ovens/charcoal-convection-microwave/mj2887bwum/,India,제품 상세 (PDP),78
https://www.lg.com/in/microwave-ovens/charcoal-convection-microwave/mjen286uf/,India,제품 상세 (PDP),78
https://www.lg.com/in/microwave-ovens/charcoal-convection-microwave/mjen286ui/,India,제품 상세 (PDP),78
https://www.lg.com/in/microwave-ovens/charcoal-convection-microwave/mjen326sf/,India,제품 상세 (PDP),75
https://www.lg.com/in/microwave-ovens/charcoal-convection-microwave/mjen326uh/,India,제품 상세 (PDP),75
https://www.lg.com/in/air-conditioners/split-air-conditioners/as-h19bnxe/,India,제품 상세 (PDP),79
https://www.lg.com/in/air-conditioners/split-air-conditioners/as-h19vnxe/,India,제품 상세 (PDP),79
https://www.lg.com/in/air-conditioners/split-air-conditioners/as-q11fnve/,India,제품 상세 (PDP),79
https://www.lg.com/in/air-conditioners/split-air-conditioners/as-q12cnxe/,India,제품 상세 (PDP),79
https://www.lg.com/in/air-conditioners/split-air-conditioners/as-q12ynxe/,India,제품 상세 (PDP),79
https://www.lg.com/in/air-conditioners/split-air-conditioners/as-q13jnye/,India,제품 상세 (PDP),79
https://www.lg.com/in/air-conditioners/split-air-conditioners/as-q14anze-p/,India,제품 상세 (PDP),77
https://www.lg.com/in/air-conditioners/split-air-conditioners/as-q14enze-p/,India,제품 상세 (PDP),77
https://www.lg.com/in/air-conditioners/split-air-conditioners/as-q18anxe-n/,India,제품 상세 (PDP),79
https://www.lg.com/in/air-care/air-purifiers/as10gdby0/,India,제품 상세 (PDP),76
https://www.lg.com/in/air-care/air-purifiers/as55ggwx0/,India,제품 상세 (PDP),79
https://www.lg.com/in/air-care/air-purifiers/as60gdwt0/,India,제품 상세 (PDP),75
https://www.lg.com/in/air-care/air-purifiers/as60ghwg0/,India,제품 상세 (PDP),76
https://www.lg.com/in/air-conditioners/split-air-conditioners/as-q18anxe/,India,제품 상세 (PDP),79
https://www.lg.com/in/air-conditioners/split-air-conditioners/as-q18cwxe/,India,제품 상세 (PDP),76
https://www.lg.com/in/air-conditioners/split-air-conditioners/as-q18dnxe-n/,India,제품 상세 (PDP),79
https://www.lg.com/in/air-conditioners/split-air-conditioners/as-q18dnxe/,India,제품 상세 (PDP),79
https://www.lg.com/in/air-conditioners/split-air-conditioners/as-q18hwxe/,India,제품 상세 (PDP),79
https://www.lg.com/in/air-conditioners/split-air-conditioners/as-q18jnxe/,India,제품 상세 (PDP),79
https://www.lg.com/in/air-conditioners/split-air-conditioners/as-q18jnxe1/,India,제품 상세 (PDP),79
https://www.lg.com/in/air-conditioners/split-air-conditioners/as-q18lnxe-n/,India,제품 상세 (PDP),79
https://www.lg.com/in/air-conditioners/split-air-conditioners/as-q18tnxe-n/,India,제품 상세 (PDP),79
https://www.lg.com/in/air-conditioners/split-air-conditioners/as-q18tnxe1/,India,제품 상세 (PDP),79
https://www.lg.com/in/air-conditioners/split-air-conditioners/as-q18ynxe-n/,India,제품 상세 (PDP),79
https://www.lg.com/in/air-conditioners/split-air-conditioners/as-q18znxe-n/,India,제품 상세 (PDP),79
https://www.lg.com/in/air-conditioners/split-air-conditioners/as-q19bnze1/,India,제품 상세 (PDP),79
https://www.lg.com/in/air-conditioners/split-air-conditioners/as-q19cnxe-n/,India,제품 상세 (PDP),79
https://www.lg.com/in/air-conditioners/split-air-conditioners/as-q19cwze1/,India,제품 상세 (PDP),79
https://www.lg.com/in/appliance-accessories/aaa77944201/,India,제품 상세 (PDP),75
https://www.lg.com/in/appliance-accessories/aap75494601/,India,제품 상세 (PDP),75
https://www.lg.com/in/appliance-accessories/agm30051501/,India,제품 상세 (PDP),75
https://www.lg.com/in/appliance-accessories/akb74955624/,India,제품 상세 (PDP),76
https://www.lg.com/in/appliance-accessories/cls31460003/,India,제품 상세 (PDP),75
https://www.lg.com/in/appliance-accessories/cls31460005/,India,제품 상세 (PDP),71
https://www.lg.com/in/appliance-accessories/cls31460006/,India,제품 상세 (PDP),78
https://www.lg.com/in/appliance-accessories/cls31800202/,India,제품 상세 (PDP),75
https://www.lg.com/in/appliance-accessories/cls32170401/,India,제품 상세 (PDP),71
https://www.lg.com/in/appliance-accessories/cls32171401/,India,제품 상세 (PDP),75
https://www.lg.com/in/appliance-accessories/cls32171402/,India,제품 상세 (PDP),75
https://www.lg.com/in/lgnanocell/accuracy/,India,제품 카테고리 (PLP),57
https://www.lg.com/in/lgoled2019/black/,India,제품 카테고리 (PLP),53
https://www.lg.com/in/tv-soundbars/,India,제품 카테고리 (PLP),73
https://www.lg.com/in/audio/,India,제품 카테고리 (PLP),69
https://www.lg.com/in/audio/all-audios/,India,제품 카테고리 (PLP),72
https://www.lg.com/in/audio/bluetooth-speakers/,India,제품 카테고리 (PLP),72
https://www.lg.com/in/audio/bluetooth-speakers/all-bluetooth-speakers/,India,제품 카테고리 (PLP),72
https://www.lg.com/in/audio/bluetooth-speakers/portable-speakers/,India,제품 카테고리 (PLP),72
https://www.lg.com/in/audio/home-theater-soundbar/,India,제품 카테고리 (PLP),69
https://www.lg.com/in/audio/party-speaker-xboom/,India,제품 카테고리 (PLP),72
https://www.lg.com/in/audio/soundbars/,India,제품 카테고리 (PLP),72
https://www.lg.com/in/audio/soundbars/all-in-one-soundbars/,India,제품 카테고리 (PLP),72
https://www.lg.com/in/audio/soundbars/all-soundbars/,India,제품 카테고리 (PLP),79
https://www.lg.com/in/monitors/,India,제품 카테고리 (PLP),76
https://www.lg.com/in/monitors/all-monitors/,India,제품 카테고리 (PLP),79
https://www.lg.com/in/monitors/fhd-qhd/,India,제품 카테고리 (PLP),79
https://www.lg.com/in/monitors/gaming/,India,제품 카테고리 (PLP),79
https://www.lg.com/in/monitors/hyper-mini-led-gaming-monitor/,India,제품 카테고리 (PLP),76
https://www.lg.com/in/monitors/lifestyle-monitor-swing/,India,제품 카테고리 (PLP),76
https://www.lg.com/in/monitors/professional-monitor/,India,제품 카테고리 (PLP),76
https://www.lg.com/in/monitors/smart-monitors/,India,제품 카테고리 (PLP),72
https://www.lg.com/in/monitors/ultrafine-evo/,India,제품 카테고리 (PLP),76
https://www.lg.com/in/monitors/ultragear-evo/,India,제품 카테고리 (PLP),76
https://www.lg.com/in/monitors/ultragear-gaming-oled-monitors/,India,제품 카테고리 (PLP),79
https://www.lg.com/in/monitors/ultragear/,India,제품 카테고리 (PLP),69
https://www.lg.com/in/refrigerators/,India,제품 카테고리 (PLP),73
https://www.lg.com/in/moodup-refrigerators/,India,제품 카테고리 (PLP),67
https://www.lg.com/in/refrigerators/MoodUP/,India,제품 카테고리 (PLP),76
https://www.lg.com/in/moodup-refrigerators/terms-and-conditions/,India,제품 카테고리 (PLP),69
https://www.lg.com/in/refrigerators/all-refrigerators/,India,제품 카테고리 (PLP),77
https://www.lg.com/in/moodup-refrigerators/thankyou/,India,제품 카테고리 (PLP),66
https://www.lg.com/in/refrigerators/double-door-refrigerators/,India,제품 카테고리 (PLP),77
https://www.lg.com/in/refrigerators/french-door-refrigerators/,India,제품 카테고리 (PLP),79
https://www.lg.com/in/refrigerators/side-by-side-refrigerators/,India,제품 카테고리 (PLP),77
https://www.lg.com/in/refrigerators/single-door-refrigerators/,India,제품 카테고리 (PLP),79
https://www.lg.com/in/laundry/,India,제품 카테고리 (PLP),76
https://www.lg.com/in/dishwasher/,India,제품 카테고리 (PLP),76
https://www.lg.com/in/commercial-washing-machines/,India,제품 카테고리 (PLP),69
https://www.lg.com/in/laundry/all-washing-machines/,India,제품 카테고리 (PLP),79
https://www.lg.com/in/dishwasher/all-dishwashers/,India,제품 카테고리 (PLP),62
https://www.lg.com/in/commercial-washing-machines/commercial-dryer/,India,제품 카테고리 (PLP),72
https://www.lg.com/in/laundry/dryers/,India,제품 카테고리 (PLP),79
https://www.lg.com/in/air-conditioners/,India,제품 카테고리 (PLP),76
https://www.lg.com/in/air-conditioners-tnc/,India,제품 카테고리 (PLP),59
https://www.lg.com/in/air-conditioners/ac-installation-service-repair-guide/,India,제품 카테고리 (PLP),72
https://www.lg.com/in/air-conditioners/ac-tips/,India,제품 카테고리 (PLP),72
https://www.lg.com/in/air-conditioners/air-conditioners-an-efficient-home-heating-solution/,India,제품 카테고리 (PLP),72
https://www.lg.com/in/air-conditioners/air-conditioners-with-wifi-connectivity/,India,제품 카테고리 (PLP),72
https://www.lg.com/in/air-conditioners/all-air-conditioners/,India,제품 카테고리 (PLP),79
https://www.lg.com/in/air-conditioners/lg-article-air-conditioner-energy/,India,제품 카테고리 (PLP),72
https://www.lg.com/in/air-conditioners/lg-article-air-conditioner-inverter/,India,제품 카테고리 (PLP),72
https://www.lg.com/in/air-conditioners/lg-article-air-conditioner-temperature/,India,제품 카테고리 (PLP),72
https://www.lg.com/in/air-conditioners/must-known-tips-before-buying-an-lg-air-conditioner/,India,제품 카테고리 (PLP),72
https://www.lg.com/in/air-care/,India,제품 카테고리 (PLP),79
https://www.lg.com/in/air-care-review/,India,제품 카테고리 (PLP),62
https://www.lg.com/in/air-care/air-purifiers/,India,제품 카테고리 (PLP),79
https://www.lg.com/in/air-care-review/terms-and-conditions/,India,제품 카테고리 (PLP),62
https://www.lg.com/in/air-care/all-air-cares/,India,제품 카테고리 (PLP),59
https://www.lg.com/in/microwave-ovens/,India,제품 카테고리 (PLP),77
https://www.lg.com/in/microwave-ovens/all-microwave-ovens/,India,제품 카테고리 (PLP),80
https://www.lg.com/in/microwave-ovens/charcoal-convection-microwave/,India,제품 카테고리 (PLP),80
https://www.lg.com/in/microwave-ovens/convection-microwave/,India,제품 카테고리 (PLP),80
https://www.lg.com/in/microwave-ovens/convertible-oven/,India,제품 카테고리 (PLP),82
https://www.lg.com/in/microwave-ovens/grill-solo-microwave/,India,제품 카테고리 (PLP),80
https://www.lg.com/in/microwave-ovens/wifi-enabled-charcoal-convection-microwave/,India,제품 카테고리 (PLP),80
https://www.lg.com/in/about-lg-india/,India,제품 카테고리 (PLP),72
https://www.lg.com/in/accessories-sale-tnc/,India,제품 카테고리 (PLP),66
https://www.lg.com/in/account-integration/,India,제품 카테고리 (PLP),55
https://www.lg.com/in/account-integration-old/,India,제품 카테고리 (PLP),62
https://www.lg.com/in/air-conditioners/service-campaign-tnc/,India,제품 카테고리 (PLP),69
https://www.lg.com/in/amc-enquiry/thank-you/,India,제품 카테고리 (PLP),66
https://www.lg.com/in/appliance-accessories/,India,제품 카테고리 (PLP),76
https://www.lg.com/in/appliances/,India,제품 카테고리 (PLP),59
https://www.lg.com/in/appliances-catalogue/,India,제품 카테고리 (PLP),72
https://www.lg.com/in/audio/soundbars/featured-soundbars/,India,제품 카테고리 (PLP),64
https://www.lg.com/in/best/,India,제품 카테고리 (PLP),66
https://www.lg.com/in/bestshop/,India,제품 카테고리 (PLP),66
https://www.lg.com/in/bestshop-campaign-tnc/,India,제품 카테고리 (PLP),72
https://www.lg.com/in/braille-remote-cover/,India,제품 카테고리 (PLP),67
https://www.lg.com/in/brandshop-tamilnadu-diwalitnc/,India,제품 카테고리 (PLP),72
https://www.lg.com/in/refrigerators/double-door-refrigerators/gl-n412sdsy/,India,제품 카테고리 (PLP),77
https://www.lg.com/in/refrigerators/double-door-refrigerators/gl-s312sbey/,India,제품 카테고리 (PLP),77
https://www.lg.com/in/refrigerators/double-door-refrigerators/gl-s312ssey/,India,제품 카테고리 (PLP),77
https://www.lg.com/in/tvs/,India,제품 카테고리 (PLP),72
https://www.lg.com/in/oled-tvs/,India,제품 카테고리 (PLP),86
https://www.lg.com/in/nanocell-tv/,India,제품 카테고리 (PLP),72
https://www.lg.com/in/about-lg/press-and-media/,India,프레스앤미디어,78
https://www.lg.com/in/about-lg/press-and-media/8th-edition-of-global-it-challenge-starts-in-india/,India,프레스앤미디어,70
https://www.lg.com/in/about-lg/press-and-media/after-refrigerators-airconditioners-lg-india-brings-the-first-5-star-washing-machines-in-india/,India,프레스앤미디어,70
https://www.lg.com/in/about-lg/press-and-media/ahead-of-republic-day-lg-salutes-to-those-who-make-it-possible/,India,프레스앤미디어,78
https://www.lg.com/in/about-lg/press-and-media/announcing-a-new-cdm-project-applying-solar-modules-by-lg-electronics-india-pvt-ltd/,India,프레스앤미디어,70
https://www.lg.com/in/about-lg/press-and-media/climber-harnesses-power-of-lg-cordzero-to-scale-office-tower/,India,프레스앤미디어,70
https://www.lg.com/in/about-lg/press-and-media/empowering-vision-lg-electronics-indias-karein-roshni-initiative-illuminates-lives/,India,프레스앤미디어,78
https://www.lg.com/in/about-lg/press-and-media/experience-the-future-of-refrigeration-lg-launches-with-new-wifi-convertible-side-by-side-refrigerator/,India,프레스앤미디어,78
https://www.lg.com/in/about-lg/press-and-media/first-micro-led-display-from-lg-sets-new-standard-for-commercial-display-technology/,India,프레스앤미디어,74
https://www.lg.com/in/about-lg/press-and-media/five-factors-to-keep-in-mind-while-comparing-microwave-prices/,India,프레스앤미디어,78
https://www.lg.com/in/about-lg/press-and-media/guinness-world-records/,India,프레스앤미디어,70
https://www.lg.com/in/about-lg/press-and-media/health-hygiene-drive-across-brand-shops-considering-pandemic-covid-19/,India,프레스앤미디어,78
https://www.lg.com/in/about-lg/press-and-media/hong-ju-jeon-appointed-new-md-of-lg-electronics-india/,India,프레스앤미디어,78
https://www.lg.com/in/about-lg/press-and-media/house-of-cards-built-on-running-lg-washing-machine-breaks-guinness-record/,India,프레스앤미디어,70
https://www.lg.com/in/about-lg/press-and-media/india-ka-celebration-with-lg-unveiling-irresistible-diwali-offers/,India,프레스앤미디어,78
https://www.lg.com/in/about-lg/press-and-media/indian-womens-baseball-team-participates-in-lg-cup/,India,프레스앤미디어,70
https://www.lg.com/in/about-lg/press-and-media/indias-1st-lg-refrigerator-with-smart-inverter-compressor-technology-in-single-door/,India,프레스앤미디어,70
https://www.lg.com/in/about-lg/press-and-media/karsalaam-tribute-to-korean-war-veterans-of-india/,India,프레스앤미디어,70
https://www.lg.com/in/about-lg/press-and-media/led-signage-featuring-non-contact-connectors-delivers-better-images-easier-installation/,India,프레스앤미디어,78
https://www.lg.com/in/about-lg/press-and-media/lg-adds-joy-to-the-festive-mood-launches-brand-campaign/,India,프레스앤미디어,74
https://www.lg.com/in/about-lg/press-and-media/lg-and-bajaj-finserv-partner/,India,프레스앤미디어,70
https://www.lg.com/in/about-lg/press-and-media/lg-and-habitat-for-humanity-indias-lifes-good-hope-village-project-highlights-the-value-of-a-home-during-the-pandemic/,India,프레스앤미디어,81
https://www.lg.com/in/about-lg/press-and-media/lg-announces-its-latest--freedom-is-good--independence-day-offers/,India,프레스앤미디어,74
https://www.lg.com/in/about-lg/press-and-media/lg-announces-its-latest--freedom-is-good--independence-day-offers0/,India,프레스앤미디어,78
https://www.lg.com/in/about-lg/press-and-media/lg-announces-its-latest-freedom-is-good-independence-day-offers/,India,프레스앤미디어,74
https://www.lg.com/in/about-lg/press-and-media/lg-announces-its-together-we-can-make-life-better-pre-book-offer-campaign-exciting-deals-and-assured-gifts-of-up-to-inr-35000/,India,프레스앤미디어,78
https://www.lg.com/in/about-lg/press-and-media/lg-announces-the-winner-of-mallika-e-kitchen-8th-edition-at-the-grand-finale/,India,프레스앤미디어,70
https://www.lg.com/in/about-lg/press-and-media/lg-begins-rollout-of-2023-soundbar-lineup-in-india/,India,프레스앤미디어,78
https://www.lg.com/in/about-lg/press-and-media/lg-celebrates-20-years-in-india/,India,프레스앤미디어,70
https://www.lg.com/in/about-lg/press-and-media/lg-celebrates-21-years-in-india/,India,프레스앤미디어,70
https://www.lg.com/in/about-lg/press-and-media/lg-delivers-both-innovation-and-intelligence-in-its-new-television-range/,India,프레스앤미디어,70
https://www.lg.com/in/about-lg/press-and-media/lg-delivers-both-innovation-and-intelligence-in-new-television-range-images/,India,프레스앤미디어,70
https://www.lg.com/in/about-lg/press-and-media/lg-delivers-both-innovation-and-intelligence-in-new-television-range-videos/,India,프레스앤미디어,70
https://www.lg.com/in/about-lg/press-and-media/lg-electronics-associates-with-indian-cancer-society-to-support-people-with-cancer-screening/,India,프레스앤미디어,78
https://www.lg.com/in/about-lg/press-and-media/lg-electronics-brings-cinema-to-indian-homes-with-new-cinebeam-projector-and-ultrafine-display-oled-pro/,India,프레스앤미디어,78
https://www.lg.com/in/about-lg/press-and-media/lg-electronics-brings-early-festive-cheer/,India,프레스앤미디어,78
https://www.lg.com/in/about-lg/press-and-media/lg-electronics-debuts-worlds-largest-oled-display/,India,프레스앤미디어,70
https://www.lg.com/in/about-lg/press-and-media/lg-electronics-demonstrates-the-evolution-of-the-ai-home-ecosystem/,India,프레스앤미디어,81
https://www.lg.com/in/about-lg/press-and-media/lg-electronics-develops-lg-oxy-zone/,India,프레스앤미디어,70
https://www.lg.com/in/about-lg/press-and-media/lg-electronics-earns-ces-2018/,India,프레스앤미디어,70
https://www.lg.com/in/about-lg/press-and-media/lg-electronics-elevates-audio-experience-with-xboom-series-and-tone-free-launch/,India,프레스앤미디어,78
https://www.lg.com/in/about-lg/press-and-media/lg-electronics-felicitated-as-the-best-washing-machine-brand-at-ndtv-gadgets-360-awards/,India,프레스앤미디어,78
https://www.lg.com/in/about-lg/press-and-media/lg-electronics-india-celebrates-republic-day-hyd/,India,프레스앤미디어,78
https://www.lg.com/in/about-lg/press-and-media/lg-electronics-india-expands-premium-refrigerator-portfolio-with-new-french-door-refrigerator-range/,India,프레스앤미디어,78
https://www.lg.com/in/about-lg/press-and-media/lg-electronics-india-extends-support-towards-covid-19-crisis/,India,프레스앤미디어,78
https://www.lg.com/in/about-lg/press-and-media/lg-electronics-india-felicitates-lg-eco-agents-of-change-winners-in-kolkata/,India,프레스앤미디어,70
https://www.lg.com/in/about-lg/press-and-media/lg-electronics-india-launches-new-ad-campaigns/,India,프레스앤미디어,70
https://www.lg.com/in/about-lg/press-and-media/lg-electronics-india-lights-up-lives-with-the-karein-roshni-initiative/,India,프레스앤미디어,70
https://www.lg.com/in/about-lg/press-and-media/lg-electronics-india-limited-leads-the-industry-among-the-first-to-launch-2026-bee-star-rated-air-conditioners-in-india/,India,프레스앤미디어,78
https://www.lg.com/in/about-lg/press-and-media/lg-electronics-india-marks-ipo-milestone-with-thank-you-india-nationwide-consumer-initiative/,India,프레스앤미디어,78
https://www.lg.com/in/about-lg/press-and-media/lg-electronics-india-partners-with-skyesports-to-revolutionize-gaming-in-india/,India,프레스앤미디어,78
https://www.lg.com/in/about-lg/press-and-media/lg-electronics-india-starts-local-manufacturing-of-dual-inverter-air-conditioner-compressors/,India,프레스앤미디어,78
https://www.lg.com/in/about-lg/press-and-media/lg-electronics-india-starts-local-manufacturing-of-premium-side-by-side-refrigerators/,India,프레스앤미디어,78
https://www.lg.com/in/about-lg/press-and-media/lg-electronics-india-unveils-the-next-generation-ai-powered-oledevo-and-qnedevo-tv-line-up-for-2025/,India,프레스앤미디어,78
https://www.lg.com/in/about-lg/press-and-media/lg-electronics-introduces-a-new-lineup-of-home-appliances-for-indian-consumers-in-2022/,India,프레스앤미디어,78
https://www.lg.com/in/about-lg/press-and-media/lg-electronics-introduces-ganesh-chaturthi-special-limited-edition-tonefree-earbuds/,India,프레스앤미디어,78
https://www.lg.com/in/about-lg/press-and-media/lg-electronics-introduces-new-range-of-microwave-ovens-this-festive-season/,India,프레스앤미디어,78
https://www.lg.com/in/about-lg/press-and-media/lg-electronics-launched-month-long-breakthelabel-campaign-to-celebrate-women-breaking-stereotypes/,India,프레스앤미디어,78
https://www.lg.com/in/about-lg/press-and-media/lg-electronics-launches-2022-range-of-ai-dual-inverter-air-conditioners/,India,프레스앤미디어,78
https://www.lg.com/in/about-lg/press-and-media/lg-electronics-launches-lg-magnit/,India,프레스앤미디어,78
https://www.lg.com/in/about-lg/press-and-media/lg-electronics-launches-myview-smart-monitors/,India,프레스앤미디어,78
https://www.lg.com/in/about-lg/press-and-media/lg-electronics-launches-new-campaign-wehearyou/,India,프레스앤미디어,78
https://www.lg.com/in/about-lg/press-and-media/lg-electronics-launches-the-4k-oled-television-in-india/,India,프레스앤미디어,70
https://www.lg.com/in/about-lg/press-and-media/lg-electronics-named-as-the-most-attractive-brand-in-india/,India,프레스앤미디어,70
https://www.lg.com/in/about-lg/press-and-media/lg-electronics-named-as-the-most-trusted-brand-in-india/,India,프레스앤미디어,70
https://www.lg.com/in/about-lg/press-and-media/lg-electronics-offers-health-insurance-for-covid-and-other-vector-borne-diseases-on-its-home-appliance-products/,India,프레스앤미디어,78
https://www.lg.com/in/about-lg/press-and-media/lg-electronics-organize-blood-donation-drive-across-the-country/,India,프레스앤미디어,70
https://www.lg.com/in/about-lg/press-and-media/lg-electronics-to-donate-25-crore-worth-products-towards-relief-work-in-kerala/,India,프레스앤미디어,70
https://www.lg.com/in/about-lg/press-and-media/lg-electronics-under-its-csr-initiative-karein-roshni-will-support-8700-cataract-surgeries/,India,프레스앤미디어,81
https://www.lg.com/in/about-lg/press-and-media/lg-electronics-unveils-a-new-model-of-instaview-french-door-refrigerator/,India,프레스앤미디어,81
https://www.lg.com/in/about-lg/press-and-media/lg-electronics-unveils-lg-objet-collection-with-moodup-refrigerator/,India,프레스앤미디어,78
https://www.lg.com/in/about-lg/press-and-media/lg-electronics-urges-everyone-to-follow-covid-19-norms-through-its-new-digital-video-campaign/,India,프레스앤미디어,78
https://www.lg.com/in/about-lg/press-and-media/lg-emerged-as-the-most-trusted-brand-across-categories-in-tra-survey-2022/,India,프레스앤미디어,78
https://www.lg.com/in/about-lg/press-and-media/lg-expands-display-signage-with-flexible-63-curved-oled-panels/,India,프레스앤미디어,70
https://www.lg.com/in/about-lg/press-and-media/lg-expands-popular-music-flow-lineup-with-new-wireless-sound-bars-and-x-boom-audio-systems/,India,프레스앤미디어,70
https://www.lg.com/in/about-lg/press-and-media/lg-g4-receives-globally-recognized-security-certification/,India,프레스앤미디어,70
https://www.lg.com/in/about-lg/press-and-media/lg-india-boosts-morale-of-indian-baseball-team/,India,프레스앤미디어,70
https://www.lg.com/in/about-lg/press-and-media/lg-india-expands-blood-donation-initiative-across-india/,India,프레스앤미디어,78
https://www.lg.com/in/about-lg/press-and-media/lg-india-launches-lifes-good-nutrition-program-to-nourish-young-minds-nationwide/,India,프레스앤미디어,78
https://www.lg.com/in/about-lg/press-and-media/lg-india-marks-26-glorious-years-with-exclusive-republic-day-off/,India,프레스앤미디어,78
https://www.lg.com/in/about-lg/press-and-media/lg-indias-free-service-camp-offers-relief-to-flood-hit-customers-in-chennai/,India,프레스앤미디어,70
https://www.lg.com/in/about-lg/press-and-media/lg-introduces-a-new-solution-for-laundry-with-the-lg-dual-inverter-heat-pump-dryer/,India,프레스앤미디어,78
https://www.lg.com/in/about-lg/press-and-media/lg-introduces-game-shifting-technology-with-2022-oled-tv-lineup-in-india-hindi-1/,India,프레스앤미디어,78
https://www.lg.com/in/about-lg/press-and-media/lg-introduces-game-shifting-technology-with-2022-oled-tv-lineup-in-india/,India,프레스앤미디어,74
https://www.lg.com/in/about-lg/press-and-media/lg-introduces-new-products-under-its-health-and-hygiene-portfolio-ahead-of-festive-season/,India,프레스앤미디어,78
https://www.lg.com/in/about-lg/press-and-media/lg-introduces-next-generation-of-laundry-with-new-ai-powered-washer/,India,프레스앤미디어,78
https://www.lg.com/in/about-lg/press-and-media/lg-introduces-uf-uv-water-purifier-on-world-water-day-ensuring-zero-water-wastage/,India,프레스앤미디어,78
https://www.lg.com/in/about-lg/press-and-media/lg-introduces-volte-vowifi-enabled-4g-handsets/,India,프레스앤미디어,70
https://www.lg.com/in/about-lg/press-and-media/lg-is-the-most-desired-tv-brand-in-india-in-2021/,India,프레스앤미디어,78
https://www.lg.com/in/about-lg/press-and-media/lg-joins-hands-with-hotstar-to-provide-an-unmatched-tv-viewing-experience/,India,프레스앤미디어,70
https://www.lg.com/in/about-lg/press-and-media/lg-k42-military-grade-durability-mil-std-810g-certification-redefine-durability-standard-smartphones/,India,프레스앤미디어,78
https://www.lg.com/in/about-lg/press-and-media/lg-karsalaam-initiative/,India,프레스앤미디어,70
https://www.lg.com/in/about-lg/press-and-media/lg-launches-2022-range-of-lg-gram-laptops/,India,프레스앤미디어,78
https://www.lg.com/in/about-lg/press-and-media/lg-launches-25-ai-tv-models/,India,프레스앤미디어,70
https://www.lg.com/in/about-lg/press-and-media/lg-launches-dual-inverter-acs-with-new-star-ratings/,India,프레스앤미디어,74
https://www.lg.com/in/about-lg/press-and-media/lg-launches-freedom-is-good-campaign-on-independence-day-12-aug/,India,프레스앤미디어,70
https://www.lg.com/in/about-lg/press-and-media/lg-launches-g7-smartphone-with-thinq-in-india/,India,프레스앤미디어,70
https://www.lg.com/in/about-lg/press-and-media/lg-launches-its-new-super-convertible-6-in-1-al-air-conditioners-range/,India,프레스앤미디어,78
https://www.lg.com/in/about-lg/press-and-media/lg-launches-khushiyon-ka-carnival-campaign-for-the-upcoming-festive-season-of-diwali/,India,프레스앤미디어,78
https://www.lg.com/in/about-lg/press-and-media/lg-launches-khwahishon-se-khushiyon-tak-season-2-lucky-draw-with-prizes-worth-5-crores/,India,프레스앤미디어,78
https://www.lg.com/in/support/,India,지원/Support,78
https://www.lg.com/in/support/additional-support/,India,지원/Support,78
https://www.lg.com/in/support/announcement/,India,지원/Support,74
https://www.lg.com/in/support/announcement/INNTC150922106760/,India,지원/Support,74
https://www.lg.com/in/support/announcement/INNTC161129121280/,India,지원/Support,74
https://www.lg.com/in/support/announcement/INNTC180608123622/,India,지원/Support,74
https://www.lg.com/in/support/announcement/INNTC20200929150631/,India,지원/Support,74
https://www.lg.com/in/support/announcement/INNTC20210616151330/,India,지원/Support,74
https://www.lg.com/in/support/announcement/INNTC20220608152517/,India,지원/Support,74
https://www.lg.com/in/support/announcement/INNTC20220617152681/,India,지원/Support,74
https://www.lg.com/in/support/announcement/INNTC20220906152991/,India,지원/Support,74
https://www.lg.com/in/support/announcement/INNTC20230310153482/,India,지원/Support,74
https://www.lg.com/in/support/announcement/INNTC20230503153710/,India,지원/Support,74
https://www.lg.com/in/support/announcement/INNTC20230503153712/,India,지원/Support,74
https://www.lg.com/in/support/announcement/INNTC20230831154149/,India,지원/Support,74
https://www.lg.com/in/support/announcement/INNTC20231108154380/,India,지원/Support,74
https://www.lg.com/in/support/announcement/INNTC20240315001/,India,지원/Support,74
https://www.lg.com/in/support/announcement/INNTC20240528001/,India,지원/Support,74
https://www.lg.com/in/support/announcement/INNTC20240528002/,India,지원/Support,74
https://www.lg.com/in/support/announcement/INNTC20241107004/,India,지원/Support,74
https://www.lg.com/in/support/announcement/INNTC20250311001/,India,지원/Support,74
https://www.lg.com/in/support/announcement/INNTC20260324001/,India,지원/Support,74
https://www.lg.com/in/support/announcement/final-mc-service-termination-notice/,India,지원/Support,74
https://www.lg.com/in/support/announcement/notice-of-spotify-service-termination/,India,지원/Support,70
https://www.lg.com/in/support/announcement/notice-of-termination-of-the-services-of-gracenote-music-id-video-id-eyeq-epg-for-blu-ray-player-blu-ray-home-theater-system-will-no-longer-be-available/,India,지원/Support,74
https://www.lg.com/in/support/announcement/updates-to-lg-electronics-service-privacy-policy-25092025/,India,지원/Support,74
https://www.lg.com/in/support/business-warranty-terms/,India,지원/Support,81
https://www.lg.com/in/support/contact-us/,India,지원/Support,81
https://www.lg.com/in/support/contact-us/business-contact-information/,India,지원/Support,78
https://www.lg.com/in/support/contact-us/call-appointment/,India,지원/Support,78
https://www.lg.com/in/support/contact-us/call-appointment/request-complete/,India,지원/Support,74
https://www.lg.com/in/support/contact-us/call-appointment/request-failed/,India,지원/Support,70
https://www.lg.com/in/support/contact-us/contact/,India,지원/Support,59
https://www.lg.com/in/support/contact-us/email-to-ceo/,India,지원/Support,74
https://www.lg.com/in/support/contact-us/email-to-ceo/failure/,India,지원/Support,70
https://www.lg.com/in/support/contact-us/email-to-ceo/success/,India,지원/Support,70
https://www.lg.com/in/support/contact-us/email-to-customer-service-head/,India,지원/Support,78
https://www.lg.com/in/support/contact-us/email-to-customer-service-head/failure/,India,지원/Support,70
https://www.lg.com/in/support/contact-us/email-to-customer-service-head/success/,India,지원/Support,70
https://www.lg.com/in/support/contact-us/email/,India,지원/Support,74
https://www.lg.com/in/support/contact-us/email/failure/,India,지원/Support,70
https://www.lg.com/in/support/contact-us/email/success/,India,지원/Support,70
https://www.lg.com/in/support/contact-us/inquiry-status/,India,지원/Support,74
https://www.lg.com/in/support/contact-us/inquiry-status/call-inquiry-result/,India,지원/Support,78
https://www.lg.com/in/support/contact-us/inquiry-status/failure/,India,지원/Support,70
https://www.lg.com/in/support/contact-us/inquiry-status/inquiry-result/,India,지원/Support,78
https://www.lg.com/in/support/contact-us/locate-repair-center/,India,지원/Support,78
https://www.lg.com/in/support/contact-us/video-consulting-reservation/,India,지원/Support,78
https://www.lg.com/in/support/contact-us/video-consulting-reservation/failure/,India,지원/Support,78
https://www.lg.com/in/support/contact-us/video-consulting-reservation/success/,India,지원/Support,78
https://www.lg.com/in/support/contact-us/web-survey/,India,지원/Support,78
https://www.lg.com/in/support/contact-us/web-survey/failure/,India,지원/Support,70
https://www.lg.com/in/support/contact-us/web-survey/success/,India,지원/Support,70
https://www.lg.com/in/support/d-soil/,India,지원/Support,67
https://www.lg.com/in/support/energy-consumption-calculator/,India,지원/Support,78
https://www.lg.com/in/support/error-pages/down-time-check/,India,지원/Support,67
https://www.lg.com/in/support/glossary/,India,지원/Support,81
https://www.lg.com/in/support/lg-premium-care/,India,지원/Support,85
https://www.lg.com/in/support/lg-thinq/,India,지원/Support,70
https://www.lg.com/in/support/lg-thinq/app/,India,지원/Support,70
https://www.lg.com/in/support/offering/,India,지원/Support,70
https://www.lg.com/in/support/order-support/,India,지원/Support,78
https://www.lg.com/in/support/order-support/frequently-asked-questions-1/,India,지원/Support,81
https://www.lg.com/in/support/order-support/frequently-asked-questions/,India,지원/Support,81
https://www.lg.com/in/support/order-support/track-my-order/,India,지원/Support,78
https://www.lg.com/in/support/parts-accessories/,India,지원/Support,78
https://www.lg.com/in/support/parts-accessories2/,India,지원/Support,63
https://www.lg.com/in/support/premium-care/,India,지원/Support,85
https://www.lg.com/in/support/product-support/,India,지원/Support,74
https://www.lg.com/in/support/product-support/cs-100MRGB96BL.ATRG/,India,지원/Support,74
https://www.lg.com/in/support/product-support/cs-100QNED86A6.ATRG/,India,지원/Support,74
https://www.lg.com/in/support/product-support/cs-100QNED86BL.ATRG/,India,지원/Support,74
https://www.lg.com/in/support/product-support/cs-105BM5P-B.ATRQ/,India,지원/Support,74
https://www.lg.com/in/support/product-support/cs-105TR5WP-I.ATRQ/,India,지원/Support,74
https://www.lg.com/in/support/product-support/cs-10HQ701G-BP.ATI/,India,지원/Support,74
https://www.lg.com/in/support/product-support/cs-10HQ701G-BP.ATR/,India,지원/Support,74
https://www.lg.com/in/support/product-support/cs-10SM3TB-B.AEU/,India,지원/Support,74
https://www.lg.com/in/support/product-support/cs-10SM3TB-B.ATR/,India,지원/Support,74
https://www.lg.com/in/support/product-support/cs-110UM5J-B.ATRQ/,India,지원/Support,74
https://www.lg.com/in/support/product-support/cs-110UM5K-B.ATRQ/,India,지원/Support,74
https://www.lg.com/in/support/product-support/cs-14HQ701G-BP.ATR/,India,지원/Support,74
https://www.lg.com/in/support/product-support/cs-14HQ901G-BP.ATR/,India,지원/Support,74
https://www.lg.com/in/support/product-support/cs-14HQ901G-BP.AWF/,India,지원/Support,74
https://www.lg.com/in/support/product-support/cs-14T990-G.AA70K/,India,지원/Support,74
https://www.lg.com/in/support/product-support/cs-14U530-M.AFLGL/,India,지원/Support,74
https://www.lg.com/in/support/product-support/cs-14Z90N-C.APLGA2/,India,지원/Support,74
https://www.lg.com/in/support/product-support/cs-14Z90N-SVC.A001/,India,지원/Support,74
https://www.lg.com/in/support/product-support/cs-14Z90N-V.AR52A2/,India,지원/Support,74
https://www.lg.com/in/support/product-support/cs-14Z90P-C.APLGA2/,India,지원/Support,74
https://www.lg.com/in/support/product-support/cs-14Z90P-G.AH75A2/,India,지원/Support,74
https://www.lg.com/in/support/product-support/cs-14Z90P-G.AH85A2/,India,지원/Support,74
https://www.lg.com/in/support/product-support/cs-14Z90P-G.AJ51A2/,India,지원/Support,74
https://www.lg.com/in/support/product-support/cs-14Z90P-G.AJ53A2/,India,지원/Support,74
https://www.lg.com/in/support/product-support/cs-14Z90P-G.AJ55A2/,India,지원/Support,74
https://www.lg.com/in/support/product-support/cs-14Z90P-G.AJ61A2/,India,지원/Support,74
https://www.lg.com/in/support/product-support/cs-14Z90P-G.AJ63A2/,India,지원/Support,74
https://www.lg.com/in/support/product-support/cs-14Z90P-G.AJ65A2/,India,지원/Support,74
https://www.lg.com/in/support/product-support/cs-14Z90P-G.AP53A2/,India,지원/Support,74
https://www.lg.com/in/support/product-support/cs-14Z90P-G.AP65A2/,India,지원/Support,74
https://www.lg.com/in/support/product-support/cs-14Z90P-K.AA53A8/,India,지원/Support,74
https://www.lg.com/in/support/product-support/troubleshoot/,India,지원 - 트러블슈팅,68
https://www.lg.com/in/support/product-support/troubleshoot/help-library/,India,지원 - 트러블슈팅,71
https://www.lg.com/in/support/product-support/troubleshoot/help-library/cs-CT00025179-20150117260489/,India,지원 - 트러블슈팅,71
https://www.lg.com/in/support/product-support/troubleshoot/help-library/cs-CT00025179-20151536751222/,India,지원 - 트러블슈팅,71
https://www.lg.com/in/support/product-support/troubleshoot/help-library/cs-CT00025179-20151536754540/,India,지원 - 트러블슈팅,71
https://www.lg.com/in/support/product-support/troubleshoot/help-library/cs-CT40018301-20150117260489/,India,지원 - 트러블슈팅,71
https://www.lg.com/in/support/product-support/troubleshoot/help-library/cs-CT40018301-20151536751222/,India,지원 - 트러블슈팅,71
https://www.lg.com/in/support/product-support/troubleshoot/help-library/cs-CT40018301-20151536754540/,India,지원 - 트러블슈팅,71
https://www.lg.com/in/support/product-support/troubleshoot/help-library/cs-CT40018301-20153183528021/,India,지원 - 트러블슈팅,71
https://www.lg.com/in/support/product-support/troubleshoot/help-library/cs-CT40018301-20153183542061/,India,지원 - 트러블슈팅,71
https://www.lg.com/in/support/product-support/troubleshoot/help-library/cs-CT40018301-20153185261152/,India,지원 - 트러블슈팅,71
https://www.lg.com/in/support/product-support/troubleshoot/help-library/cs-CT40018301-20153185269519/,India,지원 - 트러블슈팅,71
https://www.lg.com/in/support/product-support/troubleshoot/help-library/cs-CT40018301-20153185276952/,India,지원 - 트러블슈팅,71
https://www.lg.com/in/support/product-support/troubleshoot/help-library/cs-CT40018301-20153186572289/,India,지원 - 트러블슈팅,71
https://www.lg.com/in/support/product-support/troubleshoot/help-library/cs-CT40018301-20153186663434/,India,지원 - 트러블슈팅,71
https://www.lg.com/in/support/product-support/troubleshoot/help-library/cs-CT40018301-20153186700733/,India,지원 - 트러블슈팅,71
https://www.lg.com/in/support/product-support/troubleshoot/help-library/cs-CT40018301-20153187900122/,India,지원 - 트러블슈팅,71
https://www.lg.com/in/support/product-support/troubleshoot/help-library/cs-CT40018301-20153188264630/,India,지원 - 트러블슈팅,71
https://www.lg.com/in/support/product-support/troubleshoot/help-library/cs-CT40018301-20153192700829/,India,지원 - 트러블슈팅,71
https://www.lg.com/in/support/product-support/troubleshoot/help-library/cs-CT40018301-20153229225223/,India,지원 - 트러블슈팅,71
https://www.lg.com/in/support/product-support/troubleshoot/help-library/cs-CT40018301-20153229290146/,India,지원 - 트러블슈팅,71
https://www.lg.com/in/support/product-support/troubleshoot/help-library/cs-CT40018301-20153231442371/,India,지원 - 트러블슈팅,71
https://www.lg.com/in/support/product-support/troubleshoot/help-library/cs-CT40018301-20153233570017/,India,지원 - 트러블슈팅,71
https://www.lg.com/in/support/product-support/troubleshoot/help-library/cs-CT40018301-20153233576469/,India,지원 - 트러블슈팅,71
https://www.lg.com/in/support/product-support/troubleshoot/help-library/cs-CT40018301-20153240666515/,India,지원 - 트러블슈팅,71
https://www.lg.com/in/support/product-support/troubleshoot/help-library/cs-CT40018301-20153240804599/,India,지원 - 트러블슈팅,71
https://www.lg.com/in/support/product-support/troubleshoot/help-library/cs-CT40018301-20153242577823/,India,지원 - 트러블슈팅,71
https://www.lg.com/in/support/product-support/troubleshoot/help-library/cs-CT40018301-20153244622368/,India,지원 - 트러블슈팅,71
https://www.lg.com/in/support/product-support/troubleshoot/help-library/cs-CT40018301-20153247371670/,India,지원 - 트러블슈팅,71
https://www.lg.com/in/support/product-support/troubleshoot/help-library/cs-CT52006584-1429188161269/,India,지원 - 트러블슈팅,71
https://www.lg.com/in/support/product-support/troubleshoot/help-library/cs-CT52006584-1436490922734/,India,지원 - 트러블슈팅,71
https://www.lg.com/in/support/product-support/troubleshoot/help-library/cs-CT52006584-1436490922734OLT/,India,지원 - 트러블슈팅,71
https://www.lg.com/in/support/product-support/troubleshoot/help-library/cs-CT52006584-1437135715125/,India,지원 - 트러블슈팅,71
https://www.lg.com/in/support/product-support/troubleshoot/help-library/cs-CT52006584-1437135715125LST/,India,지원 - 트러블슈팅,71
https://www.lg.com/in/support/product-support/troubleshoot/help-library/cs-CT52006584-1437135715125OLT/,India,지원 - 트러블슈팅,71
https://www.lg.com/in/support/product-support/troubleshoot/help-library/cs-CT52006584-20150117260489/,India,지원 - 트러블슈팅,71
https://www.lg.com/in/support/product-support/troubleshoot/help-library/cs-CT52006584-20150206755800/,India,지원 - 트러블슈팅,71
https://www.lg.com/in/support/product-support/troubleshoot/help-library/cs-CT52006584-20150256984097/,India,지원 - 트러블슈팅,71
https://www.lg.com/in/support/product-support/troubleshoot/help-library/cs-CT52006584-20150256984097LST/,India,지원 - 트러블슈팅,71
https://www.lg.com/in/support/product-support/troubleshoot/help-library/cs-CT52006584-20150256984097OLT/,India,지원 - 트러블슈팅,71
https://www.lg.com/in/support/product-support/troubleshoot/help-library/cs-CT52006584-20150332165847/,India,지원 - 트러블슈팅,71
https://www.lg.com/in/support/product-support/troubleshoot/help-library/cs-CT52006584-20150365991610/,India,지원 - 트러블슈팅,71
https://www.lg.com/in/support/product-support/troubleshoot/help-library/cs-CT52006584-20150445856134/,India,지원 - 트러블슈팅,71
https://www.lg.com/in/support/product-support/troubleshoot/help-library/cs-CT52006584-20150504378708/,India,지원 - 트러블슈팅,71
https://www.lg.com/in/support/product-support/troubleshoot/help-library/cs-CT52006584-20150507117357/,India,지원 - 트러블슈팅,71
https://www.lg.com/in/support/product-support/troubleshoot/help-library/cs-CT52006584-20150761428134/,India,지원 - 트러블슈팅,71
https://www.lg.com/in/support/product-support/troubleshoot/help-library/cs-CT52006584-20151358153371/,India,지원 - 트러블슈팅,71
https://www.lg.com/in/support/product-support/troubleshoot/help-library/cs-CT52006584-20151488182345OLT/,India,지원 - 트러블슈팅,71
https://www.lg.com/in/support/product-support/troubleshoot/help-library/cs-CT52006584-20151536751222/,India,지원 - 트러블슈팅,71
https://www.lg.com/in/support/product-support/troubleshoot/help-library/cs-CT52006584-20151536754540/,India,지원 - 트러블슈팅,71
https://www.lg.com/in/support/product-support/troubleshoot/help-library/cs-CT52006584-20151552022904/,India,지원 - 트러블슈팅,71
https://www.lg.com/in/support/product-support/troubleshoot/help-library/cs-CT52006584-20151580941476/,India,지원 - 트러블슈팅,71
https://www.lg.com/in/support/product-support/troubleshoot/help-library/cs-CT52006584-20151580941476LST/,India,지원 - 트러블슈팅,71
https://www.lg.com/in/support/product-support/troubleshoot/help-library/cs-CT52006584-20151580941476OLT/,India,지원 - 트러블슈팅,71
https://www.lg.com/in/support/product-support/troubleshoot/help-library/cs-CT52006584-20151581318764/,India,지원 - 트러블슈팅,71
https://www.lg.com/in/support/product-support/troubleshoot/help-library/cs-CT52006584-20151581318764LST/,India,지원 - 트러블슈팅,71
https://www.lg.com/in/support/product-support/troubleshoot/help-library/cs-CT52006584-20151581318764OLT/,India,지원 - 트러블슈팅,71
https://www.lg.com/in/support/product-support/troubleshoot/help-library/cs-CT52006584-20151581328876/,India,지원 - 트러블슈팅,71
https://www.lg.com/in/support/product-support/troubleshoot/help-library/cs-CT52006584-20151597473647LST/,India,지원 - 트러블슈팅,71
https://www.lg.com/in/support/product-support/troubleshoot/help-library/cs-CT52006584-20151617379828/,India,지원 - 트러블슈팅,71
https://www.lg.com/in/support/product-support/troubleshoot/help-library/cs-CT52006584-20151747657620/,India,지원 - 트러블슈팅,71
https://www.lg.com/in/support/product-support/troubleshoot/help-library/cs-CT52006584-20151747670052LST/,India,지원 - 트러블슈팅,71
https://www.lg.com/in/support/product-support/troubleshoot/help-library/cs-CT52006584-20151747679434/,India,지원 - 트러블슈팅,71
https://www.lg.com/in/support/product-support/troubleshoot/help-library/cs-CT52006584-20151747679434LST/,India,지원 - 트러블슈팅,71
https://www.lg.com/in/support/product-support/troubleshoot/help-library/cs-CT52006584-20151747683321/,India,지원 - 트러블슈팅,71
https://www.lg.com/in/support/product-support/troubleshoot/help-library/cs-CT52006584-20151747683321LST/,India,지원 - 트러블슈팅,71
https://www.lg.com/in/support/product-support/troubleshoot/help-library/cs-CT52006584-20151747698636LST/,India,지원 - 트러블슈팅,71
https://www.lg.com/in/support/product-support/troubleshoot/help-library/cs-CT52006584-20151802879208/,India,지원 - 트러블슈팅,71
https://www.lg.com/in/support/product-support/troubleshoot/help-library/cs-CT52006584-20151802879208LST/,India,지원 - 트러블슈팅,71
https://www.lg.com/in/support/product-support/troubleshoot/help-library/cs-CT52006584-20151802879208OLT/,India,지원 - 트러블슈팅,71
https://www.lg.com/in/support/product-support/troubleshoot/help-library/cs-CT52006584-20152213761684/,India,지원 - 트러블슈팅,71
https://www.lg.com/in/support/product-support/troubleshoot/help-library/cs-CT52006584-20152213761684LST/,India,지원 - 트러블슈팅,71
https://www.lg.com/in/support/product-support/troubleshoot/help-library/cs-CT52006584-20152213761684OLT/,India,지원 - 트러블슈팅,71
https://www.lg.com/in/support/product-support/troubleshoot/help-library/cs-CT52006584-20152238664578/,India,지원 - 트러블슈팅,71
https://www.lg.com/in/support/product-support/troubleshoot/help-library/cs-CT52006584-20152276122373/,India,지원 - 트러블슈팅,71
https://www.lg.com/in/support/product-support/troubleshoot/help-library/cs-CT52006584-20152276122373LST/,India,지원 - 트러블슈팅,71
https://www.lg.com/in/support/product-support/troubleshoot/help-library/cs-CT52006584-20152276122373OLT/,India,지원 - 트러블슈팅,71
https://www.lg.com/in/support/product-support/troubleshoot/help-library/cs-CT52006584-20152276124130/,India,지원 - 트러블슈팅,71
https://www.lg.com/in/support/product-support/troubleshoot/help-library/cs-CT52006584-20152276124130LST/,India,지원 - 트러블슈팅,71
https://www.lg.com/in/support/product-support/troubleshoot/help-library/cs-CT52006584-20152276124130OLT/,India,지원 - 트러블슈팅,71
https://www.lg.com/in/support/product-support/troubleshoot/help-library/cs-CT52006584-20152437293120/,India,지원 - 트러블슈팅,71
https://www.lg.com/in/support/product-support/troubleshoot/help-library/cs-CT52006584-20152437293120LST/,India,지원 - 트러블슈팅,71
https://www.lg.com/in/support/product-support/troubleshoot/help-library/cs-CT52006584-20152437293120OLT/,India,지원 - 트러블슈팅,71
https://www.lg.com/in/support/product-support/troubleshoot/help-library/cs-CT52006584-20152439794483/,India,지원 - 트러블슈팅,71
https://www.lg.com/in/support/product-support/troubleshoot/help-library/cs-CT52006584-20152439811613/,India,지원 - 트러블슈팅,71
https://www.lg.com/in/support/product-support/troubleshoot/help-library/cs-CT52006584-20152439821165/,India,지원 - 트러블슈팅,71
https://www.lg.com/in/support/product-support/troubleshoot/help-library/cs-CT52006584-20152439829532/,India,지원 - 트러블슈팅,71
https://www.lg.com/in/support/product-support/troubleshoot/help-library/cs-CT52006584-20152439835555/,India,지원 - 트러블슈팅,71
https://www.lg.com/in/support/product-support/troubleshoot/help-library/cs-CT52006584-20152439837977/,India,지원 - 트러블슈팅,71
https://www.lg.com/in/support/product-support/troubleshoot/help-library/cs-CT52006584-20152439840199/,India,지원 - 트러블슈팅,71
https://www.lg.com/in/support/product-support/troubleshoot/help-library/cs-CT52006584-20152439842714/,India,지원 - 트러블슈팅,71
https://www.lg.com/in/support/product-support/troubleshoot/help-library/cs-CT52006584-20152463250278/,India,지원 - 트러블슈팅,71
https://www.lg.com/in/support/product-support/troubleshoot/help-library/cs-CT52006584-20152463250278LST/,India,지원 - 트러블슈팅,71
https://www.lg.com/in/support/product-support/troubleshoot/help-library/cs-CT52006584-20152463250278OLT/,India,지원 - 트러블슈팅,71
https://www.lg.com/in/support/product-support/troubleshoot/help-library/cs-CT52006584-20152509375898/,India,지원 - 트러블슈팅,71
https://www.lg.com/in/support/product-support/troubleshoot/help-library/cs-CT52006584-20152528678499/,India,지원 - 트러블슈팅,71
https://www.lg.com/in/support/product-support/troubleshoot/help-library/cs-CT52006584-20152528678499LST/,India,지원 - 트러블슈팅,71
https://www.lg.com/in/support/product-support/troubleshoot/help-library/cs-CT52006584-20152528678499OLT/,India,지원 - 트러블슈팅,71
https://www.lg.com/in/support/product-support/troubleshoot/help-library/cs-CT52006584-20152625985204/,India,지원 - 트러블슈팅,71
https://www.lg.com/in/support/product-support/troubleshoot/help-library/cs-CT52006584-20152791109655/,India,지원 - 트러블슈팅,71
https://www.lg.com/mx/buying-guides/laundry-spec-library/,Mexico,구매 가이드,78
https://www.lg.com/mx/buying-guides/monitor-lineup-guide/,Mexico,구매 가이드,84
https://www.lg.com/mx/buying-guides/monitor-spec-library/,Mexico,구매 가이드,78
https://www.lg.com/mx/buying-guides/refrigerator-spec-library/,Mexico,구매 가이드,78
https://www.lg.com/mx/buying-guides/tv-lineup-guide/,Mexico,구매 가이드,84
https://www.lg.com/mx/buying-guides/tv-spec-library/,Mexico,구매 가이드,78
https://www.lg.com/mx/fridge-freezer-buying-guide/,Mexico,구매 가이드,68
https://www.lg.com/mx/home-appliances/buying-guide/,Mexico,구매 가이드,74
https://www.lg.com/mx/home-appliances/buying-guide/fridge-freezer/feature-performance/,Mexico,구매 가이드,81
https://www.lg.com/mx/home-appliances/buying-guide/fridge-freezer/size-volume/,Mexico,구매 가이드,84
https://www.lg.com/mx/home-appliances/buying-guide/fridge-freezer/type/,Mexico,구매 가이드,81
https://www.lg.com/mx/home-appliances/buying-guide/washing-machine/feature-performance/,Mexico,구매 가이드,81
https://www.lg.com/mx/home-appliances/buying-guide/washing-machine/size-capacity/,Mexico,구매 가이드,84
https://www.lg.com/mx/home-appliances/buying-guide/washing-machine/type/,Mexico,구매 가이드,81
https://www.lg.com/mx/oled-tv/2021/oled-buying-guide/,Mexico,구매 가이드,71
https://www.lg.com/mx/tv-soundbars/tv-buying-guide/,Mexico,구매 가이드,71
https://www.lg.com/mx/tv-soundbars/tv-buying-guide/buying-guide/,Mexico,구매 가이드,61
https://www.lg.com/mx/tv-soundbars/tv-buying-guide/gaming-tv/,Mexico,구매 가이드,69
https://www.lg.com/mx/tv-soundbars/tv-buying-guide/lifestyle/,Mexico,구매 가이드,69
https://www.lg.com/mx/tv-soundbars/tv-buying-guide/tv-design/,Mexico,구매 가이드,69
https://www.lg.com/mx/tv-soundbars/tv-buying-guide/tv-size/,Mexico,구매 가이드,69
https://www.lg.com/mx/tv-soundbars/tv-buying-guide/tv-technology/oled-vs-qned/,Mexico,구매 가이드,69
https://www.lg.com/mx/tv-soundbars/tv-buying-guide/tv-technology/what-is-4k-tv/,Mexico,구매 가이드,72
https://www.lg.com/mx/tv-soundbars/tv-buying-guide/what-is-a-smart-tv-ai-tv/,Mexico,구매 가이드,71
https://www.lg.com/mx/discover/,Mexico,뉴스룸/Press,63
https://www.lg.com/mx/historias-con-lg/,Mexico,뉴스룸/Press,73
https://www.lg.com/mx/historias-con-lg/ano-nuevo-nuevo-yo-con-lg/,Mexico,뉴스룸/Press,73
https://www.lg.com/mx/historias-con-lg/black-friday-deseos-con-lg/,Mexico,뉴스룸/Press,77
https://www.lg.com/mx/historias-con-lg/calor-en-casa-con-lg/,Mexico,뉴스룸/Press,68
https://www.lg.com/mx/historias-con-lg/consejos-refrescantes-con-lg/,Mexico,뉴스룸/Press,71
https://www.lg.com/mx/historias-con-lg/consultor-a-espacial-con-lg/,Mexico,뉴스룸/Press,70
https://www.lg.com/mx/historias-con-lg/cuando-la-rutina-se-convierte-en-alegria-con-lg/,Mexico,뉴스룸/Press,70
https://www.lg.com/mx/historias-con-lg/dia-de-las-madres-con-lg/,Mexico,뉴스룸/Press,70
https://www.lg.com/mx/historias-con-lg/escapada-hanok-armoniosa-con-lg/,Mexico,뉴스룸/Press,71
https://www.lg.com/mx/historias-con-lg/gran-partido-de-futbol-en-casa-con-lg/,Mexico,뉴스룸/Press,77
https://www.lg.com/mx/historias-con-lg/historias-con-lg1/,Mexico,뉴스룸/Press,63
https://www.lg.com/mx/historias-con-lg/inspiracion-de-interior-con-lg/,Mexico,뉴스룸/Press,77
https://www.lg.com/mx/historias-con-lg/lavado-facil-en-vacaciones-con-lg/,Mexico,뉴스룸/Press,70
https://www.lg.com/mx/historias-con-lg/llevando-el-futbol-a-tu-vida-con-lg/,Mexico,뉴스룸/Press,77
https://www.lg.com/mx/historias-con-lg/mejor-santuario-gaming-con-lg/,Mexico,뉴스룸/Press,77
https://www.lg.com/mx/historias-con-lg/navidad-acogedora-con-lg/,Mexico,뉴스룸/Press,71
https://www.lg.com/mx/historias-con-lg/nuestro-mundo-perfecto-con-lg/,Mexico,뉴스룸/Press,70
https://www.lg.com/mx/historias-con-lg/oficina-en-casa-con-lg/,Mexico,뉴스룸/Press,77
https://www.lg.com/mx/historias-con-lg/pregunta-prueba-comprueba-con-lg/,Mexico,뉴스룸/Press,68
https://www.lg.com/mx/historias-con-lg/redescubre-el-partido-en-casa-con-lg/,Mexico,뉴스룸/Press,73
https://www.lg.com/mx/historias-con-lg/redescubre-lg-con-revisores-reales/,Mexico,뉴스룸/Press,70
https://www.lg.com/mx/historias-con-lg/regreso-a-clases-monitor-bocina-lg/,Mexico,뉴스룸/Press,73
https://www.lg.com/mx/historias-con-lg/reset-de-ano-nuevo-con-lg/,Mexico,뉴스룸/Press,70
https://www.lg.com/mx/historias-con-lg/reseteo-dominical-con-lg/,Mexico,뉴스룸/Press,80
https://www.lg.com/mx/historias-con-lg/trabajo-y-diversion-con-lg/,Mexico,뉴스룸/Press,68
https://www.lg.com/mx/historias-con-lg/vida-duradera-con-lg/,Mexico,뉴스룸/Press,68
https://www.lg.com/mx/historias-con-lg/vida-inteligente-con-lg/,Mexico,뉴스룸/Press,73
https://www.lg.com/mx/lifesgood/,Mexico,뉴스룸/Press,77
https://www.lg.com/mx/lifesgood/2023-campaign/,Mexico,뉴스룸/Press,65
https://www.lg.com/mx/lifesgood/ai-home/,Mexico,뉴스룸/Press,77
https://www.lg.com/mx/lifesgood/ai-mobility/,Mexico,뉴스룸/Press,77
https://www.lg.com/mx/lifesgood/ai-office/,Mexico,뉴스룸/Press,81
https://www.lg.com/mx/lifesgood/less-artificial-more-human/,Mexico,뉴스룸/Press,77
https://www.lg.com/mx/lifesgood/optimism-your-feed/,Mexico,뉴스룸/Press,70
https://www.lg.com/mx/lifesgood/optimism-your-feed/interview/,Mexico,뉴스룸/Press,77
https://www.lg.com/mx/lifesgood/product-story-instaview/,Mexico,뉴스룸/Press,68
https://www.lg.com/mx/lifesgood/product-story-oled-t/,Mexico,뉴스룸/Press,68
https://www.lg.com/mx/lifesgood/product-story-washtower/,Mexico,뉴스룸/Press,68
https://www.lg.com/mx/lifesgood/radio-optimism/,Mexico,뉴스룸/Press,73
https://www.lg.com/mx/lg-experience/,Mexico,LG Experience,77
https://www.lg.com/mx/lg-experience/helpful-hints/,Mexico,LG Experience,67
https://www.lg.com/mx/lg-experience/helpful-hints/best-energy-efficiency-refrigerator/,Mexico,LG Experience,80
https://www.lg.com/mx/lg-experience/helpful-hints/best-refrigerator/,Mexico,LG Experience,77
https://www.lg.com/mx/lg-experience/helpful-hints/cuanta-agua-y-energ-a-utiliza-un-lavavajillas/,Mexico,LG Experience,71
https://www.lg.com/mx/lg-experience/helpful-hints/how-to-adjust-the-temperature/,Mexico,LG Experience,80
https://www.lg.com/mx/lg-experience/helpful-hints/how-to-clean-a-microwave-without-harsh-chemicals/,Mexico,LG Experience,79
https://www.lg.com/mx/lg-experience/helpful-hints/how-to-clean-automatic-washing-machine/,Mexico,LG Experience,77
https://www.lg.com/mx/lg-experience/helpful-hints/how-to-clean-your-refrigerator/,Mexico,LG Experience,80
https://www.lg.com/mx/lg-experience/helpful-hints/integrated-dishwashers-vs-freestanding-dishwashers/,Mexico,LG Experience,73
https://www.lg.com/mx/lg-experience/helpful-hints/microwave-size-and-buying-guide/,Mexico,LG Experience,79
https://www.lg.com/mx/lg-experience/helpful-hints/mitos-y-verdades-sobre-las-lavadoras-de-carga-superior/,Mexico,LG Experience,77
https://www.lg.com/mx/lg-experience/helpful-hints/refrigerator-next-to-gas-stove/,Mexico,LG Experience,77
https://www.lg.com/mx/lg-experience/helpful-hints/types-of-refrigerators/,Mexico,LG Experience,77
https://www.lg.com/mx/lg-experience/helpful-hints/types-of-washing-machine/,Mexico,LG Experience,77
https://www.lg.com/mx/lg-experience/helpful-hints/washer-dryers-gas-or-electric/,Mexico,LG Experience,77
https://www.lg.com/mx/lg-experience/helpful-hints/washing-machine-measurement-and-sizes/,Mexico,LG Experience,80
https://www.lg.com/mx/lg-experience/helpful-hints/what-are-energy-efficient-washing-machines/,Mexico,LG Experience,77
https://www.lg.com/mx/lg-experience/helpful-hints/what-is-inverter-technology-and-what-advantages-does-it-offer/,Mexico,LG Experience,80
https://www.lg.com/mx/lg-experience/helpful-hints/what-is-smart-washing-and-benefit-with-ai/,Mexico,LG Experience,77
https://www.lg.com/mx/lg-experience/how-to-measure-and-read-tv-sizes/,Mexico,LG Experience,83
https://www.lg.com/mx/lg-experience/inspiracion/,Mexico,LG Experience,67
https://www.lg.com/mx/lg-experience/inspiracion/11-anos-oled-lg/,Mexico,LG Experience,77
https://www.lg.com/mx/lg-experience/lg-channels/,Mexico,LG Experience,67
https://www.lg.com/mx/lg-experience/lg-experience-2026-como-preparar-comidas-rapidas-y-saludables-pa/,Mexico,LG Experience,77
https://www.lg.com/mx/lg-experience/lg-lab/,Mexico,LG Experience,67
https://www.lg.com/mx/lg-experience/lg-lab/4k-ultra-hd-tv-buying-guide/,Mexico,LG Experience,77
https://www.lg.com/mx/lg-experience/lg-lab/las-mejores-bocinas-portatiles-para-fiestas/,Mexico,LG Experience,80
https://www.lg.com/mx/lg-experience/lg-lab/what-is-4k-television/,Mexico,LG Experience,77
https://www.lg.com/mx/lg-experience/lg-lab/what-is-a-smart-tv/,Mexico,LG Experience,80
https://www.lg.com/mx/lg-experience/lg-lab/why-lg-soundbars/,Mexico,LG Experience,77
https://www.lg.com/mx/lg-experience/lg-lab/wich-soundbar-is-right-for-you-lg/,Mexico,LG Experience,80
https://www.lg.com/mx/lg-experience/tech-hub/,Mexico,LG Experience,67
https://www.lg.com/mx/lg-experience/tech-hub/guia-usuario-webos/,Mexico,LG Experience,77
https://www.lg.com/mx/lg-thinq/magazine/how-to-make-sure-your-home-is-ready-for-summer/,Mexico,마이크로사이트/캠페인,73
https://www.lg.com/mx/microsite-article/hs/kitchen/article-contents/latam/best-refrigerator/,Mexico,마이크로사이트/캠페인,83
https://www.lg.com/mx/microsite-article/hs/kitchen/article-contents/latam/what-is-inverter-technology-and-what-advantages-does-it-offer/,Mexico,마이크로사이트/캠페인,80
https://www.lg.com/mx/tv-soundbars/why-lg-ai-tv/,Mexico,마이크로사이트/캠페인,73
https://www.lg.com/mx/tv-soundbars/why-lg-qned-evo-mini-led/,Mexico,마이크로사이트/캠페인,73
https://www.lg.com/mx/tv-soundbars/why-qned-evo/,Mexico,마이크로사이트/캠페인,74
https://www.lg.com/mx/tv-soundbars/why-true-wireless/,Mexico,마이크로사이트/캠페인,74
https://www.lg.com/mx/tvs-qned/2022/why-lg-qned/,Mexico,마이크로사이트/캠페인,68
https://www.lg.com/mx/accesorios-para-tv/aan75851207/,Mexico,제품 상세 (PDP),79
https://www.lg.com/mx/accesorios-para-tv/agf30028401/,Mexico,제품 상세 (PDP),78
https://www.lg.com/mx/accesorios-para-tv/agf80318301/,Mexico,제품 상세 (PDP),79
https://www.lg.com/mx/accesorios-para-tv/akb73896401/,Mexico,제품 상세 (PDP),78
https://www.lg.com/mx/accesorios-para-tv/akb74935621/,Mexico,제품 상세 (PDP),78
https://www.lg.com/mx/nanocell-tv/2021/a7-ai-processor/,Mexico,제품 상세 (PDP),69
https://www.lg.com/mx/nanocell-tv/2021/a9-ai-processor/,Mexico,제품 상세 (PDP),67
https://www.lg.com/mx/oled-tv/2021/a7-ai-processor/,Mexico,제품 상세 (PDP),69
https://www.lg.com/mx/oled-tv/2021/a9-ai-processor/,Mexico,제품 상세 (PDP),67
https://www.lg.com/mx/monitores/17mb15t/,Mexico,제품 상세 (PDP),78
https://www.lg.com/mx/monitores/20mk400h-b/,Mexico,제품 상세 (PDP),71
https://www.lg.com/mx/monitores/22mn42a/,Mexico,제품 상세 (PDP),78
https://www.lg.com/mx/monitores/22mp400-b/,Mexico,제품 상세 (PDP),78
https://www.lg.com/mx/monitores/combos-monitores/17brms3032-t90s/,Mexico,제품 상세 (PDP),74
https://www.lg.com/mx/monitores/combos-monitores/24u411-ms2032/,Mexico,제품 상세 (PDP),81
https://www.lg.com/mx/monitores/combos-monitores/24u411-ms20321/,Mexico,제품 상세 (PDP),81
https://www.lg.com/mx/monitores/combos-monitores/27u511s-buds/,Mexico,제품 상세 (PDP),76
https://www.lg.com/mx/monitores/combos-monitores/27us500-xo2tbe/,Mexico,제품 상세 (PDP),78
https://www.lg.com/mx/accesorios-audio-video/agf30028401/,Mexico,제품 상세 (PDP),78
https://www.lg.com/mx/accesorios-audio-video/akb73896401/,Mexico,제품 상세 (PDP),78
https://www.lg.com/mx/accesorios-audio-video/akb74115501/,Mexico,제품 상세 (PDP),78
https://www.lg.com/mx/accesorios-audio-video/akb74935621/,Mexico,제품 상세 (PDP),78
https://www.lg.com/mx/accesorios-audio-video/akb75055701/,Mexico,제품 상세 (PDP),78
https://www.lg.com/mx/accesorios-audio-video/akb75095315/,Mexico,제품 상세 (PDP),78
https://www.lg.com/mx/soundbars/qp5/,Mexico,제품 상세 (PDP),78
https://www.lg.com/mx/soundbars/rnc7ob-sk1d/,Mexico,제품 상세 (PDP),78
https://www.lg.com/mx/soundbars/rnc9-sp2/,Mexico,제품 상세 (PDP),78
https://www.lg.com/mx/refrigeradores/refrigeradores-bottom-freezer-congelador-abajo/gb22bgs/,Mexico,제품 상세 (PDP),81
https://www.lg.com/mx/refrigeradores/refrigeradores-bottom-freezer-congelador-abajo/gb32mpp/,Mexico,제품 상세 (PDP),78
https://www.lg.com/mx/refrigeradores/refrigeradores-bottom-freezer-congelador-abajo/gb32spp/,Mexico,제품 상세 (PDP),78
https://www.lg.com/mx/refrigeradores/refrigeradores-bottom-freezer-congelador-abajo/gb32svn/,Mexico,제품 상세 (PDP),78
https://www.lg.com/mx/refrigeradores/refrigeradores-bottom-freezer-congelador-abajo/gb35bvb/,Mexico,제품 상세 (PDP),81
https://www.lg.com/mx/refrigeradores/refrigeradores-bottom-freezer-congelador-abajo/gb37spp/,Mexico,제품 상세 (PDP),81
https://www.lg.com/mx/refrigeradores/refrigeradores-bottom-freezer-congelador-abajo/gb45spp/,Mexico,제품 상세 (PDP),81
https://www.lg.com/mx/refrigeradores/refrigeradores-bottom-freezer-congelador-abajo/gb45spt-sp2/,Mexico,제품 상세 (PDP),78
https://www.lg.com/mx/refrigerators/eay62909702/,Mexico,제품 상세 (PDP),78
https://www.lg.com/mx/cooktops/lrgl5841s/,Mexico,제품 상세 (PDP),75
https://www.lg.com/mx/cooktops/lrgl5843s/,Mexico,제품 상세 (PDP),75
https://www.lg.com/mx/cooktops/lrgl5845s/,Mexico,제품 상세 (PDP),72
https://www.lg.com/mx/cooktops/lrgl5847s/,Mexico,제품 상세 (PDP),76
https://www.lg.com/mx/cooktops/lrgz5253s/,Mexico,제품 상세 (PDP),75
https://www.lg.com/mx/cooktops/lrgz5255s/,Mexico,제품 상세 (PDP),78
https://www.lg.com/mx/microwaves/mh1536gir/,Mexico,제품 상세 (PDP),75
https://www.lg.com/mx/microwaves/mh1596cir/,Mexico,제품 상세 (PDP),75
https://www.lg.com/mx/microwaves/mh1596dir/,Mexico,제품 상세 (PDP),75
https://www.lg.com/mx/accesorios-aire-acondicionado/5214fr3188g/,Mexico,제품 상세 (PDP),78
https://www.lg.com/mx/accesorios-aire-acondicionado/5901A10032A/,Mexico,제품 상세 (PDP),79
https://www.lg.com/mx/accesorios-aire-acondicionado/5901a10029a/,Mexico,제품 상세 (PDP),79
https://www.lg.com/mx/accesorios-aire-acondicionado/5901a10057a/,Mexico,제품 상세 (PDP),79
https://www.lg.com/mx/accesorios-aire-acondicionado/acg73444956/,Mexico,제품 상세 (PDP),79
https://www.lg.com/mx/accesorios-aire-acondicionado/aeb75244510/,Mexico,제품 상세 (PDP),79
https://www.lg.com/mx/accesorios-compresores-refrigerador-aire/tbz35837701/,Mexico,제품 상세 (PDP),78
https://www.lg.com/mx/accesorios-compresores-refrigerador-aire/tbz37115801/,Mexico,제품 상세 (PDP),78
https://www.lg.com/mx/accesorios-compresores-refrigerador-aire/tbz37400101/,Mexico,제품 상세 (PDP),78
https://www.lg.com/mx/accesorios-compresores-refrigerador-aire/tbz37416201/,Mexico,제품 상세 (PDP),78
https://www.lg.com/mx/accesorios-compresores-refrigerador-aire/tca35173603/,Mexico,제품 상세 (PDP),78
https://www.lg.com/mx/accesorios-compresores-refrigerador-aire/tca35493206/,Mexico,제품 상세 (PDP),78
https://www.lg.com/mx/accesorios-filtros-lavadoras/3550ey1031d/,Mexico,제품 상세 (PDP),78
https://www.lg.com/mx/accesorios-filtros-lavadoras/383eel3002r/,Mexico,제품 상세 (PDP),78
https://www.lg.com/mx/accesorios-filtros-lavadoras/383eer3001g/,Mexico,제품 상세 (PDP),78
https://www.lg.com/mx/accesorios-filtros-lavadoras/383eer3001j/,Mexico,제품 상세 (PDP),79
https://www.lg.com/mx/accesorios-filtros-lavadoras/3911ez9131x/,Mexico,제품 상세 (PDP),78
https://www.lg.com/mx/accesorios-filtros-lavadoras/3921fz3050u/,Mexico,제품 상세 (PDP),79
https://www.lg.com/mx/accesorios-filtros-refrigeradores/3219ja3001p/,Mexico,제품 상세 (PDP),79
https://www.lg.com/mx/accesorios-filtros-refrigeradores/5901jq1007a/,Mexico,제품 상세 (PDP),79
https://www.lg.com/mx/accesorios-filtros-refrigeradores/adh73150208/,Mexico,제품 상세 (PDP),79
https://www.lg.com/mx/accesorios-filtros-refrigeradores/adh73150210/,Mexico,제품 상세 (PDP),78
https://www.lg.com/mx/accesorios-filtros-refrigeradores/adq32617701/,Mexico,제품 상세 (PDP),78
https://www.lg.com/mx/accesorios-filtros-refrigeradores/adq73214403/,Mexico,제품 상세 (PDP),78
https://www.lg.com/mx/accesorios-hornos-estufas/3b74133p/,Mexico,제품 상세 (PDP),79
https://www.lg.com/mx/accesorios-hornos-estufas/3b74133q/,Mexico,제품 상세 (PDP),79
https://www.lg.com/mx/accesorios-hornos-estufas/4370w1a004c/,Mexico,제품 상세 (PDP),79
https://www.lg.com/mx/accesorios-hornos-estufas/aeh75196606/,Mexico,제품 상세 (PDP),78
https://www.lg.com/mx/accesorios-hornos-estufas/aeh76186705/,Mexico,제품 상세 (PDP),78
https://www.lg.com/mx/accesorios-para-aspiradoras/aaa77685208/,Mexico,제품 상세 (PDP),78
https://www.lg.com/mx/accesorios-para-aspiradoras/aaa77884601/,Mexico,제품 상세 (PDP),78
https://www.lg.com/mx/accesorios-para-aspiradoras/aan30099701/,Mexico,제품 상세 (PDP),78
https://www.lg.com/mx/accesorios-para-aspiradoras/abc73450101/,Mexico,제품 상세 (PDP),78
https://www.lg.com/mx/accesorios-para-aspiradoras/abc73509901/,Mexico,제품 상세 (PDP),78
https://www.lg.com/mx/accesorios/accesorios1/,Mexico,제품 상세 (PDP),59
https://www.lg.com/mx/accesorios/aires-acondicionados/control-remoto/akb72955808/,Mexico,제품 상세 (PDP),78
https://www.lg.com/mx/accesorios/aires-acondicionados/control-remoto/akb72955815/,Mexico,제품 상세 (PDP),78
https://www.lg.com/mx/accesorios/aires-acondicionados/control-remoto/akb73355722/,Mexico,제품 상세 (PDP),78
https://www.lg.com/mx/accesorios/aires-acondicionados/control-remoto/akb73355724/,Mexico,제품 상세 (PDP),78
https://www.lg.com/mx/accesorios/aires-acondicionados/control-remoto/akb73795706/,Mexico,제품 상세 (PDP),78
https://www.lg.com/mx/aire-acondicionado/aire-acondicionado-split/s362cg/,Mexico,제품 상세 (PDP),78
https://www.lg.com/mx/aire-acondicionado/aire-acondicionado-split/s362hg/,Mexico,제품 상세 (PDP),78
https://www.lg.com/mx/aire-acondicionado/aire-acondicionado-split/sg122cj/,Mexico,제품 상세 (PDP),78
https://www.lg.com/mx/aire-acondicionado/aire-acondicionado-split/sg182cj/,Mexico,제품 상세 (PDP),78
https://www.lg.com/mx/aire-acondicionado/aire-acondicionado-split/sg242cj/,Mexico,제품 상세 (PDP),78
https://www.lg.com/mx/aire-acondicionado/aire-acondicionado-split/sm282ce/,Mexico,제품 상세 (PDP),78
https://www.lg.com/mx/aire-acondicionado/aire-acondicionado-split/sp091cm/,Mexico,제품 상세 (PDP),78
https://www.lg.com/mx/aire-acondicionado/aire-acondicionado-split/sp121cm/,Mexico,제품 상세 (PDP),78
https://www.lg.com/mx/aire-acondicionado/aire-acondicionado-split/sp121hm/,Mexico,제품 상세 (PDP),78
https://www.lg.com/mx/aire-acondicionado/aire-acondicionado-split/sp122cm/,Mexico,제품 상세 (PDP),78
https://www.lg.com/mx/aire-acondicionado/aire-acondicionado-split/sp122hm/,Mexico,제품 상세 (PDP),78
https://www.lg.com/mx/aire-acondicionado/aire-acondicionado-split/sp182cm/,Mexico,제품 상세 (PDP),78
https://www.lg.com/mx/aire-acondicionado/aire-acondicionado-split/sp182hm/,Mexico,제품 상세 (PDP),78
https://www.lg.com/mx/aire-acondicionado/aire-acondicionado-split/sp242cm/,Mexico,제품 상세 (PDP),78
https://www.lg.com/mx/aire-acondicionado/aire-acondicionado-split/sp242hm/,Mexico,제품 상세 (PDP),78
https://www.lg.com/mx/accesorios-para-tv/,Mexico,제품 카테고리 (PLP),79
https://www.lg.com/mx/lavavajillas/tv-monitor/,Mexico,제품 카테고리 (PLP),62
https://www.lg.com/mx/nanocell-tv/2021/cinema/,Mexico,제품 카테고리 (PLP),70
https://www.lg.com/mx/oled-tv/2021/cinema/,Mexico,제품 카테고리 (PLP),72
https://www.lg.com/mx/tv-soundbars/,Mexico,제품 카테고리 (PLP),71
https://www.lg.com/mx/tvs-qned/2021/large-screen/,Mexico,제품 카테고리 (PLP),66
https://www.lg.com/mx/webos-smart-tv/promotion/,Mexico,제품 카테고리 (PLP),72
https://www.lg.com/mx/monitores/,Mexico,제품 카테고리 (PLP),73
https://www.lg.com/mx/monitores/combos-monitores/,Mexico,제품 카테고리 (PLP),79
https://www.lg.com/mx/monitores/discontinued-monitores/,Mexico,제품 카테고리 (PLP),72
https://www.lg.com/mx/monitores/elige-el-mejor/,Mexico,제품 카테고리 (PLP),69
https://www.lg.com/mx/monitores/ergo-monitors/,Mexico,제품 카테고리 (PLP),76
https://www.lg.com/mx/monitores/gaming/,Mexico,제품 카테고리 (PLP),76
https://www.lg.com/mx/monitores/monitores-full-hd-qhd/,Mexico,제품 카테고리 (PLP),77
https://www.lg.com/mx/monitores/monitores-gaming/,Mexico,제품 카테고리 (PLP),83
https://www.lg.com/mx/monitores/monitores-oled/,Mexico,제품 카테고리 (PLP),71
https://www.lg.com/mx/accesorios-audio-video/,Mexico,제품 카테고리 (PLP),83
https://www.lg.com/mx/soundbars/eco-minded-soundbars/,Mexico,제품 카테고리 (PLP),72
https://www.lg.com/mx/xboom/,Mexico,제품 카테고리 (PLP),76
https://www.lg.com/mx/refrigeradores/refrigeradores-bottom-freezer-congelador-abajo/,Mexico,제품 카테고리 (PLP),80
https://www.lg.com/mx/refrigerators/,Mexico,제품 카테고리 (PLP),70
https://www.lg.com/mx/accesorios-aire-acondicionado/,Mexico,제품 카테고리 (PLP),80
https://www.lg.com/mx/accesorios-compresores-refrigerador-aire/,Mexico,제품 카테고리 (PLP),82
https://www.lg.com/mx/accesorios-filtros-lavadoras/,Mexico,제품 카테고리 (PLP),80
https://www.lg.com/mx/accesorios-filtros-refrigeradores/,Mexico,제품 카테고리 (PLP),80
https://www.lg.com/mx/accesorios-hornos-estufas/,Mexico,제품 카테고리 (PLP),80
https://www.lg.com/mx/accesorios-para-aspiradoras/,Mexico,제품 카테고리 (PLP),80
https://www.lg.com/mx/accesorios/,Mexico,제품 카테고리 (PLP),72
https://www.lg.com/mx/account-integration-old/,Mexico,제품 카테고리 (PLP),66
https://www.lg.com/mx/account-integration/,Mexico,제품 카테고리 (PLP),59
https://www.lg.com/mx/aire-acondicionado-accesorios/,Mexico,제품 카테고리 (PLP),69
https://www.lg.com/mx/aire-acondicionado/,Mexico,제품 카테고리 (PLP),71
https://www.lg.com/mx/aire-acondicionado/aire-acondicionado-comercial/,Mexico,제품 카테고리 (PLP),66
https://www.lg.com/mx/aire-acondicionado/aire-acondicionado-comercial/discontinued/,Mexico,제품 카테고리 (PLP),66
https://www.lg.com/mx/aire-acondicionado/aire-acondicionado-split/,Mexico,제품 카테고리 (PLP),64
https://www.lg.com/mx/aire-acondicionado/aire-portatil/,Mexico,제품 카테고리 (PLP),69
https://www.lg.com/mx/aire-acondicionado/artcool/,Mexico,제품 카테고리 (PLP),62
https://www.lg.com/mx/aire-acondicionado/combos-aire-acondicionado/,Mexico,제품 카테고리 (PLP),79
https://www.lg.com/mx/aire-acondicionado/dualcoolai/,Mexico,제품 카테고리 (PLP),66
https://www.lg.com/mx/aire-acondicionado/lg-dualcool-ai/,Mexico,제품 카테고리 (PLP),83
https://www.lg.com/mx/aire-acondicionado/minisplit-inverter/,Mexico,제품 카테고리 (PLP),80
https://www.lg.com/mx/aire-acondicionado/minisplit-on-off/,Mexico,제품 카테고리 (PLP),80
https://www.lg.com/mx/all-soundsuite/,Mexico,제품 카테고리 (PLP),80
https://www.lg.com/mx/aniversariolgoct/,Mexico,제품 카테고리 (PLP),69
https://www.lg.com/mx/arma-el-rompecabezas/,Mexico,제품 카테고리 (PLP),70
https://www.lg.com/mx/aspiradoras/,Mexico,제품 카테고리 (PLP),77
https://www.lg.com/mx/atrapalg/,Mexico,제품 카테고리 (PLP),69
https://www.lg.com/mx/auriculares-inalambricos/,Mexico,제품 카테고리 (PLP),77
https://www.lg.com/mx/auriculares-inalambricos/audifonos-con-cancelacion-activa-de-ruido/buds-bk/,Mexico,제품 카테고리 (PLP),77
https://www.lg.com/mx/auriculares-inalambricos/audifonos-con-cancelacion-activa-de-ruido/buds/,Mexico,제품 카테고리 (PLP),77
https://www.lg.com/mx/auriculares-inalambricos/audifonos-con-cancelacion-activa-de-ruido/budsplus-blancos/,Mexico,제품 카테고리 (PLP),77
https://www.lg.com/mx/auriculares-inalambricos/audifonos-con-cancelacion-activa-de-ruido/budsplus-negros/,Mexico,제품 카테고리 (PLP),77
https://www.lg.com/mx/ayas/,Mexico,제품 카테고리 (PLP),63
https://www.lg.com/mx/beneficiosvip/,Mexico,제품 카테고리 (PLP),72
https://www.lg.com/mx/best/,Mexico,제품 카테고리 (PLP),56
https://www.lg.com/mx/boletoslg/,Mexico,제품 카테고리 (PLP),70
https://www.lg.com/mx/ces/,Mexico,제품 카테고리 (PLP),72
https://www.lg.com/mx/checkout/,Mexico,제품 카테고리 (PLP),66
https://www.lg.com/mx/combos/combos-aire-acondicionado/,Mexico,제품 카테고리 (PLP),69
https://www.lg.com/mx/compare-results/,Mexico,제품 카테고리 (PLP),62
https://www.lg.com/mx/config/,Mexico,제품 카테고리 (PLP),59
https://www.lg.com/mx/cupones-lg/,Mexico,제품 카테고리 (PLP),72
https://www.lg.com/mx/descuentotv/,Mexico,제품 카테고리 (PLP),69
https://www.lg.com/mx/devoluciones/,Mexico,제품 카테고리 (PLP),66
https://www.lg.com/mx/encuentra-las-diferencias-lg/,Mexico,제품 카테고리 (PLP),69
https://www.lg.com/mx/encuentra-las-estrellas/,Mexico,제품 카테고리 (PLP),69
https://www.lg.com/mx/encuentra-los-balones-lg/,Mexico,제품 카테고리 (PLP),62
https://www.lg.com/mx/entregapremium/,Mexico,제품 카테고리 (PLP),66
https://www.lg.com/mx/equipate/,Mexico,제품 카테고리 (PLP),69
https://www.lg.com/mx/equipo-de-cocina/campanas/,Mexico,제품 카테고리 (PLP),80
https://www.lg.com/mx/equipo-de-cocina/combos-equipo-de-cocina/,Mexico,제품 카테고리 (PLP),79
https://www.lg.com/mx/equipo-de-cocina/estufas/,Mexico,제품 카테고리 (PLP),77
https://www.lg.com/mx/equipo-de-cocina/microondas/,Mexico,제품 카테고리 (PLP),80
https://www.lg.com/mx/equipo-de-cocina/microondas/discontinued-microondas/,Mexico,제품 카테고리 (PLP),66
https://www.lg.com/mx/equipo-de-cocina/todos-los-equipos-de-cocina-y-electrodomesticos/,Mexico,제품 카테고리 (PLP),80
https://www.lg.com/mx/equipos-de-sonido/bocina-bluetooth/bounce/,Mexico,제품 카테고리 (PLP),77
https://www.lg.com/mx/guia-de-compra-de-lavadora/,Mexico,제품 카테고리 (PLP),73
https://www.lg.com/mx/lavadoras-y-secadoras/,Mexico,제품 카테고리 (PLP),71
https://www.lg.com/mx/lavadoras-y-secadoras/combos-lavadoras-y-secadores/,Mexico,제품 카테고리 (PLP),82
https://www.lg.com/mx/lavadoras-y-secadoras/lavadoras-de-carga-frontal/,Mexico,제품 카테고리 (PLP),77
https://www.lg.com/mx/lavadoras-y-secadoras/lavadoras-de-carga-superior/,Mexico,제품 카테고리 (PLP),77
https://www.lg.com/mx/lavadoras-y-secadoras/lavadoras-y-secadoras-twinwash-mini/,Mexico,제품 카테고리 (PLP),62
https://www.lg.com/mx/lavadoras-y-secadoras/lavadoras-y-secadoras/,Mexico,제품 카테고리 (PLP),62
https://www.lg.com/mx/lavadoras-y-secadoras/lavasecadoras/,Mexico,제품 카테고리 (PLP),79
https://www.lg.com/mx/lavadoras-y-secadoras/secadoras/,Mexico,제품 카테고리 (PLP),80
https://www.lg.com/mx/lavavajillas/,Mexico,제품 카테고리 (PLP),80
https://www.lg.com/mx/lavavajillas/lavavajillas/,Mexico,제품 카테고리 (PLP),62
https://www.lg.com/mx/lgnanocell/accuracy/,Mexico,제품 카테고리 (PLP),60
https://www.lg.com/mx/monitores/monitores-smart/,Mexico,제품 카테고리 (PLP),82
https://www.lg.com/mx/oledvip/,Mexico,제품 카테고리 (PLP),72
https://www.lg.com/mx/purificadores/purificador/,Mexico,제품 카테고리 (PLP),79
https://www.lg.com/mx/purificadores/todos-los-purificadores-de-aire-interior/,Mexico,제품 카테고리 (PLP),79
https://www.lg.com/mx/purificadores/ventilador/,Mexico,제품 카테고리 (PLP),79
https://www.lg.com/mx/refrigeradores/,Mexico,제품 카테고리 (PLP),70
https://www.lg.com/mx/refrigeradores/combos-refrigeradores/,Mexico,제품 카테고리 (PLP),79
https://www.lg.com/mx/refrigeradores/instaview-refrigeradores/,Mexico,제품 카테고리 (PLP),79
https://www.lg.com/mx/refrigeradores/refrigeradores-duplex-side-by-side/,Mexico,제품 카테고리 (PLP),80
https://www.lg.com/mx/refrigeradores/refrigeradores-french-door/,Mexico,제품 카테고리 (PLP),80
https://www.lg.com/mx/refrigeradores/refrigeradores-top-mount-congelador-arriba/,Mexico,제품 카테고리 (PLP),80
https://www.lg.com/mx/refrigeradores/todos-los-refrigeradores/,Mexico,제품 카테고리 (PLP),80
https://www.lg.com/mx/acerca-de-lg/press-and-media/,Mexico,프레스앤미디어,79
https://www.lg.com/mx/acerca-de-lg/press-and-media/-quieres-un-hogar-inteligente--lg-ofrece-hasta-un-60--de-descuen/,Mexico,프레스앤미디어,78
https://www.lg.com/mx/acerca-de-lg/press-and-media/-solutions-beyond-displays---la-apuesta-de-lg-electronics-para-i/,Mexico,프레스앤미디어,74
https://www.lg.com/mx/acerca-de-lg/press-and-media/Contenedores-Design-Week-LG/,Mexico,프레스앤미디어,79
https://www.lg.com/mx/acerca-de-lg/press-and-media/LG-infocomm-2025/,Mexico,프레스앤미디어,74
https://www.lg.com/mx/acerca-de-lg/press-and-media/LG-presenta-primer-monitor-5K2K-thunderbolt-5/,Mexico,프레스앤미디어,74
https://www.lg.com/mx/acerca-de-lg/press-and-media/LG_ELECTRONICS_PRESENTA_SOLUCIONES_PERSONALIZADAS_DE_PANTALLAS_Y_SOFTWARE_PARA_CLIENTES_B2B_EN_ISE_2026/,Mexico,프레스앤미디어,75
https://www.lg.com/mx/acerca-de-lg/press-and-media/LG_ELECTRONICS_PRESENTA_SOLUCIONES_Y_COMPONENTES_CLAVE_EN_AHR_EXPO_2026_QUE_MEJORAN_LA_ALTA_EFICIENCIA-DE-HVAC/,Mexico,프레스앤미디어,75
https://www.lg.com/mx/acerca-de-lg/press-and-media/RESULTADOS-FINANCIEROS-DEL-CUARTO-TRIMESTRE-Y-DEL-2025/,Mexico,프레스앤미디어,75
https://www.lg.com/mx/acerca-de-lg/press-and-media/THINQ_PRO_KBIS_2026/,Mexico,프레스앤미디어,71
https://www.lg.com/mx/acerca-de-lg/press-and-media/ac/,Mexico,프레스앤미디어,74
https://www.lg.com/mx/acerca-de-lg/press-and-media/actualizacion-webos/,Mexico,프레스앤미디어,74
https://www.lg.com/mx/acerca-de-lg/press-and-media/aerohit-puricare/,Mexico,프레스앤미디어,74
https://www.lg.com/mx/acerca-de-lg/press-and-media/aire-acondicionado-aliado-tapatio/,Mexico,프레스앤미디어,74
https://www.lg.com/mx/acerca-de-lg/press-and-media/aire-acondicionado-inteligente-casa/,Mexico,프레스앤미디어,74
https://www.lg.com/mx/acerca-de-lg/press-and-media/aire-acondicionado-inteligente/,Mexico,프레스앤미디어,74
https://www.lg.com/mx/acerca-de-lg/press-and-media/aires-acondicionados-merida2025/,Mexico,프레스앤미디어,74
https://www.lg.com/mx/acerca-de-lg/press-and-media/alta-eficiencia/,Mexico,프레스앤미디어,74
https://www.lg.com/mx/acerca-de-lg/press-and-media/anime-onegai/,Mexico,프레스앤미디어,74
https://www.lg.com/mx/acerca-de-lg/press-and-media/antena-transparente/,Mexico,프레스앤미디어,74
https://www.lg.com/mx/acerca-de-lg/press-and-media/anuncio/,Mexico,프레스앤미디어,74
https://www.lg.com/mx/acerca-de-lg/press-and-media/anuncio1/,Mexico,프레스앤미디어,74
https://www.lg.com/mx/acerca-de-lg/press-and-media/apple-tv-plus/,Mexico,프레스앤미디어,74
https://www.lg.com/mx/acerca-de-lg/press-and-media/asistente-ia/,Mexico,프레스앤미디어,74
https://www.lg.com/mx/acerca-de-lg/press-and-media/aspiradoras-a9/,Mexico,프레스앤미디어,74
https://www.lg.com/mx/acerca-de-lg/press-and-media/athom/,Mexico,프레스앤미디어,74
https://www.lg.com/mx/acerca-de-lg/press-and-media/audiopremiumlg/,Mexico,프레스앤미디어,74
https://www.lg.com/mx/acerca-de-lg/press-and-media/audiopremiumlg1/,Mexico,프레스앤미디어,74
https://www.lg.com/mx/acerca-de-lg/press-and-media/b2b-ise-2025/,Mexico,프레스앤미디어,74
https://www.lg.com/mx/acerca-de-lg/press-and-media/bajo_consumo/,Mexico,프레스앤미디어,70
https://www.lg.com/mx/acerca-de-lg/press-and-media/barras-de-sonido/,Mexico,프레스앤미디어,74
https://www.lg.com/mx/acerca-de-lg/press-and-media/bocina-stanbyme/,Mexico,프레스앤미디어,74
https://www.lg.com/mx/acerca-de-lg/press-and-media/buen-fin/,Mexico,프레스앤미디어,74
https://www.lg.com/mx/acerca-de-lg/press-and-media/buen-fin1/,Mexico,프레스앤미디어,74
https://www.lg.com/mx/acerca-de-lg/press-and-media/buenfin/,Mexico,프레스앤미디어,78
https://www.lg.com/mx/acerca-de-lg/press-and-media/calendario_cineteca/,Mexico,프레스앤미디어,74
https://www.lg.com/mx/acerca-de-lg/press-and-media/cambios-organizacionales/,Mexico,프레스앤미디어,74
https://www.lg.com/mx/acerca-de-lg/press-and-media/campa-a-lifesgood/,Mexico,프레스앤미디어,67
https://www.lg.com/mx/acerca-de-lg/press-and-media/ceo-lg-electronics-direccion-estrategica/,Mexico,프레스앤미디어,75
https://www.lg.com/mx/acerca-de-lg/press-and-media/ceo-lg/,Mexico,프레스앤미디어,74
https://www.lg.com/mx/acerca-de-lg/press-and-media/ceo-lg1/,Mexico,프레스앤미디어,74
https://www.lg.com/mx/acerca-de-lg/press-and-media/ces-2021-demuestra-pantallas-enrollables/,Mexico,프레스앤미디어,74
https://www.lg.com/mx/acerca-de-lg/press-and-media/ces-2023/,Mexico,프레스앤미디어,74
https://www.lg.com/mx/acerca-de-lg/press-and-media/ces-2024/,Mexico,프레스앤미디어,74
https://www.lg.com/mx/acerca-de-lg/press-and-media/ces2024-gaming/,Mexico,프레스앤미디어,74
https://www.lg.com/mx/acerca-de-lg/press-and-media/ces_2026_LG_Nova/,Mexico,프레스앤미디어,75
https://www.lg.com/mx/acerca-de-lg/press-and-media/ces_2026_lg_will_i_am/,Mexico,프레스앤미디어,75
https://www.lg.com/mx/acerca-de-lg/press-and-media/ces_2026_ultragear/,Mexico,프레스앤미디어,71
https://www.lg.com/mx/acerca-de-lg/press-and-media/cess2021/,Mexico,프레스앤미디어,74
https://www.lg.com/mx/acerca-de-lg/press-and-media/channels/,Mexico,프레스앤미디어,74
https://www.lg.com/mx/acerca-de-lg/press-and-media/ciberseguridad-vehiculos/,Mexico,프레스앤미디어,74
https://www.lg.com/mx/acerca-de-lg/press-and-media/cindie-tv-se-integra-a-lg-channels-/,Mexico,프레스앤미디어,75
https://www.lg.com/mx/acerca-de-lg/press-and-media/cinepolis-estrena-canal-en-lg-channels-mx/,Mexico,프레스앤미디어,75
https://www.lg.com/mx/acerca-de-lg/press-and-media/cineteca-nacional-lg-oled/,Mexico,프레스앤미디어,74
https://www.lg.com/mx/acerca-de-lg/press-and-media/cineteca-nacional-oscar/,Mexico,프레스앤미디어,74
https://www.lg.com/mx/acerca-de-lg/press-and-media/cineteca-nacional/,Mexico,프레스앤미디어,74
https://www.lg.com/mx/acerca-de-lg/press-and-media/citadel-lg/,Mexico,프레스앤미디어,74
https://www.lg.com/mx/acerca-de-lg/press-and-media/cocinas-integrales/,Mexico,프레스앤미디어,74
https://www.lg.com/mx/acerca-de-lg/press-and-media/computadoras-portatiles-lg-gram-2021/,Mexico,프레스앤미디어,78
https://www.lg.com/mx/acerca-de-lg/press-and-media/comunicado-lg-k40/,Mexico,프레스앤미디어,74
https://www.lg.com/mx/acerca-de-lg/press-and-media/conciencia-ambiental/,Mexico,프레스앤미디어,74
https://www.lg.com/mx/acerca-de-lg/press-and-media/conferencia-ces2024/,Mexico,프레스앤미디어,74
https://www.lg.com/mx/acerca-de-lg/press-and-media/contactos-de-medios-de-comunicacion/,Mexico,프레스앤미디어,78
https://www.lg.com/mx/acerca-de-lg/press-and-media/cordzero/,Mexico,프레스앤미디어,74
https://www.lg.com/mx/acerca-de-lg/press-and-media/cortometraje-lg/,Mexico,프레스앤미디어,74
https://www.lg.com/mx/acerca-de-lg/press-and-media/cultivarvegetaleslg/,Mexico,프레스앤미디어,74
https://www.lg.com/mx/acerca-de-lg/press-and-media/debut-en-data-center-2025/,Mexico,프레스앤미디어,74
https://www.lg.com/mx/acerca-de-lg/press-and-media/design-award-2025/,Mexico,프레스앤미디어,74
https://www.lg.com/mx/acerca-de-lg/press-and-media/design-week2024/,Mexico,프레스앤미디어,74
https://www.lg.com/mx/acerca-de-lg/press-and-media/designed-for-lg-gaming-portal/,Mexico,프레스앤미디어,75
https://www.lg.com/mx/acerca-de-lg/press-and-media/dia-de-muertos/,Mexico,프레스앤미디어,74
https://www.lg.com/mx/acerca-de-lg/press-and-media/dia-mundial-de-la-tierra/,Mexico,프레스앤미디어,74
https://www.lg.com/mx/acerca-de-lg/press-and-media/diseno-minimalista/,Mexico,프레스앤미디어,74
https://www.lg.com/mx/acerca-de-lg/press-and-media/disneyplus-llega-a-los-smart-tv-de-lg/,Mexico,프레스앤미디어,74
https://www.lg.com/mx/acerca-de-lg/press-and-media/disneyplus-llega-a-los-smart-tv-de-lg1/,Mexico,프레스앤미디어,74
https://www.lg.com/mx/acerca-de-lg/press-and-media/dualcool-ai/,Mexico,프레스앤미디어,74
https://www.lg.com/mx/acerca-de-lg/press-and-media/duobo/,Mexico,프레스앤미디어,74
https://www.lg.com/mx/acerca-de-lg/press-and-media/el-lg-g8x-thinq-y-la-nueva-lg-dual-screen-improve-productivity-and-mobile-user-experience/,Mexico,프레스앤미디어,74
https://www.lg.com/mx/acerca-de-lg/press-and-media/el-nuevo-puricare-aeromini-de-lg-electronics-ofrece-una-potente-/,Mexico,프레스앤미디어,79
https://www.lg.com/mx/acerca-de-lg/press-and-media/el-refrigerador-lg-instaview-supera-los-5-3-millones-de-unidades/,Mexico,프레스앤미디어,70
https://www.lg.com/mx/acerca-de-lg/press-and-media/electrodomesticos-ifa-2024/,Mexico,프레스앤미디어,74
https://www.lg.com/mx/acerca-de-lg/press-and-media/empresa-de-soluciones/,Mexico,프레스앤미디어,74
https://www.lg.com/mx/acerca-de-lg/press-and-media/energy-star/,Mexico,프레스앤미디어,74
https://www.lg.com/mx/acerca-de-lg/press-and-media/entretenimiento/,Mexico,프레스앤미디어,74
https://www.lg.com/mx/acerca-de-lg/press-and-media/entrevista/,Mexico,프레스앤미디어,74
https://www.lg.com/mx/acerca-de-lg/press-and-media/estate-of-survival/,Mexico,프레스앤미디어,74
https://www.lg.com/mx/acerca-de-lg/press-and-media/estufa-instaview-de-lg-con-air-sous/,Mexico,프레스앤미디어,74
https://www.lg.com/mx/acerca-de-lg/press-and-media/experiencia-interactiva-para-dise-ar-electrodomesticos/,Mexico,프레스앤미디어,74
https://www.lg.com/mx/acerca-de-lg/press-and-media/experiencia-webos/,Mexico,프레스앤미디어,74
https://www.lg.com/mx/acerca-de-lg/press-and-media/festival-xboom/,Mexico,프레스앤미디어,74
https://www.lg.com/mx/acerca-de-lg/press-and-media/festivaldecineoled/,Mexico,프레스앤미디어,74
https://www.lg.com/mx/acerca-de-lg/press-and-media/futuro-sustentable/,Mexico,프레스앤미디어,74
https://www.lg.com/mx/acerca-de-lg/press-and-media/gamingday/,Mexico,프레스앤미디어,74
https://www.lg.com/mx/acerca-de-lg/press-and-media/gigantes-de-la-industria/,Mexico,프레스앤미디어,74
https://www.lg.com/mx/acerca-de-lg/press-and-media/google-cast-ise-2025/,Mexico,프레스앤미디어,78
https://www.lg.com/mx/acerca-de-lg/press-and-media/gram-2023/,Mexico,프레스앤미디어,74
https://www.lg.com/mx/acerca-de-lg/press-and-media/hackathon/,Mexico,프레스앤미디어,74
https://www.lg.com/mx/acerca-de-lg/press-and-media/harbin-bombas-de-calor/,Mexico,프레스앤미디어,74
https://www.lg.com/mx/acerca-de-lg/press-and-media/hitec-2024/,Mexico,프레스앤미디어,74
https://www.lg.com/mx/acerca-de-lg/press-and-media/hogar-inteligente/,Mexico,프레스앤미디어,74
https://www.lg.com/mx/soporte/,Mexico,지원/Support,82
https://www.lg.com/mx/soporte/centro-de-servicio/,Mexico,지원/Support,82
https://www.lg.com/mx/soporte/conexion-de-la-fabrica-de-hielo-a-la-tuberia-de-agua/,Mexico,지원/Support,70
https://www.lg.com/mx/soporte/contactanos/,Mexico,지원/Support,82
https://www.lg.com/mx/soporte/contactanos/contactanos1/,Mexico,지원/Support,59
https://www.lg.com/mx/soporte/contactanos/email/,Mexico,지원/Support,70
https://www.lg.com/mx/soporte/contactanos/email/failure/,Mexico,지원/Support,70
https://www.lg.com/mx/soporte/contactanos/email/success/,Mexico,지원/Support,70
https://www.lg.com/mx/soporte/contactanos/envianos-un-correo-electronico/,Mexico,지원/Support,70
https://www.lg.com/mx/soporte/contactanos/envianos-un-correo-electronico/failure/,Mexico,지원/Support,59
https://www.lg.com/mx/soporte/contactanos/envianos-un-correo-electronico/success/,Mexico,지원/Support,59
https://www.lg.com/mx/soporte/contactanos/estatus-de-la-consulta/,Mexico,지원/Support,79
https://www.lg.com/mx/soporte/contactanos/estatus-de-la-consulta/failure/,Mexico,지원/Support,70
https://www.lg.com/mx/soporte/contactanos/estatus-de-la-consulta/success/,Mexico,지원/Support,81
https://www.lg.com/mx/soporte/contactanos/sugerencias-al-director/,Mexico,지원/Support,78
https://www.lg.com/mx/soporte/contactanos/sugerencias-al-director/failure/,Mexico,지원/Support,70
https://www.lg.com/mx/soporte/contactanos/sugerencias-al-director/success/,Mexico,지원/Support,70
https://www.lg.com/mx/soporte/contactanos/web-survey/,Mexico,지원/Support,78
https://www.lg.com/mx/soporte/contactanos/web-survey/failure/,Mexico,지원/Support,70
https://www.lg.com/mx/soporte/contactanos/web-survey/success/,Mexico,지원/Support,70
https://www.lg.com/mx/soporte/error-pages/down-time-check/,Mexico,지원/Support,59
https://www.lg.com/mx/soporte/fota/,Mexico,지원/Support,82
https://www.lg.com/mx/soporte/garantia-extendida/,Mexico,지원/Support,76
https://www.lg.com/mx/soporte/garantia-extendida/retail/,Mexico,지원/Support,70
https://www.lg.com/mx/soporte/glosario/,Mexico,지원/Support,78
https://www.lg.com/mx/soporte/informacion-de-garantia/,Mexico,지원/Support,82
https://www.lg.com/mx/soporte/instalacion-remota/,Mexico,지원/Support,67
https://www.lg.com/mx/soporte/instalacion-remota/modelo/,Mexico,지원/Support,74
https://www.lg.com/mx/soporte/instalacion-remota/test/,Mexico,지원/Support,81
https://www.lg.com/mx/soporte/instalacion-remota/test/form/,Mexico,지원/Support,81
https://www.lg.com/mx/soporte/instalacion-remota/test/form/request-completed/,Mexico,지원/Support,74
https://www.lg.com/mx/soporte/lg-a-tu-lado/,Mexico,지원/Support,67
https://www.lg.com/mx/soporte/lg-a-tu-lado/buy-lg-best-care/,Mexico,지원/Support,63
https://www.lg.com/mx/soporte/lg-a-tu-lado/cleaning/,Mexico,지원/Support,74
https://www.lg.com/mx/soporte/lg-a-tu-lado/cleaning/MSEAC12C250900001/,Mexico,지원/Support,78
https://www.lg.com/mx/soporte/lg-a-tu-lado/cleaning/MSEAC12R260200001/,Mexico,지원/Support,78
https://www.lg.com/mx/soporte/lg-a-tu-lado/cleaning/MSERF12C250900001/,Mexico,지원/Support,78
https://www.lg.com/mx/soporte/lg-a-tu-lado/cleaning/MSEWM12C250900002/,Mexico,지원/Support,78
https://www.lg.com/mx/soporte/lg-a-tu-lado/cleaning/MSEWM12C250900003/,Mexico,지원/Support,78
https://www.lg.com/mx/soporte/lg-a-tu-lado/cleaning/MSEWM12R260200001/,Mexico,지원/Support,78
https://www.lg.com/mx/soporte/lg-a-tu-lado/cleaning/MSEWM12R260200002/,Mexico,지원/Support,78
https://www.lg.com/mx/soporte/lg-a-tu-lado/servicios-lg-a-tu-lado-resp/,Mexico,지원/Support,70
https://www.lg.com/mx/soporte/lg-a-tu-lado/servicios-lg-a-tu-lado/,Mexico,지원/Support,70
https://www.lg.com/mx/soporte/lg-a-tu-lado/test3/,Mexico,지원/Support,67
https://www.lg.com/mx/soporte/lg-a-tu-lado/tyc-best-care/,Mexico,지원/Support,74
https://www.lg.com/mx/soporte/lg-thinq/,Mexico,지원/Support,79
https://www.lg.com/mx/soporte/lg-thinq/app/,Mexico,지원/Support,78
https://www.lg.com/mx/soporte/lg-thinq/magazine/,Mexico,지원/Support,78
https://www.lg.com/mx/soporte/lg-thinq/magazine/how-to-make-sure-your-home-is-ready-for-summer/,Mexico,지원/Support,78
https://www.lg.com/mx/soporte/lg-thinq/magazine/smart-homes-narrowing-digital-divide-for-everyone/,Mexico,지원/Support,74
https://www.lg.com/mx/soporte/micrositios/partes-accesorios/,Mexico,지원/Support,74
https://www.lg.com/mx/soporte/noticias-soporte/,Mexico,지원/Support,79
https://www.lg.com/mx/soporte/noticias-soporte/--aviso--actualizacion-de-los-terminos-y-condiciones-de-la-garan/,Mexico,지원/Support,74
https://www.lg.com/mx/soporte/noticias-soporte/MXNTC150521105960/,Mexico,지원/Support,78
https://www.lg.com/mx/soporte/noticias-soporte/MXNTC20211111151781/,Mexico,지원/Support,78
https://www.lg.com/mx/soporte/noticias-soporte/MXNTC20220419152250/,Mexico,지원/Support,74
https://www.lg.com/mx/soporte/noticias-soporte/MXNTC20220609152566/,Mexico,지원/Support,74
https://www.lg.com/mx/soporte/noticias-soporte/MXNTC20230505153740/,Mexico,지원/Support,78
https://www.lg.com/mx/soporte/noticias-soporte/MXNTC20230505153741/,Mexico,지원/Support,74
https://www.lg.com/mx/soporte/noticias-soporte/MXNTC20231007154250/,Mexico,지원/Support,78
https://www.lg.com/mx/soporte/noticias-soporte/aviso-accuweather/,Mexico,지원/Support,70
https://www.lg.com/mx/soporte/noticias-soporte/finalizacion-software-mobile-phone/,Mexico,지원/Support,70
https://www.lg.com/mx/soporte/noticias-soporte/notice-of-spotify-service-termination/,Mexico,지원/Support,74
https://www.lg.com/mx/soporte/noticias-soporte/notice-of-termination-of-the-services-of-gracenote-music-id-video-id-eyeq-epg-for-blu-ray-player-blu-ray-home-theater-system-will-no-longer-be-available/,Mexico,지원/Support,67
https://www.lg.com/mx/soporte/orden-de-servicio/,Mexico,지원/Support,74
https://www.lg.com/mx/soporte/orden-de-servicio/preguntas-frecuentes/,Mexico,지원/Support,86
https://www.lg.com/mx/soporte/orden-de-servicio/seguimiento-de-mi-orden/,Mexico,지원/Support,79
https://www.lg.com/mx/soporte/parts-accesorios/,Mexico,지원/Support,79
https://www.lg.com/mx/soporte/preguntas-garantias/,Mexico,지원/Support,81
https://www.lg.com/mx/soporte/quiero-ser-centro-de-servicio-de-lg/,Mexico,지원/Support,70
https://www.lg.com/mx/soporte/quiero-ser-centro-de-servicio-de-lg/email-solicitud-centro-de-servicio/,Mexico,지원/Support,74
https://www.lg.com/mx/soporte/quiero-ser-centro-de-servicio-de-lg/email-solicitud-centro-de-servicio/failure/,Mexico,지원/Support,70
https://www.lg.com/mx/soporte/quiero-ser-centro-de-servicio-de-lg/email-solicitud-centro-de-servicio/success/,Mexico,지원/Support,70
https://www.lg.com/mx/soporte/quiero-ser-distribuidor-de-accesorios/,Mexico,지원/Support,74
https://www.lg.com/mx/soporte/quiero-ser-distribuidor-de-accesorios/email-solicitud-centro-de-servicio/,Mexico,지원/Support,74
https://www.lg.com/mx/soporte/quiero-ser-distribuidor-de-accesorios/email-solicitud-centro-de-servicio/failure/,Mexico,지원/Support,70
https://www.lg.com/mx/soporte/quiero-ser-distribuidor-de-accesorios/email-solicitud-centro-de-servicio/success/,Mexico,지원/Support,70
https://www.lg.com/mx/soporte/simulador-aire-acondicionado/,Mexico,지원/Support,67
https://www.lg.com/mx/soporte/smart-share/,Mexico,지원/Support,82
https://www.lg.com/mx/soporte/soporte-adicional/,Mexico,지원/Support,74
https://www.lg.com/mx/soporte/soporte-de-producto/,Mexico,지원/Support,74
https://www.lg.com/mx/soporte/soporte-de-producto/TEST3/,Mexico,지원/Support,81
https://www.lg.com/mx/soporte/soporte-de-producto/cs-06P5164.IBM/,Mexico,지원/Support,78
https://www.lg.com/mx/soporte/soporte-de-producto/cs-100QNED85BS.AWM/,Mexico,지원/Support,78
https://www.lg.com/mx/soporte/soporte-de-producto/cs-100QNED86AS.AWM/,Mexico,지원/Support,78
https://www.lg.com/mx/soporte/soporte-de-producto/cs-110UM5J-B.AWMQ/,Mexico,지원/Support,78
https://www.lg.com/mx/soporte/soporte-de-producto/solucion-de-problemas/help-library/,Mexico,지원 - 트러블슈팅,71
https://www.lg.com/mx/soporte/soporte-de-producto/solucion-de-problemas/help-library/cs-CT32004581-20150102469984/,Mexico,지원 - 트러블슈팅,75
https://www.lg.com/mx/soporte/soporte-de-producto/solucion-de-problemas/help-library/cs-CT40001739-20150102469984/,Mexico,지원 - 트러블슈팅,75
https://www.lg.com/mx/soporte/soporte-de-producto/solucion-de-problemas/help-library/cs-CT52001175-1429772025262/,Mexico,지원 - 트러블슈팅,75
https://www.lg.com/mx/soporte/soporte-de-producto/solucion-de-problemas/help-library/cs-CT52001175-1429776703700/,Mexico,지원 - 트러블슈팅,75
https://www.lg.com/mx/soporte/soporte-de-producto/solucion-de-problemas/help-library/cs-CT52001175-20152939381712/,Mexico,지원 - 트러블슈팅,75
https://www.lg.com/mx/soporte/soporte-de-producto/solucion-de-problemas/help-library/cs-CT52001175-20152939381716/,Mexico,지원 - 트러블슈팅,75
https://www.lg.com/mx/soporte/soporte-de-producto/solucion-de-problemas/help-library/cs-CT52001175-20152939382179/,Mexico,지원 - 트러블슈팅,75
https://www.lg.com/mx/soporte/soporte-de-producto/solucion-de-problemas/help-library/cs-CT52001175-20152939382183/,Mexico,지원 - 트러블슈팅,75
https://www.lg.com/mx/soporte/soporte-de-producto/solucion-de-problemas/help-library/cs-CT52001175-20152939382187/,Mexico,지원 - 트러블슈팅,75
https://www.lg.com/mx/soporte/soporte-de-producto/solucion-de-problemas/help-library/cs-CT52001175-20152939382191/,Mexico,지원 - 트러블슈팅,75
https://www.lg.com/mx/soporte/soporte-de-producto/solucion-de-problemas/help-library/cs-CT52001175-20152939382199/,Mexico,지원 - 트러블슈팅,75
https://www.lg.com/mx/soporte/soporte-de-producto/solucion-de-problemas/help-library/cs-CT52001175-20152941373237/,Mexico,지원 - 트러블슈팅,75
https://www.lg.com/mx/soporte/soporte-de-producto/solucion-de-problemas/help-library/cs-CT52001175-20152941373241/,Mexico,지원 - 트러블슈팅,75
https://www.lg.com/mx/soporte/soporte-de-producto/solucion-de-problemas/help-library/cs-CT52001175-20153413075875OLT/,Mexico,지원 - 트러블슈팅,75
https://www.lg.com/mx/soporte/soporte-de-producto/solucion-de-problemas/help-library/cs-CT52001175-20153413075949/,Mexico,지원 - 트러블슈팅,75
https://www.lg.com/mx/soporte/soporte-de-producto/solucion-de-problemas/help-library/cs-CT52001175-20153413076673OLT/,Mexico,지원 - 트러블슈팅,75
https://www.lg.com/mx/soporte/soporte-de-producto/solucion-de-problemas/help-library/cs-CT52001175-20153413092852/,Mexico,지원 - 트러블슈팅,75
https://www.lg.com/mx/soporte/soporte-de-producto/solucion-de-problemas/help-library/cs-CT52001175-20153413092935LST/,Mexico,지원 - 트러블슈팅,75
https://www.lg.com/mx/soporte/soporte-de-producto/solucion-de-problemas/help-library/cs-CT52001175-20153413092935OLT/,Mexico,지원 - 트러블슈팅,75
https://www.lg.com/mx/soporte/soporte-de-producto/solucion-de-problemas/help-library/cs-CT52001175-20153413092985/,Mexico,지원 - 트러블슈팅,75
https://www.lg.com/mx/soporte/soporte-de-producto/solucion-de-problemas/help-library/cs-CT52001175-20153413092985LST/,Mexico,지원 - 트러블슈팅,75
https://www.lg.com/mx/soporte/soporte-de-producto/solucion-de-problemas/help-library/cs-CT52001175-20153413092985OLT/,Mexico,지원 - 트러블슈팅,75
https://www.lg.com/mx/soporte/soporte-de-producto/solucion-de-problemas/help-library/cs-CT52001175-20153413093050/,Mexico,지원 - 트러블슈팅,75
https://www.lg.com/mx/soporte/soporte-de-producto/solucion-de-problemas/help-library/cs-CT52001175-20153413093807LST/,Mexico,지원 - 트러블슈팅,75
https://www.lg.com/mx/soporte/soporte-de-producto/solucion-de-problemas/help-library/cs-CT52001175-20153413093904/,Mexico,지원 - 트러블슈팅,75
https://www.lg.com/mx/soporte/soporte-de-producto/solucion-de-problemas/help-library/cs-CT52001175-20153413093933LST/,Mexico,지원 - 트러블슈팅,75
https://www.lg.com/mx/soporte/soporte-de-producto/solucion-de-problemas/help-library/cs-CT52001175-20153413093933OLT/,Mexico,지원 - 트러블슈팅,75
https://www.lg.com/mx/soporte/soporte-de-producto/solucion-de-problemas/help-library/cs-CT52001175-20153413094172OLT/,Mexico,지원 - 트러블슈팅,75
https://www.lg.com/mx/soporte/soporte-de-producto/solucion-de-problemas/help-library/cs-CT52001175-20153413094271LST/,Mexico,지원 - 트러블슈팅,75
https://www.lg.com/mx/soporte/soporte-de-producto/solucion-de-problemas/help-library/cs-CT52001175-20153413094271OLT/,Mexico,지원 - 트러블슈팅,75
https://www.lg.com/mx/soporte/soporte-de-producto/solucion-de-problemas/help-library/cs-CT52001175-20153413094364/,Mexico,지원 - 트러블슈팅,75
https://www.lg.com/mx/soporte/soporte-de-producto/solucion-de-problemas/help-library/cs-CT52001175-20153413094364LST/,Mexico,지원 - 트러블슈팅,75
https://www.lg.com/mx/soporte/soporte-de-producto/solucion-de-problemas/help-library/cs-CT52001175-20153413094364OLT/,Mexico,지원 - 트러블슈팅,75
https://www.lg.com/mx/soporte/soporte-de-producto/solucion-de-problemas/help-library/cs-CT52001175-20153413094388/,Mexico,지원 - 트러블슈팅,76
https://www.lg.com/mx/soporte/soporte-de-producto/solucion-de-problemas/help-library/cs-CT52001175-20153413094439/,Mexico,지원 - 트러블슈팅,75
https://www.lg.com/mx/soporte/soporte-de-producto/solucion-de-problemas/help-library/cs-CT52001175-20153413094439LST/,Mexico,지원 - 트러블슈팅,75
https://www.lg.com/mx/soporte/soporte-de-producto/solucion-de-problemas/help-library/cs-CT52001175-20153413094439OLT/,Mexico,지원 - 트러블슈팅,75
https://www.lg.com/mx/soporte/soporte-de-producto/solucion-de-problemas/help-library/cs-CT52001175-20153413094541/,Mexico,지원 - 트러블슈팅,75
https://www.lg.com/mx/soporte/soporte-de-producto/solucion-de-problemas/help-library/cs-CT52001175-20153413094541LST/,Mexico,지원 - 트러블슈팅,75
https://www.lg.com/mx/soporte/soporte-de-producto/solucion-de-problemas/help-library/cs-CT52001175-20153413094607/,Mexico,지원 - 트러블슈팅,76
https://www.lg.com/mx/soporte/soporte-de-producto/solucion-de-problemas/help-library/cs-CT52001175-20153413094668/,Mexico,지원 - 트러블슈팅,75
https://www.lg.com/mx/soporte/soporte-de-producto/solucion-de-problemas/help-library/cs-CT52001175-20153413094744/,Mexico,지원 - 트러블슈팅,75
https://www.lg.com/mx/soporte/soporte-de-producto/solucion-de-problemas/help-library/cs-CT52001175-20153413094744LST/,Mexico,지원 - 트러블슈팅,75
https://www.lg.com/mx/soporte/soporte-de-producto/solucion-de-problemas/help-library/cs-CT52001175-20153413094744OLT/,Mexico,지원 - 트러블슈팅,75
https://www.lg.com/mx/soporte/soporte-de-producto/solucion-de-problemas/help-library/cs-CT52001175-20153413094973/,Mexico,지원 - 트러블슈팅,75
https://www.lg.com/mx/soporte/soporte-de-producto/solucion-de-problemas/help-library/cs-CT52001175-20153413094973LST/,Mexico,지원 - 트러블슈팅,75
https://www.lg.com/mx/soporte/soporte-de-producto/solucion-de-problemas/help-library/cs-CT52001175-20153413097785LST/,Mexico,지원 - 트러블슈팅,75
https://www.lg.com/mx/soporte/soporte-de-producto/solucion-de-problemas/help-library/cs-CT52001175-20153413097785OLT/,Mexico,지원 - 트러블슈팅,75
https://www.lg.com/mx/soporte/soporte-de-producto/solucion-de-problemas/help-library/cs-CT52001175-20153413098220/,Mexico,지원 - 트러블슈팅,75
https://www.lg.com/mx/soporte/soporte-de-producto/solucion-de-problemas/help-library/cs-CT52001175-20153413098220LST/,Mexico,지원 - 트러블슈팅,75
https://www.lg.com/mx/soporte/soporte-de-producto/solucion-de-problemas/help-library/cs-CT52001175-20153413098220OLT/,Mexico,지원 - 트러블슈팅,76
https://www.lg.com/mx/soporte/soporte-de-producto/solucion-de-problemas/help-library/cs-CT52001175-20153413098336/,Mexico,지원 - 트러블슈팅,75
https://www.lg.com/mx/soporte/soporte-de-producto/solucion-de-problemas/help-library/cs-CT52001175-20153413098336LST/,Mexico,지원 - 트러블슈팅,75
https://www.lg.com/mx/soporte/soporte-de-producto/solucion-de-problemas/help-library/cs-CT52001175-20153413098336OLT/,Mexico,지원 - 트러블슈팅,75
https://www.lg.com/mx/soporte/soporte-de-producto/solucion-de-problemas/help-library/cs-CT52001175-20153413098411OLT/,Mexico,지원 - 트러블슈팅,75
https://www.lg.com/mx/soporte/soporte-de-producto/solucion-de-problemas/help-library/cs-CT52001175-20153413098512/,Mexico,지원 - 트러블슈팅,75
https://www.lg.com/mx/soporte/soporte-de-producto/solucion-de-problemas/help-library/cs-CT52001175-20153413996937/,Mexico,지원 - 트러블슈팅,75
https://www.lg.com/mx/soporte/soporte-de-producto/solucion-de-problemas/help-library/cs-CT52001175-20153414051812/,Mexico,지원 - 트러블슈팅,75
https://www.lg.com/mx/soporte/soporte-de-producto/solucion-de-problemas/help-library/cs-CT52001175-20153414064707LST/,Mexico,지원 - 트러블슈팅,75
https://www.lg.com/mx/soporte/soporte-de-producto/solucion-de-problemas/help-library/cs-CT52001175-20153414081139LST/,Mexico,지원 - 트러블슈팅,75
https://www.lg.com/mx/soporte/soporte-de-producto/solucion-de-problemas/help-library/cs-CT52001175-20153414081139OLT/,Mexico,지원 - 트러블슈팅,75
https://www.lg.com/mx/soporte/soporte-de-producto/solucion-de-problemas/help-library/cs-CT52001175-20153416023959LST/,Mexico,지원 - 트러블슈팅,75
https://www.lg.com/mx/soporte/soporte-de-producto/solucion-de-problemas/help-library/cs-CT52001175-20153416023959OLT/,Mexico,지원 - 트러블슈팅,75
https://www.lg.com/mx/soporte/soporte-de-producto/solucion-de-problemas/help-library/cs-CT52001175-20153417981118/,Mexico,지원 - 트러블슈팅,75
https://www.lg.com/mx/soporte/soporte-de-producto/solucion-de-problemas/help-library/cs-CT52001175-20153417981118OLT/,Mexico,지원 - 트러블슈팅,75
https://www.lg.com/mx/soporte/soporte-de-producto/solucion-de-problemas/help-library/cs-CT52001175-20153418054063/,Mexico,지원 - 트러블슈팅,75
https://www.lg.com/mx/soporte/soporte-de-producto/solucion-de-problemas/help-library/cs-CT52001175-20153425716410OLT/,Mexico,지원 - 트러블슈팅,75
https://www.lg.com/mx/soporte/soporte-de-producto/solucion-de-problemas/help-library/cs-CT52001175-20153425730231/,Mexico,지원 - 트러블슈팅,75
https://www.lg.com/mx/soporte/soporte-de-producto/solucion-de-problemas/help-library/cs-CT52001175-20153425730231LST/,Mexico,지원 - 트러블슈팅,75
https://www.lg.com/mx/soporte/soporte-de-producto/solucion-de-problemas/help-library/cs-CT52001175-20153425730231OLT/,Mexico,지원 - 트러블슈팅,75
https://www.lg.com/mx/soporte/soporte-de-producto/solucion-de-problemas/help-library/cs-CT52001175-20153425809122/,Mexico,지원 - 트러블슈팅,75
https://www.lg.com/mx/soporte/soporte-de-producto/solucion-de-problemas/help-library/cs-CT52001175-20153425882583/,Mexico,지원 - 트러블슈팅,75
https://www.lg.com/mx/soporte/soporte-de-producto/solucion-de-problemas/help-library/cs-CT52001175-20153425899901OLT/,Mexico,지원 - 트러블슈팅,75
https://www.lg.com/mx/soporte/soporte-de-producto/solucion-de-problemas/help-library/cs-CT52001175-20153425909826/,Mexico,지원 - 트러블슈팅,75
https://www.lg.com/mx/soporte/soporte-de-producto/solucion-de-problemas/help-library/cs-CT52001175-20153425909826LST/,Mexico,지원 - 트러블슈팅,75
https://www.lg.com/mx/soporte/soporte-de-producto/solucion-de-problemas/help-library/cs-CT52001175-20153425909826OLT/,Mexico,지원 - 트러블슈팅,75
https://www.lg.com/mx/soporte/soporte-de-producto/solucion-de-problemas/help-library/cs-CT52001175-20153425941789/,Mexico,지원 - 트러블슈팅,75
https://www.lg.com/mx/soporte/soporte-de-producto/solucion-de-problemas/help-library/cs-CT52001175-20153425941789LST/,Mexico,지원 - 트러블슈팅,75
https://www.lg.com/mx/soporte/soporte-de-producto/solucion-de-problemas/help-library/cs-CT52001175-20153427681548OLT/,Mexico,지원 - 트러블슈팅,75
https://www.lg.com/mx/soporte/soporte-de-producto/solucion-de-problemas/help-library/cs-CT52001175-20153427714987/,Mexico,지원 - 트러블슈팅,75
https://www.lg.com/mx/soporte/soporte-de-producto/solucion-de-problemas/help-library/cs-CT52001175-20153503165478/,Mexico,지원 - 트러블슈팅,75
https://www.lg.com/mx/soporte/soporte-de-producto/solucion-de-problemas/help-library/cs-CT52001175-20153503191501/,Mexico,지원 - 트러블슈팅,75
https://www.lg.com/mx/soporte/soporte-de-producto/solucion-de-problemas/help-library/cs-CT52001175-20153503234003LST/,Mexico,지원 - 트러블슈팅,75
https://www.lg.com/mx/soporte/soporte-de-producto/solucion-de-problemas/help-library/cs-CT52001175-20153503234003OLT/,Mexico,지원 - 트러블슈팅,75
https://www.lg.com/mx/soporte/soporte-de-producto/solucion-de-problemas/help-library/cs-CT52001175-20153503250404OLT/,Mexico,지원 - 트러블슈팅,75
https://www.lg.com/mx/soporte/soporte-de-producto/solucion-de-problemas/help-library/cs-CT52001175-20153503293996/,Mexico,지원 - 트러블슈팅,75
https://www.lg.com/mx/soporte/soporte-de-producto/solucion-de-problemas/help-library/cs-CT52001175-20153503351658/,Mexico,지원 - 트러블슈팅,75
https://www.lg.com/mx/soporte/soporte-de-producto/solucion-de-problemas/help-library/cs-CT52001175-20153503421793/,Mexico,지원 - 트러블슈팅,75
https://www.lg.com/mx/soporte/soporte-de-producto/solucion-de-problemas/help-library/cs-CT52001175-20153503421793LST/,Mexico,지원 - 트러블슈팅,75
https://www.lg.com/mx/soporte/soporte-de-producto/solucion-de-problemas/help-library/cs-CT52001175-20153503421793OLT/,Mexico,지원 - 트러블슈팅,75
https://www.lg.com/mx/soporte/soporte-de-producto/solucion-de-problemas/help-library/cs-CT52001175-20153503439701/,Mexico,지원 - 트러블슈팅,75
https://www.lg.com/mx/soporte/soporte-de-producto/solucion-de-problemas/help-library/cs-CT52001175-20153503439701LST/,Mexico,지원 - 트러블슈팅,75
https://www.lg.com/mx/soporte/soporte-de-producto/solucion-de-problemas/help-library/cs-CT52001175-20153503439701OLT/,Mexico,지원 - 트러블슈팅,75
https://www.lg.com/mx/soporte/soporte-de-producto/solucion-de-problemas/help-library/cs-CT52001175-20153503443421/,Mexico,지원 - 트러블슈팅,75
https://www.lg.com/mx/soporte/soporte-de-producto/solucion-de-problemas/help-library/cs-CT52001175-20153503554834/,Mexico,지원 - 트러블슈팅,75
https://www.lg.com/mx/soporte/soporte-de-producto/solucion-de-problemas/help-library/cs-CT52001175-20153503554834LST/,Mexico,지원 - 트러블슈팅,75
https://www.lg.com/mx/soporte/soporte-de-producto/solucion-de-problemas/help-library/cs-CT52001175-20153503554834OLT/,Mexico,지원 - 트러블슈팅,75
https://www.lg.com/mx/soporte/soporte-de-producto/solucion-de-problemas/help-library/cs-CT52001175-20153503560612/,Mexico,지원 - 트러블슈팅,75
https://www.lg.com/mx/soporte/soporte-de-producto/solucion-de-problemas/help-library/cs-CT52001175-20153504978134/,Mexico,지원 - 트러블슈팅,75
https://www.lg.com/uk/air-solution-buying-guide/residential-air-conditioner/,UK,구매 가이드,80
https://www.lg.com/uk/appliances/buying-guide/,UK,구매 가이드,70
https://www.lg.com/uk/appliances/buying-guide/fridge-freezers/feature-performance/,UK,구매 가이드,81
https://www.lg.com/uk/appliances/buying-guide/fridge-freezers/size-volume/,UK,구매 가이드,83
https://www.lg.com/uk/appliances/buying-guide/fridge-freezers/type/,UK,구매 가이드,81
https://www.lg.com/uk/appliances/buying-guide/washing-machines/feature-performance/,UK,구매 가이드,81
https://www.lg.com/uk/appliances/buying-guide/washing-machines/size-capacity/,UK,구매 가이드,87
https://www.lg.com/uk/appliances/buying-guide/washing-machines/type/,UK,구매 가이드,84
https://www.lg.com/uk/buying-guide/,UK,구매 가이드,70
https://www.lg.com/uk/buying-guide/earbuds/,UK,구매 가이드,67
https://www.lg.com/uk/buying-guide/speakers/,UK,구매 가이드,67
https://www.lg.com/uk/buying-guide/tv-soundbars/,UK,구매 가이드,70
https://www.lg.com/uk/buying-guides/laundry-features-guide/,UK,구매 가이드,71
https://www.lg.com/uk/buying-guides/laundry-spec-library/,UK,구매 가이드,77
https://www.lg.com/uk/buying-guides/monitor-features-guide/,UK,구매 가이드,71
https://www.lg.com/uk/buying-guides/monitor-lineup-guide/,UK,구매 가이드,83
https://www.lg.com/uk/buying-guides/monitor-spec-library/,UK,구매 가이드,77
https://www.lg.com/uk/buying-guides/refrigerator-spec-library/,UK,구매 가이드,77
https://www.lg.com/uk/buying-guides/survey-features-test/,UK,구매 가이드,71
https://www.lg.com/uk/buying-guides/tv-features-guide/,UK,구매 가이드,77
https://www.lg.com/uk/buying-guides/tv-lineup-guide/,UK,구매 가이드,83
https://www.lg.com/uk/buying-guides/tv-spec-library/,UK,구매 가이드,71
https://www.lg.com/uk/computing/buying-guide/lg-gram/,UK,구매 가이드,67
https://www.lg.com/uk/computing/buying-guide/why-lg-ultragear/,UK,구매 가이드,67
https://www.lg.com/uk/computing/buying-guides/multi-monitor/,UK,구매 가이드,71
https://www.lg.com/uk/computing/buying-guides/ultragear/,UK,구매 가이드,71
https://www.lg.com/uk/computing/buying-guides/ultragear/refresh-rate/,UK,구매 가이드,73
https://www.lg.com/uk/computing/buying-guides/ultragear/resolution/,UK,구매 가이드,77
https://www.lg.com/uk/computing/buying-guides/ultragear/screen-size/,UK,구매 가이드,73
https://www.lg.com/uk/computing/buying-guides/ultragear/work-and-play/,UK,구매 가이드,68
https://www.lg.com/uk/fridge-freezer-buying-guide/,UK,구매 가이드,77
https://www.lg.com/uk/heating-cooling/buying-guide/,UK,구매 가이드,67
https://www.lg.com/uk/heating-cooling/buying-guide/residential-air-conditioner/,UK,구매 가이드,67
https://www.lg.com/uk/tvs-soundbars/tv-buying-guide/,UK,구매 가이드,73
https://www.lg.com/uk/tvs-soundbars/tv-buying-guide/gaming-tv/,UK,구매 가이드,68
https://www.lg.com/uk/tvs-soundbars/tv-buying-guide/home-cinema/,UK,구매 가이드,68
https://www.lg.com/uk/tvs-soundbars/tv-buying-guide/lifestyle/,UK,구매 가이드,68
https://www.lg.com/uk/tvs-soundbars/tv-buying-guide/sport-tv/,UK,구매 가이드,71
https://www.lg.com/uk/tvs-soundbars/tv-buying-guide/tv-design/,UK,구매 가이드,68
https://www.lg.com/uk/tvs-soundbars/tv-buying-guide/tv-size/,UK,구매 가이드,71
https://www.lg.com/uk/tvs-soundbars/tv-buying-guide/tv-technology/oled-vs-qned/,UK,구매 가이드,68
https://www.lg.com/uk/tvs-soundbars/tv-buying-guide/tv-technology/what-is-4k-tv/,UK,구매 가이드,71
https://www.lg.com/uk/tvs-soundbars/tv-buying-guide/what-is-a-smart-tv-ai-tv/,UK,구매 가이드,70
https://www.lg.com/uk/washing-machine-buying-guide/,UK,구매 가이드,77
https://www.lg.com/uk/discover/,UK,뉴스룸/Press,69
https://www.lg.com/uk/lg-experience/,UK,LG Experience,79
https://www.lg.com/uk/lg-experience/article-tags/,UK,LG Experience,69
https://www.lg.com/uk/lg-experience/article-tags/4k-monitors/,UK,LG Experience,69
https://www.lg.com/uk/lg-experience/article-tags/8k-tvs/,UK,LG Experience,69
https://www.lg.com/uk/lg-experience/article-tags/ai-dd-function/,UK,LG Experience,69
https://www.lg.com/uk/lg-experience/article-tags/air-purifier/,UK,LG Experience,69
https://www.lg.com/uk/lg-experience/article-tags/american-style-refrigerator/,UK,LG Experience,69
https://www.lg.com/uk/lg-experience/article-tags/bluetooth-speakers/,UK,LG Experience,69
https://www.lg.com/uk/lg-experience/article-tags/cinebeam/,UK,LG Experience,69
https://www.lg.com/uk/lg-experience/article-tags/fridge-freezer/,UK,LG Experience,69
https://www.lg.com/uk/lg-experience/article-tags/gaming-monitors/,UK,LG Experience,69
https://www.lg.com/uk/lg-experience/article-tags/hombot/,UK,LG Experience,69
https://www.lg.com/uk/lg-experience/article-tags/ips-monitors/,UK,LG Experience,69
https://www.lg.com/uk/lg-experience/article-tags/led-tvs/,UK,LG Experience,69
https://www.lg.com/uk/lg-experience/article-tags/lg-gram/,UK,LG Experience,69
https://www.lg.com/uk/lg-experience/article-tags/lg-tone-free/,UK,LG Experience,69
https://www.lg.com/uk/lg-experience/article-tags/lg-tone/,UK,LG Experience,69
https://www.lg.com/uk/lg-experience/article-tags/microwaves/,UK,LG Experience,69
https://www.lg.com/uk/lg-experience/article-tags/monitors/,UK,LG Experience,69
https://www.lg.com/uk/lg-experience/article-tags/projectors/,UK,LG Experience,69
https://www.lg.com/uk/lg-experience/article-tags/smart-speakers/,UK,LG Experience,69
https://www.lg.com/uk/lg-experience/article-tags/soundbars/,UK,LG Experience,69
https://www.lg.com/uk/lg-experience/article-tags/steam-function/,UK,LG Experience,69
https://www.lg.com/uk/lg-experience/article-tags/styler/,UK,LG Experience,69
https://www.lg.com/uk/lg-experience/article-tags/turbowash-function/,UK,LG Experience,69
https://www.lg.com/uk/lg-experience/article-tags/ultra-wide-monitor/,UK,LG Experience,69
https://www.lg.com/uk/lg-experience/article-tags/vacuum-cleaners/,UK,LG Experience,69
https://www.lg.com/uk/lg-experience/article-tags/washer-dryers/,UK,LG Experience,69
https://www.lg.com/uk/lg-experience/article-tags/xboom/,UK,LG Experience,69
https://www.lg.com/uk/lg-experience/buying-guide/,UK,LG Experience,79
https://www.lg.com/uk/lg-experience/buying-guide/budget-friendly-monitors/,UK,LG Experience,79
https://www.lg.com/uk/lg-experience/buying-guide/choosing-the-best-type-of-fridge-freezer/,UK,LG Experience,79
https://www.lg.com/uk/lg-experience/buying-guide/projector-buying-guide/,UK,LG Experience,79
https://www.lg.com/uk/lg-experience/buying-guide/tv-buying-guide/,UK,LG Experience,76
https://www.lg.com/uk/lg-experience/buying-guide/washing-machines/,UK,LG Experience,80
https://www.lg.com/uk/lg-experience/helpful-hints/3-conscious-tips-for-a-better-you-in-2022/,UK,LG Experience,76
https://www.lg.com/uk/lg-experience/helpful-hints/8k-content-available-guide/,UK,LG Experience,76
https://www.lg.com/uk/lg-experience/helpful-hints/9-ways-to-use-a-360-rotating-touchscreen-monitor/,UK,LG Experience,79
https://www.lg.com/uk/lg-experience/helpful-hints/Sample1-Dishwasher/,UK,LG Experience,76
https://www.lg.com/uk/lg-experience/helpful-hints/Sample1-clothing-care/,UK,LG Experience,76
https://www.lg.com/uk/lg-experience/helpful-hints/ai-productivity-best-ai-laptops/,UK,LG Experience,76
https://www.lg.com/uk/lg-experience/helpful-hints/american-fridge-sizes/,UK,LG Experience,83
https://www.lg.com/uk/lg-experience/helpful-hints/beach-packing-list-g7thinq-pk3/,UK,LG Experience,76
https://www.lg.com/uk/lg-experience/helpful-hints/best-4k-gaming-monitors/,UK,LG Experience,79
https://www.lg.com/uk/lg-experience/helpful-hints/best-energy-efficient-fridge-freezer/,UK,LG Experience,83
https://www.lg.com/uk/lg-experience/helpful-hints/best-smart-technologies-lg-washing-machines/,UK,LG Experience,79
https://www.lg.com/uk/lg-experience/helpful-hints/best-tv-for-gaming/,UK,LG Experience,76
https://www.lg.com/uk/lg-experience/helpful-hints/calibrate-your-tv-for-sports/,UK,LG Experience,76
https://www.lg.com/uk/lg-experience/helpful-hints/changes-in-technology/,UK,LG Experience,76
https://www.lg.com/uk/lg-experience/helpful-hints/choosing-the-best-type-of-fridge-freezer/,UK,LG Experience,83
https://www.lg.com/uk/lg-experience/helpful-hints/correct-fridge-freezer-temperature/,UK,LG Experience,83
https://www.lg.com/uk/lg-experience/helpful-hints/correct-wall-to-projector-distance/,UK,LG Experience,79
https://www.lg.com/uk/lg-experience/helpful-hints/curved-monitor-better/,UK,LG Experience,79
https://www.lg.com/uk/lg-experience/helpful-hints/debunking-slim-washers-capacity-truths/,UK,LG Experience,76
https://www.lg.com/uk/lg-experience/helpful-hints/discover-to-get-more-from-your-oled-tv/,UK,LG Experience,76
https://www.lg.com/uk/lg-experience/helpful-hints/dishwasher-maintenance-guide/,UK,LG Experience,76
https://www.lg.com/uk/lg-experience/helpful-hints/dishwasher-maintenance/,UK,LG Experience,76
https://www.lg.com/uk/lg-experience/helpful-hints/dishwasher-ultimate-guide/,UK,LG Experience,79
https://www.lg.com/uk/lg-experience/helpful-hints/earbuds-for-runners-remove/,UK,LG Experience,76
https://www.lg.com/uk/lg-experience/helpful-hints/earth-day-at-home/,UK,LG Experience,76
https://www.lg.com/uk/lg-experience/helpful-hints/energy-efficient-washing-machines/,UK,LG Experience,79
https://www.lg.com/uk/lg-experience/helpful-hints/energy-saving-tips-for-your-fridge/,UK,LG Experience,76
https://www.lg.com/uk/lg-experience/helpful-hints/ergonomic-workstation/,UK,LG Experience,82
https://www.lg.com/uk/lg-experience/helpful-hints/fridge-freezer-ice-water-dispenser/,UK,LG Experience,83
https://www.lg.com/uk/lg-experience/helpful-hints/frost-free-fridge-freezer/,UK,LG Experience,83
https://www.lg.com/uk/lg-experience/helpful-hints/gaming-monitor-size-guide/,UK,LG Experience,83
https://www.lg.com/uk/lg-experience/helpful-hints/gift-ideas-christmas-spirit/,UK,LG Experience,76
https://www.lg.com/uk/lg-experience/helpful-hints/google-amazon-apple-lg-tv/,UK,LG Experience,76
https://www.lg.com/uk/lg-experience/helpful-hints/heat-pump-tumble-dryer-guide/,UK,LG Experience,83
https://www.lg.com/uk/lg-experience/helpful-hints/helpful-hints-soundbar-setup-guide/,UK,LG Experience,79
https://www.lg.com/uk/lg-experience/helpful-hints/high-end-gifts-for-him/,UK,LG Experience,76
https://www.lg.com/uk/lg-experience/helpful-hints/hotel-towel-feel/,UK,LG Experience,76
https://www.lg.com/uk/lg-experience/helpful-hints/how-can-you-make-quick-healthy-weekday-meals/,UK,LG Experience,79
https://www.lg.com/uk/lg-experience/helpful-hints/how-long-does-a-washing-machine-last/,UK,LG Experience,76
https://www.lg.com/uk/lg-experience/helpful-hints/how-much-water-and-energy-does-a-dishwasher-use/,UK,LG Experience,76
https://www.lg.com/uk/lg-experience/helpful-hints/how-to-choose-the-quietest-fridge-freezer/,UK,LG Experience,79
https://www.lg.com/uk/lg-experience/helpful-hints/how-to-clean-earbuds/,UK,LG Experience,76
https://www.lg.com/uk/lg-experience/helpful-hints/how-to-clean-washing-machine/,UK,LG Experience,79
https://www.lg.com/uk/lg-experience/helpful-hints/how-to-clean-your-monitor/,UK,LG Experience,76
https://www.lg.com/uk/lg-experience/helpful-hints/how-to-clean-your-refrigerator/,UK,LG Experience,76
https://www.lg.com/uk/lg-experience/helpful-hints/how-to-clean-your-washing-machine-filter/,UK,LG Experience,79
https://www.lg.com/uk/lg-experience/helpful-hints/how-to-defrost-a-freezer/,UK,LG Experience,79
https://www.lg.com/uk/lg-experience/helpful-hints/how-to-make-ice-balls/,UK,LG Experience,76
https://www.lg.com/uk/lg-experience/helpful-hints/how-to-measure-and-read-tv-sizes/,UK,LG Experience,83
https://www.lg.com/uk/lg-experience/helpful-hints/how-to-reset-washing-machine/,UK,LG Experience,76
https://www.lg.com/uk/lg-experience/helpful-hints/how-to-set-up-a-4k-projector/,UK,LG Experience,79
https://www.lg.com/uk/lg-experience/helpful-hints/how-to-stop-a-washing-machine-from-smelling/,UK,LG Experience,76
https://www.lg.com/uk/lg-experience/helpful-hints/how-to-use-a-smart-fridge/,UK,LG Experience,76
https://www.lg.com/uk/lg-experience/helpful-hints/how-to-use-humidity-control-fridge/,UK,LG Experience,79
https://www.lg.com/uk/lg-experience/helpful-hints/hygiene-tips-for-your-home-with-lg/,UK,LG Experience,73
https://www.lg.com/uk/lg-experience/helpful-hints/ifa-2019-your-best-berlin-itinerary-from-breakfast-to-sunrise/,UK,LG Experience,76
https://www.lg.com/uk/lg-experience/helpful-hints/improve-productivity-work-from-home/,UK,LG Experience,76
https://www.lg.com/uk/lg-experience/helpful-hints/integrated-dishwashers-vs-freestanding-dishwashers/,UK,LG Experience,73
https://www.lg.com/uk/lg-experience/helpful-hints/introducing-hombot-the-robot-vacuum/,UK,LG Experience,79
https://www.lg.com/uk/lg-experience/helpful-hints/is-a-combo-washer-dryer-good/,UK,LG Experience,79
https://www.lg.com/uk/lg-experience/helpful-hints/keeping-food-fresh-eating-healthy/,UK,LG Experience,83
https://www.lg.com/uk/lg-experience/helpful-hints/laptop-battery-health/,UK,LG Experience,79
https://www.lg.com/uk/lg-experience/helpful-hints/laptop-buying-guide/,UK,LG Experience,79
https://www.lg.com/uk/lg-experience/helpful-hints/laptop-cybersecurity-guide/,UK,LG Experience,76
https://www.lg.com/uk/air-to-water-heat-pumps/what-is-an-air-source-heat-pump/,UK,마이크로사이트/캠페인,76
https://www.lg.com/uk/air-to-water-heat-pumps/which-heat-pump-type-is-right-for-me/,UK,마이크로사이트/캠페인,72
https://www.lg.com/uk/air-to-water-heat-pumps/why-should-your-business-switch-to-a-heat-pump/,UK,마이크로사이트/캠페인,76
https://www.lg.com/uk/appliances/faq/dishwashers/how-quadwash-clean-dishes/,UK,마이크로사이트/캠페인,79
https://www.lg.com/uk/appliances/faq/dishwashers/how-to-choose-the-right-type-of-dishwasher/,UK,마이크로사이트/캠페인,79
https://www.lg.com/uk/appliances/faq/dishwashers/how-truesteam-clean-dishes/,UK,마이크로사이트/캠페인,83
https://www.lg.com/uk/appliances/faq/dishwashers/what-is-auto-open-door-drying/,UK,마이크로사이트/캠페인,79
https://www.lg.com/uk/appliances/faq/dishwashers/what-is-built-in-dishwasher/,UK,마이크로사이트/캠페인,79
https://www.lg.com/uk/appliances/faq/dishwashers/what-is-built-under-dishwasher/,UK,마이크로사이트/캠페인,79
https://www.lg.com/uk/appliances/faq/dishwashers/what-is-freestanding-dishwasher/,UK,마이크로사이트/캠페인,79
https://www.lg.com/uk/appliances/faq/dishwashers/what-is-lg-thinq-for-dishwashers/,UK,마이크로사이트/캠페인,79
https://www.lg.com/uk/appliances/faq/dishwashers/what-is-the-standard-dishwasher-size/,UK,마이크로사이트/캠페인,83
https://www.lg.com/uk/appliances/faq/dishwashers/which-dishwasher-is-right-for-you-freestanding-or-built-in/,UK,마이크로사이트/캠페인,79
https://www.lg.com/uk/appliances/faq/fridge-freezers/how-to-measure-your-space-for-fridge-freezer/,UK,마이크로사이트/캠페인,79
https://www.lg.com/uk/appliances/faq/fridge-freezers/what-can-i-do-with-lg-thinq-refrigerator/,UK,마이크로사이트/캠페인,79
https://www.lg.com/uk/appliances/faq/fridge-freezers/what-is-american-style-fridge-freezer/,UK,마이크로사이트/캠페인,79
https://www.lg.com/uk/appliances/faq/fridge-freezers/what-is-door-cooling/,UK,마이크로사이트/캠페인,79
https://www.lg.com/uk/appliances/faq/fridge-freezers/what-is-ice-water-dispenser/,UK,마이크로사이트/캠페인,79
https://www.lg.com/uk/appliances/faq/fridge-freezers/what-is-lg-linearcooling/,UK,마이크로사이트/캠페인,79
https://www.lg.com/uk/appliances/faq/fridge-freezers/what-is-multi-door-fridge-freezer/,UK,마이크로사이트/캠페인,79
https://www.lg.com/uk/appliances/faq/fridge-freezers/what-is-tall-fridge-freezer/,UK,마이크로사이트/캠페인,79
https://www.lg.com/uk/appliances/faq/fridge-freezers/what-is-uvnano/,UK,마이크로사이트/캠페인,79
https://www.lg.com/uk/appliances/faq/fridge-freezers/which-fridge-freezer-is-right-for-you/,UK,마이크로사이트/캠페인,79
https://www.lg.com/uk/appliances/faq/laundry/how-to-measure-your-space-for-washing-machine/,UK,마이크로사이트/캠페인,79
https://www.lg.com/uk/appliances/faq/laundry/what-can-i-do-with-lg-thinq-laundry/,UK,마이크로사이트/캠페인,79
https://www.lg.com/uk/appliances/faq/laundry/what-is-lg-ai-dd/,UK,마이크로사이트/캠페인,79
https://www.lg.com/uk/appliances/faq/laundry/what-is-lg-ai-wash/,UK,마이크로사이트/캠페인,79
https://www.lg.com/uk/appliances/faq/laundry/what-is-lg-steam-laundry/,UK,마이크로사이트/캠페인,79
https://www.lg.com/uk/appliances/faq/laundry/what-is-lg-styler/,UK,마이크로사이트/캠페인,79
https://www.lg.com/uk/appliances/faq/laundry/what-is-lg-tumble-dryer/,UK,마이크로사이트/캠페인,79
https://www.lg.com/uk/appliances/faq/laundry/what-is-lg-turbowash/,UK,마이크로사이트/캠페인,79
https://www.lg.com/uk/appliances/faq/laundry/what-is-lg-washer-dryer/,UK,마이크로사이트/캠페인,79
https://www.lg.com/uk/appliances/faq/laundry/what-is-lg-washing-machine/,UK,마이크로사이트/캠페인,79
https://www.lg.com/uk/appliances/faq/laundry/what-is-lg-washtower/,UK,마이크로사이트/캠페인,79
https://www.lg.com/uk/appliances/faq/laundry/which-laundry-appliance-is-right-for-you/,UK,마이크로사이트/캠페인,79
https://www.lg.com/uk/appliances/faq/microwaves/what-is-easyclean/,UK,마이크로사이트/캠페인,79
https://www.lg.com/uk/appliances/faq/microwaves/what-is-lg-thinq-for-cooking-appliance/,UK,마이크로사이트/캠페인,79
https://www.lg.com/uk/appliances/faq/microwaves/what-is-microwave/,UK,마이크로사이트/캠페인,79
https://www.lg.com/uk/appliances/faq/microwaves/which-microwave-type-is-right-for-you/,UK,마이크로사이트/캠페인,79
https://www.lg.com/uk/blog/,UK,마이크로사이트/캠페인,66
https://www.lg.com/uk/blog/green-homes-grant/,UK,마이크로사이트/캠페인,63
https://www.lg.com/uk/blog/heat-pump-and-the-governments-10-point-plan/,UK,마이크로사이트/캠페인,63
https://www.lg.com/uk/blog/heat-pump-thought-leadership/,UK,마이크로사이트/캠페인,67
https://www.lg.com/uk/blog/lg-wins-coveted-h-and-a-news-award/,UK,마이크로사이트/캠페인,67
https://www.lg.com/uk/blog/types-of-air-to-water-heat-pumps/,UK,마이크로사이트/캠페인,63
https://www.lg.com/uk/blog/why-are-people-talking-about-heat-pumps/,UK,마이크로사이트/캠페인,63
https://www.lg.com/uk/lg-experience-old/lg-experience-renewal-sample/helpful-hints/best-energy-efficient-fridge-freezer/,UK,마이크로사이트/캠페인,72
https://www.lg.com/uk/lg-experience-old/lg-experience-renewal-sample/helpful-hints/best-smart-technologies-lg-washing-machines/,UK,마이크로사이트/캠페인,69
https://www.lg.com/uk/tvs-soundbars/why-lg-ai-tv/,UK,마이크로사이트/캠페인,77
https://www.lg.com/uk/tvs-soundbars/why-lg-art-tv/,UK,마이크로사이트/캠페인,70
https://www.lg.com/uk/tvs-soundbars/why-lg-oled-evo/,UK,마이크로사이트/캠페인,70
https://www.lg.com/uk/tvs-soundbars/why-qned-evo/,UK,마이크로사이트/캠페인,70
https://www.lg.com/uk/tvs-soundbars/why-true-wireless/,UK,마이크로사이트/캠페인,70
https://www.lg.com/uk/commercial-tv/commercial-lite/65ur781c0lk/,UK,제품 상세 (PDP),72
https://www.lg.com/uk/commercial-tv/pro-centric/43um670h0ua/,UK,제품 상세 (PDP),72
https://www.lg.com/uk/projectors/all-projectors/pu615u-bounce/,UK,제품 상세 (PDP),76
https://www.lg.com/uk/projectors/all-projectors/pu615u-grab/,UK,제품 상세 (PDP),76
https://www.lg.com/uk/projectors/all-projectors/pu615u-us40tr/,UK,제품 상세 (PDP),73
https://www.lg.com/uk/projectors/all-projectors/pu615u/,UK,제품 상세 (PDP),73
https://www.lg.com/uk/projectors/bx324/,UK,제품 상세 (PDP),75
https://www.lg.com/uk/tv-accessories/fs22gb/,UK,제품 상세 (PDP),73
https://www.lg.com/uk/tv-accessories/olw480b/,UK,제품 상세 (PDP),69
https://www.lg.com/uk/computing-accessories/gram-view/16mq70/,UK,제품 상세 (PDP),76
https://www.lg.com/uk/laptops/13z980-g/,UK,제품 상세 (PDP),75
https://www.lg.com/uk/laptops/14tqa77-16m/,UK,제품 상세 (PDP),75
https://www.lg.com/uk/laptops/14z90p-k85/,UK,제품 상세 (PDP),75
https://www.lg.com/uk/laptops/14z90q-r52/,UK,제품 상세 (PDP),75
https://www.lg.com/uk/laptops/15z90rt-k-aa77a1/,UK,제품 상세 (PDP),78
https://www.lg.com/uk/lifesgood1/gram1/,UK,제품 상세 (PDP),66
https://www.lg.com/uk/monitor-products/ips/24ba550-b/,UK,제품 상세 (PDP),72
https://www.lg.com/uk/monitor/monitor-products-ips/24mp400p-b/,UK,제품 상세 (PDP),78
https://www.lg.com/uk/speakers-sound-systems/32gp850/,UK,제품 상세 (PDP),72
https://www.lg.com/uk/speakers-sound-systems/34gn850/,UK,제품 상세 (PDP),72
https://www.lg.com/uk/speakers-sound-systems/34gp950g/,UK,제품 상세 (PDP),72
https://www.lg.com/uk/speakers-sound-systems/38gn950/,UK,제품 상세 (PDP),72
https://www.lg.com/uk/speakers-sound-systems/art51/,UK,제품 상세 (PDP),75
https://www.lg.com/uk/speakers-sound-systems/art52/,UK,제품 상세 (PDP),75
https://www.lg.com/uk/speakers-sound-systems/art53/,UK,제품 상세 (PDP),75
https://www.lg.com/uk/speakers-sound-systems/hi-fi-systems/cj87/,UK,제품 상세 (PDP),75
https://www.lg.com/uk/speakers-sound-systems/hi-fi-systems/cj88/,UK,제품 상세 (PDP),75
https://www.lg.com/uk/laundry/tumble-dryers/fdc309w/,UK,제품 상세 (PDP),78
https://www.lg.com/uk/laundry/tumble-dryers/fdj608w/,UK,제품 상세 (PDP),72
https://www.lg.com/uk/laundry/tumble-dryers/fdm309s/,UK,제품 상세 (PDP),78
https://www.lg.com/uk/laundry/tumble-dryers/fdm309w/,UK,제품 상세 (PDP),78
https://www.lg.com/uk/laundry/tumble-dryers/fdt208s/,UK,제품 상세 (PDP),78
https://www.lg.com/uk/laundry/tumble-dryers/fdv1109w/,UK,제품 상세 (PDP),78
https://www.lg.com/uk/laundry/tumble-dryers/fdv1110b/,UK,제품 상세 (PDP),78
https://www.lg.com/uk/laundry/tumble-dryers/fdv1110w/,UK,제품 상세 (PDP),78
https://www.lg.com/uk/laundry/tumble-dryers/fdv309gn/,UK,제품 상세 (PDP),78
https://www.lg.com/uk/fridge-freezers/american-style-fridge-freezers/gcl217lgna/,UK,제품 상세 (PDP),75
https://www.lg.com/uk/fridge-freezers/american-style-fridge-freezers/gmj844pzkv/,UK,제품 상세 (PDP),72
https://www.lg.com/uk/fridge-freezers/american-style-fridge-freezers/gmj916nshv/,UK,제품 상세 (PDP),72
https://www.lg.com/uk/fridge-freezers/american-style-fridge-freezers/gml844pzkv/,UK,제품 상세 (PDP),75
https://www.lg.com/uk/fridge-freezers/american-style-fridge-freezers/gml916nshv/,UK,제품 상세 (PDP),72
https://www.lg.com/uk/fridge-freezers/american-style-fridge-freezers/gmm916nshv/,UK,제품 상세 (PDP),75
https://www.lg.com/uk/fridge-freezers/american-style-fridge-freezers/gmx844mc6f/,UK,제품 상세 (PDP),75
https://www.lg.com/uk/fridge-freezers/american-style-fridge-freezers/gmx844mckv/,UK,제품 상세 (PDP),78
https://www.lg.com/uk/fridge-freezers/american-style-fridge-freezers/gmx945mc9f/,UK,제품 상세 (PDP),75
https://www.lg.com/uk/dishwashers/d1453wf/,UK,제품 상세 (PDP),75
https://www.lg.com/uk/dishwashers/d1454bf/,UK,제품 상세 (PDP),75
https://www.lg.com/uk/dishwashers/d1454tf/,UK,제품 상세 (PDP),75
https://www.lg.com/uk/dishwashers/d1483bf/,UK,제품 상세 (PDP),75
https://www.lg.com/uk/dishwashers/d1483cf/,UK,제품 상세 (PDP),75
https://www.lg.com/uk/dishwashers/d1484bf/,UK,제품 상세 (PDP),75
https://www.lg.com/uk/dishwashers/d1484cf/,UK,제품 상세 (PDP),75
https://www.lg.com/uk/dishwashers/d1484wf/,UK,제품 상세 (PDP),75
https://www.lg.com/uk/dishwashers/db243tx/,UK,제품 상세 (PDP),76
https://www.lg.com/uk/vacuum-cleaners/vc6820nrt/,UK,제품 상세 (PDP),75
https://www.lg.com/uk/vacuum-cleaners/vf5718cnb/,UK,제품 상세 (PDP),75
https://www.lg.com/uk/vacuum-cleaners/vk9820nhb/,UK,제품 상세 (PDP),75
https://www.lg.com/uk/vacuum-cleaners/vk9820scay/,UK,제품 상세 (PDP),71
https://www.lg.com/uk/vacuum-cleaners/vk9820uhay/,UK,제품 상세 (PDP),75
https://www.lg.com/uk/vacuum-cleaners/vk9820uhr/,UK,제품 상세 (PDP),75
https://www.lg.com/uk/vacuum-cleaners/vkc902ht/,UK,제품 상세 (PDP),75
https://www.lg.com/uk/vacuum-cleaners/vr62601lv/,UK,제품 상세 (PDP),79
https://www.lg.com/uk/vacuum-cleaners/vr62701lvb/,UK,제품 상세 (PDP),78
https://www.lg.com/uk/microwave-ovens/mb3940gs/,UK,제품 상세 (PDP),75
https://www.lg.com/uk/microwave-ovens/mb3949g/,UK,제품 상세 (PDP),75
https://www.lg.com/uk/microwave-ovens/mc7849hs/,UK,제품 상세 (PDP),75
https://www.lg.com/uk/microwave-ovens/mc8087ark/,UK,제품 상세 (PDP),75
https://www.lg.com/uk/microwave-ovens/mc8087ars/,UK,제품 상세 (PDP),78
https://www.lg.com/uk/microwave-ovens/mc8087mrs/,UK,제품 상세 (PDP),75
https://www.lg.com/uk/microwave-ovens/mc8088hl/,UK,제품 상세 (PDP),75
https://www.lg.com/uk/microwave-ovens/mc8088hr/,UK,제품 상세 (PDP),78
https://www.lg.com/uk/microwave-ovens/mc8289brk/,UK,제품 상세 (PDP),75
https://www.lg.com/uk/air-to-water-heat-pumps/monobloc/hm123mrs-ub40/,UK,제품 상세 (PDP),72
https://www.lg.com/uk/air-to-water-heat-pumps/monobloc/hm143mrs-ub40/,UK,제품 상세 (PDP),72
https://www.lg.com/uk/air-to-water-heat-pumps/monobloc/hm163mrs-ub40/,UK,제품 상세 (PDP),72
https://www.lg.com/uk/care-accessories/air-conditioner/filter/5231a30003b/,UK,제품 상세 (PDP),75
https://www.lg.com/uk/care-accessories/air-conditioner/filter/adq73273301/,UK,제품 상세 (PDP),75
https://www.lg.com/uk/care-accessories/air-conditioner/filter/adq73493505/,UK,제품 상세 (PDP),75
https://www.lg.com/uk/care-accessories/air-conditioner/filter/adq75233701/,UK,제품 상세 (PDP),75
https://www.lg.com/uk/care-accessories/air-conditioner/remote-controller/akb73355703/,UK,제품 상세 (PDP),75
https://www.lg.com/uk/air-purifiers/as55gdwu0/,UK,제품 상세 (PDP),72
https://www.lg.com/uk/air-purifiers/as60gdwv0/,UK,제품 상세 (PDP),72
https://www.lg.com/uk/laundry/styler/rx5mr/,UK,제품 상세 (PDP),76
https://www.lg.com/uk/laundry/styler/s3bf/,UK,제품 상세 (PDP),78
https://www.lg.com/uk/laundry/styler/s3wf/,UK,제품 상세 (PDP),79
https://www.lg.com/uk/appliance-accessories/383EER4001B/,UK,제품 상세 (PDP),75
https://www.lg.com/uk/appliance-accessories/5214FR3188G/,UK,제품 상세 (PDP),75
https://www.lg.com/uk/appliance-accessories/ADQ73214408/,UK,제품 상세 (PDP),75
https://www.lg.com/uk/appliance-accessories/ADQ73613410/,UK,제품 상세 (PDP),76
https://www.lg.com/uk/appliance-accessories/ADQ73693901/,UK,제품 상세 (PDP),78
https://www.lg.com/uk/appliances/ADQ73214408/,UK,제품 상세 (PDP),75
https://www.lg.com/uk/appliances/ADQ73693901---2/,UK,제품 상세 (PDP),78
https://www.lg.com/uk/appliances/ADQ73693901---4/,UK,제품 상세 (PDP),78
https://www.lg.com/uk/appliances/ADQ73693901/,UK,제품 상세 (PDP),78
https://www.lg.com/uk/appliances/ADQ73853823/,UK,제품 상세 (PDP),78
https://www.lg.com/uk/blu-ray-dvd-players/bd350/,UK,제품 상세 (PDP),75
https://www.lg.com/uk/blu-ray-dvd-players/bd370/,UK,제품 상세 (PDP),78
https://www.lg.com/uk/blu-ray-dvd-players/bd390/,UK,제품 상세 (PDP),78
https://www.lg.com/uk/blu-ray-dvd-players/bd550/,UK,제품 상세 (PDP),75
https://www.lg.com/uk/blu-ray-dvd-players/bd560/,UK,제품 상세 (PDP),75
https://www.lg.com/uk/tvs/oled-tv/Name/,UK,제품 카테고리 (PLP),83
https://www.lg.com/uk/art-tv/,UK,제품 카테고리 (PLP),79
https://www.lg.com/uk/tvs-soundbars/,UK,제품 카테고리 (PLP),79
https://www.lg.com/uk/for-the-love-of-great-tv/,UK,제품 카테고리 (PLP),72
https://www.lg.com/uk/tvs-soundbars/2023/entertainment/,UK,제품 카테고리 (PLP),76
https://www.lg.com/uk/tvs-soundbars/2023/smart/,UK,제품 카테고리 (PLP),77
https://www.lg.com/uk/why-lgoled/display/,UK,제품 카테고리 (PLP),69
https://www.lg.com/uk/tvs-soundbars/2024/smart/,UK,제품 카테고리 (PLP),69
https://www.lg.com/uk/speakers/,UK,제품 카테고리 (PLP),72
https://www.lg.com/uk/lg-xboom-by-will-i-am/,UK,제품 카테고리 (PLP),76
https://www.lg.com/uk/speakers/2023/soundbars/,UK,제품 카테고리 (PLP),76
https://www.lg.com/uk/speakers/all-in-one-soundbars/,UK,제품 카테고리 (PLP),83
https://www.lg.com/uk/speakers/all-soundbars/,UK,제품 카테고리 (PLP),86
https://www.lg.com/uk/speakers/all-speakers/,UK,제품 카테고리 (PLP),83
https://www.lg.com/uk/speakers/gaming-speakers/,UK,제품 카테고리 (PLP),83
https://www.lg.com/uk/speakers/hi-fi-system/,UK,제품 카테고리 (PLP),76
https://www.lg.com/uk/speakers/home-cinema-soundbar/,UK,제품 카테고리 (PLP),83
https://www.lg.com/uk/monitor/monitor-products-ips/,UK,제품 카테고리 (PLP),66
https://www.lg.com/uk/monitors/all-monitors/,UK,제품 카테고리 (PLP),76
https://www.lg.com/uk/monitors/curved-monitor/,UK,제품 카테고리 (PLP),83
https://www.lg.com/uk/monitors/fhd-qhd/,UK,제품 카테고리 (PLP),76
https://www.lg.com/uk/monitors/gaming-monitor/,UK,제품 카테고리 (PLP),83
https://www.lg.com/uk/monitors/gaming-monitors/,UK,제품 카테고리 (PLP),66
https://www.lg.com/uk/monitors/gaming/,UK,제품 카테고리 (PLP),83
https://www.lg.com/uk/monitors/gaming/event/,UK,제품 카테고리 (PLP),66
https://www.lg.com/uk/fridge-freezers/,UK,제품 카테고리 (PLP),80
https://www.lg.com/uk/fridge-freezers/all-fridge-freezers/,UK,제품 카테고리 (PLP),80
https://www.lg.com/uk/fridge-freezers/all-fridge-freezers/?ec_ft_06513242=A_rated,UK,제품 카테고리 (PLP),80
https://www.lg.com/uk/fridge-freezers/all-fridge-freezers/?ec_ft_06513242=B_rated,UK,제품 카테고리 (PLP),80
https://www.lg.com/uk/fridge-freezers/all-fridge-freezers/?ec_ft_06513242=C_rated,UK,제품 카테고리 (PLP),80
https://www.lg.com/uk/fridge-freezers/all-fridge-freezers/?ec_ft_06513242=D_rated,UK,제품 카테고리 (PLP),80
https://www.lg.com/uk/fridge-freezers/all-fridge-freezers/?ec_ft_06513242=E_rated,UK,제품 카테고리 (PLP),80
https://www.lg.com/uk/fridge-freezers/all-fridge-freezers/?ec_ft_06513242=F_rated,UK,제품 카테고리 (PLP),80
https://www.lg.com/uk/fridge-freezers/all-fridge-freezers/?ec_ft_06513243=Black,UK,제품 카테고리 (PLP),80
https://www.lg.com/uk/fridge-freezers/all-fridge-freezers/?ec_ft_06513243=Silver%2FGrey,UK,제품 카테고리 (PLP),80
https://www.lg.com/uk/fridge-freezers/all-fridge-freezers/?ec_ft_06513243=Stainless_Steel,UK,제품 카테고리 (PLP),80
https://www.lg.com/uk/fridge-freezers/all-fridge-freezers/?ec_ft_06513243=White,UK,제품 카테고리 (PLP),82
https://www.lg.com/uk/laundry/,UK,제품 카테고리 (PLP),77
https://www.lg.com/uk/dishwashers/,UK,제품 카테고리 (PLP),79
https://www.lg.com/uk/aidd-laundry/,UK,제품 카테고리 (PLP),73
https://www.lg.com/uk/laundry-finder/,UK,제품 카테고리 (PLP),59
https://www.lg.com/uk/save-on-energy-efficient-washer/,UK,제품 카테고리 (PLP),66
https://www.lg.com/uk/laundry/all-laundry/,UK,제품 카테고리 (PLP),81
https://www.lg.com/uk/dishwashers/?ec_ft_07551816=Freestanding,UK,제품 카테고리 (PLP),79
https://www.lg.com/uk/dishwashers/?ec_ft_07551816=Integrated,UK,제품 카테고리 (PLP),79
https://www.lg.com/uk/dishwashers/?ec_ft_07551818=Matte_Black,UK,제품 카테고리 (PLP),79
https://www.lg.com/uk/heating-solution/all/,UK,제품 카테고리 (PLP),69
https://www.lg.com/uk/air-to-water-heat-pumps/,UK,제품 카테고리 (PLP),79
https://www.lg.com/uk/heating-solution/hydrosplit/,UK,제품 카테고리 (PLP),69
https://www.lg.com/uk/air-to-water-heat-pumps/going-the-extra-mile-to-offeset-carbon-footprint/,UK,제품 카테고리 (PLP),79
https://www.lg.com/uk/heating-solution/monobloc/,UK,제품 카테고리 (PLP),62
https://www.lg.com/uk/air-to-water-heat-pumps/hydrosplit/,UK,제품 카테고리 (PLP),83
https://www.lg.com/uk/heating-solution/split/,UK,제품 카테고리 (PLP),59
https://www.lg.com/uk/air-to-water-heat-pumps/installers/,UK,제품 카테고리 (PLP),79
https://www.lg.com/uk/air-to-water-heat-pumps/monobloc/,UK,제품 카테고리 (PLP),79
https://www.lg.com/uk/air-to-water-heat-pumps/quotation/,UK,제품 카테고리 (PLP),79
https://www.lg.com/uk/air-to-water-heat-pumps/split/,UK,제품 카테고리 (PLP),80
https://www.lg.com/uk/air-to-water-heat-pumps/thermav/,UK,제품 카테고리 (PLP),44
https://www.lg.com/uk/air-to-water-heat-pumps/things-to-consider-when-installing-an-air-source-heat-pump/,UK,제품 카테고리 (PLP),72
https://www.lg.com/uk/microwaves/,UK,제품 카테고리 (PLP),80
https://www.lg.com/uk/cooking-appliances/,UK,제품 카테고리 (PLP),66
https://www.lg.com/uk/microwaves/grill/,UK,제품 카테고리 (PLP),87
https://www.lg.com/uk/microwaves/solo/,UK,제품 카테고리 (PLP),87
https://www.lg.com/uk/accessibility-declaration/,UK,제품 카테고리 (PLP),76
https://www.lg.com/uk/account-integration/,UK,제품 카테고리 (PLP),62
https://www.lg.com/uk/account-integration-old/,UK,제품 카테고리 (PLP),69
https://www.lg.com/uk/all-offers/,UK,제품 카테고리 (PLP),69
https://www.lg.com/uk/all-soundsuite/,UK,제품 카테고리 (PLP),83
https://www.lg.com/uk/all-stars/,UK,제품 카테고리 (PLP),69
https://www.lg.com/uk/appliance-accessories/,UK,제품 카테고리 (PLP),83
https://www.lg.com/uk/appliance-finder/,UK,제품 카테고리 (PLP),72
https://www.lg.com/uk/appliance-offer/,UK,제품 카테고리 (PLP),66
https://www.lg.com/uk/appliances/,UK,제품 카테고리 (PLP),76
https://www.lg.com/uk/b2b-industry/Retail-Product-Finder/,UK,제품 카테고리 (PLP),63
https://www.lg.com/uk/best/,UK,제품 카테고리 (PLP),72
https://www.lg.com/uk/blu-ray-dvd-players/,UK,제품 카테고리 (PLP),69
https://www.lg.com/uk/wireless-earbuds/xboombuds/budslite/,UK,제품 카테고리 (PLP),73
https://www.lg.com/uk/why-lgoled/design/,UK,제품 카테고리 (PLP),70
https://www.lg.com/uk/webos-smart-tv/,UK,제품 카테고리 (PLP),69
https://www.lg.com/uk/why-lgoled/,UK,제품 카테고리 (PLP),66
https://www.lg.com/uk/speakers-sound-systems/hi-fi-systems/,UK,제품 카테고리 (PLP),69
https://www.lg.com/uk/why-lgoled/cinema/,UK,제품 카테고리 (PLP),70
https://www.lg.com/uk/speakers-sound-systems/gaming-speakers/,UK,제품 카테고리 (PLP),69
https://www.lg.com/uk/speakers-sound-systems/portable-bluetooth-speakers/,UK,제품 카테고리 (PLP),83
https://www.lg.com/uk/speakers-sound-systems/soundbars/,UK,제품 카테고리 (PLP),79
https://www.lg.com/uk/monitors/hyper-mini-led-gaming-monitor/,UK,제품 카테고리 (PLP),83
https://www.lg.com/uk/lg-heat-pump-laundry-solution/,UK,제품 카테고리 (PLP),73
https://www.lg.com/uk/upgrade-your-laundry/,UK,제품 카테고리 (PLP),79
https://www.lg.com/uk/laundry/all-laundry/?ec_ft_05036741=10.5kg,UK,제품 카테고리 (PLP),83
https://www.lg.com/uk/fridge-freezers/all-fridge-freezers/?ec_ft_06513245=Inverter_Linear_Compressor™,UK,제품 카테고리 (PLP),80
https://www.lg.com/uk/fridge-freezers/all-fridge-freezers/?ec_ft_07518604=Ice_&_Water_Dispenser(Non-Plumbing),UK,제품 카테고리 (PLP),80
https://www.lg.com/uk/speakers/home-theater-soundbars/,UK,제품 카테고리 (PLP),83
https://www.lg.com/uk/monitors/gaming/site-pdp-page/,UK,제품 카테고리 (PLP),79
https://www.lg.com/uk/laundry/all-laundry/?ec_ft_05036741=11kg,UK,제품 카테고리 (PLP),83
https://www.lg.com/uk/laundry/all-laundry/?ec_ft_05036741=10kg,UK,제품 카테고리 (PLP),83
https://www.lg.com/uk/about-lg/press-media/lg-electronics-uk-ltd-tax-strategy/,UK,프레스앤미디어,78
https://www.lg.com/uk/about-lg/press-media/lgs-record-breaking-blu-ray-external-drive-launches-in-the-uk/,UK,프레스앤미디어,78
https://www.lg.com/uk/about-lg/press-media/lg-smart-park-named-lighthouse-factory-for-futuristic-manufacturing-technology/,UK,프레스앤미디어,75
https://www.lg.com/uk/about-lg/press-media/lg-ultragear-named-league-of-legends-european-championship-official-gaming-monitor-partner/,UK,프레스앤미디어,78
https://www.lg.com/uk/about-lg/press-media/lg-named-which-home-entertainment-brand-of-the-year/,UK,프레스앤미디어,78
https://www.lg.com/uk/about-lg/press-media/new-additions-to-lg-tone-free-lineup-deliver-enhanced-performance/,UK,프레스앤미디어,78
https://www.lg.com/uk/about-lg/press-media/lg-electronics-renews-multi-million-sponsorship-deal-with-the-fa/,UK,프레스앤미디어,78
https://www.lg.com/uk/about-lg/press-media/lg-2021-soundbars-offer-premium-audio-and-ai-features/,UK,프레스앤미디어,78
https://www.lg.com/uk/about-lg/press-media/the-value-of-television/,UK,프레스앤미디어,81
https://www.lg.com/uk/about-lg/press-media/lg-oled-tv-and-xbox-series-x-unleash-next-gen-console-gaming-experience/,UK,프레스앤미디어,78
https://www.lg.com/uk/about-lg/press-media/lg-shines-a-light-on-darker-days-with-colour-therapy-content-series/,UK,프레스앤미디어,78
https://www.lg.com/uk/about-lg/press-media/lg-reveals-new-self-cleaning-wireless-earbuds/,UK,프레스앤미디어,78
https://www.lg.com/uk/about-lg/press-media/lg-begins-uk-rollout-of-2020-tv-lineup-spearheaded-by-award-winning-oled-tvs/,UK,프레스앤미디어,78
https://www.lg.com/uk/about-lg/press-media/the-jungle-book-revealed-as-the-most-nostalgic-disney-film/,UK,프레스앤미디어,78
https://www.lg.com/uk/about-lg/press-media/lg-films-first-tottenham-hotspur-premier-league-game-in-8k/,UK,프레스앤미디어,78
https://www.lg.com/uk/about-lg/press-media/lg-commits-to-carbon-neutrality-by-2030/,UK,프레스앤미디어,81
https://www.lg.com/uk/about-lg/press-media/lg-showcases-real-life-benefits-of-lg-home-at-innofest-europe-2019/,UK,프레스앤미디어,78
https://www.lg.com/uk/about-lg/press-media/lg-brings-intelligent-manufacturing-solutions-to-hannover-messe-2019/,UK,프레스앤미디어,78
https://www.lg.com/uk/about-lg/press-media/lg-emerges-as-big-winner-at-2019-red-dot-design-awards/,UK,프레스앤미디어,78
https://www.lg.com/uk/about-lg/press-media/lg-oled-tv-brings-home-if-gold-award-for-design-excellence/,UK,프레스앤미디어,78
https://www.lg.com/uk/about-lg/press-media/lg-kicks-off-global-rollout-of-2019-tv-lineup/,UK,프레스앤미디어,81
https://www.lg.com/uk/about-lg/press-media/lg-unveils-two-groundbreaking-smartphones/,UK,프레스앤미디어,78
https://www.lg.com/uk/about-lg/press-media/designed-with-solid-fundamentals-new-lg-q-and-k-series-are-designed-to-impress/,UK,프레스앤미디어,78
https://www.lg.com/uk/about-lg/press-media/lg-receives-more-than-140-ces-awards-and-honours-across-various-categories/,UK,프레스앤미디어,81
https://www.lg.com/uk/about-lg/press-media/lgs-ai-enabled-thinq-devices-take-top-honours/,UK,프레스앤미디어,78
https://www.lg.com/uk/about-lg/press-media/exclusive-bts-content-available-only-on-lg-smartphones/,UK,프레스앤미디어,78
https://www.lg.com/uk/about-lg/press-media/lg-is-bringing-football-home-to-the-streets-of-wembley-with-bumper-home-entertainment-giveaway/,UK,프레스앤미디어,81
https://www.lg.com/uk/about-lg/press-media/lg-launches-the-lg-twinwash-football-challenge-in-collaboration-with-the-national-schools-partnership/,UK,프레스앤미디어,70
https://www.lg.com/uk/about-lg/press-media/lg-unveils-eco-city-garden-for-rhs-chelsea-flower-show-2018/,UK,프레스앤미디어,74
https://www.lg.com/uk/about-lg/press-media/lg-signs-multi-million-sponsorship-deal-with-the-fa/,UK,프레스앤미디어,74
https://www.lg.com/uk/about-lg/press-media/lg-signature-collaborates-with-designer-patrick-grant-to-celebrate-a-vision-of-modern-living/,UK,프레스앤미디어,74
https://www.lg.com/uk/about-lg/press-media/lg-supports-local-charity-with-sponsored-cycle-to-south-korea/,UK,프레스앤미디어,74
https://www.lg.com/uk/about-lg/press-media/sky-store-tv-app-now-available-exclusively-on-lg-smart-tvs/,UK,프레스앤미디어,70
https://www.lg.com/uk/about-lg/press-media/lg-works-with-instagram-artist-to-showcase-the-worlds-first-wallpaper-tv/,UK,프레스앤미디어,74
https://www.lg.com/uk/about-lg/press-media/exceptional-picture-quality-of-lgs-2017-4k-tvs-certified-by-eurofins/,UK,프레스앤미디어,70
https://www.lg.com/uk/about-lg/press-media/lg-unveils-new-g6-with-a-large-fullvision-display-tailored-to-fit-in-one-hand/,UK,프레스앤미디어,70
https://www.lg.com/uk/about-lg/press-media/lg-signature-oled-tv-w-pushes-tv-design-into-a-new-dimension-at-ces-2017/,UK,프레스앤미디어,70
https://www.lg.com/uk/about-lg/press-media/lg-leverages-display-expertise-entersmedical-imaging-market/,UK,프레스앤미디어,70
https://www.lg.com/uk/about-lg/press-media/brits-forgo-washing-underwear-to-help-the-environment/,UK,프레스앤미디어,74
https://www.lg.com/uk/about-lg/press-media/evolution-of-the-eye-revealed-with-lg-oled-tv-and-natural-history-museum/,UK,프레스앤미디어,74
https://www.lg.com/uk/about-lg/press-media/lg-opens-new-shop-in-shop-in-hulls-hanson-electrical/,UK,프레스앤미디어,70
https://www.lg.com/uk/about-lg/press-media/introducing-a-more-playful-and-innovative-lg-ux-50/,UK,프레스앤미디어,70
https://www.lg.com/uk/about-lg/press-media/with-lg-360-cam-and-google-street-view-share-and-enjoy-360-degree-content-with-ease/,UK,프레스앤미디어,74
https://www.lg.com/uk/about-lg/press-media/lg-to-introduce-all-new-4k-hdr-enabled-oled-tv-lineup-at-ces-2016/,UK,프레스앤미디어,70
https://www.lg.com/uk/about-lg/press-media/newlg-super-uhd-tv-lineup-sure-to-impress-2016-ces-attendees/,UK,프레스앤미디어,70
https://www.lg.com/uk/about-lg/press-media/lg-advances-smart-home-ecosystem-with-smart-thinq-hub-at-ces-2016/,UK,프레스앤미디어,70
https://www.lg.com/uk/about-lg/press-media/popular-lg-tone-infinim-head-set-gets-updated-for-2016/,UK,프레스앤미디어,70
https://www.lg.com/uk/about-lg/press-media/lg-to-unveillg-signature-premium-lineup-at-ces-2016/,UK,프레스앤미디어,70
https://www.lg.com/uk/about-lg/press-media/lg-to-unveil-new-version-of-popular-webos-smart-tv-platform-at-ces-2016/,UK,프레스앤미디어,70
https://www.lg.com/uk/about-lg/press-media/lgs-firstever-super-bowl-commercial-bolstersbig-oled-tv-marketing-blitz/,UK,프레스앤미디어,70
https://www.lg.com/uk/about-lg/press-media/lg-expands-popular-musicflow-lineup-with-new-wireless-sound-barsand-x-boom-audio-systems/,UK,프레스앤미디어,70
https://www.lg.com/uk/about-lg/press-media/lg-named-brand-of-the-year-2015-at-red-dot-award/,UK,프레스앤미디어,70
https://www.lg.com/uk/about-lg/press-media/lg-begins-android-60-marshmallow-rollout-starting-with-g4/,UK,프레스앤미디어,74
https://www.lg.com/uk/about-lg/press-media/nexus-5x-lg-and-google-collaborate-on-the-most-advanced-nexus-phone-to-date/,UK,프레스앤미디어,70
https://www.lg.com/uk/about-lg/press-media/lg-to-offer-free-value-pack-upgrade-to-webos-10-smart-tv-owners/,UK,프레스앤미디어,70
https://www.lg.com/uk/about-lg/press-media/lg-to-double-global-oled-tv-offerings-in-2015/,UK,프레스앤미디어,70
https://www.lg.com/uk/about-lg/press-media/lg-to-unveil-uber-durable-centum-system-front-load-washing-machine-at-ifa-2015/,UK,프레스앤미디어,74
https://www.lg.com/uk/about-lg/press-media/lg-electronics-honored-with-four-eisa-awards/,UK,프레스앤미디어,74
https://www.lg.com/uk/about-lg/press-media/lgs-beautiful-curved-soundbar-sounds-as-good-as-it-looks/,UK,프레스앤미디어,70
https://www.lg.com/uk/about-lg/press-media/introducing-the-g4c-the-newest-member-o-lgs-g4-series/,UK,프레스앤미디어,74
https://www.lg.com/uk/about-lg/press-media/lg-unveils-more-human-centric-lg-ux-40/,UK,프레스앤미디어,70
https://www.lg.com/uk/about-lg/press-media/lg-g3-named-best-smartphone-and-lg-urbane-smart-watches-take-home-9-awards-at-mwc-2015/,UK,프레스앤미디어,70
https://www.lg.com/uk/about-lg/press-media/lg-g-flex2-begins-global-rollout/,UK,프레스앤미디어,74
https://www.lg.com/uk/about-lg/press-media/lgs-new-mid-range-smartphone-lineup-delivers-premium-design-and-features/,UK,프레스앤미디어,74
https://www.lg.com/uk/about-lg/press-media/lg-watch-urbane-melds-classic-look-with-enhanced-features/,UK,프레스앤미디어,74
https://www.lg.com/uk/about-lg/press-media/99-per-cent-of-brits-cannot-recognise-common-garment-care-symbols-despite-9-in-10-owning-a-washing-machine/,UK,프레스앤미디어,70
https://www.lg.com/uk/about-lg/press-media/lg-appliances-awarded-energy-saving-trust-verification/,UK,프레스앤미디어,74
https://www.lg.com/uk/about-lg/press-media/lg-kicks-off-loops-new-football-campaign/,UK,프레스앤미디어,70
https://www.lg.com/uk/about-lg/press-media/lg-electronics-becomes-a-global-partner-of-formula-1/,UK,프레스앤미디어,74
https://www.lg.com/uk/about-lg/press-media/lgs-lighting-up-londons-skyline-this-new-years-eve/,UK,프레스앤미디어,70
https://www.lg.com/uk/about-lg/press-media/lg-brings-new-meaning-to-pc-entertainment/,UK,프레스앤미디어,74
https://www.lg.com/uk/about-lg/press-media/lg-launches-if-award-winning-monitor/,UK,프레스앤미디어,74
https://www.lg.com/uk/about-lg/press-media/lg-launches-22-webcam-monitor-in-the-uk/,UK,프레스앤미디어,70
https://www.lg.com/uk/about-lg/press-media/lg-unveils-world-first-full-touchscreen-8-megapixel-camera-phone/,UK,프레스앤미디어,74
https://www.lg.com/uk/about-lg/press-media/lg-launches-the-kc550-pink/,UK,프레스앤미디어,74
https://www.lg.com/uk/about-lg/press-media/lg-launches-kt520/,UK,프레스앤미디어,74
https://www.lg.com/uk/about-lg/press-media/1000-pound-kitchen-investment-gives-10000-pound-return/,UK,프레스앤미디어,70
https://www.lg.com/uk/about-lg/press-media/get-the-message-with-lgs-new-ks360/,UK,프레스앤미디어,74
https://www.lg.com/uk/about-lg/press-media/lg-toughens-up-with-its-new-hard-glass-monitors/,UK,프레스앤미디어,70
https://www.lg.com/uk/about-lg/press-media/lg-captures-the-moment-with-the-new-lg-kc550/,UK,프레스앤미디어,74
https://www.lg.com/uk/about-lg/press-media/lg-hits-the-road-to-find-the-uks-ultimate-style-icon/,UK,프레스앤미디어,70
https://www.lg.com/uk/about-lg/press-media/nutritious-healthy-meals-created-in-an-instant-with-lgsbr-all-in-one-solarcube-oven/,UK,프레스앤미디어,74
https://www.lg.com/uk/about-lg/press-media/lg-launches-first-9kg-steam-washing-machine/,UK,프레스앤미디어,74
https://www.lg.com/uk/about-lg/press-media/lgs-record-breaking-blu-ray-external-drive/,UK,프레스앤미디어,74
https://www.lg.com/uk/about-lg/press-media/lg-launches-the-hit-new-lcd-tv-scarlet/,UK,프레스앤미디어,70
https://www.lg.com/uk/about-lg/press-media/lgs-secret-unveiled/,UK,프레스앤미디어,70
https://www.lg.com/uk/about-lg/press-media/marilyn-monroe-and-elvis-the-uks-favourite-style-icons/,UK,프레스앤미디어,74
https://www.lg.com/uk/about-lg/press-media/uk-says-the-mobile-phone-is-the-secret-to-a-perfect-look/,UK,프레스앤미디어,74
https://www.lg.com/uk/about-lg/press-media/lg-expands-its-widescreen-monitor-range/,UK,프레스앤미디어,74
https://www.lg.com/uk/about-lg/press-media/lgs-pg6000-takes-it-to-the-edge/,UK,프레스앤미디어,70
https://www.lg.com/uk/about-lg/press-media/slim-stylish-sleek-lcds-have-just-got-sexy/,UK,프레스앤미디어,70
https://www.lg.com/uk/about-lg/press-media/your-kitchen-in-bloom/,UK,프레스앤미디어,74
https://www.lg.com/uk/about-lg/press-media/lg-launches-its-premium-22-100001-monitor-in-the-uk/,UK,프레스앤미디어,74
https://www.lg.com/uk/about-lg/press-media/stronglg-electronics-strong-to-sponsor-fis-snowboard-world-/,UK,프레스앤미디어,70
https://www.lg.com/uk/about-lg/press-media/lg-named-as-a-business-superbrand/,UK,프레스앤미디어,70
https://www.lg.com/uk/about-lg/press-media/lg-returns-to-london-fashion-week-with-its-intelligent-fashion-icons/,UK,프레스앤미디어,70
https://www.lg.com/uk/about-lg/press-media/lg-electronics-announces-new-symbian-smartphone-with-gps/,UK,프레스앤미디어,70
https://www.lg.com/uk/about-lg/press-media/lg-introduces-mind-reading-interactive-phone/,UK,프레스앤미디어,70
https://www.lg.com/uk/about-lg/press-media/inimitable-style-slender-strength/,UK,프레스앤미디어,74
https://www.lg.com/uk/about-lg/press-media/lg-adds-touch-of-class-to-gsma-world-congress-2008-with-cutting-edge-line-up-of-new-devices/,UK,프레스앤미디어,70
https://www.lg.com/uk/support/,UK,지원/Support,81
https://www.lg.com/uk/support/Cancellation-Order/,UK,지원/Support,81
https://www.lg.com/uk/support/announcement/,UK,지원/Support,78
https://www.lg.com/uk/support/announcement/-lg-styler---e4-error-message--guide-to-troubleshooting---repair/,UK,지원/Support,81
https://www.lg.com/uk/support/announcement/-notice--announcement-of-termination-of-internal-function-in-lg-/,UK,지원/Support,78
https://www.lg.com/uk/support/announcement/GBNTC120330003861/,UK,지원/Support,78
https://www.lg.com/uk/support/announcement/GBNTC120601000463/,UK,지원/Support,78
https://www.lg.com/uk/support/announcement/GBNTC120706500000/,UK,지원/Support,78
https://www.lg.com/uk/support/announcement/GBNTC121109100660/,UK,지원/Support,78
https://www.lg.com/uk/support/announcement/GBNTC121116100720/,UK,지원/Support,78
https://www.lg.com/uk/support/announcement/GBNTC121121100860/,UK,지원/Support,78
https://www.lg.com/uk/support/announcement/GBNTC130921103140/,UK,지원/Support,78
https://www.lg.com/uk/support/announcement/GBNTC131220103480/,UK,지원/Support,78
https://www.lg.com/uk/support/announcement/GBNTC140201103660/,UK,지원/Support,78
https://www.lg.com/uk/support/announcement/GBNTC140718104140/,UK,지원/Support,78
https://www.lg.com/uk/support/announcement/GBNTC141122104760/,UK,지원/Support,78
https://www.lg.com/uk/support/announcement/GBNTC150421105540/,UK,지원/Support,78
https://www.lg.com/uk/support/announcement/GBNTC150708106340/,UK,지원/Support,78
https://www.lg.com/uk/support/announcement/GBNTC160608120340/,UK,지원/Support,78
https://www.lg.com/uk/support/announcement/GBNTC180608123600/,UK,지원/Support,78
https://www.lg.com/uk/support/announcement/GBNTC181031124320/,UK,지원/Support,78
https://www.lg.com/uk/support/announcement/GBNTC181031124321/,UK,지원/Support,78
https://www.lg.com/uk/support/announcement/GBNTC20201013150690/,UK,지원/Support,78
https://www.lg.com/uk/support/announcement/GBNTC20220419152260/,UK,지원/Support,78
https://www.lg.com/uk/support/announcement/GBNTC20220603152433/,UK,지원/Support,78
https://www.lg.com/uk/support/announcement/GBNTC20220711152790/,UK,지원/Support,78
https://www.lg.com/uk/support/announcement/GBNTC20230310153481/,UK,지원/Support,78
https://www.lg.com/uk/support/announcement/GBNTC20230503153720/,UK,지원/Support,78
https://www.lg.com/uk/support/announcement/GBNTC20230503153721/,UK,지원/Support,78
https://www.lg.com/uk/support/announcement/GBNTC20230831154132/,UK,지원/Support,78
https://www.lg.com/uk/support/announcement/GBNTC20240527001/,UK,지원/Support,78
https://www.lg.com/uk/support/announcement/GBNTC20241107001/,UK,지원/Support,78
https://www.lg.com/uk/support/announcement/notice-of-spotify-service-termination/,UK,지원/Support,78
https://www.lg.com/uk/support/announcement/notice-of-termination-of-the-services-of-gracenote-music-id-video-id-eyeq-epg-for-blu-ray-player-blu-ray-home-theater-system-will-no-longer-be-available/,UK,지원/Support,78
https://www.lg.com/uk/support/announcement/notice-on-termination-of-services--accuweather/,UK,지원/Support,78
https://www.lg.com/uk/support/announcement/notice-on-termination-of-services-of-LG-Electronics-Mobile-Phone-Software-Upgrade/,UK,지원/Support,78
https://www.lg.com/uk/support/announcement/temporary-purchasing-closure/,UK,지원/Support,78
https://www.lg.com/uk/support/announcement/updates-to-lg-electronics-service-privacy-policy-04292026/,UK,지원/Support,78
https://www.lg.com/uk/support/announcement/updates-to-lg-electronics-service-privacy-policy-09252025/,UK,지원/Support,78
https://www.lg.com/uk/support/announcement/updates-to-lg-electronics-service-privacy-policy/,UK,지원/Support,78
https://www.lg.com/uk/support/announcements-as-is/,UK,지원/Support,81
https://www.lg.com/uk/support/announcements-as-is/announcement-details/,UK,지원/Support,78
https://www.lg.com/uk/support/announcements/GBNTC120330003861/,UK,지원/Support,78
https://www.lg.com/uk/support/announcements/GBNTC120601000463/,UK,지원/Support,78
https://www.lg.com/uk/support/announcements/GBNTC120706500000/,UK,지원/Support,78
https://www.lg.com/uk/support/announcements/GBNTC121109100660/,UK,지원/Support,78
https://www.lg.com/uk/support/announcements/GBNTC121116100720/,UK,지원/Support,78
https://www.lg.com/uk/support/announcements/GBNTC121121100860/,UK,지원/Support,78
https://www.lg.com/uk/support/announcements/GBNTC130921103140/,UK,지원/Support,78
https://www.lg.com/uk/support/announcements/GBNTC131220103480/,UK,지원/Support,78
https://www.lg.com/uk/support/announcements/GBNTC140201103660/,UK,지원/Support,78
https://www.lg.com/uk/support/announcements/GBNTC140718104140/,UK,지원/Support,78
https://www.lg.com/uk/support/announcements/GBNTC141122104760/,UK,지원/Support,78
https://www.lg.com/uk/support/announcements/GBNTC150421105540/,UK,지원/Support,78
https://www.lg.com/uk/support/announcements/GBNTC150708106340/,UK,지원/Support,78
https://www.lg.com/uk/support/announcements/GBNTC160608120340/,UK,지원/Support,78
https://www.lg.com/uk/support/announcements/GBNTC180608123600/,UK,지원/Support,78
https://www.lg.com/uk/support/announcements/GBNTC181031124320/,UK,지원/Support,78
https://www.lg.com/uk/support/announcements/GBNTC181031124321/,UK,지원/Support,78
https://www.lg.com/uk/support/announcements/GBNTC20201013150690/,UK,지원/Support,78
https://www.lg.com/uk/support/announcements/GBNTC20220419152260/,UK,지원/Support,78
https://www.lg.com/uk/support/announcements/GBNTC20220603152433/,UK,지원/Support,78
https://www.lg.com/uk/support/announcements/GBNTC20220711152790/,UK,지원/Support,78
https://www.lg.com/uk/support/announcements/GBNTC20230310153481/,UK,지원/Support,78
https://www.lg.com/uk/support/announcements/GBNTC20230503153720/,UK,지원/Support,78
https://www.lg.com/uk/support/announcements/GBNTC20230503153721/,UK,지원/Support,78
https://www.lg.com/uk/support/announcements/GBNTC20230831154132/,UK,지원/Support,78
https://www.lg.com/uk/support/business-warranty/,UK,지원/Support,78
https://www.lg.com/uk/support/contact-us/,UK,지원/Support,85
https://www.lg.com/uk/support/contact-us/business-contact-information/,UK,지원/Support,78
https://www.lg.com/uk/support/contact-us/document-upload/,UK,지원/Support,85
https://www.lg.com/uk/support/contact-us/email-us/,UK,지원/Support,78
https://www.lg.com/uk/support/contact-us/share-your-feedback/,UK,지원/Support,81
https://www.lg.com/uk/support/contact-us/share-your-voice-with-the-lg-president/,UK,지원/Support,81
https://www.lg.com/uk/support/contact-us/your-voice-to-the-president/,UK,지원/Support,81
https://www.lg.com/uk/support/dishwasher-support/,UK,지원/Support,70
https://www.lg.com/uk/support/dishwasher/,UK,지원/Support,78
https://www.lg.com/uk/support/error-pages/,UK,지원/Support,63
https://www.lg.com/uk/support/error-pages/down-time-check/,UK,지원/Support,63
https://www.lg.com/uk/support/laptops/,UK,지원/Support,78
https://www.lg.com/uk/support/lg-environmental/,UK,지원/Support,70
https://www.lg.com/uk/support/lg-gram-support/,UK,지원/Support,74
https://www.lg.com/uk/support/lg-shield/,UK,지원/Support,75
https://www.lg.com/uk/support/lg-speaker-support/,UK,지원/Support,85
https://www.lg.com/uk/support/lg-tone-support/,UK,지원/Support,78
https://www.lg.com/uk/support/minho-page/,UK,지원/Support,63
https://www.lg.com/uk/support/minho-page/OD2/,UK,지원/Support,67
https://www.lg.com/uk/support/minho-page/OD2/frequently-asked-questions/,UK,지원/Support,67
https://www.lg.com/uk/support/minho-page/OD2/track-my-order/,UK,지원/Support,63
https://www.lg.com/uk/support/minho-page/PR-/,UK,지원/Support,67
https://www.lg.com/uk/support/minho-page/PR-/b2b-product-registration-forms/,UK,지원/Support,67
https://www.lg.com/uk/support/minho-page/PR-/product-registration-form/,UK,지원/Support,63
https://www.lg.com/uk/support/minho-page/PR-/registration-complete/,UK,지원/Support,63
https://www.lg.com/uk/support/minho-page/PR-/registration-failed/,UK,지원/Support,63
https://www.lg.com/uk/support/minho-page/additional-support/,UK,지원/Support,63
https://www.lg.com/uk/support/minho-page/additional-support/announcements/,UK,지원/Support,63
https://www.lg.com/uk/support/minho-page/additional-support/announcements/announcement-details/,UK,지원/Support,70
https://www.lg.com/uk/support/minho-page/additional-support/buy-parts-and-accessories/,UK,지원/Support,63
https://www.lg.com/uk/support/minho-page/additional-support/environmental/,UK,지원/Support,63
https://www.lg.com/uk/support/minho-page/additional-support/product-registration/,UK,지원/Support,67
https://www.lg.com/uk/support/minho-page/product-support/troubleshoot/,UK,지원 - 트러블슈팅,61
https://www.lg.com/uk/support/minho-page/product-support1/troubleshoot/,UK,지원 - 트러블슈팅,61
https://www.lg.com/uk/support/minho-page/product-support2/troubleshoot/,UK,지원 - 트러블슈팅,61
https://www.lg.com/uk/support/product-support/troubleshoot/,UK,지원 - 트러블슈팅,75
https://www.lg.com/uk/support/product-support/troubleshoot/help-library/,UK,지원 - 트러블슈팅,71
https://www.lg.com/uk/support/product-support/troubleshoot/help-library/cs-CT00001871-20151536606613/,UK,지원 - 트러블슈팅,79
https://www.lg.com/uk/support/product-support/troubleshoot/help-library/cs-CT00001871-20151536616765/,UK,지원 - 트러블슈팅,79
https://www.lg.com/uk/support/product-support/troubleshoot/help-library/cs-CT00001871-20151536622526/,UK,지원 - 트러블슈팅,79
https://www.lg.com/uk/support/product-support/troubleshoot/help-library/cs-CT00001871-20151536625704/,UK,지원 - 트러블슈팅,79
https://www.lg.com/uk/support/product-support/troubleshoot/help-library/cs-CT00001871-20151536629036/,UK,지원 - 트러블슈팅,79
https://www.lg.com/uk/support/product-support/troubleshoot/help-library/cs-CT00001871-20151536633232/,UK,지원 - 트러블슈팅,79
https://www.lg.com/uk/support/product-support/troubleshoot/help-library/cs-CT00001871-20151536646441/,UK,지원 - 트러블슈팅,79
https://www.lg.com/uk/support/product-support/troubleshoot/help-library/cs-CT00001871-20151536747825/,UK,지원 - 트러블슈팅,79
https://www.lg.com/uk/support/product-support/troubleshoot/help-library/cs-CT00001871-20151715272256/,UK,지원 - 트러블슈팅,79
https://www.lg.com/uk/support/product-support/troubleshoot/help-library/cs-CT00001871-20151771100630/,UK,지원 - 트러블슈팅,79
https://www.lg.com/uk/support/product-support/troubleshoot/help-library/cs-CT00008333-1428566212956OLT/,UK,지원 - 트러블슈팅,79
https://www.lg.com/uk/support/product-support/troubleshoot/help-library/cs-CT00008333-20150102727446/,UK,지원 - 트러블슈팅,79
https://www.lg.com/uk/support/product-support/troubleshoot/help-library/cs-CT00008333-20150149948398LST/,UK,지원 - 트러블슈팅,79
https://www.lg.com/uk/support/product-support/troubleshoot/help-library/cs-CT00008333-20150149948398OLT/,UK,지원 - 트러블슈팅,79
https://www.lg.com/uk/support/product-support/troubleshoot/help-library/cs-CT00008333-20151886158935/,UK,지원 - 트러블슈팅,79
https://www.lg.com/uk/support/product-support/troubleshoot/help-library/cs-CT00008333-20152048767718/,UK,지원 - 트러블슈팅,79
https://www.lg.com/uk/support/product-support/troubleshoot/help-library/cs-CT00008333-20152276124183OLT/,UK,지원 - 트러블슈팅,79
https://www.lg.com/uk/support/product-support/troubleshoot/help-library/cs-CT00008333-20152367881495/,UK,지원 - 트러블슈팅,79
https://www.lg.com/uk/support/product-support/troubleshoot/help-library/cs-CT00008333-20152424764906/,UK,지원 - 트러블슈팅,79
https://www.lg.com/uk/support/product-support/troubleshoot/help-library/cs-CT00008333-20152424765057/,UK,지원 - 트러블슈팅,79
https://www.lg.com/uk/support/product-support/troubleshoot/help-library/cs-CT00008333-20152424765521/,UK,지원 - 트러블슈팅,79
https://www.lg.com/uk/support/product-support/troubleshoot/help-library/cs-CT00008333-20152424765521LST/,UK,지원 - 트러블슈팅,79
https://www.lg.com/uk/support/product-support/troubleshoot/help-library/cs-CT00008333-20152531369890/,UK,지원 - 트러블슈팅,79
https://www.lg.com/uk/support/product-support/troubleshoot/help-library/cs-CT00008333-20152713775989OLT/,UK,지원 - 트러블슈팅,79
https://www.lg.com/uk/support/product-support/troubleshoot/help-library/cs-CT00008333-20153095982662/,UK,지원 - 트러블슈팅,79
https://www.lg.com/uk/support/product-support/troubleshoot/help-library/cs-CT00008333-20153096002102LST/,UK,지원 - 트러블슈팅,79
https://www.lg.com/uk/support/product-support/troubleshoot/help-library/cs-CT00008333-20153096002102OLT/,UK,지원 - 트러블슈팅,79
https://www.lg.com/uk/support/product-support/troubleshoot/help-library/cs-CT00008333-20153110698798/,UK,지원 - 트러블슈팅,79
https://www.lg.com/uk/support/product-support/troubleshoot/help-library/cs-CT00008333-20153122553695/,UK,지원 - 트러블슈팅,79
https://www.lg.com/uk/support/product-support/troubleshoot/help-library/cs-CT00008333-20153123667956/,UK,지원 - 트러블슈팅,79
https://www.lg.com/uk/support/product-support/troubleshoot/help-library/cs-CT00008333-20153130671108/,UK,지원 - 트러블슈팅,79
https://www.lg.com/uk/support/product-support/troubleshoot/help-library/cs-CT00008333-20153130902858LST/,UK,지원 - 트러블슈팅,79
https://www.lg.com/uk/support/product-support/troubleshoot/help-library/cs-CT00008333-20153132106874/,UK,지원 - 트러블슈팅,79
https://www.lg.com/uk/support/product-support/troubleshoot/help-library/cs-CT00008333-20153132106874LST/,UK,지원 - 트러블슈팅,79
https://www.lg.com/uk/support/product-support/troubleshoot/help-library/cs-CT00008333-20153143434800LST/,UK,지원 - 트러블슈팅,79
https://www.lg.com/uk/support/product-support/troubleshoot/help-library/cs-CT00008333-20153143434800OLT/,UK,지원 - 트러블슈팅,79
https://www.lg.com/uk/support/product-support/troubleshoot/help-library/cs-CT00008333-20153143498148OLT/,UK,지원 - 트러블슈팅,79
https://www.lg.com/uk/support/product-support/troubleshoot/help-library/cs-CT00008333-20153143555399LST/,UK,지원 - 트러블슈팅,79
https://www.lg.com/uk/support/product-support/troubleshoot/help-library/cs-CT00008333-20153149068177/,UK,지원 - 트러블슈팅,79
https://www.lg.com/uk/support/product-support/troubleshoot/help-library/cs-CT00008333-20153163227194OLT/,UK,지원 - 트러블슈팅,79
https://www.lg.com/uk/support/product-support/troubleshoot/help-library/cs-CT00008333-20153165912935OLT/,UK,지원 - 트러블슈팅,79
https://www.lg.com/uk/support/product-support/troubleshoot/help-library/cs-CT00008333-20153165982298/,UK,지원 - 트러블슈팅,79
https://www.lg.com/uk/support/product-support/troubleshoot/help-library/cs-CT00008333-20153176696411LST/,UK,지원 - 트러블슈팅,79
https://www.lg.com/uk/support/product-support/troubleshoot/help-library/cs-CT00008333-20153176718301LST/,UK,지원 - 트러블슈팅,79
https://www.lg.com/uk/support/product-support/troubleshoot/help-library/cs-CT00008333-20153176718301OLT/,UK,지원 - 트러블슈팅,79
https://www.lg.com/uk/support/product-support/troubleshoot/help-library/cs-CT00008333-20153192371107/,UK,지원 - 트러블슈팅,79
https://www.lg.com/uk/support/product-support/troubleshoot/help-library/cs-CT00008333-20153192386334/,UK,지원 - 트러블슈팅,79
https://www.lg.com/uk/support/product-support/troubleshoot/help-library/cs-CT00008333-20153192472739/,UK,지원 - 트러블슈팅,79
https://www.lg.com/uk/support/product-support/troubleshoot/help-library/cs-CT00008333-20153194076444OLT/,UK,지원 - 트러블슈팅,79
https://www.lg.com/uk/support/product-support/troubleshoot/help-library/cs-CT00008333-20153194091817/,UK,지원 - 트러블슈팅,79
https://www.lg.com/uk/support/product-support/troubleshoot/help-library/cs-CT00008333-20153194206622/,UK,지원 - 트러블슈팅,79
https://www.lg.com/uk/support/product-support/troubleshoot/help-library/cs-CT00008333-20153197738265/,UK,지원 - 트러블슈팅,79
https://www.lg.com/uk/support/product-support/troubleshoot/help-library/cs-CT00008333-20153207266772/,UK,지원 - 트러블슈팅,79
https://www.lg.com/uk/support/product-support/troubleshoot/help-library/cs-CT00008333-20153207541542OLT/,UK,지원 - 트러블슈팅,79
https://www.lg.com/uk/support/product-support/troubleshoot/help-library/cs-CT00008333-20153207563770OLT/,UK,지원 - 트러블슈팅,79
https://www.lg.com/uk/support/product-support/troubleshoot/help-library/cs-CT00008333-20153208792079LST/,UK,지원 - 트러블슈팅,79
https://www.lg.com/uk/support/product-support/troubleshoot/help-library/cs-CT00008333-20153209057799LST/,UK,지원 - 트러블슈팅,79
https://www.lg.com/uk/support/product-support/troubleshoot/help-library/cs-CT00008333-20153209057799OLT/,UK,지원 - 트러블슈팅,79
https://www.lg.com/uk/support/product-support/troubleshoot/help-library/cs-CT00008333-20153209411060LST/,UK,지원 - 트러블슈팅,79
https://www.lg.com/uk/support/product-support/troubleshoot/help-library/cs-CT00008333-20153211011398/,UK,지원 - 트러블슈팅,79
https://www.lg.com/uk/support/product-support/troubleshoot/help-library/cs-CT00008333-20153211011398LST/,UK,지원 - 트러블슈팅,79
https://www.lg.com/uk/support/product-support/troubleshoot/help-library/cs-CT00008333-20153215184836LST/,UK,지원 - 트러블슈팅,79
https://www.lg.com/uk/support/product-support/troubleshoot/help-library/cs-CT00008333-20153215231320LST/,UK,지원 - 트러블슈팅,79
https://www.lg.com/uk/support/product-support/troubleshoot/help-library/cs-CT00008333-20153215231320OLT/,UK,지원 - 트러블슈팅,79
https://www.lg.com/uk/support/product-support/troubleshoot/help-library/cs-CT00008333-20153215350682/,UK,지원 - 트러블슈팅,79
https://www.lg.com/uk/support/product-support/troubleshoot/help-library/cs-CT00008333-20153215358214/,UK,지원 - 트러블슈팅,79
https://www.lg.com/uk/support/product-support/troubleshoot/help-library/cs-CT00008333-20153215469289LST/,UK,지원 - 트러블슈팅,79
https://www.lg.com/uk/support/product-support/troubleshoot/help-library/cs-CT00008333-20153215469289OLT/,UK,지원 - 트러블슈팅,79
https://www.lg.com/uk/support/product-support/troubleshoot/help-library/cs-CT00008333-20153217109723OLT/,UK,지원 - 트러블슈팅,79
https://www.lg.com/uk/support/product-support/troubleshoot/help-library/cs-CT00008333-20153217143886/,UK,지원 - 트러블슈팅,79
https://www.lg.com/uk/support/product-support/troubleshoot/help-library/cs-CT00008333-20153217283088OLT/,UK,지원 - 트러블슈팅,79
https://www.lg.com/uk/support/product-support/troubleshoot/help-library/cs-CT00008333-20153217406650OLT/,UK,지원 - 트러블슈팅,79
https://www.lg.com/uk/support/product-support/troubleshoot/help-library/cs-CT00008333-20153218982372/,UK,지원 - 트러블슈팅,79
https://www.lg.com/uk/support/product-support/troubleshoot/help-library/cs-CT00008333-20153219106227LST/,UK,지원 - 트러블슈팅,79
https://www.lg.com/uk/support/product-support/troubleshoot/help-library/cs-CT00008333-20153219106227OLT/,UK,지원 - 트러블슈팅,79
https://www.lg.com/uk/support/product-support/troubleshoot/help-library/cs-CT00008333-20153219139903LST/,UK,지원 - 트러블슈팅,79
https://www.lg.com/uk/support/product-support/troubleshoot/help-library/cs-CT00008333-20153219139903OLT/,UK,지원 - 트러블슈팅,79
https://www.lg.com/uk/support/product-support/troubleshoot/help-library/cs-CT00008333-20153222132266LST/,UK,지원 - 트러블슈팅,79
https://www.lg.com/uk/support/product-support/troubleshoot/help-library/cs-CT00008333-20153222132266OLT/,UK,지원 - 트러블슈팅,79
https://www.lg.com/uk/support/product-support/troubleshoot/help-library/cs-CT00008333-20153255345144OLT/,UK,지원 - 트러블슈팅,79
https://www.lg.com/uk/support/product-support/troubleshoot/help-library/cs-CT00008333-20153257051012/,UK,지원 - 트러블슈팅,79
https://www.lg.com/uk/support/product-support/troubleshoot/help-library/cs-CT00008333-20153258893342/,UK,지원 - 트러블슈팅,79
https://www.lg.com/uk/support/product-support/troubleshoot/help-library/cs-CT00008333-20153258893342LST/,UK,지원 - 트러블슈팅,79
https://www.lg.com/uk/support/product-support/troubleshoot/help-library/cs-CT00008333-20153258985157OLT/,UK,지원 - 트러블슈팅,79
https://www.lg.com/uk/support/product-support/troubleshoot/help-library/cs-CT00008333-20153258990869/,UK,지원 - 트러블슈팅,79
https://www.lg.com/uk/support/product-support/troubleshoot/help-library/cs-CT00008333-20153258995210OLT/,UK,지원 - 트러블슈팅,79
https://www.lg.com/uk/support/product-support/troubleshoot/help-library/cs-CT00008333-20153259001515/,UK,지원 - 트러블슈팅,79
https://www.lg.com/uk/support/product-support/troubleshoot/help-library/cs-CT00008333-20153263912816/,UK,지원 - 트러블슈팅,79
https://www.lg.com/uk/support/product-support/troubleshoot/help-library/cs-CT00008333-20153263912816LST/,UK,지원 - 트러블슈팅,79
https://www.lg.com/uk/support/product-support/troubleshoot/help-library/cs-CT00008333-20153264076349LST/,UK,지원 - 트러블슈팅,79
https://www.lg.com/uk/support/product-support/troubleshoot/help-library/cs-CT00008333-20153264076349OLT/,UK,지원 - 트러블슈팅,79
https://www.lg.com/uk/support/product-support/troubleshoot/help-library/cs-CT00008333-20153265500407/,UK,지원 - 트러블슈팅,79
https://www.lg.com/uk/support/product-support/troubleshoot/help-library/cs-CT00008333-20153265500407LST/,UK,지원 - 트러블슈팅,79
https://www.lg.com/uk/support/product-support/troubleshoot/help-library/cs-CT00008333-20153265980833LST/,UK,지원 - 트러블슈팅,79
https://www.lg.com/uk/support/product-support/troubleshoot/help-library/cs-CT00008333-20153265980833OLT/,UK,지원 - 트러블슈팅,79
https://www.lg.com/us/8k-tvs,USA,제품 카테고리 (PLP),86
https://www.lg.com/us/business/commercial-display/displays-tvs/lg-oled-displays,USA,제품 카테고리 (PLP),76
https://www.lg.com/us/business/commercial-tvs,USA,제품 카테고리 (PLP),79
https://www.lg.com/us/business/commercial-tvs/led-tvs,USA,제품 카테고리 (PLP),79
https://www.lg.com/us/monitor-tvs,USA,제품 카테고리 (PLP),86
https://www.lg.com/us/nanocell-tvs,USA,제품 카테고리 (PLP),86
https://www.lg.com/us/oled-evo-tvs,USA,제품 카테고리 (PLP),86
https://www.lg.com/us/oled-tvs,USA,제품 카테고리 (PLP),83
https://www.lg.com/us/qned-evo-ai-tv,USA,제품 카테고리 (PLP),86
https://www.lg.com/us/4k-monitors,USA,제품 카테고리 (PLP),83
https://www.lg.com/us/appreciation-program,USA,제품 카테고리 (PLP),69
https://www.lg.com/us/business/14-inch-lg-gram-laptops,USA,제품 카테고리 (PLP),77
https://www.lg.com/us/business/15-inch-lg-gram-laptops,USA,제품 카테고리 (PLP),77
https://www.lg.com/us/business/16-inch-lg-gram-laptops,USA,제품 카테고리 (PLP),77
https://www.lg.com/us/business/17-inch-lg-gram-laptops,USA,제품 카테고리 (PLP),77
https://www.lg.com/us/business/5k-monitors,USA,제품 카테고리 (PLP),79
https://www.lg.com/us/business/clinical-monitors,USA,제품 카테고리 (PLP),79
https://www.lg.com/us/collections/14-inch-laptops,USA,제품 카테고리 (PLP),86
https://www.lg.com/us/audio,USA,제품 카테고리 (PLP),73
https://www.lg.com/us/gaming-speakers,USA,제품 카테고리 (PLP),83
https://www.lg.com/us/soundbar-experience,USA,제품 카테고리 (PLP),70
https://www.lg.com/us/soundbars,USA,제품 카테고리 (PLP),83
https://www.lg.com/us/speakers,USA,제품 카테고리 (PLP),83
https://www.lg.com/us/wireless-bluetooth-speakers,USA,제품 카테고리 (PLP),83
https://www.lg.com/us/xboom,USA,제품 카테고리 (PLP),73
https://www.lg.com/us/business/commercial-laundry/dryers,USA,제품 카테고리 (PLP),72
https://www.lg.com/us/business/commercial-laundry/washers,USA,제품 카테고리 (PLP),72
https://www.lg.com/us/discover-laundry,USA,제품 카테고리 (PLP),67
https://www.lg.com/us/discover-washers,USA,제품 카테고리 (PLP),70
https://www.lg.com/us/front-load-washers,USA,제품 카테고리 (PLP),83
https://www.lg.com/us/laundry-hoses,USA,제품 카테고리 (PLP),86
https://www.lg.com/us/laundry-pedestals,USA,제품 카테고리 (PLP),89
https://www.lg.com/us/pedestal-washers,USA,제품 카테고리 (PLP),93
https://www.lg.com/us/washer-dryer-combos,USA,제품 카테고리 (PLP),96
https://www.lg.com/us/bottom-freezer-refrigerators,USA,제품 카테고리 (PLP),86
https://www.lg.com/us/counter-depth-refrigerators,USA,제품 카테고리 (PLP),86
https://www.lg.com/us/craft-ice-refrigerators,USA,제품 카테고리 (PLP),86
https://www.lg.com/us/discover-mycolor-refrigerator,USA,제품 카테고리 (PLP),70
https://www.lg.com/us/door-in-door-refrigerators,USA,제품 카테고리 (PLP),86
https://www.lg.com/us/french-door-refrigerators,USA,제품 카테고리 (PLP),83
https://www.lg.com/us/instaview-refrigerators,USA,제품 카테고리 (PLP),86
https://www.lg.com/us/lg-signature-refrigerators,USA,제품 카테고리 (PLP),86
https://www.lg.com/us/refrigerator-filters,USA,제품 카테고리 (PLP),86
https://www.lg.com/us/discover-dishwashers,USA,제품 카테고리 (PLP),70
https://www.lg.com/us/dishwashers,USA,제품 카테고리 (PLP),86
https://www.lg.com/us/discover-vacuums,USA,제품 카테고리 (PLP),67
https://www.lg.com/us/stick-vacuums,USA,제품 카테고리 (PLP),93
https://www.lg.com/us/vacuum-cleaners,USA,제품 카테고리 (PLP),93
https://www.lg.com/us/vacuum-cleaners/discontinued,USA,제품 카테고리 (PLP),89
https://www.lg.com/us/burners-drives,USA,제품 카테고리 (PLP),86
https://www.lg.com/us/combination-wall-ovens,USA,제품 카테고리 (PLP),89
https://www.lg.com/us/cooking-accessories,USA,제품 카테고리 (PLP),86
https://www.lg.com/us/cooking-appliances,USA,제품 카테고리 (PLP),86
https://www.lg.com/us/cooktops,USA,제품 카테고리 (PLP),86
https://www.lg.com/us/cooktops-hoods,USA,제품 카테고리 (PLP),86
https://www.lg.com/us/counter-top-microwave,USA,제품 카테고리 (PLP),86
https://www.lg.com/us/discover-cooking-appliances,USA,제품 카테고리 (PLP),70
https://www.lg.com/us/gas-cooktops,USA,제품 카테고리 (PLP),89
https://www.lg.com/us/air-conditioners,USA,제품 카테고리 (PLP),83
https://www.lg.com/us/air-conditioners/discontinued,USA,제품 카테고리 (PLP),82
https://www.lg.com/us/portable-air-conditioners,USA,제품 카테고리 (PLP),83
https://www.lg.com/us/wall-air-conditioners,USA,제품 카테고리 (PLP),83
https://www.lg.com/us/window-air-conditioners,USA,제품 카테고리 (PLP),83
https://www.lg.com/us/air-care-accessories,USA,제품 카테고리 (PLP),83
https://www.lg.com/us/air-purifiers,USA,제품 카테고리 (PLP),86
https://www.lg.com/us/dehumidifiers,USA,제품 카테고리 (PLP),89
https://www.lg.com/us/discover-puricare-air-care,USA,제품 카테고리 (PLP),72
https://www.lg.com/us/appliance-accessories,USA,제품 카테고리 (PLP),86
https://www.lg.com/us/battery-embedded-product-chemistry-disclosure,USA,제품 카테고리 (PLP),79
https://www.lg.com/us/blu-ray-dvd-players,USA,제품 카테고리 (PLP),83
https://www.lg.com/us/business/BIC,USA,제품 카테고리 (PLP),69
https://www.lg.com/us/business/about-commercial-displays,USA,제품 카테고리 (PLP),66
https://www.lg.com/us/business/awards,USA,제품 카테고리 (PLP),69
https://www.lg.com/us/business/chicago-bic-showroom,USA,제품 카테고리 (PLP),76
https://www.lg.com/us/business/cloud-computing,USA,제품 카테고리 (PLP),79
https://www.lg.com/us/business/collaboration-displays,USA,제품 카테고리 (PLP),79
https://www.lg.com/us/business/collaboration-displays/createboard,USA,제품 카테고리 (PLP),79
https://www.lg.com/us/business/collaboration-displays/one-quick-flex,USA,제품 카테고리 (PLP),79
https://www.lg.com/us/business/collaboration-displays/one-quick-works,USA,제품 카테고리 (PLP),79
https://www.lg.com/us/business/commercial-display/ExtendedCare,USA,제품 카테고리 (PLP),79
https://www.lg.com/us/business/commercial-display/about/contact-us,USA,제품 카테고리 (PLP),75
https://www.lg.com/us/business/commercial-display/bim-library,USA,제품 카테고리 (PLP),75
https://www.lg.com/us/business/commercial-display/resources-hub,USA,제품 카테고리 (PLP),75
https://www.lg.com/us/business/commercial-display/resources/visit-an-lg-showroom,USA,제품 카테고리 (PLP),72
https://www.lg.com/us/business/commercial-display/vertical-markets/hospitality-solutions,USA,제품 카테고리 (PLP),76
https://www.lg.com/us/business/commercial-displays,USA,제품 카테고리 (PLP),73
https://www.lg.com/us/business/commercial-displays/LGU-training,USA,제품 카테고리 (PLP),76
https://www.lg.com/us/business/commercial-displays/learning-center,USA,제품 카테고리 (PLP),75
https://www.lg.com/us/business/commercial-displays/self-ordering-kiosk,USA,제품 카테고리 (PLP),79
https://www.lg.com/us/business/commercial-displays/vertical-markets,USA,제품 카테고리 (PLP),69
https://www.lg.com/us/cell-phones/discontinued,USA,제품 카테고리 (PLP),86
https://www.lg.com/us/ces,USA,제품 카테고리 (PLP),77
https://www.lg.com/us/computer-accessories,USA,제품 카테고리 (PLP),89
https://www.lg.com/us/cookware-chemical-compliance-information,USA,제품 카테고리 (PLP),75
https://www.lg.com/us/copilot-plus-thin-lightweight-pc-laptops,USA,제품 카테고리 (PLP),72
https://www.lg.com/us/custom-installation,USA,제품 카테고리 (PLP),71
https://www.lg.com/us/discount-programs,USA,제품 카테고리 (PLP),69
https://www.lg.com/us/discover-accessories-and-parts,USA,제품 카테고리 (PLP),67
https://www.lg.com/us/discover-smart-monitors,USA,제품 카테고리 (PLP),73
https://www.lg.com/us/discover-ultragear-evo-monitors,USA,제품 카테고리 (PLP),76
https://www.lg.com/us/blu-ray-dvd-players/lg-BG630-portable-projector,USA,제품 상세 (PDP),79
https://www.lg.com/us/home-audio/lg-BH5140S-home-theater-system,USA,제품 상세 (PDP),81
https://www.lg.com/us/home-audio/lg-BH6720S-home-theater-system,USA,제품 상세 (PDP),81
https://www.lg.com/us/home-audio/lg-BH6730S-home-theater-system,USA,제품 상세 (PDP),81
https://www.lg.com/us/home-audio/lg-BH6820SW-home-theater-system,USA,제품 상세 (PDP),81
https://www.lg.com/us/home-audio/lg-BH6830SW-home-theater-system,USA,제품 상세 (PDP),81
https://www.lg.com/us/home-audio/lg-BH9220BW-home-theater-system,USA,제품 상세 (PDP),81
https://www.lg.com/us/home-audio/lg-BH9230BW-home-theater-system,USA,제품 상세 (PDP),81
https://www.lg.com/us/home-theater-systems/lg-LHC5200WI,USA,제품 상세 (PDP),81
https://www.lg.com/us/4k-monitors/lg-32u990a-s-32up83ak-w-reference-and-studio-collection,USA,제품 상세 (PDP),81
https://www.lg.com/us/4k-monitors/lg-32up83ak-w-27us550-w-coding-and-productivity-collection,USA,제품 상세 (PDP),81
https://www.lg.com/us/computer-accessories/lg-4ik00001-controller,USA,제품 상세 (PDP),84
https://www.lg.com/us/computer-accessories/lg-910006160-mouse,USA,제품 상세 (PDP),84
https://www.lg.com/us/gaming-monitors/lg-27gx700a-b-27g640a-b-ultragear-esports-performance-collection,USA,제품 상세 (PDP),81
https://www.lg.com/us/gaming-monitors/lg-39gx950b-b-27gm950b-b-ultragear-ultimate-gaming-resolution-collection,USA,제품 상세 (PDP),81
https://www.lg.com/us/gaming-monitors/lg-39gx950b-b-32g620b-b-ultragear-gaming-and-streaming-collection,USA,제품 상세 (PDP),81
https://www.lg.com/us/laptops/lg-13Z970-AAAS5U1-ultra-slim-laptop,USA,제품 상세 (PDP),81
https://www.lg.com/us/monitors/lg-22EA53T-P-led-monitor,USA,제품 상세 (PDP),81
https://www.lg.com/us/audio-accessories/lg-pcs35-extended-power-cable-cov31861401,USA,제품 상세 (PDP),84
https://www.lg.com/us/audio-accessories/lg-sound-suite-m5-floor-stand-fs-m51,USA,제품 상세 (PDP),78
https://www.lg.com/us/headphones/lg-tone-fp7-black-tone-free,USA,제품 상세 (PDP),81
https://www.lg.com/us/home-audio/lg-27art10akpl-xt7s-bundle,USA,제품 상세 (PDP),69
https://www.lg.com/us/home-audio/lg-55uq7030-sk1,USA,제품 상세 (PDP),69
https://www.lg.com/us/home-audio/lg-55uq7030-sqc1-bundle,USA,제품 상세 (PDP),69
https://www.lg.com/us/home-audio/lg-65uq7030-sqc1-bundle,USA,제품 상세 (PDP),69
https://www.lg.com/us/home-audio/lg-BH4120S,USA,제품 상세 (PDP),81
https://www.lg.com/us/party-speakers/lg-CJ88-mini-shelf-stereo-system,USA,제품 상세 (PDP),81
https://www.lg.com/us/dryers/lg-DLE1001W-electric-dryer,USA,제품 상세 (PDP),81
https://www.lg.com/us/dryers/lg-DLE1101W-electric-dryer,USA,제품 상세 (PDP),76
https://www.lg.com/us/laundry-accessories/lg-3891er2003a-dispenser,USA,제품 상세 (PDP),81
https://www.lg.com/us/laundry-appliance-sets/lg-wm4000hba-dlex4000b-wd300cb-wdp6b,USA,제품 상세 (PDP),84
https://www.lg.com/us/laundry-appliance-sets/lg-wm4000hba-dlgx4001b-wd300cb-wdp6b,USA,제품 상세 (PDP),82
https://www.lg.com/us/laundry-appliance-sets/lg-wm4000hba-dlhc4002b-wd300cb-wdp6b,USA,제품 상세 (PDP),82
https://www.lg.com/us/laundry-appliance-sets/lg-wm4000hwa-dlex4000w-wd300cw-wdp6w,USA,제품 상세 (PDP),82
https://www.lg.com/us/laundry-appliance-sets/lg-wm4000hwa-dlgx4001w-wd300cw-wdp6w,USA,제품 상세 (PDP),82
https://www.lg.com/us/laundry-appliance-sets/lg-wm4000hwa-dlhc4002w-wd300cw-wdp6w,USA,제품 상세 (PDP),79
https://www.lg.com/us/appliances-accessories/lg-3391jj2018d-refrigerator-deli-drawer,USA,제품 상세 (PDP),82
https://www.lg.com/us/kitchen-accessories/lg-3551jj2019d-refrigerator-tray,USA,제품 상세 (PDP),76
https://www.lg.com/us/refrigerators/lg-LBC24360ST-bottom-freezer-refrigerator,USA,제품 상세 (PDP),81
https://www.lg.com/us/refrigerators/lg-LBC24360SW-bottom-freezer-refrigerator,USA,제품 상세 (PDP),81
https://www.lg.com/us/refrigerators/lg-LBN10551PS-bottom-freezer-refrigerator,USA,제품 상세 (PDP),81
https://www.lg.com/us/refrigerators/lg-LBN10551PV-bottom-freezer-refrigerator,USA,제품 상세 (PDP),81
https://www.lg.com/us/refrigerators/lg-LBN10551SW-bottom-freezer-refrigerator,USA,제품 상세 (PDP),81
https://www.lg.com/us/refrigerators/lg-LBNC10551W-bottom-freezer-refrigerator,USA,제품 상세 (PDP),81
https://www.lg.com/us/refrigerators/lg-LBNC15221V-bottom-freezer-refrigerator,USA,제품 상세 (PDP),81
https://www.lg.com/us/dishwashers/lg-LDF5678ST-front-control-dishwasher,USA,제품 상세 (PDP),81
https://www.lg.com/us/dishwashers/lg-LDF7551BB-integrated-dishwasher,USA,제품 상세 (PDP),81
https://www.lg.com/us/dishwashers/lg-LDF7551ST-integrated-dishwasher,USA,제품 상세 (PDP),81
https://www.lg.com/us/dishwashers/lg-LDF7551WW-integrated-dishwasher,USA,제품 상세 (PDP),81
https://www.lg.com/us/dishwashers/lg-LDF7774BB-top-control-dishwasher,USA,제품 상세 (PDP),81
https://www.lg.com/us/dishwashers/lg-LDF7774BD-top-control-dishwasher,USA,제품 상세 (PDP),81
https://www.lg.com/us/dishwashers/lg-LDF7774ST-top-control-dishwasher,USA,제품 상세 (PDP),81
https://www.lg.com/us/dishwashers/lg-LDF7774WW-top-control-dishwasher,USA,제품 상세 (PDP),81
https://www.lg.com/us/dishwashers/lg-LDF8072ST-integrated-dishwasher,USA,제품 상세 (PDP),81
https://www.lg.com/us/vacuum-cleaners/lg-CR3365RD,USA,제품 상세 (PDP),79
https://www.lg.com/us/vacuum-cleaners/lg-CR3465BB,USA,제품 상세 (PDP),79
https://www.lg.com/us/vacuum-cleaners/lg-CR5765GD,USA,제품 상세 (PDP),79
https://www.lg.com/us/vacuum-cleaners/lg-LcV800R-canister-vacuum,USA,제품 상세 (PDP),79
https://www.lg.com/us/vacuum-cleaners/lg-LcV900B-canister-vacuum,USA,제품 상세 (PDP),79
https://www.lg.com/us/vacuum-cleaners/lg-LrV5900-robot-vacuum,USA,제품 상세 (PDP),79
https://www.lg.com/us/vacuum-cleaners/lg-LrV590S-robot-vacuum,USA,제품 상세 (PDP),79
https://www.lg.com/us/vacuum-cleaners/lg-LrV790R-robot-vacuum,USA,제품 상세 (PDP),79
https://www.lg.com/us/vacuum-cleaners/lg-LuV200R-upright-vacuum,USA,제품 상세 (PDP),79
https://www.lg.com/us/appliances-accessories/lg-3390w1g006b-microwave-glass-tray,USA,제품 상세 (PDP),81
https://www.lg.com/us/burners-drives/lg-BE08LU20-external-blu-ray-dvd-drive,USA,제품 상세 (PDP),81
https://www.lg.com/us/burners-drives/lg-BE12LU30-external-blu-ray-dvd-drive,USA,제품 상세 (PDP),79
https://www.lg.com/us/cooking-appliances/lg-GS0713SB-countertop-microwave,USA,제품 상세 (PDP),81
https://www.lg.com/us/cooking-appliances/lg-GS0713ST-countertop-microwave,USA,제품 상세 (PDP),79
https://www.lg.com/us/cooking-appliances/lg-GS0713SW-countertop-microwave,USA,제품 상세 (PDP),79
https://www.lg.com/us/cooking-appliances/lg-LCE3081ST-radiant-cooktop,USA,제품 상세 (PDP),79
https://www.lg.com/us/cooking-appliances/lg-LCE30845-induction-cooktop,USA,제품 상세 (PDP),82
https://www.lg.com/us/cooking-appliances/lg-LCE3681ST-radiant-cooktop,USA,제품 상세 (PDP),82
https://www.lg.com/us/air-conditioners/lg-L1010ER-window-air-conditioner,USA,제품 상세 (PDP),81
https://www.lg.com/us/air-conditioners/lg-LP0711WNR-portable-air-conditioner,USA,제품 상세 (PDP),81
https://www.lg.com/us/air-conditioners/lg-LP0813WNR-portable-air-conditioner,USA,제품 상세 (PDP),81
https://www.lg.com/us/air-conditioners/lg-LP0814WNR-portable-air-conditioner,USA,제품 상세 (PDP),81
https://www.lg.com/us/air-conditioners/lg-LP0815WNR-portable-air-conditioner,USA,제품 상세 (PDP),81
https://www.lg.com/us/air-conditioners/lg-LP0817WSR-portable-air-conditioner,USA,제품 상세 (PDP),81
https://www.lg.com/us/air-conditioners/lg-LP0910WNR-portable-air-conditioner,USA,제품 상세 (PDP),81
https://www.lg.com/us/air-conditioners/lg-LP1013WNR-portable-air-conditioner,USA,제품 상세 (PDP),81
https://www.lg.com/us/air-conditioners/lg-LP1014WNR-portable-air-conditioner,USA,제품 상세 (PDP),81
https://www.lg.com/us/air-care-solutions/lg-AS401VGA1,USA,제품 상세 (PDP),84
https://www.lg.com/us/air-care-solutions/lg-UD701KOG1,USA,제품 상세 (PDP),81
https://www.lg.com/us/air-purifiers/lg-AS401VSA0,USA,제품 상세 (PDP),84
https://www.lg.com/us/air-purifiers/lg-AS401WWA1,USA,제품 상세 (PDP),81
https://www.lg.com/us/air-purifiers/lg-UD551GKG3,USA,제품 상세 (PDP),81
https://www.lg.com/us/air-purifiers/lg-am501ywm1-air-purifier,USA,제품 상세 (PDP),81
https://www.lg.com/us/air-purifiers/lg-ap151mba1-air-purifier,USA,제품 상세 (PDP),84
https://www.lg.com/us/air-purifiers/lg-ap151mwa1-air-purifier,USA,제품 상세 (PDP),84
https://www.lg.com/us/air-purifiers/lg-as330dwr0-air-purifier,USA,제품 상세 (PDP),84
https://www.lg.com/us/styler/lg-S3RERB,USA,제품 상세 (PDP),79
https://www.lg.com/us/styler/lg-S3WERB,USA,제품 상세 (PDP),79
https://www.lg.com/us/air-conditioners/lg-LP1015WNR-portable-air-conditioner,USA,제품 상세 (PDP),81
https://www.lg.com/us/air-conditioners/lg-LP1015WSR-portable-air-conditioner,USA,제품 상세 (PDP),81
https://www.lg.com/us/air-conditioners/lg-LP1017WSR-portable-air-conditioner,USA,제품 상세 (PDP),79
https://www.lg.com/us/air-conditioners/lg-LP1111WXR-portable-air-conditioner,USA,제품 상세 (PDP),79
https://www.lg.com/us/air-conditioners/lg-LP1213GXR-portable-air-conditioner,USA,제품 상세 (PDP),79
https://www.lg.com/us/air-conditioners/lg-LP1215GXR-portable-air-conditioner,USA,제품 상세 (PDP),79
https://www.lg.com/us/air-conditioners/lg-LP1413SHR-portable-air-conditioner,USA,제품 상세 (PDP),79
https://www.lg.com/us/air-conditioners/lg-LP1414GXR-portable-air-conditioner,USA,제품 상세 (PDP),79
https://www.lg.com/us/discover/instaview-door-in-door/craft-ice,USA,뉴스룸/Press,62
https://www.lg.com/us/lifesgood/product-story-instaview,USA,뉴스룸/Press,60
https://www.lg.com/us/lifesgood/product-story-washtower,USA,뉴스룸/Press,60
https://www.lg.com/us/lifesgood,USA,뉴스룸/Press,70
https://www.lg.com/us/experience,USA,LG Experience,72
https://www.lg.com/us/experience/ai-productivity-best-ai-laptop,USA,LG Experience,72
https://www.lg.com/us/experience/ai-tv-for-sound-and-vision,USA,LG Experience,72
https://www.lg.com/us/experience/laptop-battery-life,USA,LG Experience,76
https://www.lg.com/us/experience/small-living-room-ideas,USA,LG Experience,72
https://www.lg.com/us/experience/how-to-find-the-correct-lg-refrigerator-filter-for-your-model,USA,LG Experience,76
https://www.lg.com/us/experience/refrigerator-maintenance-tips,USA,LG Experience,76
https://www.lg.com/us/experience/how-to-pick-cordless-vacuum-cleaner,USA,LG Experience,72
https://www.lg.com/us/experience/choosing-top-load-front-load-washer,USA,LG Experience,72
https://www.lg.com/us/experience/smart-home-automation-thinq,USA,LG Experience,72
https://www.lg.com/us/experience/luxury-tech-gift-ideas-for-women,USA,LG Experience,72
https://www.lg.com/us/experience/man-cave-gaming-room,USA,LG Experience,72
https://www.lg.com/us/experience/high-end-gifts-for-him,USA,LG Experience,72
https://www.lg.com/us/experience/home-automation-smart-home,USA,LG Experience,76
https://www.lg.com/us/experience/smart-dryer-laundry-days-wifi-control,USA,LG Experience,72
https://www.lg.com/us/experience/best-lg-laptop-for-writers,USA,LG Experience,72
https://www.lg.com/us/experience/laptop-cybersecurity-guide,USA,LG Experience,69
https://www.lg.com/us/experience/earth-day-at-home-energy-efficient-appliances,USA,LG Experience,76
https://www.lg.com/us/experience/family-movie-night-with-lg-tv,USA,LG Experience,72
https://www.lg.com/us/experience/pro-gaming-setup,USA,LG Experience,72
https://www.lg.com/us/experience/how-to-measure-and-read-tv-sizes,USA,LG Experience,76
https://www.lg.com/us/experience/smart-wash-spin-cycle,USA,LG Experience,72
https://www.lg.com/us/experience/which-lg-tv-is-right-for-you,USA,LG Experience,72
https://www.lg.com/us/experience/when-to-change-lg-refrigerator-water-filter,USA,LG Experience,76
https://www.lg.com/us/experience/why-lg-soundbars,USA,LG Experience,72
https://www.lg.com/us/experience/what-is-a-smart-tv,USA,LG Experience,72
https://www.lg.com/us/experience/which-soundbar-is-right-for-you-lg,USA,LG Experience,72
https://www.lg.com/us/experience/best-lg-travel-gadgets,USA,LG Experience,72
https://www.lg.com/us/experience/changes-in-technology,USA,LG Experience,72
https://www.lg.com/us/refrigerator-buying-guide,USA,구매 가이드,68
https://www.lg.com/us/tvs/tv-buying-guide,USA,구매 가이드,77
https://www.lg.com/us/tvs/tv-buying-guide/tv-for-sports-fans,USA,구매 가이드,68
https://www.lg.com/us/tvs/tv-buying-guide/art-tv-for-your-space,USA,구매 가이드,71
https://www.lg.com/us/tvs/tv-buying-guide/picture-quality-tv-guide,USA,구매 가이드,70
https://www.lg.com/us/tvs/tv-buying-guide/right-tv-size-for-my-room,USA,구매 가이드,65
https://www.lg.com/us/tvs/tv-buying-guide/what-makes-a-4k-tv-a-good-choice,USA,구매 가이드,68
https://www.lg.com/us/tvs/tv-buying-guide/tv-for-gaming,USA,구매 가이드,71
https://www.lg.com/us/tvs/tv-buying-guide/tv-for-watching-movies,USA,구매 가이드,68
https://www.lg.com/us/monitors/ultragear-buying-guide/screen-size,USA,구매 가이드,71
https://www.lg.com/us/monitors/ultragear-buying-guide/work-and-play,USA,구매 가이드,68
https://www.lg.com/us/tvs/tv-buying-guide/ai-tv-for-smarter-viewing,USA,구매 가이드,70
https://www.lg.com/us/monitors/ultragear-buying-guide/refresh-rate,USA,구매 가이드,70
https://www.lg.com/us/monitors/ultragear-buying-guide,USA,구매 가이드,70
https://www.lg.com/us/monitors/ultragear-buying-guide/resolution,USA,구매 가이드,73
https://www.lg.com/us/4-door-refrigerator-buying-guide,USA,구매 가이드,68
https://www.lg.com/us/home-electrification/what-is-induction-cooking,USA,마이크로사이트/캠페인,63
https://www.lg.com/us/top-load-washers,USA,마이크로사이트/캠페인,79
https://www.lg.com/us/top-freezer-refrigerators,USA,마이크로사이트/캠페인,83
https://www.lg.com/us/top-control-dishwashers,USA,마이크로사이트/캠페인,79
https://www.lg.com/us/residential-hvac/solutions-applications/blog,USA,마이크로사이트/캠페인,79
https://www.lg.com/us/residential-hvac/heat-pump/how-it-works,USA,마이크로사이트/캠페인,75
https://www.lg.com/us/residential-hvac/why-lg/sustainability,USA,마이크로사이트/캠페인,72
https://www.lg.com/us/press-media/media-contacts,USA,프레스앤미디어,74
https://www.lg.com/us/press-release,USA,프레스앤미디어,74
https://www.lg.com/us/press-release/2023-lg-gram-lineup-offers-more-stylish-yet-powerful-user-experience,USA,프레스앤미디어,70
https://www.lg.com/us/press-release/2025-lg-qned-evo-transforms-with-core-oled-tv-innovations-true-wireless-ai-and-hyper-personalization,USA,프레스앤미디어,70
https://www.lg.com/us/press-release/2025-lg-wonderbox-winner-announcement-press-release,USA,프레스앤미디어,63
https://www.lg.com/us/press-release/LG-BRINGS-SLOW-MELTING-ROUND-CRAFT-ICE-TO-FLAGSHIP-INSTAVIEW-REFRIGERATORS,USA,프레스앤미디어,63
https://www.lg.com/us/press-release/LG-CHARGEPOINT_STRATEGIC_PARTNERSHIP,USA,프레스앤미디어,63
https://www.lg.com/us/press-release/LG-CHARGEPOINT_STRATEGIC_PARTNERSHIP_BusinessSolutions,USA,프레스앤미디어,63
https://www.lg.com/us/press-release/LG-INTRODUCES-FASTER-ADVANCED-CUSTOMER-SERVICE-EXPERIENCE-WITH-PROACTIVE-SUPPORT,USA,프레스앤미디어,63
https://www.lg.com/us/press-release/LG-TVS-FIRST-TO-EXCEED-OFFICIAL-INDUSTRY-DEFINITION-FOR-8K-ULTRA-HD-TV-1,USA,프레스앤미디어,63
https://www.lg.com/us/press-release/advanced-digital-displays-robots-and-ev-chargers-from-lg-business-solutions-spotlighted-at-ces-2024,USA,프레스앤미디어,70
https://www.lg.com/us/press-release/advanced-new-medical-imaging-oem-offering-combines-lenovo-workstations-and-lg-monitors,USA,프레스앤미디어,63
https://www.lg.com/us/press-release/amazon-and-lg-collaborate-on-groundbreaking-alexa-for-hospitality-integration-with-lg-hotel-tvs,USA,프레스앤미디어,63
https://www.lg.com/us/press-release/annual-lg-tech-tober-fest-returns-to-newly-remodeled-chicago-business-innovation-center,USA,프레스앤미디어,59
https://www.lg.com/us/press-release/apple-airplay-launches-on-lg-hotel-tvs-at-select-ihg-hotels-and-resorts,USA,프레스앤미디어,70
https://www.lg.com/us/press-release/apple-tv-app-and-apple-tvplus-now-available-on-2019-lg-tvs-in-us-and-80-plus-other-countries,USA,프레스앤미디어,59
https://www.lg.com/us/press-release/archive-before-2019,USA,프레스앤미디어,63
https://www.lg.com/us/press-release/artist-david-van-eyssen-debuts-new-sound-motion-artwork-lg-oled-gallery-tvs-iconic-kimpton-la-peer-hotel,USA,프레스앤미디어,70
https://www.lg.com/us/press-release/award-winning-lg-appliances-featured-at-kbis-2024-offer-effortless-cleaning-efficient-solutions,USA,프레스앤미디어,70
https://www.lg.com/us/press-release/award-winning-lg-oled-tvs-kick-off-2021-at-lowest-price-ever,USA,프레스앤미디어,78
https://www.lg.com/us/press-release/bacher-joins-lg-business-solutions-as-head-of-marketing,USA,프레스앤미디어,70
https://www.lg.com/us/press-release/best-in-class-lg-oled-tvs-kick-off-the-2022-season-at-lowest-price-ever,USA,프레스앤미디어,74
https://www.lg.com/us/press-release/best-price-ever-on-ultra-large-screen-lg-oled-tv-is-best-time-ever-to-upgrade,USA,프레스앤미디어,70
https://www.lg.com/us/press-release/breathe-easy-this-holday-season-beyond-big-savings-lg-energy-star-air-purifiers,USA,프레스앤미디어,74
https://www.lg.com/us/press-release/celebrate-independence-day-firecracker-deals-on-lg-home-appliance-and-entertainment-products,USA,프레스앤미디어,74
https://www.lg.com/us/press-release/celebrate-independence-day-with-firecracker-deals-on-lg-home-appliance-and-entertainment-products,USA,프레스앤미디어,74
https://www.lg.com/us/press-release/celebrate-presidents-day-with-savings-on-lg-home-appliance-and-entertainment-products,USA,프레스앤미디어,78
https://www.lg.com/us/press-release/century-communities-selects-lg-electronics-as-national-appliance-partner,USA,프레스앤미디어,70
https://www.lg.com/us/press-release/century-communities-selects-lg-electronics-national-appliance-partner,USA,프레스앤미디어,70
https://www.lg.com/us/press-release/ces-2025-innovation-awards,USA,프레스앤미디어,63
https://www.lg.com/us/press-release/ces-spectators-mesmerized-yet-again-with-lgs-spectacular-oled-wave-and-fountain-exhibitions,USA,프레스앤미디어,59
https://www.lg.com/us/press-release/connected-edtech-solutions-from-lg-electronics-usa-define-the-future-of-learning-at-iste-live-2026,USA,프레스앤미디어,74
https://www.lg.com/us/press-release/critically-acclaimed-lg-oled-tvs-kick-off-2020-at-lowest-price-ever,USA,프레스앤미디어,63
https://www.lg.com/us/press-release/cure-the-end-of-summer-blues-with-mega-labor-day-lg-energy-star-appliance-deals,USA,프레스앤미디어,63
https://www.lg.com/us/press-release/directv-expands-access-to-include-lg-smart-tvs,USA,프레스앤미디어,70
https://www.lg.com/us/press-release/disney-plus-now-available-on-lg-cinebeam-projectors,USA,프레스앤미디어,70
https://www.lg.com/us/press-release/dj-khaled-megan-fox-to-face-off-in-epic-live-gam-ing-battle-to-kick-off-lgs-only-on-oled-campaign,USA,프레스앤미디어,56
https://www.lg.com/us/press-release/earth_day_e-waste_drive,USA,프레스앤미디어,59
https://www.lg.com/us/press-release/environmental-protection-agency-honors-lg-for-responsible-electronics-recycling-leadership,USA,프레스앤미디어,74
https://www.lg.com/us/press-release/epa-honors-lg-electronics-usa-with-toplevel-environmental-awards,USA,프레스앤미디어,63
https://www.lg.com/us/press-release/epa-recognizes-lg-as-green-power-leader,USA,프레스앤미디어,59
https://www.lg.com/us/press-release/espn-app-including-espn-now-available-on-lg-smart-tvs,USA,프레스앤미디어,70
https://www.lg.com/us/press-release/exploring-anime-is-easier-than-ever-as-crunchyroll-launches-on-lg-smart-tvs-internationally-beginning-today,USA,프레스앤미디어,67
https://www.lg.com/us/press-release/fox-sports-app-launches-on-lg-smart-tvs,USA,프레스앤미디어,74
https://www.lg.com/us/press-release/game-on-lg-kicks-off-pre-orders-for-ultragear-evo-gx9-and-gm9-gaming-monitors,USA,프레스앤미디어,74
https://www.lg.com/us/press-release/gaming-on-lg-premium-tvs-reaches-new-heights-with-latest-dolby-vision-update,USA,프레스앤미디어,70
https://www.lg.com/us/press-release/goal-lg-channels-world-pup-launches-on-june-10-as-a-global-celebration-of-rescue-dogs-and-giving-back,USA,프레스앤미디어,74
https://www.lg.com/us/press-release/got-power-67-of-us-homeowners-experienced-power-outage-in-past-year-nationwide-survey-reveals,USA,프레스앤미디어,78
https://www.lg.com/us/press-release/hbo-max-app-launches-on-lg-smart-tvs-in-us,USA,프레스앤미디어,70
https://www.lg.com/us/press-release/hotel-tvs-lg-channels,USA,프레스앤미디어,59
https://www.lg.com/us/press-release/innovative-lg-one-quick-solutions-deliver-all-in-one-touch-display-wireless-collaboration-technology,USA,프레스앤미디어,70
https://www.lg.com/us/press-release/innovative-lg-one-quick-solutions-deliver-all-in-one-touch-displays-wireless-collaboration-technology,USA,프레스앤미디어,59
https://www.lg.com/us/press-release/k-12-education-white-paper-explores-role-of-digital-displays-in-hybrid-and-remote-learning,USA,프레스앤미디어,70
https://www.lg.com/us/press-release/k12-education-white-paper-explores-role-of-digital-displays-in-hybrid-and-remote-learning,USA,프레스앤미디어,74
https://www.lg.com/us/press-release/kwack-named-president-and-ceo-lg-electronics-north-america,USA,프레스앤미디어,67
https://www.lg.com/us/press-release/laundry-lounge-powered-by-lg-college-dorm-project-launched-at-university-of-tennessee,USA,프레스앤미디어,70
https://www.lg.com/us/press-release/leading-edge-lg-hvac-technologies-take-center-stage-at-aia-expo-2019,USA,프레스앤미디어,63
https://www.lg.com/us/press-release/lg-2021-puricare-air-care-line-helps-users-breathe-easy-at-home-and-on-the-go,USA,프레스앤미디어,78
https://www.lg.com/us/press-release/lg-2021-slide-in-ranges-feature-advanced-multifunctional-cooking,USA,프레스앤미디어,74
https://www.lg.com/us/press-release/lg-2022-home-appliances-hvac-and-energy-solutions-lead-smarter-healthier-greener-building-trends,USA,프레스앤미디어,78
https://www.lg.com/us/press-release/lg-2023-home-appliances-hvac-energy-solutions-support-healthier-greener-smarter-building-trends,USA,프레스앤미디어,70
https://www.lg.com/us/press-release/lg-2025-oled-tvs-achieve-true-visual-experience-with-indoor-lighting-certification,USA,프레스앤미디어,78
https://www.lg.com/us/press-release/lg-2026-ultrawide-ultrafine-business-monitors,USA,프레스앤미디어,78
https://www.lg.com/us/press-release/lg-21-9-ultra-wide-probeam-laser-projector-maximizes-hybrid-worlplace-capabilities,USA,프레스앤미디어,74
https://www.lg.com/us/press-release/lg-achieves-50-percent-ghg-reduction-goal-in-us,USA,프레스앤미디어,63
https://www.lg.com/us/press-release/lg-adds-air-sous-vide-to-new-instaview-slide-in-ranges-for-complete-cooking-solution,USA,프레스앤미디어,74
https://www.lg.com/us/press-release/lg-adds-new-benefits-to-lg-pro-channel-partner-program,USA,프레스앤미디어,74
https://www.lg.com/us/press-release/lg-adds-truesteam-to-expanded-quadwash-dishwasher-line-for-up-to-60-less-water-spots,USA,프레스앤미디어,78
https://www.lg.com/us/press-release/lg-adds-two-new-ultrawide-monitors-to-its-ultragear-gaming-lineup,USA,프레스앤미디어,74
https://www.lg.com/us/press-release/lg-adds-web-os-signage-capabilities-to-new-probeam-rg-projector-series,USA,프레스앤미디어,74
https://www.lg.com/us/press-release/lg-advanced-hvac-technologies-transform-historic-building,USA,프레스앤미디어,63
https://www.lg.com/us/press-release/lg-air-conditioning-technologies-celebrates-record-breaking-year,USA,프레스앤미디어,67
https://www.lg.com/us/press-release/lg-air-conditioning-technologies-joins-baker-distributing-2019-nascar-sponsorship,USA,프레스앤미디어,63
https://www.lg.com/us/press-release/lg-and-assassins-creed-valhalla-reveal-the-ultimate-next-gen-gaming-experience-through-the-visual-stories-of-three-passionate-gamers,USA,프레스앤미디어,74
https://www.lg.com/us/press-release/lg-and-blacknut-launch-single-game-subscription-service-on-lg-smart-tvs-in-the-us,USA,프레스앤미디어,70
https://www.lg.com/us/press-release/lg-and-brightsign-announce-alliance-launch-integrated-digital-signage-solution,USA,프레스앤미디어,74
https://www.lg.com/us/press-release/lg-and-broadsign-launch-revenue-generating-system-on-chip-solution-for-webos-commercial-displays,USA,프레스앤미디어,67
https://www.lg.com/us/press-release/lg-and-buzzfeeds-tasty-announce-first-ever-cookie-subscription-box,USA,프레스앤미디어,63
https://www.lg.com/us/press-release/lg-and-design-mindset-to-host-futures-workshop-for-educators-july-21-22-in-denver,USA,프레스앤미디어,74
https://www.lg.com/us/press-release/lg-and-energy-star-help-consumers-make-their-energy-choices-count-this-earth-day,USA,프레스앤미디어,78
https://www.lg.com/us/press-release/lg-and-energy-star-power-up-earth-day-savings-with-exclusive-retailer-offers-nationwide,USA,프레스앤미디어,74
https://www.lg.com/us/press-release/lg-and-hyundai-collaborate-to-bring-home-convenience-to-electric-vehicles,USA,프레스앤미디어,74
https://www.lg.com/us/press-release/lg-and-jeff-staple-showcase-new-lifestyle-trends-in-the-creators-room-at-ces-2023,USA,프레스앤미디어,74
https://www.lg.com/us/press-release/lg-and-kokomo247-team-up-on-integrated-technology-solutions-for-school-safety,USA,프레스앤미디어,74
https://www.lg.com/us/press-release/lg-and-majordomo-media-join-forces-to-cook-up-original-content-for-lg-channels,USA,프레스앤미디어,81
https://www.lg.com/us/press-release/lg-and-marvel-assemble-with-limited-time-promotions-on-2025-lg-gram-laptops,USA,프레스앤미디어,74
https://www.lg.com/us/press-release/lg-and-milk-bar-teamed-up-for-an-exclusive-baking-class-with-christina-tosi,USA,프레스앤미디어,74
https://www.lg.com/us/press-release/lg-and-nicole-mclaughlin-debut-limited-edition-upcycled-apparel-and-home-goods-collection,USA,프레스앤미디어,67
https://www.lg.com/us/press-release/lg-and-signature-kitchen-suite-take-top-honors-at-kbis-2022,USA,프레스앤미디어,74
https://www.lg.com/us/press-release/lg-and-tasty-celebrate-national-cookie-day-with-first-ever-cookie-subscription-kit,USA,프레스앤미디어,63
https://www.lg.com/us/press-release/lg-and-tennessee-titans-kick-off-multi-year-partnership-to-celebrate-lifes-good-in-tennessee,USA,프레스앤미디어,67
https://www.lg.com/us/press-release/lg-and-thredup-partner-to-extend-the-life-of-clothes-marking-expansion-of-thredups-resale-as-a-service,USA,프레스앤미디어,74
https://www.lg.com/us/press-release/lg-and-userful-to-offer-software-defined-av-over-ip-solution-for-enterprise-applications,USA,프레스앤미디어,74
https://www.lg.com/us/press-release/lg-and-what-goes-around-comes-around-unveil-nyfw-refresh-suite-powered-by-lg-styler,USA,프레스앤미디어,63
https://www.lg.com/us/press-release/lg-and-will-i-am-debut-xboom-buds-plus-and-buds-lite-equipped-with-the-lines-most-advanced-audio-yet,USA,프레스앤미디어,78
https://www.lg.com/us/press-release/lg-and-xbox-partner-to-expand-cloud-gaming-experience-on-lg-smart-tvs,USA,프레스앤미디어,67
https://www.lg.com/us/press-release/lg-announces-2019-sound-bar-pricing-and-availability,USA,프레스앤미디어,74
https://www.lg.com/us/press-release/lg-announces-amazon-alexa-is-now-built-in-to-lg-cinebeam-ai-thinq-projector-lineup-in-us,USA,프레스앤미디어,63
https://www.lg.com/us/press-release/lg-announces-autonomous-robot-with-disinfecting-uv-light-for-various-b2b-applications,USA,프레스앤미디어,74
https://www.lg.com/us/press-release/lg-announces-availability-new-49-inch-curved-ultragear-monitor-limited-time-promotion,USA,프레스앤미디어,74
https://www.lg.com/us/support,USA,지원/Support,85
https://www.lg.com/us/support/announcements-list,USA,지원/Support,81
https://www.lg.com/us/support/business,USA,지원/Support,81
https://www.lg.com/us/support/business/enhanced-service-plan,USA,지원/Support,74
https://www.lg.com/us/support/business/five-star-service,USA,지원/Support,78
https://www.lg.com/us/support/business/repair-warranty,USA,지원/Support,78
https://www.lg.com/us/support/business/request-swap-service,USA,지원/Support,78
https://www.lg.com/us/support/connect-bluetooth-devices-guide,USA,지원/Support,75
https://www.lg.com/us/support/connect-device-to-tv-guide,USA,지원/Support,75
https://www.lg.com/us/support/contact,USA,지원/Support,78
https://www.lg.com/us/support/disney-plus-lg-tv,USA,지원/Support,78
https://www.lg.com/us/support/email-appointment,USA,지원/Support,78
https://www.lg.com/us/support/feedback,USA,지원/Support,74
https://www.lg.com/us/support/find-service-center,USA,지원/Support,74
https://www.lg.com/us/support/find-service-center/2112-electronics-inc-22665200,USA,지원/Support,78
https://www.lg.com/us/support/find-service-center/4-state-electronics-services-42820200-S,USA,지원/Support,78
https://www.lg.com/us/support/find-service-center/a-1-appliance-repair-42696200-S,USA,지원/Support,78
https://www.lg.com/us/support/find-service-center/a-1-appliance-repair-llc-23765200-S,USA,지원/Support,78
https://www.lg.com/us/support/find-service-center/a-a-a-stan-s-appliance-service-20017200,USA,지원/Support,78
https://www.lg.com/us/support/find-service-center/a-best-appliance-service-40143200-S,USA,지원/Support,78
https://www.lg.com/us/support/find-service-center/a-go-home-appliance-repair-inc-42509200-S,USA,지원/Support,78
https://www.lg.com/us/support/find-service-center/a-home-service-43171200-S,USA,지원/Support,78
https://www.lg.com/us/support/find-service-center/a-j-sales-ent-inc-40571200-S,USA,지원/Support,78
https://www.lg.com/us/support/find-service-center/a-m-communications-solutions-inc-37092200,USA,지원/Support,78
https://www.lg.com/us/support/find-service-center/a-p-m-electronics-32425200,USA,지원/Support,78
https://www.lg.com/us/support/find-service-center/a-plus-tv-and-computer-repair-40110200-S,USA,지원/Support,78
https://www.lg.com/us/support/find-service-center/a-r-electronics-llc-43427200-S,USA,지원/Support,78
https://www.lg.com/us/support/find-service-center/a-s-electronics-23261200-S,USA,지원/Support,78
https://www.lg.com/us/support/find-service-center/a-v-electronics-20173200,USA,지원/Support,78
https://www.lg.com/us/support/find-service-center/a1-t-v-sales-and-service-l-l-c-23601200-S,USA,지원/Support,78
https://www.lg.com/us/support/find-service-center/aaa-electronic-services-inc-40413200-S,USA,지원/Support,78
https://www.lg.com/us/support/find-service-center/aaa-triton-plasma-services-39559200,USA,지원/Support,78
https://www.lg.com/us/support/find-service-center/aar-appliance-23546200-S,USA,지원/Support,78
https://www.lg.com/us/support/find-service-center/ab-hometown-services-llc-42799200-S,USA,지원/Support,78
https://www.lg.com/us/support/find-service-center/abc-appliance-repair-42754200-S,USA,지원/Support,78
https://www.lg.com/us/support/find-service-center/abco-appliance-repair-inc-22199200,USA,지원/Support,78
https://www.lg.com/us/support/find-service-center/absolute-repair-inc-22250200,USA,지원/Support,78
https://www.lg.com/us/support/find-service-center/ace-electronics-repair-42521200-S,USA,지원/Support,78
https://www.lg.com/us/support/find-service-center/ace-washer-inc-30868200,USA,지원/Support,78
https://www.lg.com/us/support/find-service-center/acorn-audio-inc-d-b-a-sound-pro-20786200,USA,지원/Support,78
https://www.lg.com/us/support/find-service-center/acs-23309200-S,USA,지원/Support,78
https://www.lg.com/us/support/find-service-center/action-maintenance-42569200-S,USA,지원/Support,78
https://www.lg.com/us/support/find-service-center/adam-s-electronics-inc-40187200-S,USA,지원/Support,78
https://www.lg.com/us/support/find-service-center/adams-electronic-service-inc-20486200,USA,지원/Support,78
https://www.lg.com/us/support/find-service-center/adrian-s-appliance-service-23498200-S,USA,지원/Support,78
https://www.lg.com/us/support/find-service-center/advance-solutions-of-new-york-inc-40175200-S,USA,지원/Support,78
https://www.lg.com/us/support/find-service-center/advance-video-inc-40235200-S,USA,지원/Support,78
https://www.lg.com/us/support/find-service-center/advanced-appliance-repair-service-21086200,USA,지원/Support,78
https://www.lg.com/us/support/find-service-center/advanced-electronics-35635200,USA,지원/Support,78
https://www.lg.com/us/support/find-service-center/advanced-electronics-industries-inc-30084200,USA,지원/Support,78
https://www.lg.com/us/support/find-service-center/advanced-service-center-21302200,USA,지원/Support,78
https://www.lg.com/us/support/find-service-center/advisory-t-v-radio-labs-l-l-c-20754200,USA,지원/Support,78
https://www.lg.com/us/support/find-service-center/after-hours-tv-repair-40542200-S,USA,지원/Support,78
https://www.lg.com/us/support/find-service-center/air-tech-hawaii-inc-23134200,USA,지원/Support,78
https://www.lg.com/us/support/find-service-center/aka-s-tv-electronics-22202200,USA,지원/Support,78
https://www.lg.com/us/support/find-service-center/alamance-radio-t-v-service-inc-34047200,USA,지원/Support,78
https://www.lg.com/us/support/find-service-center/all-better-appliance-llc-40625200-S,USA,지원/Support,78
https://www.lg.com/us/support/find-service-center/all-cape-appliance-43151200-S,USA,지원/Support,78
https://www.lg.com/us/support/find-service-center/all-pro-appliance-service-inc-40435200-S,USA,지원/Support,78
https://www.lg.com/us/support/find-service-center/allcity-appliance-hvac-service-llc-40471200-S,USA,지원/Support,78
https://www.lg.com/us/support/find-service-center/allen-sons-authorized-appliance-center-20867200,USA,지원/Support,78
https://www.lg.com/us/support/find-service-center/allens-t-v-service-30172200,USA,지원/Support,78
https://www.lg.com/us/support/find-service-center/alpha-appliance-service-inc-40132200-S,USA,지원/Support,78
https://www.lg.com/us/support/find-service-center/alpha-electronics-30085200,USA,지원/Support,78
https://www.lg.com/us/support/find-service-center/alphatech-llc-42896200-S,USA,지원/Support,78
https://www.lg.com/us/support/find-service-center/always-speedy-appliance-service-42524200-S,USA,지원/Support,78
https://www.lg.com/us/support/find-service-center/american-consolidated-electron-40917200-S,USA,지원/Support,78
https://www.lg.com/us/support/find-service-center/aneboo-llc-43017200-S,USA,지원/Support,78
https://www.lg.com/us/support/find-service-center/appliance-911-40912200-S,USA,지원/Support,78
https://www.lg.com/us/support/find-service-center/appliance-care-service-company-20591200,USA,지원/Support,78
https://www.lg.com/us/support/find-service-center/appliance-center-inc-21403200,USA,지원/Support,78
https://www.lg.com/us/support/find-service-center/appliance-clinic-39688200,USA,지원/Support,78
https://www.lg.com/us/support/find-service-center/appliance-doctor-43087200-S,USA,지원/Support,78
https://www.lg.com/us/support/find-service-center/appliance-hospital-42645200-S,USA,지원/Support,78
https://www.lg.com/us/support/find-service-center/appliance-mend-com-llc-42626200-S,USA,지원/Support,78
https://www.lg.com/us/support/find-service-center/appliance-pros-23065200,USA,지원/Support,78
https://www.lg.com/us/support/find-service-center/appliance-prosolutions-inc-43083200-S,USA,지원/Support,78
https://www.lg.com/us/support/find-service-center/appliances-electronics-repair-llc-40511200-S,USA,지원/Support,78
https://www.lg.com/us/support/find-service-center/archer-group-dba-washington-tv-33944200,USA,지원/Support,78
https://www.lg.com/us/support/find-service-center/arrow-appliance-inc-40624200-S,USA,지원/Support,78
https://www.lg.com/us/support/find-service-center/asap-solutions-llc-42538200-S,USA,지원/Support,78
https://www.lg.com/us/support/find-service-center/atlantic-service-nc-inc-43472200-S,USA,지원/Support,78
https://www.lg.com/us/support/find-service-center/audio-video-plus-39562200,USA,지원/Support,78
https://www.lg.com/us/support/find-service-center/aurora-appliance-repair-inc-43451200-S,USA,지원/Support,78
https://www.lg.com/us/support/find-service-center/authorized-appliance-repair-co-llc-39841201,USA,지원/Support,78
https://www.lg.com/us/support/find-service-center/authorized-service-42720200-S,USA,지원/Support,78
https://www.lg.com/us/support/find-service-center/automated-appliance-service-l-l-c-21450200,USA,지원/Support,78
https://www.lg.com/us/support/find-service-center/avoyelles-appliance-repair-21566200,USA,지원/Support,78
https://www.lg.com/us/support/find-service-center/b-b-major-appliance-service-inc-42918200-S,USA,지원/Support,78
https://www.lg.com/us/support/find-service-center/b-k-audio-video-inc-40373200-S,USA,지원/Support,78
https://www.lg.com/us/support/find-service-center/b-r-appliance-repair-llc-42765200-S,USA,지원/Support,78
https://www.lg.com/us/support/find-service-center/bahl-t-v-service-21763200,USA,지원/Support,78
https://www.lg.com/us/support/find-service-center/bass-appliance-20837200,USA,지원/Support,78
https://www.lg.com/us/support/find-service-center/bayou-tv-technology-llc-22916201,USA,지원/Support,78
https://www.lg.com/us/support/find-service-center/beach-camera-43045200-S,USA,지원/Support,78
https://www.lg.com/us/support/find-service-center/best-appliance-service-23803200-S,USA,지원/Support,78
https://www.lg.com/us/support/find-service-center/best-brands-plus-32872200,USA,지원/Support,78
https://www.lg.com/us/support/find-service-center/best-electronics-llc-43020200-S,USA,지원/Support,78
https://www.lg.com/us/support/find-service-center/bestway-inc-dba-bestway-rental-inc-40345200-S,USA,지원/Support,78
https://www.lg.com/us/support/find-service-center/betts-investments-llc-42955200-S,USA,지원/Support,78
https://www.lg.com/us/support/help-library/how-to-troubleshoot-error-codes-ch05-53-e0-ch32-33-36-38-f4-ch66-90-91-92-and-93-on-your-lg-air-conditioner-CT10000014-20155402834134,USA,지원 - 트러블슈팅,75
https://www.lg.com/us/support/help-library/how-to-find-my-lg-model-and-serial-number-CT00000303-20152254906058,USA,지원 - 트러블슈팅,75
https://www.lg.com/us/support/help-library/how-to-find-my-lg-model-and-serial-number-CT00000305-20152254906058,USA,지원 - 트러블슈팅,75
https://www.lg.com/us/support/help-library/how-to-find-my-lg-model-and-serial-number-CT00000314-20152254906058,USA,지원 - 트러블슈팅,75
https://www.lg.com/us/support/help-library/how-to-find-my-lg-model-and-serial-number-CT00000317-20152254906058,USA,지원 - 트러블슈팅,75
https://www.lg.com/us/support/help-library/how-to-find-my-lg-model-and-serial-number-CT00002538-20152254906058,USA,지원 - 트러블슈팅,75
https://www.lg.com/us/support/help-library/how-to-find-my-lg-model-and-serial-number-CT00002540-20152254906058,USA,지원 - 트러블슈팅,75
https://www.lg.com/us/support/help-library/how-to-find-my-lg-model-and-serial-number-CT00023125-20152254906058,USA,지원 - 트러블슈팅,75
https://www.lg.com/us/support/help-library/how-to-find-my-lg-model-and-serial-number-CT10000009-20152254906058,USA,지원 - 트러블슈팅,75
https://www.lg.com/us/support/help-library/how-to-find-my-lg-model-and-serial-number-CT10000010-20152254906058,USA,지원 - 트러블슈팅,75
https://www.lg.com/us/support/help-library/how-to-find-my-lg-model-and-serial-number-CT10000011-20152254906058,USA,지원 - 트러블슈팅,75
https://www.lg.com/us/support/help-library/how-to-find-my-lg-model-and-serial-number-CT10000012-20152254906058,USA,지원 - 트러블슈팅,75
https://www.lg.com/us/support/help-library/how-to-find-my-lg-model-and-serial-number-CT10000013-20152254906058,USA,지원 - 트러블슈팅,75
https://www.lg.com/us/support/help-library/how-to-find-my-lg-model-and-serial-number-CT10000014-20152254906058,USA,지원 - 트러블슈팅,75
https://www.lg.com/us/support/help-library/how-to-find-my-lg-model-and-serial-number-CT10000018-20152254906058,USA,지원 - 트러블슈팅,75
https://www.lg.com/us/support/help-library/how-to-find-my-lg-model-and-serial-number-CT10000021-20152254906058,USA,지원 - 트러블슈팅,75
https://www.lg.com/us/support/help-library/how-to-find-my-lg-model-and-serial-number-CT10000030-20152254906058,USA,지원 - 트러블슈팅,75
https://www.lg.com/us/support/help-library/how-to-find-my-lg-model-and-serial-number-CT30017683-20152254906058,USA,지원 - 트러블슈팅,75
https://www.lg.com/us/support/help-library/how-to-find-my-lg-model-and-serial-number-CT30017684-20152254906058,USA,지원 - 트러블슈팅,75
https://www.lg.com/us/support/help-library/how-to-find-my-lg-model-and-serial-number-CT32003202-20152254906058,USA,지원 - 트러블슈팅,75
https://www.lg.com/us/support/help-library/how-to-find-my-lg-model-and-serial-number-CT32003203-20152254906058,USA,지원 - 트러블슈팅,75
https://www.lg.com/us/support/help-library/how-to-find-my-lg-model-and-serial-number-CT32003204-20152254906058,USA,지원 - 트러블슈팅,75
https://www.lg.com/us/support/help-library/how-to-find-my-lg-model-and-serial-number-CT32003205-20152254906058,USA,지원 - 트러블슈팅,75
https://www.lg.com/us/support/help-library/how-to-find-my-lg-model-and-serial-number-CT32003206-20152254906058,USA,지원 - 트러블슈팅,75
https://www.lg.com/us/support/help-library/how-to-find-my-lg-model-and-serial-number-CT32003207-20152254906058,USA,지원 - 트러블슈팅,75
https://www.lg.com/us/support/help-library/how-to-find-my-lg-model-and-serial-number-CT32003208-20152254906058,USA,지원 - 트러블슈팅,75
https://www.lg.com/us/support/help-library/how-to-find-my-lg-model-and-serial-number-CT32009622-20152254906058,USA,지원 - 트러블슈팅,75
https://www.lg.com/us/support/help-library/how-to-fix-a-zoomed-in-picture-or-cut-off-text-on-your-lg-tv-CT10000018-20155399003922,USA,지원 - 트러블슈팅,75
https://www.lg.com/us/support/help-library/how-to-fix-a-zoomed-in-picture-or-cut-off-text-on-your-lg-tv-CT10000030-20155399003922,USA,지원 - 트러블슈팅,75
https://www.lg.com/us/support/help-library/how-to-fix-bluetooth-connection-and-audio-dropouts-on-your-soundbar-CT00000299-20155399384384,USA,지원 - 트러블슈팅,75
https://www.lg.com/us/support/help-library/how-to-fix-bluetooth-connection-and-audio-dropouts-on-your-soundbar-CT41000325-20155399384384,USA,지원 - 트러블슈팅,75
https://www.lg.com/us/support/help-library/how-to-troubleshoot-error-codes-ch01-ch02-ch06-ch12-ch41-ch42-ch43-ch44-ch45-ch46-ch47-ch48-e1-e2-e3-e7-e8-f2-f3-ch21-ch23-ch26-ch29-and-e9-on-your-lg-air-conditioner-CT10000014-20155399529696,USA,지원 - 트러블슈팅,75
https://www.lg.com/us/support/help-library/how-to-troubleshoot-the-error-codes-on-your-lg-refrigerator-co-od-sd-ci-if-cf-iu-dh-d1-d2-d-h1-h2-fs-rs-f1-f2-us-ls-e1-e2-r-ds-is-id-gs-and-gf-CT00023125-20155399831331,USA,지원 - 트러블슈팅,75
https://www.lg.com/us/support/help-library/how-to-troubleshoot-the-error-codes-on-your-lg-refrigerator-co-od-sd-ci-if-cf-iu-dh-d1-d2-d-h1-h2-fs-rs-f1-f2-us-ls-e1-e2-r-ds-is-id-gs-and-gf-CT10000021-20155399831331,USA,지원 - 트러블슈팅,75
https://www.lg.com/us/support/help-library/how-to-troubleshoot-error-codes-ch03-and-ch04-on-your-lg-ceiling-mounted-air-conditioner-CT10000014-20155396626868,USA,지원 - 트러블슈팅,75
https://www.lg.com/us/support/help-library/how-to-troubleshoot-error-codes-ch10-ch67-e6-and-ef-on-your-lg-air-conditioner-CT10000014-20155396792105,USA,지원 - 트러블슈팅,75
https://www.lg.com/us/support/help-library/why-your-lg-sound-bar-has-no-sound-and-how-to-fix-it-CT00000299-20155396722188,USA,지원 - 트러블슈팅,75
https://www.lg.com/us/support/help-library/why-your-lg-sound-bar-has-no-sound-and-how-to-fix-it-CT41000325-20155396722188,USA,지원 - 트러블슈팅,75
https://www.lg.com/us/support/help-library/how-to-connect-a-bluetooth-device-to-your-lg-tv-CT10000018-20155394274758,USA,지원 - 트러블슈팅,75
https://www.lg.com/us/support/help-library/how-to-connect-a-bluetooth-device-to-your-lg-tv-CT10000030-20155394274758,USA,지원 - 트러블슈팅,75
https://www.lg.com/us/support/help-library/how-to-fix-closed-captions-not-showing-on-your-lg-tv-CT10000018-20155394239708,USA,지원 - 트러블슈팅,75
https://www.lg.com/us/support/help-library/how-to-fix-closed-captions-not-showing-on-your-lg-tv-CT10000030-20155394239708,USA,지원 - 트러블슈팅,75
https://www.lg.com/us/support/help-library/how-to-fix-lines-or-spots-on-your-lg-oled-tv-with-pixel-cleaning-CT10000018-20155393779174,USA,지원 - 트러블슈팅,75
https://www.lg.com/us/support/help-library/how-to-fix-the-magic-remote-pointer-not-appearing-on-your-lg-tv-CT10000018-20155394402958,USA,지원 - 트러블슈팅,75
https://www.lg.com/us/support/help-library/how-to-fix-the-magic-remote-pointer-not-appearing-on-your-lg-tv-CT10000030-20155394402958,USA,지원 - 트러블슈팅,75
https://www.lg.com/us/support/help-library/how-to-fix-the-no-signal-message-on-your-lg-monitor-CT10000030-20155394435120,USA,지원 - 트러블슈팅,75
https://www.lg.com/us/support/help-library/how-to-fix-the-no-signal-message-on-your-lg-monitor-CT30017683-20155394435120,USA,지원 - 트러블슈팅,75
https://www.lg.com/us/support/help-library/how-to-fix-the-no-signal-message-on-your-lg-monitor-CT30017684-20155394435120,USA,지원 - 트러블슈팅,75
https://www.lg.com/us/support/help-library/how-to-fix-the-no-signal-message-on-your-lg-monitor-CT32003206-20155394435120,USA,지원 - 트러블슈팅,75
https://www.lg.com/us/support/help-library/how-to-fix-the-no-signal-message-on-your-lg-monitor-CT32003207-20155394435120,USA,지원 - 트러블슈팅,75
https://www.lg.com/us/support/help-library/how-to-fix-the-no-signal-message-on-your-lg-monitor-CT32009622-20155394435120,USA,지원 - 트러블슈팅,75
https://www.lg.com/us/support/help-library/how-to-scan-your-lg-laptop-for-viruses-and-remove-malware-CT00000317-20155394376986,USA,지원 - 트러블슈팅,75
https://www.lg.com/us/support/help-library/how-to-scan-your-lg-laptop-for-viruses-and-remove-malware-CT10000030-20155394376986,USA,지원 - 트러블슈팅,75
https://www.lg.com/us/support/help-library/how-to-scan-your-lg-laptop-for-viruses-and-remove-malware-CT30017683-20155394376986,USA,지원 - 트러블슈팅,75
https://www.lg.com/us/support/help-library/how-to-set-up-universal-control-for-connected-devices-on-your-lg-projector-CT00000299-20155394073579,USA,지원 - 트러블슈팅,75
https://www.lg.com/us/support/help-library/how-to-use-the-spin-only-cycle-on-your-lg-washer-CT00000305-20155394196264,USA,지원 - 트러블슈팅,75
https://www.lg.com/us/support/help-library/how-to-use-the-spin-only-cycle-on-your-lg-washer-CT10000010-20155394196264,USA,지원 - 트러블슈팅,75
https://www.lg.com/us/support/help-library/how-to-use-the-spin-only-cycle-on-your-lg-washer-CT10000012-20155394196264,USA,지원 - 트러블슈팅,75
https://www.lg.com/us/support/help-library/if-detergent-does-not-dispense-or-remains-in-your-lg-front-load-washer-CT10000010-20155394392174,USA,지원 - 트러블슈팅,75
https://www.lg.com/us/support/help-library/if-detergent-does-not-dispense-or-remains-in-your-lg-front-load-washer-CT10000012-20155394392174,USA,지원 - 트러블슈팅,75
https://www.lg.com/us/support/help-library/if-the-pixel-cleaning-notification-keeps-appearing-on-your-lg-oled-tv-CT10000018-20155394207520,USA,지원 - 트러블슈팅,75
https://www.lg.com/us/support/help-library/if-your-lg-laptop-battery-is-not-charging-CT00000317-20155394234620,USA,지원 - 트러블슈팅,75
https://www.lg.com/us/support/help-library/if-your-lg-laptop-battery-is-not-charging-CT10000030-20155394234620,USA,지원 - 트러블슈팅,75
https://www.lg.com/us/support/help-library/lg-monitor-won-t-turn-on-CT10000030-20155394482942,USA,지원 - 트러블슈팅,75
https://www.lg.com/us/support/help-library/lg-monitor-won-t-turn-on-CT30017683-20155394482942,USA,지원 - 트러블슈팅,75
https://www.lg.com/us/support/help-library/lg-monitor-won-t-turn-on-CT30017684-20155394482942,USA,지원 - 트러블슈팅,75
https://www.lg.com/us/support/help-library/lg-monitor-won-t-turn-on-CT32003206-20155394482942,USA,지원 - 트러블슈팅,75
https://www.lg.com/us/support/help-library/lg-monitor-won-t-turn-on-CT32003207-20155394482942,USA,지원 - 트러블슈팅,75
https://www.lg.com/us/support/help-library/lg-monitor-won-t-turn-on-CT32009622-20155394482942,USA,지원 - 트러블슈팅,75
https://www.lg.com/us/support/help-library/no-sound-from-a-connected-external-device-sound-bar-bluetooth-earbuds-on-your-lg-tv-CT00000299-20155394137664,USA,지원 - 트러블슈팅,75
https://www.lg.com/us/support/help-library/no-sound-from-a-connected-external-device-sound-bar-bluetooth-earbuds-on-your-lg-tv-CT10000018-20155394137664,USA,지원 - 트러블슈팅,75
https://www.lg.com/us/support/help-library/no-sound-from-a-connected-external-device-sound-bar-bluetooth-earbuds-on-your-lg-tv-CT10000030-20155394137664,USA,지원 - 트러블슈팅,75
https://www.lg.com/us/support/help-library/no-sound-from-a-connected-external-device-sound-bar-bluetooth-earbuds-on-your-lg-tv-CT41000325-20155394137664,USA,지원 - 트러블슈팅,75
https://www.lg.com/us/support/help-library/no-sound-from-a-connected-external-device-sound-bar-bluetooth-earbuds-on-your-lg-tv-CT41000327-20155394137664,USA,지원 - 트러블슈팅,75
https://www.lg.com/us/support/help-library/no-sound-from-a-connected-external-device-sound-bar-bluetooth-earbuds-on-your-lg-tv-CT41000345-20155394137664,USA,지원 - 트러블슈팅,75
https://www.lg.com/us/support/help-library/how-to-connect-the-water-supply-line-to-your-lg-refrigerator-CT10000021-20155386340166,USA,지원 - 트러블슈팅,72
https://www.lg.com/us/support/help-library/how-to-fix-no-sound-or-monitor-not-appearing-in-windows-11-sound-settings-CT10000030-20155386344485,USA,지원 - 트러블슈팅,75
https://www.lg.com/us/support/help-library/how-to-fix-no-sound-or-monitor-not-appearing-in-windows-11-sound-settings-CT30017683-20155386344485,USA,지원 - 트러블슈팅,75
https://www.lg.com/us/support/help-library/how-to-fix-no-sound-or-monitor-not-appearing-in-windows-11-sound-settings-CT30017684-20155386344485,USA,지원 - 트러블슈팅,75
https://www.lg.com/us/support/help-library/how-to-fix-no-sound-or-monitor-not-appearing-in-windows-11-sound-settings-CT32003206-20155386344485,USA,지원 - 트러블슈팅,75
https://www.lg.com/us/support/help-library/how-to-fix-no-sound-or-monitor-not-appearing-in-windows-11-sound-settings-CT32003207-20155386344485,USA,지원 - 트러블슈팅,75
https://www.lg.com/us/support/help-library/how-to-fix-no-sound-or-monitor-not-appearing-in-windows-11-sound-settings-CT32009622-20155386344485,USA,지원 - 트러블슈팅,75
https://www.lg.com/us/support/help-library/how-to-fix-lines-or-marks-on-your-lg-oled-monitor-using-image-cleaning-CT10000030-20155383934193,USA,지원 - 트러블슈팅,75
https://www.lg.com/us/support/help-library/how-to-fix-lines-or-marks-on-your-lg-oled-monitor-using-image-cleaning-CT30017683-20155383934193,USA,지원 - 트러블슈팅,75
https://www.lg.com/us/support/help-library/how-to-fix-lines-or-marks-on-your-lg-oled-monitor-using-image-cleaning-CT30017684-20155383934193,USA,지원 - 트러블슈팅,75
https://www.lg.com/us/support/help-library/how-to-fix-lines-or-marks-on-your-lg-oled-monitor-using-image-cleaning-CT32003206-20155383934193,USA,지원 - 트러블슈팅,75
https://www.lg.com/us/support/help-library/how-to-fix-lines-or-marks-on-your-lg-oled-monitor-using-image-cleaning-CT32003207-20155383934193,USA,지원 - 트러블슈팅,75
https://www.lg.com/us/support/help-library/how-to-fix-lines-or-marks-on-your-lg-oled-monitor-using-image-cleaning-CT32009622-20155383934193,USA,지원 - 트러블슈팅,75
https://www.lg.com/us/support/help-library/how-to-fix-a-blurry-or-misaligned-projector-image-CT00000299-20155381399950,USA,지원 - 트러블슈팅,75
https://www.lg.com/us/support/help-library/how-to-fix-an-unsupported-file-error-when-playing-videos-from-a-usb-drive-on-your-lg-projector-CT00000299-20155379910615,USA,지원 - 트러블슈팅,75
https://www.lg.com/us/support/help-library/how-to-fix-picture-but-no-sound-when-connecting-a-pc-to-an-lg-tv-via-hdmi-CT10000018-20155379623163,USA,지원 - 트러블슈팅,75
https://www.lg.com/us/support/help-library/how-to-fix-picture-but-no-sound-when-connecting-a-pc-to-an-lg-tv-via-hdmi-CT10000030-20155379623163,USA,지원 - 트러블슈팅,75
https://www.lg.com/us/support/help-library/how-to-turn-on-the-set-top-box-with-the-magic-remote-2021-or-later-CT10000018-20155379602255,USA,지원 - 트러블슈팅,75
https://www.lg.com/us/support/help-library/how-to-turn-on-the-set-top-box-with-the-magic-remote-2021-or-later-CT10000030-20155379602255,USA,지원 - 트러블슈팅,75
https://www.lg.com/us/support/help-library/lg-dios-dishwasher-power-turns-off-minutes-after-operation-begins-CT10000009-20155379438411,USA,지원 - 트러블슈팅,71
https://www.lg.com/us/support/help-library/lg-refrigerator-what-to-do-if-water-or-ice-isn-t-dispensing-water-tank-model-CT10000021-20155380008838,USA,지원 - 트러블슈팅,75
https://www.lg.com/us/support/help-library/why-won-t-my-lg-front-load-washer-door-open-CT10000010-20155379379322,USA,지원 - 트러블슈팅,75
https://www.lg.com/us/support/help-library/why-won-t-my-lg-front-load-washer-door-open-CT10000012-20155379379322,USA,지원 - 트러블슈팅,75
https://www.lg.com/us/support/help-library/how-to-fix-lines-or-dots-on-your-lg-tv-screen-CT10000018-20155377712544,USA,지원 - 트러블슈팅,75
https://www.lg.com/us/support/help-library/how-to-fix-lines-or-dots-on-your-lg-tv-screen-CT10000030-20155377712544,USA,지원 - 트러블슈팅,75
https://www.lg.com/vn/buying-guide/,Vietnam,구매 가이드,65
https://www.lg.com/vn/qned-tvs/2021/qned-buying-guide/,Vietnam,구매 가이드,71
https://www.lg.com/vn/tivi/oled/oled-buying-guide/,Vietnam,구매 가이드,71
https://www.lg.com/vn/lg-experience/,Vietnam,LG Experience,77
https://www.lg.com/vn/lg-experience/Nha-thong-minh-va-giai-phap-cong-nghe-uu-viet-tu-LG/,Vietnam,LG Experience,70
https://www.lg.com/vn/lg-experience/Rap-chieu-phim-tai-gia-hoan-hao-voi-giai-phap-tu-LG/,Vietnam,LG Experience,77
https://www.lg.com/vn/lg-experience/do-dung-cong-nghe-cuoi-tuan/,Vietnam,LG Experience,73
https://www.lg.com/vn/lg-experience/goc-giai-tri-hi-tech-cho-chang/,Vietnam,LG Experience,73
https://www.lg.com/vn/lg-experience/goi-y-va-meo/,Vietnam,LG Experience,77
https://www.lg.com/vn/lg-experience/goi-y-va-meo/cach-chon-kich-thuoc-may-giat-tieu-chuan/,Vietnam,LG Experience,83
https://www.lg.com/vn/lg-experience/goi-y-va-meo/cach-chon-kich-thuoc-may-say-phu-hop/,Vietnam,LG Experience,83
https://www.lg.com/vn/lg-experience/goi-y-va-meo/cach-chon-kich-thuoc-tu-lanh-tieu-chuan/,Vietnam,LG Experience,80
https://www.lg.com/vn/lg-experience/goi-y-va-meo/cach-dieu-chinh-nhiet-do-ngan-mat-ngan-da-tu-lanh/,Vietnam,LG Experience,83
https://www.lg.com/vn/lg-experience/goi-y-va-meo/cach-lua-chon-may-giat-tiet-kiem-dien/,Vietnam,LG Experience,77
https://www.lg.com/vn/lg-experience/goi-y-va-meo/cach-lua-chon-tu-lanh-tiet-kiem-dien/,Vietnam,LG Experience,77
https://www.lg.com/vn/lg-experience/goi-y-va-meo/cach-su-dung-may-giat-tu-dong/,Vietnam,LG Experience,80
https://www.lg.com/vn/lg-experience/goi-y-va-meo/cach-ve-sinh-lo-vi-song/,Vietnam,LG Experience,76
https://www.lg.com/vn/lg-experience/goi-y-va-meo/dat-tu-lanh-va-may-giat-theo-phong-thuy/,Vietnam,LG Experience,80
https://www.lg.com/vn/lg-experience/goi-y-va-meo/giai-thich-do-phan-giai-man-hinh-tv/,Vietnam,LG Experience,77
https://www.lg.com/vn/lg-experience/goi-y-va-meo/giai-thich-loai-man-hinh/,Vietnam,LG Experience,77
https://www.lg.com/vn/lg-experience/goi-y-va-meo/giai-thich-ve-cong-nghe-man-hinh-lg/,Vietnam,LG Experience,77
https://www.lg.com/vn/lg-experience/goi-y-va-meo/giai-thich-ve-loa-thanh/,Vietnam,LG Experience,77
https://www.lg.com/vn/lg-experience/goi-y-va-meo/goi-y-mon-an-lam-bang-lo-vi-song-lg/,Vietnam,LG Experience,77
https://www.lg.com/vn/lg-experience/goi-y-va-meo/huong-dan-mua-va-chon-kich-thuoc-lo-vi-song/,Vietnam,LG Experience,76
https://www.lg.com/vn/lg-experience/goi-y-va-meo/huong-dan-ve-nhiet-do-may-giat/,Vietnam,LG Experience,83
https://www.lg.com/vn/lg-experience/goi-y-va-meo/lam-tuong-va-su-that-ve-may-giat-cua-tren/,Vietnam,LG Experience,77
https://www.lg.com/vn/lg-experience/goi-y-va-meo/loi-ich-noi-bat-khi-so-huu-may-giat/,Vietnam,LG Experience,80
https://www.lg.com/vn/lg-experience/goi-y-va-meo/lua-chon-tu-lanh-phu-hop-nhat-cho-bep-nha-ban/,Vietnam,LG Experience,77
https://www.lg.com/vn/lg-experience/goi-y-va-meo/man-hinh-phang-va-man-hinh-cong/,Vietnam,LG Experience,77
https://www.lg.com/vn/lg-experience/goi-y-va-meo/may-giat-su-dung-bao-nhieu-watt-va-cach-tiet-kiem-dien/,Vietnam,LG Experience,80
https://www.lg.com/vn/lg-experience/goi-y-va-meo/may-rua-bat-tieu-thu-bao-nhieu-dien-va-nuoc/,Vietnam,LG Experience,77
https://www.lg.com/vn/lg-experience/goi-y-va-meo/meo-giat-quan-ao/,Vietnam,LG Experience,77
https://www.lg.com/vn/lg-experience/goi-y-va-meo/meo-sap-xep-tu-lanh/,Vietnam,LG Experience,80
https://www.lg.com/vn/lg-experience/goi-y-va-meo/qua-tang-thiet-bi-gia-dung-cho-me-dip-ngay-cua-me/,Vietnam,LG Experience,77
https://www.lg.com/vn/lg-experience/goi-y-va-meo/say-chan-o-nhiet-do-bao-nhieu/,Vietnam,LG Experience,80
https://www.lg.com/vn/lg-experience/goi-y-va-meo/thiet-bi-tiet-kiem-nang-luong-giam-tieu-thu-dien-trong-ngay-trai-dat/,Vietnam,LG Experience,77
https://www.lg.com/vn/lg-experience/goi-y-va-meo/tu-lanh-la-gi-va-cach-bao-quan-thuc-pham/,Vietnam,LG Experience,80
https://www.lg.com/vn/lg-experience/home-autom-presourcing/,Vietnam,LG Experience,70
https://www.lg.com/vn/lg-experience/huong-dan-bao-tri-may-rua-bat/,Vietnam,LG Experience,71
https://www.lg.com/vn/lg-experience/huong-dan-mua-hang/,Vietnam,LG Experience,77
https://www.lg.com/vn/lg-experience/huong-dan-mua-hang/huong-dan-kich-thuoc-tv/,Vietnam,LG Experience,77
https://www.lg.com/vn/lg-experience/huong-dan-mua-hang/huong-dan-lua-chon-may-chieu/,Vietnam,LG Experience,77
https://www.lg.com/vn/lg-experience/huong-dan-mua-hang/huong-dan-mua-dieu-ho/,Vietnam,LG Experience,77
https://www.lg.com/vn/lg-experience/huong-dan-mua-hang/huong-dan-mua-dieu-hoa/,Vietnam,LG Experience,77
https://www.lg.com/vn/lg-experience/huong-dan-mua-hang/huong-dan-mua-laptop/,Vietnam,LG Experience,77
https://www.lg.com/vn/lg-experience/huong-dan-mua-hang/huong-dan-mua-lo-vi-song/,Vietnam,LG Experience,77
https://www.lg.com/vn/lg-experience/huong-dan-mua-hang/huong-dan-mua-may-giat/,Vietnam,LG Experience,77
https://www.lg.com/vn/lg-experience/huong-dan-mua-hang/huong-dan-mua-may-rua-bat/,Vietnam,LG Experience,77
https://www.lg.com/vn/lg-experience/huong-dan-mua-hang/huong-dan-mua-may-say/,Vietnam,LG Experience,77
https://www.lg.com/vn/lg-experience/huong-dan-mua-hang/huong-dan-mua-tv/,Vietnam,LG Experience,77
https://www.lg.com/vn/lg-experience/huong-dan-mua-hang/huong-dan-ve-may-suoi-va-dieu-hoa-tiet-kiem-dien/,Vietnam,LG Experience,77
https://www.lg.com/vn/lg-experience/huong-dan-mua-hang/huong-dan-ve-sinh-tv/,Vietnam,LG Experience,77
https://www.lg.com/vn/lg-experience/huong-dan-mua-hang/kham-pha-lg-food-science-lab-noi-huong-vi-bat-dau/,Vietnam,LG Experience,76
https://www.lg.com/vn/lg-experience/huong-dan-mua-hang/lg-gui-gam-thong-diep-xanh-qua-tung-nep-hop/,Vietnam,LG Experience,76
https://www.lg.com/vn/lg-experience/huong-dan-mua-hang/vi-sao-lg-nghien-cuu-ve-nuoc/,Vietnam,LG Experience,76
https://www.lg.com/vn/lg-experience/may-rua-bat-am-tu-vs-may-rua-bat-doc-lap/,Vietnam,LG Experience,71
https://www.lg.com/vn/lg-experience/nhung-buoc-tien-cong-nghe-dinh-huong-boi-lg/,Vietnam,LG Experience,70
https://www.lg.com/vn/lg-experience/qua-tang-cong-nghe-dinh-cao-cho-nua-kia-cua-ban/,Vietnam,LG Experience,70
https://www.lg.com/vn/lifesgood/,Vietnam,뉴스룸/Press,80
https://www.lg.com/vn/lifesgood/2023-campaign/,Vietnam,뉴스룸/Press,65
https://www.lg.com/vn/lifesgood/2024-teaser/,Vietnam,뉴스룸/Press,67
https://www.lg.com/vn/lifesgood/ai-home/,Vietnam,뉴스룸/Press,77
https://www.lg.com/vn/lifesgood/ai-mobility/,Vietnam,뉴스룸/Press,77
https://www.lg.com/vn/lifesgood/ai-office/,Vietnam,뉴스룸/Press,81
https://www.lg.com/vn/lifesgood/optimism-your-feed/,Vietnam,뉴스룸/Press,67
https://www.lg.com/vn/lifesgood/optimism-your-feed/interview/,Vietnam,뉴스룸/Press,74
https://www.lg.com/vn/lifesgood/product-story-gram/,Vietnam,뉴스룸/Press,65
https://www.lg.com/vn/lifesgood/product-story-instaview/,Vietnam,뉴스룸/Press,65
https://www.lg.com/vn/lifesgood/product-story-oled-t/,Vietnam,뉴스룸/Press,65
https://www.lg.com/vn/lifesgood/product-story-washtower/,Vietnam,뉴스룸/Press,65
https://www.lg.com/vn/lifesgood/product/cody-simpson/,Vietnam,뉴스룸/Press,65
https://www.lg.com/vn/lifesgood/product/jenny-park/,Vietnam,뉴스룸/Press,65
https://www.lg.com/vn/lifesgood/product/willow-smith/,Vietnam,뉴스룸/Press,65
https://www.lg.com/vn/lg-thinq/magazine/how-to-make-sure-your-home-is-ready-for-summer/,Vietnam,마이크로사이트/캠페인,67
https://www.lg.com/vn/lg-thinq/news/how-smart-appliances-can-help-save-energy-and-the-planet/,Vietnam,마이크로사이트/캠페인,77
https://www.lg.com/vn/tivi/why-lgoled/10years-world-no1-oled/,Vietnam,마이크로사이트/캠페인,71
https://www.lg.com/vn/tivi/why-lgoled/2023-oled-lineup/,Vietnam,마이크로사이트/캠페인,77
https://www.lg.com/vn/tivi/why-lgoled/sustainability/,Vietnam,마이크로사이트/캠페인,71
https://www.lg.com/vn/dan-am-thanh/loa-thanh-home-theater/s95ar/,Vietnam,제품 상세 (PDP),73
https://www.lg.com/vn/phu-kien-tv/akb75675311/,Vietnam,제품 상세 (PDP),78
https://www.lg.com/vn/phu-kien-tv/akb75855501/,Vietnam,제품 상세 (PDP),78
https://www.lg.com/vn/phu-kien-tv/akb76036204/,Vietnam,제품 상세 (PDP),78
https://www.lg.com/vn/qned-tvs/2022/alpha7/,Vietnam,제품 상세 (PDP),67
https://www.lg.com/vn/tivi/8k-tvs/,Vietnam,제품 상세 (PDP),64
https://www.lg.com/vn/tv-va-loa-thanh/19ld330/,Vietnam,제품 상세 (PDP),78
https://www.lg.com/vn/tv-va-loa-thanh/19lh20r/,Vietnam,제품 상세 (PDP),81
https://www.lg.com/vn/tv-va-loa-thanh/21fc2rg/,Vietnam,제품 상세 (PDP),78
https://www.lg.com/vn/laptop-lg-gram/1424qp-16mr/,Vietnam,제품 상세 (PDP),76
https://www.lg.com/vn/laptop-lg-gram/14ah55-27up8/,Vietnam,제품 상세 (PDP),74
https://www.lg.com/vn/laptop-lg-gram/14ah55-as60/,Vietnam,제품 상세 (PDP),81
https://www.lg.com/vn/laptop-lg-gram/14ah55-t90s/,Vietnam,제품 상세 (PDP),79
https://www.lg.com/vn/laptops/gram/15u50t-g-av56a5/,Vietnam,제품 상세 (PDP),76
https://www.lg.com/vn/laptops/gram/15u50t-g/,Vietnam,제품 상세 (PDP),76
https://www.lg.com/vn/laptops/ultra-pc/16z90tl-g/,Vietnam,제품 상세 (PDP),73
https://www.lg.com/vn/phu-kien-may-tinh/phu-kien-gram/16mr70-asda5/,Vietnam,제품 상세 (PDP),73
https://www.lg.com/vn/phu-kien-may-tinh/phu-kien-gram/eay63128601/,Vietnam,제품 상세 (PDP),78
https://www.lg.com/vn/dan-am-thanh/party-speakers/pl5/,Vietnam,제품 상세 (PDP),75
https://www.lg.com/vn/dan-am-thanh/party-speakers/pl5w/,Vietnam,제품 상세 (PDP),75
https://www.lg.com/vn/dan-am-thanh/party-speakers/pl7/,Vietnam,제품 상세 (PDP),75
https://www.lg.com/vn/dan-am-thanh/party-speakers/pl7w/,Vietnam,제품 상세 (PDP),75
https://www.lg.com/vn/dan-am-thanh/party-speakers/xl7s/,Vietnam,제품 상세 (PDP),73
https://www.lg.com/vn/dan-am-thanh/xboom/ol45/,Vietnam,제품 상세 (PDP),78
https://www.lg.com/vn/dan-am-thanh/xboom/rn5/,Vietnam,제품 상세 (PDP),78
https://www.lg.com/vn/dan-am-thanh/xboom/rnc5/,Vietnam,제품 상세 (PDP),76
https://www.lg.com/vn/dan-am-thanh/xboom/rnc7/,Vietnam,제품 상세 (PDP),76
https://www.lg.com/vn/phu-kien/mat-na-puricare/bo-loc/adq75797604/,Vietnam,제품 상세 (PDP),78
https://www.lg.com/vn/phu-kien/mat-na-puricare/bo-loc/adq75797702/,Vietnam,제품 상세 (PDP),76
https://www.lg.com/vn/phu-kien-may-giat-may-say-styler/3751el1002m/,Vietnam,제품 상세 (PDP),79
https://www.lg.com/vn/phu-kien-may-giat-may-say-styler/adq74273401/,Vietnam,제품 상세 (PDP),79
https://www.lg.com/vn/phu-kien-may-giat-may-say-styler/adq74514606/,Vietnam,제품 상세 (PDP),78
https://www.lg.com/vn/cham-soc-khong-khi/may-hut-am/dd20gmwe1/,Vietnam,제품 상세 (PDP),82
https://www.lg.com/vn/cham-soc-khong-khi/may-hut-am/dd23gmwe1/,Vietnam,제품 상세 (PDP),82
https://www.lg.com/vn/cham-soc-khong-khi/may-hut-am/md16gqse0/,Vietnam,제품 상세 (PDP),81
https://www.lg.com/vn/cham-soc-khong-khi/may-hut-am/md16sc5b-abae/,Vietnam,제품 상세 (PDP),79
https://www.lg.com/vn/cham-soc-khong-khi/may-hut-am/md16sc5gl-abae/,Vietnam,제품 상세 (PDP),79
https://www.lg.com/vn/cham-soc-khong-khi/may-hut-am/md16sc5gr-abae/,Vietnam,제품 상세 (PDP),79
https://www.lg.com/vn/cham-soc-khong-khi/may-hut-am/md19gqge0/,Vietnam,제품 상세 (PDP),81
https://www.lg.com/vn/cham-soc-khong-khi/may-hut-am/md19sc5b-abae/,Vietnam,제품 상세 (PDP),79
https://www.lg.com/vn/cham-soc-khong-khi/may-hut-am/md19sc5gl-abae/,Vietnam,제품 상세 (PDP),79
https://www.lg.com/vn/cham-soc-khong-khi/may-hut-am/md19sc5gr-abae/,Vietnam,제품 상세 (PDP),79
https://www.lg.com/vn/cham-soc-khong-khi/may-loc-khong-khi/a1065ba60-abae/,Vietnam,제품 상세 (PDP),79
https://www.lg.com/vn/cham-soc-khong-khi/may-loc-khong-khi/a1065wa60-abae/,Vietnam,제품 상세 (PDP),79
https://www.lg.com/vn/cham-soc-khong-khi/may-loc-khong-khi/a10r4g-abae/,Vietnam,제품 상세 (PDP),79
https://www.lg.com/vn/cham-soc-khong-khi/may-loc-khong-khi/a10r80h-abae/,Vietnam,제품 상세 (PDP),77
https://www.lg.com/vn/cham-soc-khong-khi/may-loc-khong-khi/a10w2a60-abae/,Vietnam,제품 상세 (PDP),76
https://www.lg.com/vn/cham-soc-khong-khi/may-loc-khong-khi/a166bm19-abae/,Vietnam,제품 상세 (PDP),79
https://www.lg.com/vn/cham-soc-khong-khi/may-loc-khong-khi/a166wm19-abae/,Vietnam,제품 상세 (PDP),79
https://www.lg.com/vn/cham-soc-khong-khi/may-loc-khong-khi/a65b2a60-abae/,Vietnam,제품 상세 (PDP),76
https://www.lg.com/vn/cham-soc-khong-khi/may-loc-khong-khi/a65r4g-abae/,Vietnam,제품 상세 (PDP),79
https://www.lg.com/vn/cham-soc-khong-khi/may-loc-khong-khi/a65r80h-abae/,Vietnam,제품 상세 (PDP),79
https://www.lg.com/vn/cham-soc-khong-khi/may-loc-khong-khi/a9tas10w-abae/,Vietnam,제품 상세 (PDP),76
https://www.lg.com/vn/cham-soc-khong-khi/may-loc-khong-khi/a9tas20r-abae/,Vietnam,제품 상세 (PDP),76
https://www.lg.com/vn/cham-soc-khong-khi/may-loc-khong-khi/a9tas20w-abae/,Vietnam,제품 상세 (PDP),76
https://www.lg.com/vn/cham-soc-khong-khi/may-loc-khong-khi/as1065ur-abae/,Vietnam,제품 상세 (PDP),79
https://www.lg.com/vn/cham-soc-khong-khi/may-loc-khong-khi/as1075ur-abae/,Vietnam,제품 상세 (PDP),79
https://www.lg.com/vn/cham-soc-khong-khi/may-loc-khong-khi/as10gdby0/,Vietnam,제품 상세 (PDP),82
https://www.lg.com/vn/cham-soc-khong-khi/may-loc-khong-khi/as10gdwh0/,Vietnam,제품 상세 (PDP),79
https://www.lg.com/vn/dan-am-thanh/cm9730/,Vietnam,제품 상세 (PDP),78
https://www.lg.com/vn/dan-am-thanh/dan-am-thanh/ol45/,Vietnam,제품 상세 (PDP),75
https://www.lg.com/vn/dan-am-thanh/dau-blu-ray-dvd/sp8a/,Vietnam,제품 상세 (PDP),76
https://www.lg.com/vn/dan-am-thanh/fb164/,Vietnam,제품 상세 (PDP),81
https://www.lg.com/vn/dan-am-thanh/hi-fi-system/rn5/,Vietnam,제품 상세 (PDP),78
https://www.lg.com/vn/dan-am-thanh/loa-bluetooth/bounce/,Vietnam,제품 상세 (PDP),77
https://www.lg.com/vn/dan-am-thanh/loa-bluetooth/grab/,Vietnam,제품 상세 (PDP),74
https://www.lg.com/vn/dan-am-thanh/loa-bluetooth/pl5/,Vietnam,제품 상세 (PDP),78
https://www.lg.com/vn/dan-am-thanh/loa-bluetooth/pl5w/,Vietnam,제품 상세 (PDP),78
https://www.lg.com/vn/dan-am-thanh/loa-bluetooth/pl7/,Vietnam,제품 상세 (PDP),78
https://www.lg.com/vn/dan-am-thanh/loa-bluetooth/pl7w/,Vietnam,제품 상세 (PDP),78
https://www.lg.com/vn/dan-am-thanh/loa-bluetooth/stage301/,Vietnam,제품 상세 (PDP),76
https://www.lg.com/vn/dan-am-thanh/loa-bluetooth/stage501/,Vietnam,제품 상세 (PDP),76
https://www.lg.com/vn/dan-am-thanh/loa-bluetooth/xg5qbk/,Vietnam,제품 상세 (PDP),78
https://www.lg.com/vn/dan-am-thanh/loa-bluetooth/xg5qgr/,Vietnam,제품 상세 (PDP),78
https://www.lg.com/vn/dan-am-thanh/loa-bluetooth/xg7qbk/,Vietnam,제품 상세 (PDP),78
https://www.lg.com/vn/dan-am-thanh/loa-bluetooth/xg7qgr/,Vietnam,제품 상세 (PDP),78
https://www.lg.com/vn/dan-am-thanh/loa-di-dong/xg2tbk/,Vietnam,제품 상세 (PDP),76
https://www.lg.com/vn/dan-am-thanh/loa-di-dong/xg5qgr/,Vietnam,제품 상세 (PDP),78
https://www.lg.com/vn/dan-am-thanh/loa-di-dong/xg7qgr/,Vietnam,제품 상세 (PDP),78
https://www.lg.com/vn/dan-am-thanh/loa-di-dong/xo2tbk/,Vietnam,제품 상세 (PDP),78
https://www.lg.com/vn/dan-am-thanh/loa-thanh/as65gdwh0/,Vietnam,제품 상세 (PDP),76
https://www.lg.com/vn/dan-am-thanh/loa-thanh/s20a/,Vietnam,제품 상세 (PDP),76
https://www.lg.com/vn/dan-am-thanh/loa-thanh/s30a/,Vietnam,제품 상세 (PDP),78
https://www.lg.com/vn/dan-am-thanh/loa-thanh/s40t/,Vietnam,제품 상세 (PDP),76
https://www.lg.com/vn/dan-am-thanh/loa-thanh/s60t/,Vietnam,제품 상세 (PDP),76
https://www.lg.com/vn/dan-am-thanh/loa-thanh/s60tr/,Vietnam,제품 상세 (PDP),78
https://www.lg.com/vn/dan-am-thanh/loa-thanh/s65tr/,Vietnam,제품 상세 (PDP),78
https://www.lg.com/vn/dan-am-thanh/loa-thanh/s70ty/,Vietnam,제품 상세 (PDP),76
https://www.lg.com/vn/dan-am-thanh/loa-thanh/s75q/,Vietnam,제품 상세 (PDP),73
https://www.lg.com/vn/dan-am-thanh/loa-thanh/sc9s/,Vietnam,제품 상세 (PDP),71
https://www.lg.com/vn/dan-am-thanh/loa-thanh/sg10ty/,Vietnam,제품 상세 (PDP),76
https://www.lg.com/vn/dan-am-thanh/loa-thanh/sh7q/,Vietnam,제품 상세 (PDP),73
https://www.lg.com/vn/dan-am-thanh/loa-thanh/sn4/,Vietnam,제품 상세 (PDP),78
https://www.lg.com/vn/dan-am-thanh/loa-thanh/sn5r/,Vietnam,제품 상세 (PDP),78
https://www.lg.com/vn/dan-am-thanh/loa-thanh/snh5/,Vietnam,제품 상세 (PDP),75
https://www.lg.com/vn/dan-am-thanh/loa-thanh/sp2/,Vietnam,제품 상세 (PDP),76
https://www.lg.com/vn/dan-am-thanh/loa-thanh/sp8a/,Vietnam,제품 상세 (PDP),76
https://www.lg.com/vn/dan-am-thanh/loa-thanh/sp9a/,Vietnam,제품 상세 (PDP),76
https://www.lg.com/vn/dan-am-thanh/xboom/xl5s/,Vietnam,제품 상세 (PDP),79
https://www.lg.com/vn/dan-am-thanh/xboom/xl7s/,Vietnam,제품 상세 (PDP),79
https://www.lg.com/vn/lgnanocell/main/,Vietnam,제품 카테고리 (PLP),72
https://www.lg.com/vn/why-lgoled/cinema/,Vietnam,제품 카테고리 (PLP),66
https://www.lg.com/vn/tv-va-loa-thanh/,Vietnam,제품 카테고리 (PLP),77
https://www.lg.com/vn/xboom/,Vietnam,제품 카테고리 (PLP),73
https://www.lg.com/vn/dan-am-thanh/,Vietnam,제품 카테고리 (PLP),73
https://www.lg.com/vn/speakers/loa-di-dong/,Vietnam,제품 카테고리 (PLP),64
https://www.lg.com/vn/dan-am-thanh/all-bluetooth-speakers/,Vietnam,제품 카테고리 (PLP),83
https://www.lg.com/vn/dan-am-thanh/all-soundbars/,Vietnam,제품 카테고리 (PLP),86
https://www.lg.com/vn/dan-am-thanh/cinebeam/,Vietnam,제품 카테고리 (PLP),62
https://www.lg.com/vn/dan-am-thanh/dan-am-thanh/,Vietnam,제품 카테고리 (PLP),62
https://www.lg.com/vn/dan-am-thanh/loa-bluetooth/,Vietnam,제품 카테고리 (PLP),79
https://www.lg.com/vn/man-hinh-may-tinh/,Vietnam,제품 카테고리 (PLP),71
https://www.lg.com/vn/man-hinh-phong-cach/,Vietnam,제품 카테고리 (PLP),77
https://www.lg.com/vn/huong-dan-mua-man-hinh-may-tinh/,Vietnam,제품 카테고리 (PLP),72
https://www.lg.com/vn/huong-dan-mua-man-hinh-ultragear/,Vietnam,제품 카테고리 (PLP),74
https://www.lg.com/vn/man-hinh-may-tinh/kham-pha-man-hinh-thong-minh-lg/,Vietnam,제품 카테고리 (PLP),77
https://www.lg.com/vn/man-hinh-phong-cach/bo-suu-tap-objet-pose/,Vietnam,제품 카테고리 (PLP),83
https://www.lg.com/vn/man-hinh-may-tinh/man-hinh-da-nhiem-ultrawide/,Vietnam,제품 카테고리 (PLP),83
https://www.lg.com/vn/man-hinh-may-tinh/man-hinh-do-hoa-art-collection/,Vietnam,제품 카테고리 (PLP),66
https://www.lg.com/vn/tu-lanh/,Vietnam,제품 카테고리 (PLP),74
https://www.lg.com/vn/refrigerators/,Vietnam,제품 카테고리 (PLP),73
https://www.lg.com/vn/tu-lanh/catalogue/,Vietnam,제품 카테고리 (PLP),69
https://www.lg.com/vn/refrigerators/multi-door/,Vietnam,제품 카테고리 (PLP),72
https://www.lg.com/vn/tu-lanh/phu-kien-tu-lanh/,Vietnam,제품 카테고리 (PLP),71
https://www.lg.com/vn/tu-lanh/tat-ca-tu-lanh/,Vietnam,제품 카테고리 (PLP),83
https://www.lg.com/vn/tu-lanh/tat-ca-tu-lanh/?ec_ft_06517453=ThinQ_(Wi-Fi),Vietnam,제품 카테고리 (PLP),83
https://www.lg.com/vn/tu-lanh/tat-ca-tu-lanh/?ec_ft_06517460=Door-in-Door,Vietnam,제품 카테고리 (PLP),86
https://www.lg.com/vn/giat-say/,Vietnam,제품 카테고리 (PLP),77
https://www.lg.com/vn/may-giat-say-cong-nghiep/,Vietnam,제품 카테고리 (PLP),77
https://www.lg.com/vn/giat-say/front-load-drum/,Vietnam,제품 카테고리 (PLP),62
https://www.lg.com/vn/may-rua-bat/,Vietnam,제품 카테고리 (PLP),80
https://www.lg.com/vn/may-rua-bat-leaflet/,Vietnam,제품 카테고리 (PLP),63
https://www.lg.com/vn/phu-kiun-may-hut-bui-may-rua-bat/,Vietnam,제품 카테고리 (PLP),62
https://www.lg.com/vn/may-rua-bat/catalogue/,Vietnam,제품 카테고리 (PLP),69
https://www.lg.com/vn/dieu-hoa/,Vietnam,제품 카테고리 (PLP),80
https://www.lg.com/vn/dieu-hoa-dan-dung/,Vietnam,제품 카테고리 (PLP),62
https://www.lg.com/vn/dieu-hoa/air-conditioners-an-efficient-home-heating-solution/,Vietnam,제품 카테고리 (PLP),62
https://www.lg.com/vn/dieu-hoa/cach-su-dung-dieu-hoa-hieu-qua/,Vietnam,제품 카테고리 (PLP),76
https://www.lg.com/vn/dieu-hoa/cai-dat-nhiet-do-ly-tuong-cho-dieu-hoa-khong-khi/,Vietnam,제품 카테고리 (PLP),72
https://www.lg.com/vn/dieu-hoa/dieu-hoa/,Vietnam,제품 카테고리 (PLP),72
https://www.lg.com/vn/dieu-hoa/huong-dan-mua-dieu-hoa/,Vietnam,제품 카테고리 (PLP),79
https://www.lg.com/vn/dieu-hoa/lg-dualcool-ai/,Vietnam,제품 카테고리 (PLP),79
https://www.lg.com/vn/cham-soc-khong-khi/,Vietnam,제품 카테고리 (PLP),73
https://www.lg.com/vn/giai-phap-khong-khi/,Vietnam,제품 카테고리 (PLP),62
https://www.lg.com/vn/better-choice-for-air-solution/,Vietnam,제품 카테고리 (PLP),69
https://www.lg.com/vn/cham-soc-khong-khi/may-hut-am/,Vietnam,제품 카테고리 (PLP),83
https://www.lg.com/vn/giai-phap-khong-khi/may-loc-khong-khi/,Vietnam,제품 카테고리 (PLP),66
https://www.lg.com/vn/cham-soc-khong-khi/may-loc-khong-khi/,Vietnam,제품 카테고리 (PLP),83
https://www.lg.com/vn/giai-phap-khong-khi/phu-kien-khau-trang-loc-khi/,Vietnam,제품 카테고리 (PLP),66
https://www.lg.com/vn/cham-soc-khong-khi/tat-ca-cham-soc-khong-khi/,Vietnam,제품 카테고리 (PLP),83
https://www.lg.com/vn/giai-phap-khong-khi/phu-kien-may-loc-khong-khi/,Vietnam,제품 카테고리 (PLP),62
https://www.lg.com/vn/lo-vi-song/,Vietnam,제품 카테고리 (PLP),84
https://www.lg.com/vn/may-hut-bui/,Vietnam,제품 카테고리 (PLP),83
https://www.lg.com/vn/may-hut-bui/may-hut-bui-cam-day/,Vietnam,제품 카테고리 (PLP),83
https://www.lg.com/vn/may-hut-bui/may-hut-bui-cam-tay/,Vietnam,제품 카테고리 (PLP),83
https://www.lg.com/vn/may-hut-bui/may-say-cong-nghiep/,Vietnam,제품 카테고리 (PLP),64
https://www.lg.com/vn/may-hut-bui/phu-kien-may-hut-bui/,Vietnam,제품 카테고리 (PLP),79
https://www.lg.com/vn/account-integration/,Vietnam,제품 카테고리 (PLP),63
https://www.lg.com/vn/account-integration-old/,Vietnam,제품 카테고리 (PLP),69
https://www.lg.com/vn/better-choice/,Vietnam,제품 카테고리 (PLP),70
https://www.lg.com/vn/better-choice-better-world/,Vietnam,제품 카테고리 (PLP),66
https://www.lg.com/vn/better-choice-challenge/,Vietnam,제품 카테고리 (PLP),72
https://www.lg.com/vn/better-choice-for-home/,Vietnam,제품 카테고리 (PLP),70
https://www.lg.com/vn/better-choice-for-living/,Vietnam,제품 카테고리 (PLP),70
https://www.lg.com/vn/bo-doi-tv-loa-thanh/,Vietnam,제품 카테고리 (PLP),76
https://www.lg.com/vn/brandshop/,Vietnam,제품 카테고리 (PLP),67
https://www.lg.com/vn/cam-nang-lg-thinq/,Vietnam,제품 카테고리 (PLP),69
https://www.lg.com/vn/cart-details/,Vietnam,제품 카테고리 (PLP),62
https://www.lg.com/vn/ces2023/aerotower-air-purifying/,Vietnam,제품 카테고리 (PLP),79
https://www.lg.com/vn/cham-dieu-ruc-ro/,Vietnam,제품 카테고리 (PLP),72
https://www.lg.com/vn/chinhsachmuahangvadoitra/,Vietnam,제품 카테고리 (PLP),69
https://www.lg.com/vn/chuong-trinh-cham-soc-khach-hang-vip/,Vietnam,제품 카테고리 (PLP),72
https://www.lg.com/vn/chuong-trinh-khuyen-mai-cho-chu-the-doi-tac/,Vietnam,제품 카테고리 (PLP),66
https://www.lg.com/vn/chuyen-vien-tu-van-lg/,Vietnam,제품 카테고리 (PLP),66
https://www.lg.com/vn/co-hoi-nghe-nghiep/tuyen-dung-giam-doc-mua-hang/,Vietnam,제품 카테고리 (PLP),72
https://www.lg.com/vn/compare-results/,Vietnam,제품 카테고리 (PLP),69
https://www.lg.com/vn/dan-am-thanh/xboom-bluetooth-speakers/xboom-mini/,Vietnam,제품 카테고리 (PLP),77
https://www.lg.com/vn/dan-am-thanh/xboom/buds/,Vietnam,제품 카테고리 (PLP),79
https://www.lg.com/vn/tai-nghe-khong-day/xboombuds/budslite/,Vietnam,제품 카테고리 (PLP),79
https://www.lg.com/vn/tai-nghe-khong-day/xboombuds/budsplus/,Vietnam,제품 카테고리 (PLP),73
https://www.lg.com/vn/man-hinh-phong-cach/man-hinh-di-dong-swing/,Vietnam,제품 카테고리 (PLP),83
https://www.lg.com/vn/may-giat-va-may-say/,Vietnam,제품 카테고리 (PLP),72
https://www.lg.com/vn/washing-machines/twinwash/installation/,Vietnam,제품 카테고리 (PLP),70
https://www.lg.com/vn/ti-vi-oled/2021/cinema/,Vietnam,제품 카테고리 (PLP),72
https://www.lg.com/vn/soundbars/eco-minded-soundbars/,Vietnam,제품 카테고리 (PLP),72
https://www.lg.com/vn/tu-lanh/tat-ca-tu-lanh/?ec_ft_06517460=InstaView,Vietnam,제품 카테고리 (PLP),83
https://www.lg.com/vn/tu-lanh/tat-ca-tu-lanh/?ec_ft_06517458=Máy_nén_biến_tần_thông_minh,Vietnam,제품 카테고리 (PLP),83
https://www.lg.com/vn/may-dieu-hoa/,Vietnam,제품 카테고리 (PLP),62
https://www.lg.com/vn/may-giat-say-washtower/,Vietnam,제품 카테고리 (PLP),69
https://www.lg.com/vn/lo-vi-song-leaflet/,Vietnam,제품 카테고리 (PLP),69
https://www.lg.com/vn/lo-vi-song/lo-vi-song/,Vietnam,제품 카테고리 (PLP),66
https://www.lg.com/vn/them-chu-trinh-giat-nang-cao-de-cham-soc-da-dang-quan-ao/,Vietnam,제품 카테고리 (PLP),69
https://www.lg.com/vn/washing-machines/twinwash/story/,Vietnam,제품 카테고리 (PLP),70
https://www.lg.com/vn/uu-dai-dieu-hoa-va-may-loc-khong-khi-lg/,Vietnam,제품 카테고리 (PLP),66
https://www.lg.com/vn/may-giat-say-cong-nghiep/giai-phap-giat-say-thong-minh/,Vietnam,제품 카테고리 (PLP),72
https://www.lg.com/vn/steamwashingmachine/,Vietnam,제품 카테고리 (PLP),72
https://www.lg.com/vn/speakers/,Vietnam,제품 카테고리 (PLP),62
https://www.lg.com/vn/qned-tvs/2021/cinema/,Vietnam,제품 카테고리 (PLP),72
https://www.lg.com/vn/support/additional-support/,Vietnam,지원/Support,63
https://www.lg.com/vn/support/additional-support/announcements/,Vietnam,지원/Support,67
https://www.lg.com/vn/support/additional-support/announcements/announcement-details/,Vietnam,지원/Support,67
https://www.lg.com/vn/support/additional-support/environmental/,Vietnam,지원/Support,67
https://www.lg.com/vn/support/additional-support/smart-diagnosis/,Vietnam,지원/Support,70
https://www.lg.com/vn/support/additional-support/smart-share/,Vietnam,지원/Support,74
https://www.lg.com/vn/support/additional-support/sustainability/,Vietnam,지원/Support,70
https://www.lg.com/vn/support/additional-support/thinq/,Vietnam,지원/Support,67
https://www.lg.com/vn/support/business-warranty/,Vietnam,지원/Support,78
https://www.lg.com/vn/support/contactus/,Vietnam,지원/Support,74
https://www.lg.com/vn/support/contactus/ask-our-community/,Vietnam,지원/Support,59
https://www.lg.com/vn/support/contactus/business-contact-information/,Vietnam,지원/Support,74
https://www.lg.com/vn/support/contactus/call-us/,Vietnam,지원/Support,67
https://www.lg.com/vn/support/contactus/chat-with-us/,Vietnam,지원/Support,67
https://www.lg.com/vn/support/contactus/document-upload/,Vietnam,지원/Support,78
https://www.lg.com/vn/support/contactus/email-us/,Vietnam,지원/Support,70
https://www.lg.com/vn/support/contactus/inquiry-status/,Vietnam,지원/Support,70
https://www.lg.com/vn/support/contactus/inquiry-status/inquiry-result/,Vietnam,지원/Support,67
https://www.lg.com/vn/support/contactus/lg-best-Shop/,Vietnam,지원/Support,67
https://www.lg.com/vn/support/contactus/service-center/,Vietnam,지원/Support,67
https://www.lg.com/vn/support/contactus/share-your-feedback/,Vietnam,지원/Support,74
https://www.lg.com/vn/support/contactus/share-your-feedback/failure/,Vietnam,지원/Support,67
https://www.lg.com/vn/support/contactus/share-your-feedback/success/,Vietnam,지원/Support,59
https://www.lg.com/vn/support/contactus/share-your-voice-with-the-lg-president/,Vietnam,지원/Support,63
https://www.lg.com/vn/support/contactus/whatsapp/,Vietnam,지원/Support,70
https://www.lg.com/vn/support/contactus/your-voice-to-the-president/,Vietnam,지원/Support,67
https://www.lg.com/vn/support/error-pages/,Vietnam,지원/Support,63
https://www.lg.com/vn/support/error-pages/down-time-check/,Vietnam,지원/Support,63
https://www.lg.com/vn/support/order-support/,Vietnam,지원/Support,70
https://www.lg.com/vn/support/order-support/frequently-asked-questions/,Vietnam,지원/Support,74
https://www.lg.com/vn/support/order-support/track-my-order/,Vietnam,지원/Support,74
https://www.lg.com/vn/support/product-List/,Vietnam,지원/Support,67
https://www.lg.com/vn/support/product-support/fota/,Vietnam,지원/Support,67
https://www.lg.com/vn/support/product-support/manuals-software/,Vietnam,지원/Support,70
https://www.lg.com/vn/support/product-support/product-registration/business-form/,Vietnam,지원/Support,70
https://www.lg.com/vn/support/product-support/product-registration/registration-complete/,Vietnam,지원/Support,59
https://www.lg.com/vn/support/product-support/product-registration/registration-failed/,Vietnam,지원/Support,59
https://www.lg.com/vn/support/product-support/request-a-repair/,Vietnam,지원/Support,70
https://www.lg.com/vn/support/product-support/request-a-repair/request-repair-form/,Vietnam,지원/Support,63
https://www.lg.com/vn/support/product-support/request-a-repair/request-repair-form/reservation-form/,Vietnam,지원/Support,63
https://www.lg.com/vn/support/product-support/reservation/,Vietnam,지원/Support,67
https://www.lg.com/vn/support/product-support/right-to-repair/,Vietnam,지원/Support,67
https://www.lg.com/vn/support/product-support/scan-qr-code/,Vietnam,지원/Support,70
https://www.lg.com/vn/support/product-support/select-model-number/,Vietnam,지원/Support,70
https://www.lg.com/vn/support/product-support/track-my-repair/,Vietnam,지원/Support,67
https://www.lg.com/vn/support/product-support/warranty/,Vietnam,지원/Support,70
https://www.lg.com/vn/support/product-support/warranty/warranty-business/,Vietnam,지원/Support,78
https://www.lg.com/vn/support/product-support/warranty/warranty-consumer/,Vietnam,지원/Support,74
https://www.lg.com/vn/support/smart-diagnosis/,Vietnam,지원/Support,70
https://www.lg.com/vn/support/smart-share/,Vietnam,지원/Support,74
https://www.lg.com/vn/support/sustainability/,Vietnam,지원/Support,70
https://www.lg.com/vn/support/thinq/,Vietnam,지원/Support,81
https://www.lg.com/vn/support/warranty-information/,Vietnam,지원/Support,67
https://www.lg.com/vn/support/warranty/,Vietnam,지원/Support,74
https://www.lg.com/vn/tro-giup/,Vietnam,지원/Support,79
https://www.lg.com/vn/tro-giup/additional-support/,Vietnam,지원/Support,74
https://www.lg.com/vn/tro-giup/bao-hanh/,Vietnam,지원/Support,75
https://www.lg.com/vn/tro-giup/chuong-trinh-HTKH-anh-huong-sau-bao-so-10/,Vietnam,지원/Support,78
https://www.lg.com/vn/tro-giup/chuong-trinh-bao-hanh-sp-thiet-hai-do-bao-yagi/,Vietnam,지원/Support,70
https://www.lg.com/vn/tro-giup/error-pages/,Vietnam,지원/Support,70
https://www.lg.com/vn/tro-giup/error-pages/down-time-check/,Vietnam,지원/Support,70
https://www.lg.com/vn/tro-giup/fota/,Vietnam,지원/Support,74
https://www.lg.com/vn/tro-giup/giao-hang-va-lap-dat/,Vietnam,지원/Support,74
https://www.lg.com/vn/tro-giup/glossary/,Vietnam,지원/Support,81
https://www.lg.com/vn/tro-giup/ho-tro-don-hang/,Vietnam,지원/Support,74
https://www.lg.com/vn/tro-giup/ho-tro-don-hang/cau-hoi-thuong-gap/,Vietnam,지원/Support,78
https://www.lg.com/vn/tro-giup/ho-tro-don-hang/theo-doi-tinh-trang-don-hang/,Vietnam,지원/Support,79
https://www.lg.com/vn/tro-giup/ho-tro-san-pham/,Vietnam,지원/Support,67
https://www.lg.com/vn/tro-giup/ho-tro-san-pham/bao-hanh/,Vietnam,지원/Support,74
https://www.lg.com/vn/tro-giup/ho-tro-san-pham/cs-100MRGB96BS.ATV/,Vietnam,지원/Support,78
https://www.lg.com/vn/tro-giup/ho-tro-san-pham/cs-100QNED86AS.ATV/,Vietnam,지원/Support,78
https://www.lg.com/vn/tro-giup/ho-tro-san-pham/cs-100QNED86BS.ATV/,Vietnam,지원/Support,78
https://www.lg.com/vn/tro-giup/ho-tro-san-pham/cs-105UC9T.ATVZ/,Vietnam,지원/Support,78
https://www.lg.com/vn/tro-giup/ho-tro-san-pham/cs-13ZD970-G.AX51A5/,Vietnam,지원/Support,78
https://www.lg.com/vn/tro-giup/ho-tro-san-pham/cs-13ZD980-G.AX52A5/,Vietnam,지원/Support,78
https://www.lg.com/vn/tro-giup/ho-tro-san-pham/cs-14HQ901G-BP.ATV/,Vietnam,지원/Support,79
https://www.lg.com/vn/tro-giup/ho-tro-san-pham/cs-14T90R-G.AH55A5/,Vietnam,지원/Support,78
https://www.lg.com/vn/tro-giup/ho-tro-san-pham/cs-14T90S-G.AH55A5/,Vietnam,지원/Support,78
https://www.lg.com/vn/tro-giup/ho-tro-san-pham/cs-14Z90N-V.AR50K/,Vietnam,지원/Support,78
https://www.lg.com/vn/tro-giup/ho-tro-san-pham/cs-14Z90N-V.AR52A5/,Vietnam,지원/Support,78
https://www.lg.com/vn/tro-giup/ho-tro-san-pham/cs-14Z90P-G.AH75A5/,Vietnam,지원/Support,78
https://www.lg.com/vn/tro-giup/ho-tro-san-pham/cs-14Z90Q-G.AH75A5/,Vietnam,지원/Support,78
https://www.lg.com/vn/tro-giup/ho-tro-san-pham/cs-14Z90Q-G.AJ32A5/,Vietnam,지원/Support,78
https://www.lg.com/vn/tro-giup/ho-tro-san-pham/cs-14Z90Q-G.AJ53A5/,Vietnam,지원/Support,78
https://www.lg.com/vn/tro-giup/ho-tro-san-pham/cs-14Z90R-G.AH53A5/,Vietnam,지원/Support,78
https://www.lg.com/vn/tro-giup/ho-tro-san-pham/cs-14Z90R-G.AH75A5/,Vietnam,지원/Support,78
https://www.lg.com/vn/tro-giup/ho-tro-san-pham/cs-14Z90RS-G.AH54A5/,Vietnam,지원/Support,78
https://www.lg.com/vn/tro-giup/ho-tro-san-pham/cs-14Z90S-G.AH55A5/,Vietnam,지원/Support,78
https://www.lg.com/vn/tro-giup/ho-tro-san-pham/cs-14Z90S-G.AH75A5/,Vietnam,지원/Support,78
https://www.lg.com/vn/tro-giup/ho-tro-san-pham/cs-14Z90U-G.AN55A5/,Vietnam,지원/Support,78
https://www.lg.com/vn/tro-giup/ho-tro-san-pham/cs-14Z970-G.AH52A5/,Vietnam,지원/Support,79
https://www.lg.com/vn/tro-giup/ho-tro-san-pham/cs-14Z980-G.AH52A5/,Vietnam,지원/Support,78
https://www.lg.com/vn/tro-giup/ho-tro-san-pham/cs-14ZD90N-V.AX53A5/,Vietnam,지원/Support,78
https://www.lg.com/vn/tro-giup/ho-tro-san-pham/cs-14ZD90N-V.AX55A5/,Vietnam,지원/Support,79
https://www.lg.com/vn/tro-giup/ho-tro-san-pham/cs-14ZD90P-G.AX51A5/,Vietnam,지원/Support,78
https://www.lg.com/vn/tro-giup/ho-tro-san-pham/cs-14ZD90P-G.AX56A5/,Vietnam,지원/Support,78
https://www.lg.com/vn/tro-giup/ho-tro-san-pham/cs-14ZD90Q-G.AX31A5/,Vietnam,지원/Support,78
https://www.lg.com/vn/support/product-support/troubleshoot/,Vietnam,지원 - 트러블슈팅,68
https://www.lg.com/vn/support/product-support/troubleshoot/help-liberary/,Vietnam,지원 - 트러블슈팅,64
https://www.lg.com/vn/tro-giup/ho-tro-san-pham/khac-phuc-su-co/help-library/,Vietnam,지원 - 트러블슈팅,71
https://www.lg.com/vn/tro-giup/ho-tro-san-pham/khac-phuc-su-co/help-library/cs-CT32015582-20150118246648/,Vietnam,지원 - 트러블슈팅,79
https://www.lg.com/vn/tro-giup/ho-tro-san-pham/khac-phuc-su-co/help-library/cs-CT52001450-20151986912500/,Vietnam,지원 - 트러블슈팅,79
https://www.lg.com/vn/tro-giup/ho-tro-san-pham/khac-phuc-su-co/help-library/cs-CT52001450-20152940974120/,Vietnam,지원 - 트러블슈팅,79
https://www.lg.com/vn/tro-giup/ho-tro-san-pham/khac-phuc-su-co/help-library/cs-CT52001450-20152940974130/,Vietnam,지원 - 트러블슈팅,79
https://www.lg.com/vn/tro-giup/ho-tro-san-pham/khac-phuc-su-co/help-library/cs-CT52001450-20152940974134/,Vietnam,지원 - 트러블슈팅,79
https://www.lg.com/vn/tro-giup/ho-tro-san-pham/khac-phuc-su-co/help-library/cs-CT52001450-20152940974138/,Vietnam,지원 - 트러블슈팅,79
https://www.lg.com/vn/tro-giup/ho-tro-san-pham/khac-phuc-su-co/help-library/cs-CT52001450-20152940974143/,Vietnam,지원 - 트러블슈팅,79
https://www.lg.com/vn/tro-giup/ho-tro-san-pham/khac-phuc-su-co/help-library/cs-CT52001450-20152940974149/,Vietnam,지원 - 트러블슈팅,79
https://www.lg.com/vn/tro-giup/ho-tro-san-pham/khac-phuc-su-co/help-library/cs-CT52001450-20152940974156/,Vietnam,지원 - 트러블슈팅,79
https://www.lg.com/vn/tro-giup/ho-tro-san-pham/khac-phuc-su-co/help-library/cs-CT52001450-20152942594168/,Vietnam,지원 - 트러블슈팅,79
https://www.lg.com/vn/tro-giup/ho-tro-san-pham/khac-phuc-su-co/help-library/cs-CT52001450-20152942594172/,Vietnam,지원 - 트러블슈팅,79
https://www.lg.com/vn/tro-giup/ho-tro-san-pham/khac-phuc-su-co/help-library/cs-CT52001450-20152942594178/,Vietnam,지원 - 트러블슈팅,79
https://www.lg.com/vn/tro-giup/ho-tro-san-pham/khac-phuc-su-co/help-library/cs-CT52001450-20154860396041/,Vietnam,지원 - 트러블슈팅,79
https://www.lg.com/vn/tro-giup/ho-tro-san-pham/khac-phuc-su-co/help-library/cs-CT52001451-1422351202972DRC/,Vietnam,지원 - 트러블슈팅,79
https://www.lg.com/vn/tro-giup/ho-tro-san-pham/khac-phuc-su-co/help-library/cs-CT52001451-1422351202972TWW/,Vietnam,지원 - 트러블슈팅,79
https://www.lg.com/vn/tro-giup/ho-tro-san-pham/khac-phuc-su-co/help-library/cs-CT52001451-20150125987829/,Vietnam,지원 - 트러블슈팅,79
https://www.lg.com/vn/tro-giup/ho-tro-san-pham/khac-phuc-su-co/help-library/cs-CT52001451-20150125988278/,Vietnam,지원 - 트러블슈팅,79
https://www.lg.com/vn/tro-giup/ho-tro-san-pham/khac-phuc-su-co/help-library/cs-CT52001451-20150125988918/,Vietnam,지원 - 트러블슈팅,79
https://www.lg.com/vn/tro-giup/ho-tro-san-pham/khac-phuc-su-co/help-library/cs-CT52001451-20150125989444/,Vietnam,지원 - 트러블슈팅,79
https://www.lg.com/vn/tro-giup/ho-tro-san-pham/khac-phuc-su-co/help-library/cs-CT52001451-20150125989967/,Vietnam,지원 - 트러블슈팅,79
https://www.lg.com/vn/tro-giup/ho-tro-san-pham/khac-phuc-su-co/help-library/cs-CT52001451-20150125990442/,Vietnam,지원 - 트러블슈팅,79
https://www.lg.com/vn/tro-giup/ho-tro-san-pham/khac-phuc-su-co/help-library/cs-CT52001451-20150144703797/,Vietnam,지원 - 트러블슈팅,79
https://www.lg.com/vn/tro-giup/ho-tro-san-pham/khac-phuc-su-co/help-library/cs-CT52001451-20150144704325/,Vietnam,지원 - 트러블슈팅,79
https://www.lg.com/vn/tro-giup/ho-tro-san-pham/khac-phuc-su-co/help-library/cs-CT52001451-20150144705911/,Vietnam,지원 - 트러블슈팅,79
https://www.lg.com/vn/tro-giup/ho-tro-san-pham/khac-phuc-su-co/help-library/cs-CT52001451-20150162887544/,Vietnam,지원 - 트러블슈팅,79
https://www.lg.com/vn/tro-giup/ho-tro-san-pham/khac-phuc-su-co/help-library/cs-CT52001451-20150376079370/,Vietnam,지원 - 트러블슈팅,79
https://www.lg.com/vn/tro-giup/ho-tro-san-pham/khac-phuc-su-co/help-library/cs-CT52001451-20151859713285/,Vietnam,지원 - 트러블슈팅,79
https://www.lg.com/vn/tro-giup/ho-tro-san-pham/khac-phuc-su-co/help-library/cs-CT52001451-20151890958701/,Vietnam,지원 - 트러블슈팅,79
https://www.lg.com/vn/tro-giup/ho-tro-san-pham/khac-phuc-su-co/help-library/cs-CT52001451-20151890964472/,Vietnam,지원 - 트러블슈팅,79
https://www.lg.com/vn/tro-giup/ho-tro-san-pham/khac-phuc-su-co/help-library/cs-CT52001451-20151890985048/,Vietnam,지원 - 트러블슈팅,79
https://www.lg.com/vn/tro-giup/ho-tro-san-pham/khac-phuc-su-co/help-library/cs-CT52001451-20151890991544/,Vietnam,지원 - 트러블슈팅,79
https://www.lg.com/vn/tro-giup/ho-tro-san-pham/khac-phuc-su-co/help-library/cs-CT52001451-20151890998187/,Vietnam,지원 - 트러블슈팅,79
https://www.lg.com/vn/tro-giup/ho-tro-san-pham/khac-phuc-su-co/help-library/cs-CT52001451-20151891002758/,Vietnam,지원 - 트러블슈팅,79
https://www.lg.com/vn/tro-giup/ho-tro-san-pham/khac-phuc-su-co/help-library/cs-CT52001451-20151892649149/,Vietnam,지원 - 트러블슈팅,79
https://www.lg.com/vn/tro-giup/ho-tro-san-pham/khac-phuc-su-co/help-library/cs-CT52001451-20151892657834/,Vietnam,지원 - 트러블슈팅,79
https://www.lg.com/vn/tro-giup/ho-tro-san-pham/khac-phuc-su-co/help-library/cs-CT52001451-20151892668144/,Vietnam,지원 - 트러블슈팅,79
https://www.lg.com/vn/tro-giup/ho-tro-san-pham/khac-phuc-su-co/help-library/cs-CT52001451-20151955998548/,Vietnam,지원 - 트러블슈팅,79
https://www.lg.com/vn/tro-giup/ho-tro-san-pham/khac-phuc-su-co/help-library/cs-CT52001451-20151956048440/,Vietnam,지원 - 트러블슈팅,79
https://www.lg.com/vn/tro-giup/ho-tro-san-pham/khac-phuc-su-co/help-library/cs-CT52001451-20151956067499/,Vietnam,지원 - 트러블슈팅,79
https://www.lg.com/vn/tro-giup/ho-tro-san-pham/khac-phuc-su-co/help-library/cs-CT52001451-20151956073946/,Vietnam,지원 - 트러블슈팅,79
https://www.lg.com/vn/tro-giup/ho-tro-san-pham/khac-phuc-su-co/help-library/cs-CT52001451-20151956224874/,Vietnam,지원 - 트러블슈팅,79
https://www.lg.com/vn/tro-giup/ho-tro-san-pham/khac-phuc-su-co/help-library/cs-CT52001451-20151956229421/,Vietnam,지원 - 트러블슈팅,79
https://www.lg.com/vn/tro-giup/ho-tro-san-pham/khac-phuc-su-co/help-library/cs-CT52001451-20152083062535/,Vietnam,지원 - 트러블슈팅,79
https://www.lg.com/vn/tro-giup/ho-tro-san-pham/khac-phuc-su-co/help-library/cs-CT52001451-20152083083854/,Vietnam,지원 - 트러블슈팅,79
https://www.lg.com/vn/tro-giup/ho-tro-san-pham/khac-phuc-su-co/help-library/cs-CT52001451-20152083150138/,Vietnam,지원 - 트러블슈팅,79
https://www.lg.com/vn/tro-giup/ho-tro-san-pham/khac-phuc-su-co/help-library/cs-CT52001451-20152083155193/,Vietnam,지원 - 트러블슈팅,79
https://www.lg.com/vn/tro-giup/ho-tro-san-pham/khac-phuc-su-co/help-library/cs-CT52001451-20152083170035/,Vietnam,지원 - 트러블슈팅,79
https://www.lg.com/vn/tro-giup/ho-tro-san-pham/khac-phuc-su-co/help-library/cs-CT52001451-20152102407373/,Vietnam,지원 - 트러블슈팅,79
https://www.lg.com/vn/tro-giup/ho-tro-san-pham/khac-phuc-su-co/help-library/cs-CT52001451-20152225461563TWW/,Vietnam,지원 - 트러블슈팅,79
https://www.lg.com/vn/tro-giup/ho-tro-san-pham/khac-phuc-su-co/help-library/cs-CT52001451-20152616071993/,Vietnam,지원 - 트러블슈팅,79
https://www.lg.com/vn/tro-giup/ho-tro-san-pham/khac-phuc-su-co/help-library/cs-CT52001451-20152616071997/,Vietnam,지원 - 트러블슈팅,79
https://www.lg.com/vn/tro-giup/ho-tro-san-pham/khac-phuc-su-co/help-library/cs-CT52001451-20152616072001/,Vietnam,지원 - 트러블슈팅,79
https://www.lg.com/vn/tro-giup/ho-tro-san-pham/khac-phuc-su-co/help-library/cs-CT52001451-20152616072005/,Vietnam,지원 - 트러블슈팅,79
https://www.lg.com/vn/tro-giup/ho-tro-san-pham/khac-phuc-su-co/help-library/cs-CT52001451-20152616072009/,Vietnam,지원 - 트러블슈팅,79
https://www.lg.com/vn/tro-giup/ho-tro-san-pham/khac-phuc-su-co/help-library/cs-CT52001451-20152616072013/,Vietnam,지원 - 트러블슈팅,79
https://www.lg.com/vn/tro-giup/ho-tro-san-pham/khac-phuc-su-co/help-library/cs-CT52001451-20152616072018/,Vietnam,지원 - 트러블슈팅,79
https://www.lg.com/vn/tro-giup/ho-tro-san-pham/khac-phuc-su-co/help-library/cs-CT52001451-20152616072024/,Vietnam,지원 - 트러블슈팅,79
https://www.lg.com/vn/tro-giup/ho-tro-san-pham/khac-phuc-su-co/help-library/cs-CT52001451-20152616072032/,Vietnam,지원 - 트러블슈팅,79
https://www.lg.com/vn/tro-giup/ho-tro-san-pham/khac-phuc-su-co/help-library/cs-CT52001451-20152616072036/,Vietnam,지원 - 트러블슈팅,79
https://www.lg.com/vn/tro-giup/ho-tro-san-pham/khac-phuc-su-co/help-library/cs-CT52001451-20152616072040/,Vietnam,지원 - 트러블슈팅,79
https://www.lg.com/vn/tro-giup/ho-tro-san-pham/khac-phuc-su-co/help-library/cs-CT52001451-20152616072044/,Vietnam,지원 - 트러블슈팅,79
https://www.lg.com/vn/tro-giup/ho-tro-san-pham/khac-phuc-su-co/help-library/cs-CT52001451-20152616072048/,Vietnam,지원 - 트러블슈팅,79
https://www.lg.com/vn/tro-giup/ho-tro-san-pham/khac-phuc-su-co/help-library/cs-CT52001451-20152616072053/,Vietnam,지원 - 트러블슈팅,79
https://www.lg.com/vn/tro-giup/ho-tro-san-pham/khac-phuc-su-co/help-library/cs-CT52001451-20152616072059/,Vietnam,지원 - 트러블슈팅,79
https://www.lg.com/vn/tro-giup/ho-tro-san-pham/khac-phuc-su-co/help-library/cs-CT52001451-20152662799537/,Vietnam,지원 - 트러블슈팅,79
https://www.lg.com/vn/tro-giup/ho-tro-san-pham/khac-phuc-su-co/help-library/cs-CT52001451-20152662799547/,Vietnam,지원 - 트러블슈팅,79
https://www.lg.com/vn/tro-giup/ho-tro-san-pham/khac-phuc-su-co/help-library/cs-CT52001451-20152662799553/,Vietnam,지원 - 트러블슈팅,79
https://www.lg.com/vn/tro-giup/ho-tro-san-pham/khac-phuc-su-co/help-library/cs-CT52001451-20152662799557/,Vietnam,지원 - 트러블슈팅,79
https://www.lg.com/vn/tro-giup/ho-tro-san-pham/khac-phuc-su-co/help-library/cs-CT52001451-20152662799561/,Vietnam,지원 - 트러블슈팅,79
https://www.lg.com/vn/tro-giup/ho-tro-san-pham/khac-phuc-su-co/help-library/cs-CT52001451-20152662799569/,Vietnam,지원 - 트러블슈팅,79
https://www.lg.com/vn/tro-giup/ho-tro-san-pham/khac-phuc-su-co/help-library/cs-CT52001451-20152662799576/,Vietnam,지원 - 트러블슈팅,79
https://www.lg.com/vn/tro-giup/ho-tro-san-pham/khac-phuc-su-co/help-library/cs-CT52001451-20152662799580/,Vietnam,지원 - 트러블슈팅,79
https://www.lg.com/vn/tro-giup/ho-tro-san-pham/khac-phuc-su-co/help-library/cs-CT52001451-20152662799584/,Vietnam,지원 - 트러블슈팅,79
https://www.lg.com/vn/tro-giup/ho-tro-san-pham/khac-phuc-su-co/help-library/cs-CT52001451-20152662799590/,Vietnam,지원 - 트러블슈팅,79
https://www.lg.com/vn/tro-giup/ho-tro-san-pham/khac-phuc-su-co/help-library/cs-CT52001451-20152662799596/,Vietnam,지원 - 트러블슈팅,79
https://www.lg.com/vn/tro-giup/ho-tro-san-pham/khac-phuc-su-co/help-library/cs-CT52001451-20152662799600/,Vietnam,지원 - 트러블슈팅,79
https://www.lg.com/vn/tro-giup/ho-tro-san-pham/khac-phuc-su-co/help-library/cs-CT52001451-20152662799604/,Vietnam,지원 - 트러블슈팅,79
https://www.lg.com/vn/tro-giup/ho-tro-san-pham/khac-phuc-su-co/help-library/cs-CT52001451-20152662799609/,Vietnam,지원 - 트러블슈팅,79
https://www.lg.com/vn/tro-giup/ho-tro-san-pham/khac-phuc-su-co/help-library/cs-CT52001451-20152662799613/,Vietnam,지원 - 트러블슈팅,79
https://www.lg.com/vn/tro-giup/ho-tro-san-pham/khac-phuc-su-co/help-library/cs-CT52001451-20152662799617/,Vietnam,지원 - 트러블슈팅,79
https://www.lg.com/vn/tro-giup/ho-tro-san-pham/khac-phuc-su-co/help-library/cs-CT52001451-20152662799621/,Vietnam,지원 - 트러블슈팅,79
https://www.lg.com/vn/tro-giup/ho-tro-san-pham/khac-phuc-su-co/help-library/cs-CT52001451-20152662799625/,Vietnam,지원 - 트러블슈팅,79
https://www.lg.com/vn/tro-giup/ho-tro-san-pham/khac-phuc-su-co/help-library/cs-CT52001451-20152662799630/,Vietnam,지원 - 트러블슈팅,79
https://www.lg.com/vn/tro-giup/ho-tro-san-pham/khac-phuc-su-co/help-library/cs-CT52001451-20152662799634/,Vietnam,지원 - 트러블슈팅,79
https://www.lg.com/vn/tro-giup/ho-tro-san-pham/khac-phuc-su-co/help-library/cs-CT52001451-20152662799639/,Vietnam,지원 - 트러블슈팅,79
https://www.lg.com/vn/tro-giup/ho-tro-san-pham/khac-phuc-su-co/help-library/cs-CT52001451-20152662799643/,Vietnam,지원 - 트러블슈팅,79
https://www.lg.com/vn/tro-giup/ho-tro-san-pham/khac-phuc-su-co/help-library/cs-CT52001451-20152662799647/,Vietnam,지원 - 트러블슈팅,79
https://www.lg.com/vn/tro-giup/ho-tro-san-pham/khac-phuc-su-co/help-library/cs-CT52001451-20152940973921/,Vietnam,지원 - 트러블슈팅,79
https://www.lg.com/vn/tro-giup/ho-tro-san-pham/khac-phuc-su-co/help-library/cs-CT52001451-20152940973925/,Vietnam,지원 - 트러블슈팅,79
https://www.lg.com/vn/tro-giup/ho-tro-san-pham/khac-phuc-su-co/help-library/cs-CT52001451-20152940973929/,Vietnam,지원 - 트러블슈팅,79
https://www.lg.com/vn/tro-giup/ho-tro-san-pham/khac-phuc-su-co/help-library/cs-CT52001451-20152940973933/,Vietnam,지원 - 트러블슈팅,79
https://www.lg.com/vn/tro-giup/ho-tro-san-pham/khac-phuc-su-co/help-library/cs-CT52001451-20152940973937/,Vietnam,지원 - 트러블슈팅,79
https://www.lg.com/vn/tro-giup/ho-tro-san-pham/khac-phuc-su-co/help-library/cs-CT52001451-20152940973946/,Vietnam,지원 - 트러블슈팅,79
https://www.lg.com/vn/tro-giup/ho-tro-san-pham/khac-phuc-su-co/help-library/cs-CT52001451-20152940973950/,Vietnam,지원 - 트러블슈팅,79
https://www.lg.com/vn/tro-giup/ho-tro-san-pham/khac-phuc-su-co/help-library/cs-CT52001451-20152940974096/,Vietnam,지원 - 트러블슈팅,79
https://www.lg.com/vn/tro-giup/ho-tro-san-pham/khac-phuc-su-co/help-library/cs-CT52001451-20152940974100/,Vietnam,지원 - 트러블슈팅,79
https://www.lg.com/vn/tro-giup/ho-tro-san-pham/khac-phuc-su-co/help-library/cs-CT52001451-20152940974106/,Vietnam,지원 - 트러블슈팅,79
