url,country,page_type,score
https://www.lg.com/au/why-lgoled/10years-world-no1-oled/,Australia,제품 상세 (PDP),73
https://www.lg.com/au/tv-soundbars/55-inch-tvs/,Australia,제품 상세 (PDP),86
https://www.lg.com/au/why-lgoled/2023-oled-lineup/,Australia,제품 상세 (PDP),71
https://www.lg.com/au/why-lgoled/2024-oled-lineup/,Australia,제품 상세 (PDP),71
https://www.lg.com/au/tv-soundbars/65-inch-tvs/,Australia,제품 상세 (PDP),86
https://www.lg.com/au/tv-soundbars/fhd/22lu50fd/,Australia,제품 상세 (PDP),81
https://www.lg.com/au/tv-soundbars/fhd/22ma53d/,Australia,제품 상세 (PDP),81
https://www.lg.com/au/tv-soundbars/fhd/26lu50fd/,Australia,제품 상세 (PDP),81
https://www.lg.com/au/tv-soundbars/fhd/27lx5qkna/,Australia,제품 상세 (PDP),78
https://www.lg.com/au/tv-soundbars/fhd/27ma53d/,Australia,제품 상세 (PDP),81
https://www.lg.com/au/tv-soundbars/fhd/32lb5610/,Australia,제품 상세 (PDP),81
https://www.lg.com/au/tv-soundbars/fhd/32ld320h/,Australia,제품 상세 (PDP),81
https://www.lg.com/au/tv-soundbars/fhd/32ld460/,Australia,제품 상세 (PDP),81
https://www.lg.com/au/tv-soundbars/fhd/32ld462b/,Australia,제품 상세 (PDP),81
https://www.lg.com/au/tv-soundbars/fhd/32ld560/,Australia,제품 상세 (PDP),81
https://www.lg.com/au/tv-soundbars/fhd/32le4500/,Australia,제품 상세 (PDP),81
https://www.lg.com/au/tv-soundbars/fhd/32le5510/,Australia,제품 상세 (PDP),81
https://www.lg.com/au/tv-soundbars/fhd/32le7500/,Australia,제품 상세 (PDP),81
https://www.lg.com/au/tv-soundbars/fhd/32lg50fd/,Australia,제품 상세 (PDP),81
https://www.lg.com/au/tv-soundbars/fhd/32lg60fd/,Australia,제품 상세 (PDP),81
https://www.lg.com/au/tv-soundbars/fhd/32lh35fd/,Australia,제품 상세 (PDP),81
https://www.lg.com/au/tv-soundbars/fhd/32lh50yd/,Australia,제품 상세 (PDP),81
https://www.lg.com/au/tv-soundbars/fhd/32lh512d/,Australia,제품 상세 (PDP),81
https://www.lg.com/au/tv-soundbars/fhd/32lk450/,Australia,제품 상세 (PDP),81
https://www.lg.com/au/tv-soundbars/fhd/32lm6200/,Australia,제품 상세 (PDP),81
https://www.lg.com/au/tv-soundbars/fhd/32lm6410/,Australia,제품 상세 (PDP),81
https://www.lg.com/au/tv-soundbars/fhd/32ln5400/,Australia,제품 상세 (PDP),81
https://www.lg.com/au/tv-soundbars/fhd/32ls4600/,Australia,제품 상세 (PDP),81
https://www.lg.com/au/tv-soundbars/fhd/32ls5700/,Australia,제품 상세 (PDP),81
https://www.lg.com/au/tv-soundbars/fhd/32lv3730/,Australia,제품 상세 (PDP),81
https://www.lg.com/au/tv-soundbars/fhd/32lw4500/,Australia,제품 상세 (PDP),81
https://www.lg.com/au/tv-soundbars/fhd/37ld320h/,Australia,제품 상세 (PDP),81
https://www.lg.com/au/tv-soundbars/fhd/37ld460/,Australia,제품 상세 (PDP),81
https://www.lg.com/au/tv-soundbars/fhd/37le5510/,Australia,제품 상세 (PDP),81
https://www.lg.com/au/tv-soundbars/fhd/37le7500/,Australia,제품 상세 (PDP),81
https://www.lg.com/au/tv-soundbars/fhd/37lh35fd/,Australia,제품 상세 (PDP),81
https://www.lg.com/au/tv-soundbars/fhd/37lh50yd/,Australia,제품 상세 (PDP),81
https://www.lg.com/au/tv-soundbars/fhd/37lv3730/,Australia,제품 상세 (PDP),81
https://www.lg.com/au/tv-soundbars/fhd/37sl80yd/,Australia,제품 상세 (PDP),81
https://www.lg.com/au/tv-soundbars/fhd/39ln5400/,Australia,제품 상세 (PDP),81
https://www.lg.com/au/tv-soundbars/fhd/42cs460/,Australia,제품 상세 (PDP),81
https://www.lg.com/au/tv-soundbars/fhd/42lb5610/,Australia,제품 상세 (PDP),81
https://www.lg.com/au/tv-soundbars/fhd/42ld320h/,Australia,제품 상세 (PDP),81
https://www.lg.com/au/speakers/gp9/,Australia,제품 상세 (PDP),81
https://www.lg.com/au/speakers/hi-fi-systems/cj87/,Australia,제품 상세 (PDP),81
https://www.lg.com/au/speakers/hi-fi-systems/cj98/,Australia,제품 상세 (PDP),81
https://www.lg.com/au/speakers/hi-fi-systems/ck43/,Australia,제품 상세 (PDP),81
https://www.lg.com/au/speakers/hi-fi-systems/cm1530/,Australia,제품 상세 (PDP),81
https://www.lg.com/au/speakers/hi-fi-systems/cm1531/,Australia,제품 상세 (PDP),81
https://www.lg.com/au/speakers/hi-fi-systems/cm4320/,Australia,제품 상세 (PDP),81
https://www.lg.com/au/speakers/hi-fi-systems/cm4340p/,Australia,제품 상세 (PDP),81
https://www.lg.com/au/speakers/hi-fi-systems/cm4350p/,Australia,제품 상세 (PDP),81
https://www.lg.com/au/speakers/hi-fi-systems/cm4360/,Australia,제품 상세 (PDP),81
https://www.lg.com/au/speakers/hi-fi-systems/cm4640p/,Australia,제품 상세 (PDP),81
https://www.lg.com/au/speakers/hi-fi-systems/cm4650p/,Australia,제품 상세 (PDP),81
https://www.lg.com/au/speakers/hi-fi-systems/cm5660/,Australia,제품 상세 (PDP),81
https://www.lg.com/au/speakers/hi-fi-systems/cm8350/,Australia,제품 상세 (PDP),81
https://www.lg.com/au/speakers/hi-fi-systems/cm8360/,Australia,제품 상세 (PDP),81
https://www.lg.com/au/speakers/hi-fi-systems/cm8450/,Australia,제품 상세 (PDP),81
https://www.lg.com/au/speakers/hi-fi-systems/cm9730/,Australia,제품 상세 (PDP),81
https://www.lg.com/au/speakers/hi-fi-systems/cm9740/,Australia,제품 상세 (PDP),81
https://www.lg.com/au/speakers/hi-fi-systems/cm9750/,Australia,제품 상세 (PDP),81
https://www.lg.com/au/speakers/hi-fi-systems/cm9760/,Australia,제품 상세 (PDP),81
https://www.lg.com/au/speakers/hi-fi-systems/cm9940/,Australia,제품 상세 (PDP),81
https://www.lg.com/au/speakers/hi-fi-systems/cm9950/,Australia,제품 상세 (PDP),81
https://www.lg.com/au/speakers/hi-fi-systems/h3-np8340/,Australia,제품 상세 (PDP),81
https://www.lg.com/au/speakers/hi-fi-systems/h4-np8350/,Australia,제품 상세 (PDP),81
https://www.lg.com/au/speakers/hi-fi-systems/h5-np8540/,Australia,제품 상세 (PDP),81
https://www.lg.com/au/speakers/hi-fi-systems/h7-np8740/,Australia,제품 상세 (PDP),81
https://www.lg.com/au/speakers/hi-fi-systems/lk72b/,Australia,제품 상세 (PDP),81
https://www.lg.com/au/speakers/hi-fi-systems/mdt354/,Australia,제품 상세 (PDP),81
https://www.lg.com/au/speakers/hi-fi-systems/nd2530/,Australia,제품 상세 (PDP),81
https://www.lg.com/au/speakers/hi-fi-systems/nd5630/,Australia,제품 상세 (PDP),81
https://www.lg.com/au/speakers/hi-fi-systems/oj98/,Australia,제품 상세 (PDP),81
https://www.lg.com/au/speakers/hi-fi-systems/om5540/,Australia,제품 상세 (PDP),81
https://www.lg.com/au/speakers/hi-fi-systems/om7550/,Australia,제품 상세 (PDP),81
https://www.lg.com/au/speakers/hi-fi-systems/om7560/,Australia,제품 상세 (PDP),81
https://www.lg.com/au/speakers/hi-fi-systems/om9550/,Australia,제품 상세 (PDP),81
https://www.lg.com/au/speakers/hi-fi-systems/r1-mr140/,Australia,제품 상세 (PDP),81
https://www.lg.com/au/speakers/hi-fi-systems/xa63/,Australia,제품 상세 (PDP),81
https://www.lg.com/au/speakers/hi-fi-systems/xp16dab/,Australia,제품 상세 (PDP),81
https://www.lg.com/au/speakers/home-theatre-systems/bh4030s/,Australia,제품 상세 (PDP),81
https://www.lg.com/au/speakers/home-theatre-systems/bh4120s/,Australia,제품 상세 (PDP),81
https://www.lg.com/au/speakers/home-theatre-systems/bh6220s/,Australia,제품 상세 (PDP),81
https://www.lg.com/au/speakers/home-theatre-systems/bh6520tw/,Australia,제품 상세 (PDP),81
https://www.lg.com/au/speakers/home-theatre-systems/bh6530tw/,Australia,제품 상세 (PDP),81
https://www.lg.com/au/speakers/home-theatre-systems/bh6540tw/,Australia,제품 상세 (PDP),81
https://www.lg.com/au/speakers/home-theatre-systems/bh7520tw/,Australia,제품 상세 (PDP),81
https://www.lg.com/au/speakers/home-theatre-systems/bh7530wb/,Australia,제품 상세 (PDP),81
https://www.lg.com/au/speakers/home-theatre-systems/bh7540tw/,Australia,제품 상세 (PDP),81
https://www.lg.com/au/speakers/home-theatre-systems/bh9520tw/,Australia,제품 상세 (PDP),81
https://www.lg.com/au/speakers/home-theatre-systems/bh9530tw/,Australia,제품 상세 (PDP),81
https://www.lg.com/au/speakers/home-theatre-systems/bh9540tw/,Australia,제품 상세 (PDP),81
https://www.lg.com/au/monitors/17mb15p/,Australia,제품 상세 (PDP),81
https://www.lg.com/au/monitors/17mb15t/,Australia,제품 상세 (PDP),81
https://www.lg.com/au/monitors/19cnt42k/,Australia,제품 상세 (PDP),81
https://www.lg.com/au/monitors/19cnv42k/,Australia,제품 상세 (PDP),81
https://www.lg.com/au/monitors/19en33t/,Australia,제품 상세 (PDP),81
https://www.lg.com/au/monitors/19m35d/,Australia,제품 상세 (PDP),81
https://www.lg.com/au/monitors/19m37d/,Australia,제품 상세 (PDP),81
https://www.lg.com/au/monitors/19mb15t/,Australia,제품 상세 (PDP),81
https://www.lg.com/au/monitors/19mb35p/,Australia,제품 상세 (PDP),81
https://www.lg.com/au/monitors/22mb65p/,Australia,제품 상세 (PDP),81
https://www.lg.com/au/monitors/22mb65py/,Australia,제품 상세 (PDP),81
https://www.lg.com/au/monitors/32vs10/,Australia,제품 상세 (PDP),81
https://www.lg.com/au/monitors/47wv30b/,Australia,제품 상세 (PDP),81
https://www.lg.com/au/monitors/60pz9m/,Australia,제품 상세 (PDP),81
https://www.lg.com/au/monitors/cloud-computing/cl600n-6a/,Australia,제품 상세 (PDP),81
https://www.lg.com/au/monitors/e1910p/,Australia,제품 상세 (PDP),81
https://www.lg.com/au/monitors/e1911t/,Australia,제품 상세 (PDP),81
https://www.lg.com/au/monitors/e1940t-pn/,Australia,제품 상세 (PDP),81
https://www.lg.com/au/monitors/e1941t-bn/,Australia,제품 상세 (PDP),81
https://www.lg.com/au/monitors/e1951t-bn/,Australia,제품 상세 (PDP),81
https://www.lg.com/au/monitors/e2040t-pn/,Australia,제품 상세 (PDP),81
https://www.lg.com/au/monitors/e2041t-bn/,Australia,제품 상세 (PDP),81
https://www.lg.com/au/monitors/e2050t-pn/,Australia,제품 상세 (PDP),81
https://www.lg.com/au/monitors/e2060t-pn/,Australia,제품 상세 (PDP),81
https://www.lg.com/au/monitors/e2210p/,Australia,제품 상세 (PDP),81
https://www.lg.com/au/monitors/e2210pm/,Australia,제품 상세 (PDP),81
https://www.lg.com/au/monitors/e2240v-pn/,Australia,제품 상세 (PDP),81
https://www.lg.com/au/monitors/e2250v-pn/,Australia,제품 상세 (PDP),81
https://www.lg.com/au/monitors/e2340v-pn/,Australia,제품 상세 (PDP),81
https://www.lg.com/au/monitors/e2711py/,Australia,제품 상세 (PDP),81
https://www.lg.com/au/monitors/e2750v-pn/,Australia,제품 상세 (PDP),81
https://www.lg.com/au/monitors/full-hd-qhd/19m38d/,Australia,제품 상세 (PDP),81
https://www.lg.com/au/monitors/full-hd-qhd/20en33t/,Australia,제품 상세 (PDP),81
https://www.lg.com/au/monitors/full-hd-qhd/20en33ts/,Australia,제품 상세 (PDP),81
https://www.lg.com/au/monitors/full-hd-qhd/20m35d/,Australia,제품 상세 (PDP),81
https://www.lg.com/au/monitors/full-hd-qhd/22ea53v/,Australia,제품 상세 (PDP),81
https://www.lg.com/au/monitors/full-hd-qhd/22en33t/,Australia,제품 상세 (PDP),81
https://www.lg.com/au/monitors/full-hd-qhd/22en43t/,Australia,제품 상세 (PDP),81
https://www.lg.com/au/monitors/full-hd-qhd/22m37d/,Australia,제품 상세 (PDP),81
https://www.lg.com/au/monitors/full-hd-qhd/22m38d/,Australia,제품 상세 (PDP),81
https://www.lg.com/au/monitors/full-hd-qhd/22m45d/,Australia,제품 상세 (PDP),81
https://www.lg.com/au/monitors/full-hd-qhd/22mb35d/,Australia,제품 상세 (PDP),81
https://www.lg.com/au/monitors/full-hd-qhd/22mb35pu/,Australia,제품 상세 (PDP),81
https://www.lg.com/au/monitors/full-hd-qhd/22mb37pu/,Australia,제품 상세 (PDP),81
https://www.lg.com/au/monitors/full-hd-qhd/22mk400h-b/,Australia,제품 상세 (PDP),81
https://www.lg.com/au/monitors/full-hd-qhd/22mk430h-b/,Australia,제품 상세 (PDP),81
https://www.lg.com/au/monitors/full-hd-qhd/22mn430m-b/,Australia,제품 상세 (PDP),81
https://www.lg.com/au/monitors/full-hd-qhd/22mp410-b/,Australia,제품 상세 (PDP),81
https://www.lg.com/au/monitors/full-hd-qhd/22mp48hq/,Australia,제품 상세 (PDP),81
https://www.lg.com/au/fridge-freezers/bottom-mount/gb-455ble/,Australia,제품 상세 (PDP),81
https://www.lg.com/au/fridge-freezers/bottom-mount/gb-455btl/,Australia,제품 상세 (PDP),81
https://www.lg.com/au/fridge-freezers/bottom-mount/gb-455mbl/,Australia,제품 상세 (PDP),81
https://www.lg.com/au/fridge-freezers/bottom-mount/gb-455pl/,Australia,제품 상세 (PDP),81
https://www.lg.com/au/fridge-freezers/bottom-mount/gb-455uple/,Australia,제품 상세 (PDP),81
https://www.lg.com/au/fridge-freezers/bottom-mount/gb-455wl/,Australia,제품 상세 (PDP),81
https://www.lg.com/au/fridge-freezers/bottom-mount/gb-b300mwh/,Australia,제품 상세 (PDP),78
https://www.lg.com/au/fridge-freezers/bottom-mount/gb-b300pl/,Australia,제품 상세 (PDP),78
https://www.lg.com/au/fridge-freezers/bottom-mount/gb-v300mbl/,Australia,제품 상세 (PDP),78
https://www.lg.com/au/fridge-freezers/bottom-mount/gb-w300mbl/,Australia,제품 상세 (PDP),78
https://www.lg.com/au/fridge-freezers/bottom-mount/gb-w455mbl/,Australia,제품 상세 (PDP),84
https://www.lg.com/au/fridge-freezers/freezers/gp-f324mbl/,Australia,제품 상세 (PDP),81
https://www.lg.com/au/fridge-freezers/freezers/gp-f324pl/,Australia,제품 상세 (PDP),81
https://www.lg.com/au/fridge-freezers/french-door/gf-b505bb/,Australia,제품 상세 (PDP),81
https://www.lg.com/au/fridge-freezers/french-door/gf-b505mbl/,Australia,제품 상세 (PDP),81
https://www.lg.com/au/fridge-freezers/french-door/gf-b505pl/,Australia,제품 상세 (PDP),81
https://www.lg.com/au/fridge-freezers/french-door/gf-b530bl/,Australia,제품 상세 (PDP),81
https://www.lg.com/au/fridge-freezers/french-door/gf-b589ple/,Australia,제품 상세 (PDP),81
https://www.lg.com/au/fridge-freezers/french-door/gf-b700pl/,Australia,제품 상세 (PDP),84
https://www.lg.com/au/fridge-freezers/french-door/gf-b705mbl/,Australia,제품 상세 (PDP),84
https://www.lg.com/au/fridge-freezers/french-door/gf-d700mblc/,Australia,제품 상세 (PDP),81
https://www.lg.com/au/fridge-freezers/french-door/gf-l500mbl/,Australia,제품 상세 (PDP),81
https://www.lg.com/au/fridge-freezers/french-door/gf-l500mwh/,Australia,제품 상세 (PDP),81
https://www.lg.com/au/fridge-freezers/french-door/gf-l500pl/,Australia,제품 상세 (PDP),81
https://www.lg.com/au/fridge-freezers/french-door/gf-l700mbl/,Australia,제품 상세 (PDP),81
https://www.lg.com/au/fridge-freezers/french-door/gf-l700mwh/,Australia,제품 상세 (PDP),81
https://www.lg.com/au/fridge-freezers/french-door/gf-l700pl/,Australia,제품 상세 (PDP),81
https://www.lg.com/au/fridge-freezers/french-door/gf-ln500mbl/,Australia,제품 상세 (PDP),81
https://www.lg.com/au/fridge-freezers/french-door/gf-ln500pl/,Australia,제품 상세 (PDP),81
https://www.lg.com/au/fridge-freezers/french-door/gf-ln700mbl/,Australia,제품 상세 (PDP),81
https://www.lg.com/au/fridge-freezers/french-door/gf-ln700pl/,Australia,제품 상세 (PDP),81
https://www.lg.com/au/fridge-freezers/french-door/gf-v500mblc/,Australia,제품 상세 (PDP),81
https://www.lg.com/au/fridge-freezers/french-door/gf-v700bslc/,Australia,제품 상세 (PDP),81
https://www.lg.com/au/fridge-freezers/french-door/gf-v700mblc/,Australia,제품 상세 (PDP),81
https://www.lg.com/au/fridge-freezers/french-door/gf-v900mblc/,Australia,제품 상세 (PDP),81
https://www.lg.com/au/fridge-freezers/french-door/gf-vn500pl/,Australia,제품 상세 (PDP),81
https://www.lg.com/au/fridge-freezers/french-door/gf-vn600bm/,Australia,제품 상세 (PDP),81
https://www.lg.com/au/fridge-freezers/fridge-accessories/aap74271301/,Australia,제품 상세 (PDP),81
https://www.lg.com/au/fridge-freezers/fridge-accessories/aap74271303/,Australia,제품 상세 (PDP),81
https://www.lg.com/au/laundry/tumble-dryers/dvh10-10b/,Australia,제품 상세 (PDP),84
https://www.lg.com/au/dishwashers/free-standing/xd2a25mb/,Australia,제품 상세 (PDP),82
https://www.lg.com/au/washer-dryers/clothes-styler/s3bf/,Australia,제품 상세 (PDP),84
https://www.lg.com/au/laundry/washer-dryers/wvc5-1410w/,Australia,제품 상세 (PDP),81
https://www.lg.com/au/dishwashers/free-standing/xd3a25mw/,Australia,제품 상세 (PDP),81
https://www.lg.com/au/washer-dryers/clothes-styler/s3mfc/,Australia,제품 상세 (PDP),84
https://www.lg.com/au/laundry/washing-machines/wtg1434vhf/,Australia,제품 상세 (PDP),81
https://www.lg.com/au/dishwashers/ld1452mfen2/,Australia,제품 상세 (PDP),81
https://www.lg.com/au/washer-dryers/clothes-styler/s5goc/,Australia,제품 상세 (PDP),81
https://www.lg.com/au/laundry/washing-machines/wv9-1410w/,Australia,제품 상세 (PDP),81
https://www.lg.com/au/dishwashers/ld1452tfen2/,Australia,제품 상세 (PDP),81
https://www.lg.com/au/washer-dryers/clothes-styler/s5mb/,Australia,제품 상세 (PDP),81
https://www.lg.com/au/dishwashers/ld1452wfen2/,Australia,제품 상세 (PDP),81
https://www.lg.com/au/washer-dryers/clothes-styler/sc5fg/,Australia,제품 상세 (PDP),81
https://www.lg.com/au/dishwashers/ld1452wfen3/,Australia,제품 상세 (PDP),81
https://www.lg.com/au/washer-dryers/clothes-styler/sc5mbh/,Australia,제품 상세 (PDP),81
https://www.lg.com/au/dishwashers/ld1453tfen2/,Australia,제품 상세 (PDP),81
https://www.lg.com/au/washer-dryers/commercial-laundry/cdg27ruqes/,Australia,제품 상세 (PDP),84
https://www.lg.com/au/dishwashers/ld1454tfes2/,Australia,제품 상세 (PDP),81
https://www.lg.com/au/washer-dryers/commercial-laundry/cdt29muoes/,Australia,제품 상세 (PDP),84
https://www.lg.com/au/dishwashers/xd3a15bs/,Australia,제품 상세 (PDP),81
https://www.lg.com/au/washer-dryers/commercial-laundry/cdt29muqes/,Australia,제품 상세 (PDP),84
https://www.lg.com/au/dishwashers/xd3a15mb/,Australia,제품 상세 (PDP),81
https://www.lg.com/au/washer-dryers/commercial-laundry/cwt29msors/,Australia,제품 상세 (PDP),84
https://www.lg.com/au/dishwashers/xd3a15ns/,Australia,제품 상세 (PDP),82
https://www.lg.com/au/washer-dryers/commercial-laundry/rn1329cn7p/,Australia,제품 상세 (PDP),84
https://www.lg.com/au/dishwashers/xd3a25bs/,Australia,제품 상세 (PDP),82
https://www.lg.com/au/washer-dryers/cwg27mdors/,Australia,제품 상세 (PDP),84
https://www.lg.com/au/dishwashers/xd3a25mb/,Australia,제품 상세 (PDP),81
https://www.lg.com/au/washer-dryers/cwg27mdqrs/,Australia,제품 상세 (PDP),84
https://www.lg.com/au/dishwashers/xd3a25ps/,Australia,제품 상세 (PDP),81
https://www.lg.com/au/washer-dryers/cwt29msqrs/,Australia,제품 상세 (PDP),84
https://www.lg.com/au/dishwashers/xd3a25umb/,Australia,제품 상세 (PDP),81
https://www.lg.com/au/washer-dryers/dryers/cdt29msoes/,Australia,제품 상세 (PDP),84
https://www.lg.com/au/dishwashers/xd3a25uns/,Australia,제품 상세 (PDP),81
https://www.lg.com/au/washer-dryers/dryers/dvh1-08wp/,Australia,제품 상세 (PDP),81
https://www.lg.com/au/dishwashers/xd3a25ups/,Australia,제품 상세 (PDP),81
https://www.lg.com/au/washer-dryers/dryers/dvh10-10b/,Australia,제품 상세 (PDP),84
https://www.lg.com/au/dishwashers/xd4b14ps/,Australia,제품 상세 (PDP),81
https://www.lg.com/au/washer-dryers/dryers/dvh10-10w/,Australia,제품 상세 (PDP),81
https://www.lg.com/au/dishwashers/xd4b15ps/,Australia,제품 상세 (PDP),81
https://www.lg.com/au/washer-dryers/dryers/dvh5-08w/,Australia,제품 상세 (PDP),84
https://www.lg.com/au/dishwashers/xd4b24ps/,Australia,제품 상세 (PDP),81
https://www.lg.com/au/washer-dryers/dryers/dvh5-10g/,Australia,제품 상세 (PDP),81
https://www.lg.com/au/dishwashers/xd4b24ups/,Australia,제품 상세 (PDP),81
https://www.lg.com/au/washer-dryers/dryers/dvh9-08b/,Australia,제품 상세 (PDP),81
https://www.lg.com/au/dishwashers/xd4b24wh/,Australia,제품 상세 (PDP),81
https://www.lg.com/au/washer-dryers/dryers/dvh9-09b/,Australia,제품 상세 (PDP),81
https://www.lg.com/au/dishwashers/xd5b14ps/,Australia,제품 상세 (PDP),81
https://www.lg.com/au/residential-air-conditioner/dehumidifier/aa31413001/,Australia,제품 상세 (PDP),81
https://www.lg.com/au/residential-air-conditioner/dehumidifier/dd12gmwe0/,Australia,제품 상세 (PDP),79
https://www.lg.com/au/residential-air-conditioner/dehumidifier/dd14gmwe0/,Australia,제품 상세 (PDP),79
https://www.lg.com/au/residential-air-conditioner/dehumidifier/pdarsc01/,Australia,제품 상세 (PDP),81
https://www.lg.com/au/residential-air-conditioner/ducted-systems/b18awy-gmd/,Australia,제품 상세 (PDP),81
https://www.lg.com/au/residential-air-conditioner/ducted-systems/b24ahf-nh5/,Australia,제품 상세 (PDP),81
https://www.lg.com/au/residential-air-conditioner/ducted-systems/b24awy-gmd/,Australia,제품 상세 (PDP),81
https://www.lg.com/au/residential-air-conditioner/ducted-systems/b24awyngmh/,Australia,제품 상세 (PDP),81
https://www.lg.com/au/residential-air-conditioner/ducted-systems/b30ahyn661/,Australia,제품 상세 (PDP),81
https://www.lg.com/au/residential-air-conditioner/ducted-systems/b30awy-763/,Australia,제품 상세 (PDP),81
https://www.lg.com/au/residential-air-conditioner/ducted-systems/b30awy-7g4/,Australia,제품 상세 (PDP),81
https://www.lg.com/au/residential-air-conditioner/ducted-systems/b30awy-7g5/,Australia,제품 상세 (PDP),81
https://www.lg.com/au/residential-air-conditioner/ducted-systems/b30awy-7g6/,Australia,제품 상세 (PDP),81
https://www.lg.com/au/residential-air-conditioner/ducted-systems/b30awyn661/,Australia,제품 상세 (PDP),81
https://www.lg.com/au/residential-air-conditioner/ducted-systems/b30awyn762/,Australia,제품 상세 (PDP),81
https://www.lg.com/au/residential-air-conditioner/ducted-systems/b36ahyn661/,Australia,제품 상세 (PDP),81
https://www.lg.com/au/residential-air-conditioner/ducted-systems/b36awy-763/,Australia,제품 상세 (PDP),81
https://www.lg.com/au/residential-air-conditioner/ducted-systems/b36awy-7g4/,Australia,제품 상세 (PDP),81
https://www.lg.com/au/residential-air-conditioner/ducted-systems/b36awy-7g5/,Australia,제품 상세 (PDP),81
https://www.lg.com/au/residential-air-conditioner/ducted-systems/b36awy-7g6/,Australia,제품 상세 (PDP),77
https://www.lg.com/au/residential-air-conditioner/ducted-systems/b36awy-gmd/,Australia,제품 상세 (PDP),81
https://www.lg.com/au/residential-air-conditioner/ducted-systems/b36awyn661/,Australia,제품 상세 (PDP),81
https://www.lg.com/au/residential-air-conditioner/ducted-systems/b36awyn762/,Australia,제품 상세 (PDP),81
https://www.lg.com/au/residential-air-conditioner/ducted-systems/b42ahyn781/,Australia,제품 상세 (PDP),81
https://www.lg.com/au/residential-air-conditioner/ducted-systems/b42awy-3g4/,Australia,제품 상세 (PDP),81
https://www.lg.com/au/residential-air-conditioner/ducted-systems/b42awy-763/,Australia,제품 상세 (PDP),81
https://www.lg.com/au/residential-air-conditioner/ducted-systems/b42awy-7g5/,Australia,제품 상세 (PDP),81
https://www.lg.com/au/residential-air-conditioner/ducted-systems/b42awy-7g5a/,Australia,제품 상세 (PDP),81
https://www.lg.com/au/residential-air-conditioner/ducted-systems/b42awy-7g6/,Australia,제품 상세 (PDP),77
https://www.lg.com/au/residential-air-conditioner/ducted-systems/b42awyn661/,Australia,제품 상세 (PDP),81
https://www.lg.com/au/residential-air-conditioner/ducted-systems/b42awyn762/,Australia,제품 상세 (PDP),81
https://www.lg.com/au/residential-air-conditioner/ducted-systems/b48awyn761/,Australia,제품 상세 (PDP),81
https://www.lg.com/au/residential-air-conditioner/ducted-systems/b48awyn762/,Australia,제품 상세 (PDP),81
https://www.lg.com/au/residential-air-conditioner/ducted-systems/b55awy-763/,Australia,제품 상세 (PDP),81
https://www.lg.com/au/residential-air-conditioner/ducted-systems/b55awy-7g4/,Australia,제품 상세 (PDP),81
https://www.lg.com/au/residential-air-conditioner/ducted-systems/b55awy-7g5/,Australia,제품 상세 (PDP),81
https://www.lg.com/au/residential-air-conditioner/ducted-systems/b55awy-7g5a/,Australia,제품 상세 (PDP),81
https://www.lg.com/au/residential-air-conditioner/ducted-systems/b55awy-7g6/,Australia,제품 상세 (PDP),77
https://www.lg.com/au/residential-air-conditioner/ducted-systems/b55awyn761/,Australia,제품 상세 (PDP),76
https://www.lg.com/au/residential-air-conditioner/ducted-systems/b55awyn762/,Australia,제품 상세 (PDP),81
https://www.lg.com/au/residential-air-conditioner/ducted-systems/b62awy-9l6/,Australia,제품 상세 (PDP),77
https://www.lg.com/au/residential-air-conditioner/ducted-systems/b62uwyn881/,Australia,제품 상세 (PDP),81
https://www.lg.com/au/residential-air-conditioner/ducted-systems/b70awy-9l6/,Australia,제품 상세 (PDP),77
https://www.lg.com/au/residential-air-conditioner/ducted-systems/b70awyn985/,Australia,제품 상세 (PDP),81
https://www.lg.com/au/residential-air-conditioner/ducted-systems/b72uwyn881/,Australia,제품 상세 (PDP),81
https://www.lg.com/au/residential-air-conditioner/ducted-systems/lbnh1863bl/,Australia,제품 상세 (PDP),81
https://www.lg.com/au/residential-air-conditioner/ducted-systems/nhxm110d1a0/,Australia,제품 상세 (PDP),81
https://www.lg.com/au/residential-air-conditioner/ducted-systems/nhxm30d3a0/,Australia,제품 상세 (PDP),81
https://www.lg.com/au/residential-air-conditioner/ducted-systems/nhxm40d3a0/,Australia,제품 상세 (PDP),81
https://www.lg.com/au/residential-air-conditioner/ducted-systems/nhxm50d1a0/,Australia,제품 상세 (PDP),81
https://www.lg.com/au/air-purifier/all-air-purifiers/as20gphk0/,Australia,제품 상세 (PDP),85
https://www.lg.com/au/air-purifier/all-air-purifiers/as35ggw10/,Australia,제품 상세 (PDP),82
https://www.lg.com/au/air-purifier/all-air-purifiers/as60ghwg0/,Australia,제품 상세 (PDP),79
https://www.lg.com/au/cooking/cooktops/bci607b4bg/,Australia,제품 상세 (PDP),82
https://www.lg.com/au/microwave-ovens/ma3281gw/,Australia,제품 상세 (PDP),81
https://www.lg.com/au/cooking-appliances/ms2336db/,Australia,제품 상세 (PDP),75
https://www.lg.com/au/cooking/cooktops/bci607t3bg/,Australia,제품 상세 (PDP),81
https://www.lg.com/au/microwave-ovens/ma3281t/,Australia,제품 상세 (PDP),81
https://www.lg.com/au/cooking/cooktops/bci607t4bg/,Australia,제품 상세 (PDP),81
https://www.lg.com/au/microwave-ovens/ma3281u/,Australia,제품 상세 (PDP),81
https://www.lg.com/au/cooking/cooktops/bci807t4bg/,Australia,제품 상세 (PDP),81
https://www.lg.com/au/microwave-ovens/ma3884ngr/,Australia,제품 상세 (PDP),81
https://www.lg.com/au/cooking/cooktops/hg6412a/,Australia,제품 상세 (PDP),81
https://www.lg.com/au/microwave-ovens/ma3884vgs/,Australia,제품 상세 (PDP),81
https://www.lg.com/au/cooking/cooktops/hg7512a/,Australia,제품 상세 (PDP),81
https://www.lg.com/au/microwave-ovens/mc3967abc/,Australia,제품 상세 (PDP),81
https://www.lg.com/au/cooking/cooktops/hg9512a/,Australia,제품 상세 (PDP),81
https://www.lg.com/au/microwave-ovens/mc8289ur/,Australia,제품 상세 (PDP),81
https://www.lg.com/au/cooking/cooktops/ka60010s/,Australia,제품 상세 (PDP),81
https://www.lg.com/au/microwave-ovens/mc9280xc/,Australia,제품 상세 (PDP),81
https://www.lg.com/au/cooking/cooktops/ka60510s/,Australia,제품 상세 (PDP),81
https://www.lg.com/au/microwave-ovens/mc9280xc1/,Australia,제품 상세 (PDP),81
https://www.lg.com/au/cooking/cooktops/ka65310s/,Australia,제품 상세 (PDP),81
https://www.lg.com/au/microwave-ovens/mh7043ads/,Australia,제품 상세 (PDP),81
https://www.lg.com/au/cooking/cooktops/ka68030a/,Australia,제품 상세 (PDP),81
https://www.lg.com/au/microwave-ovens/mh7949cw/,Australia,제품 상세 (PDP),81
https://www.lg.com/au/cooking/ovens/bo605g1gl5/,Australia,제품 상세 (PDP),79
https://www.lg.com/au/microwave-ovens/mj3284uab/,Australia,제품 상세 (PDP),81
https://www.lg.com/au/cooking/ovens/bo605g1mb5/,Australia,제품 상세 (PDP),81
https://www.lg.com/au/microwave-ovens/mj3966abs/,Australia,제품 상세 (PDP),84
https://www.lg.com/au/cooking/ovens/bo605g1s5/,Australia,제품 상세 (PDP),81
https://www.lg.com/au/microwave-ovens/mj3966ass/,Australia,제품 상세 (PDP),81
https://www.lg.com/au/cooking/ovens/bo607g1mb4/,Australia,제품 상세 (PDP),81
https://www.lg.com/au/microwave-ovens/ms1949g/,Australia,제품 상세 (PDP),81
https://www.lg.com/au/cooking/ovens/bo607g1s4/,Australia,제품 상세 (PDP),81
https://www.lg.com/au/microwave-ovens/ms1949tl/,Australia,제품 상세 (PDP),81
https://www.lg.com/au/cooking/ovens/bo607g2mb4/,Australia,제품 상세 (PDP),81
https://www.lg.com/au/microwave-ovens/ms2036ndb/,Australia,제품 상세 (PDP),84
https://www.lg.com/au/cooking/ovens/bo607g2s4/,Australia,제품 상세 (PDP),81
https://www.lg.com/au/microwave-ovens/ms2041f/,Australia,제품 상세 (PDP),81
https://www.lg.com/au/cooking/ovens/bo609b1bg4/,Australia,제품 상세 (PDP),81
https://www.lg.com/au/microwave-ovens/ms2042d/,Australia,제품 상세 (PDP),81
https://www.lg.com/au/cooking/ovens/bo609b2bg4/,Australia,제품 상세 (PDP),81
https://www.lg.com/au/microwave-ovens/ms2042db/,Australia,제품 상세 (PDP),81
https://www.lg.com/au/cooking/ovens/bo609t2mb4/,Australia,제품 상세 (PDP),81
https://www.lg.com/au/microwave-ovens/ms2042u/,Australia,제품 상세 (PDP),81
https://www.lg.com/au/cooking/ovens/bo609t2s4/,Australia,제품 상세 (PDP),81
https://www.lg.com/au/microwave-ovens/ms2044vs/,Australia,제품 상세 (PDP),81
https://www.lg.com/au/microwave-ovens/ms2336db/,Australia,제품 상세 (PDP),81
https://www.lg.com/au/cooking/rangehoods/br605s1s/,Australia,제품 상세 (PDP),81
https://www.lg.com/au/microwave-ovens/ms2346s/,Australia,제품 상세 (PDP),81
https://www.lg.com/au/cooking/rangehoods/bwh607t3s/,Australia,제품 상세 (PDP),81
https://www.lg.com/au/vacuum-cleaners/bagless-vacuum-cleaners/c1-gb/,Australia,제품 상세 (PDP),81
https://www.lg.com/au/vacuum-cleaners/bagless-vacuum-cleaners/c1-gr/,Australia,제품 상세 (PDP),81
https://www.lg.com/au/vacuum-cleaners/bagless-vacuum-cleaners/c1-gw/,Australia,제품 상세 (PDP),84
https://www.lg.com/au/vacuum-cleaners/bagless-vacuum-cleaners/kv-core/,Australia,제품 상세 (PDP),83
https://www.lg.com/au/vacuum-cleaners/bagless-vacuum-cleaners/kv-pro/,Australia,제품 상세 (PDP),84
https://www.lg.com/au/vacuum-cleaners/bagless-vacuum-cleaners/kv-ultra/,Australia,제품 상세 (PDP),84
https://www.lg.com/au/vacuum-cleaners/bagless-vacuum-cleaners/vc4918nrt/,Australia,제품 상세 (PDP),81
https://www.lg.com/au/vacuum-cleaners/bagless-vacuum-cleaners/vc4918urt/,Australia,제품 상세 (PDP),81
https://www.lg.com/au/vacuum-cleaners/bagless-vacuum-cleaners/vc6820qr/,Australia,제품 상세 (PDP),81
https://www.lg.com/au/vacuum-cleaners/bagless-vacuum-cleaners/vc6820ur/,Australia,제품 상세 (PDP),81
https://www.lg.com/au/vacuum-cleaners/bagless-vacuum-cleaners/vc74070ncaq/,Australia,제품 상세 (PDP),81
https://www.lg.com/au/vacuum-cleaners/bagless-vacuum-cleaners/vcq783stu/,Australia,제품 상세 (PDP),81
https://www.lg.com/au/vacuum-cleaners/bagless-vacuum-cleaners/vh9000ds/,Australia,제품 상세 (PDP),81
https://www.lg.com/au/vacuum-cleaners/bagless-vacuum-cleaners/vk7920uh/,Australia,제품 상세 (PDP),81
https://www.lg.com/au/vacuum-cleaners/bagless-vacuum-cleaners/vk9120uh/,Australia,제품 상세 (PDP),81
https://www.lg.com/au/vacuum-cleaners/bagless-vacuum-cleaners/vk9220nh/,Australia,제품 상세 (PDP),81
https://www.lg.com/au/vacuum-cleaners/bagless-vacuum-cleaners/vk9220uh/,Australia,제품 상세 (PDP),81
https://www.lg.com/au/vacuum-cleaners/bagless-vacuum-cleaners/vk9820nh/,Australia,제품 상세 (PDP),81
https://www.lg.com/au/vacuum-cleaners/bagless-vacuum-cleaners/vk9820uh/,Australia,제품 상세 (PDP),81
https://www.lg.com/au/vacuum-cleaners/bagless-vacuum-cleaners/vk9820uha/,Australia,제품 상세 (PDP),81
https://www.lg.com/au/vacuum-cleaners/bagless-vacuum-cleaners/vk9821uhs/,Australia,제품 상세 (PDP),81
https://www.lg.com/au/vacuum-cleaners/bagless-vacuum-cleaners/vr94070ncaq/,Australia,제품 상세 (PDP),81
https://www.lg.com/au/vacuum-cleaners/handstick-vacuum-cleaners/a9-ace/,Australia,제품 상세 (PDP),78
https://www.lg.com/au/vacuum-cleaners/handstick-vacuum-cleaners/a9-lite/,Australia,제품 상세 (PDP),81
https://www.lg.com/au/vacuum-cleaners/handstick-vacuum-cleaners/a9advanced/,Australia,제품 상세 (PDP),81
https://www.lg.com/au/vacuum-cleaners/handstick-vacuum-cleaners/a9cx-elite/,Australia,제품 상세 (PDP),81
https://www.lg.com/au/vacuum-cleaners/handstick-vacuum-cleaners/a9essential/,Australia,제품 상세 (PDP),81
https://www.lg.com/au/vacuum-cleaners/handstick-vacuum-cleaners/a9k-aqua/,Australia,제품 상세 (PDP),81
https://www.lg.com/au/vacuum-cleaners/handstick-vacuum-cleaners/a9k-core/,Australia,제품 상세 (PDP),81
https://www.lg.com/au/vacuum-cleaners/handstick-vacuum-cleaners/a9k-evolve/,Australia,제품 상세 (PDP),84
https://www.lg.com/au/vacuum-cleaners/handstick-vacuum-cleaners/a9k-pro/,Australia,제품 상세 (PDP),81
https://www.lg.com/au/vacuum-cleaners/handstick-vacuum-cleaners/a9k-ultra/,Australia,제품 상세 (PDP),81
https://www.lg.com/au/vacuum-cleaners/handstick-vacuum-cleaners/a9l-aqua/,Australia,제품 상세 (PDP),81
https://www.lg.com/au/vacuum-cleaners/handstick-vacuum-cleaners/a9l-multi/,Australia,제품 상세 (PDP),81
https://www.lg.com/au/vacuum-cleaners/handstick-vacuum-cleaners/a9l-prime/,Australia,제품 상세 (PDP),81
https://www.lg.com/au/vacuum-cleaners/handstick-vacuum-cleaners/a9l-raptor/,Australia,제품 상세 (PDP),81
https://www.lg.com/au/vacuum-cleaners/handstick-vacuum-cleaners/a9l-titan/,Australia,제품 상세 (PDP),81
https://www.lg.com/au/vacuum-cleaners/handstick-vacuum-cleaners/a9l-tower/,Australia,제품 상세 (PDP),81
https://www.lg.com/au/vacuum-cleaners/handstick-vacuum-cleaners/a9master2x/,Australia,제품 상세 (PDP),81
https://www.lg.com/au/vacuum-cleaners/handstick-vacuum-cleaners/a9multi/,Australia,제품 상세 (PDP),74
https://www.lg.com/au/vacuum-cleaners/handstick-vacuum-cleaners/a9multi2x/,Australia,제품 상세 (PDP),81
https://www.lg.com/au/vacuum-cleaners/handstick-vacuum-cleaners/a9n-flex/,Australia,제품 상세 (PDP),81
https://www.lg.com/au/vacuum-cleaners/handstick-vacuum-cleaners/a9n-multi-m/,Australia,제품 상세 (PDP),84
https://www.lg.com/au/vacuum-cleaners/handstick-vacuum-cleaners/a9n-multi/,Australia,제품 상세 (PDP),76
https://www.lg.com/au/vacuum-cleaners/handstick-vacuum-cleaners/a9n-prime-m/,Australia,제품 상세 (PDP),84
https://www.lg.com/au/vacuum-cleaners/handstick-vacuum-cleaners/a9n-prime/,Australia,제품 상세 (PDP),81
https://www.lg.com/au/vacuum-cleaners/handstick-vacuum-cleaners/a9n-solo-m/,Australia,제품 상세 (PDP),81
https://www.lg.com/au/vacuum-cleaners/handstick-vacuum-cleaners/a9n-solo/,Australia,제품 상세 (PDP),84
https://www.lg.com/au/vacuum-cleaners/handstick-vacuum-cleaners/a9n-twin/,Australia,제품 상세 (PDP),81
https://www.lg.com/au/care-accessories/air-conditioners/filter/mdj64984703/,Australia,제품 상세 (PDP),81
https://www.lg.com/au/cloud-devices/24cav37k-b/,Australia,제품 상세 (PDP),81
https://www.lg.com/au/cooking/rangehoods/bwh907t3s/,Australia,제품 상세 (PDP),81
https://www.lg.com/au/dishwashers/xd5b14wh/,Australia,제품 상세 (PDP),81
https://www.lg.com/au/dvd-burners-drives/be06lu10-aybe03b/,Australia,제품 상세 (PDP),81
https://www.lg.com/au/fridge-freezers/fridge-accessories/adq36006121/,Australia,제품 상세 (PDP),77
https://www.lg.com/au/home-appliances/5-star-french-door-fridges/,Australia,제품 상세 (PDP),75
https://www.lg.com/au/lifestyle-screens/flex/42lx3qpsa/,Australia,제품 상세 (PDP),79
https://www.lg.com/au/medical-displays/10hq701g-bp/,Australia,제품 상세 (PDP),79
https://www.lg.com/au/microwave-ovens/ms2346ss/,Australia,제품 상세 (PDP),81
https://www.lg.com/au/monitors/full-hd-qhd/22mp55hq/,Australia,제품 상세 (PDP),81
https://www.lg.com/au/residential-air-conditioner/ducted-systems/nhxm50d3a0/,Australia,제품 상세 (PDP),81
https://www.lg.com/au/speakers/home-theatre-systems/dh6520t/,Australia,제품 상세 (PDP),81
https://www.lg.com/au/tv-accessories/aan30020306/,Australia,제품 상세 (PDP),81
https://www.lg.com/au/tv-soundbars/fhd/42ld460/,Australia,제품 상세 (PDP),81
https://www.lg.com/au/vacuum-cleaners/handstick-vacuum-cleaners/a9n-white/,Australia,제품 상세 (PDP),81
https://www.lg.com/au/video/dvd-blu-ray-players/bd370/,Australia,제품 상세 (PDP),81
https://www.lg.com/au/washer-dryers/dryers/dvh9-09w/,Australia,제품 상세 (PDP),84
https://www.lg.com/au/wireless-earbuds/tone-free/fp3a/,Australia,제품 상세 (PDP),81
https://www.lg.com/au/accessories/vacuum-accessories/agb74272431/,Australia,제품 상세 (PDP),81
https://www.lg.com/au/care-accessories/air-conditioners/remote-controller/akb73355722/,Australia,제품 상세 (PDP),81
https://www.lg.com/au/cloud-devices/24ck550n-3a/,Australia,제품 상세 (PDP),81
https://www.lg.com/au/dishwashers/xd5b24ps/,Australia,제품 상세 (PDP),81
https://www.lg.com/au/dvd-burners-drives/bh10ls30-aybr10b/,Australia,제품 상세 (PDP),81
https://www.lg.com/au/fridge-freezers/fridge-accessories/adq73613401/,Australia,제품 상세 (PDP),84
https://www.lg.com/au/home-appliance-accessories/clothes-styler-accessories/agm73611305/,Australia,제품 상세 (PDP),81
https://www.lg.com/au/home-appliances/thinq/7029677/,Australia,제품 상세 (PDP),62
https://www.lg.com/au/laptops/gram-2-in-1/16t90q-g-aa78a/,Australia,제품 상세 (PDP),81
https://www.lg.com/au/lifestyle-screens/objet-collection-easel/65art90esqa/,Australia,제품 상세 (PDP),78
https://www.lg.com/au/medical-displays/14hq701g-bp/,Australia,제품 상세 (PDP),78
https://www.lg.com/au/microwave-ovens/ms2347gr/,Australia,제품 상세 (PDP),81
https://www.lg.com/au/monitors/full-hd-qhd/22mp56hq/,Australia,제품 상세 (PDP),81
https://www.lg.com/au/projectors/cinebeam-q/hu710pb/,Australia,제품 상세 (PDP),79
https://www.lg.com/au/residential-air-conditioner/ducted-systems/nhxm70d1a0/,Australia,제품 상세 (PDP),81
https://www.lg.com/au/speakers/home-theatre-systems/hb806sg/,Australia,제품 상세 (PDP),81
https://www.lg.com/au/tv-accessories/aan30044310/,Australia,제품 상세 (PDP),79
https://www.lg.com/au/tv-soundbars/fhd/42ld462b/,Australia,제품 상세 (PDP),81
https://www.lg.com/au/vacuum-cleaners/handstick-vacuum-cleaners/a9neomaster/,Australia,제품 상세 (PDP),81
https://www.lg.com/au/video/dvd-blu-ray-players/bd390/,Australia,제품 상세 (PDP),81
https://www.lg.com/au/washer-dryers/dryers/dvh9-10b/,Australia,제품 상세 (PDP),84
https://www.lg.com/au/wireless-earbuds/tone-free/fp5a/,Australia,제품 상세 (PDP),81
https://www.lg.com/au/care-accessories/air-conditioners/remote-controller/akb74375404/,Australia,제품 상세 (PDP),81
https://www.lg.com/au/cloud-devices/24ck550z-bp/,Australia,제품 상세 (PDP),81
https://www.lg.com/au/dvd-burners-drives/bh14ns40/,Australia,제품 상세 (PDP),81
https://www.lg.com/au/fridge-freezers/fridge-accessories/adq73693903/,Australia,제품 상세 (PDP),77
https://www.lg.com/au/home-appliance-accessories/clothes-styler-accessories/agm73611309/,Australia,제품 상세 (PDP),81
https://www.lg.com/au/home-appliances/thinq/7196250/,Australia,제품 상세 (PDP),62
https://www.lg.com/au/laptops/gram-2-in-1/16t90q-gaa55a/,Australia,제품 상세 (PDP),81
https://www.lg.com/au/lifestyle-screens/objet-collection-pose/55lx1qpsa/,Australia,제품 상세 (PDP),81
https://www.lg.com/au/medical-displays/14hq901g-bp/,Australia,제품 상세 (PDP),78
https://www.lg.com/au/microwave-ovens/ms2348xr/,Australia,제품 상세 (PDP),81
https://www.lg.com/au/monitors/full-hd-qhd/22mp57hq/,Australia,제품 상세 (PDP),81
https://www.lg.com/au/projectors/cinebeam-q/hu710pb/cqs710pb/,Australia,제품 상세 (PDP),78
https://www.lg.com/au/residential-air-conditioner/ducted-systems/nhxm70d3a0/,Australia,제품 상세 (PDP),81
https://www.lg.com/au/speakers/home-theatre-systems/hb806tgw/,Australia,제품 상세 (PDP),81
https://www.lg.com/au/tv-accessories/akb74115502/,Australia,제품 상세 (PDP),81
https://www.lg.com/au/tv-soundbars/fhd/42ld560/,Australia,제품 상세 (PDP),81
https://www.lg.com/au/vacuum-cleaners/handstick-vacuum-cleaners/a9neomax/,Australia,제품 상세 (PDP),81
https://www.lg.com/au/video/dvd-blu-ray-players/bd550/,Australia,제품 상세 (PDP),81
https://www.lg.com/au/washer-dryers/dryers/dxh3-08g/,Australia,제품 상세 (PDP),84
https://www.lg.com/au/wireless-earbuds/tone-free/fp5wa/,Australia,제품 상세 (PDP),81
https://www.lg.com/au/tv-soundbars/nano-4k-uhd-tv/98nu855bpsb/,Australia,제품 상세 (PDP),78
https://www.lg.com/au/tv-soundbars/oled-evo-tv/oled83w6psa/,Australia,제품 상세 (PDP),81
https://www.lg.com/au/cooking/rangehoods/br605iu1s/,Australia,제품 상세 (PDP),84
https://www.lg.com/au/tv-soundbars/smart-tvs/32lb655bpsa/,Australia,제품 상세 (PDP),81
https://www.lg.com/au/tv-soundbars/micro-rgb-evo/75mrgb96bsa/,Australia,제품 상세 (PDP),81
https://www.lg.com/au/lifestyle-screens/stanbyme/32lx6bdga/,Australia,제품 상세 (PDP),81
https://www.lg.com/au/tv-soundbars/oled-evo-tv/oled77w6psa/,Australia,제품 상세 (PDP),81
https://www.lg.com/au/tv-soundbars/micro-rgb-evo/86mrgb96bsa/,Australia,제품 상세 (PDP),81
https://www.lg.com/au/vacuum-cleaners/handstick-vacuum-cleaners/a9l-tower2/,Australia,제품 상세 (PDP),84
https://www.lg.com/au/tv-soundbars/smart-tvs/hecto-laser-display/,Australia,제품 상세 (PDP),84
https://www.lg.com/au/air-conditioning/air-conditioner-buying-guide/,Australia,구매 가이드,77
https://www.lg.com/au/appliances/buying-guide/fridge-freezers/,Australia,구매 가이드,61
https://www.lg.com/au/appliances/buying-guide/fridge-freezers/feature-performance/,Australia,구매 가이드,81
https://www.lg.com/au/appliances/buying-guide/fridge-freezers/size-volume/,Australia,구매 가이드,84
https://www.lg.com/au/appliances/buying-guide/fridge-freezers/type/,Australia,구매 가이드,81
https://www.lg.com/au/appliances/buying-guide/washing-machines/,Australia,구매 가이드,61
https://www.lg.com/au/appliances/buying-guide/washing-machines/feature-performance/,Australia,구매 가이드,81
https://www.lg.com/au/appliances/buying-guide/washing-machines/size-capacity/,Australia,구매 가이드,81
https://www.lg.com/au/appliances/buying-guide/washing-machines/type/,Australia,구매 가이드,81
https://www.lg.com/au/microsite-article/ms/it/monitor/buying-guide/,Australia,구매 가이드,61
https://www.lg.com/au/nanocell-tv/buying-guide/,Australia,구매 가이드,74
https://www.lg.com/au/tv-soundbars/qned-buying-guide/,Australia,구매 가이드,77
https://www.lg.com/au/tv-soundbars/tv-buying-guide/,Australia,구매 가이드,74
https://www.lg.com/au/tv-soundbars/tv-buying-guide/lifestyle/,Australia,구매 가이드,72
https://www.lg.com/au/tv-soundbars/tv-buying-guide/tv-size/,Australia,구매 가이드,72
https://www.lg.com/au/tv-soundbars/tv-buying-guide/tv-technology/oled-vs-qned/,Australia,구매 가이드,74
https://www.lg.com/au/tv-soundbars/tv-buying-guide/tv-technology/what-is-4k-tv/,Australia,구매 가이드,77
https://www.lg.com/au/tv-soundbars/tv-buying-guide/what-is-a-smart-tv-ai-tv/,Australia,구매 가이드,74
https://www.lg.com/au/lg-experience/,Australia,LG Experience,77
https://www.lg.com/au/lg-experience/11-years-of-lg-oled-tvs/,Australia,LG Experience,83
https://www.lg.com/au/lg-experience/best-portable-party-speakers/,Australia,LG Experience,80
https://www.lg.com/au/lg-experience/buying-guides/,Australia,LG Experience,77
https://www.lg.com/au/lg-experience/buying-guides/air-conditioner-buying-guide/,Australia,LG Experience,80
https://www.lg.com/au/lg-experience/buying-guides/clothes-dryer-buying-guide/,Australia,LG Experience,80
https://www.lg.com/au/lg-experience/buying-guides/cordless-stick-vs-robot-vacuum/,Australia,LG Experience,80
https://www.lg.com/au/lg-experience/buying-guides/dishwasher-buying-guide/,Australia,LG Experience,80
https://www.lg.com/au/lg-experience/buying-guides/fridge/,Australia,LG Experience,80
https://www.lg.com/au/lg-experience/buying-guides/guide-to-energy-efficient-heaters-and-air-conditioners/,Australia,LG Experience,80
https://www.lg.com/au/lg-experience/buying-guides/heat-pump-vs-condenser-dryer/,Australia,LG Experience,80
https://www.lg.com/au/lg-experience/buying-guides/how-to-choose-a-cooktop/,Australia,LG Experience,80
https://www.lg.com/au/lg-experience/buying-guides/laptop-buying-guide/,Australia,LG Experience,80
https://www.lg.com/au/lg-experience/buying-guides/microwave-buying-guide/,Australia,LG Experience,80
https://www.lg.com/au/lg-experience/buying-guides/notebook-laptop-buying-guide/,Australia,LG Experience,83
https://www.lg.com/au/lg-experience/buying-guides/picking-top-front-load-washing-machine/,Australia,LG Experience,80
https://www.lg.com/au/lg-experience/buying-guides/projector-buying-guide/,Australia,LG Experience,83
https://www.lg.com/au/lg-experience/buying-guides/projector-selection-guide/,Australia,LG Experience,80
https://www.lg.com/au/lg-experience/buying-guides/soundbars-for-lg-tvs/,Australia,LG Experience,80
https://www.lg.com/au/lg-experience/buying-guides/student-laptop/,Australia,LG Experience,80
https://www.lg.com/au/lg-experience/buying-guides/tv-buying-guide/,Australia,LG Experience,81
https://www.lg.com/au/lg-experience/buying-guides/tv-cleaning-guide/,Australia,LG Experience,80
https://www.lg.com/au/lg-experience/buying-guides/tv-size-buying-guide/,Australia,LG Experience,80
https://www.lg.com/au/lg-experience/buying-guides/washing-machine-buying-guide/,Australia,LG Experience,80
https://www.lg.com/au/lg-experience/changes-in-technology/,Australia,LG Experience,80
https://www.lg.com/au/lg-experience/family-movie-night-with-lg-tv/,Australia,LG Experience,77
https://www.lg.com/au/lg-experience/gaming-monitor-size-guide/,Australia,LG Experience,87
https://www.lg.com/au/lg-experience/helpful-hints/,Australia,LG Experience,77
https://www.lg.com/au/lg-experience/helpful-hints/ai-productivity-best-ai-laptops/,Australia,LG Experience,83
https://www.lg.com/au/lg-experience/helpful-hints/ai-tv-for-sound-and-vision/,Australia,LG Experience,83
https://www.lg.com/au/lg-experience/helpful-hints/best-home-appliances-gifts-for-mothers-day/,Australia,LG Experience,77
https://www.lg.com/au/lg-experience/helpful-hints/best-lg-laptop-for-writers/,Australia,LG Experience,80
https://www.lg.com/au/lg-experience/helpful-hints/budget-friendly-monitors/,Australia,LG Experience,83
https://www.lg.com/au/lg-experience/helpful-hints/choosing-the-best-refrigerator-for-your-kitchen/,Australia,LG Experience,80
https://www.lg.com/au/lg-experience/helpful-hints/curved-monitor-better/,Australia,LG Experience,80
https://www.lg.com/au/lg-experience/helpful-hints/debunking-slim-washers-capacity-truths/,Australia,LG Experience,80
https://www.lg.com/au/lg-experience/helpful-hints/dishwasher-maintenance/,Australia,LG Experience,80
https://www.lg.com/au/lg-experience/helpful-hints/dishwasher-ultimate-guide/,Australia,LG Experience,80
https://www.lg.com/au/lg-experience/helpful-hints/earth-day-at-home/,Australia,LG Experience,80
https://www.lg.com/au/lg-experience/helpful-hints/flat-vs-curved-monitors/,Australia,LG Experience,80
https://www.lg.com/au/lg-experience/helpful-hints/high-end-gifts-for-him/,Australia,LG Experience,80
https://www.lg.com/au/lg-experience/helpful-hints/history-of-refrigerators/,Australia,LG Experience,80
https://www.lg.com/au/lg-experience/helpful-hints/how-to-choose-energy-efficient-fridges/,Australia,LG Experience,80
https://www.lg.com/au/lg-experience/helpful-hints/how-to-clean-your-fridge/,Australia,LG Experience,80
https://www.lg.com/au/lg-experience/helpful-hints/how-to-pick-energy-efficient-washing-machine/,Australia,LG Experience,80
https://www.lg.com/au/lg-experience/helpful-hints/induction-vs-gas-vs-electric-cooktops/,Australia,LG Experience,80
https://www.lg.com/au/lg-experience/helpful-hints/keeping-food-fresh-eating-healthy/,Australia,LG Experience,83
https://www.lg.com/au/lg-experience/helpful-hints/laptop-battery-health/,Australia,LG Experience,83
https://www.lg.com/au/lg-experience/helpful-hints/laptop-cybersecurity-guide/,Australia,LG Experience,80
https://www.lg.com/au/lg-experience/helpful-hints/laundry-tips/,Australia,LG Experience,80
https://www.lg.com/au/lg-experience/helpful-hints/lg-screen-technology-explained/,Australia,LG Experience,80
https://www.lg.com/au/lg-experience/helpful-hints/lg-smart-wash-spin-cycle/,Australia,LG Experience,80
https://www.lg.com/au/lg-experience/helpful-hints/magic-remote-user-guide/,Australia,LG Experience,80
https://www.lg.com/au/lg-experience/helpful-hints/mini-led-vs-oled/,Australia,LG Experience,80
https://www.lg.com/au/lg-experience/helpful-hints/modern-unique-tv-design/,Australia,LG Experience,80
https://www.lg.com/au/lg-experience/helpful-hints/monitor-types-explained/,Australia,LG Experience,80
https://www.lg.com/au/lg-experience/helpful-hints/multitasking-using-dual-monitors/,Australia,LG Experience,80
https://www.lg.com/au/lg-experience/helpful-hints/pro-gaming-setup/,Australia,LG Experience,80
https://www.lg.com/au/lg-experience/helpful-hints/qned-vs-oled-tvs/,Australia,LG Experience,80
https://www.lg.com/au/lg-experience/helpful-hints/small-living-room-ideas/,Australia,LG Experience,80
https://www.lg.com/au/lg-experience/helpful-hints/smart-home-automation-hub-thinq/,Australia,LG Experience,80
https://www.lg.com/au/lg-experience/helpful-hints/smart-laundry-ideas-smart-dry/,Australia,LG Experience,83
https://www.lg.com/au/lg-experience/helpful-hints/sound-bars-explained/,Australia,LG Experience,80
https://www.lg.com/au/lg-experience/helpful-hints/top-load-washing-machine-myths-and-truths/,Australia,LG Experience,81
https://www.lg.com/au/lg-experience/helpful-hints/tv-screen-resolution-explained/,Australia,LG Experience,80
https://www.lg.com/au/lg-experience/helpful-hints/vacuum-cleaner-smell-bad/,Australia,LG Experience,83
https://www.lg.com/au/lg-experience/helpful-hints/vacuum-cleaner-suction-power/,Australia,LG Experience,80
https://www.lg.com/au/lg-experience/helpful-hints/wash-maintain-clother-tips-lg-styler/,Australia,LG Experience,80
https://www.lg.com/au/lg-experience/helpful-hints/washing-machine-cleaning-maintenance-guide/,Australia,LG Experience,80
https://www.lg.com/au/lg-experience/helpful-hints/washtower-myths-and-truths/,Australia,LG Experience,83
https://www.lg.com/au/lg-experience/helpful-hints/webos-user-guide/,Australia,LG Experience,80
https://www.lg.com/au/lg-experience/helpful-hints/what-is-4k-television/,Australia,LG Experience,83
https://www.lg.com/au/lg-experience/helpful-hints/what-is-a-heat-pump/,Australia,LG Experience,83
https://www.lg.com/au/lg-experience/helpful-hints/what-is-a-smart-monitor/,Australia,LG Experience,80
https://www.lg.com/au/lg-experience/helpful-hints/what-is-an-all-in-one-vacuum-cleaner-stick-vs-robot-vacuums-explained/,Australia,LG Experience,83
https://www.lg.com/au/lg-experience/helpful-hints/what-is-kimchi-and-how-to-store-it-/,Australia,LG Experience,80
https://www.lg.com/au/lg-experience/helpful-hints/which-lg-soundbar-is-right-for-you-lg/,Australia,LG Experience,83
https://www.lg.com/au/lg-experience/helpful-hints/which-lg-tv-is-right-for-you/,Australia,LG Experience,80
https://www.lg.com/au/lg-experience/helpful-hints/why-lg-soundbars/,Australia,LG Experience,80
https://www.lg.com/au/lg-experience/helpful-hints/wine-guide-beginners/,Australia,LG Experience,80
https://www.lg.com/au/lg-experience/home-automation-smart-home/,Australia,LG Experience,77
https://www.lg.com/au/lg-experience/lg-camping-gadgets/,Australia,LG Experience,77
https://www.lg.com/au/lg-experience/lg-home-office-setup/,Australia,LG Experience,77
https://www.lg.com/au/lg-experience/luxury-tech-gifts-gadgets-for-her/,Australia,LG Experience,77
https://www.lg.com/au/lg-experience/maintain-clean-air-conditioner/,Australia,LG Experience,83
https://www.lg.com/au/lg-experience/man-cave-gaming-room/,Australia,LG Experience,80
https://www.lg.com/au/lg-experience/travel-gadgets-road-trip-essentials/,Australia,LG Experience,80
https://www.lg.com/au/lg-experience/what-is-a-smart-tv/,Australia,LG Experience,83
https://www.lg.com/au/fridge-freezers/top-mount/gn-r466fw/,Australia,Microsite,81
https://www.lg.com/au/fridge-freezers/top-mount/gt-442bwl/,Australia,Microsite,81
https://www.lg.com/au/lg-signature/magazine/art-culture/how-technology-completes-digital-art-and-our-lives/,Australia,Microsite,73
https://www.lg.com/au/fridge-freezers/top-mount/gn-234vw/,Australia,Microsite,81
https://www.lg.com/au/fridge-freezers/top-mount/gt-515sdc/,Australia,Microsite,81
https://www.lg.com/au/tv-soundbars/why-true-wireless/,Australia,Microsite,74
https://www.lg.com/au/fridge-freezers/top-mount/gt-w6s/,Australia,Microsite,84
https://www.lg.com/au/lg-signature/where-to-buy/,Australia,Microsite,73
https://www.lg.com/au/washer-dryers/top-load-washing-machines/wt-h9506/,Australia,Microsite,81
https://www.lg.com/au/fridge-freezers/top-mount/gt-279mwl/,Australia,Microsite,81
https://www.lg.com/au/washer-dryers/top-load-washing-machines/wt-h756/,Australia,Microsite,81
https://www.lg.com/au/washer-dryers/top-load-washing-machines/wt-h750/,Australia,Microsite,81
https://www.lg.com/au/fridge-freezers/top-mount/gn-515gs/,Australia,Microsite,81
https://www.lg.com/au/washer-dryers/top-load-washing-machines/wt-r10856/,Australia,Microsite,81
https://www.lg.com/au/washer-dryers/top-load-washing-machines/wf-t857/,Australia,Microsite,81
https://www.lg.com/au/fridge-freezers/top-mount/gn-w515gsl/,Australia,Microsite,81
https://www.lg.com/au/fridge-freezers/top-mount/gt-442wdc/,Australia,Microsite,81
https://www.lg.com/au/fridge-freezers/top-mount/gn-315fw/,Australia,Microsite,81
https://www.lg.com/au/fridge-freezers/top-mount/gr-w600gs/,Australia,Microsite,81
https://www.lg.com/au/fridge-freezers/top-mount/gn-r346fs/,Australia,Microsite,81
https://www.lg.com/au/dealer-locator/where-to-buy/,Australia,Microsite,67
https://www.lg.com/au/washer-dryers/top-load-washing-machines/wt-h650/,Australia,Microsite,81
https://www.lg.com/au/fridge-freezers/top-mount/gn-r466fs/,Australia,Microsite,81
https://www.lg.com/au/washer-dryers/top-load-washing-machines/wf-t6572/,Australia,Microsite,81
https://www.lg.com/au/fridge-freezers/top-mount/gn-346fw/,Australia,Microsite,81
https://www.lg.com/au/fridge-freezers/top-mount/gn-r315fw/,Australia,Microsite,81
https://www.lg.com/au/fridge-freezers/top-mount/gt-442bpl/,Australia,Microsite,81
https://www.lg.com/au/washer-dryers/top-load-washing-machines/wt-h8006/,Australia,Microsite,81
https://www.lg.com/au/fridge-freezers/top-mount/gn-r346fw/,Australia,Microsite,81
https://www.lg.com/au/washer-dryers/top-load-washing-machines/wt-h9556/,Australia,Microsite,81
https://www.lg.com/au/fridge-freezers/top-mount/gt-279bpl/,Australia,Microsite,81
https://www.lg.com/au/washer-dryers/top-load-washing-machines/wt-r10806/,Australia,Microsite,81
https://www.lg.com/au/fridge-freezers/top-mount/gt-442sdc/,Australia,Microsite,81
https://www.lg.com/au/fridge-freezers/top-mount/gn-w407gsl/,Australia,Microsite,81
https://www.lg.com/au/washer-dryers/top-load-washing-machines/wf-t6571/,Australia,Microsite,81
https://www.lg.com/au/fridge-freezers/top-mount/gn-205sqa/,Australia,Microsite,81
https://www.lg.com/au/fridge-freezers/top-mount/gt-4s/,Australia,Microsite,81
https://www.lg.com/au/washer-dryers/top-load-washing-machines/wtg1034bf/,Australia,Microsite,81
https://www.lg.com/au/fridge-freezers/top-mount/gr-559fwd/,Australia,Microsite,81
https://www.lg.com/au/washer-dryers/top-load-washing-machines/wt-h755/,Australia,Microsite,81
https://www.lg.com/au/fridge-freezers/top-mount/gt-279bwl/,Australia,Microsite,81
https://www.lg.com/au/tv-soundbars/tv-by-inch/,Australia,Microsite,72
https://www.lg.com/au/washer-dryers/top-load-washing-machines/wf-t657/,Australia,Microsite,81
https://www.lg.com/au/washer-dryers/top-load-washing-machines/wt-h550/,Australia,Microsite,81
https://www.lg.com/au/tv-soundbars/tv-selector/,Australia,Microsite,66
https://www.lg.com/au/fridge-freezers/top-mount/gt-4w/,Australia,Microsite,81
https://www.lg.com/au/washer-dryers/top-load-washing-machines/wt-h7506/,Australia,Microsite,81
https://www.lg.com/au/washer-dryers/top-load-washing-machines/wf-t8582/,Australia,Microsite,81
https://www.lg.com/au/fridge-freezers/top-mount/gt-442btdc/,Australia,Microsite,78
https://www.lg.com/au/fridge-freezers/top-mount/gn-422fs/,Australia,Microsite,81
https://www.lg.com/au/fridge-freezers/top-mount/gn-234cw/,Australia,Microsite,81
https://www.lg.com/au/fridge-freezers/top-mount/gn-466fw/,Australia,Microsite,81
https://www.lg.com/au/washer-dryers/top-load-washing-machines/wtg1034wf/,Australia,Microsite,81
https://www.lg.com/au/fridge-freezers/top-mount/gr-559fwdr/,Australia,Microsite,81
https://www.lg.com/au/fridge-freezers/top-mount/gt-515bwl/,Australia,Microsite,81
https://www.lg.com/au/washer-dryers/top-load-washing-machines/wf-t507/,Australia,Microsite,81
https://www.lg.com/au/fridge-freezers/top-mount/gn-r422fs/,Australia,Microsite,81
https://www.lg.com/au/fridge-freezers/top-mount/gn-r422fw/,Australia,Microsite,81
https://www.lg.com/au/fridge-freezers/top-mount/gn-253vw/,Australia,Microsite,81
https://www.lg.com/au/fridge-freezers/top-mount/gt-w515bpl/,Australia,Microsite,81
https://www.lg.com/au/fridge-freezers/top-mount/gn-407gsl/,Australia,Microsite,81
https://www.lg.com/au/2023spinandwin/why-register-index/,Australia,Microsite,73
https://www.lg.com/au/fridge-freezers/top-mount/gn-w422fw/,Australia,Microsite,81
https://www.lg.com/au/fridge-freezers/top-mount/gt-515bpl/,Australia,Microsite,81
https://www.lg.com/au/fridge-freezers/top-mount/gt-332mpl/,Australia,Microsite,81
https://www.lg.com/au/fridge-freezers/top-mount/gt-279mpl/,Australia,Microsite,81
https://www.lg.com/au/fridge-freezers/top-mount/,Australia,Microsite,83
https://www.lg.com/au/fridge-freezers/top-mount/gn-w515gw/,Australia,Microsite,81
https://www.lg.com/au/washer-dryers/top-load-washing-machines/wt-r107/,Australia,Microsite,81
https://www.lg.com/au/fridge-freezers/top-mount/gt-427hple/,Australia,Microsite,81
https://www.lg.com/au/washer-dryers/top-load-washing-machines/,Australia,Microsite,90
https://www.lg.com/au/washer-dryers/top-load-washing-machines/wtg1032wf/,Australia,Microsite,81
https://www.lg.com/au/washer-dryers/top-load-washing-machines/wt-r10686/,Australia,Microsite,81
https://www.lg.com/au/fridge-freezers/top-mount/gt-6nb/,Australia,Microsite,81
https://www.lg.com/au/fridge-freezers/top-mount/gn-w515gs/,Australia,Microsite,81
https://www.lg.com/au/fridge-freezers/top-mount/gn-205vw/,Australia,Microsite,81
https://www.lg.com/au/washer-dryers/top-load-washing-machines/wt-h800/,Australia,Microsite,81
https://www.lg.com/au/fridge-freezers/top-mount/gn-346fs/,Australia,Microsite,81
https://www.lg.com/au/fridge-freezers/top-mount/gt-l471pdc/,Australia,Microsite,81
https://www.lg.com/au/washer-dryers/top-load-washing-machines/wf-t556/,Australia,Microsite,81
https://www.lg.com/au/fridge-freezers/top-mount/gt-332sdc/,Australia,Microsite,81
https://www.lg.com/au/fridge-freezers/top-mount/gn-253cw/,Australia,Microsite,81
https://www.lg.com/au/fridge-freezers/top-mount/gk-c219pl/,Australia,Microsite,81
https://www.lg.com/au/fridge-freezers/top-mount/gn-r466ft/,Australia,Microsite,81
https://www.lg.com/au/fridge-freezers/top-mount/gr-559fsdr/,Australia,Microsite,81
https://www.lg.com/au/fridge-freezers/top-mount/gt-515btdc/,Australia,Microsite,81
https://www.lg.com/au/fridge-freezers/top-mount/gn-407gwl/,Australia,Microsite,81
https://www.lg.com/au/fridge-freezers/top-mount/gr-w600gsl/,Australia,Microsite,81
https://www.lg.com/au/fridge-freezers/top-mount/gt-223mwl/,Australia,Microsite,81
https://www.lg.com/au/washer-dryers/top-load-washing-machines/wt-h550w1/,Australia,Microsite,78
https://www.lg.com/au/fridge-freezers/top-mount/gr-559ftd/,Australia,Microsite,81
https://www.lg.com/au/fridge-freezers/top-mount/gt-279wdc/,Australia,Microsite,81
https://www.lg.com/au/washer-dryers/top-load-washing-machines/wt-h6506/,Australia,Microsite,81
https://www.lg.com/au/washer-dryers/top-load-washing-machines/wt-h950/,Australia,Microsite,81
https://www.lg.com/au/washer-dryers/top-load-washing-machines/wtg1032vf/,Australia,Microsite,81
https://www.lg.com/au/fridge-freezers/top-mount/gn-r491fw/,Australia,Microsite,81
https://www.lg.com/au/fridge-freezers/top-mount/gn-422fw/,Australia,Microsite,81
https://www.lg.com/au/washer-dryers/top-load-washing-machines/wt-r854/,Australia,Microsite,81
https://www.lg.com/au/fridge-freezers/top-mount/gt-442bple/,Australia,Microsite,81
https://www.lg.com/au/fridge-freezers/top-mount/gn-515gw/,Australia,Microsite,81
https://www.lg.com/au/tv-soundbars/all-tv-soundbars/?ec_ft_06513561=100_inch_and_larger,Australia,제품 카테고리 (PLP),90
https://www.lg.com/au/tv-soundbars/miniled/?ec_ft_06513561=55_inch,Australia,제품 카테고리 (PLP),93
https://www.lg.com/au/monitors/all-monitors/,Australia,제품 카테고리 (PLP),77
https://www.lg.com/au/monitors/tv-monitors/,Australia,제품 카테고리 (PLP),66
https://www.lg.com/au/tv-soundbars/gaming-speakers/,Australia,제품 카테고리 (PLP),76
https://www.lg.com/au/tv-soundbars/tv-accessories/,Australia,제품 카테고리 (PLP),80
https://www.lg.com/au/lifestyle-screens/flex/,Australia,제품 카테고리 (PLP),80
https://www.lg.com/au/tv-soundbars/uhd-tv/?ec_ft_06513561=65_inch,Australia,제품 카테고리 (PLP),83
https://www.lg.com/au/tv-soundbars/qned-tv/?ec_ft_06513561=55_inch,Australia,제품 카테고리 (PLP),89
https://www.lg.com/au/monitors/cloud-computing/,Australia,제품 카테고리 (PLP),63
https://www.lg.com/au/tv-soundbars/ultra-big-tv/,Australia,제품 카테고리 (PLP),77
https://www.lg.com/au/lifestyle-screens/stanbyme/,Australia,제품 카테고리 (PLP),80
https://www.lg.com/au/tv-soundbars/miniled/?ec_ft_06513561=65_inch,Australia,제품 카테고리 (PLP),93
https://www.lg.com/au/tv-soundbars/oled-evo-tv/,Australia,제품 카테고리 (PLP),77
https://www.lg.com/au/tv-soundbars/ultra-big-tv/?ec_ft_06513561=75_inch_-_85_inch,Australia,제품 카테고리 (PLP),79
https://www.lg.com/au/tv-soundbars/uhd-tv/?ec_ft_06513561=55_inch,Australia,제품 카테고리 (PLP),83
https://www.lg.com/au/tv-soundbars/qned-evo/,Australia,제품 카테고리 (PLP),83
https://www.lg.com/au/tv-soundbars/nanocell-tv/?ec_ft_06513561=75_-_77_inch,Australia,제품 카테고리 (PLP),86
https://www.lg.com/au/monitors/discontinued/,Australia,제품 카테고리 (PLP),67
https://www.lg.com/au/speakers/home-theatre-systems/,Australia,제품 카테고리 (PLP),63
https://www.lg.com/au/tv-soundbars/oled-tv/?ec_ft_06513561=75_-_85_inch,Australia,제품 카테고리 (PLP),90
https://www.lg.com/au/tv-soundbars/all-tv-soundbars/?ec_ft_06513561=55_inch,Australia,제품 카테고리 (PLP),89
https://www.lg.com/au/tv-soundbars/nanocell-tv/,Australia,제품 카테고리 (PLP),80
https://www.lg.com/au/monitors/business-monitors/,Australia,제품 카테고리 (PLP),67
https://www.lg.com/au/tv-soundbars/oled-tv/?ec_ft_06513561=42_-_48_inch,Australia,제품 카테고리 (PLP),90
https://www.lg.com/au/monitors/ultragear-gaming-oled/,Australia,제품 카테고리 (PLP),93
https://www.lg.com/au/tv-soundbars/oled-evo-tv/?ec_ft_06513561=55_inch,Australia,제품 카테고리 (PLP),86
https://www.lg.com/au/monitors/home-monitors/,Australia,제품 카테고리 (PLP),71
https://www.lg.com/au/tv-soundbars/micro-rgb-evo/,Australia,제품 카테고리 (PLP),93
https://www.lg.com/au/tv-soundbars/nanocell-tv/?ec_ft_06513561=42_-_48_inch,Australia,제품 카테고리 (PLP),86
https://www.lg.com/au/tv-soundbars/oled-evo-tv/?ec_ft_06513561=65_inch,Australia,제품 카테고리 (PLP),86
https://www.lg.com/au/home-audio/gaming-speakers/,Australia,제품 카테고리 (PLP),67
https://www.lg.com/au/tv-soundbars/miniled/,Australia,제품 카테고리 (PLP),93
https://www.lg.com/au/monitors/fhd-qhd/,Australia,제품 카테고리 (PLP),70
https://www.lg.com/au/home-audio/portable-bluetooth-speaker/,Australia,제품 카테고리 (PLP),67
https://www.lg.com/au/webos-smart-tv/lg-streaming-week/,Australia,제품 카테고리 (PLP),83
https://www.lg.com/au/tv-by-resolution/full-hd-tvs/,Australia,제품 카테고리 (PLP),67
https://www.lg.com/au/speakers/sound-suite/,Australia,제품 카테고리 (PLP),79
https://www.lg.com/au/tv-soundbars/all-tv-soundbars/?ec_ft_06513561=85_inch_and_larger,Australia,제품 카테고리 (PLP),90
https://www.lg.com/au/monitors/ultragear-gaming/,Australia,제품 카테고리 (PLP),83
https://www.lg.com/au/monitors/gaming-monitors/,Australia,제품 카테고리 (PLP),66
https://www.lg.com/au/lifestyle-screens/objet-collection-pose/,Australia,제품 카테고리 (PLP),80
https://www.lg.com/au/tv-soundbars/all-tv-soundbars/?ec_ft_06513561=65_inch,Australia,제품 카테고리 (PLP),89
https://www.lg.com/au/monitors/ultrawide-monitors/,Australia,제품 카테고리 (PLP),69
https://www.lg.com/au/lifestyle-screens/all-lifestyle-screens/,Australia,제품 카테고리 (PLP),80
https://www.lg.com/au/tv-soundbars/all-tv-soundbars/?ec_ft_06513561=86_inch_-_98_inch,Australia,제품 카테고리 (PLP),90
https://www.lg.com/au/tv-soundbars/ultra-big-tv/?ec_ft_06513561=86_inch_-_98_inch,Australia,제품 카테고리 (PLP),86
https://www.lg.com/au/tv-soundbars/portable-speakers/,Australia,제품 카테고리 (PLP),93
https://www.lg.com/au/tv-soundbars/qned-tv/?ec_ft_06513561=50_inch,Australia,제품 카테고리 (PLP),93
https://www.lg.com/au/tv-soundbars/qned-evo-tv/?ec_ft_06513561=86_inch_-_98_inch,Australia,제품 카테고리 (PLP),86
https://www.lg.com/au/tv-soundbars/miniled/?ec_ft_06513561=75_inch_-_85_inch,Australia,제품 카테고리 (PLP),93
https://www.lg.com/au/tv-soundbars/soundbars/,Australia,제품 카테고리 (PLP),76
https://www.lg.com/au/tv-soundbars/qned-tv/,Australia,제품 카테고리 (PLP),83
https://www.lg.com/au/speakers/portable-speakers/,Australia,제품 카테고리 (PLP),90
https://www.lg.com/au/tv-soundbars/uhd-tv/?ec_ft_06513561=42_inch_-_48_inch,Australia,제품 카테고리 (PLP),83
https://www.lg.com/au/home-audio/mini-hi-fi-systems/,Australia,제품 카테고리 (PLP),67
https://www.lg.com/au/tv-soundbars/miniled/?ec_ft_06513561=100_inch_and_larger,Australia,제품 카테고리 (PLP),93
https://www.lg.com/au/tv-soundbars/hi-fi-system/,Australia,제품 카테고리 (PLP),79
https://www.lg.com/au/monitors/ultrawide/,Australia,제품 카테고리 (PLP),77
https://www.lg.com/au/tv-soundbars/uhd-tv/?ec_ft_06513561=75_inch_-_85_inch,Australia,제품 카테고리 (PLP),83
https://www.lg.com/au/tv-soundbars/qned-tv/?ec_ft_06513561=100_inch_and_larger,Australia,제품 카테고리 (PLP),93
https://www.lg.com/au/tv-soundbars/uhd-tv/?ec_ft_06513561=50_inch,Australia,제품 카테고리 (PLP),83
https://www.lg.com/au/tv-soundbars/all-tv-soundbars/,Australia,제품 카테고리 (PLP),83
https://www.lg.com/au/monitors/lifestyle-monitor---swing/,Australia,제품 카테고리 (PLP),79
https://www.lg.com/au/tv-soundbars/all-tv-soundbars/?ec_ft_06513561=32_inch_and_smaller,Australia,제품 카테고리 (PLP),89
https://www.lg.com/au/monitors/smart-monitors/,Australia,제품 카테고리 (PLP),83
https://www.lg.com/au/speakers/home-theater-soundbar/,Australia,제품 카테고리 (PLP),70
https://www.lg.com/au/tv-soundbars/oled-tv/,Australia,제품 카테고리 (PLP),83
https://www.lg.com/au/sound-bars/,Australia,제품 카테고리 (PLP),66
https://www.lg.com/au/tv-soundbars/uhd-tv/?ec_ft_06513561=86_inch_-_98_inch,Australia,제품 카테고리 (PLP),83
https://www.lg.com/au/tv-soundbars/uhd-tv/,Australia,제품 카테고리 (PLP),83
https://www.lg.com/au/monitors/ultragear-evo/,Australia,제품 카테고리 (PLP),90
https://www.lg.com/au/tv-soundbars/qned-tv/?ec_ft_06513561=42_-_48_inch,Australia,제품 카테고리 (PLP),93
https://www.lg.com/au/tv-soundbars/qned-tv/?ec_ft_06513561=75_-_77_inch,Australia,제품 카테고리 (PLP),93
https://www.lg.com/au/tv-soundbars/smart-tvs/,Australia,제품 카테고리 (PLP),79
https://www.lg.com/au/tv-soundbars/lifestyle-screens/,Australia,제품 카테고리 (PLP),75
https://www.lg.com/au/tv-soundbars/oled-tv/?ec_ft_06513561=55_inch,Australia,제품 카테고리 (PLP),89
https://www.lg.com/au/tv-soundbars/all-tv-soundbars/?ec_ft_06513561=50_inch,Australia,제품 카테고리 (PLP),89
https://www.lg.com/au/tv-soundbars/oled-tv/?ec_ft_06513561=86_inch_-_98_inch,Australia,제품 카테고리 (PLP),89
https://www.lg.com/au/speakers/hi-fi-systems/,Australia,제품 카테고리 (PLP),80
https://www.lg.com/au/ergo-monitors/,Australia,제품 카테고리 (PLP),70
https://www.lg.com/au/tv-soundbars/oled-evo-tv/?ec_ft_06513561=75_-_85_inch,Australia,제품 카테고리 (PLP),79
https://www.lg.com/au/lifestyle-screens/objet-collection-easel/,Australia,제품 카테고리 (PLP),80
https://www.lg.com/au/monitors/,Australia,제품 카테고리 (PLP),77
https://www.lg.com/au/tv-soundbars/ultra-large-tvs/,Australia,제품 카테고리 (PLP),76
https://www.lg.com/au/tv-soundbars/nanocell-tv/?ec_ft_06513561=86_inch_-_98_inch,Australia,제품 카테고리 (PLP),83
https://www.lg.com/au/tv-soundbars/nanocell-tv/?ec_ft_06513561=50_inch,Australia,제품 카테고리 (PLP),86
https://www.lg.com/au/speakers/soundbars/,Australia,제품 카테고리 (PLP),83
https://www.lg.com/au/speakers/,Australia,제품 카테고리 (PLP),73
https://www.lg.com/au/monitors/full-hd-qhd/,Australia,제품 카테고리 (PLP),77
https://www.lg.com/au/monitors/gaming-monitors/ultragear/,Australia,제품 카테고리 (PLP),76
https://www.lg.com/au/speakers/all-speakers/,Australia,제품 카테고리 (PLP),80
https://www.lg.com/au/tv-soundbars/,Australia,제품 카테고리 (PLP),73
https://www.lg.com/au/tv-soundbars/nanocell-tv/?ec_ft_06513561=65_inch,Australia,제품 카테고리 (PLP),86
https://www.lg.com/au/tv-soundbars/miniled/?ec_ft_06513561=86_inch_-_98_inch,Australia,제품 카테고리 (PLP),93
https://www.lg.com/au/lifestyle-screens/,Australia,제품 카테고리 (PLP),80
https://www.lg.com/au/tv-soundbars/nanocell-tv/?ec_ft_06513561=55_inch,Australia,제품 카테고리 (PLP),83
https://www.lg.com/au/tv-soundbars/ai-tv/,Australia,제품 카테고리 (PLP),70
https://www.lg.com/au/tv-by-resolution/,Australia,제품 카테고리 (PLP),67
https://www.lg.com/au/home-audio/,Australia,제품 카테고리 (PLP),63
https://www.lg.com/au/about-lg/press-and-media/,Australia,Press & Media,79
https://www.lg.com/au/about-lg/press-and-media/2022-refresh-of-lg-gram-range-delivers-powerful-performance-and-enhanced-user-convenience/,Australia,Press & Media,79
https://www.lg.com/au/about-lg/press-and-media/2023-lg-gram-lineup-offers-stylish-yet-powerful-user-experience-/,Australia,Press & Media,79
https://www.lg.com/au/about-lg/press-and-media/2025-lg-qned-evo-transforms-with-core-oled-tv-innovations/,Australia,Press & Media,79
https://www.lg.com/au/about-lg/press-and-media/LG-showcased-digital-transformation-innovations-at-food-and-display-technology-expo-2025/,Australia,Press & Media,83
https://www.lg.com/au/about-lg/press-and-media/LG-strengthens-EdTech-leadership-with-expanded-LG-CreateBoard-lineup/,Australia,Press & Media,83
https://www.lg.com/au/about-lg/press-and-media/atmospheric-sound-lg-sound-bar-range-and-the-first-lg-smart-home-speaker-heighten-sensory-experiences-in-2018/,Australia,Press & Media,75
https://www.lg.com/au/about-lg/press-and-media/aussie-families-look-to-home-entertainment-for-festive-bonding/,Australia,Press & Media,75
https://www.lg.com/au/about-lg/press-and-media/back-to-basics-lg-g6-responds-to-consumer-feedback/,Australia,Press & Media,75
https://www.lg.com/au/about-lg/press-and-media/best-ever-lg-oled-tvs-arrive-in-australia/,Australia,Press & Media,79
https://www.lg.com/au/about-lg/press-and-media/bundle-an-lg-tv-with-an-lg-sound-bar-and-receive-a-cash-card-valued-at-up-to-30/,Australia,Press & Media,79
https://www.lg.com/au/about-lg/press-and-media/choice-magazine-awards-three-of-lgs-new-air-conditioners-as-best-in-category/,Australia,Press & Media,79
https://www.lg.com/au/about-lg/press-and-media/choice-magazine-recommends-an-lg-energy-effcient-and-temperature-responsive-bottom-mount-fridge/,Australia,Press & Media,79
https://www.lg.com/au/about-lg/press-and-media/come-home-to-comfort-this-summer-with-the-new-wh-split-system-series/,Australia,Press & Media,75
https://www.lg.com/au/about-lg/press-and-media/come-play-with-lg/,Australia,Press & Media,75
https://www.lg.com/au/about-lg/press-and-media/dont-just-read-all-about-it-see-all-about-it/,Australia,Press & Media,79
https://www.lg.com/au/about-lg/press-and-media/eupd-research-names-lg-electronics-solar-division-as-top-brand-photovoltaics-pv-for-fourth-consecutive-year/,Australia,Press & Media,75
https://www.lg.com/au/about-lg/press-and-media/evolution-of-lgs-curved-smartphone-unveiled-at-ces-2015/,Australia,Press & Media,79
https://www.lg.com/au/about-lg/press-and-media/experience-powerful-cordless-freedom-with-the-new-range-of-cordzero-handsticks-from-lg/,Australia,Press & Media,71
https://www.lg.com/au/about-lg/press-and-media/from-catwalk-to-clothesline-the-newest-lg-smartwashers-can-take-care-of-your-clothes/,Australia,Press & Media,79
https://www.lg.com/au/about-lg/press-and-media/honoring--local-legends--during-a-time-of-need/,Australia,Press & Media,75
https://www.lg.com/au/about-lg/press-and-media/intelligent-lg-new-ai-enabled-home-entertainment-line-up-coming-to-australian-homes/,Australia,Press & Media,75
https://www.lg.com/au/about-lg/press-and-media/latest-android-wear-update-brings-wi-fi-connectivity/,Australia,Press & Media,79
https://www.lg.com/au/about-lg/press-and-media/let-your-favourite-music-flow-for-free-with-90-days-access-to-google-play-music/,Australia,Press & Media,79
https://www.lg.com/au/about-lg/press-and-media/lg-2023-soundbars-enrich-home-entertainment-with-immersive-audio-and-versatile-features/,Australia,Press & Media,79
https://www.lg.com/au/about-lg/press-and-media/lg-accelerates-smart-factory-solutions-business-integrating-ai-with-66-year-manufacturing-expertise/,Australia,Press & Media,83
https://www.lg.com/au/about-lg/press-and-media/lg-acquires-athom-to-advance-ai-enabled-intelligent-space-business/,Australia,Press & Media,83
https://www.lg.com/au/about-lg/press-and-media/lg-amplifies-positive-influence-of-the-life-s-good-campaign-via-social-media-challenge/,Australia,Press & Media,83
https://www.lg.com/au/about-lg/press-and-media/lg-and-ambarella-join-forces-to-advance-ai-driven-in-cabin-vehicle-safetey-solutions/,Australia,Press & Media,82
https://www.lg.com/au/about-lg/press-and-media/lg-and-cybellum-to-introduce-cybersecurity-management-system-cockpit-at-ces-2024/,Australia,Press & Media,79
https://www.lg.com/au/about-lg/press-and-media/lg-and-google-collaborate-for-nexus-5x-release-date/,Australia,Press & Media,79
https://www.lg.com/au/about-lg/press-and-media/lg-and-greater-homes-partner-to-address-australia-s-housing-and-/,Australia,Press & Media,79
https://www.lg.com/au/about-lg/press-and-media/lg-and-infineon-to-introduce-lg-g8-thinq-with-front-facing-time-of-flight-camera/,Australia,Press & Media,79
https://www.lg.com/au/about-lg/press-and-media/lg-and-kiis-fm-announce-flood-support-initiative-for-nsw-families/,Australia,Press & Media,75
https://www.lg.com/au/about-lg/press-and-media/lg-and-masterchef-australia-cook-up-a-partnership-to-inspire-cul/,Australia,Press & Media,72
https://www.lg.com/au/about-lg/press-and-media/lg-and-xbox-partner-to-expand-cloud-gaming-experience-on-lg-smart-tvs/,Australia,Press & Media,79
https://www.lg.com/au/about-lg/press-and-media/lg-announces-first-flat-screen-oled-tv-in-australia/,Australia,Press & Media,82
https://www.lg.com/au/about-lg/press-and-media/lg-announces-fourth-quarter-and-full-year-2024-financial-results/,Australia,Press & Media,79
https://www.lg.com/au/about-lg/press-and-media/lg-announces-global-launch-of-innovative-lg-thinq-up-appliances/,Australia,Press & Media,79
https://www.lg.com/au/about-lg/press-and-media/lg-announces-hdr-enabled-oled-tv-range-lg-australia/,Australia,Press & Media,79
https://www.lg.com/au/about-lg/press-and-media/lg-announces-pre-order-deals-for-lg-g4/,Australia,Press & Media,79
https://www.lg.com/au/about-lg/press-and-media/lg-announces-winners-of-2024-webos-hackathon/,Australia,Press & Media,76
https://www.lg.com/au/about-lg/press-and-media/lg-anti-discolouration-tech-for-outdoor-digital-signage-first-to-receive-ul-verification/,Australia,Press & Media,79
https://www.lg.com/au/about-lg/press-and-media/lg-appoints-new-marketing-general-manager/,Australia,Press & Media,79
https://www.lg.com/au/about-lg/press-and-media/lg-at-ranzcr-2024-innovating-healthcare-with-advanced-medical-imaging-solutions/,Australia,Press & Media,75
https://www.lg.com/au/about-lg/press-and-media/lg-australia-announces-curved-sound-bar-and-new-oled-promotion/,Australia,Press & Media,79
https://www.lg.com/au/about-lg/press-and-media/lg-australia-announces-local-availability-of-2024-ultrageartm-oled-monitor-range/,Australia,Press & Media,79
https://www.lg.com/au/about-lg/press-and-media/lg-australia-brings-android-60-marshmallow-update-to-lg-g4/,Australia,Press & Media,79
https://www.lg.com/au/about-lg/press-and-media/lg-australia-helps-supercar-racer-compete-in-a-virtual-world/,Australia,Press & Media,79
https://www.lg.com/au/about-lg/press-and-media/lg-australia-launches-2022-range-of-cinebeam-projectors-designed-to-elevate-the-home-cinema-or-corporate-office-experience/,Australia,Press & Media,79
https://www.lg.com/au/about-lg/press-and-media/lg-australia-launches-2026-tv---sound-suite-lineup/,Australia,Press & Media,83
https://www.lg.com/au/about-lg/press-and-media/lg-australia-launches-dualup-monitor-designed-to-enhance-the-home-office-experience/,Australia,Press & Media,79
https://www.lg.com/au/about-lg/press-and-media/lg-australia-sponsor-dire-wolves-leading-australian-esports-team/,Australia,Press & Media,79
https://www.lg.com/au/about-lg/press-and-media/lg-australia-unveils-2022-sound-bar-range/,Australia,Press & Media,79
https://www.lg.com/au/about-lg/press-and-media/lg-australia-welcomes-lg-nanocell-8k-to-the-range/,Australia,Press & Media,75
https://www.lg.com/au/about-lg/press-and-media/lg-bets-partner-success-is-the-next-competitive-advantage/,Australia,Press & Media,86
https://www.lg.com/au/about-lg/press-and-media/lg-brings-latest-range-of-cordless-vacuum-cleaners-to-australia/,Australia,Press & Media,79
https://www.lg.com/au/about-lg/press-and-media/lg-brings-refreshed-french-door-refrigerator-range-to-australian-kitchens/,Australia,Press & Media,79
https://www.lg.com/au/about-lg/press-and-media/lg-brings-xbox-cloud-gaming--beta--experience-directly-to-lg-sma/,Australia,Press & Media,79
https://www.lg.com/au/about-lg/press-and-media/lg-business-solutions-transforms-sydney-dance-company-studios-with-cutting-edge-display-solutions/,Australia,Press & Media,76
https://www.lg.com/au/about-lg/press-and-media/lg-business-solutions-unveils-cloud-computing-suite/,Australia,Press & Media,75
https://www.lg.com/au/about-lg/press-and-media/lg-calls-for-developers-to-participate-in-lg-webos-hackathon-2024/,Australia,Press & Media,76
https://www.lg.com/au/about-lg/press-and-media/lg-celebrates-prolific-wins-for-season-2-of-its-original-series/,Australia,Press & Media,76
https://www.lg.com/au/about-lg/press-and-media/lg-celebrates-the-worlds-most-passionate-cricket-fans/,Australia,Press & Media,79
https://www.lg.com/au/about-lg/press-and-media/lg-ceo-and-cto-to-outline-ambitious-strategy-for-thinq-ai-at-ifa-opening-keynote/,Australia,Press & Media,75
https://www.lg.com/au/about-lg/press-and-media/lg-ceo-william-cho-highligts-consistent-progress-towards-future-/,Australia,Press & Media,79
https://www.lg.com/au/about-lg/press-and-media/lg-clocks-in-with-australian-release-of-stylish-timepiece/,Australia,Press & Media,79
https://www.lg.com/au/about-lg/press-and-media/lg-commitment-to-innovation-is-recognised-with-numerous-awards-at-ces-2024/,Australia,Press & Media,83
https://www.lg.com/au/about-lg/press-and-media/lg-connect-2024-showcase-highlights-cutting-edge-business-solution-technologies/,Australia,Press & Media,86
https://www.lg.com/au/about-lg/press-and-media/lg-continues-to-push-the-boundaries-with-its-new-mid-range-smartphones/,Australia,Press & Media,79
https://www.lg.com/au/about-lg/press-and-media/lg-cordzero-auto-emptying-handstick-robot-vac-all-in-one-tower-c/,Australia,Press & Media,79
https://www.lg.com/au/about-lg/press-and-media/lg-debuts-its-latest-cordzero--handstick-vaccuum-lineup-designed/,Australia,Press & Media,72
https://www.lg.com/au/about-lg/press-and-media/lg-debuts-the-g5-its-first-ever-modular-smartphone/,Australia,Press & Media,79
https://www.lg.com/au/about-lg/press-and-media/lg-delivers-year-around-comfort-and-elegance-with-new-artcool-gallery-at-ces-2023/,Australia,Press & Media,79
https://www.lg.com/au/about-lg/press-and-media/lg-electronics-2024-soundbar-range-delivers-complete-at-home-entertainment-with-rich-audio/,Australia,Press & Media,79
https://www.lg.com/au/about-lg/press-and-media/lg-electronics-all-in-one-tower-/,Australia,Press & Media,79
https://www.lg.com/au/about-lg/press-and-media/lg-electronics-and-will-i-am-transforms-lg-xboom-s-sound-design-through-xboom-by-will-i-am/,Australia,Press & Media,76
https://www.lg.com/au/about-lg/press-and-media/lg-electronics-announces--designed-for-lg-gaming-portal--certifi/,Australia,Press & Media,76
https://www.lg.com/au/about-lg/press-and-media/lg-electronics-announces-partnership-with-ronald-mcdonald-house-charities/,Australia,Press & Media,79
https://www.lg.com/au/about-lg/press-and-media/lg-electronics-australia-and-sky-news-australia-partner-to-launch-fast-tv-offering-sky-news-now/,Australia,Press & Media,86
https://www.lg.com/au/about-lg/press-and-media/lg-electronics-australia-and-the-lg-twins-to-host-bushfire-fundraiser-event/,Australia,Press & Media,76
https://www.lg.com/au/about-lg/press-and-media/lg-electronics-australia-announces-local-availability-of-2024-sound-bar-range/,Australia,Press & Media,79
https://www.lg.com/au/about-lg/press-and-media/lg-electronics-australia-announces-local-availability-of-2024-sound-bar-range0/,Australia,Press & Media,86
https://www.lg.com/au/about-lg/press-and-media/lg-electronics-australia-announces-promotions-and-new-roles-with/,Australia,Press & Media,76
https://www.lg.com/au/about-lg/press-and-media/lg-electronics-australia-bolsters-marketing-team-with-expansion-and-new-appointments/,Australia,Press & Media,79
https://www.lg.com/au/about-lg/press-and-media/lg-electronics-australia-brings-big-entertainment-home-with-launch-of-2024-tv-range/,Australia,Press & Media,79
https://www.lg.com/au/about-lg/press-and-media/lg-electronics-australia-business-solutions-showcases-cutting-ed/,Australia,Press & Media,83
https://www.lg.com/au/about-lg/press-and-media/lg-electronics-australia-continue-to-help-communities-rediscover-good-with-launch-of-2022-local-legends-program/,Australia,Press & Media,79
https://www.lg.com/au/about-lg/press-and-media/lg-electronics-australia-elevates-home-entertainment-with-new-20/,Australia,Press & Media,83
https://www.lg.com/au/about-lg/press-and-media/lg-electronics-australia-elevates-the-guest-experience-at-novaca/,Australia,Press & Media,79
https://www.lg.com/au/about-lg/press-and-media/lg-electronics-australia-launches-stanbyme-2-the-next-evolution-/,Australia,Press & Media,79
https://www.lg.com/au/about-lg/press-and-media/lg-electronics-australia-named-choice--best-brand-across-multipl/,Australia,Press & Media,79
https://www.lg.com/au/about-lg/press-and-media/lg-electronics-australia-names-new-managing-director/,Australia,Press & Media,76
https://www.lg.com/au/about-lg/press-and-media/lg-electronics-australia-partners-with-taronga-s-hatch-accelerator-program/,Australia,Press & Media,83
https://www.lg.com/au/about-lg/press-and-media/lg-electronics-australia-showcases-advanced-medical-display-solu/,Australia,Press & Media,79
https://www.lg.com/au/about-lg/press-and-media/lg-electronics-australia-supports-bushfire-relief-efforts/,Australia,Press & Media,76
https://www.lg.com/au/about-lg/press-and-media/lg-electronics-australia-teams-up-with-three-birds-renovations/,Australia,Press & Media,79
https://www.lg.com/au/about-lg/press-and-media/lg-electronics-australia-to-celebrate-community-heroes/,Australia,Press & Media,79
https://www.lg.com/au/about-lg/press-and-media/lg-electronics-australia-to-celebrate-everyday-good-within-australian-communities/,Australia,Press & Media,76
https://www.lg.com/au/about-lg/press-and-media/lg-electronics-australia-unveils-latest-audio-products-in-collaboration-with-music-visionary-will-i-am/,Australia,Press & Media,86
https://www.lg.com/au/support/,Australia,Support - 일반,85
https://www.lg.com/au/support/additional-support/,Australia,Support - 일반,78
https://www.lg.com/au/support/announcement/,Australia,Support - 일반,79
https://www.lg.com/au/support/announcement/AUNTC20220608152520/,Australia,Support - 일반,78
https://www.lg.com/au/support/announcement/AUNTC20220609152550/,Australia,Support - 일반,78
https://www.lg.com/au/support/announcement/AUNTC20220906152995/,Australia,Support - 일반,78
https://www.lg.com/au/support/announcement/AUNTC20230310153483/,Australia,Support - 일반,78
https://www.lg.com/au/support/announcement/AUNTC20230428153670/,Australia,Support - 일반,78
https://www.lg.com/au/support/announcement/AUNTC20230502153690/,Australia,Support - 일반,78
https://www.lg.com/au/support/announcement/AUNTC20230831154137/,Australia,Support - 일반,78
https://www.lg.com/au/support/announcement/AUNTC20230926154190/,Australia,Support - 일반,78
https://www.lg.com/au/support/announcement/AUNTC20240319154532/,Australia,Support - 일반,78
https://www.lg.com/au/support/announcement/AUNTC20240610154590/,Australia,Support - 일반,78
https://www.lg.com/au/support/announcement/AUNTC20241010132430/,Australia,Support - 일반,78
https://www.lg.com/au/support/announcement/AUNTC20241106002/,Australia,Support - 일반,78
https://www.lg.com/au/support/announcement/AUNTC20250414/,Australia,Support - 일반,78
https://www.lg.com/au/support/announcement/AUNTC20250908/,Australia,Support - 일반,78
https://www.lg.com/au/support/announcement/AUNTC20260324001/,Australia,Support - 일반,78
https://www.lg.com/au/support/announcement/important-notice-scheduled-system-upgrade-friday-3rd-july-2026/,Australia,Support - 일반,79
https://www.lg.com/au/support/announcement/notice-of-spotify-service-termination/,Australia,Support - 일반,78
https://www.lg.com/au/support/announcement/notice-of-termination-of-the-services-of-gracenote-music-id-video-id-eyeq-epg-for-blu-ray-player-blu-ray-home-theater-system-will-no-longer-be-available/,Australia,Support - 일반,74
https://www.lg.com/au/support/announcements/AUNTC20220608152520/,Australia,Support - 일반,78
https://www.lg.com/au/support/announcements/AUNTC20220609152550/,Australia,Support - 일반,78
https://www.lg.com/au/support/announcements/AUNTC20220906152995/,Australia,Support - 일반,78
https://www.lg.com/au/support/announcements/AUNTC20230310153483/,Australia,Support - 일반,78
https://www.lg.com/au/support/announcements/AUNTC20230428153670/,Australia,Support - 일반,78
https://www.lg.com/au/support/announcements/AUNTC20230502153690/,Australia,Support - 일반,78
https://www.lg.com/au/support/announcements/AUNTC20230831154137/,Australia,Support - 일반,78
https://www.lg.com/au/support/announcements/AUNTC20230926154190/,Australia,Support - 일반,78
https://www.lg.com/au/support/announcements/AUNTC20240319154532/,Australia,Support - 일반,78
https://www.lg.com/au/support/announcements/AUNTC20240610154590/,Australia,Support - 일반,78
https://www.lg.com/au/support/contact-us/,Australia,Support - 일반,86
https://www.lg.com/au/support/contact-us/document-upload/,Australia,Support - 일반,89
https://www.lg.com/au/support/contact-us/document-upload/failure/,Australia,Support - 일반,74
https://www.lg.com/au/support/contact-us/document-upload/success/,Australia,Support - 일반,74
https://www.lg.com/au/support/contact-us/email-to-ceo/,Australia,Support - 일반,81
https://www.lg.com/au/support/contact-us/email-to-ceo/failure/,Australia,Support - 일반,74
https://www.lg.com/au/support/contact-us/email-to-ceo/success/,Australia,Support - 일반,74
https://www.lg.com/au/support/contact-us/email/,Australia,Support - 일반,78
https://www.lg.com/au/support/contact-us/email/failure/,Australia,Support - 일반,74
https://www.lg.com/au/support/contact-us/email/success/,Australia,Support - 일반,74
https://www.lg.com/au/support/contact-us/inquiry-status/,Australia,Support - 일반,78
https://www.lg.com/au/support/contact-us/inquiry-status/failure/,Australia,Support - 일반,74
https://www.lg.com/au/support/contact-us/inquiry-status/inquiry-result/,Australia,Support - 일반,81
https://www.lg.com/au/support/contact-us/lg-customer-care/,Australia,Support - 일반,81
https://www.lg.com/au/support/contact-us/locate-repair-center/,Australia,Support - 일반,82
https://www.lg.com/au/support/contact-us/web-survey/,Australia,Support - 일반,82
https://www.lg.com/au/support/contact-us/web-survey/failure/,Australia,Support - 일반,74
https://www.lg.com/au/support/contact-us/web-survey/success/,Australia,Support - 일반,74
https://www.lg.com/au/support/contact/whatsapp/,Australia,Support - 일반,79
https://www.lg.com/au/support/customer-complaints-procedure/,Australia,Support - 일반,82
https://www.lg.com/au/support/delivery-installation-services/,Australia,Support - 일반,81
https://www.lg.com/au/support/error-pages/,Australia,Support - 일반,70
https://www.lg.com/au/support/error-pages/down-time-check/,Australia,Support - 일반,70
https://www.lg.com/au/support/esafety/,Australia,Support - 일반,85
https://www.lg.com/au/support/fota/,Australia,Support - 일반,81
https://www.lg.com/au/support/glossary/,Australia,Support - 일반,89
https://www.lg.com/au/support/lg-thinq/,Australia,Support - 일반,82
https://www.lg.com/au/support/lg-thinq/app/,Australia,Support - 일반,81
https://www.lg.com/au/support/order-support/,Australia,Support - 일반,81
https://www.lg.com/au/support/order-support/frequently-asked-questions/,Australia,Support - 일반,89
https://www.lg.com/au/support/order-support/track-my-order/,Australia,Support - 일반,82
https://www.lg.com/au/support/product-support/,Australia,Support - 일반,74
https://www.lg.com/au/support/product-support/cs-100MRGB96BS.AAU/,Australia,Support - 일반,79
https://www.lg.com/au/support/product-support/cs-100QNED86A6.ANR/,Australia,Support - 일반,79
https://www.lg.com/au/support/product-support/cs-100QNED86AS.AAU/,Australia,Support - 일반,79
https://www.lg.com/au/support/product-support/cs-100QNED86BS.AAU/,Australia,Support - 일반,79
https://www.lg.com/au/support/product-support/cs-100QNED87B6.ANR/,Australia,Support - 일반,79
https://www.lg.com/au/support/product-support/cs-105BM5N-B.AAUQ/,Australia,Support - 일반,78
https://www.lg.com/au/support/product-support/cs-105UC9T.AAU/,Australia,Support - 일반,79
https://www.lg.com/au/support/product-support/cs-110UH5Q-H.AAUQ/,Australia,Support - 일반,79
https://www.lg.com/au/support/product-support/cs-110UM5J-B.AAUQ/,Australia,Support - 일반,78
https://www.lg.com/au/support/product-support/cs-110UM5K-B.AAUQ/,Australia,Support - 일반,78
https://www.lg.com/au/support/product-support/cs-13Z940-G.AT58A/,Australia,Support - 일반,78
https://www.lg.com/au/support/product-support/cs-13Z940-G.AT5PA/,Australia,Support - 일반,78
https://www.lg.com/au/support/product-support/cs-13Z940-G.AT5SA/,Australia,Support - 일반,78
https://www.lg.com/au/support/product-support/cs-13Z940-G.AT5WA/,Australia,Support - 일반,78
https://www.lg.com/au/support/product-support/cs-13Z940-G.AT7WA/,Australia,Support - 일반,78
https://www.lg.com/au/support/product-support/cs-14Z90P-G.AA85A/,Australia,Support - 일반,79
https://www.lg.com/au/support/product-support/cs-14Z90P-G.AR53A/,Australia,Support - 일반,78
https://www.lg.com/au/support/product-support/cs-14Z90P-G.AR54A/,Australia,Support - 일반,78
https://www.lg.com/au/support/product-support/cs-14Z90P-G.AR62A/,Australia,Support - 일반,78
https://www.lg.com/au/support/product-support/cs-14Z90P-G.AR64A/,Australia,Support - 일반,79
https://www.lg.com/au/support/product-support/cs-14Z90Q-G.AA52A/,Australia,Support - 일반,79
https://www.lg.com/au/support/product-support/cs-14Z90Q-G.AA72A/,Australia,Support - 일반,79
https://www.lg.com/au/support/product-support/cs-14Z90R-G.AA75A/,Australia,Support - 일반,79
https://www.lg.com/au/support/product-support/cs-14Z90R-G.AP55A/,Australia,Support - 일반,79
https://www.lg.com/au/support/product-support/cs-14Z90RS-G.AA54A/,Australia,Support - 일반,79
https://www.lg.com/au/support/product-support/cs-14Z90RS-G.AA74A/,Australia,Support - 일반,78
https://www.lg.com/au/support/product-support/cs-14Z90S-G.AA75A/,Australia,Support - 일반,79
https://www.lg.com/au/support/product-support/cs-14Z90S-G.AP55A/,Australia,Support - 일반,79
https://www.lg.com/au/support/product-support/cs-14Z90S-G.AP75A/,Australia,Support - 일반,78
https://www.lg.com/au/support/product-support/cs-15U50T-G.AR52A/,Australia,Support - 일반,78
https://www.lg.com/au/support/product-support/cs-15U50T-G.AR55A/,Australia,Support - 일반,79
https://www.lg.com/au/support/product-support/cs-15U530-M.AFLGZ/,Australia,Support - 일반,78
https://www.lg.com/au/support/product-support/cs-15Z90RT-G.AA75A/,Australia,Support - 일반,78
https://www.lg.com/au/support/product-support/cs-15Z90S-G.AD75A/,Australia,Support - 일반,79
https://www.lg.com/au/support/product-support/cs-15Z960-G.AA50K/,Australia,Support - 일반,78
https://www.lg.com/au/support/product-support/cs-15Z995-V.AXCTA/,Australia,Support - 일반,78
https://www.lg.com/au/support/product-support/cs-16M38A-B.AAU/,Australia,Support - 일반,78
https://www.lg.com/au/support/product-support/troubleshoot/help-library/cs-CT52001891-20152057095565/,Australia,Support - Troubleshoot,79
https://www.lg.com/au/support/product-support/troubleshoot/help-library/cs-CT52001892-20155028330557/,Australia,Support - Troubleshoot,82
https://www.lg.com/au/support/product-support/troubleshoot/help-library/cs-CT52001893-20155118502551,Australia,Support - Troubleshoot,82
https://www.lg.com/au/support/product-support/troubleshoot/help-library/cs-CT52001894-20155019542509/,Australia,Support - Troubleshoot,82
https://www.lg.com/au/support/product-support/troubleshoot/help-library/cs-CT52001892-20155102945124,Australia,Support - Troubleshoot,82
https://www.lg.com/au/support/product-support/troubleshoot/help-library/cs-CT52001891-20153215184746/,Australia,Support - Troubleshoot,79
https://www.lg.com/au/support/product-support/troubleshoot/help-library/cs-CT52001894-20155115712563/,Australia,Support - Troubleshoot,82
https://www.lg.com/au/support/product-support/troubleshoot/help-library/cs-CT32010282-20151536747806/,Australia,Support - Troubleshoot,79
https://www.lg.com/au/support/product-support/troubleshoot/help-library/cs-CT52001891-20153130464833OLT/,Australia,Support - Troubleshoot,79
https://www.lg.com/au/support/product-support/troubleshoot/help-library/cs-CT52001892-20154982198421/,Australia,Support - Troubleshoot,82
https://www.lg.com/au/support/product-support/troubleshoot/help-library/cs-CT52001892-20155130213807,Australia,Support - Troubleshoot,82
https://www.lg.com/au/support/product-support/troubleshoot/help-library/cs-CT52001891-20153123661970OLT/,Australia,Support - Troubleshoot,79
https://www.lg.com/au/support/product-support/troubleshoot/help-library/cs-CT52001891-20153096002080OLT/,Australia,Support - Troubleshoot,79
https://www.lg.com/au/support/product-support/troubleshoot/help-library/cs-CT52001894-20155269099170/,Australia,Support - Troubleshoot,82
https://www.lg.com/au/support/product-support/troubleshoot/help-library/cs-CT52001891-20155062553752/,Australia,Support - Troubleshoot,82
https://www.lg.com/au/support/product-support/troubleshoot/help-library/cs-CT52001892-20155102806626,Australia,Support - Troubleshoot,82
https://www.lg.com/au/support/product-support/troubleshoot/help-library/cs-CT32004806-20155130672793,Australia,Support - Troubleshoot,82
https://www.lg.com/au/support/product-support/troubleshoot/help-library/cs-CT52001892-20155102780837/,Australia,Support - Troubleshoot,82
https://www.lg.com/au/support/product-support/troubleshoot/help-library/cs-CT52001894-20153143600647/,Australia,Support - Troubleshoot,82
https://www.lg.com/au/support/product-support/troubleshoot/help-library/cs-CT52001891-20153215469176LST/,Australia,Support - Troubleshoot,79
https://www.lg.com/au/support/product-support/troubleshoot/help-library/cs-CT32004806-20155131934269,Australia,Support - Troubleshoot,82
https://www.lg.com/au/support/product-support/troubleshoot/help-library/cs-CT52001892-20155028318440,Australia,Support - Troubleshoot,82
https://www.lg.com/au/support/product-support/troubleshoot/help-library/cs-CT52001894-20155268087480/,Australia,Support - Troubleshoot,82
https://www.lg.com/au/support/product-support/troubleshoot/help-library/cs-CT52001892-20155048208360,Australia,Support - Troubleshoot,82
https://www.lg.com/au/support/product-support/troubleshoot/help-library/cs-CT32010282-20151536625692/,Australia,Support - Troubleshoot,79
https://www.lg.com/au/support/product-support/troubleshoot/help-library/cs-CT52001894-20155113403267/,Australia,Support - Troubleshoot,82
https://www.lg.com/au/support/product-support/troubleshoot/help-library/cs-CT52001891-20153215656522OLT/,Australia,Support - Troubleshoot,79
https://www.lg.com/au/support/product-support/troubleshoot/help-library/cs-CT52001893-20155048180878/,Australia,Support - Troubleshoot,82
https://www.lg.com/au/support/product-support/troubleshoot/help-library/cs-CT52001892-20155103111147,Australia,Support - Troubleshoot,82
https://www.lg.com/au/support/product-support/troubleshoot/help-library/cs-CT52001891-20153119161989LST/,Australia,Support - Troubleshoot,79
https://www.lg.com/au/support/product-support/troubleshoot/help-library/cs-CT52001891-20155063960870/,Australia,Support - Troubleshoot,82
https://www.lg.com/au/support/product-support/troubleshoot/help-library/cs-CT32004806-20155274463658,Australia,Support - Troubleshoot,82
https://www.lg.com/au/support/product-support/troubleshoot/help-library/cs-CT52001892-20155146808886,Australia,Support - Troubleshoot,82
https://www.lg.com/au/support/product-support/troubleshoot/help-library/cs-CT32010282-20151536646411/,Australia,Support - Troubleshoot,79
https://www.lg.com/au/support/product-support/troubleshoot/help-library/cs-CT52001891-20150117258142/,Australia,Support - Troubleshoot,79
https://www.lg.com/au/support/product-support/troubleshoot/help-library/cs-CT52001894-20155051173388/,Australia,Support - Troubleshoot,82
https://www.lg.com/au/support/product-support/troubleshoot/help-library/cs-CT32004806-20155198562423,Australia,Support - Troubleshoot,82
https://www.lg.com/au/support/product-support/troubleshoot/help-library/cs-CT52001894-20155113388239,Australia,Support - Troubleshoot,82
https://www.lg.com/au/support/product-support/troubleshoot/help-library/cs-CT52001891-20153217242233OLT/,Australia,Support - Troubleshoot,79
https://www.lg.com/au/support/product-support/troubleshoot/help-library/cs-CT52001891-20150150218748/,Australia,Support - Troubleshoot,79
https://www.lg.com/au/support/product-support/troubleshoot/help-library/cs-CT52001894-20155047763895,Australia,Support - Troubleshoot,82
https://www.lg.com/au/support/product-support/troubleshoot/help-library/cs-CT52001891-20152424764775/,Australia,Support - Troubleshoot,79
https://www.lg.com/au/support/product-support/troubleshoot/help-library/cs-CT52001894-20155410253959/,Australia,Support - Troubleshoot,82
https://www.lg.com/au/support/product-support/troubleshoot/help-library/cs-CT52001893-20155114022939/,Australia,Support - Troubleshoot,82
https://www.lg.com/au/support/product-support/troubleshoot/help-library/cs-CT52001891-20155062024093/,Australia,Support - Troubleshoot,82
https://www.lg.com/au/support/product-support/troubleshoot/help-library/cs-CT52001891-20152424765390/,Australia,Support - Troubleshoot,79
https://www.lg.com/au/support/product-support/troubleshoot/help-library/cs-CT52001894-20155104837507,Australia,Support - Troubleshoot,82
https://www.lg.com/au/support/product-support/troubleshoot/help-library/cs-CT52001894-20155143214929,Australia,Support - Troubleshoot,82
https://www.lg.com/au/support/product-support/troubleshoot/help-library/cs-CT52001891-20153215469176/,Australia,Support - Troubleshoot,79
https://www.lg.com/au/support/product-support/troubleshoot/help-library/cs-CT52001891-20153096004541/,Australia,Support - Troubleshoot,79
https://www.lg.com/au/support/product-support/troubleshoot/help-library/cs-CT52001891-20153215358119/,Australia,Support - Troubleshoot,79
https://www.lg.com/au/support/product-support/troubleshoot/help-library/cs-CT52001891-20153217392935/,Australia,Support - Troubleshoot,79
https://www.lg.com/au/support/product-support/troubleshoot/help-library/cs-CT52001891-20153119161989/,Australia,Support - Troubleshoot,79
https://www.lg.com/au/support/product-support/troubleshoot/help-library/cs-CT52001892-20155029819247/,Australia,Support - Troubleshoot,82
https://www.lg.com/au/support/product-support/troubleshoot/help-library/cs-CT32004806-20155135966141,Australia,Support - Troubleshoot,82
https://www.lg.com/au/support/product-support/troubleshoot/help-library/cs-CT52001894-20155114286407/,Australia,Support - Troubleshoot,82
https://www.lg.com/au/support/product-support/troubleshoot/help-library/cs-CT52001891-20152424764928/,Australia,Support - Troubleshoot,79
https://www.lg.com/au/support/product-support/troubleshoot/help-library/cs-CT52001892-20155102606785/,Australia,Support - Troubleshoot,82
https://www.lg.com/au/support/product-support/troubleshoot/help-library/cs-CT52001891-20151617379821/,Australia,Support - Troubleshoot,79
https://www.lg.com/au/support/product-support/troubleshoot/help-library/cs-CT52001892-20155101717846/,Australia,Support - Troubleshoot,82
https://www.lg.com/au/support/product-support/troubleshoot/help-library/cs-CT52001894-20155410290745/,Australia,Support - Troubleshoot,82
https://www.lg.com/au/support/product-support/troubleshoot/help-library/cs-CT52001891-20153122612066/,Australia,Support - Troubleshoot,79
https://www.lg.com/au/support/product-support/troubleshoot/help-library/cs-CT32004806-20155366414982,Australia,Support - Troubleshoot,82
https://www.lg.com/au/support/product-support/troubleshoot/help-library/cs-CT52001891-20153122605643/,Australia,Support - Troubleshoot,79
https://www.lg.com/au/support/product-support/troubleshoot/help-library/cs-CT52001892-20155028326917,Australia,Support - Troubleshoot,82
https://www.lg.com/au/support/product-support/troubleshoot/help-library/cs-CT32010282-20151536754533/,Australia,Support - Troubleshoot,79
https://www.lg.com/au/support/product-support/troubleshoot/help-library/cs-CT52001894-20155062559624/,Australia,Support - Troubleshoot,82
https://www.lg.com/au/support/product-support/troubleshoot/help-library/cs-CT52001891-20155381400289/,Australia,Support - Troubleshoot,82
https://www.lg.com/au/support/product-support/troubleshoot/help-library/cs-CT52001892-20155105990208,Australia,Support - Troubleshoot,82
https://www.lg.com/au/support/product-support/troubleshoot/help-library/cs-CT52001891-20151258115195/,Australia,Support - Troubleshoot,79
https://www.lg.com/au/support/product-support/troubleshoot/help-library/cs-CT52001894-20155014962509/,Australia,Support - Troubleshoot,82
https://www.lg.com/au/support/product-support/troubleshoot/help-library/cs-CT52001892-20155105984050,Australia,Support - Troubleshoot,82
https://www.lg.com/au/support/product-support/troubleshoot/help-library/cs-CT52001892-20155065328016/,Australia,Support - Troubleshoot,82
https://www.lg.com/au/support/product-support/troubleshoot/help-library/cs-CT52001892-20155101726782/,Australia,Support - Troubleshoot,82
https://www.lg.com/au/support/product-support/troubleshoot/help-library/cs-CT32004806-20155304383626,Australia,Support - Troubleshoot,82
https://www.lg.com/au/support/product-support/troubleshoot/help-library/cs-CT52001893-20155048190225/,Australia,Support - Troubleshoot,82
https://www.lg.com/au/support/product-support/troubleshoot/help-library/cs-CT52001893-20155060933551/,Australia,Support - Troubleshoot,82
https://www.lg.com/au/support/product-support/troubleshoot/help-library/cs-CT52001892-20155102934841,Australia,Support - Troubleshoot,82
https://www.lg.com/au/support/product-support/troubleshoot/help-library/cs-CT52001891-20153122635079OLT/,Australia,Support - Troubleshoot,79
https://www.lg.com/au/support/product-support/troubleshoot/help-library/cs-CT52001893-20155117720578,Australia,Support - Troubleshoot,82
https://www.lg.com/au/support/product-support/troubleshoot/help-library/cs-CT52001892-20155064016578/,Australia,Support - Troubleshoot,82
https://www.lg.com/au/support/product-support/troubleshoot/help-library/cs-CT52001891-20153123661970LST/,Australia,Support - Troubleshoot,79
https://www.lg.com/au/support/product-support/troubleshoot/help-library/cs-CT52001892-20155101712967/,Australia,Support - Troubleshoot,82
https://www.lg.com/au/support/product-support/troubleshoot/help-library/cs-CT32010282-20155115803406,Australia,Support - Troubleshoot,82
https://www.lg.com/au/support/product-support/troubleshoot/help-library/cs-CT52001891-20150152061675LST/,Australia,Support - Troubleshoot,79
https://www.lg.com/au/support/product-support/troubleshoot/help-library/cs-CT52001894-20155006102270/,Australia,Support - Troubleshoot,82
https://www.lg.com/au/support/product-support/troubleshoot/help-library/cs-CT52001891-20155155360507/,Australia,Support - Troubleshoot,82
https://www.lg.com/au/support/product-support/troubleshoot/help-library/cs-CT52001891-20151258113353/,Australia,Support - Troubleshoot,79
https://www.lg.com/au/support/product-support/troubleshoot/help-library/cs-CT32010282-20151536616732/,Australia,Support - Troubleshoot,79
https://www.lg.com/au/support/product-support/troubleshoot/help-library/cs-CT52001894-20155006048809/,Australia,Support - Troubleshoot,82
https://www.lg.com/au/support/product-support/troubleshoot/help-library/cs-CT52001892-20155101717026/,Australia,Support - Troubleshoot,82
https://www.lg.com/au/support/product-support/troubleshoot/help-library/cs-CT32010282-20155383934430,Australia,Support - Troubleshoot,82
https://www.lg.com/au/support/product-support/troubleshoot/help-library/cs-CT52001894-20155021549019/,Australia,Support - Troubleshoot,82
https://www.lg.com/au/support/product-support/troubleshoot/help-library/cs-CT52001892-20154855998853,Australia,Support - Troubleshoot,82
https://www.lg.com/au/support/product-support/troubleshoot/help-library/cs-CT20088076-20154967819085,Australia,Support - Troubleshoot,82
https://www.lg.com/au/support/product-support/troubleshoot/help-library/cs-CT52001892-20155101726080,Australia,Support - Troubleshoot,86
https://www.lg.com/au/support/product-support/troubleshoot/help-library/cs-CT52001891-20151875443020/,Australia,Support - Troubleshoot,79
https://www.lg.com/au/support/product-support/troubleshoot/help-library/cs-CT52001893-20155128297839,Australia,Support - Troubleshoot,82
https://www.lg.com/au/support/product-support/troubleshoot/help-library/cs-CT52001894-20155154186807/,Australia,Support - Troubleshoot,82
https://www.lg.com/au/support/product-support/troubleshoot/help-library/cs-CT52001892-20155101705329,Australia,Support - Troubleshoot,82
https://www.lg.com/br/hotel-tv/pro-centric-smart-tv/42ly760h/,Brazil,제품 상세 (PDP),81
https://www.lg.com/br/tv-signage/supersign-tv/32ly540s/,Brazil,제품 상세 (PDP),77
https://www.lg.com/br/why-lg-oled/10years-world-no1-oled/,Brazil,제품 상세 (PDP),69
https://www.lg.com/br/tv-corporativa/commercial-tv/32ly340c/,Brazil,제품 상세 (PDP),77
https://www.lg.com/br/tvs-e-soundbars/22ma33d/,Brazil,제품 상세 (PDP),77
https://www.lg.com/br/sinalizacao-de-tv/tv-supersign/32ly540s/,Brazil,제품 상세 (PDP),77
https://www.lg.com/br/tvs-telas-lifestyle/flex/42lx3qpsa/,Brazil,제품 상세 (PDP),77
https://www.lg.com/br/tvs-por-tamanho-de-tela/86-a-97-polegadas/,Brazil,제품 상세 (PDP),86
https://www.lg.com/br/televisores-e-colunas-de-som/4k-uhd-tvs/43uq7500psf/,Brazil,제품 상세 (PDP),77
https://www.lg.com/br/tv-signage/supersign-tv/42ly540s/,Brazil,제품 상세 (PDP),77
https://www.lg.com/br/why-lg-oled/2023-oled-lineup/,Brazil,제품 상세 (PDP),68
https://www.lg.com/br/tv-corporativa/commercial-tv/42ly340c/,Brazil,제품 상세 (PDP),77
https://www.lg.com/br/tvs-e-soundbars/24mn33d/,Brazil,제품 상세 (PDP),77
https://www.lg.com/br/sinalizacao-de-tv/tv-supersign/42ly540s/,Brazil,제품 상세 (PDP),77
https://www.lg.com/br/tvs-telas-lifestyle/objet-collection-pose/55lx-43ur/,Brazil,제품 상세 (PDP),81
https://www.lg.com/br/televisores-e-colunas-de-som/4k-uhd-tvs/50nano75spa/,Brazil,제품 상세 (PDP),77
https://www.lg.com/br/hotel-tv/pro-centric-tv/32ly540h/,Brazil,제품 상세 (PDP),81
https://www.lg.com/br/tv-signage/supersign-tv/55ly540s/,Brazil,제품 상세 (PDP),77
https://www.lg.com/br/tvs-e-soundbars/acessorios-tv/aan30005507/,Brazil,제품 상세 (PDP),77
https://www.lg.com/br/sinalizacao-de-tv/tv-supersign/55ly540s/,Brazil,제품 상세 (PDP),77
https://www.lg.com/br/tvs-telas-lifestyle/objet-collection-pose/55lx-s3-w09a/,Brazil,제품 상세 (PDP),78
https://www.lg.com/br/televisores-e-colunas-de-som/4k-uhd-tvs/50nano75sqa/,Brazil,제품 상세 (PDP),78
https://www.lg.com/br/hotel-tv/pro-centric-tv/42ly540h/,Brazil,제품 상세 (PDP),81
https://www.lg.com/br/tvs-e-soundbars/acessorios-tv/aan30005827/,Brazil,제품 상세 (PDP),77
https://www.lg.com/br/tvs-telas-lifestyle/objet-collection-pose/55lx-xg7s/,Brazil,제품 상세 (PDP),78
https://www.lg.com/br/televisores-e-colunas-de-som/4k-uhd-tvs/50uq7950psb/,Brazil,제품 상세 (PDP),77
https://www.lg.com/br/hotel-tv/tv-modo-hotel/32ly340h/,Brazil,제품 상세 (PDP),77
https://www.lg.com/br/tvs-e-soundbars/acessorios-tv/aan30026606/,Brazil,제품 상세 (PDP),77
https://www.lg.com/br/tvs-telas-lifestyle/objet-collection-pose/55lx-xl5s/,Brazil,제품 상세 (PDP),78
https://www.lg.com/br/televisores-e-colunas-de-som/4k-uhd-tvs/50uq8050psb/,Brazil,제품 상세 (PDP),77
https://www.lg.com/br/hotel-tv/tv-modo-hotel/42ly340h/,Brazil,제품 상세 (PDP),77
https://www.lg.com/br/tvs-e-soundbars/acessorios-tv/aan75831303/,Brazil,제품 상세 (PDP),77
https://www.lg.com/br/tvs-telas-lifestyle/objet-collection-pose/55lx1q-50ur8/,Brazil,제품 상세 (PDP),81
https://www.lg.com/br/televisores-e-colunas-de-som/4k-uhd-tvs/55lx1qpsa/,Brazil,제품 상세 (PDP),77
https://www.lg.com/br/tvs-e-soundbars/acessorios-tv/aan75831304/,Brazil,제품 상세 (PDP),77
https://www.lg.com/br/tvs-telas-lifestyle/objet-collection-pose/55lx1qpsa/,Brazil,제품 상세 (PDP),77
https://www.lg.com/br/televisores-e-colunas-de-som/4k-uhd-tvs/55nano75spa/,Brazil,제품 상세 (PDP),71
https://www.lg.com/br/tvs-e-soundbars/acessorios-tv/aan75851207/,Brazil,제품 상세 (PDP),77
https://www.lg.com/br/tvs-telas-lifestyle/stanbyme/27art10-xg5s/,Brazil,제품 상세 (PDP),75
https://www.lg.com/br/televisores-e-colunas-de-som/4k-uhd-tvs/55nano75sqa/,Brazil,제품 상세 (PDP),77
https://www.lg.com/br/tvs-e-soundbars/acessorios-tv/aan75851208/,Brazil,제품 상세 (PDP),77
https://www.lg.com/br/tvs-telas-lifestyle/stanbyme/27art10akpl/,Brazil,제품 상세 (PDP),77
https://www.lg.com/br/televisores-e-colunas-de-som/4k-uhd-tvs/55nano80sqa/,Brazil,제품 상세 (PDP),77
https://www.lg.com/br/tvs-e-soundbars/acessorios-tv/aan75851255/,Brazil,제품 상세 (PDP),77
https://www.lg.com/br/audio/acessorio-de-audio/lac3910/,Brazil,제품 상세 (PDP),77
https://www.lg.com/br/audio-e-video/xboom/xg9/,Brazil,제품 상세 (PDP),56
https://www.lg.com/br/audio/acessorio-de-audio/lac5910/,Brazil,제품 상세 (PDP),77
https://www.lg.com/br/audio-e-video/xboom360/,Brazil,제품 상세 (PDP),69
https://www.lg.com/br/audio/acessorio-de-audio/lac8910/,Brazil,제품 상세 (PDP),74
https://www.lg.com/br/audio/acessorio-de-audio/lcf800on/,Brazil,제품 상세 (PDP),77
https://www.lg.com/br/audio/acessorio-de-audio/lcs300an/,Brazil,제품 상세 (PDP),77
https://www.lg.com/br/audio/acessorio-de-audio/lcs500un/,Brazil,제품 상세 (PDP),77
https://www.lg.com/br/audio/acessorio-de-audio/nd1520/,Brazil,제품 상세 (PDP),81
https://www.lg.com/br/audio/acessorio-de-audio/nd5520/,Brazil,제품 상세 (PDP),81
https://www.lg.com/br/audio/acessorio-de-audio/nd8520/,Brazil,제품 상세 (PDP),81
https://www.lg.com/br/audio/caixa-de-som-bluetooth/blast/,Brazil,제품 상세 (PDP),83
https://www.lg.com/br/audio/caixa-de-som-bluetooth/np7556/,Brazil,제품 상세 (PDP),77
https://www.lg.com/br/audio/caixa-de-som-bluetooth/pm1/,Brazil,제품 상세 (PDP),77
https://www.lg.com/br/audio/caixa-de-som-bluetooth/rp4/,Brazil,제품 상세 (PDP),77
https://www.lg.com/br/audio/caixa-de-som-bluetooth/rp4be/,Brazil,제품 상세 (PDP),77
https://www.lg.com/br/audio/caixa-de-som-bluetooth/rp4g/,Brazil,제품 상세 (PDP),77
https://www.lg.com/br/audio/caixas-de-som-gamer-ultragear/gp9/,Brazil,제품 상세 (PDP),77
https://www.lg.com/br/audio/caixas-de-som-portateis-xboom-go/pk3/,Brazil,제품 상세 (PDP),77
https://www.lg.com/br/audio/caixas-de-som-portateis-xboom-go/pk5/,Brazil,제품 상세 (PDP),77
https://www.lg.com/br/audio/caixas-de-som-portateis-xboom-go/pk7/,Brazil,제품 상세 (PDP),77
https://www.lg.com/br/audio/caixas-de-som-portateis-xboom-go/pl2/,Brazil,제품 상세 (PDP),77
https://www.lg.com/br/audio/caixas-de-som-portateis-xboom-go/pl5/,Brazil,제품 상세 (PDP),77
https://www.lg.com/br/audio/caixas-de-som-portateis-xboom-go/pl7/,Brazil,제품 상세 (PDP),77
https://www.lg.com/br/audio/caixas-de-som-portateis-xboom-go/xg2tbk/,Brazil,제품 상세 (PDP),81
https://www.lg.com/br/audio/caixas-de-som-portateis-xboom-go/xg5/,Brazil,제품 상세 (PDP),84
https://www.lg.com/br/audio/caixas-de-som-portateis-xboom-go/xg5s/,Brazil,제품 상세 (PDP),84
https://www.lg.com/br/audio/caixas-de-som-portateis-xboom-go/xg7/,Brazil,제품 상세 (PDP),77
https://www.lg.com/br/audio/caixas-de-som-portateis-xboom-go/xg7s/,Brazil,제품 상세 (PDP),84
https://www.lg.com/br/audio/caixas-de-som-portateis-xboom-go/xg8t/,Brazil,제품 상세 (PDP),81
https://www.lg.com/br/audio/caixas-de-som-portateis-xboom-go/xg9s-xg2tbk/,Brazil,제품 상세 (PDP),78
https://www.lg.com/br/audio/caixas-de-som-portateis-xboom-go/xg9s/,Brazil,제품 상세 (PDP),81
https://www.lg.com/br/audio/caixas-de-som-xboom/bounce/,Brazil,제품 상세 (PDP),80
https://www.lg.com/br/audio/caixas-de-som-xboom/ck43n-fb/,Brazil,제품 상세 (PDP),81
https://www.lg.com/br/audio/caixas-de-som-xboom/ck43n/,Brazil,제품 상세 (PDP),81
https://www.lg.com/br/audio/caixas-de-som-xboom/cl87/,Brazil,제품 상세 (PDP),81
https://www.lg.com/br/audio/caixas-de-som-xboom/cl98/,Brazil,제품 상세 (PDP),81
https://www.lg.com/br/audio/caixas-de-som-xboom/fj7/,Brazil,제품 상세 (PDP),74
https://www.lg.com/br/audio/caixas-de-som-xboom/grab/,Brazil,제품 상세 (PDP),80
https://www.lg.com/br/audio/caixas-de-som-xboom/grab1/,Brazil,제품 상세 (PDP),78
https://www.lg.com/br/audio/caixas-de-som-xboom/ok55/,Brazil,제품 상세 (PDP),77
https://www.lg.com/br/audio/caixas-de-som-xboom/ok75/,Brazil,제품 상세 (PDP),77
https://www.lg.com/br/audio/caixas-de-som-xboom/ok99/,Brazil,제품 상세 (PDP),77
https://www.lg.com/br/audio/caixas-de-som-xboom/rn5/,Brazil,제품 상세 (PDP),77
https://www.lg.com/br/audio/caixas-de-som-xboom/rn7/,Brazil,제품 상세 (PDP),81
https://www.lg.com/br/audio/caixas-de-som-xboom/rn9/,Brazil,제품 상세 (PDP),77
https://www.lg.com/br/audio/caixas-de-som-xboom/rnc5-xg5s/,Brazil,제품 상세 (PDP),75
https://www.lg.com/br/audio/caixas-de-som-xboom/rnc5/,Brazil,제품 상세 (PDP),78
https://www.lg.com/br/monitores/16m38a-m/,Brazil,제품 상세 (PDP),77
https://www.lg.com/br/monitores/19eb13p/,Brazil,제품 상세 (PDP),77
https://www.lg.com/br/monitores/19eb13t/,Brazil,제품 상세 (PDP),77
https://www.lg.com/br/monitores/19m37aa-b/,Brazil,제품 상세 (PDP),77
https://www.lg.com/br/monitores/20en33ss/,Brazil,제품 상세 (PDP),77
https://www.lg.com/br/monitores/20m35p-b/,Brazil,제품 상세 (PDP),77
https://www.lg.com/br/monitores/22ea53t/,Brazil,제품 상세 (PDP),77
https://www.lg.com/br/monitores/22mp55hq/,Brazil,제품 상세 (PDP),77
https://www.lg.com/br/monitores/23ea53v/,Brazil,제품 상세 (PDP),77
https://www.lg.com/br/monitores/23et83/,Brazil,제품 상세 (PDP),77
https://www.lg.com/br/monitores/23mp55hq/,Brazil,제품 상세 (PDP),77
https://www.lg.com/br/monitores/23mp65hq/,Brazil,제품 상세 (PDP),77
https://www.lg.com/br/monitores/24mn43d/,Brazil,제품 상세 (PDP),77
https://www.lg.com/br/monitores/28lb700b/,Brazil,제품 상세 (PDP),77
https://www.lg.com/br/monitores/29mn33d/,Brazil,제품 상세 (PDP),77
https://www.lg.com/br/monitores/d2342p/,Brazil,제품 상세 (PDP),77
https://www.lg.com/br/monitores/d2343p/,Brazil,제품 상세 (PDP),77
https://www.lg.com/br/monitores/discontinued/l1742s/,Brazil,제품 상세 (PDP),77
https://www.lg.com/br/monitores/discontinued/l1755s/,Brazil,제품 상세 (PDP),77
https://www.lg.com/br/monitores/e1641c/,Brazil,제품 상세 (PDP),77
https://www.lg.com/br/monitores/e1641s/,Brazil,제품 상세 (PDP),78
https://www.lg.com/br/monitores/e1940s/,Brazil,제품 상세 (PDP),81
https://www.lg.com/br/monitores/e1941c/,Brazil,제품 상세 (PDP),77
https://www.lg.com/br/monitores/e1941s/,Brazil,제품 상세 (PDP),77
https://www.lg.com/br/monitores/e1950t/,Brazil,제품 상세 (PDP),77
https://www.lg.com/br/monitores/e1960t/,Brazil,제품 상세 (PDP),77
https://www.lg.com/br/monitores/e2011p/,Brazil,제품 상세 (PDP),77
https://www.lg.com/br/monitores/e2041c/,Brazil,제품 상세 (PDP),77
https://www.lg.com/br/monitores/e2041s/,Brazil,제품 상세 (PDP),77
https://www.lg.com/br/monitores/e2041t/,Brazil,제품 상세 (PDP),77
https://www.lg.com/br/monitores/e2050t/,Brazil,제품 상세 (PDP),77
https://www.lg.com/br/monitores/e2060t/,Brazil,제품 상세 (PDP),77
https://www.lg.com/br/monitores/e2240s/,Brazil,제품 상세 (PDP),81
https://www.lg.com/br/monitores/e2241c/,Brazil,제품 상세 (PDP),77
https://www.lg.com/br/monitores/e2241s/,Brazil,제품 상세 (PDP),77
https://www.lg.com/br/monitores/e2241v/,Brazil,제품 상세 (PDP),77
https://www.lg.com/br/monitores/e2241vp/,Brazil,제품 상세 (PDP),77
https://www.lg.com/br/monitores/e2250v/,Brazil,제품 상세 (PDP),77
https://www.lg.com/br/monitores/e2260v/,Brazil,제품 상세 (PDP),77
https://www.lg.com/br/monitores/e2290v/,Brazil,제품 상세 (PDP),77
https://www.lg.com/br/monitores/e2350v/,Brazil,제품 상세 (PDP),77
https://www.lg.com/br/monitores/e2355v/,Brazil,제품 상세 (PDP),77
https://www.lg.com/br/monitores/e2360v-base-transparente/,Brazil,제품 상세 (PDP),77
https://www.lg.com/br/monitores/e2360v/,Brazil,제품 상세 (PDP),77
https://www.lg.com/br/monitores/f7000n/,Brazil,제품 상세 (PDP),77
https://www.lg.com/br/monitores/fhd-qhd/20mk400h-b/,Brazil,제품 상세 (PDP),77
https://www.lg.com/br/monitores/fhd-qhd/22mp410-b/,Brazil,제품 상세 (PDP),81
https://www.lg.com/br/monitores/fhd-qhd/24gn60r-b/,Brazil,제품 상세 (PDP),77
https://www.lg.com/br/geladeiras/geladeiras-duplex/b392b-3097/,Brazil,제품 상세 (PDP),77
https://www.lg.com/br/frigorificos/frigorificos-altos/gm402bpl/,Brazil,제품 상세 (PDP),77
https://www.lg.com/br/geladeiras/geladeiras-duplex/b392b2-3097a/,Brazil,제품 상세 (PDP),77
https://www.lg.com/br/geladeiras/geladeiras-duplex/b392g-3035/,Brazil,제품 상세 (PDP),81
https://www.lg.com/br/geladeiras/geladeiras-duplex/b392g2-3035a/,Brazil,제품 상세 (PDP),81
https://www.lg.com/br/geladeiras/geladeiras-duplex/b392la-3095a/,Brazil,제품 상세 (PDP),77
https://www.lg.com/br/geladeiras/geladeiras-duplex/b392pqdb-xg5s/,Brazil,제품 상세 (PDP),81
https://www.lg.com/br/geladeiras/geladeiras-duplex/b392pqdb2-xg5s/,Brazil,제품 상세 (PDP),81
https://www.lg.com/br/geladeiras/geladeiras-duplex/b392pqw2-3091bc/,Brazil,제품 상세 (PDP),81
https://www.lg.com/br/geladeiras/geladeiras-duplex/b392pqw2-3091bc2/,Brazil,제품 상세 (PDP),81
https://www.lg.com/br/geladeiras/geladeiras-duplex/b392pqw2-3091bc2/B392PXGB-MS304/,Brazil,제품 상세 (PDP),84
https://www.lg.com/br/geladeiras/geladeiras-duplex/b392pqwb-3091bc/,Brazil,제품 상세 (PDP),81
https://www.lg.com/br/geladeiras/geladeiras-duplex/gm402bpl/,Brazil,제품 상세 (PDP),77
https://www.lg.com/br/geladeiras/geladeiras-duplex/gn-b392pqwb/,Brazil,제품 상세 (PDP),81
https://www.lg.com/br/geladeiras/geladeiras-duplex/gn-b392pxg2/,Brazil,제품 상세 (PDP),84
https://www.lg.com/br/geladeiras/geladeiras-duplex/gn-b392pxgb-1/,Brazil,제품 상세 (PDP),84
https://www.lg.com/br/geladeiras/geladeiras-duplex/gn-b392pxgb/,Brazil,제품 상세 (PDP),84
https://www.lg.com/br/geladeiras/geladeiras-duplex/gn-b452pff2/,Brazil,제품 상세 (PDP),87
https://www.lg.com/br/geladeiras/geladeiras-duplex/gn-b452pffq/,Brazil,제품 상세 (PDP),87
https://www.lg.com/br/geladeiras/geladeiras-duplex/gt44bpp/,Brazil,제품 상세 (PDP),74
https://www.lg.com/br/geladeiras/geladeiras-duplex/gt44bpp1/,Brazil,제품 상세 (PDP),74
https://www.lg.com/br/geladeiras/geladeiras-duplex/gt51bpp/,Brazil,제품 상세 (PDP),74
https://www.lg.com/br/geladeiras/geladeiras-duplex/gt51bpp1/,Brazil,제품 상세 (PDP),74
https://www.lg.com/br/geladeiras/geladeiras-duplex/mb482uls-g1/,Brazil,제품 상세 (PDP),81
https://www.lg.com/br/geladeiras/geladeiras-duplex/mb582ulv-g1/,Brazil,제품 상세 (PDP),81
https://www.lg.com/br/geladeiras/geladeiras-french-door/b298nln1-xg5s/,Brazil,제품 상세 (PDP),81
https://www.lg.com/br/geladeiras/geladeiras-french-door/b298nlnh-xg5s/,Brazil,제품 상세 (PDP),81
https://www.lg.com/br/geladeiras/geladeiras-french-door/gm-x288nqx2/,Brazil,제품 상세 (PDP),87
https://www.lg.com/br/geladeiras/geladeiras-french-door/gm-x288nqxh/,Brazil,제품 상세 (PDP),87
https://www.lg.com/br/geladeiras/geladeiras-french-door/gm86sddb/,Brazil,제품 상세 (PDP),75
https://www.lg.com/br/geladeiras/geladeiras-french-door/gm86sddb1/,Brazil,제품 상세 (PDP),74
https://www.lg.com/br/geladeiras/geladeiras-french-door/lsfxc2476s/,Brazil,제품 상세 (PDP),77
https://www.lg.com/br/geladeiras/geladeiras-french-door/x288nqx2-xg5s/,Brazil,제품 상세 (PDP),81
https://www.lg.com/br/geladeiras/geladeiras-french-door/x288nqxh-xg5s/,Brazil,제품 상세 (PDP),81
https://www.lg.com/br/geladeiras/geladeiras-inverse/b569nll2-xg5s/,Brazil,제품 상세 (PDP),81
https://www.lg.com/br/geladeiras/geladeiras-inverse/b569nllm-xg5s/,Brazil,제품 상세 (PDP),81
https://www.lg.com/br/geladeiras/geladeiras-inverse/b569nql2-xg5s/,Brazil,제품 상세 (PDP),81
https://www.lg.com/br/lavanderia/lava-e-seca/cv3011bc4/,Brazil,제품 상세 (PDP),77
https://www.lg.com/br/lavanderia/lava-e-seca/cv3011bc4a/,Brazil,제품 상세 (PDP),77
https://www.lg.com/br/lavanderia/lava-e-seca/cv3011wg4/,Brazil,제품 상세 (PDP),81
https://www.lg.com/br/lavanderia/lava-e-seca/cv3011wg4a/,Brazil,제품 상세 (PDP),81
https://www.lg.com/br/lavanderia/lava-e-seca/cv3012mc5/,Brazil,제품 상세 (PDP),87
https://www.lg.com/br/lavanderia/lava-e-seca/cv3012mc5a/,Brazil,제품 상세 (PDP),87
https://www.lg.com/br/lavanderia/lava-e-seca/cv3012w-grab/,Brazil,제품 상세 (PDP),78
https://www.lg.com/br/lavanderia/lava-e-seca/cv3012wc5-xg2tbk/,Brazil,제품 상세 (PDP),78
https://www.lg.com/br/lavanderia/lava-e-seca/cv3012wc5-xg5s/,Brazil,제품 상세 (PDP),81
https://www.lg.com/br/lavanderia/lava-e-seca/cv3012wc5/,Brazil,제품 상세 (PDP),82
https://www.lg.com/br/lavanderia/lava-e-seca/cv3012wc5a-grab/,Brazil,제품 상세 (PDP),78
https://www.lg.com/br/lavanderia/lava-e-seca/cv3012wc5a-xg2tbk/,Brazil,제품 상세 (PDP),78
https://www.lg.com/br/lavanderia/lava-e-seca/cv3012wc5a-xg5s/,Brazil,제품 상세 (PDP),81
https://www.lg.com/br/lavanderia/lava-e-seca/cv3012wc5a/,Brazil,제품 상세 (PDP),87
https://www.lg.com/br/lavanderia/lava-e-seca/cv5010ts4/,Brazil,제품 상세 (PDP),77
https://www.lg.com/br/lavanderia/lava-e-seca/cv5010ts4a/,Brazil,제품 상세 (PDP),77
https://www.lg.com/br/lavanderia/lava-e-seca/cv5010wg4/,Brazil,제품 상세 (PDP),77
https://www.lg.com/br/lavanderia/lava-e-seca/cv5010wg4a/,Brazil,제품 상세 (PDP),77
https://www.lg.com/br/lavanderia/lava-e-seca/cv5011ts4/,Brazil,제품 상세 (PDP),81
https://www.lg.com/br/lavanderia/lava-e-seca/cv5011ts4a/,Brazil,제품 상세 (PDP),81
https://www.lg.com/br/lavanderia/lava-e-seca/cv5011wg4/,Brazil,제품 상세 (PDP),81
https://www.lg.com/br/lavanderia/lava-e-seca/cv5011wg4a/,Brazil,제품 상세 (PDP),81
https://www.lg.com/br/lavanderia/lava-e-seca/cv5012mc4/,Brazil,제품 상세 (PDP),87
https://www.lg.com/br/lavanderia/lava-e-seca/cv5012mc4a/,Brazil,제품 상세 (PDP),87
https://www.lg.com/br/lavanderia/lava-e-seca/cv5012pc4/,Brazil,제품 상세 (PDP),87
https://www.lg.com/br/lavanderia/lava-e-seca/cv5012pc4a/,Brazil,제품 상세 (PDP),87
https://www.lg.com/br/lavanderia/lava-e-seca/cv5012wc4/,Brazil,제품 상세 (PDP),87
https://www.lg.com/br/lavanderia/lava-e-seca/cv5012wc4a/,Brazil,제품 상세 (PDP),87
https://www.lg.com/br/lavanderia/lava-e-seca/cv5013bc4/,Brazil,제품 상세 (PDP),77
https://www.lg.com/br/lavanderia/lava-e-seca/cv5013bc4a/,Brazil,제품 상세 (PDP),77
https://www.lg.com/br/lavanderia/lava-e-seca/cv5013ec4/,Brazil,제품 상세 (PDP),81
https://www.lg.com/br/lavanderia/lava-e-seca/cv5013ec4a/,Brazil,제품 상세 (PDP),81
https://www.lg.com/br/lavanderia/lava-e-seca/cv5013wc4/,Brazil,제품 상세 (PDP),81
https://www.lg.com/br/lavanderia/lava-e-seca/cv5013wc4a/,Brazil,제품 상세 (PDP),81
https://www.lg.com/br/lavanderia/lava-e-seca/cv5014mc4/,Brazil,제품 상세 (PDP),87
https://www.lg.com/br/lavanderia/lava-e-seca/cv5014mc4a/,Brazil,제품 상세 (PDP),87
https://www.lg.com/br/lavanderia/lava-e-seca/cv5014pc4/,Brazil,제품 상세 (PDP),87
https://www.lg.com/br/lavanderia/lava-e-seca/cv5014pc4a/,Brazil,제품 상세 (PDP),87
https://www.lg.com/br/lavanderia/lava-e-seca/cv5014wc4/,Brazil,제품 상세 (PDP),87
https://www.lg.com/br/lavanderia/lava-e-seca/cv5014wc4a/,Brazil,제품 상세 (PDP),87
https://www.lg.com/br/lavanderia/lava-e-seca/cv7011tc4/,Brazil,제품 상세 (PDP),81
https://www.lg.com/br/lavanderia/lava-e-seca/cv7011tc4a/,Brazil,제품 상세 (PDP),81
https://www.lg.com/br/lavanderia/lava-e-seca/cv7011ws4/,Brazil,제품 상세 (PDP),81
https://www.lg.com/br/lavanderia/lava-e-seca/cv7011ws4a/,Brazil,제품 상세 (PDP),81
https://www.lg.com/br/lavanderia/lava-e-seca/cv9011ec4/,Brazil,제품 상세 (PDP),81
https://www.lg.com/br/lavanderia/lava-e-seca/cv9011ec4a/,Brazil,제품 상세 (PDP),81
https://www.lg.com/br/lavanderia/lava-e-seca/cv9011wc4/,Brazil,제품 상세 (PDP),81
https://www.lg.com/br/lavanderia/lava-e-seca/cv9011wc4a/,Brazil,제품 상세 (PDP),81
https://www.lg.com/br/lavanderia/lava-e-seca/cv9013ec4/,Brazil,제품 상세 (PDP),81
https://www.lg.com/br/lavanderia/lava-e-seca/cv9013ec4a/,Brazil,제품 상세 (PDP),81
https://www.lg.com/br/lava-loucas/d1454cfn/,Brazil,제품 상세 (PDP),77
https://www.lg.com/br/lava-loucas/d1454tfs/,Brazil,제품 상세 (PDP),74
https://www.lg.com/br/ar-condicionado-comercial/a2uw16gfa2/,Brazil,제품 상세 (PDP),81
https://www.lg.com/br/ar-condicionado-residencial/9500-a-12000-btu-h/s4-q12ja31c/,Brazil,제품 상세 (PDP),81
https://www.lg.com/br/ar-condicionado-comercial-leve/amnw09gsaa1/,Brazil,제품 상세 (PDP),81
https://www.lg.com/br/ar-condicionado-comercial/a3uw21gfa0/,Brazil,제품 상세 (PDP),81
https://www.lg.com/br/ar-condicionado-residencial/9500-a-12000-btu-h/s4-q24k231d/,Brazil,제품 상세 (PDP),74
https://www.lg.com/br/ar-condicionado-comercial-leve/amnw12gsja1/,Brazil,제품 상세 (PDP),81
https://www.lg.com/br/ar-condicionado-comercial/a5uw30gfa0/,Brazil,제품 상세 (PDP),81
https://www.lg.com/br/ar-condicionado-residencial/9500-a-12000-btu-h/s4-w12ja31a/,Brazil,제품 상세 (PDP),77
https://www.lg.com/br/ar-condicionado-comercial-leve/amnw18gska1/,Brazil,제품 상세 (PDP),81
https://www.lg.com/br/ar-condicionado-comercial/a5uw40gfa0/,Brazil,제품 상세 (PDP),76
https://www.lg.com/br/ar-condicionado-residencial/acima-de-30000-btu-h/tr12dla2829--r/,Brazil,제품 상세 (PDP),77
https://www.lg.com/br/ar-condicionado-comercial-leve/pwfmdd200/,Brazil,제품 상세 (PDP),77
https://www.lg.com/br/ar-condicionado-comercial/ab-q54gm3a2/,Brazil,제품 상세 (PDP),77
https://www.lg.com/br/ar-condicionado-residencial/acima-de-30000-btu-h/tr12dla2829/,Brazil,제품 상세 (PDP),77
https://www.lg.com/br/ar-condicionado-comercial-leve/tr12dla2829-r/,Brazil,제품 상세 (PDP),77
https://www.lg.com/br/ar-condicionado-comercial/amnh09gb1a2/,Brazil,제품 상세 (PDP),77
https://www.lg.com/br/ar-condicionado-residencial/acima-de-30000-btu-h/tr12dla4647--r/,Brazil,제품 상세 (PDP),77
https://www.lg.com/br/ar-condicionado-comercial-leve/tr12dla2829/,Brazil,제품 상세 (PDP),77
https://www.lg.com/br/ar-condicionado-comercial/amnh09gtuc0/,Brazil,제품 상세 (PDP),74
https://www.lg.com/br/ar-condicionado-residencial/acima-de-30000-btu-h/tr12dla4647/,Brazil,제품 상세 (PDP),77
https://www.lg.com/br/ar-condicionado-comercial-leve/tr12dla4647-r/,Brazil,제품 상세 (PDP),77
https://www.lg.com/br/ar-condicionado-comercial/amnh12gb1a2/,Brazil,제품 상세 (PDP),77
https://www.lg.com/br/ar-condicionado-residencial/acima-de-30000-btu-h/tr12dlb2232--r/,Brazil,제품 상세 (PDP),77
https://www.lg.com/br/ar-condicionado-comercial-leve/tr12dla4647/,Brazil,제품 상세 (PDP),77
https://www.lg.com/br/ar-condicionado-comercial/amnh12gtuc0/,Brazil,제품 상세 (PDP),74
https://www.lg.com/br/ar-condicionado-residencial/acima-de-30000-btu-h/tr12dlb2232/,Brazil,제품 상세 (PDP),77
https://www.lg.com/br/ar-condicionado-comercial-leve/tr12dlb2232-r/,Brazil,제품 상세 (PDP),77
https://www.lg.com/br/ar-condicionado-comercial/amnh18gb2a2/,Brazil,제품 상세 (PDP),77
https://www.lg.com/br/ar-condicionado-residencial/acima-de-30000-btu-h/tr12dlb4647--r/,Brazil,제품 상세 (PDP),77
https://www.lg.com/br/ar-condicionado-comercial-leve/tr12dlb2232/,Brazil,제품 상세 (PDP),77
https://www.lg.com/br/ar-condicionado-comercial/amnh24gb2a2/,Brazil,제품 상세 (PDP),77
https://www.lg.com/br/ar-condicionado-residencial/acima-de-30000-btu-h/tr12dlb4647/,Brazil,제품 상세 (PDP),77
https://www.lg.com/br/ar-condicionado-comercial-leve/tr12dlb4647-r/,Brazil,제품 상세 (PDP),77
https://www.lg.com/br/ar-condicionado-comercial/amnw07gewa0/,Brazil,제품 상세 (PDP),77
https://www.lg.com/br/ar-condicionado-residencial/acima-de-30000-btu-h/tr12lapo1o2--r/,Brazil,제품 상세 (PDP),77
https://www.lg.com/br/ar-condicionado-comercial-leve/tr12dlb4647/,Brazil,제품 상세 (PDP),77
https://www.lg.com/br/ar-condicionado-comercial/amnw09gdbr0/,Brazil,제품 상세 (PDP),77
https://www.lg.com/br/ar-condicionado-residencial/acima-de-30000-btu-h/tr12lapo1o2/,Brazil,제품 상세 (PDP),77
https://www.lg.com/br/ar-condicionado-comercial-leve/tr12lac1vhw/,Brazil,제품 상세 (PDP),77
https://www.lg.com/br/ar-condicionado-comercial/amnw09geba0/,Brazil,제품 상세 (PDP),77
https://www.lg.com/br/ar-condicionado-residencial/acima-de-30000-btu-h/tr12lbpo1o2--r/,Brazil,제품 상세 (PDP),77
https://www.lg.com/br/ar-condicionado-comercial-leve/tr12lapo1o2-r/,Brazil,제품 상세 (PDP),77
https://www.lg.com/br/ar-condicionado-comercial/amnw12gdbr0/,Brazil,제품 상세 (PDP),77
https://www.lg.com/br/ar-condicionado-residencial/acima-de-30000-btu-h/tr12lbpo1o2/,Brazil,제품 상세 (PDP),77
https://www.lg.com/br/ar-condicionado-comercial-leve/tr12lapo1o2/,Brazil,제품 상세 (PDP),77
https://www.lg.com/br/ar-condicionado-comercial/amnw12geba0/,Brazil,제품 상세 (PDP),77
https://www.lg.com/br/ar-condicionado-residencial/acima-de-30000-btu-h/tr34dla2829--r/,Brazil,제품 상세 (PDP),77
https://www.lg.com/br/purificador-de-ar/ag161bwc0/,Brazil,제품 상세 (PDP),84
https://www.lg.com/br/purificador-de-ar/ap151mba1/,Brazil,제품 상세 (PDP),77
https://www.lg.com/br/purificador-de-ar/as101dsh0/,Brazil,제품 상세 (PDP),74
https://www.lg.com/br/purificador-de-ar/as101dwh0-xg2tbk/,Brazil,제품 상세 (PDP),75
https://www.lg.com/br/purificador-de-ar/as101dwh0/,Brazil,제품 상세 (PDP),81
https://www.lg.com/br/purificador-de-ar/as651dsh0/,Brazil,제품 상세 (PDP),74
https://www.lg.com/br/purificador-de-ar/as651dwh0-xg2tbk/,Brazil,제품 상세 (PDP),78
https://www.lg.com/br/purificador-de-ar/as651dwh0/,Brazil,제품 상세 (PDP),81
https://www.lg.com/br/cooktop/lscg367st/,Brazil,제품 상세 (PDP),77
https://www.lg.com/br/cooktops/lscg367st/,Brazil,제품 상세 (PDP),77
https://www.lg.com/br/micro-ondas/micro-ondas-grill/lsws306st/,Brazil,제품 상세 (PDP),81
https://www.lg.com/br/fornos-de-microondas/microondas-com-grill/mh7093br/,Brazil,제품 상세 (PDP),77
https://www.lg.com/br/micro-ondas/micro-ondas-grill/ma3884vca/,Brazil,제품 상세 (PDP),77
https://www.lg.com/br/fornos-de-microondas/microondas-com-grill/mh7093bra/,Brazil,제품 상세 (PDP),77
https://www.lg.com/br/micro-ondas/micro-ondas-grill/mg3035ds/,Brazil,제품 상세 (PDP),77
https://www.lg.com/br/fornos-de-microondas/microondas-com-grill/mh7097ar/,Brazil,제품 상세 (PDP),74
https://www.lg.com/br/micro-ondas/micro-ondas-grill/mg3035dsa/,Brazil,제품 상세 (PDP),77
https://www.lg.com/br/fornos-de-microondas/microondas-com-grill/mh7097ara/,Brazil,제품 상세 (PDP),74
https://www.lg.com/br/micro-ondas/micro-ondas-grill/mg3097nr/,Brazil,제품 상세 (PDP),77
https://www.lg.com/br/micro-ondas/micro-ondas-grill/mg3097nra/,Brazil,제품 상세 (PDP),77
https://www.lg.com/br/micro-ondas/micro-ondas-grill/mh4046sp/,Brazil,제품 상세 (PDP),81
https://www.lg.com/br/micro-ondas/micro-ondas-grill/mh4046spe/,Brazil,제품 상세 (PDP),81
https://www.lg.com/br/micro-ondas/micro-ondas-grill/mh4046x/,Brazil,제품 상세 (PDP),81
https://www.lg.com/br/micro-ondas/micro-ondas-grill/mh4046xa/,Brazil,제품 상세 (PDP),81
https://www.lg.com/br/micro-ondas/micro-ondas-grill/mh6346ssa/,Brazil,제품 상세 (PDP),77
https://www.lg.com/br/micro-ondas/micro-ondas-grill/mh7043ra/,Brazil,제품 상세 (PDP),77
https://www.lg.com/br/micro-ondas/micro-ondas-grill/mh7044la/,Brazil,제품 상세 (PDP),77
https://www.lg.com/br/micro-ondas/micro-ondas-grill/mh7047ga/,Brazil,제품 상세 (PDP),77
https://www.lg.com/br/micro-ondas/micro-ondas-grill/mh7048apa/,Brazil,제품 상세 (PDP),77
https://www.lg.com/br/micro-ondas/micro-ondas-grill/mh7048ga/,Brazil,제품 상세 (PDP),77
https://www.lg.com/br/micro-ondas/micro-ondas-grill/mh7049ca/,Brazil,제품 상세 (PDP),77
https://www.lg.com/br/micro-ondas/micro-ondas-grill/mh7053ra/,Brazil,제품 상세 (PDP),74
https://www.lg.com/br/micro-ondas/micro-ondas-grill/mh7054la/,Brazil,제품 상세 (PDP),77
https://www.lg.com/br/micro-ondas/micro-ondas-grill/mh7057qa/,Brazil,제품 상세 (PDP),77
https://www.lg.com/br/micro-ondas/micro-ondas-grill/mh7083ra/,Brazil,제품 상세 (PDP),77
https://www.lg.com/br/micro-ondas/micro-ondas-grill/mh7093br/,Brazil,제품 상세 (PDP),77
https://www.lg.com/br/micro-ondas/micro-ondas-grill/mh7093bra/,Brazil,제품 상세 (PDP),77
https://www.lg.com/br/micro-ondas/micro-ondas-grill/mh7093ra/,Brazil,제품 상세 (PDP),77
https://www.lg.com/br/micro-ondas/micro-ondas-grill/mh7097ar/,Brazil,제품 상세 (PDP),74
https://www.lg.com/br/micro-ondas/micro-ondas-grill/mh7097ara/,Brazil,제품 상세 (PDP),74
https://www.lg.com/br/micro-ondas/micro-ondas-grill/mh8048apa/,Brazil,제품 상세 (PDP),74
https://www.lg.com/br/micro-ondas/micro-ondas-grill/mh8297cir-a-forno-de-micro-ondas-grill-smart-inverter-neochef-42l/,Brazil,제품 상세 (PDP),77
https://www.lg.com/br/micro-ondas/micro-ondas-grill/mh8297cira/,Brazil,제품 상세 (PDP),77
https://www.lg.com/br/micro-ondas/micro-ondas-grill/mj3281bpa/,Brazil,제품 상세 (PDP),77
https://www.lg.com/br/micro-ondas/micro-ondas-grill/mj3284bpa/,Brazil,제품 상세 (PDP),77
https://www.lg.com/br/micro-ondas/micro-ondas-grill/mj3881bca/,Brazil,제품 상세 (PDP),77
https://www.lg.com/br/micro-ondas/micro-ondas-grill/mp9488sc/,Brazil,제품 상세 (PDP),77
https://www.lg.com/br/micro-ondas/micro-ondas-grill/mp9488sr/,Brazil,제품 상세 (PDP),81
https://www.lg.com/br/micro-ondas/micro-ondas-grill/ms3044la/,Brazil,제품 상세 (PDP),77
https://www.lg.com/br/micro-ondas/micro-ondas-solo/lsrm2010st/,Brazil,제품 상세 (PDP),77
https://www.lg.com/br/micro-ondas/micro-ondas-solo/mj3967apr-a-forno-eletrico-de-conveccao-com-micro-ondas-grill-39l/,Brazil,제품 상세 (PDP),77
https://www.lg.com/br/micro-ondas/micro-ondas-solo/mj3967apra/,Brazil,제품 상세 (PDP),77
https://www.lg.com/br/micro-ondas/micro-ondas-solo/ms2346ga/,Brazil,제품 상세 (PDP),77
https://www.lg.com/br/micro-ondas/micro-ondas-solo/ms2346ssa/,Brazil,제품 상세 (PDP),77
https://www.lg.com/br/micro-ondas/micro-ondas-solo/ms2355ra/,Brazil,제품 상세 (PDP),77
https://www.lg.com/br/micro-ondas/micro-ondas-solo/ms2357ra/,Brazil,제품 상세 (PDP),77
https://www.lg.com/br/micro-ondas/micro-ondas-solo/ms3033ds/,Brazil,제품 상세 (PDP),84
https://www.lg.com/br/aspirador-de-po/vc1014nnd/,Brazil,제품 상세 (PDP),84
https://www.lg.com/br/aspirador-de-po/vc1016nnd/,Brazil,제품 상세 (PDP),84
https://www.lg.com/br/aspirador-de-po/vc4914nnt/,Brazil,제품 상세 (PDP),77
https://www.lg.com/br/aspirador-de-po/vc4916nnt/,Brazil,제품 상세 (PDP),81
https://www.lg.com/br/aspirador-de-po/vc6814nrt/,Brazil,제품 상세 (PDP),77
https://www.lg.com/br/aspirador-de-po/vc6818nrt/,Brazil,제품 상세 (PDP),77
https://www.lg.com/br/aspirador-de-po/vk7913nhaq/,Brazil,제품 상세 (PDP),77
https://www.lg.com/br/aspirador-de-po/vk7918nhaq/,Brazil,제품 상세 (PDP),77
https://www.lg.com/br/aspirador-de-po/vr5902kl/,Brazil,제품 상세 (PDP),74
https://www.lg.com/br/acessorios/pecas-e-acessorios-de-cozinha/0czzw1h001x/,Brazil,제품 상세 (PDP),77
https://www.lg.com/br/acessorios-de-computador/aan73069057/,Brazil,제품 상세 (PDP),77
https://www.lg.com/br/acessorios-para-computador/afp73948404/,Brazil,제품 상세 (PDP),77
https://www.lg.com/br/acessorios-para-eletrodomesticos/pecas-e-acessorios-de-cozinha/0czzw1h001x/,Brazil,제품 상세 (PDP),77
https://www.lg.com/br/acionamentos-do-queimador/bh10ls30/,Brazil,제품 상세 (PDP),77
https://www.lg.com/br/adegas-de-vinhos/av41/,Brazil,제품 상세 (PDP),81
https://www.lg.com/br/aparelhos-de-cozinha/47ws50b/,Brazil,제품 상세 (PDP),77
https://www.lg.com/br/ar-condicionado-comercial/amnw18gdcr0/,Brazil,제품 상세 (PDP),77
https://www.lg.com/br/ar-condicionado-comercial-leve/tr12lbc1vhw/,Brazil,제품 상세 (PDP),77
https://www.lg.com/br/ar-condicionado-residencial/acima-de-30000-btu-h/tr34dla2829/,Brazil,제품 상세 (PDP),77
https://www.lg.com/br/audio/caixas-de-som-xboom/rnc7/,Brazil,제품 상세 (PDP),78
https://www.lg.com/br/care-accessories/air-conditioners/filter/5231a30003b/,Brazil,제품 상세 (PDP),77
https://www.lg.com/br/computadores-portateis/gram/15z90n-v-p2/,Brazil,제품 상세 (PDP),84
https://www.lg.com/br/digital-signage/monitor-transparente/47ts50mf/,Brazil,제품 상세 (PDP),74
https://www.lg.com/br/errors/404/,Brazil,제품 상세 (PDP),65
https://www.lg.com/br/geladeiras/geladeiras-inverse/b569nqlc-xg5s/,Brazil,제품 상세 (PDP),81
https://www.lg.com/br/iluminacao/d1330rw906b/,Brazil,제품 상세 (PDP),77
https://www.lg.com/br/lavandaria/maquinas-de-lavar-roupa/fv5013wc4a/,Brazil,제품 상세 (PDP),77
https://www.lg.com/br/lavanderia/lava-e-seca/cv9013wc4a/,Brazil,제품 상세 (PDP),87
https://www.lg.com/br/led-cinema/laec015-gn-awz/,Brazil,제품 상세 (PDP),81
https://www.lg.com/br/lousa-digital/32lr651cbsa/,Brazil,제품 상세 (PDP),78
https://www.lg.com/br/micro-ondas/micro-ondas-solo/ms3033dsa/,Brazil,제품 상세 (PDP),87
https://www.lg.com/br/monitores/fhd-qhd/24ml600m-b/,Brazil,제품 상세 (PDP),81
https://www.lg.com/br/pecas-e-acessorios/pecas-e-acessorios-lavanderia/ebr88910712/,Brazil,제품 상세 (PDP),77
https://www.lg.com/br/pecas-e-acessorios-de-ar-condicionado/0fzza90001t/,Brazil,제품 상세 (PDP),77
https://www.lg.com/br/pecas-e-acessorios-de-cozinha/mgz63847301/,Brazil,제품 상세 (PDP),77
https://www.lg.com/br/pecas-e-acessorios-informatica/aan30033603/,Brazil,제품 상세 (PDP),77
https://www.lg.com/br/pecas-e-acessorios-para-tv-audio/4400r-0010a/,Brazil,제품 상세 (PDP),77
https://www.lg.com/br/pecas-e-acessorios-para-tv-e-audio/agf30112010/,Brazil,제품 상세 (PDP),77
https://www.lg.com/br/projectores/cinema-em-casa/bu50nst-probeam/,Brazil,제품 상세 (PDP),81
https://www.lg.com/br/projectors/projectores-de-cinema-em-casa/bu50nst-probeam/,Brazil,제품 상세 (PDP),81
https://www.lg.com/br/projetores/bu50nst-probeam/,Brazil,제품 상세 (PDP),81
https://www.lg.com/br/qr-code/new-top-gun/wd16wnt/,Brazil,제품 상세 (PDP),61
https://www.lg.com/br/relogios-inteligentes/w100-g-watch/,Brazil,제품 상세 (PDP),77
https://www.lg.com/br/sso/oauth2/,Brazil,제품 상세 (PDP),58
https://www.lg.com/br/telas-lifestyle/objet-collection-pose/55lx1qpsa/,Brazil,제품 상세 (PDP),77
https://www.lg.com/br/telemoveis-lg/smartphones/c365/,Brazil,제품 상세 (PDP),77
https://www.lg.com/br/televisores-e-colunas-de-som/4k-uhd-tvs/55qned7ssqa/,Brazil,제품 상세 (PDP),77
https://www.lg.com/br/tvs-e-soundbars/acessorios-tv/aan75851256/,Brazil,제품 상세 (PDP),77
https://www.lg.com/br/videoconferencia-interativa/32sm5j-b/,Brazil,제품 상세 (PDP),81
https://www.lg.com/br/acessorios/pecas-e-acessorios-de-cozinha/0czzw1h007k/,Brazil,제품 상세 (PDP),77
https://www.lg.com/br/acessorios-de-computador/aan74511201/,Brazil,제품 상세 (PDP),77
https://www.lg.com/br/acessorios-para-computador/eaj65679002/,Brazil,제품 상세 (PDP),77
https://www.lg.com/br/acessorios-para-eletrodomesticos/pecas-e-acessorios-de-cozinha/0czzw1h007k/,Brazil,제품 상세 (PDP),77
https://www.lg.com/br/acionamentos-do-queimador/gh22np20/,Brazil,제품 상세 (PDP),81
https://www.lg.com/br/adegas-de-vinhos/av65/,Brazil,제품 상세 (PDP),81
https://www.lg.com/br/aparelhos-de-cozinha/6549w1s011b/,Brazil,제품 상세 (PDP),77
https://www.lg.com/br/ar-condicionado-comercial/amnw18geca0/,Brazil,제품 상세 (PDP),77
https://www.lg.com/br/ar-condicionado-comercial-leve/tr12lbop01r/,Brazil,제품 상세 (PDP),77
https://www.lg.com/br/ar-condicionado-residencial/acima-de-30000-btu-h/tr34dla4647--r/,Brazil,제품 상세 (PDP),77
https://www.lg.com/br/assinatura-digital/monitorar-parede-de-video/47lv35a-3b/,Brazil,제품 상세 (PDP),81
https://www.lg.com/br/audio/caixas-de-som-xboom/rnc9/,Brazil,제품 상세 (PDP),78
https://www.lg.com/br/computadores-portateis/gram/16z90p-g/,Brazil,제품 상세 (PDP),77
https://www.lg.com/br/digital-signage/monitor-video-wall/47lv35a-3b/,Brazil,제품 상세 (PDP),77
https://www.lg.com/br/errors/500/,Brazil,제품 상세 (PDP),62
https://www.lg.com/br/geladeiras/geladeiras-inverse/gb42gb43/,Brazil,제품 상세 (PDP),77
https://www.lg.com/br/iluminacao/d1340rw906b/,Brazil,제품 상세 (PDP),77
https://www.lg.com/br/lavandaria/styler/s3mfbn/,Brazil,제품 상세 (PDP),87
https://www.lg.com/br/lavanderia/lava-e-seca/cv9014-grab2/,Brazil,제품 상세 (PDP),78
https://www.lg.com/br/lousa-digital/43lr671c0sa/,Brazil,제품 상세 (PDP),78
https://www.lg.com/br/micro-ondas/micro-ondas-solo/ms3042ra/,Brazil,제품 상세 (PDP),77
https://www.lg.com/br/monitores/fhd-qhd/24mp400-b/,Brazil,제품 상세 (PDP),77
https://www.lg.com/br/pecas-e-acessorios/pecas-e-acessorios-lavanderia/mcq66954602/,Brazil,제품 상세 (PDP),77
https://www.lg.com/br/pecas-e-acessorios-de-ar-condicionado/2h02479n/,Brazil,제품 상세 (PDP),77
https://www.lg.com/br/pecas-e-acessorios-informatica/aan73069057/,Brazil,제품 상세 (PDP),77
https://www.lg.com/br/pecas-e-acessorios-para-tv-audio/aan30005507/,Brazil,제품 상세 (PDP),77
https://www.lg.com/br/pecas-e-acessorios-para-tv-e-audio/eaj65753806/,Brazil,제품 상세 (PDP),77
https://www.lg.com/br/projectores/cinema-em-casa/hu70la/,Brazil,제품 상세 (PDP),81
https://www.lg.com/br/projectors/projectores-de-cinema-em-casa/hu70la/,Brazil,제품 상세 (PDP),81
https://www.lg.com/br/projetores/bu50rg/,Brazil,제품 상세 (PDP),81
https://www.lg.com/br/qr-code/new-top-gun/wd18gnt/,Brazil,제품 상세 (PDP),61
https://www.lg.com/br/relogios-inteligentes/w110-g-watch-r/,Brazil,제품 상세 (PDP),77
https://www.lg.com/br/telemoveis-lg/smartphones/c570/,Brazil,제품 상세 (PDP),77
https://www.lg.com/br/televisores-e-colunas-de-som/4k-uhd-tvs/55qned80sqa/,Brazil,제품 상세 (PDP),77
https://www.lg.com/br/tvs-e-soundbars/acessorios-tv/aan75869329/,Brazil,제품 상세 (PDP),77
https://www.lg.com/br/videoconferencia-interativa/49um5n-h/,Brazil,제품 상세 (PDP),84
https://www.lg.com/br/acessorios/pecas-e-acessorios-de-cozinha/2b71732g/,Brazil,제품 상세 (PDP),77
https://www.lg.com/br/acessorios-de-computador/aan75849304/,Brazil,제품 상세 (PDP),77
https://www.lg.com/br/acessorios-para-eletrodomesticos/pecas-e-acessorios-de-cozinha/2b71732g/,Brazil,제품 상세 (PDP),77
https://www.lg.com/br/acionamentos-do-queimador/gh22ns30/,Brazil,제품 상세 (PDP),81
https://www.lg.com/br/adegas-de-vinhos/av81/,Brazil,제품 상세 (PDP),81
https://www.lg.com/br/aparelhos-de-cozinha/6549w1s013m/,Brazil,제품 상세 (PDP),77
https://www.lg.com/br/ar-condicionado-comercial/amnw24gdcr0/,Brazil,제품 상세 (PDP),77
https://www.lg.com/br/ar-condicionado-comercial-leve/tr12lbpo1o2-r/,Brazil,제품 상세 (PDP),77
https://www.lg.com/br/ar-condicionado-residencial/acima-de-30000-btu-h/tr34dla4647/,Brazil,제품 상세 (PDP),77
https://www.lg.com/br/assinatura-digital/monitorar-parede-de-video/55lv35a-3b/,Brazil,제품 상세 (PDP),81
https://www.lg.com/br/audio/caixas-de-som-xboom/stage301-abralbk/,Brazil,제품 상세 (PDP),78
https://www.lg.com/br/care-accessories/air-conditioners/filter/adq73493505/,Brazil,제품 상세 (PDP),77
https://www.lg.com/br/computadores-portateis/gram/17z90n-v-p2/,Brazil,제품 상세 (PDP),84
https://www.lg.com/br/digital-signage/monitor-video-wall/55lv35a-3b/,Brazil,제품 상세 (PDP),81
https://www.lg.com/br/geladeiras/geladeiras-inverse/gc-b569nll2/,Brazil,제품 상세 (PDP),87
https://www.lg.com/br/iluminacao/d3330rw908b/,Brazil,제품 상세 (PDP),77
https://www.lg.com/br/lavanderia/lava-e-seca/cv9014b-grab2/,Brazil,제품 상세 (PDP),78
https://www.lg.com/br/lousa-digital/43um767h0sb/,Brazil,제품 상세 (PDP),77
https://www.lg.com/br/micro-ondas/micro-ondas-solo/ms3043br/,Brazil,제품 상세 (PDP),84
https://www.lg.com/br/monitores/fhd-qhd/24ms500-b/,Brazil,제품 상세 (PDP),84
https://www.lg.com/br/pecas-e-acessorios-de-ar-condicionado/3087a10025l/,Brazil,제품 상세 (PDP),77
https://www.lg.com/br/pecas-e-acessorios-para-tv-audio/aan30005827/,Brazil,제품 상세 (PDP),77
https://www.lg.com/br/pecas-e-acessorios-para-tv-e-audio/eaj65756914/,Brazil,제품 상세 (PDP),77
https://www.lg.com/br/projectores/cinema-em-casa/hu715qw/,Brazil,제품 상세 (PDP),81
https://www.lg.com/br/projectors/projectores-de-cinema-em-casa/hu715qw/,Brazil,제품 상세 (PDP),78
https://www.lg.com/br/projetores/hu70-sh7q/,Brazil,제품 상세 (PDP),84
https://www.lg.com/br/relogios-inteligentes/w150/,Brazil,제품 상세 (PDP),77
https://www.lg.com/br/telemoveis-lg/smartphones/c660/,Brazil,제품 상세 (PDP),77
https://www.lg.com/br/televisores-e-colunas-de-som/4k-uhd-tvs/55uq7950psb/,Brazil,제품 상세 (PDP),77
https://www.lg.com/br/hotel-tv/pro-centric-smart-tv/47ws50b/,Brazil,제품 상세 (PDP),77
https://www.lg.com/br/assinatura-digital/monitor-transparente/47ts50mf/,Brazil,제품 상세 (PDP),74
https://www.lg.com/br/buying-guides/laundry-spec-library/,Brazil,구매 가이드,84
https://www.lg.com/br/buying-guides/monitor-lineup-guide/,Brazil,구매 가이드,90
https://www.lg.com/br/buying-guides/monitor-spec-library/,Brazil,구매 가이드,84
https://www.lg.com/br/buying-guides/refrigerator-spec-library/,Brazil,구매 가이드,81
https://www.lg.com/br/buying-guides/tv-lineup-guide/,Brazil,구매 가이드,87
https://www.lg.com/br/buying-guides/tv-spec-library/,Brazil,구매 가이드,81
https://www.lg.com/br/buying-guides/tv-spec-test/,Brazil,구매 가이드,77
https://www.lg.com/br/home-appliances/buying-guide/,Brazil,구매 가이드,71
https://www.lg.com/br/home-appliances/buying-guide/fridge-freezer/feature-performance/,Brazil,구매 가이드,84
https://www.lg.com/br/home-appliances/buying-guide/fridge-freezer/size-volume/,Brazil,구매 가이드,87
https://www.lg.com/br/home-appliances/buying-guide/fridge-freezer/type/,Brazil,구매 가이드,84
https://www.lg.com/br/home-appliances/buying-guide/washing-machine/feature-performance/,Brazil,구매 가이드,84
https://www.lg.com/br/home-appliances/buying-guide/washing-machine/size-capacity/,Brazil,구매 가이드,87
https://www.lg.com/br/home-appliances/buying-guide/washing-machine/type/,Brazil,구매 가이드,88
https://www.lg.com/br/televisores-e-colunas-de-som/2022/buying-guide/,Brazil,구매 가이드,71
https://www.lg.com/br/tv/2022/buying-guide/,Brazil,구매 가이드,68
https://www.lg.com/br/tvs-e-soundbars/tv-buying-guide/,Brazil,구매 가이드,77
https://www.lg.com/br/tvs-e-soundbars/tv-buying-guide/gaming-tv/,Brazil,구매 가이드,72
https://www.lg.com/br/tvs-e-soundbars/tv-buying-guide/home-cinema/,Brazil,구매 가이드,72
https://www.lg.com/br/tvs-e-soundbars/tv-buying-guide/lifestyle/,Brazil,구매 가이드,72
https://www.lg.com/br/tvs-e-soundbars/tv-buying-guide/sport-tv/,Brazil,구매 가이드,72
https://www.lg.com/br/tvs-e-soundbars/tv-buying-guide/tv-design/,Brazil,구매 가이드,72
https://www.lg.com/br/tvs-e-soundbars/tv-buying-guide/tv-size/,Brazil,구매 가이드,75
https://www.lg.com/br/tvs-e-soundbars/tv-buying-guide/tv-technology/oled-vs-qned/,Brazil,구매 가이드,75
https://www.lg.com/br/tvs-e-soundbars/tv-buying-guide/tv-technology/what-is-4k-tv/,Brazil,구매 가이드,75
https://www.lg.com/br/tvs-e-soundbars/tv-buying-guide/what-is-a-smart-tv-ai-tv/,Brazil,구매 가이드,74
https://www.lg.com/br/lg-experience/,Brazil,LG Experience,77
https://www.lg.com/br/lg-experience/caixa-de-som-para-festa/,Brazil,LG Experience,87
https://www.lg.com/br/lg-experience/dicas-uteis/,Brazil,LG Experience,63
https://www.lg.com/br/lg-experience/dicas-uteis/aspirador-vertical-ou-robo/,Brazil,LG Experience,77
https://www.lg.com/br/lg-experience/dicas-uteis/bateria-notebook/,Brazil,LG Experience,80
https://www.lg.com/br/lg-experience/dicas-uteis/bomba-calor/,Brazil,LG Experience,77
https://www.lg.com/br/lg-experience/dicas-uteis/como-limpar-sua-geladeira/,Brazil,LG Experience,80
https://www.lg.com/br/lg-experience/dicas-uteis/como-limpar-sua-lava-loucas/,Brazil,LG Experience,77
https://www.lg.com/br/lg-experience/dicas-uteis/como-manter-alimentos-frescos/,Brazil,LG Experience,80
https://www.lg.com/br/lg-experience/dicas-uteis/como-manter-ar-condicionado-limpo/,Brazil,LG Experience,80
https://www.lg.com/br/lg-experience/dicas-uteis/como-medir-tamanhos-de-tv/,Brazil,LG Experience,83
https://www.lg.com/br/lg-experience/dicas-uteis/como-usar-lava-louca/,Brazil,LG Experience,77
https://www.lg.com/br/lg-experience/dicas-uteis/dicas-cuidado-lavagem-roupas-lg-styler/,Brazil,LG Experience,77
https://www.lg.com/br/lg-experience/dicas-uteis/dicas-e-ideias-para-espacos-gamer/,Brazil,LG Experience,83
https://www.lg.com/br/lg-experience/dicas-uteis/diferenca-tvs-qned-oled/,Brazil,LG Experience,83
https://www.lg.com/br/lg-experience/dicas-uteis/escolher-lavadora-abertura-frontal-superior/,Brazil,LG Experience,83
https://www.lg.com/br/lg-experience/dicas-uteis/guia-ciberseguranca-notebook/,Brazil,LG Experience,80
https://www.lg.com/br/lg-experience/dicas-uteis/guia-compra-notebook/,Brazil,LG Experience,80
https://www.lg.com/br/lg-experience/dicas-uteis/guia-tamanhos-monitor-gamer/,Brazil,LG Experience,80
https://www.lg.com/br/lg-experience/dicas-uteis/guia-vinhos-para-iniciantes/,Brazil,LG Experience,80
https://www.lg.com/br/lg-experience/dicas-uteis/ideias-para-salas-pequenas/,Brazil,LG Experience,80
https://www.lg.com/br/lg-experience/dicas-uteis/lava-seca-inteligente-wifi-ia/,Brazil,LG Experience,80
https://www.lg.com/br/lg-experience/dicas-uteis/melhor-notebook-produtividade-ia/,Brazil,LG Experience,77
https://www.lg.com/br/lg-experience/dicas-uteis/monitor-curvo-melhor/,Brazil,LG Experience,77
https://www.lg.com/br/lg-experience/dicas-uteis/monitores-smart/,Brazil,LG Experience,80
https://www.lg.com/br/lg-experience/dicas-uteis/multitarefa-com-dois-monitores/,Brazil,LG Experience,80
https://www.lg.com/br/lg-experience/dicas-uteis/o-que-kimchi-como-armazenar/,Brazil,LG Experience,83
https://www.lg.com/br/lg-experience/dicas-uteis/presentes-tecnologicos-para-homens/,Brazil,LG Experience,83
https://www.lg.com/br/lg-experience/dicas-uteis/secadora-bomba-calor-ou-condensacao/,Brazil,LG Experience,73
https://www.lg.com/br/lg-experience/dicas-uteis/tv-ia-melhora-som-imagem/,Brazil,LG Experience,80
https://www.lg.com/br/lg-experience/dicas-uteis/tv-lg-ideal-para-voce/,Brazil,LG Experience,80
https://www.lg.com/br/lg-experience/dicas-uteis/verdade-sobre-capacidade-lavadoras/,Brazil,LG Experience,83
https://www.lg.com/br/lg-experience/guia-compras/como-escolher-projetor/,Brazil,LG Experience,77
https://www.lg.com/br/lg-experience/guia-compras/monitores-baratos/,Brazil,LG Experience,80
https://www.lg.com/br/lg-experience/historias/,Brazil,LG Experience,58
https://www.lg.com/br/lg-experience/inspiracao/,Brazil,LG Experience,65
https://www.lg.com/br/lg-experience/inspiracao/11-anos-da-lg-oled/,Brazil,LG Experience,83
https://www.lg.com/br/lg-experience/inspiracao/area-de-lazer-quarto-gamer/,Brazil,LG Experience,83
https://www.lg.com/br/lg-experience/inspiracao/automacao-residencial-casa-inteligente/,Brazil,LG Experience,83
https://www.lg.com/br/lg-experience/inspiracao/automacao-residencial-thinq/,Brazil,LG Experience,77
https://www.lg.com/br/lg-experience/inspiracao/cinema-em-familia-com-tv-lg/,Brazil,LG Experience,83
https://www.lg.com/br/lg-experience/inspiracao/design-tvs-modernas/,Brazil,LG Experience,80
https://www.lg.com/br/lg-experience/inspiracao/dispositivos-lg-para-acampamento/,Brazil,LG Experience,80
https://www.lg.com/br/lg-experience/inspiracao/home-office-lg-trabalho-remoto/,Brazil,LG Experience,77
https://www.lg.com/br/lg-experience/inspiracao/itens-essenciais-viagem/,Brazil,LG Experience,77
https://www.lg.com/br/lg-experience/inspiracao/lavagens-eficientes-ia-lg/,Brazil,LG Experience,80
https://www.lg.com/br/lg-experience/inspiracao/melhor-notebook-para-escritores/,Brazil,LG Experience,83
https://www.lg.com/br/lg-experience/inspiracao/mudancas-tecnologia/,Brazil,LG Experience,80
https://www.lg.com/br/lg-experience/inspiracao/presentes-tecnologicos-para-mulheres/,Brazil,LG Experience,77
https://www.lg.com/br/lg-experience/laboratorio-lg/,Brazil,LG Experience,63
https://www.lg.com/br/lg-experience/laboratorio-lg/como-usar-controle-smart-magic/,Brazil,LG Experience,80
https://www.lg.com/br/lg-experience/laboratorio-lg/manual-webos/,Brazil,LG Experience,77
https://www.lg.com/br/lg-experience/laboratorio-lg/melhores-soundbars-lg-para-voce/,Brazil,LG Experience,80
https://www.lg.com/br/lg-experience/laboratorio-lg/o-que-sao-smart-tvs/,Brazil,LG Experience,77
https://www.lg.com/br/lg-experience/laboratorio-lg/soundbar-ideal-para-voce-lg/,Brazil,LG Experience,83
https://www.lg.com/br/lg-experience/laboratorio-lg/soundbars-para-tvs-lg/,Brazil,LG Experience,83
https://www.lg.com/br/lg-experience/lg-lab/,Brazil,LG Experience,58
https://www.lg.com/br/lg-experience/nossas-historias/historia-das-geladeiras/,Brazil,LG Experience,80
https://www.lg.com/br/lg-experience/novidades/,Brazil,LG Experience,58
https://www.lg.com/br/lg-experience/o-que-e-uma-tv-4k/,Brazil,LG Experience,83
https://www.lg.com/br/lg-thinq/magazine/how-to-make-sure-your-home-is-ready-for-summer/,Brazil,Microsite,80
https://www.lg.com/br/qr-code/top-freezer-gn-b392plm/,Brazil,Microsite,60
https://www.lg.com/br/qr-code/top-freezer-gn-b392pqd/,Brazil,Microsite,68
https://www.lg.com/br/qr-code/top-freezer-gn-b392pxg/,Brazil,Microsite,68
https://www.lg.com/br/qr-code/top-freezer/,Brazil,Microsite,63
https://www.lg.com/br/qr-code/top-freezer/b372pfmb/,Brazil,Microsite,67
https://www.lg.com/br/qr-code/top-freezer/b372pqw2/,Brazil,Microsite,67
https://www.lg.com/br/qr-code/top-freezer/b392pxgb/,Brazil,Microsite,67
https://www.lg.com/br/qr-code/top-freezer/b452pffq/,Brazil,Microsite,63
https://www.lg.com/br/qr-code/top-gun/,Brazil,Microsite,70
https://www.lg.com/br/qr-code/top-gun/wd16wnt/,Brazil,Microsite,67
https://www.lg.com/br/qr-code/top-gun/wd18gnt/,Brazil,Microsite,67
https://www.lg.com/br/televisores-e-colunas-de-som/qned/2022/why-lg-qned-old/,Brazil,Microsite,77
https://www.lg.com/br/tvs-e-soundbars/why-lg-ai-tv/,Brazil,Microsite,62
https://www.lg.com/br/tvs-e-soundbars/why-lg-mini-rgb-evo/,Brazil,Microsite,62
https://www.lg.com/br/tvs-e-soundbars/why-lg-qned-evo/,Brazil,Microsite,62
https://www.lg.com/br/tvs-e-soundbars/why-qned-evo/,Brazil,Microsite,77
https://www.lg.com/br/tvs-soundbars/why-lg-ai-tv/,Brazil,Microsite,77
https://www.lg.com/br/tv/2023/entertainment/,Brazil,제품 카테고리 (PLP),79
https://www.lg.com/br/oledgaming/,Brazil,제품 카테고리 (PLP),62
https://www.lg.com/br/why-lgoled/cinema/,Brazil,제품 카테고리 (PLP),72
https://www.lg.com/br/tvs-soundbars/lg-ai-tv-playbook/,Brazil,제품 카테고리 (PLP),77
https://www.lg.com/br/webos-smart-tv/lg-streaming-week/,Brazil,제품 카테고리 (PLP),78
https://www.lg.com/br/tvs-e-soundbars/2024/smart/gamingandlifestyle/,Brazil,제품 카테고리 (PLP),67
https://www.lg.com/br/qual-a-melhor-tv/,Brazil,제품 카테고리 (PLP),69
https://www.lg.com/br/tvs-telas-lifestyle/,Brazil,제품 카테고리 (PLP),77
https://www.lg.com/br/televisores-e-colunas-de-som/,Brazil,제품 카테고리 (PLP),72
https://www.lg.com/br/tv/2023/smart/,Brazil,제품 카테고리 (PLP),69
https://www.lg.com/br/why-lgoled/design/,Brazil,제품 카테고리 (PLP),70
https://www.lg.com/br/why-lg-oled/sustainability/,Brazil,제품 카테고리 (PLP),72
https://www.lg.com/br/tvs-e-soundbars/2024/smart/highlights/,Brazil,제품 카테고리 (PLP),67
https://www.lg.com/br/audio/,Brazil,제품 카테고리 (PLP),80
https://www.lg.com/br/xboom/,Brazil,제품 카테고리 (PLP),77
https://www.lg.com/br/soundbars/eco-minded-soundbars/,Brazil,제품 카테고리 (PLP),76
https://www.lg.com/br/home-audio/,Brazil,제품 카테고리 (PLP),72
https://www.lg.com/br/audio-e-video/xboom/,Brazil,제품 카테고리 (PLP),70
https://www.lg.com/br/selector-de-soundbar/,Brazil,제품 카테고리 (PLP),62
https://www.lg.com/br/audio/all-soundbars/,Brazil,제품 카테고리 (PLP),86
https://www.lg.com/br/home-audio/mini-componentes/,Brazil,제품 카테고리 (PLP),76
https://www.lg.com/br/audio/caixa-de-som-bluetooth/,Brazil,제품 카테고리 (PLP),93
https://www.lg.com/br/home-audio/todo-home-audio/,Brazil,제품 카테고리 (PLP),69
https://www.lg.com/br/audio/caixas-de-som-bluetooth-para-festa-xboom/,Brazil,제품 카테고리 (PLP),79
https://www.lg.com/br/home-audio/xboom-torre-de-som/,Brazil,제품 카테고리 (PLP),76
https://www.lg.com/br/audio/caixas-de-som-portateis-xboom-go/,Brazil,제품 카테고리 (PLP),86
https://www.lg.com/br/audio/hi-fi-system/,Brazil,제품 카테고리 (PLP),79
https://www.lg.com/br/monitores/,Brazil,제품 카테고리 (PLP),74
https://www.lg.com/br/monitores/combos-monitores/,Brazil,제품 카테고리 (PLP),79
https://www.lg.com/br/monitores/monitores-ergo/,Brazil,제품 카테고리 (PLP),86
https://www.lg.com/br/monitores/monitores-pc/,Brazil,제품 카테고리 (PLP),77
https://www.lg.com/br/monitores/monitores-ultragear-oled/,Brazil,제품 카테고리 (PLP),93
https://www.lg.com/br/geladeiras/,Brazil,제품 카테고리 (PLP),74
https://www.lg.com/br/frigorificos/,Brazil,제품 카테고리 (PLP),72
https://www.lg.com/br/refrigerators/,Brazil,제품 카테고리 (PLP),73
https://www.lg.com/br/guia-compra-geladeiras/dispenser-agua-gelo-geladeiras/,Brazil,제품 카테고리 (PLP),76
https://www.lg.com/br/geladeiras/todas-geladeiras/?ec_ft_07549506=Door_Cooling,Brazil,제품 카테고리 (PLP),79
https://www.lg.com/br/frigorificos/frigorificos-altos/,Brazil,제품 카테고리 (PLP),76
https://www.lg.com/br/guia-compra-geladeiras/eficiencia-energetica-geladeiras/,Brazil,제품 카테고리 (PLP),72
https://www.lg.com/br/geladeiras/todas-geladeiras/?ec_ft_07549506=Instaview,Brazil,제품 카테고리 (PLP),79
https://www.lg.com/br/frigorificos/frigorificos-com-varias-portas/,Brazil,제품 카테고리 (PLP),76
https://www.lg.com/br/geladeiras/todas-geladeiras/?ec_ft_07549506=Lg_Thinq,Brazil,제품 카테고리 (PLP),79
https://www.lg.com/br/frigorificos/geladeiras-french-door/,Brazil,제품 카테고리 (PLP),82
https://www.lg.com/br/geladeiras/todas-geladeiras/?ec_ft_07549508=Branca,Brazil,제품 카테고리 (PLP),79
https://www.lg.com/br/geladeiras/todas-geladeiras/?ec_ft_07549508=Inox,Brazil,제품 카테고리 (PLP),82
https://www.lg.com/br/geladeiras/todas-geladeiras/?ec_ft_07549508=Preta,Brazil,제품 카테고리 (PLP),79
https://www.lg.com/br/ex-washers/,Brazil,제품 카테고리 (PLP),77
https://www.lg.com/br/lavanderia/,Brazil,제품 카테고리 (PLP),81
https://www.lg.com/br/lavanderia/lavadoras-de-roupa/,Brazil,제품 카테고리 (PLP),69
https://www.lg.com/br/lavanderia/lavadoras/,Brazil,제품 카테고리 (PLP),80
https://www.lg.com/br/lavanderia/todas-lavadoras/?ec_ft_06516755=11,Brazil,제품 카테고리 (PLP),79
https://www.lg.com/br/lavanderia/todas-lavadoras/?ec_ft_06516755=12,Brazil,제품 카테고리 (PLP),82
https://www.lg.com/br/lavanderia/todas-lavadoras/?ec_ft_06516755=13,Brazil,제품 카테고리 (PLP),82
https://www.lg.com/br/lavanderia/todas-lavadoras/?ec_ft_06516755=14,Brazil,제품 카테고리 (PLP),82
https://www.lg.com/br/lavanderia/todas-lavadoras/?ec_ft_06516755=16,Brazil,제품 카테고리 (PLP),82
https://www.lg.com/br/lavanderia/todas-lavadoras/?ec_ft_06516755=17,Brazil,제품 카테고리 (PLP),82
https://www.lg.com/br/lavanderia/todas-lavadoras/?ec_ft_06516755=18,Brazil,제품 카테고리 (PLP),82
https://www.lg.com/br/lavanderia/todas-lavadoras/?ec_ft_06516760=Black_Inox,Brazil,제품 카테고리 (PLP),82
https://www.lg.com/br/lavanderia/todas-lavadoras/?ec_ft_06516760=Branca,Brazil,제품 카테고리 (PLP),82
https://www.lg.com/br/lavanderia/todas-lavadoras/?ec_ft_06516760=Inox_Look,Brazil,제품 카테고리 (PLP),79
https://www.lg.com/br/ar-condicionado/ar-condicionado-por-que-escolher-lg/,Brazil,제품 카테고리 (PLP),66
https://www.lg.com/br/ar-condicionado-residencial/,Brazil,제품 카테고리 (PLP),80
https://www.lg.com/br/guia-compra-ar-condicionado/,Brazil,제품 카테고리 (PLP),80
https://www.lg.com/br/ar-condicionado/ar-condicionado-por-que-escolher-lg/ai-air/,Brazil,제품 카테고리 (PLP),66
https://www.lg.com/br/ar-condicionado-residencial/ar-condicionado-residencial-inverter/,Brazil,제품 카테고리 (PLP),79
https://www.lg.com/br/guia-compra-ar-condicionado/dicas-sobre-ar-condicionado/,Brazil,제품 카테고리 (PLP),77
https://www.lg.com/br/ar-condicionado/ar-condicionado-por-que-escolher-lg/artcool/,Brazil,제품 카테고리 (PLP),66
https://www.lg.com/br/ar-condicionado-residencial/dual-inverter-com-inteligencia-artificial/,Brazil,제품 카테고리 (PLP),72
https://www.lg.com/br/guia-compra-ar-condicionado/eficiencia/,Brazil,제품 카테고리 (PLP),69
https://www.lg.com/br/ar-condicionado/ar-condicionado-por-que-escolher-lg/bi-split/,Brazil,제품 카테고리 (PLP),72
https://www.lg.com/br/ar-condicionado-residencial/todos-aires-acondicionados/,Brazil,제품 카테고리 (PLP),82
https://www.lg.com/br/guia-compra-ar-condicionado/por-que-inverter/,Brazil,제품 카테고리 (PLP),69
https://www.lg.com/br/ar-condicionado/ar-condicionado-por-que-escolher-lg/compact/,Brazil,제품 카테고리 (PLP),66
https://www.lg.com/br/guia-compra-ar-condicionado/temperatura-ideal/,Brazil,제품 카테고리 (PLP),76
https://www.lg.com/br/micro-ondas/,Brazil,제품 카테고리 (PLP),84
https://www.lg.com/br/micro-ondas/discontinued/,Brazil,제품 카테고리 (PLP),66
https://www.lg.com/br/account-integration/,Brazil,제품 카테고리 (PLP),59
https://www.lg.com/br/acessorios-para-eletrodomesticos/pecas-e-acessorios-de-cozinha/,Brazil,제품 카테고리 (PLP),77
https://www.lg.com/br/ar-condicionado/ar-condicionado-por-que-escolher-lg/uniq/,Brazil,제품 카테고리 (PLP),69
https://www.lg.com/br/audio/home-theater-soundbar/,Brazil,제품 카테고리 (PLP),82
https://www.lg.com/br/avalie-sua-instalacao/,Brazil,제품 카테고리 (PLP),67
https://www.lg.com/br/avaliouganhou/,Brazil,제품 카테고리 (PLP),72
https://www.lg.com/br/best/,Brazil,제품 카테고리 (PLP),69
https://www.lg.com/br/best-new/,Brazil,제품 카테고리 (PLP),69
https://www.lg.com/br/better-life/,Brazil,제품 카테고리 (PLP),69
https://www.lg.com/br/better-life-in-kitchen/,Brazil,제품 카테고리 (PLP),72
https://www.lg.com/br/blackfriday-lg/,Brazil,제품 카테고리 (PLP),90
https://www.lg.com/br/care-accessories/air-conditioners/filter/,Brazil,제품 카테고리 (PLP),79
https://www.lg.com/br/cart/,Brazil,제품 카테고리 (PLP),76
https://www.lg.com/br/cart-redirect/,Brazil,제품 카테고리 (PLP),63
https://www.lg.com/br/ces/,Brazil,제품 카테고리 (PLP),72
https://www.lg.com/br/ces2023/aerotower-air-purifying/,Brazil,제품 카테고리 (PLP),76
https://www.lg.com/br/checkout/,Brazil,제품 카테고리 (PLP),66
https://www.lg.com/br/config/,Brazil,제품 카테고리 (PLP),59
https://www.lg.com/br/dia-das-maes/,Brazil,제품 카테고리 (PLP),76
https://www.lg.com/br/digital-signage/lousa-digital/,Brazil,제품 카테고리 (PLP),66
https://www.lg.com/br/dynamic-cart/,Brazil,제품 카테고리 (PLP),62
https://www.lg.com/br/eletrodomesticos/lg-studio/style/,Brazil,제품 카테고리 (PLP),66
https://www.lg.com/br/encontre-uma-loja/,Brazil,제품 카테고리 (PLP),78
https://www.lg.com/br/sobre-a-lg/press-media/,Brazil,Press & Media,79
https://www.lg.com/br/sobre-a-lg/press-media/5-dicas-para-escolher-a-smart-tv-ideal-para-a-sua-casa-em-2026/,Brazil,Press & Media,83
https://www.lg.com/br/sobre-a-lg/press-media/Ar-condicionado-com-inteligencia-artificial-LG/,Brazil,Press & Media,67
https://www.lg.com/br/sobre-a-lg/press-media/a-nova-era-do-lg-webos/,Brazil,Press & Media,90
https://www.lg.com/br/sobre-a-lg/press-media/ar-condicionado-com-ia-como-o-lg-dual-inverter-aprende-seus-habitos/,Brazil,Press & Media,83
https://www.lg.com/br/sobre-a-lg/press-media/ar-condicionado-lg-dual-inverter-ai-como-economizar-energia-sem-abrir-mao-do-conforto/,Brazil,Press & Media,83
https://www.lg.com/br/sobre-a-lg/press-media/ar-condicionado-lg-dual-inverter-motor-inverter-garante-mais-conforto/,Brazil,Press & Media,86
https://www.lg.com/br/sobre-a-lg/press-media/as-tecnologias-de-ar-condicionado-da-lg0/,Brazil,Press & Media,86
https://www.lg.com/br/sobre-a-lg/press-media/black-friday-tvs-oled-e-qned/,Brazil,Press & Media,83
https://www.lg.com/br/sobre-a-lg/press-media/caixa-de-som-para-carnaval/,Brazil,Press & Media,90
https://www.lg.com/br/sobre-a-lg/press-media/caixas-de-som-bluetooth-com-ai/,Brazil,Press & Media,90
https://www.lg.com/br/sobre-a-lg/press-media/casa-conectada-lg/,Brazil,Press & Media,79
https://www.lg.com/br/sobre-a-lg/press-media/celebrando-nova-fabrica-de-geladeiras-no-parana/,Brazil,Press & Media,82
https://www.lg.com/br/sobre-a-lg/press-media/climatizacao-de-ambientes-grandes-como-escolher-o-ar-condicionado-ideal/,Brazil,Press & Media,86
https://www.lg.com/br/sobre-a-lg/press-media/climatizacao-para-lojas-e-escritorios/,Brazil,Press & Media,79
https://www.lg.com/br/sobre-a-lg/press-media/como-a-tecnologia-pode-ajudar-a-desacelerar-a-rotina/,Brazil,Press & Media,83
https://www.lg.com/br/sobre-a-lg/press-media/como-alcancar-a-produtividade-maxima-com-um-monitor-ultrawide-lg/,Brazil,Press & Media,86
https://www.lg.com/br/sobre-a-lg/press-media/como-calcular-a-potencia-ideal-do-ar-condicionado/,Brazil,Press & Media,86
https://www.lg.com/br/sobre-a-lg/press-media/como-calcular-btus-por-m-e-escolher-o-ar-condicionado-ideal/,Brazil,Press & Media,79
https://www.lg.com/br/sobre-a-lg/press-media/como-escolher-a-melhor-tv-para-esportes/,Brazil,Press & Media,79
https://www.lg.com/br/sobre-a-lg/press-media/como-escolher-a-tv-ideal-para-filmes/,Brazil,Press & Media,86
https://www.lg.com/br/sobre-a-lg/press-media/como-escolher-caixa-de-som-para-ambientes-internos/,Brazil,Press & Media,86
https://www.lg.com/br/sobre-a-lg/press-media/como-escolher-o-display-profissional-ideal-para-cada-tipo-de-negocio/,Brazil,Press & Media,86
https://www.lg.com/br/sobre-a-lg/press-media/como-funciona-a-tecnologia-lg-ai-dd-e-por-que-ela-ajuda/,Brazil,Press & Media,83
https://www.lg.com/br/sobre-a-lg/press-media/como-funciona-a-tecnologia-lg-ai-dd/,Brazil,Press & Media,83
https://www.lg.com/br/sobre-a-lg/press-media/como-funciona-o-motor-inverter/,Brazil,Press & Media,83
https://www.lg.com/br/sobre-a-lg/press-media/como-gastar-menos-energia-utilizando-a-maquina-de-lavar-da-lg/,Brazil,Press & Media,86
https://www.lg.com/br/sobre-a-lg/press-media/como-manter-sua-lava-e-seca-sempre-nova/,Brazil,Press & Media,86
https://www.lg.com/br/sobre-a-lg/press-media/como-montar-setup-de-home-office/,Brazil,Press & Media,90
https://www.lg.com/br/sobre-a-lg/press-media/como-o-ar-condicionado-deixou-de-ser-o-vilao-da-conta-de-luz/,Brazil,Press & Media,86
https://www.lg.com/br/sobre-a-lg/press-media/como-reduzir-o-desperdicio-de-alimentos-geladeira-inteligente-lg/,Brazil,Press & Media,76
https://www.lg.com/br/sobre-a-lg/press-media/como-transformar-sua-sala-em-um-cinema-com-tvs-e-soundbars-lg/,Brazil,Press & Media,90
https://www.lg.com/br/sobre-a-lg/press-media/cozinha-planejada-como-escolher-geladeira-e-micro-ondas/,Brazil,Press & Media,86
https://www.lg.com/br/sobre-a-lg/press-media/da-sala-de-reuniao-ao-varejo-como-a-climatizacao-comercial/,Brazil,Press & Media,90
https://www.lg.com/br/sobre-a-lg/press-media/da-sala-de-reuniao-ao-varejo/,Brazil,Press & Media,86
https://www.lg.com/br/sobre-a-lg/press-media/dia-da-terra/,Brazil,Press & Media,70
https://www.lg.com/br/sobre-a-lg/press-media/dicas-para-usar-melhor-sua-lava-e-seca/,Brazil,Press & Media,83
https://www.lg.com/br/sobre-a-lg/press-media/diferenca-entre-qned-e-oled/,Brazil,Press & Media,86
https://www.lg.com/br/sobre-a-lg/press-media/displays-comerciais-lg/,Brazil,Press & Media,90
https://www.lg.com/br/sobre-a-lg/press-media/esclarecimento-lg-eletronics/,Brazil,Press & Media,67
https://www.lg.com/br/sobre-a-lg/press-media/geladeira-duplex-vale-a-pena/,Brazil,Press & Media,83
https://www.lg.com/br/sobre-a-lg/press-media/geladeira-lg-como-conservar-frutas-verduras-e-carnes-por-mais-tempo/,Brazil,Press & Media,83
https://www.lg.com/br/sobre-a-lg/press-media/geladeira-lg-erros-comuns-que-diminuem-a-vida-util-e-como-evitar/,Brazil,Press & Media,79
https://www.lg.com/br/sobre-a-lg/press-media/geladeira-lg-insta-viewa-a-geladeira-que-preserva-alimentos-por-mais-tempo/,Brazil,Press & Media,79
https://www.lg.com/br/sobre-a-lg/press-media/guia-completo-geladeiras/,Brazil,Press & Media,86
https://www.lg.com/br/sobre-a-lg/press-media/guia-de-compra-projetores-portateis/,Brazil,Press & Media,90
https://www.lg.com/br/sobre-a-lg/press-media/guia-lg-para-gamers/,Brazil,Press & Media,90
https://www.lg.com/br/sobre-a-lg/press-media/hdr-em-monitores-o-que-e-por-que-essa-tecnologia-melhora-a-imagem/,Brazil,Press & Media,86
https://www.lg.com/br/sobre-a-lg/press-media/inteligencia-artificial-nas-maquinas-de-lavar-lg/,Brazil,Press & Media,90
https://www.lg.com/br/sobre-a-lg/press-media/lava-e-seca-lg-guia-completo/,Brazil,Press & Media,76
https://www.lg.com/br/sobre-a-lg/press-media/lava-e-seca-lg-o-que-funciona-e-o-que-e-mito-na-lavagem-e-secagem-de-roupas/,Brazil,Press & Media,90
https://www.lg.com/br/sobre-a-lg/press-media/lg-ai-dual-inverter/,Brazil,Press & Media,73
https://www.lg.com/br/sobre-a-lg/press-media/lg-apresenta-o-ultragear-evo/,Brazil,Press & Media,86
https://www.lg.com/br/sobre-a-lg/press-media/lg-apresenta-robo-domestico/,Brazil,Press & Media,86
https://www.lg.com/br/sobre-a-lg/press-media/lg-apresentara-inovacao-em-sintonia-com-voce-na-ces-2026/,Brazil,Press & Media,83
https://www.lg.com/br/sobre-a-lg/press-media/lg-conheca-os-recursos-da-caixa-de-som-bluetooth/,Brazil,Press & Media,86
https://www.lg.com/br/sobre-a-lg/press-media/lg-dual-inverter-ai-air-quando-a-climatizacao-aprende-com-voce/,Brazil,Press & Media,79
https://www.lg.com/br/sobre-a-lg/press-media/lg-dual-inverter/,Brazil,Press & Media,90
https://www.lg.com/br/sobre-a-lg/press-media/lg-geracao-z/,Brazil,Press & Media,73
https://www.lg.com/br/sobre-a-lg/press-media/lg-inaugura-fabrica-de-geladeiras-no-parana/,Brazil,Press & Media,86
https://www.lg.com/br/sobre-a-lg/press-media/lg-leva-solucoes-hvac-a-ahr-expo-2026/,Brazil,Press & Media,86
https://www.lg.com/br/sobre-a-lg/press-media/lg-magnit-tecnologia-micro-led-para-experiencias-imersivas-em-residencias-e-empresas/,Brazil,Press & Media,67
https://www.lg.com/br/sobre-a-lg/press-media/lg-moderniza-nova-sede-da-saint-paul/,Brazil,Press & Media,86
https://www.lg.com/br/sobre-a-lg/press-media/lg-multi-v-climatizacao-inteligente-para-grandes-ambientes-com-menor-consumo-de-energia/,Brazil,Press & Media,83
https://www.lg.com/br/sobre-a-lg/press-media/lg-my-view-smart-monitor/,Brazil,Press & Media,67
https://www.lg.com/br/sobre-a-lg/press-media/lg-nacionaliza-producao-de-geladeiras-no-brasil/,Brazil,Press & Media,86
https://www.lg.com/br/sobre-a-lg/press-media/lg-procentric-cloud-hotelaria/,Brazil,Press & Media,86
https://www.lg.com/br/sobre-a-lg/press-media/lg-round-cassete/,Brazil,Press & Media,86
https://www.lg.com/br/sobre-a-lg/press-media/lg-thinq-o-que-e-e-como-a-casa-inteligente-lg-facilita-a-rotina/,Brazil,Press & Media,83
https://www.lg.com/br/sobre-a-lg/press-media/lg-thinq/,Brazil,Press & Media,70
https://www.lg.com/br/sobre-a-lg/press-media/lg-tvs-monitores-gamer/,Brazil,Press & Media,82
https://www.lg.com/br/sobre-a-lg/press-media/lg-ultragear-24g411a-b-monitor-gamer-de-144hz-e-1ms-para-jogos-competitivos/,Brazil,Press & Media,86
https://www.lg.com/br/sobre-a-lg/press-media/lg-ultragear-45/,Brazil,Press & Media,86
https://www.lg.com/br/sobre-a-lg/press-media/lg-ultragear-o-que-um-monitor-gamer-precisa-ter-para-conquistar-o-publico-que-joga/,Brazil,Press & Media,90
https://www.lg.com/br/sobre-a-lg/press-media/lg-ultragear-o-que-um-monitor-gamer-precisa-ter/,Brazil,Press & Media,90
https://www.lg.com/br/sobre-a-lg/press-media/lg-washtower/,Brazil,Press & Media,86
https://www.lg.com/br/sobre-a-lg/press-media/lg-webOS/,Brazil,Press & Media,70
https://www.lg.com/br/sobre-a-lg/press-media/lg-xboom-ces-2026-bluetooth-ai-sound-karaoke-som-adaptativo/,Brazil,Press & Media,86
https://www.lg.com/br/sobre-a-lg/press-media/lg-xboom-por-que-se-tornaram-protagonistas-das-festas-no-brasil/,Brazil,Press & Media,83
https://www.lg.com/br/sobre-a-lg/press-media/lg-xboom/,Brazil,Press & Media,86
https://www.lg.com/br/sobre-a-lg/press-media/lifes-good-tecnologia-gestao-de-tempo-bem-estar/,Brazil,Press & Media,86
https://www.lg.com/br/sobre-a-lg/press-media/meta-do-ano-novo/,Brazil,Press & Media,76
https://www.lg.com/br/sobre-a-lg/press-media/micro-ondas-alem-do-esquentar/,Brazil,Press & Media,83
https://www.lg.com/br/sobre-a-lg/press-media/mitos-e-verdades-sobre-micro-ondas/,Brazil,Press & Media,83
https://www.lg.com/br/sobre-a-lg/press-media/monitor-para-edicao-de-foto-e-video-profissional/,Brazil,Press & Media,90
https://www.lg.com/br/sobre-a-lg/press-media/monitor-touch-lg-swing/,Brazil,Press & Media,86
https://www.lg.com/br/sobre-a-lg/press-media/monitores-gamers-lg-ultragear/,Brazil,Press & Media,90
https://www.lg.com/br/sobre-a-lg/press-media/monitores-gamers/,Brazil,Press & Media,83
https://www.lg.com/br/sobre-a-lg/press-media/monitores-medicos-lg-tecnologia-que-aumenta-a-precisao/,Brazil,Press & Media,90
https://www.lg.com/br/sobre-a-lg/press-media/o-papel-das-telas-profissionais-no-futuro-das-cidades-inteligentes/,Brazil,Press & Media,70
https://www.lg.com/br/sobre-a-lg/press-media/o-que-e-aidd-nas-lava-e-secas-lg/,Brazil,Press & Media,83
https://www.lg.com/br/sobre-a-lg/press-media/o-que-e-qned-e-por-que-a-tecnologia-das-tvs-lg-entrega-brilho-superior/,Brazil,Press & Media,86
https://www.lg.com/br/sobre-a-lg/press-media/o-que-e-qned-e-qned-evo/,Brazil,Press & Media,86
https://www.lg.com/br/sobre-a-lg/press-media/o-que-e-qned/,Brazil,Press & Media,86
https://www.lg.com/br/sobre-a-lg/press-media/o-que-pode-colocar-na-porta-da-geladeira/,Brazil,Press & Media,86
https://www.lg.com/br/sobre-a-lg/press-media/paineis-profissionais-led/,Brazil,Press & Media,86
https://www.lg.com/br/sobre-a-lg/press-media/por-que-o-audio-e-o-proximo-passo-para-evoluir-sua-experiencia-com-a-tv/,Brazil,Press & Media,86
https://www.lg.com/br/sobre-a-lg/press-media/por-que-o-cassete-1-via/,Brazil,Press & Media,86
https://www.lg.com/br/sobre-a-lg/press-media/porque-escolher-lg-magnit-para-paineis-de-led/,Brazil,Press & Media,86
https://www.lg.com/br/sobre-a-lg/press-media/porque-tv-oled-oferece-melhor-imagem/,Brazil,Press & Media,86
https://www.lg.com/br/suporte/,Brazil,Support - 일반,86
https://www.lg.com/br/suporte/additional-suporte/,Brazil,Support - 일반,63
https://www.lg.com/br/suporte/additional-suporte/lg-thinq/,Brazil,Support - 일반,85
https://www.lg.com/br/suporte/ajuda-artigos/,Brazil,Support - 일반,85
https://www.lg.com/br/suporte/anuncios/,Brazil,Support - 일반,79
"https://www.lg.com/br/suporte/anuncios/Aviso--Notifica--o-sobre-a-descontinua--o-dos-servi-os-de-Atualiza--o-de-Software-para-Celulares-LG-Electronics--FOTA-,-Update-Center-e-LG-Bridge/",Brazil,Support - 일반,74
https://www.lg.com/br/suporte/anuncios/Aviso-sobre-a-interrup--o-dos-servi-os-da-AccuWeather/,Brazil,Support - 일반,78
https://www.lg.com/br/suporte/anuncios/BRNTC190503124761/,Brazil,Support - 일반,79
https://www.lg.com/br/suporte/anuncios/BRNTC20210630151390/,Brazil,Support - 일반,78
https://www.lg.com/br/suporte/anuncios/BRNTC20220310152110/,Brazil,Support - 일반,74
https://www.lg.com/br/suporte/anuncios/BRNTC20220406152204/,Brazil,Support - 일반,74
https://www.lg.com/br/suporte/anuncios/BRNTC20220614152642/,Brazil,Support - 일반,78
https://www.lg.com/br/suporte/anuncios/BRNTC20221019153140/,Brazil,Support - 일반,78
https://www.lg.com/br/suporte/anuncios/BRNTC20230503153722/,Brazil,Support - 일반,78
https://www.lg.com/br/suporte/anuncios/BRNTC20230503153723/,Brazil,Support - 일반,78
https://www.lg.com/br/suporte/anuncios/BRNTC20231109154400/,Brazil,Support - 일반,78
https://www.lg.com/br/suporte/anuncios/aviso-de-encerramento-dos-servicos/,Brazil,Support - 일반,74
https://www.lg.com/br/suporte/anuncios/notice-of-spotify-service-termination/,Brazil,Support - 일반,74
https://www.lg.com/br/suporte/anuncios/notice-of-termination-of-the-services-of-gracenote-music-id-video-id-eyeq-epg-for-blu-ray-player-blu-ray-home-theater-system-will-no-longer-be-available/,Brazil,Support - 일반,74
https://www.lg.com/br/suporte/artigos-pesquisa/,Brazil,Support - 일반,78
https://www.lg.com/br/suporte/assistencia-tecnica-lg/,Brazil,Support - 일반,75
https://www.lg.com/br/suporte/assistencia-tecnica/,Brazil,Support - 일반,67
https://www.lg.com/br/suporte/b2b/checklist-paineis-led/,Brazil,Support - 일반,67
https://www.lg.com/br/suporte/b2b/termo-conferencia-instalacao/,Brazil,Support - 일반,70
https://www.lg.com/br/suporte/biblioteca-suporte-tecnico/,Brazil,Support - 일반,74
https://www.lg.com/br/suporte/biblioteca-videos-lg/,Brazil,Support - 일반,70
https://www.lg.com/br/suporte/biblioteca-videos/,Brazil,Support - 일반,70
https://www.lg.com/br/suporte/brindes-como-usar/,Brazil,Support - 일반,67
https://www.lg.com/br/suporte/coleta-seletiva/,Brazil,Support - 일반,86
https://www.lg.com/br/suporte/compra-direta/,Brazil,Support - 일반,67
https://www.lg.com/br/suporte/compre-pecas-acessorios/,Brazil,Support - 일반,74
https://www.lg.com/br/suporte/digital/,Brazil,Support - 일반,63
https://www.lg.com/br/suporte/distribuidores/,Brazil,Support - 일반,67
https://www.lg.com/br/suporte/distribuidores1/,Brazil,Support - 일반,70
https://www.lg.com/br/suporte/error-pages/,Brazil,Support - 일반,67
https://www.lg.com/br/suporte/error-pages/down-time-check/,Brazil,Support - 일반,67
https://www.lg.com/br/suporte/error-pages/down-time-check0/,Brazil,Support - 일반,59
https://www.lg.com/br/suporte/fale-conosco-b2b/,Brazil,Support - 일반,67
https://www.lg.com/br/suporte/fale-conosco/,Brazil,Support - 일반,82
https://www.lg.com/br/suporte/fale-conosco/anexar-documento/,Brazil,Support - 일반,89
https://www.lg.com/br/suporte/fale-conosco/anexar-documento/failure/,Brazil,Support - 일반,74
https://www.lg.com/br/suporte/fale-conosco/anexar-documento/success/,Brazil,Support - 일반,70
https://www.lg.com/br/suporte/fale-conosco/email-to-ceo/,Brazil,Support - 일반,74
https://www.lg.com/br/suporte/fale-conosco/email-to-ceo/failure/,Brazil,Support - 일반,70
https://www.lg.com/br/suporte/fale-conosco/email-to-ceo/success/,Brazil,Support - 일반,70
https://www.lg.com/br/suporte/fale-conosco/email/,Brazil,Support - 일반,74
https://www.lg.com/br/suporte/fale-conosco/email/failure/,Brazil,Support - 일반,70
https://www.lg.com/br/suporte/fale-conosco/email/success/,Brazil,Support - 일반,70
https://www.lg.com/br/suporte/fale-conosco/fale-conosco1/,Brazil,Support - 일반,63
https://www.lg.com/br/suporte/fale-conosco/index/,Brazil,Support - 일반,74
https://www.lg.com/br/suporte/fale-conosco/inquiry-status/,Brazil,Support - 일반,74
https://www.lg.com/br/suporte/fale-conosco/inquiry-status/failure/,Brazil,Support - 일반,70
https://www.lg.com/br/suporte/fale-conosco/inquiry-status/success/,Brazil,Support - 일반,85
https://www.lg.com/br/suporte/fale-conosco/localizar-assistencia-tecnica/,Brazil,Support - 일반,82
https://www.lg.com/br/suporte/fale-conosco/pesquisa-web/,Brazil,Support - 일반,78
https://www.lg.com/br/suporte/fale-conosco/pesquisa-web/failure/,Brazil,Support - 일반,70
https://www.lg.com/br/suporte/fale-conosco/pesquisa-web/success/,Brazil,Support - 일반,70
https://www.lg.com/br/suporte/garantia-estendida-old/,Brazil,Support - 일반,89
https://www.lg.com/br/suporte/garantia-estendida-old/contato/,Brazil,Support - 일반,70
https://www.lg.com/br/suporte/garantia-estendida-popup/,Brazil,Support - 일반,89
https://www.lg.com/br/suporte/garantia-estendida-tv/,Brazil,Support - 일반,89
https://www.lg.com/br/suporte/garantia-estendida-tv/contato/,Brazil,Support - 일반,70
https://www.lg.com/br/suporte/garantia-estendida/,Brazil,Support - 일반,83
https://www.lg.com/br/suporte/garantia-estendida/contato/,Brazil,Support - 일반,70
https://www.lg.com/br/suporte/garantia/,Brazil,Support - 일반,89
https://www.lg.com/br/suporte/ia-troubleshooting/,Brazil,Support - 일반,70
https://www.lg.com/br/suporte/ia-troubleshooting/10/,Brazil,Support - 일반,70
https://www.lg.com/br/suporte/ia-troubleshooting/11/,Brazil,Support - 일반,70
https://www.lg.com/br/suporte/ia-troubleshooting/12/,Brazil,Support - 일반,70
https://www.lg.com/br/suporte/ia-troubleshooting/13/,Brazil,Support - 일반,70
https://www.lg.com/br/suporte/ia-troubleshooting/14/,Brazil,Support - 일반,70
https://www.lg.com/br/suporte/ia-troubleshooting/15/,Brazil,Support - 일반,70
https://www.lg.com/br/suporte/ia-troubleshooting/2/,Brazil,Support - 일반,70
https://www.lg.com/br/suporte/ia-troubleshooting/3/,Brazil,Support - 일반,70
https://www.lg.com/br/suporte/ia-troubleshooting/4/,Brazil,Support - 일반,70
https://www.lg.com/br/suporte/ia-troubleshooting/5/,Brazil,Support - 일반,70
https://www.lg.com/br/suporte/ia-troubleshooting/6/,Brazil,Support - 일반,70
https://www.lg.com/br/suporte/ia-troubleshooting/7/,Brazil,Support - 일반,70
https://www.lg.com/br/suporte/ia-troubleshooting/8/,Brazil,Support - 일반,70
https://www.lg.com/br/suporte/ia-troubleshooting/9/,Brazil,Support - 일반,70
https://www.lg.com/br/suporte/instala-plus-club/,Brazil,Support - 일반,74
https://www.lg.com/br/suporte/instalacao-ac/,Brazil,Support - 일반,78
https://www.lg.com/br/suporte/instalacao-ac/contato/,Brazil,Support - 일반,70
https://www.lg.com/br/suporte/instalacao-av/,Brazil,Support - 일반,74
https://www.lg.com/br/suporte/instalacao-microondas/,Brazil,Support - 일반,78
https://www.lg.com/br/suporte/instalacao-refrigeracao/,Brazil,Support - 일반,78
https://www.lg.com/br/suporte/instalacao-refrigeracao/contato/,Brazil,Support - 일반,70
https://www.lg.com/br/suporte/instalacao-tv/,Brazil,Support - 일반,81
https://www.lg.com/br/suporte/lg-plus/,Brazil,Support - 일반,78
https://www.lg.com/br/suporte/lg-plus/contato/,Brazil,Support - 일반,63
https://www.lg.com/br/suporte/lg-termos-instalacao/,Brazil,Support - 일반,78
https://www.lg.com/br/suporte/lg-termos-instalacao/contato/,Brazil,Support - 일반,70
https://www.lg.com/br/suporte/lgpd/,Brazil,Support - 일반,74
https://www.lg.com/br/suporte/lgpd/failed/,Brazil,Support - 일반,59
https://www.lg.com/br/suporte/lgpd/success/,Brazil,Support - 일반,59
https://www.lg.com/br/suporte/loja-online-lg/,Brazil,Support - 일반,82
https://www.lg.com/br/suporte/suporte-ao-producto/solucionar-problemas/help-library/cs-CT52001752-20155377723056,Brazil,Support - Troubleshoot,75
https://www.lg.com/br/suporte/suporte-ao-producto/solucionar-problemas/help-library/cs-CT52001755-20155410116910,Brazil,Support - Troubleshoot,75
https://www.lg.com/br/suporte/suporte-ao-producto/solucionar-problemas/help-library/cs-CT52001752-20155130448529,Brazil,Support - Troubleshoot,75
https://www.lg.com/br/suporte/suporte-ao-producto/solucionar-problemas/help-library/cs-CT52001753-20155368587101,Brazil,Support - Troubleshoot,75
https://www.lg.com/br/suporte/suporte-ao-producto/solucionar-problemas/help-library/cs-CT52001752-20155006056176,Brazil,Support - Troubleshoot,75
https://www.lg.com/br/suporte/suporte-ao-producto/solucionar-problemas/help-library/cs-CT52001753-20155299537900,Brazil,Support - Troubleshoot,75
https://www.lg.com/br/suporte/suporte-ao-producto/solucionar-problemas/help-library/cs-CT52001754-20155060947893,Brazil,Support - Troubleshoot,75
https://www.lg.com/br/suporte/suporte-ao-producto/solucionar-problemas/help-library/cs-CT52001753-20155103100764,Brazil,Support - Troubleshoot,75
https://www.lg.com/br/suporte/suporte-ao-producto/solucionar-problemas/help-library/cs-CT52001753-20155295256524,Brazil,Support - Troubleshoot,75
https://www.lg.com/br/suporte/suporte-ao-producto/solucionar-problemas/help-library/cs-CT52001755-20155311249316,Brazil,Support - Troubleshoot,75
https://www.lg.com/br/suporte/suporte-ao-producto/solucionar-problemas/help-library/cs-CT52001755-20155113393089,Brazil,Support - Troubleshoot,75
https://www.lg.com/br/suporte/suporte-ao-producto/solucionar-problemas/help-library/cs-CT52001753-20155004255324,Brazil,Support - Troubleshoot,75
https://www.lg.com/br/suporte/suporte-ao-producto/solucionar-problemas/help-library/cs-CT52001755-20155311406810,Brazil,Support - Troubleshoot,75
https://www.lg.com/br/suporte/suporte-ao-producto/solucionar-problemas/help-library/cs-CT52001753-20155101730332,Brazil,Support - Troubleshoot,75
https://www.lg.com/br/suporte/suporte-ao-producto/solucionar-problemas/help-library/cs-CT52001753-20155105958098,Brazil,Support - Troubleshoot,75
https://www.lg.com/br/suporte/suporte-ao-producto/solucionar-problemas/help-library/cs-CT52001753-20155265324069,Brazil,Support - Troubleshoot,75
https://www.lg.com/br/suporte/suporte-ao-producto/solucionar-problemas/help-library/cs-CT52001755-20155412191893,Brazil,Support - Troubleshoot,75
https://www.lg.com/br/suporte/suporte-ao-producto/solucionar-problemas/help-library/cs-CT52001753-20155301961117,Brazil,Support - Troubleshoot,75
https://www.lg.com/br/suporte/suporte-ao-producto/solucionar-problemas/help-library/cs-CT52001755-20155268426942,Brazil,Support - Troubleshoot,75
https://www.lg.com/br/suporte/suporte-ao-producto/solucionar-problemas/help-library/cs-CT52001753-20155027711381,Brazil,Support - Troubleshoot,75
https://www.lg.com/br/suporte/suporte-ao-producto/solucionar-problemas/help-library/cs-CT52001755-20155410408261,Brazil,Support - Troubleshoot,75
https://www.lg.com/br/suporte/suporte-ao-producto/solucionar-problemas/help-library/cs-CT20096004-20154988831660,Brazil,Support - Troubleshoot,75
https://www.lg.com/br/suporte/suporte-ao-producto/solucionar-problemas/help-library/cs-CT52001755-20155154193609,Brazil,Support - Troubleshoot,75
https://www.lg.com/br/suporte/suporte-ao-producto/solucionar-problemas/help-library/cs-CT52001755-20155409997819,Brazil,Support - Troubleshoot,75
https://www.lg.com/br/suporte/suporte-ao-producto/solucionar-problemas/help-library/cs-CT52001753-20155092740759,Brazil,Support - Troubleshoot,75
https://www.lg.com/br/suporte/suporte-ao-producto/solucionar-problemas/help-library/cs-CT52001752-20154996625603,Brazil,Support - Troubleshoot,75
https://www.lg.com/br/suporte/suporte-ao-producto/solucionar-problemas/help-library/cs-CT52001753-20155198573106,Brazil,Support - Troubleshoot,75
https://www.lg.com/br/suporte/suporte-ao-producto/solucionar-problemas/help-library/cs-CT52001752-20155051198214,Brazil,Support - Troubleshoot,75
https://www.lg.com/br/suporte/suporte-ao-producto/solucionar-problemas/help-library/cs-CT52001753-20155352261629,Brazil,Support - Troubleshoot,75
https://www.lg.com/br/suporte/suporte-ao-producto/solucionar-problemas/help-library/cs-CT52001755-20155115722420,Brazil,Support - Troubleshoot,75
https://www.lg.com/br/suporte/suporte-ao-producto/solucionar-problemas/help-library/cs-CT52001753-20155118242869,Brazil,Support - Troubleshoot,75
https://www.lg.com/br/suporte/suporte-ao-producto/solucionar-problemas/help-library/cs-CT52001752-20155019546528,Brazil,Support - Troubleshoot,75
https://www.lg.com/br/suporte/suporte-ao-producto/solucionar-problemas/help-library/cs-CT52001752-20155311283379,Brazil,Support - Troubleshoot,75
https://www.lg.com/br/suporte/suporte-ao-producto/solucionar-problemas/help-library/cs-CT52001755-20155316511573,Brazil,Support - Troubleshoot,75
https://www.lg.com/br/suporte/suporte-ao-producto/solucionar-problemas/help-library/cs-CT52001755-20155140885484,Brazil,Support - Troubleshoot,75
https://www.lg.com/br/suporte/suporte-ao-producto/solucionar-problemas/help-library/cs-CT00001143-20155198998500,Brazil,Support - Troubleshoot,75
https://www.lg.com/br/suporte/suporte-ao-producto/solucionar-problemas/help-library/cs-CT52001753-20155102954050,Brazil,Support - Troubleshoot,75
https://www.lg.com/br/suporte/suporte-ao-producto/solucionar-problemas/help-library/cs-CT52001753-20155299041485,Brazil,Support - Troubleshoot,75
https://www.lg.com/br/suporte/suporte-ao-producto/solucionar-problemas/help-library/cs-CT52001755-20155410263463,Brazil,Support - Troubleshoot,75
https://www.lg.com/br/suporte/suporte-ao-producto/solucionar-problemas/help-library/cs-CT52001753-20155048219090,Brazil,Support - Troubleshoot,75
https://www.lg.com/br/suporte/suporte-ao-producto/solucionar-problemas/help-library/cs-CT00001143-20155199001924,Brazil,Support - Troubleshoot,75
https://www.lg.com/br/suporte/suporte-ao-producto/solucionar-problemas/help-library/cs-CT52001752-20155105902915,Brazil,Support - Troubleshoot,75
https://www.lg.com/br/suporte/suporte-ao-producto/solucionar-problemas/help-library/cs-CT52001752-20154967823945,Brazil,Support - Troubleshoot,75
https://www.lg.com/br/suporte/suporte-ao-producto/solucionar-problemas/help-library/cs-CT52001753-20155101731919,Brazil,Support - Troubleshoot,75
https://www.lg.com/br/suporte/suporte-ao-producto/solucionar-problemas/help-library/cs-CT20096065-20155048192810,Brazil,Support - Troubleshoot,75
https://www.lg.com/br/suporte/suporte-ao-producto/solucionar-problemas/help-library/cs-CT52001753-20155128325127,Brazil,Support - Troubleshoot,75
https://www.lg.com/br/suporte/suporte-ao-producto/solucionar-problemas/help-library/cs-CT52001755-20155181429929,Brazil,Support - Troubleshoot,75
https://www.lg.com/br/suporte/suporte-ao-producto/solucionar-problemas/help-library/cs-CT20096065-20155060989050,Brazil,Support - Troubleshoot,75
https://www.lg.com/br/suporte/suporte-ao-producto/solucionar-problemas/help-library/cs-CT00001143-20155117736320,Brazil,Support - Troubleshoot,75
https://www.lg.com/br/suporte/suporte-ao-producto/solucionar-problemas/help-library/cs-CT52001752-20155379630500,Brazil,Support - Troubleshoot,75
https://www.lg.com/br/suporte/suporte-ao-producto/solucionar-problemas/help-library/cs-CT52001754-20155198992884,Brazil,Support - Troubleshoot,75
https://www.lg.com/br/suporte/suporte-ao-producto/solucionar-problemas/help-library/cs-CT52001755-20155021168163,Brazil,Support - Troubleshoot,75
https://www.lg.com/br/suporte/suporte-ao-producto/solucionar-problemas/help-library/cs-CT52001753-20155148966894,Brazil,Support - Troubleshoot,75
https://www.lg.com/br/suporte/suporte-ao-producto/solucionar-problemas/help-library/cs-CT52001755-20155311266177,Brazil,Support - Troubleshoot,75
https://www.lg.com/br/suporte/suporte-ao-producto/solucionar-problemas/help-library/cs-CT52001753-20155027837442,Brazil,Support - Troubleshoot,75
https://www.lg.com/br/suporte/suporte-ao-producto/solucionar-problemas/help-library/cs-CT52001753-20155103113569,Brazil,Support - Troubleshoot,75
https://www.lg.com/br/suporte/suporte-ao-producto/solucionar-problemas/help-library/cs-CT52001757-20155019531320,Brazil,Support - Troubleshoot,75
https://www.lg.com/br/suporte/suporte-ao-producto/solucionar-problemas/help-library/cs-CT52001755-20155029351311,Brazil,Support - Troubleshoot,75
https://www.lg.com/br/suporte/suporte-ao-producto/solucionar-problemas/help-library/cs-CT52001754-20155017815919,Brazil,Support - Troubleshoot,75
https://www.lg.com/br/suporte/suporte-ao-producto/solucionar-problemas/help-library/cs-CT52001754-20155184086222,Brazil,Support - Troubleshoot,75
https://www.lg.com/br/suporte/suporte-ao-producto/solucionar-problemas/help-library/cs-CT52001753-20155101736965,Brazil,Support - Troubleshoot,75
https://www.lg.com/br/suporte/suporte-ao-producto/solucionar-problemas/help-library/cs-CT52001753-20155135974850,Brazil,Support - Troubleshoot,75
https://www.lg.com/br/suporte/suporte-ao-producto/solucionar-problemas/help-library/cs-CT52001753-20155114219147,Brazil,Support - Troubleshoot,75
https://www.lg.com/br/suporte/suporte-ao-producto/solucionar-problemas/help-library/cs-CT52001754-20155114025938,Brazil,Support - Troubleshoot,75
https://www.lg.com/br/suporte/suporte-ao-producto/solucionar-problemas/help-library/cs-CT52001755-20155268093502,Brazil,Support - Troubleshoot,75
https://www.lg.com/br/suporte/suporte-ao-producto/solucionar-problemas/help-library/cs-CT52001753-20155268066907,Brazil,Support - Troubleshoot,75
https://www.lg.com/br/suporte/suporte-ao-producto/solucionar-problemas/help-library/cs-CT52001753-20155048206919,Brazil,Support - Troubleshoot,75
https://www.lg.com/br/suporte/suporte-ao-producto/solucionar-problemas/help-library/cs-CT52001755-20155021553887,Brazil,Support - Troubleshoot,75
https://www.lg.com/br/suporte/suporte-ao-producto/solucionar-problemas/help-library/cs-CT52001755-20155114292442,Brazil,Support - Troubleshoot,75
https://www.lg.com/br/suporte/suporte-ao-producto/solucionar-problemas/help-library/cs-CT52001753-20155272213637,Brazil,Support - Troubleshoot,75
https://www.lg.com/br/suporte/suporte-ao-producto/solucionar-problemas/help-library/cs-CT52001753-20155295255845,Brazil,Support - Troubleshoot,75
https://www.lg.com/br/suporte/suporte-ao-producto/solucionar-problemas/help-library/cs-CT52001752-20155029323058,Brazil,Support - Troubleshoot,75
https://www.lg.com/br/suporte/suporte-ao-producto/solucionar-problemas/help-library/cs-CT52001753-20155094148906,Brazil,Support - Troubleshoot,75
https://www.lg.com/br/suporte/suporte-ao-producto/solucionar-problemas/help-library/cs-CT52001755-20155269138873,Brazil,Support - Troubleshoot,75
https://www.lg.com/br/suporte/suporte-ao-producto/solucionar-problemas/help-library/cs-CT52001753-20155102983209,Brazil,Support - Troubleshoot,75
https://www.lg.com/br/suporte/suporte-ao-producto/solucionar-problemas/help-library/cs-CT52001753-20155251419787,Brazil,Support - Troubleshoot,75
https://www.lg.com/br/suporte/suporte-ao-producto/solucionar-problemas/help-library/cs-CT52001753-20155209282919,Brazil,Support - Troubleshoot,75
https://www.lg.com/br/suporte/suporte-ao-producto/solucionar-problemas/help-library/cs-CT52001753-20155255029878,Brazil,Support - Troubleshoot,75
https://www.lg.com/br/suporte/suporte-ao-producto/solucionar-problemas/help-library/cs-CT52001754-20155342673493,Brazil,Support - Troubleshoot,75
https://www.lg.com/br/suporte/suporte-ao-producto/solucionar-problemas/help-library/cs-CT52001755-20155052624745,Brazil,Support - Troubleshoot,75
https://www.lg.com/br/suporte/suporte-ao-producto/solucionar-problemas/help-library/cs-CT52001755-20155379610835,Brazil,Support - Troubleshoot,75
https://www.lg.com/br/suporte/suporte-ao-producto/solucionar-problemas/help-library/cs-CT52001752-20155155365061,Brazil,Support - Troubleshoot,75
https://www.lg.com/br/suporte/suporte-ao-producto/solucionar-problemas/help-library/cs-CT52001757-20155063963191,Brazil,Support - Troubleshoot,75
https://www.lg.com/br/suporte/suporte-ao-producto/solucionar-problemas/help-library/cs-CT00001142-20155219509778,Brazil,Support - Troubleshoot,75
https://www.lg.com/br/suporte/suporte-ao-producto/solucionar-problemas/help-library/cs-CT52001753-20155114037815,Brazil,Support - Troubleshoot,75
https://www.lg.com/br/suporte/suporte-ao-producto/solucionar-problemas/help-library/cs-CT52001753-20155379391305,Brazil,Support - Troubleshoot,75
https://www.lg.com/br/suporte/suporte-ao-producto/solucionar-problemas/help-library/cs-CT52001752-20155379919436,Brazil,Support - Troubleshoot,75
https://www.lg.com/br/suporte/suporte-ao-producto/solucionar-problemas/help-library/cs-CT52001755-20155115744482,Brazil,Support - Troubleshoot,75
https://www.lg.com/br/suporte/suporte-ao-producto/solucionar-problemas/help-library/cs-CT52001753-20155348063145,Brazil,Support - Troubleshoot,75
https://www.lg.com/br/suporte/suporte-ao-producto/solucionar-problemas/help-library/cs-CT52001753-20155297258424,Brazil,Support - Troubleshoot,75
https://www.lg.com/br/suporte/suporte-ao-producto/solucionar-problemas/help-library/cs-CT52001755-20155113410659,Brazil,Support - Troubleshoot,75
https://www.lg.com/br/suporte/suporte-ao-producto/solucionar-problemas/help-library/cs-CT52001752-20155146794151,Brazil,Support - Troubleshoot,75
https://www.lg.com/br/suporte/suporte-ao-producto/solucionar-problemas/help-library/cs-CT20096065-20155048198005,Brazil,Support - Troubleshoot,75
https://www.lg.com/br/suporte/suporte-ao-producto/solucionar-problemas/help-library/cs-CT52001753-20155065332448,Brazil,Support - Troubleshoot,75
https://www.lg.com/br/suporte/suporte-ao-producto/solucionar-problemas/help-library/cs-CT52001755-20155047768488,Brazil,Support - Troubleshoot,75
https://www.lg.com/br/suporte/suporte-ao-producto/solucionar-problemas/help-library/cs-CT52001753-20155380012959,Brazil,Support - Troubleshoot,75
https://www.lg.com/br/suporte/suporte-ao-producto/solucionar-problemas/help-library/cs-CT52001753-20155102932918,Brazil,Support - Troubleshoot,75
https://www.lg.com/br/suporte/suporte-ao-producto/solucionar-problemas/help-library/cs-CT52001753-20155377739214,Brazil,Support - Troubleshoot,75
https://www.lg.com/br/suporte/suporte-ao-producto/solucionar-problemas/help-library/cs-CT52001755-20155410031823,Brazil,Support - Troubleshoot,75
https://www.lg.com/br/suporte/suporte-ao-producto/solucionar-problemas/help-library/cs-CT52001755-20155331409482,Brazil,Support - Troubleshoot,75
https://www.lg.com/ca_en/tvs/100qned85-how-to-videos/,Canada,제품 상세 (PDP),58
https://www.lg.com/ca_en/tv-soundbars/4k-uhd-tvs/,Canada,제품 상세 (PDP),87
https://www.lg.com/ca_en/tv-by-resolution/8k-tvs/,Canada,제품 상세 (PDP),76
https://www.lg.com/ca_en/tv-soundbars/4k-uhd-tvs/105uc9/,Canada,제품 상세 (PDP),77
https://www.lg.com/ca_en/tv-soundbars/4k-uhd-tvs/43lk5400bua/,Canada,제품 상세 (PDP),77
https://www.lg.com/ca_en/tv-soundbars/4k-uhd-tvs/43ua7000pub/,Canada,제품 상세 (PDP),81
https://www.lg.com/ca_en/tv-soundbars/4k-uhd-tvs/43ua7500zua/,Canada,제품 상세 (PDP),81
https://www.lg.com/ca_en/tv-soundbars/4k-uhd-tvs/43ua7700pub/,Canada,제품 상세 (PDP),81
https://www.lg.com/ca_en/tv-soundbars/4k-uhd-tvs/43ua7900yua/,Canada,제품 상세 (PDP),81
https://www.lg.com/ca_en/tv-soundbars/4k-uhd-tvs/43uk6090pua/,Canada,제품 상세 (PDP),77
https://www.lg.com/ca_en/tv-soundbars/4k-uhd-tvs/43uk6300bub/,Canada,제품 상세 (PDP),77
https://www.lg.com/ca_en/tv-soundbars/4k-uhd-tvs/43uk6500aua/,Canada,제품 상세 (PDP),77
https://www.lg.com/ca_en/tv-soundbars/4k-uhd-tvs/43um6910pua/,Canada,제품 상세 (PDP),77
https://www.lg.com/ca_en/tv-soundbars/4k-uhd-tvs/43um7300aue/,Canada,제품 상세 (PDP),77
https://www.lg.com/ca_en/tv-soundbars/4k-uhd-tvs/43un7000pub/,Canada,제품 상세 (PDP),77
https://www.lg.com/ca_en/tv-soundbars/4k-uhd-tvs/43un7300aud/,Canada,제품 상세 (PDP),77
https://www.lg.com/ca_en/tv-soundbars/4k-uhd-tvs/43un7300pud/,Canada,제품 상세 (PDP),77
https://www.lg.com/ca_en/tv-soundbars/4k-uhd-tvs/43up7000pua/,Canada,제품 상세 (PDP),77
https://www.lg.com/ca_en/tv-soundbars/4k-uhd-tvs/43up7100zuf/,Canada,제품 상세 (PDP),77
https://www.lg.com/ca_en/tv-soundbars/4k-uhd-tvs/43up7560aud/,Canada,제품 상세 (PDP),77
https://www.lg.com/ca_en/tv-soundbars/4k-uhd-tvs/43up7670puc/,Canada,제품 상세 (PDP),77
https://www.lg.com/ca_en/tv-soundbars/4k-uhd-tvs/43up7700pub/,Canada,제품 상세 (PDP),77
https://www.lg.com/ca_en/tv-soundbars/4k-uhd-tvs/43up8000pua/,Canada,제품 상세 (PDP),77
https://www.lg.com/ca_en/tv-soundbars/4k-uhd-tvs/43uq7070zud/,Canada,제품 상세 (PDP),78
https://www.lg.com/ca_en/tv-soundbars/4k-uhd-tvs/43uq7590pub/,Canada,제품 상세 (PDP),77
https://www.lg.com/ca_en/tv-soundbars/4k-uhd-tvs/43uq9000pud/,Canada,제품 상세 (PDP),78
https://www.lg.com/ca_en/tv-soundbars/4k-uhd-tvs/43ut8000aua/,Canada,제품 상세 (PDP),77
https://www.lg.com/ca_en/tv-soundbars/4k-uhd-tvs/43ut8000pua/,Canada,제품 상세 (PDP),77
https://www.lg.com/ca_en/tv-soundbars/4k-uhd-tvs/49lk5400bua/,Canada,제품 상세 (PDP),77
https://www.lg.com/ca_en/tv-soundbars/4k-uhd-tvs/49uk6300bub/,Canada,제품 상세 (PDP),77
https://www.lg.com/ca_en/tv-soundbars/4k-uhd-tvs/49um6900pua/,Canada,제품 상세 (PDP),77
https://www.lg.com/ca_en/tv-soundbars/4k-uhd-tvs/49um7300aue/,Canada,제품 상세 (PDP),77
https://www.lg.com/ca_en/tv-soundbars/4k-uhd-tvs/49un7000pub/,Canada,제품 상세 (PDP),77
https://www.lg.com/ca_en/tv-soundbars/4k-uhd-tvs/49un7300pub/,Canada,제품 상세 (PDP),77
https://www.lg.com/ca_en/tv-soundbars/4k-uhd-tvs/50qned80uqa/,Canada,제품 상세 (PDP),77
https://www.lg.com/ca_en/tv-soundbars/4k-uhd-tvs/50ua7900yua/,Canada,제품 상세 (PDP),81
https://www.lg.com/ca_en/tv-soundbars/4k-uhd-tvs/50uk6090pua/,Canada,제품 상세 (PDP),78
https://www.lg.com/ca_en/tv-soundbars/4k-uhd-tvs/50un7000puc/,Canada,제품 상세 (PDP),77
https://www.lg.com/ca_en/tv-soundbars/4k-uhd-tvs/50un7300aud/,Canada,제품 상세 (PDP),77
https://www.lg.com/ca_en/tv-soundbars/4k-uhd-tvs/50up7000pua/,Canada,제품 상세 (PDP),77
https://www.lg.com/ca_en/tv-soundbars/4k-uhd-tvs/50up7100zuf/,Canada,제품 상세 (PDP),77
https://www.lg.com/ca_en/speakers/all-in-one-soundbars/s20a/,Canada,제품 상세 (PDP),78
https://www.lg.com/ca_en/speakers/gaming-speakers/gp9/,Canada,제품 상세 (PDP),77
https://www.lg.com/ca_en/speakers/hb905pa/,Canada,제품 상세 (PDP),77
https://www.lg.com/ca_en/speakers/hb954pa/,Canada,제품 상세 (PDP),77
https://www.lg.com/ca_en/speakers/hi-fi-systems/ck99/,Canada,제품 상세 (PDP),77
https://www.lg.com/ca_en/speakers/hi-fi-systems/cm2460/,Canada,제품 상세 (PDP),77
https://www.lg.com/ca_en/speakers/hi-fi-systems/cm4360/,Canada,제품 상세 (PDP),77
https://www.lg.com/ca_en/speakers/hi-fi-systems/cm9960/,Canada,제품 상세 (PDP),77
https://www.lg.com/ca_en/speakers/hi-fi-systems/fh2/,Canada,제품 상세 (PDP),77
https://www.lg.com/ca_en/speakers/hi-fi-systems/fj3/,Canada,제품 상세 (PDP),77
https://www.lg.com/ca_en/speakers/hi-fi-systems/hb905sb/,Canada,제품 상세 (PDP),77
https://www.lg.com/ca_en/speakers/hi-fi-systems/hb905ta/,Canada,제품 상세 (PDP),77
https://www.lg.com/ca_en/speakers/hi-fi-systems/hb954sa/,Canada,제품 상세 (PDP),77
https://www.lg.com/ca_en/speakers/hi-fi-systems/hb954tbw/,Canada,제품 상세 (PDP),77
https://www.lg.com/ca_en/speakers/hi-fi-systems/ht304su/,Canada,제품 상세 (PDP),77
https://www.lg.com/ca_en/speakers/hi-fi-systems/ht305su/,Canada,제품 상세 (PDP),77
https://www.lg.com/ca_en/speakers/hi-fi-systems/ht904sa/,Canada,제품 상세 (PDP),77
https://www.lg.com/ca_en/speakers/hi-fi-systems/ht904ta/,Canada,제품 상세 (PDP),77
https://www.lg.com/ca_en/speakers/hi-fi-systems/hw904pa/,Canada,제품 상세 (PDP),77
https://www.lg.com/ca_en/speakers/hi-fi-systems/np8540/,Canada,제품 상세 (PDP),77
https://www.lg.com/ca_en/speakers/hi-fi-systems/np8740/,Canada,제품 상세 (PDP),77
https://www.lg.com/ca_en/speakers/hi-fi-systems/om7560/,Canada,제품 상세 (PDP),77
https://www.lg.com/ca_en/speakers/hi-fi-systems/on5/,Canada,제품 상세 (PDP),75
https://www.lg.com/ca_en/speakers/hi-fi-systems/on7/,Canada,제품 상세 (PDP),77
https://www.lg.com/ca_en/speakers/hi-fi-systems/on9/,Canada,제품 상세 (PDP),77
https://www.lg.com/ca_en/speakers/home-theater-soundbar/s45tr/,Canada,제품 상세 (PDP),77
https://www.lg.com/ca_en/speakers/home-theater-soundbar/sqc4r/,Canada,제품 상세 (PDP),77
https://www.lg.com/ca_en/speakers/ht904pa/,Canada,제품 상세 (PDP),77
https://www.lg.com/ca_en/speakers/nd1520/,Canada,제품 상세 (PDP),77
https://www.lg.com/ca_en/speakers/nd2530/,Canada,제품 상세 (PDP),77
https://www.lg.com/ca_en/speakers/nd3520/,Canada,제품 상세 (PDP),77
https://www.lg.com/ca_en/speakers/nd4520/,Canada,제품 상세 (PDP),77
https://www.lg.com/ca_en/speakers/nd5520/,Canada,제품 상세 (PDP),77
https://www.lg.com/ca_en/speakers/nd5530/,Canada,제품 상세 (PDP),77
https://www.lg.com/ca_en/speakers/nd8520/,Canada,제품 상세 (PDP),77
https://www.lg.com/ca_en/speakers/nd8530/,Canada,제품 상세 (PDP),77
https://www.lg.com/ca_en/speakers/party-speakers/ck43/,Canada,제품 상세 (PDP),77
https://www.lg.com/ca_en/speakers/party-speakers/ck99/,Canada,제품 상세 (PDP),77
https://www.lg.com/ca_en/speakers/party-speakers/fj3/,Canada,제품 상세 (PDP),77
https://www.lg.com/ca_en/speakers/party-speakers/ok99/,Canada,제품 상세 (PDP),77
https://www.lg.com/ca_en/speakers/party-speakers/om7560/,Canada,제품 상세 (PDP),77
https://www.lg.com/ca_en/speakers/party-speakers/on5/,Canada,제품 상세 (PDP),77
https://www.lg.com/ca_en/speakers/party-speakers/on7/,Canada,제품 상세 (PDP),77
https://www.lg.com/ca_en/speakers/party-speakers/on9/,Canada,제품 상세 (PDP),77
https://www.lg.com/ca_en/speakers/party-speakers/pl5/,Canada,제품 상세 (PDP),77
https://www.lg.com/ca_en/speakers/portable-speakers/cm9950/,Canada,제품 상세 (PDP),77
https://www.lg.com/ca_en/speakers/portable-speakers/fj3/,Canada,제품 상세 (PDP),77
https://www.lg.com/ca_en/speakers/portable-speakers/np5550b/,Canada,제품 상세 (PDP),77
https://www.lg.com/ca_en/speakers/portable-speakers/np5550w/,Canada,제품 상세 (PDP),77
https://www.lg.com/ca_en/speakers/portable-speakers/np7550/,Canada,제품 상세 (PDP),77
https://www.lg.com/ca_en/monitors/27ea430v-b/,Canada,제품 상세 (PDP),77
https://www.lg.com/ca_en/monitors/27mp41d-b/,Canada,제품 상세 (PDP),77
https://www.lg.com/ca_en/monitors/ergo-monitors/27gn880-b/,Canada,제품 상세 (PDP),77
https://www.lg.com/ca_en/monitors/ergo-monitors/27qn880-b/,Canada,제품 상세 (PDP),77
https://www.lg.com/ca_en/monitors/ergo-monitors/27qp88d-b2/,Canada,제품 상세 (PDP),77
https://www.lg.com/ca_en/monitors/ergo-monitors/27qp88d-bs/,Canada,제품 상세 (PDP),77
https://www.lg.com/ca_en/monitors/ergo-monitors/27un880-b/,Canada,제품 상세 (PDP),77
https://www.lg.com/ca_en/monitors/ergo-monitors/28mq750-c/,Canada,제품 상세 (PDP),77
https://www.lg.com/ca_en/monitors/ergo-monitors/28mq780-b/,Canada,제품 상세 (PDP),77
https://www.lg.com/ca_en/monitors/ergo-monitors/32un880-b/,Canada,제품 상세 (PDP),77
https://www.lg.com/ca_en/monitors/ergo-monitors/34wn780-b/,Canada,제품 상세 (PDP),77
https://www.lg.com/ca_en/monitors/ergo-monitors/34wp88c-b/,Canada,제품 상세 (PDP),77
https://www.lg.com/ca_en/monitors/ergo-monitors/34wp88cn-b/,Canada,제품 상세 (PDP),77
https://www.lg.com/ca_en/monitors/ergo-monitors/38wq88c-w/,Canada,제품 상세 (PDP),77
https://www.lg.com/ca_en/monitors/fhd-qhd/20m38d-b/,Canada,제품 상세 (PDP),77
https://www.lg.com/ca_en/monitors/fhd-qhd/20mk400h-b/,Canada,제품 상세 (PDP),77
https://www.lg.com/ca_en/monitors/fhd-qhd/22mk400h-b/,Canada,제품 상세 (PDP),77
https://www.lg.com/ca_en/monitors/fhd-qhd/22mk430h-b/,Canada,제품 상세 (PDP),77
https://www.lg.com/ca_en/monitors/fhd-qhd/22mk600m-b/,Canada,제품 상세 (PDP),77
https://www.lg.com/ca_en/monitors/fhd-qhd/22mk600m-w/,Canada,제품 상세 (PDP),77
https://www.lg.com/ca_en/monitors/fhd-qhd/22mn430h-b/,Canada,제품 상세 (PDP),81
https://www.lg.com/ca_en/monitors/fhd-qhd/22mp400-b/,Canada,제품 상세 (PDP),81
https://www.lg.com/ca_en/monitors/fhd-qhd/22mp410-b/,Canada,제품 상세 (PDP),77
https://www.lg.com/ca_en/monitors/fhd-qhd/22mp41w-b/,Canada,제품 상세 (PDP),75
https://www.lg.com/ca_en/monitors/fhd-qhd/22mp44b-c/,Canada,제품 상세 (PDP),77
https://www.lg.com/ca_en/monitors/fhd-qhd/22mp48hq-p/,Canada,제품 상세 (PDP),77
https://www.lg.com/ca_en/monitors/fhd-qhd/22mp58vq-p/,Canada,제품 상세 (PDP),77
https://www.lg.com/ca_en/monitors/fhd-qhd/22mr410-b/,Canada,제품 상세 (PDP),77
https://www.lg.com/ca_en/monitors/fhd-qhd/22mr41a-b/,Canada,제품 상세 (PDP),81
https://www.lg.com/ca_en/monitors/fhd-qhd/22mr41s-b/,Canada,제품 상세 (PDP),81
https://www.lg.com/ca_en/monitors/fhd-qhd/22ms31w-b/,Canada,제품 상세 (PDP),77
https://www.lg.com/ca_en/monitors/fhd-qhd/22u401a-b/,Canada,제품 상세 (PDP),78
https://www.lg.com/ca_en/monitors/fhd-qhd/22u403a-b/,Canada,제품 상세 (PDP),77
https://www.lg.com/ca_en/monitors/fhd-qhd/23mp48hq-p/,Canada,제품 상세 (PDP),77
https://www.lg.com/ca_en/monitors/fhd-qhd/24ba400-b/,Canada,제품 상세 (PDP),77
https://www.lg.com/ca_en/monitors/fhd-qhd/24ba560-b/,Canada,제품 상세 (PDP),77
https://www.lg.com/ca_en/monitors/fhd-qhd/24ba650-b/,Canada,제품 상세 (PDP),78
https://www.lg.com/ca_en/monitors/fhd-qhd/24ba750-b/,Canada,제품 상세 (PDP),78
https://www.lg.com/ca_en/monitors/fhd-qhd/24lq520s-pu/,Canada,제품 상세 (PDP),81
https://www.lg.com/ca_en/monitors/fhd-qhd/24m38d-b/,Canada,제품 상세 (PDP),77
https://www.lg.com/ca_en/monitors/fhd-qhd/24m49vq-p/,Canada,제품 상세 (PDP),77
https://www.lg.com/ca_en/monitors/fhd-qhd/24mb65py/,Canada,제품 상세 (PDP),77
https://www.lg.com/ca_en/monitors/fhd-qhd/24mk400h-b/,Canada,제품 상세 (PDP),77
https://www.lg.com/ca_en/monitors/fhd-qhd/24mk430h-b/,Canada,제품 상세 (PDP),77
https://www.lg.com/ca_en/monitors/fhd-qhd/24mk600m-b/,Canada,제품 상세 (PDP),77
https://www.lg.com/ca_en/monitors/fhd-qhd/24mk600m-w/,Canada,제품 상세 (PDP),77
https://www.lg.com/ca_en/monitors/fhd-qhd/24mp400-b/,Canada,제품 상세 (PDP),77
https://www.lg.com/ca_en/monitors/fhd-qhd/24mp40a-c/,Canada,제품 상세 (PDP),77
https://www.lg.com/ca_en/monitors/fhd-qhd/24mp44b-b/,Canada,제품 상세 (PDP),77
https://www.lg.com/ca_en/monitors/fhd-qhd/24mp450-b/,Canada,제품 상세 (PDP),77
https://www.lg.com/ca_en/refrigerators/bottom-freezer/lb26h2200s/,Canada,제품 상세 (PDP),81
https://www.lg.com/ca_en/refrigerators/bottom-freezer/lbn20511ww/,Canada,제품 상세 (PDP),81
https://www.lg.com/ca_en/refrigerators/bottom-freezer/lbn20512st/,Canada,제품 상세 (PDP),81
https://www.lg.com/ca_en/refrigerators/bottom-freezer/lbn20517bk/,Canada,제품 상세 (PDP),81
https://www.lg.com/ca_en/refrigerators/bottom-freezer/lbn20517ww/,Canada,제품 상세 (PDP),81
https://www.lg.com/ca_en/refrigerators/bottom-freezer/lbn22517st/,Canada,제품 상세 (PDP),81
https://www.lg.com/ca_en/refrigerators/bottom-freezer/lbn22517ww/,Canada,제품 상세 (PDP),81
https://www.lg.com/ca_en/refrigerators/bottom-freezer/lbnc10551v/,Canada,제품 상세 (PDP),81
https://www.lg.com/ca_en/refrigerators/bottom-freezer/lbnc10551w/,Canada,제품 상세 (PDP),81
https://www.lg.com/ca_en/refrigerators/bottom-freezer/lbnc12231v/,Canada,제품 상세 (PDP),81
https://www.lg.com/ca_en/refrigerators/bottom-freezer/lbnc12231w/,Canada,제품 상세 (PDP),81
https://www.lg.com/ca_en/refrigerators/bottom-freezer/lbnc12241p/,Canada,제품 상세 (PDP),81
https://www.lg.com/ca_en/refrigerators/bottom-freezer/lbnc12251v/,Canada,제품 상세 (PDP),81
https://www.lg.com/ca_en/refrigerators/bottom-freezer/lbnc12551v/,Canada,제품 상세 (PDP),81
https://www.lg.com/ca_en/refrigerators/bottom-freezer/lbnc12551w/,Canada,제품 상세 (PDP),81
https://www.lg.com/ca_en/refrigerators/bottom-freezer/lbnc15221v/,Canada,제품 상세 (PDP),81
https://www.lg.com/ca_en/refrigerators/bottom-freezer/lbnc15231p/,Canada,제품 상세 (PDP),81
https://www.lg.com/ca_en/refrigerators/bottom-freezer/lbnc15251v/,Canada,제품 상세 (PDP),81
https://www.lg.com/ca_en/refrigerators/bottom-freezer/ldc22738sb/,Canada,제품 상세 (PDP),78
https://www.lg.com/ca_en/refrigerators/bottom-freezer/ldc22738st/,Canada,제품 상세 (PDP),81
https://www.lg.com/ca_en/refrigerators/bottom-freezer/ldc22738sw/,Canada,제품 상세 (PDP),81
https://www.lg.com/ca_en/refrigerators/bottom-freezer/ldc22778sw/,Canada,제품 상세 (PDP),81
https://www.lg.com/ca_en/refrigerators/bottom-freezer/ltn19315sb/,Canada,제품 상세 (PDP),81
https://www.lg.com/ca_en/refrigerators/bottom-freezer/ltn19315st/,Canada,제품 상세 (PDP),78
https://www.lg.com/ca_en/refrigerators/bottom-freezer/ltn19315sw/,Canada,제품 상세 (PDP),81
https://www.lg.com/ca_en/refrigerators/bottom-freezer/ltnc08121v/,Canada,제품 상세 (PDP),81
https://www.lg.com/ca_en/refrigerators/french-door/lbn10551pv/,Canada,제품 상세 (PDP),81
https://www.lg.com/ca_en/refrigerators/french-door/lbn10551sw/,Canada,제품 상세 (PDP),81
https://www.lg.com/ca_en/refrigerators/french-door/lbn12551pv/,Canada,제품 상세 (PDP),81
https://www.lg.com/ca_en/refrigerators/french-door/lbn20513ww/,Canada,제품 상세 (PDP),81
https://www.lg.com/ca_en/refrigerators/french-door/lbn20514st/,Canada,제품 상세 (PDP),81
https://www.lg.com/ca_en/refrigerators/french-door/lbn20518st/,Canada,제품 상세 (PDP),81
https://www.lg.com/ca_en/refrigerators/french-door/lbn20518sw/,Canada,제품 상세 (PDP),81
https://www.lg.com/ca_en/refrigerators/french-door/lbn22370st/,Canada,제품 상세 (PDP),81
https://www.lg.com/ca_en/refrigerators/french-door/lbn22370sw/,Canada,제품 상세 (PDP),81
https://www.lg.com/ca_en/washtower/wke100hwa/,Canada,제품 상세 (PDP),81
https://www.lg.com/ca_en/dishwashers/dishwashers1/,Canada,제품 상세 (PDP),58
https://www.lg.com/ca_en/washer-dryers/wkex200hga/,Canada,제품 상세 (PDP),81
https://www.lg.com/ca_en/washing-machines/wd200cb/,Canada,제품 상세 (PDP),84
https://www.lg.com/ca_en/laundry/dryers/dle1310w/,Canada,제품 상세 (PDP),81
https://www.lg.com/ca_en/washtower/wkex200hba/,Canada,제품 상세 (PDP),81
https://www.lg.com/ca_en/dishwashers/front-control/ldf5545ww/,Canada,제품 상세 (PDP),77
https://www.lg.com/ca_en/washer-dryers/wm3555hva/,Canada,제품 상세 (PDP),81
https://www.lg.com/ca_en/washing-machines/wd200cv/,Canada,제품 상세 (PDP),81
https://www.lg.com/ca_en/laundry/dryers/dle1501w/,Canada,제품 상세 (PDP),81
https://www.lg.com/ca_en/washtower/wkex200hwa/,Canada,제품 상세 (PDP),81
https://www.lg.com/ca_en/dishwashers/front-control/ldfc2423v/,Canada,제품 상세 (PDP),84
https://www.lg.com/ca_en/washer-dryers/wm3998hba/,Canada,제품 상세 (PDP),81
https://www.lg.com/ca_en/washing-machines/wd300cv/,Canada,제품 상세 (PDP),84
https://www.lg.com/ca_en/laundry/dryers/dle2020w/,Canada,제품 상세 (PDP),81
https://www.lg.com/ca_en/dishwashers/front-control/ldfc2423w/,Canada,제품 상세 (PDP),84
https://www.lg.com/ca_en/washing-machines/wd300cw/,Canada,제품 상세 (PDP),84
https://www.lg.com/ca_en/laundry/dryers/dle2140w/,Canada,제품 상세 (PDP),81
https://www.lg.com/ca_en/dishwashers/front-control/ldfc3532s/,Canada,제품 상세 (PDP),81
https://www.lg.com/ca_en/washing-machines/wdp4b/,Canada,제품 상세 (PDP),77
https://www.lg.com/ca_en/laundry/dryers/dle2150w/,Canada,제품 상세 (PDP),77
https://www.lg.com/ca_en/dishwashers/front-control/ldfn3432t/,Canada,제품 상세 (PDP),87
https://www.lg.com/ca_en/washing-machines/wdp4v/,Canada,제품 상세 (PDP),77
https://www.lg.com/ca_en/laundry/dryers/dle2240s/,Canada,제품 상세 (PDP),81
https://www.lg.com/ca_en/dishwashers/front-control/ldfn3432t1/,Canada,제품 상세 (PDP),81
https://www.lg.com/ca_en/washing-machines/wdp4w/,Canada,제품 상세 (PDP),77
https://www.lg.com/ca_en/laundry/dryers/dle2240w/,Canada,제품 상세 (PDP),81
https://www.lg.com/ca_en/dishwashers/front-control/ldfn4542s/,Canada,제품 상세 (PDP),87
https://www.lg.com/ca_en/washing-machines/wdp5b/,Canada,제품 상세 (PDP),77
https://www.lg.com/ca_en/laundry/dryers/dle2250w/,Canada,제품 상세 (PDP),81
https://www.lg.com/ca_en/dishwashers/front-control/ldfn4542s1/,Canada,제품 상세 (PDP),77
https://www.lg.com/ca_en/washing-machines/wdp5v/,Canada,제품 상세 (PDP),77
https://www.lg.com/ca_en/laundry/dryers/dle2301s/,Canada,제품 상세 (PDP),78
https://www.lg.com/ca_en/dishwashers/front-control/ldfn4542w/,Canada,제품 상세 (PDP),77
https://www.lg.com/ca_en/washing-machines/wm1455hpa/,Canada,제품 상세 (PDP),81
https://www.lg.com/ca_en/laundry/dryers/dle2301w/,Canada,제품 상세 (PDP),81
https://www.lg.com/ca_en/dishwashers/front-control/ldnfc33ls/,Canada,제품 상세 (PDP),81
https://www.lg.com/ca_en/washing-machines/wm3090cw/,Canada,제품 상세 (PDP),81
https://www.lg.com/ca_en/laundry/dryers/dle2350r/,Canada,제품 상세 (PDP),81
https://www.lg.com/ca_en/dishwashers/front-control/ldp6797bd/,Canada,제품 상세 (PDP),77
https://www.lg.com/ca_en/washing-machines/wm3400cv/,Canada,제품 상세 (PDP),81
https://www.lg.com/ca_en/laundry/dryers/dle2350s/,Canada,제품 상세 (PDP),81
https://www.lg.com/ca_en/dishwashers/front-control/ldph7972s/,Canada,제품 상세 (PDP),77
https://www.lg.com/ca_en/washing-machines/wm3400cw/,Canada,제품 상세 (PDP),81
https://www.lg.com/ca_en/laundry/dryers/dle2350w/,Canada,제품 상세 (PDP),81
https://www.lg.com/ca_en/dishwashers/front-control/ldpm6762d/,Canada,제품 상세 (PDP),77
https://www.lg.com/ca_en/washing-machines/wm3850hva/,Canada,제품 상세 (PDP),84
https://www.lg.com/ca_en/laundry/dryers/dle2516w/,Canada,제품 상세 (PDP),81
https://www.lg.com/ca_en/dishwashers/front-control/ldps6762d/,Canada,제품 상세 (PDP),77
https://www.lg.com/ca_en/window-air-conditioners/lw1222ersm/,Canada,제품 상세 (PDP),77
https://www.lg.com/ca_en/air-care/air-purifier/as351gw30/,Canada,제품 상세 (PDP),77
https://www.lg.com/ca_en/air-care/air-purifier/as601hbb0/,Canada,제품 상세 (PDP),81
https://www.lg.com/ca_en/air-care/air-purifier/as601hwv0/,Canada,제품 상세 (PDP),84
https://www.lg.com/ca_en/air-care/dehumidifier/ud501kog5/,Canada,제품 상세 (PDP),77
https://www.lg.com/ca_en/wall-ovens/lsws307st/,Canada,제품 상세 (PDP),81
https://www.lg.com/ca_en/microwave-ovens/countertop/lmc0975sb/,Canada,제품 상세 (PDP),81
https://www.lg.com/ca_en/wall-ovens/wcep6427f/,Canada,제품 상세 (PDP),78
https://www.lg.com/ca_en/microwave-ovens/countertop/lmc0975st/,Canada,제품 상세 (PDP),77
https://www.lg.com/ca_en/cooking-appliances/cooktops/cbew3013be/,Canada,제품 상세 (PDP),81
https://www.lg.com/ca_en/wall-ovens/wsep4723f/,Canada,제품 상세 (PDP),77
https://www.lg.com/ca_en/microwave-ovens/countertop/lmc1575bd/,Canada,제품 상세 (PDP),81
https://www.lg.com/ca_en/cooking-appliances/cooktops/cbew3017be/,Canada,제품 상세 (PDP),81
https://www.lg.com/ca_en/wall-ovens/wsep4727f/,Canada,제품 상세 (PDP),78
https://www.lg.com/ca_en/microwave-ovens/countertop/lmc1575sb/,Canada,제품 상세 (PDP),77
https://www.lg.com/ca_en/cooking-appliances/cooktops/cbgj3023s/,Canada,제품 상세 (PDP),81
https://www.lg.com/ca_en/microwave-ovens/countertop/lmc1575st/,Canada,제품 상세 (PDP),77
https://www.lg.com/ca_en/cooking-appliances/cooktops/cbgj3027s/,Canada,제품 상세 (PDP),81
https://www.lg.com/ca_en/microwave-ovens/countertop/lmc2075bd/,Canada,제품 상세 (PDP),81
https://www.lg.com/ca_en/cooking-appliances/cooktops/cbih3013be/,Canada,제품 상세 (PDP),84
https://www.lg.com/ca_en/microwave-ovens/countertop/lmc2075st/,Canada,제품 상세 (PDP),81
https://www.lg.com/ca_en/cooking-appliances/cooktops/cbih3017be/,Canada,제품 상세 (PDP),84
https://www.lg.com/ca_en/microwave-ovens/over-the-range-microwaves/mvel2033f/,Canada,제품 상세 (PDP),77
https://www.lg.com/ca_en/cooking-appliances/cooktops/cbih3613be/,Canada,제품 상세 (PDP),84
https://www.lg.com/ca_en/microwave-ovens/over-the-range-microwaves/mvel2125f/,Canada,제품 상세 (PDP),81
https://www.lg.com/ca_en/cooking-appliances/cooktops/cbih3617be/,Canada,제품 상세 (PDP),81
https://www.lg.com/ca_en/microwave-ovens/over-the-range-microwaves/mvel2137d/,Canada,제품 상세 (PDP),77
https://www.lg.com/ca_en/cooking-appliances/cooktops/cbis3618b/,Canada,제품 상세 (PDP),77
https://www.lg.com/ca_en/microwave-ovens/over-the-range-microwaves/mvel2137f/,Canada,제품 상세 (PDP),77
https://www.lg.com/ca_en/cooking-appliances/cooktops/lce3010sb/,Canada,제품 상세 (PDP),77
https://www.lg.com/ca_en/microwave-ovens/over-the-range-microwaves/mvem1825d/,Canada,제품 상세 (PDP),81
https://www.lg.com/ca_en/cooking-appliances/cooktops/lcg3011st/,Canada,제품 상세 (PDP),77
https://www.lg.com/ca_en/microwave-ovens/over-the-range-microwaves/mvem1825f/,Canada,제품 상세 (PDP),81
https://www.lg.com/ca_en/cooking-appliances/cooktops/lcg3691st/,Canada,제품 상세 (PDP),77
https://www.lg.com/ca_en/microwave-ovens/over-the-range/lmv1852st/,Canada,제품 상세 (PDP),81
https://www.lg.com/ca_en/microwave-ovens/over-the-range/lmv1852sw/,Canada,제품 상세 (PDP),81
https://www.lg.com/ca_en/microwave-ovens/over-the-range/lmv2053st/,Canada,제품 상세 (PDP),81
https://www.lg.com/ca_en/microwave-ovens/over-the-range/lmv2055st/,Canada,제품 상세 (PDP),78
https://www.lg.com/ca_en/cooking-appliances/cooktops/lsce305st/,Canada,제품 상세 (PDP),77
https://www.lg.com/ca_en/microwave-ovens/over-the-range/lmv2257bd/,Canada,제품 상세 (PDP),81
https://www.lg.com/ca_en/cooking-appliances/cooktops/lscg307st/,Canada,제품 상세 (PDP),77
https://www.lg.com/ca_en/microwave-ovens/over-the-range/lmv2257st/,Canada,제품 상세 (PDP),81
https://www.lg.com/ca_en/microwave-ovens/over-the-range/mvel2137f/,Canada,제품 상세 (PDP),81
https://www.lg.com/ca_en/cooking-appliances/hoods/lshd3080n/,Canada,제품 상세 (PDP),81
https://www.lg.com/ca_en/cooking-appliances/hoods/lshd3080st/,Canada,제품 상세 (PDP),81
https://www.lg.com/ca_en/cooking-appliances/hoods/lshd3089bd/,Canada,제품 상세 (PDP),81
https://www.lg.com/ca_en/cooking-appliances/hoods/lshd3680st/,Canada,제품 상세 (PDP),84
https://www.lg.com/ca_en/vacuum/a906sm/,Canada,제품 상세 (PDP),77
https://www.lg.com/ca_en/vacuum/a916bm/,Canada,제품 상세 (PDP),77
https://www.lg.com/ca_en/vacuum/a927kgms/,Canada,제품 상세 (PDP),77
https://www.lg.com/ca_en/vacuum/a929kvm/,Canada,제품 상세 (PDP),77
https://www.lg.com/ca_en/vacuum/a937kgms/,Canada,제품 상세 (PDP),77
https://www.lg.com/ca_en/vacuum/ajl75313902/,Canada,제품 상세 (PDP),77
https://www.lg.com/ca_en/vacuum/stick-vacuums/c5323b0/,Canada,제품 상세 (PDP),78
https://www.lg.com/ca_en/vacuum/stick-vacuums/c5323gw/,Canada,제품 상세 (PDP),78
https://www.lg.com/ca_en/air-solutions-accessories/air-purifier-accessories/adq75133495/,Canada,제품 상세 (PDP),77
https://www.lg.com/ca_en/appliance-accessories/kitchen-accessories/5230w1a003a/,Canada,제품 상세 (PDP),75
https://www.lg.com/ca_en/care-accessories/air-conditioners/filter/5230a20021e/,Canada,제품 상세 (PDP),77
https://www.lg.com/ca_en/cell-phones/a133/,Canada,제품 상세 (PDP),77
https://www.lg.com/ca_en/computer/22m38d-b/,Canada,제품 상세 (PDP),77
https://www.lg.com/ca_en/computer-accessories/accessories/msa2/,Canada,제품 상세 (PDP),77
https://www.lg.com/ca_en/dishwashers/front-control/sdwb24s3/,Canada,제품 상세 (PDP),81
https://www.lg.com/ca_en/errors/404/,Canada,제품 상세 (PDP),65
https://www.lg.com/ca_en/featured-pages/electrification0/,Canada,제품 상세 (PDP),62
https://www.lg.com/ca_en/heating-and-cooling/mini-splits-heat-pumps/knsal091a/,Canada,제품 상세 (PDP),84
https://www.lg.com/ca_en/hoods/lshd3080st/,Canada,제품 상세 (PDP),81
https://www.lg.com/ca_en/kitchen/lg-studio/lsis3018ss/,Canada,제품 상세 (PDP),81
https://www.lg.com/ca_en/kitchen-packages/bb22re1f35s-kpsi/,Canada,제품 상세 (PDP),81
https://www.lg.com/ca_en/la-friends/lgr100/,Canada,제품 상세 (PDP),77
https://www.lg.com/ca_en/laptops/16z95u-g/,Canada,제품 상세 (PDP),81
https://www.lg.com/ca_en/laundry/dryers/dle2701v/,Canada,제품 상세 (PDP),81
https://www.lg.com/ca_en/laundry-accessories/wdp6b/,Canada,제품 상세 (PDP),77
https://www.lg.com/ca_en/lg-experiencing-entertainment-suspend/8-creative-ways-to-use-your-hd-projector/,Canada,제품 상세 (PDP),66
https://www.lg.com/ca_en/lg-innovation-stories/6g-technology/,Canada,제품 상세 (PDP),68
https://www.lg.com/ca_en/lg-mobile-phones/smartphones/lmg820um2/,Canada,제품 상세 (PDP),77
https://www.lg.com/ca_en/lg-studio/kitchen/cbis3018be/,Canada,제품 상세 (PDP),84
https://www.lg.com/ca_en/lifestyle-packages/bb27ls3m601/,Canada,제품 상세 (PDP),78
https://www.lg.com/ca_en/lifestyle-screens/flex/sj7/,Canada,제품 상세 (PDP),77
https://www.lg.com/ca_en/massage-recliner/mh21bb/,Canada,제품 상세 (PDP),79
https://www.lg.com/ca_en/monitors/fhd-qhd/24mp48hq-p/,Canada,제품 상세 (PDP),77
https://www.lg.com/ca_en/projectors/au810pb/,Canada,제품 상세 (PDP),81
https://www.lg.com/ca_en/refrigerators/french-door/lbnc15231v/,Canada,제품 상세 (PDP),81
https://www.lg.com/ca_en/shop/all-promotions/1-day-only-discover-appliance-savings-2025/,Canada,제품 상세 (PDP),71
https://www.lg.com/ca_en/soundsuite/Immersive-suite-7-pro/,Canada,제품 상세 (PDP),81
https://www.lg.com/ca_en/speakers/portable-speakers/np8340/,Canada,제품 상세 (PDP),77
https://www.lg.com/ca_en/tumble-dryers/dle3090w/,Canada,제품 상세 (PDP),77
https://www.lg.com/ca_en/tv-soundbars/4k-uhd-tvs/50up7560aud/,Canada,제품 상세 (PDP),77
https://www.lg.com/ca_en/video/blu-ray-dvd-players/bd300/,Canada,제품 상세 (PDP),77
https://www.lg.com/ca_en/washing-machines/wm4100hba/,Canada,제품 상세 (PDP),81
https://www.lg.com/ca_en/wireless-earbuds/tone-free/hbs730/,Canada,제품 상세 (PDP),77
https://www.lg.com/ca_en/air-solutions-accessories/air-purifier-accessories/adq75133496/,Canada,제품 상세 (PDP),77
https://www.lg.com/ca_en/appliance-accessories/kitchen-accessories/aaa77685223/,Canada,제품 상세 (PDP),77
https://www.lg.com/ca_en/cell-phones/c660r/,Canada,제품 상세 (PDP),77
https://www.lg.com/ca_en/computer/be06lu10/,Canada,제품 상세 (PDP),81
https://www.lg.com/ca_en/computer-accessories/gram-plus-view/16mq70-asda8/,Canada,제품 상세 (PDP),77
https://www.lg.com/ca_en/cooking-appliances/microwave-ovens/lmc0975sb/,Canada,제품 상세 (PDP),81
https://www.lg.com/ca_en/dishwashers/ldf5545st/,Canada,제품 상세 (PDP),77
https://www.lg.com/ca_en/errors/500/,Canada,제품 상세 (PDP),65
https://www.lg.com/ca_en/featured-pages/washcombo0/,Canada,제품 상세 (PDP),62
https://www.lg.com/ca_en/heating-and-cooling/mini-splits-heat-pumps/knsal121a/,Canada,제품 상세 (PDP),84
https://www.lg.com/ca_en/hoods/lshd3680st/,Canada,제품 상세 (PDP),81
https://www.lg.com/ca_en/kitchen/lg-studio/lsis6338f/,Canada,제품 상세 (PDP),81
https://www.lg.com/ca_en/kitchen-packages/bb22se1f35f-kpsi/,Canada,제품 상세 (PDP),81
https://www.lg.com/ca_en/la-friends/lgr105/,Canada,제품 상세 (PDP),81
https://www.lg.com/ca_en/laundry/dryers/dle3050w/,Canada,제품 상세 (PDP),81
https://www.lg.com/ca_en/laundry-accessories/wdp6v/,Canada,제품 상세 (PDP),81
https://www.lg.com/ca_en/lg-mobile-phones/smartphones/lmg850um2/,Canada,제품 상세 (PDP),77
https://www.lg.com/ca_en/lg-studio/kitchen/cbis3618b/,Canada,제품 상세 (PDP),77
https://www.lg.com/ca_en/lifestyle-packages/mh21bb27ar-eus/,Canada,제품 상세 (PDP),75
https://www.lg.com/ca_en/lifestyle-screens/movable-screen-swing/32lx6bwga/,Canada,제품 상세 (PDP),81
https://www.lg.com/ca_en/massage-recliner/mh21rr/,Canada,제품 상세 (PDP),78
https://www.lg.com/ca_en/monitors/fhd-qhd/24mp58vq-p/,Canada,제품 상세 (PDP),77
https://www.lg.com/ca_en/refrigerators/french-door/lbnc15241v/,Canada,제품 상세 (PDP),81
https://www.lg.com/ca_en/soundsuite/cinema-suite-7/,Canada,제품 상세 (PDP),81
https://www.lg.com/ca_en/speakers/portable-speakers/pk3/,Canada,제품 상세 (PDP),77
https://www.lg.com/ca_en/tv-soundbars/4k-uhd-tvs/50up7670puc/,Canada,제품 상세 (PDP),77
https://www.lg.com/ca_en/air-solutions-accessories/air-purifier-accessories/adq75133497/,Canada,제품 상세 (PDP),77
https://www.lg.com/ca_en/appliance-accessories/kitchen-accessories/adq32598202/,Canada,제품 상세 (PDP),77
https://www.lg.com/ca_en/care-accessories/air-conditioners/filter/adq73493504/,Canada,제품 상세 (PDP),77
https://www.lg.com/ca_en/computer/bh08ls20/,Canada,제품 상세 (PDP),81
https://www.lg.com/ca_en/computer-accessories/gram-plus-view/16mr70-asda8/,Canada,제품 상세 (PDP),81
https://www.lg.com/ca_en/cooking-appliances/microwave-ovens/lmc0975st/,Canada,제품 상세 (PDP),81
https://www.lg.com/ca_en/dishwashers/ldf6920st/,Canada,제품 상세 (PDP),77
https://www.lg.com/ca_en/heating-and-cooling/mini-splits-heat-pumps/knsal151a/,Canada,제품 상세 (PDP),84
https://www.lg.com/ca_en/kitchen/wall-ovens/wsep4727f/,Canada,제품 상세 (PDP),81
https://www.lg.com/ca_en/kitchen-packages/fb22re1f35s-kpsi/,Canada,제품 상세 (PDP),81
https://www.lg.com/ca_en/laundry/dryers/dle3090w/,Canada,제품 상세 (PDP),84
https://www.lg.com/ca_en/laundry-accessories/wdp6w/,Canada,제품 상세 (PDP),77
https://www.lg.com/ca_en/lg-mobile-phones/smartphones/lmg850um2x/,Canada,제품 상세 (PDP),78
https://www.lg.com/ca_en/lg-studio/kitchen/cbis3618be/,Canada,제품 상세 (PDP),84
https://www.lg.com/ca_en/lifestyle-packages/mh21bbst-eus/,Canada,제품 상세 (PDP),75
https://www.lg.com/ca_en/lifestyle-screens/pose/55lx1qpua/,Canada,제품 상세 (PDP),77
https://www.lg.com/ca_en/monitors/fhd-qhd/24mp68vq-p/,Canada,제품 상세 (PDP),77
https://www.lg.com/ca_en/projectors/bf60rg/,Canada,제품 상세 (PDP),77
https://www.lg.com/ca_en/shop/all-promotions/10-off-at-lg-ca-when-you-buy-an-lg-residential-hvac-set-terms-and-conditions-april-2024/,Canada,제품 상세 (PDP),71
https://www.lg.com/ca_en/soundsuite/h7/,Canada,제품 상세 (PDP),81
https://www.lg.com/ca_en/speakers/portable-speakers/pk5/,Canada,제품 상세 (PDP),77
https://www.lg.com/ca_en/tumble-dryers/dle3400w/,Canada,제품 상세 (PDP),81
https://www.lg.com/ca_en/tv-soundbars/4k-uhd-tvs/50up7700pub/,Canada,제품 상세 (PDP),77
https://www.lg.com/ca_en/video/blu-ray-dvd-players/bd360/,Canada,제품 상세 (PDP),77
https://www.lg.com/ca_en/washing-machines/wm5500hva/,Canada,제품 상세 (PDP),81
https://www.lg.com/ca_en/wireless-earbuds/tone-free/hbs850-blue/,Canada,제품 상세 (PDP),77
https://www.lg.com/ca_en/air-solutions-accessories/air-purifier-accessories/adq75133498/,Canada,제품 상세 (PDP),77
https://www.lg.com/ca_en/appliance-accessories/kitchen-accessories/adq36006121/,Canada,제품 상세 (PDP),77
https://www.lg.com/ca_en/care-accessories/air-conditioners/filter/adq73493505/,Canada,제품 상세 (PDP),77
https://www.lg.com/ca_en/cell-phones/eac62378701/,Canada,제품 상세 (PDP),77
https://www.lg.com/ca_en/computer/bh10ls30/,Canada,제품 상세 (PDP),81
https://www.lg.com/ca_en/computer-accessories/sta32f/,Canada,제품 상세 (PDP),81
https://www.lg.com/ca_en/cooking-appliances/microwave-ovens/lmc1543ss/,Canada,제품 상세 (PDP),81
https://www.lg.com/ca_en/dishwashers/ldf6920ww/,Canada,제품 상세 (PDP),77
https://www.lg.com/ca_en/heating-and-cooling/mini-splits-heat-pumps/knsal181a/,Canada,제품 상세 (PDP),84
https://www.lg.com/ca_en/kitchen-packages/fb22se1f35f-kpsi/,Canada,제품 상세 (PDP),81
https://www.lg.com/ca_en/laptops/all-laptops/17z90u-g78/,Canada,제품 상세 (PDP),81
https://www.lg.com/ca_en/laundry/dryers/dle3170w/,Canada,제품 상세 (PDP),81
https://www.lg.com/ca_en/lg-mobile-phones/smartphones/lmk200qm/,Canada,제품 상세 (PDP),77
https://www.lg.com/ca_en/lg-studio/kitchen/lsce305st/,Canada,제품 상세 (PDP),81
https://www.lg.com/ca_en/lifestyle-packages/mh21bbst27-eus/,Canada,제품 상세 (PDP),75
https://www.lg.com/ca_en/lifestyle-screens/stanbyme/27art10akpl/,Canada,제품 상세 (PDP),78
https://www.lg.com/ca_en/monitors/fhd-qhd/24mp88hv-s/,Canada,제품 상세 (PDP),77
https://www.lg.com/ca_en/projectors/bu50rg/,Canada,제품 상세 (PDP),81
https://www.lg.com/ca_en/refrigerators/french-door/lcfs22exs/,Canada,제품 상세 (PDP),87
https://www.lg.com/ca_en/shop/all-promotions/10-off-at-lg-ca-when-you-buy-an-lg-residential-hvac-set/,Canada,제품 상세 (PDP),74
https://www.lg.com/ca_en/soundsuite/immersive-quad-suite-7/,Canada,제품 상세 (PDP),81
https://www.lg.com/ca_en/speakers/portable-speakers/pk5w/,Canada,제품 상세 (PDP),77
https://www.lg.com/ca_en/tumble-dryers/dle3600w/,Canada,제품 상세 (PDP),78
https://www.lg.com/ca_en/tv-soundbars/4k-uhd-tvs/50up8000pua/,Canada,제품 상세 (PDP),77
https://www.lg.com/ca_en/video/blu-ray-dvd-players/bd370c/,Canada,제품 상세 (PDP),77
https://www.lg.com/ca_en/washing-machines/wm6500hba/,Canada,제품 상세 (PDP),81
https://www.lg.com/ca_en/wireless-earbuds/tone-free/hbs850-lime/,Canada,제품 상세 (PDP),77
https://www.lg.com/ca_en/air-solutions-accessories/air-purifier-accessories/adq75133524/,Canada,제품 상세 (PDP),77
https://www.lg.com/ca_en/appliance-accessories/kitchen-accessories/aeb75024704/,Canada,제품 상세 (PDP),77
https://www.lg.com/ca_en/care-accessories/air-conditioners/filter/adq73493506/,Canada,제품 상세 (PDP),77
https://www.lg.com/ca_en/cell-phones/eac62858501/,Canada,제품 상세 (PDP),78
https://www.lg.com/ca_en/computer/bh12ls35/,Canada,제품 상세 (PDP),81
https://www.lg.com/ca_en/computer-accessories/sta33p/,Canada,제품 상세 (PDP),81
https://www.lg.com/ca_en/cooking-appliances/microwave-ovens/lmc1575bd/,Canada,제품 상세 (PDP),81
https://www.lg.com/ca_en/dishwashers/ldf7561st/,Canada,제품 상세 (PDP),77
https://www.lg.com/ca_en/heating-and-cooling/mini-splits-heat-pumps/knsal241a/,Canada,제품 상세 (PDP),84
https://www.lg.com/ca_en/kitchen-packages/fi25re3p4s2-kg03002/,Canada,제품 상세 (PDP),81
https://www.lg.com/ca_en/laptops/all-laptops/17z90u-g88/,Canada,제품 상세 (PDP),81
https://www.lg.com/ca_en/laundry/dryers/dle3400v/,Canada,제품 상세 (PDP),84
https://www.lg.com/ca_en/lg-mobile-phones/smartphones/lmk410wm/,Canada,제품 상세 (PDP),77
https://www.lg.com/ca_en/lg-studio/kitchen/lses6338f/,Canada,제품 상세 (PDP),84
https://www.lg.com/ca_en/lifestyle-packages/mh21rr27ar-eus/,Canada,제품 상세 (PDP),75
https://www.lg.com/ca_en/lifestyle-screens/stanbyme/27lx6tyga/,Canada,제품 상세 (PDP),81
https://www.lg.com/ca_en/monitors/fhd-qhd/24mr400-b/,Canada,제품 상세 (PDP),77
https://www.lg.com/ca_en/projectors/bu53rg/,Canada,제품 상세 (PDP),81
https://www.lg.com/ca_en/refrigerators/french-door/ldc20778st/,Canada,제품 상세 (PDP),81
https://www.lg.com/ca_en/shop/all-promotions/12-days-of-holiday-deals-2024/,Canada,제품 상세 (PDP),71
https://www.lg.com/ca_en/soundsuite/immersive-suite-5-pro/,Canada,제품 상세 (PDP),81
https://www.lg.com/ca_en/speakers/portable-speakers/pk5w1/,Canada,제품 상세 (PDP),77
https://www.lg.com/ca_en/tumble-dryers/dle7000w/,Canada,제품 상세 (PDP),81
https://www.lg.com/ca_en/tv-soundbars/4k-uhd-tvs/50uq7070zue/,Canada,제품 상세 (PDP),78
https://www.lg.com/ca_en/video/blu-ray-dvd-players/bd390c/,Canada,제품 상세 (PDP),77
https://www.lg.com/ca_en/washing-machines/wt7150cw/,Canada,제품 상세 (PDP),81
https://www.lg.com/ca_en/wireless-earbuds/tone-free/hbs850-orange/,Canada,제품 상세 (PDP),77
https://www.lg.com/ca_en/air-solutions-accessories/air-purifier-accessories/adq75133525/,Canada,제품 상세 (PDP),77
https://www.lg.com/ca_en/appliance-accessories/kitchen-accessories/aeq73570602/,Canada,제품 상세 (PDP),77
https://www.lg.com/ca_en/cell-phones/ebx63128401aetc/,Canada,제품 상세 (PDP),77
https://www.lg.com/ca_en/computer/bp06lu10/,Canada,제품 상세 (PDP),81
https://www.lg.com/ca_en/cooking-appliances/microwave-ovens/lmc1575sb/,Canada,제품 상세 (PDP),81
https://www.lg.com/ca_en/dishwashers/ldf7920bb/,Canada,제품 상세 (PDP),77
https://www.lg.com/ca_en/heating-and-cooling/mini-splits-heat-pumps/knuab091a/,Canada,제품 상세 (PDP),84
https://www.lg.com/ca_en/kitchen-packages/fi25se3p4f2-kg04002/,Canada,제품 상세 (PDP),81
https://www.lg.com/ca_en/laptops/all-laptops/17z90ub-h/,Canada,제품 상세 (PDP),81
https://www.lg.com/ca_en/laundry/dryers/dle3400w/,Canada,제품 상세 (PDP),81
https://www.lg.com/ca_en/lg-mobile-phones/smartphones/lmq620wa/,Canada,제품 상세 (PDP),77
https://www.lg.com/ca_en/lg-studio/kitchen/lsgs6338f/,Canada,제품 상세 (PDP),84
https://www.lg.com/ca_en/lifestyle-packages/mh21rrst-eus/,Canada,제품 상세 (PDP),75
https://www.lg.com/ca_en/monitors/fhd-qhd/24mr41a-b/,Canada,제품 상세 (PDP),81
https://www.lg.com/ca_en/refrigerators/french-door/ldc24370st/,Canada,제품 상세 (PDP),81
https://www.lg.com/ca_en/shop/all-promotions/12-days-of-holiday-deals-raffle-terms-and-conditions-2024/,Canada,제품 상세 (PDP),72
https://www.lg.com/ca_en/soundsuite/immersive-suite-7/,Canada,제품 상세 (PDP),81
https://www.lg.com/ca_en/speakers/portable-speakers/pk7-w/,Canada,제품 상세 (PDP),77
https://www.lg.com/ca_en/tumble-dryers/dle7150w/,Canada,제품 상세 (PDP),77
https://www.lg.com/ca_en/tv-soundbars/4k-uhd-tvs/50uq7570puj/,Canada,제품 상세 (PDP),77
https://www.lg.com/ca_en/washing-machines/wt7300cw/,Canada,제품 상세 (PDP),77
https://www.lg.com/ca_en/cooking-appliances/hoods/lg-studio-lshd3680st/,Canada,제품 상세 (PDP),81
https://www.lg.com/ca_en/cooking-appliances/cooktops/lg-studio-cbis3618be/,Canada,제품 상세 (PDP),84
https://www.lg.com/ca_en/cooking-appliances/hoods/lg-studio-lshd3089bd/,Canada,제품 상세 (PDP),81
https://www.lg.com/ca_en/cooking-appliances/hoods/lg-studio-lshd3080st/,Canada,제품 상세 (PDP),81
https://www.lg.com/ca_en/cooking-appliances/microwave-ovens/lg-studio-mves2033n/,Canada,제품 상세 (PDP),81
https://www.lg.com/ca_en/care-accessories/air-conditioners/filter/5230a30017d/,Canada,제품 상세 (PDP),77
https://www.lg.com/ca_en/care-accessories/air-conditioners/filter/adq74373301/,Canada,제품 상세 (PDP),77
https://www.lg.com/ca_en/cooking-appliances/cooktops/lg-studio-lsce305st/,Canada,제품 상세 (PDP),81
https://www.lg.com/ca_en/refrigerators/bottom-freezer/lg-studio-lsbnc1021p/,Canada,제품 상세 (PDP),81
https://www.lg.com/ca_en/cooking-appliances/cooktops/lg-studio-cbis3018be/,Canada,제품 상세 (PDP),84
https://www.lg.com/ca_en/cooking-appliances/hoods/lg-studio-lshd3080n/,Canada,제품 상세 (PDP),81
https://www.lg.com/ca_en/buying-guides/laundry-spec-library/,Canada,구매 가이드,84
https://www.lg.com/ca_en/buying-guides/monitor-lineup-guide/,Canada,구매 가이드,90
https://www.lg.com/ca_en/buying-guides/monitor-spec-library/,Canada,구매 가이드,84
https://www.lg.com/ca_en/buying-guides/refrigerator-spec-library/,Canada,구매 가이드,78
https://www.lg.com/ca_en/buying-guides/tv-lineup-guide/,Canada,구매 가이드,87
https://www.lg.com/ca_en/buying-guides/tv-spec-library/,Canada,구매 가이드,81
https://www.lg.com/ca_en/laptop-buying-guide/,Canada,구매 가이드,71
https://www.lg.com/ca_en/microsite-article/ms/it/monitor/buying-guide/,Canada,구매 가이드,61
https://www.lg.com/ca_en/microsite-article/ms/it/monitor/ultragear-buying-guide/,Canada,구매 가이드,72
https://www.lg.com/ca_en/monitor-buying-guide/,Canada,구매 가이드,65
https://www.lg.com/ca_en/monitors/buying-guides/multi-monitor/,Canada,구매 가이드,72
https://www.lg.com/ca_en/tv-soundbars/tv-buying-guide/,Canada,구매 가이드,71
https://www.lg.com/ca_en/tv-soundbars/tv-buying-guide/gaming-tv/,Canada,구매 가이드,75
https://www.lg.com/ca_en/tv-soundbars/tv-buying-guide/home-cinema/,Canada,구매 가이드,75
https://www.lg.com/ca_en/tv-soundbars/tv-buying-guide/lifestyle/,Canada,구매 가이드,72
https://www.lg.com/ca_en/tv-soundbars/tv-buying-guide/sport-tv/,Canada,구매 가이드,69
https://www.lg.com/ca_en/tv-soundbars/tv-buying-guide/tv-buying-guide1/,Canada,구매 가이드,61
https://www.lg.com/ca_en/tv-soundbars/tv-buying-guide/tv-design/,Canada,구매 가이드,72
https://www.lg.com/ca_en/tv-soundbars/tv-buying-guide/tv-size/,Canada,구매 가이드,69
https://www.lg.com/ca_en/tv-soundbars/tv-buying-guide/tv-technology/oled-vs-qned/,Canada,구매 가이드,75
https://www.lg.com/ca_en/tv-soundbars/tv-buying-guide/tv-technology/what-is-4k-tv/,Canada,구매 가이드,69
https://www.lg.com/ca_en/tv-soundbars/tv-buying-guide/what-is-a-smart-tv-ai-tv/,Canada,구매 가이드,74
https://www.lg.com/ca_en/experience/why-lg-soundbars/,Canada,LG Experience,80
https://www.lg.com/ca_en/lg-experience/4k-ultra-hd-tv-buying-guide/,Canada,LG Experience,80
https://www.lg.com/ca_en/lg-experience/helpful-hints/,Canada,LG Experience,76
https://www.lg.com/ca_en/lg-experience/helpful-hints/best-home-appliances-gifts-for-mothers-day/,Canada,LG Experience,79
https://www.lg.com/ca_en/lg-experience/helpful-hints/how-much-water-and-energy-does-a-dishwasher-use/,Canada,LG Experience,83
https://www.lg.com/ca_en/lg-experience/helpful-hints/how-to-clean-a-microwave-without-harsh-chemicals/,Canada,LG Experience,79
https://www.lg.com/ca_en/lg-experience/helpful-hints/how-to-maintain-your-cordless-vacuum/,Canada,LG Experience,72
https://www.lg.com/ca_en/lg-experience/helpful-hints/how-to-measure-and-read-tv-sizes/,Canada,LG Experience,86
https://www.lg.com/ca_en/lg-experience/helpful-hints/microwave-size-and-buying-guide/,Canada,LG Experience,80
https://www.lg.com/ca_en/lg-experience/helpful-hints/neochef/,Canada,LG Experience,73
https://www.lg.com/ca_en/lg-experience/helpful-hints/top-load-washing-machine-myths-and-truths/,Canada,LG Experience,80
https://www.lg.com/ca_en/lg-experience/helpful-hints/type-of-ice-choosing-the-right-ice-for-every-moment/,Canada,LG Experience,79
https://www.lg.com/ca_en/lg-experience/helpful-hints/ultimate-guide-to-dishwasher-article-enfr/,Canada,LG Experience,79
https://www.lg.com/ca_en/lg-experience/helpful-hints/washtower-myths-and-truths/,Canada,LG Experience,83
https://www.lg.com/ca_en/lg-experience/lg-lab/,Canada,LG Experience,69
https://www.lg.com/ca_en/lg-experience/lg-lab/best-portable-party-speakers/,Canada,LG Experience,83
https://www.lg.com/ca_en/lg-experience/lg-lab/discover-styler/,Canada,LG Experience,72
https://www.lg.com/ca_en/lg-experience/lg-lab/home-electrification/heat-pump/,Canada,LG Experience,70
https://www.lg.com/ca_en/lg-experience/lg-lab/lg-aidd/,Canada,LG Experience,83
https://www.lg.com/ca_en/lg-experience/lg-lab/lg-studio/,Canada,LG Experience,72
https://www.lg.com/ca_en/lg-experience/lg-lab/lg-studio/kitchen/,Canada,LG Experience,77
https://www.lg.com/ca_en/lg-experience/lg-lab/lg-studio/kitchen/cbis3018be/,Canada,LG Experience,79
https://www.lg.com/ca_en/lg-experience/lg-lab/lg-studio/kitchen/cbis3618b/,Canada,LG Experience,79
https://www.lg.com/ca_en/lg-experience/lg-lab/lg-studio/kitchen/cbis3618be/,Canada,LG Experience,79
https://www.lg.com/ca_en/lg-experience/lg-lab/lg-studio/kitchen/lsce305st/,Canada,LG Experience,79
https://www.lg.com/ca_en/lg-experience/lg-lab/lg-studio/kitchen/lses6338f/,Canada,LG Experience,86
https://www.lg.com/ca_en/lg-experience/lg-lab/lg-studio/kitchen/lsgs6338f/,Canada,LG Experience,86
https://www.lg.com/ca_en/lg-experience/lg-lab/lg-studio/kitchen/lsgs6338n/,Canada,LG Experience,83
https://www.lg.com/ca_en/lg-experience/lg-lab/lg-studio/kitchen/lshd3080st/,Canada,LG Experience,79
https://www.lg.com/ca_en/lg-experience/lg-lab/lg-studio/kitchen/lshd3089bd/,Canada,LG Experience,79
https://www.lg.com/ca_en/lg-experience/lg-lab/lg-studio/kitchen/lshd3680st/,Canada,LG Experience,79
https://www.lg.com/ca_en/lg-experience/lg-lab/lg-studio/kitchen/lsis3018ss/,Canada,LG Experience,83
https://www.lg.com/ca_en/lg-experience/lg-lab/lg-studio/kitchen/lsis6338f/,Canada,LG Experience,86
https://www.lg.com/ca_en/lg-experience/lg-lab/lg-studio/kitchen/lsse3026st/,Canada,LG Experience,83
https://www.lg.com/ca_en/lg-experience/lg-lab/lg-studio/kitchen/lssg3016st/,Canada,LG Experience,76
https://www.lg.com/ca_en/lg-experience/lg-lab/lg-studio/kitchen/lsws307st/,Canada,LG Experience,83
https://www.lg.com/ca_en/lg-experience/lg-lab/lg-studio/kitchen/sdwb24s3/,Canada,LG Experience,83
https://www.lg.com/ca_en/lg-experience/lg-lab/lg-studio/kitchen/srfvc2416s/,Canada,LG Experience,79
https://www.lg.com/ca_en/lg-experience/lg-lab/lg-studio/kitchen/srsxb2622s/,Canada,LG Experience,83
https://www.lg.com/ca_en/lg-experience/lg-lab/lg-studio/kitchen/wces6428f/,Canada,LG Experience,83
https://www.lg.com/ca_en/lg-experience/lg-lab/lg-studio/kitchen/wses4728f/,Canada,LG Experience,83
https://www.lg.com/ca_en/lg-experience/lg-lab/lg-studio/kitchen/wses4728f1/,Canada,LG Experience,83
https://www.lg.com/ca_en/lg-experience/lg-lab/lg-studio/laundry/,Canada,LG Experience,77
https://www.lg.com/ca_en/lg-experience/lg-lab/lg-studio/laundry/s5msb/,Canada,LG Experience,83
https://www.lg.com/ca_en/lg-experience/lg-lab/lg-studio/laundry/wsex200hna/,Canada,LG Experience,83
https://www.lg.com/ca_en/lg-experience/lg-lab/what-is-4k-television/,Canada,LG Experience,86
https://www.lg.com/ca_en/lg-experience/lg-lab/what-is-a-smart-tv/,Canada,LG Experience,86
https://www.lg.com/ca_en/lg-experience/lg-lab/which-soundbar-is-right-for-you-lg/,Canada,LG Experience,83
https://www.lg.com/ca_en/cooking-appliances/what-is-induction-cooking/,Canada,Microsite,71
https://www.lg.com/ca_en/dishwashers/top-control/,Canada,Microsite,72
https://www.lg.com/ca_en/dishwashers/top-control/ldp6797bd/,Canada,Microsite,79
https://www.lg.com/ca_en/dishwashers/top-control/ldp6797ss/,Canada,Microsite,86
https://www.lg.com/ca_en/dishwashers/top-control/ldp6797st/,Canada,Microsite,79
https://www.lg.com/ca_en/dishwashers/top-control/ldp6810ss/,Canada,Microsite,90
https://www.lg.com/ca_en/dishwashers/top-control/ldph5554d/,Canada,Microsite,79
https://www.lg.com/ca_en/dishwashers/top-control/ldph5554s/,Canada,Microsite,79
https://www.lg.com/ca_en/dishwashers/top-control/ldph6762s/,Canada,Microsite,83
https://www.lg.com/ca_en/dishwashers/top-control/ldph7972s/,Canada,Microsite,79
https://www.lg.com/ca_en/dishwashers/top-control/ldpm6762d/,Canada,Microsite,79
https://www.lg.com/ca_en/dishwashers/top-control/ldpm6762s/,Canada,Microsite,90
https://www.lg.com/ca_en/dishwashers/top-control/ldpn454ht/,Canada,Microsite,80
https://www.lg.com/ca_en/dishwashers/top-control/ldps6762d/,Canada,Microsite,79
https://www.lg.com/ca_en/dishwashers/top-control/ldps6762s/,Canada,Microsite,77
https://www.lg.com/ca_en/dishwashers/top-control/ldth7972d/,Canada,Microsite,80
https://www.lg.com/ca_en/dishwashers/top-control/ldth7972s/,Canada,Microsite,79
https://www.lg.com/ca_en/dishwashers/top-control/ldts5552d/,Canada,Microsite,79
https://www.lg.com/ca_en/dishwashers/top-control/ldts5552s/,Canada,Microsite,79
https://www.lg.com/ca_en/dishwashers/top-control/sdwb24w3/,Canada,Microsite,83
https://www.lg.com/ca_en/featured-pages/why-lg-gram/,Canada,Microsite,73
https://www.lg.com/ca_en/featured-pages/why-lg-gram/windows-11/,Canada,Microsite,77
https://www.lg.com/ca_en/featured-pages/why-lg-ultragear/,Canada,Microsite,70
https://www.lg.com/ca_en/gaming/how-esports-went-from-classroom-to-stadium/,Canada,Microsite,72
https://www.lg.com/ca_en/gaming/how-to-be-a-pro-gamer/,Canada,Microsite,72
https://www.lg.com/ca_en/laundry/top-load-washers/,Canada,Microsite,62
https://www.lg.com/ca_en/lg-experiencing-entertainment-suspend/how-to-choose-the-perfect-monitor/,Canada,Microsite,76
https://www.lg.com/ca_en/lg-innovation-stories/how-we-live-sustainably/,Canada,Microsite,66
https://www.lg.com/ca_en/lg-innovation-stories/top-tips-for-entertainment/,Canada,Microsite,72
https://www.lg.com/ca_en/lg-sustainable-living/how-to-make-your-home-energy-efficient/,Canada,Microsite,79
https://www.lg.com/ca_en/refrigerators/top-freezer-fridges/,Canada,Microsite,62
https://www.lg.com/ca_en/refrigerators/top-freezer/,Canada,Microsite,76
https://www.lg.com/ca_en/refrigerators/top-freezer/lhtns2403s/,Canada,Microsite,83
https://www.lg.com/ca_en/refrigerators/top-freezer/lrtnc0915v/,Canada,Microsite,79
https://www.lg.com/ca_en/refrigerators/top-freezer/ltnc11131v/,Canada,Microsite,79
https://www.lg.com/ca_en/shop/all-promotions/top-loads-top-rewards-2025/,Canada,Microsite,76
https://www.lg.com/ca_en/shop/all-promotions/top-loads-top-rewards-redemption-2025/,Canada,Microsite,76
https://www.lg.com/ca_en/shop/all-promotions/top-loads-top-rewards-terms-and-conditions-2025/,Canada,Microsite,79
https://www.lg.com/ca_en/shop/all-promotions/top-performance-at-prices-you-ll-love-july-2024/,Canada,Microsite,76
https://www.lg.com/ca_en/shop/all-promotions/top-performance-at-prices-you-ll-love-terms-and-conditions-july-2024/,Canada,Microsite,79
https://www.lg.com/ca_en/shop/all-promotions/what-s-hidden-won-t-stay-hidden-check-back-on-july-4-2025/,Canada,Microsite,72
https://www.lg.com/ca_en/test2/why-lg-v2/,Canada,Microsite,73
https://www.lg.com/ca_en/tv-soundbars/why-lg-oled-evo/,Canada,Microsite,77
https://www.lg.com/ca_en/tv-soundbars/why-qned-evo/,Canada,Microsite,77
https://www.lg.com/ca_en/tv-soundbars/why-true-wireless/,Canada,Microsite,80
https://www.lg.com/ca_en/oled-tvs/2022/VAR/,Canada,제품 카테고리 (PLP),79
https://www.lg.com/ca_en/tv-soundbars/,Canada,제품 카테고리 (PLP),79
https://www.lg.com/ca_en/webos-smart-tv/promotion/,Canada,제품 카테고리 (PLP),73
https://www.lg.com/ca_en/oled-tvs/2023/OLED/,Canada,제품 카테고리 (PLP),79
https://www.lg.com/ca_en/tv-soundbars/ai-tv/,Canada,제품 카테고리 (PLP),77
https://www.lg.com/ca_en/tv-soundbars/all-tv-soundbars/,Canada,제품 카테고리 (PLP),77
https://www.lg.com/ca_en/tv-soundbars/all-tv-soundbars/?ec_ft_07543752=100_Inch_and_larger,Canada,제품 카테고리 (PLP),77
https://www.lg.com/ca_en/tv-soundbars/all-tv-soundbars/?ec_ft_07543752=32_inch_and_smaller,Canada,제품 카테고리 (PLP),76
https://www.lg.com/ca_en/tv-soundbars/all-tv-soundbars/?ec_ft_07543752=42_-_48_inch,Canada,제품 카테고리 (PLP),73
https://www.lg.com/ca_en/tv-soundbars/all-tv-soundbars/?ec_ft_07543752=55_inch,Canada,제품 카테고리 (PLP),76
https://www.lg.com/ca_en/speakers/,Canada,제품 카테고리 (PLP),76
https://www.lg.com/ca_en/soundbars/eco-minded-soundbars/,Canada,제품 카테고리 (PLP),73
https://www.lg.com/ca_en/speakers/all-in-one-soundbars/,Canada,제품 카테고리 (PLP),79
https://www.lg.com/ca_en/speakers/all-soundbars/,Canada,제품 카테고리 (PLP),93
https://www.lg.com/ca_en/speakers/all-speakers/,Canada,제품 카테고리 (PLP),79
https://www.lg.com/ca_en/speakers/gaming-speakers/,Canada,제품 카테고리 (PLP),80
https://www.lg.com/ca_en/speakers/hi-fi-systems/,Canada,제품 카테고리 (PLP),79
https://www.lg.com/ca_en/speakers/home-theater-soundbar/,Canada,제품 카테고리 (PLP),79
https://www.lg.com/ca_en/speakers/party-speakers/,Canada,제품 카테고리 (PLP),79
https://www.lg.com/ca_en/speakers/portable-speakers/,Canada,제품 카테고리 (PLP),79
https://www.lg.com/ca_en/speakers/soundbars-with-subwoofer/,Canada,제품 카테고리 (PLP),79
https://www.lg.com/ca_en/monitors/,Canada,제품 카테고리 (PLP),73
https://www.lg.com/ca_en/monitors-gaming-highlight/,Canada,제품 카테고리 (PLP),80
https://www.lg.com/ca_en/monitors/all-monitors/,Canada,제품 카테고리 (PLP),73
https://www.lg.com/ca_en/monitors/ergo-monitors/,Canada,제품 카테고리 (PLP),76
https://www.lg.com/ca_en/monitors/ergomonitor/,Canada,제품 카테고리 (PLP),73
https://www.lg.com/ca_en/monitors/fhd-qhd/,Canada,제품 카테고리 (PLP),73
https://www.lg.com/ca_en/monitors/full-hd/,Canada,제품 카테고리 (PLP),80
https://www.lg.com/ca_en/monitors/gaming/,Canada,제품 카테고리 (PLP),90
https://www.lg.com/ca_en/monitors/gaming/Brandstory/,Canada,제품 카테고리 (PLP),70
https://www.lg.com/ca_en/monitors/gaming/esports/,Canada,제품 카테고리 (PLP),77
https://www.lg.com/ca_en/monitors/hyper-mini-led-gaming-monitor/,Canada,제품 카테고리 (PLP),90
https://www.lg.com/ca_en/refrigerators/,Canada,제품 카테고리 (PLP),79
https://www.lg.com/ca_en/fridge-freezers/,Canada,제품 카테고리 (PLP),62
https://www.lg.com/ca_en/zero-clearance-refrigerator/,Canada,제품 카테고리 (PLP),77
https://www.lg.com/ca_en/refrigerators/all-freezers/,Canada,제품 카테고리 (PLP),76
https://www.lg.com/ca_en/refrigerators/bottom-freezer/,Canada,제품 카테고리 (PLP),79
https://www.lg.com/ca_en/refrigerators/column-refrigerators---freezers/,Canada,제품 카테고리 (PLP),62
https://www.lg.com/ca_en/refrigerators/counter-depth-fridges/,Canada,제품 카테고리 (PLP),62
https://www.lg.com/ca_en/refrigerators/door-in-door/,Canada,제품 카테고리 (PLP),63
https://www.lg.com/ca_en/refrigerators/french-door/,Canada,제품 카테고리 (PLP),79
https://www.lg.com/ca_en/refrigerators/fridge-freezers-accessory/,Canada,제품 카테고리 (PLP),69
https://www.lg.com/ca_en/refrigerators/instaview-door-in-door/,Canada,제품 카테고리 (PLP),63
https://www.lg.com/ca_en/laundry/,Canada,제품 카테고리 (PLP),73
https://www.lg.com/ca_en/washtower/,Canada,제품 카테고리 (PLP),73
https://www.lg.com/ca_en/dishwashers/,Canada,제품 카테고리 (PLP),67
https://www.lg.com/ca_en/washer-dryers/,Canada,제품 카테고리 (PLP),62
https://www.lg.com/ca_en/washing-machines/lg-aidd/,Canada,제품 카테고리 (PLP),79
https://www.lg.com/ca_en/laundry-appliances/,Canada,제품 카테고리 (PLP),76
https://www.lg.com/ca_en/ultimatelaundryroom/,Canada,제품 카테고리 (PLP),67
https://www.lg.com/ca_en/laundry/all-in-one-washer-dryer-combo/,Canada,제품 카테고리 (PLP),60
https://www.lg.com/ca_en/washtower/story/,Canada,제품 카테고리 (PLP),73
https://www.lg.com/ca_en/dishwashers/all-dishwashers/,Canada,제품 카테고리 (PLP),73
https://www.lg.com/ca_en/washing-machines/twinwash/story/,Canada,제품 카테고리 (PLP),68
https://www.lg.com/ca_en/window-air-conditioners/,Canada,제품 카테고리 (PLP),75
https://www.lg.com/ca_en/portable-air-conditioners/,Canada,제품 카테고리 (PLP),76
https://www.lg.com/ca_en/multi-zone-air-conditioners/,Canada,제품 카테고리 (PLP),72
https://www.lg.com/ca_en/single-zone-air-conditioners/,Canada,제품 카테고리 (PLP),72
https://www.lg.com/ca_en/mini-split-air-conditioners-heat-pumps/,Canada,제품 카테고리 (PLP),69
https://www.lg.com/ca_en/air-care/,Canada,제품 카테고리 (PLP),66
https://www.lg.com/ca_en/air-solutions/coretech/air-conditioner/,Canada,제품 카테고리 (PLP),70
https://www.lg.com/ca_en/air-care/air-purifier/,Canada,제품 카테고리 (PLP),79
https://www.lg.com/ca_en/air-solutions/coretech/air-handler/,Canada,제품 카테고리 (PLP),79
https://www.lg.com/ca_en/air-care/dehumidifier/,Canada,제품 카테고리 (PLP),79
https://www.lg.com/ca_en/cooktops/,Canada,제품 카테고리 (PLP),69
https://www.lg.com/ca_en/wall-ovens/,Canada,제품 카테고리 (PLP),62
https://www.lg.com/ca_en/ranges-ovens/,Canada,제품 카테고리 (PLP),69
https://www.lg.com/ca_en/microwave-ovens/,Canada,제품 카테고리 (PLP),66
https://www.lg.com/ca_en/cooking-appliances/,Canada,제품 카테고리 (PLP),77
https://www.lg.com/ca_en/cooktops/electric-cooktops/,Canada,제품 카테고리 (PLP),70
https://www.lg.com/ca_en/ranges-ovens/electric-ranges/,Canada,제품 카테고리 (PLP),72
https://www.lg.com/ca_en/microwave-ovens/countertop-microwaves/,Canada,제품 카테고리 (PLP),62
https://www.lg.com/ca_en/cooking-appliances/all-cooking-appliances/,Canada,제품 카테고리 (PLP),76
https://www.lg.com/ca_en/cooktops/gas-cooktops/,Canada,제품 카테고리 (PLP),70
https://www.lg.com/ca_en/ranges-ovens/gas-range/,Canada,제품 카테고리 (PLP),72
https://www.lg.com/ca_en/vacuum/,Canada,제품 카테고리 (PLP),79
https://www.lg.com/ca_en/vacuum/stick-vacuums/,Canada,제품 카테고리 (PLP),76
https://www.lg.com/ca_en/accessibility/,Canada,제품 카테고리 (PLP),76
https://www.lg.com/ca_en/account-integration/,Canada,제품 카테고리 (PLP),59
https://www.lg.com/ca_en/account-integration-old/,Canada,제품 카테고리 (PLP),66
https://www.lg.com/ca_en/air-solutions-accessories/,Canada,제품 카테고리 (PLP),69
https://www.lg.com/ca_en/all-offers/lg-studio-package-deal/,Canada,제품 카테고리 (PLP),76
https://www.lg.com/ca_en/all-soundsuite/,Canada,제품 카테고리 (PLP),87
https://www.lg.com/ca_en/anna-olson-suspended/,Canada,제품 카테고리 (PLP),76
https://www.lg.com/ca_en/applemusic/,Canada,제품 카테고리 (PLP),72
https://www.lg.com/ca_en/appliance-accessories/,Canada,제품 카테고리 (PLP),76
https://www.lg.com/ca_en/arbitration/,Canada,제품 카테고리 (PLP),72
https://www.lg.com/ca_en/best-seats/rules/,Canada,제품 카테고리 (PLP),80
https://www.lg.com/ca_en/care-accessories/,Canada,제품 카테고리 (PLP),76
https://www.lg.com/ca_en/cell-phones/gx/,Canada,제품 카테고리 (PLP),79
https://www.lg.com/ca_en/ces-2025/cinebeam/,Canada,제품 카테고리 (PLP),76
https://www.lg.com/ca_en/ces2026/art-tv/,Canada,제품 카테고리 (PLP),73
https://www.lg.com/ca_en/compare-results/,Canada,제품 카테고리 (PLP),62
https://www.lg.com/ca_en/computer/,Canada,제품 카테고리 (PLP),62
https://www.lg.com/ca_en/computer-accessories/,Canada,제품 카테고리 (PLP),79
https://www.lg.com/ca_en/computer-products/,Canada,제품 카테고리 (PLP),71
https://www.lg.com/ca_en/computing/featured-page/gaming-monitor/,Canada,제품 카테고리 (PLP),77
https://www.lg.com/ca_en/config/,Canada,제품 카테고리 (PLP),59
https://www.lg.com/ca_en/connected-at-home/,Canada,제품 카테고리 (PLP),69
https://www.lg.com/ca_en/about-lg/press-and-media/,Canada,Press & Media,78
https://www.lg.com/ca_en/about-lg/press-and-media/JUVENTUS-OFFICIAL-FAN-CLUB-TORONTO-NAMED-WINNER-OF-THE-LG-MATCH-DAY-HEROES-CONTEST/,Canada,Press & Media,85
https://www.lg.com/ca_en/about-lg/press-and-media/LG-CANADA-ANNOUNCES-PRICING-AND-AVAILABILITY-FOR-2026-ULTRAGEAR-GAMING-MONITORS-AND-OLED-EVO-W6-WALLPAPER-TV-/,Canada,Press & Media,86
https://www.lg.com/ca_en/about-lg/press-and-media/LG-ELECTRONICS-CANADA-ANNOUNCES-2026-HOME-APPLIANCE-LINEUP-BUILT-FOR-EFFICIENT-LIVING/,Canada,Press & Media,85
https://www.lg.com/ca_en/about-lg/press-and-media/LG-ELECTRONICS-CANADA-ANNOUNCES-AVAILABILITY-AND-PRICING-OF-2026-OLED-TV-LINEUP-AND-LG-SOUND-SUITE-/,Canada,Press & Media,85
https://www.lg.com/ca_en/about-lg/press-and-media/LG-ELECTRONICS-CANADA-CELEBRATES-FIVE-CONSECUTIVE-YEARS-AS-CANADAS--1-MAJOR-APPPLIANCE-BRAND-WITH-NATIONAL-SWEEPSTAKES/,Canada,Press & Media,76
https://www.lg.com/ca_en/about-lg/press-and-media/LG-ELECTRONICS-TEAMS-UP-WITH-PRIME-VIDEO-TO-POWER-AN-EPIC-HOME-PREMIERE-OF-MASTERS-OF-THE-UNIVERSE-/,Canada,Press & Media,85
https://www.lg.com/ca_en/about-lg/press-and-media/LG-HONOURED-WITH-MAJOR-APPLIANCE-INDUSTRY-PERFORMANCE-AWARD-FROM-CIRCANA/,Canada,Press & Media,81
https://www.lg.com/ca_en/about-lg/press-and-media/LG-LAUNCHES-MATCH-DAY-HEROES-TO-CELEBRATE-THE-COMMUNITIES-BEHIND-CANADAS-SOCCER-CULTURE/,Canada,Press & Media,85
https://www.lg.com/ca_en/about-lg/press-and-media/NEW-SURVEY-FROM-LG-CANADA-REVEALS-HOW-CANADIANS-REALLY-LOAD-THEIR-DISHWASHERS/,Canada,Press & Media,81
https://www.lg.com/ca_en/about-lg/press-and-media/SHOW-US-YOUR-SETUP--LG-CANADA-LAUNCHES-BACK-TO-SCHOOL-CONTEST/,Canada,Press & Media,81
https://www.lg.com/ca_en/about-lg/press-and-media/innovative-new-television-form-factor-arrives-in-canada-with-lg-oled-objet-collection-pos-tv/,Canada,Press & Media,81
https://www.lg.com/ca_en/about-lg/press-and-media/lg-2023-sound-bars-enrich-home-entertainment-with-immersive-audio-and-versatile-features/,Canada,Press & Media,78
https://www.lg.com/ca_en/about-lg/press-and-media/lg-announces-global-launch-of-revolutionary-lg-thinq-up-appliances/,Canada,Press & Media,81
https://www.lg.com/ca_en/about-lg/press-and-media/lg-delivers-year-around-comfort-and-elegance-with-new-artcool--gallery-at-ces-2023/,Canada,Press & Media,78
https://www.lg.com/ca_en/about-lg/press-and-media/lg-electronics-canada-honoured-by-natural-re-sources-canada-as-2022-energy-star--appliance-manufacturer-of-the-year/,Canada,Press & Media,85
https://www.lg.com/ca_en/about-lg/press-and-media/lg-electronics-canada-rebrands-customer-service-to-LG-careq/,Canada,Press & Media,70
https://www.lg.com/ca_en/about-lg/press-and-media/lg-electronics-canada-renews-multi-year-partnership-with-mlse-and-continues-celebrating-fans--lifesgoodmoment/,Canada,Press & Media,81
https://www.lg.com/ca_en/about-lg/press-and-media/lg-honoured-with-dozens-of-ces-2023-innovation-awards/,Canada,Press & Media,81
https://www.lg.com/ca_en/about-lg/press-and-media/lg-refrigerator-with-moodup-brings-a-more-colourful-lifestyle-to-the-kitchen/,Canada,Press & Media,78
https://www.lg.com/ca_en/about-lg/press-and-media/lg-showcases-upgraded-culinary-life-with-its-new-kitchen-solutions-at-ces-2023/,Canada,Press & Media,78
https://www.lg.com/ca_en/about-lg/press-and-media/lg-suspends-shipments-to-russia/,Canada,Press & Media,78
https://www.lg.com/ca_en/about-lg/press-and-media/lg-to-close-mobile-phone-business-worldwide/,Canada,Press & Media,81
https://www.lg.com/ca_en/about-lg/press-and-media/lg-to-close-solar-panel-business/,Canada,Press & Media,81
https://www.lg.com/ca_en/about-lg/press-and-media/lg-to-present-esg-vision-for-better-life-for-all-at-ces-2023/,Canada,Press & Media,78
https://www.lg.com/ca_en/support/,Canada,Support - 일반,86
https://www.lg.com/ca_en/support/0_financing/,Canada,Support - 일반,78
https://www.lg.com/ca_en/support/additional-support/,Canada,Support - 일반,61
https://www.lg.com/ca_en/support/adobe_qa/,Canada,Support - 일반,64
https://www.lg.com/ca_en/support/announcement/,Canada,Support - 일반,78
https://www.lg.com/ca_en/support/announcement/CANTC121109100560/,Canada,Support - 일반,78
https://www.lg.com/ca_en/support/announcement/CANTC121219101580/,Canada,Support - 일반,78
https://www.lg.com/ca_en/support/announcement/CANTC131019103220/,Canada,Support - 일반,74
https://www.lg.com/ca_en/support/announcement/CANTC160827120720/,Canada,Support - 일반,74
https://www.lg.com/ca_en/support/announcement/CANTC161021120940/,Canada,Support - 일반,74
https://www.lg.com/ca_en/support/announcement/CANTC161214121440/,Canada,Support - 일반,81
https://www.lg.com/ca_en/support/announcement/CANTC170906122420/,Canada,Support - 일반,74
https://www.lg.com/ca_en/support/announcement/CANTC180608123640/,Canada,Support - 일반,74
https://www.lg.com/ca_en/support/announcement/CANTC180623123860/,Canada,Support - 일반,74
https://www.lg.com/ca_en/support/announcement/CANTC180807124080/,Canada,Support - 일반,74
https://www.lg.com/ca_en/support/announcement/CANTC20200420150070/,Canada,Support - 일반,74
https://www.lg.com/ca_en/support/announcement/CANTC20210405151170/,Canada,Support - 일반,78
https://www.lg.com/ca_en/support/announcement/CANTC20210705151434/,Canada,Support - 일반,74
https://www.lg.com/ca_en/support/announcement/CANTC20210712151491/,Canada,Support - 일반,74
https://www.lg.com/ca_en/support/announcement/CANTC20210831151631/,Canada,Support - 일반,74
https://www.lg.com/ca_en/support/announcement/CANTC20220519152342/,Canada,Support - 일반,78
https://www.lg.com/ca_en/support/announcement/CANTC20220601152390/,Canada,Support - 일반,71
https://www.lg.com/ca_en/support/announcement/CANTC20220608152515/,Canada,Support - 일반,78
https://www.lg.com/ca_en/support/announcement/CANTC20221105153161/,Canada,Support - 일반,78
https://www.lg.com/ca_en/support/announcement/CANTC20230113153350/,Canada,Support - 일반,74
https://www.lg.com/ca_en/support/announcement/CANTC20230504153726/,Canada,Support - 일반,78
https://www.lg.com/ca_en/support/announcement/CANTC20230504153727/,Canada,Support - 일반,78
https://www.lg.com/ca_en/support/announcement/CANTC202305041537271/,Canada,Support - 일반,78
https://www.lg.com/ca_en/support/announcement/CANTC20231003101015/,Canada,Support - 일반,81
https://www.lg.com/ca_en/support/announcement/lg-careq/,Canada,Support - 일반,78
https://www.lg.com/ca_en/support/announcement/lg-range-recall/,Canada,Support - 일반,81
https://www.lg.com/ca_en/support/announcement/notice-of-spotify-service-termination/,Canada,Support - 일반,74
https://www.lg.com/ca_en/support/announcement/notice-of-termination-of-the-services-of-gracenote-music-id-video-id-eyeq-epg-for-blu-ray-player-blu-ray-home-theater-system-will-no-longer-be-available/,Canada,Support - 일반,78
https://www.lg.com/ca_en/support/announcement/notice-on-termination-of-services-of-accuweather/,Canada,Support - 일반,78
https://www.lg.com/ca_en/support/announcement/notice-on-termination-of-services-of-lg-electronics-mobile-phone-software-upgrade-fota-update-centre-and-lg-bridge/,Canada,Support - 일반,78
https://www.lg.com/ca_en/support/announcement/notice-to-quebec-consumers-concerning-the-legal-warranty/,Canada,Support - 일반,74
https://www.lg.com/ca_en/support/complaints/,Canada,Support - 일반,70
https://www.lg.com/ca_en/support/config/,Canada,Support - 일반,59
https://www.lg.com/ca_en/support/contact-us/,Canada,Support - 일반,86
https://www.lg.com/ca_en/support/contact-us/business-contact-information/,Canada,Support - 일반,85
https://www.lg.com/ca_en/support/contact-us/complaints/,Canada,Support - 일반,79
https://www.lg.com/ca_en/support/contact-us/contact-us1/,Canada,Support - 일반,63
https://www.lg.com/ca_en/support/contact-us/document-upload/,Canada,Support - 일반,89
https://www.lg.com/ca_en/support/contact-us/document-upload/failure/,Canada,Support - 일반,75
https://www.lg.com/ca_en/support/contact-us/document-upload/success/,Canada,Support - 일반,71
https://www.lg.com/ca_en/support/contact-us/email-to-ceo/,Canada,Support - 일반,82
https://www.lg.com/ca_en/support/contact-us/email-to-ceo/failure/,Canada,Support - 일반,75
https://www.lg.com/ca_en/support/contact-us/email-to-ceo/success/,Canada,Support - 일반,75
https://www.lg.com/ca_en/support/contact-us/email-us/,Canada,Support - 일반,75
https://www.lg.com/ca_en/support/contact-us/email-us/failure/,Canada,Support - 일반,75
https://www.lg.com/ca_en/support/contact-us/email-us/success/,Canada,Support - 일반,75
https://www.lg.com/ca_en/support/contact-us/find-service-centre/,Canada,Support - 일반,79
https://www.lg.com/ca_en/support/contact-us/inquiry-status/,Canada,Support - 일반,79
https://www.lg.com/ca_en/support/contact-us/inquiry-status/failure/,Canada,Support - 일반,71
https://www.lg.com/ca_en/support/contact-us/inquiry-status/inquiry-result/,Canada,Support - 일반,86
https://www.lg.com/ca_en/support/contact-us/lg-customer-care-number-call-lg-support/,Canada,Support - 일반,79
https://www.lg.com/ca_en/support/contact-us/notice/,Canada,Support - 일반,75
https://www.lg.com/ca_en/support/contact-us/remote-service-appointment/,Canada,Support - 일반,82
https://www.lg.com/ca_en/support/contact-us/remote-service-appointment/request-complete/,Canada,Support - 일반,75
https://www.lg.com/ca_en/support/contact-us/remote-service-appointment/request-failed/,Canada,Support - 일반,71
https://www.lg.com/ca_en/support/contact-us/service-via-whatsapp/,Canada,Support - 일반,79
https://www.lg.com/ca_en/support/contact-us/share-your-feedback/,Canada,Support - 일반,82
https://www.lg.com/ca_en/support/contact-us/share-your-feedback/failure/,Canada,Support - 일반,71
https://www.lg.com/ca_en/support/contact-us/share-your-feedback/success/,Canada,Support - 일반,75
https://www.lg.com/ca_en/support/contactus/business-contact-Information/,Canada,Support - 일반,67
https://www.lg.com/ca_en/support/contactus/document-upload/,Canada,Support - 일반,71
https://www.lg.com/ca_en/support/contactus/inquiry-status/inquiry-result/,Canada,Support - 일반,68
https://www.lg.com/ca_en/support/contactus/live-remote-service-appointment/,Canada,Support - 일반,64
https://www.lg.com/ca_en/support/extended-warranty/,Canada,Support - 일반,67
https://www.lg.com/ca_en/support/financing/,Canada,Support - 일반,85
https://www.lg.com/ca_en/support/glossary/,Canada,Support - 일반,82
https://www.lg.com/ca_en/support/product-support/troubleshoot/help-library/cs-CT52006110-20155048194547,Canada,Support - Troubleshoot,75
https://www.lg.com/ca_en/support/product-support/troubleshoot/help-library/cs-CT52001644-20155130214995/,Canada,Support - Troubleshoot,75
https://www.lg.com/ca_en/support/product-support/troubleshoot/help-library/cs-CT52001646-20155377714793/,Canada,Support - Troubleshoot,75
https://www.lg.com/ca_en/support/product-support/troubleshoot/help-library/cs-CT52006110-20155048190769,Canada,Support - Troubleshoot,75
https://www.lg.com/ca_en/support/product-support/troubleshoot/help-library/cs-CT52006110-20155183801725/,Canada,Support - Troubleshoot,79
https://www.lg.com/ca_en/support/product-support/troubleshoot/help-library/cs-CT52001644-20155101727812,Canada,Support - Troubleshoot,75
https://www.lg.com/ca_en/support/product-support/troubleshoot/help-library/cs-CT52001646-20155028291727/,Canada,Support - Troubleshoot,75
https://www.lg.com/ca_en/support/product-support/troubleshoot/help-library/cs-CT52001644-20155295248170/,Canada,Support - Troubleshoot,75
https://www.lg.com/ca_en/support/product-support/troubleshoot/help-library/cs-CT52006110-20155412570876,Canada,Support - Troubleshoot,75
https://www.lg.com/ca_en/support/product-support/troubleshoot/help-library/cs-CT52001643-20155377787112/,Canada,Support - Troubleshoot,75
https://www.lg.com/ca_en/support/product-support/troubleshoot/help-library/cs-CT52006110-20155130413192/,Canada,Support - Troubleshoot,75
https://www.lg.com/ca_en/support/product-help/CT20098040-20150121734487,Canada,Support - Troubleshoot,75
https://www.lg.com/ca_en/support/product-support/troubleshoot/help-library/cs-CT52001646-20155333771990/,Canada,Support - Troubleshoot,75
https://www.lg.com/ca_en/support/product-support/troubleshoot/help-library/cs-CT52001644-20155102931118/,Canada,Support - Troubleshoot,75
https://www.lg.com/ca_en/support/product-support/troubleshoot/help-library/cs-CT52001646-20155051174286/,Canada,Support - Troubleshoot,75
https://www.lg.com/ca_en/support/product-support/troubleshoot/help-library/cs-CT52001644-20155065328685/,Canada,Support - Troubleshoot,75
https://www.lg.com/ca_en/support/product-support/troubleshoot/help-library/cs-CT52001644-20155114034191/,Canada,Support - Troubleshoot,75
https://www.lg.com/ca_en/support/product-support/troubleshoot/help-library/cs-CT52006110-20155048182195,Canada,Support - Troubleshoot,75
https://www.lg.com/ca_en/support/product-support/troubleshoot/help-library/cs-CT52001643-20155140877576,Canada,Support - Troubleshoot,75
https://www.lg.com/ca_en/support/product-support/troubleshoot/help-library/cs-CT52001644-20155102978829,Canada,Support - Troubleshoot,75
https://www.lg.com/ca_en/support/product-support/troubleshoot/help-library/cs-CT52001644-20155114214879/,Canada,Support - Troubleshoot,75
https://www.lg.com/ca_en/support/product-support/troubleshoot/help-library/cs-CT32005681-20155119003826,Canada,Support - Troubleshoot,75
https://www.lg.com/ca_en/support/product-support/troubleshoot/help-library/cs-CT52001646-20155146788052/,Canada,Support - Troubleshoot,75
https://www.lg.com/ca_en/support/product-support/troubleshoot/help-library/cs-CT52001646-20155311502235/,Canada,Support - Troubleshoot,75
https://www.lg.com/ca_en/support/product-support/troubleshoot/help-library/cs-CT52001644-20155048201823/,Canada,Support - Troubleshoot,75
https://www.lg.com/ca_en/support/product-support/troubleshoot/help-library/cs-CT52001643-20155063961192,Canada,Support - Troubleshoot,75
https://www.lg.com/ca_en/support/product-support/troubleshoot/help-library/cs-CT52001644-20155102795862/,Canada,Support - Troubleshoot,75
https://www.lg.com/ca_en/support/product-support/troubleshoot/help-library/cs-CT32004641-20155199003031,Canada,Support - Troubleshoot,75
https://www.lg.com/ca_en/support/product-support/troubleshoot/help-library/cs-CT52001644-20155177649603/,Canada,Support - Troubleshoot,75
https://www.lg.com/ca_en/support/product-support/troubleshoot/help-library/cs-CT52001644-20155102799560/,Canada,Support - Troubleshoot,75
https://www.lg.com/ca_en/support/product-support/troubleshoot/help-library/cs-CT32005681-20155014963117,Canada,Support - Troubleshoot,75
https://www.lg.com/ca_en/support/product-support/troubleshoot/help-library/cs-CT32004641-20155060985301,Canada,Support - Troubleshoot,75
https://www.lg.com/ca_en/support/product-support/troubleshoot/help-library/cs-CT52001643-20155412212632,Canada,Support - Troubleshoot,75
https://www.lg.com/ca_en/support/product-support/troubleshoot/help-library/cs-CT52001646-20155311258275/,Canada,Support - Troubleshoot,75
https://www.lg.com/ca_en/support/product-support/troubleshoot/help-library/cs-CT52001643-20155105899739/,Canada,Support - Troubleshoot,75
https://www.lg.com/ca_en/support/product-support/troubleshoot/help-library/cs-CT52001646-20155062024742,Canada,Support - Troubleshoot,75
https://www.lg.com/ca_en/support/product-support/troubleshoot/help-library/cs-CT52006110-20155128298706/,Canada,Support - Troubleshoot,75
https://www.lg.com/ca_en/support/product-support/troubleshoot/help-library/cs-CT52001644-20155092723807/,Canada,Support - Troubleshoot,75
https://www.lg.com/ca_en/support/product-support/troubleshoot/help-library/cs-CT52006110-20155131934965,Canada,Support - Troubleshoot,75
https://www.lg.com/ca_en/support/product-support/troubleshoot/help-library/cs-CT52001644-20155102817652,Canada,Support - Troubleshoot,75
https://www.lg.com/ca_en/support/product-support/troubleshoot/help-library/cs-CT52001644-20155370303100/,Canada,Support - Troubleshoot,75
https://www.lg.com/ca_en/support/product-support/troubleshoot/help-library/cs-CT52001646-20155047764799,Canada,Support - Troubleshoot,75
https://www.lg.com/ca_en/support/product-support/troubleshoot/help-library/cs-CT52006110-20155130674451/,Canada,Support - Troubleshoot,75
https://www.lg.com/ca_en/support/product-support/troubleshoot/help-library/cs-CT52001644-20155028328192,Canada,Support - Troubleshoot,75
https://www.lg.com/ca_en/support/product-support/troubleshoot/help-library/cs-CT52001644-20155102822696,Canada,Support - Troubleshoot,75
https://www.lg.com/ca_en/support/product-support/troubleshoot/help-library/cs-CT52001644-20155101718495/,Canada,Support - Troubleshoot,75
https://www.lg.com/ca_en/support/product-support/troubleshoot/help-library/cs-CT52001643-20155311276825/,Canada,Support - Troubleshoot,75
https://www.lg.com/ca_en/support/product-support/troubleshoot/help-library/cs-CT32005681-20155115714102,Canada,Support - Troubleshoot,75
https://www.lg.com/ca_en/support/product-support/troubleshoot/help-library/cs-CT52001643-20154967819894/,Canada,Support - Troubleshoot,75
https://www.lg.com/ca_en/support/product-support/troubleshoot/help-library/cs-CT52001644-20155105954103,Canada,Support - Troubleshoot,75
https://www.lg.com/ca_en/support/product-support/troubleshoot/help-library/cs-CT52001644-20155102935653/,Canada,Support - Troubleshoot,75
https://www.lg.com/ca_en/support/product-support/troubleshoot/help-library/cs-CT52006110-20155198999813/,Canada,Support - Troubleshoot,75
https://www.lg.com/ca_en/support/product-support/troubleshoot/help-library/cs-CT52001644-20154982199574/,Canada,Support - Troubleshoot,75
https://www.lg.com/ca_en/support/product-support/troubleshoot/help-library/cs-CT52001646-20155029348265/,Canada,Support - Troubleshoot,75
https://www.lg.com/ca_en/support/product-support/troubleshoot/help-library/cs-CT52001644-20155101732327/,Canada,Support - Troubleshoot,75
https://www.lg.com/ca_en/support/product-support/troubleshoot/help-library/cs-CT52006110-20155134071291/,Canada,Support - Troubleshoot,75
https://www.lg.com/ca_en/support/product-support/troubleshoot/help-library/cs-CT52001644-20155103090594/,Canada,Support - Troubleshoot,75
https://www.lg.com/ca_en/support/product-support/troubleshoot/help-library/cs-CT52001644-20155102922031/,Canada,Support - Troubleshoot,75
https://www.lg.com/ca_en/support/product-support/troubleshoot/help-library/cs-CT52001644-20155101718050,Canada,Support - Troubleshoot,75
https://www.lg.com/ca_en/support/product-support/troubleshoot/help-library/cs-CT52001644-20155101719876,Canada,Support - Troubleshoot,75
https://www.lg.com/ca_en/support/product-support/troubleshoot/help-library/cs-CT52001643-20155052621589,Canada,Support - Troubleshoot,75
https://www.lg.com/ca_en/support/product-support/troubleshoot/help-library/cs-CT52006110-20155114023194,Canada,Support - Troubleshoot,75
https://www.lg.com/ca_en/support/product-support/troubleshoot/help-library/cs-CT52001643-20154996610870,Canada,Support - Troubleshoot,75
https://www.lg.com/ca_en/support/product-support/troubleshoot/help-library/cs-CT52001644-20155102947679/,Canada,Support - Troubleshoot,75
https://www.lg.com/ca_en/support/product-support/troubleshoot/help-library/cs-CT52001644-20155092732093/,Canada,Support - Troubleshoot,75
https://www.lg.com/ca_en/support/product-support/troubleshoot/help-library/cs-CT52001643-20155105899038/,Canada,Support - Troubleshoot,75
https://www.lg.com/ca_en/support/product-support/troubleshoot/help-library/cs-CT52001644-20155148961258/,Canada,Support - Troubleshoot,75
https://www.lg.com/ca_en/support/product-support/troubleshoot/help-library/cs-CT52001646-20155113389343/,Canada,Support - Troubleshoot,75
https://www.lg.com/ca_en/support/product-support/troubleshoot/help-library/cs-CT32004642-20155062560913,Canada,Support - Troubleshoot,75
https://www.lg.com/ca_en/support/product-support/troubleshoot/help-library/cs-CT52001643-20155154187826,Canada,Support - Troubleshoot,75
https://www.lg.com/ca_en/support/product-support/troubleshoot/help-library/cs-CT52001646-20155268977272,Canada,Support - Troubleshoot,75
https://www.lg.com/ca_en/support/product-support/troubleshoot/help-library/cs-CT52001644-20155048209300,Canada,Support - Troubleshoot,75
https://www.lg.com/ca_en/support/product-support/troubleshoot/help-library/cs-CT52001643-20155051196024,Canada,Support - Troubleshoot,75
https://www.lg.com/ca_en/support/product-support/troubleshoot/help-library/cs-CT52001644-20155102834211,Canada,Support - Troubleshoot,75
https://www.lg.com/ca_en/support/product-support/troubleshoot/help-library/cs-CT52001646-20155140645709/,Canada,Support - Troubleshoot,75
https://www.lg.com/ca_en/support/product-support/troubleshoot/help-library/cs-CT52001644-20155028331934/,Canada,Support - Troubleshoot,75
https://www.lg.com/ca_en/support/product-support/troubleshoot/help-library/cs-CT52001644-20155103106278/,Canada,Support - Troubleshoot,75
https://www.lg.com/ca_en/support/product-support/troubleshoot/help-library/cs-CT32005681-20155113404272,Canada,Support - Troubleshoot,75
https://www.lg.com/ca_en/support/product-support/troubleshoot/help-library/cs-CT52001644-20155295248142/,Canada,Support - Troubleshoot,75
https://www.lg.com/ca_en/support/product-support/troubleshoot/help-library/cs-CT52001644-20155268061305/,Canada,Support - Troubleshoot,75
https://www.lg.com/ca_en/support/product-support/troubleshoot/help-library/cs-CT52001644-20155102764124,Canada,Support - Troubleshoot,75
https://www.lg.com/ca_en/support/product-support/troubleshoot/help-library/cs-CT52001644-20155102941063,Canada,Support - Troubleshoot,75
https://www.lg.com/ca_en/support/product-support/troubleshoot/help-library/cs-CT52001643-20155019525907,Canada,Support - Troubleshoot,75
https://www.lg.com/ca_en/support/product-support/troubleshoot/help-library/cs-CT52001646-20155311293376/,Canada,Support - Troubleshoot,75
https://www.lg.com/ca_en/support/product-support/troubleshoot/help-library/cs-CT52001646-20155006102790/,Canada,Support - Troubleshoot,75
https://www.lg.com/ca_en/support/product-support/troubleshoot/help-library/cs-CT52001643-20155155361290,Canada,Support - Troubleshoot,75
https://www.lg.com/ca_en/support/product-support/troubleshoot/help-library/cs-CT52001646-20155019543121,Canada,Support - Troubleshoot,75
https://www.lg.com/ca_en/support/product-support/troubleshoot/help-library/cs-CT52001644-20155094143322/,Canada,Support - Troubleshoot,75
https://www.lg.com/ca_en/support/product-support/troubleshoot/help-library/cs-CT52001643-20155115738645,Canada,Support - Troubleshoot,75
https://www.lg.com/ca_en/support/product-support/troubleshoot/help-library/cs-CT52001646-20155006049806/,Canada,Support - Troubleshoot,75
https://www.lg.com/ca_en/support/product-support/troubleshoot/help-library/cs-CT52001644-20155102830534,Canada,Support - Troubleshoot,75
https://www.lg.com/ca_en/support/product-support/troubleshoot/help-library/cs-CT52001644-20155101725446/,Canada,Support - Troubleshoot,75
https://www.lg.com/ca_en/support/product-support/troubleshoot/help-library/cs-CT52001646-20155269106216/,Canada,Support - Troubleshoot,75
https://www.lg.com/ca_en/support/product-support/troubleshoot/help-library/cs-CT52001644-20155101726683/,Canada,Support - Troubleshoot,79
https://www.lg.com/ca_en/support/product-support/troubleshoot/help-library/cs-CT52001644-20155255021033/,Canada,Support - Troubleshoot,75
https://www.lg.com/ca_en/support/product-support/troubleshoot/help-library/cs-CT52001644-20155379438792/,Canada,Support - Troubleshoot,75
https://www.lg.com/ca_en/support/product-support/troubleshoot/help-library/cs-CT52001646-20155179474775,Canada,Support - Troubleshoot,75
https://www.lg.com/ca_en/support/product-support/troubleshoot/help-library/cs-CT52006110-20155342657177/,Canada,Support - Troubleshoot,75
https://www.lg.com/ca_en/support/product-support/troubleshoot/help-library/cs-CT52001646-20155331398212/,Canada,Support - Troubleshoot,75
https://www.lg.com/ca_en/support/product-support/troubleshoot/help-library/cs-CT52001644-20155368582330/,Canada,Support - Troubleshoot,75
https://www.lg.com/de/lifestyle-tvs/stanbyme/32lx6bpga/,Germany,제품 상세 (PDP),84
https://www.lg.com/de/tvs-und-soundbars/100mrgb96b9/,Germany,제품 상세 (PDP),84
https://www.lg.com/de/tv/2022/alpha7/,Germany,제품 상세 (PDP),66
https://www.lg.com/de/lifestyle-tvs/objet-collection-art90/65art90e9qa/,Germany,제품 상세 (PDP),84
https://www.lg.com/de/tvs-und-soundbars/2024/,Germany,제품 상세 (PDP),68
https://www.lg.com/de/tv/20221/alpha7/,Germany,제품 상세 (PDP),72
https://www.lg.com/de/lifestyle-tvs/objet-collection-pose/42lx1q9la/,Germany,제품 상세 (PDP),84
https://www.lg.com/de/tvs-und-soundbars/4k-uhd-tvs/,Germany,제품 상세 (PDP),90
https://www.lg.com/de/tv/20221/alpha9/,Germany,제품 상세 (PDP),75
https://www.lg.com/de/lifestyle-tvs/objet-collection-pose/48lx1q9la/,Germany,제품 상세 (PDP),84
https://www.lg.com/de/tvs-und-soundbars/4k-uhd-tvs/40ub800v/,Germany,제품 상세 (PDP),84
https://www.lg.com/de/tv/alpha7/,Germany,제품 상세 (PDP),71
https://www.lg.com/de/lifestyle-tvs/objet-collection-pose/55lx1q6la/,Germany,제품 상세 (PDP),84
https://www.lg.com/de/tvs-und-soundbars/4k-uhd-tvs/40uh630v/,Germany,제품 상세 (PDP),84
https://www.lg.com/de/tv/alpha9/,Germany,제품 상세 (PDP),71
https://www.lg.com/de/lifestyle-tvs/objet-collection-pose/55lx1q9la/,Germany,제품 상세 (PDP),84
https://www.lg.com/de/tvs-und-soundbars/4k-uhd-tvs/43uf6409/,Germany,제품 상세 (PDP),84
https://www.lg.com/de/tv/nano-cell-tv/2021/a7-ai-processor/,Germany,제품 상세 (PDP),77
https://www.lg.com/de/lifestyle-tvs/objet-collection-pose/55lx1t6la/,Germany,제품 상세 (PDP),84
https://www.lg.com/de/tvs-und-soundbars/4k-uhd-tvs/43uf6909/,Germany,제품 상세 (PDP),84
https://www.lg.com/de/tv/nano-cell-tv/2021/a9-ai-processor/,Germany,제품 상세 (PDP),75
https://www.lg.com/de/lifestyle-tvs/oled-flex/42lx3q6la/,Germany,제품 상세 (PDP),84
https://www.lg.com/de/tvs-und-soundbars/4k-uhd-tvs/43uh6109/,Germany,제품 상세 (PDP),84
https://www.lg.com/de/tv/oled-tv/2021/a7-ai-processor/,Germany,제품 상세 (PDP),77
https://www.lg.com/de/lifestyle-tvs/oled-flex/42lx3q9la/,Germany,제품 상세 (PDP),84
https://www.lg.com/de/tvs-und-soundbars/4k-uhd-tvs/43uh620v/,Germany,제품 상세 (PDP),84
https://www.lg.com/de/tv/oled-tv/2021/a9-ai-processor/,Germany,제품 상세 (PDP),75
https://www.lg.com/de/lifestyle-tvs/stanbyme-go/27lx5qkna-t90swh/,Germany,제품 상세 (PDP),84
https://www.lg.com/de/tvs-und-soundbars/4k-uhd-tvs/43uh6509/,Germany,제품 상세 (PDP),84
https://www.lg.com/de/tv/warum-oled/10-Jahre-oled/,Germany,제품 상세 (PDP),75
https://www.lg.com/de/lifestyle-tvs/stanbyme-go/27lx5qkna/,Germany,제품 상세 (PDP),84
https://www.lg.com/de/tvs-und-soundbars/4k-uhd-tvs/43uh661v/,Germany,제품 상세 (PDP),84
https://www.lg.com/de/audio/xboom360/,Germany,제품 상세 (PDP),69
https://www.lg.com/de/lautsprecher/audio-zubehor/nd1520/,Germany,제품 상세 (PDP),84
https://www.lg.com/de/lautsprecher/audio-zubehor/nd4520/,Germany,제품 상세 (PDP),84
https://www.lg.com/de/lautsprecher/audio-zubehor/nd5520/,Germany,제품 상세 (PDP),84
https://www.lg.com/de/lautsprecher/audio-zubehor/r1-mr140/,Germany,제품 상세 (PDP),84
https://www.lg.com/de/lautsprecher/audio-zubehor/tn530v/,Germany,제품 상세 (PDP),76
https://www.lg.com/de/lautsprecher/bluetooth-lautsprecher/dgp9/,Germany,제품 상세 (PDP),84
https://www.lg.com/de/lautsprecher/bluetooth-lautsprecher/dxg5qbk/,Germany,제품 상세 (PDP),81
https://www.lg.com/de/lautsprecher/bluetooth-lautsprecher/dxg5qgr/,Germany,제품 상세 (PDP),84
https://www.lg.com/de/lautsprecher/hi-fi-systeme/86ur78-spq8-ds90qy/,Germany,제품 상세 (PDP),84
https://www.lg.com/de/lautsprecher/hi-fi-systeme/bh6230c/,Germany,제품 상세 (PDP),84
https://www.lg.com/de/lautsprecher/hi-fi-systeme/bh6230s/,Germany,제품 상세 (PDP),84
https://www.lg.com/de/lautsprecher/hi-fi-systeme/bh6430p/,Germany,제품 상세 (PDP),84
https://www.lg.com/de/lautsprecher/hi-fi-systeme/bh6520t/,Germany,제품 상세 (PDP),84
https://www.lg.com/de/lautsprecher/hi-fi-systeme/bh7430pb/,Germany,제품 상세 (PDP),84
https://www.lg.com/de/lautsprecher/hi-fi-systeme/bh7430pb1/,Germany,제품 상세 (PDP),84
https://www.lg.com/de/lautsprecher/hi-fi-systeme/cj44/,Germany,제품 상세 (PDP),84
https://www.lg.com/de/lautsprecher/hi-fi-systeme/cj88/,Germany,제품 상세 (PDP),76
https://www.lg.com/de/lautsprecher/hi-fi-systeme/ck43/,Germany,제품 상세 (PDP),84
https://www.lg.com/de/lautsprecher/hi-fi-systeme/cl65/,Germany,제품 상세 (PDP),84
https://www.lg.com/de/lautsprecher/hi-fi-systeme/cm1530bt/,Germany,제품 상세 (PDP),84
https://www.lg.com/de/lautsprecher/hi-fi-systeme/cm1560/,Germany,제품 상세 (PDP),84
https://www.lg.com/de/lautsprecher/hi-fi-systeme/cm1560dab/,Germany,제품 상세 (PDP),84
https://www.lg.com/de/lautsprecher/hi-fi-systeme/cm2440/,Germany,제품 상세 (PDP),84
https://www.lg.com/de/lautsprecher/hi-fi-systeme/cm2460/,Germany,제품 상세 (PDP),84
https://www.lg.com/de/lautsprecher/hi-fi-systeme/cm2460dab/,Germany,제품 상세 (PDP),84
https://www.lg.com/de/lautsprecher/hi-fi-systeme/cm2520/,Germany,제품 상세 (PDP),84
https://www.lg.com/de/lautsprecher/hi-fi-systeme/cm2540/,Germany,제품 상세 (PDP),84
https://www.lg.com/de/lautsprecher/hi-fi-systeme/cm2630b/,Germany,제품 상세 (PDP),84
https://www.lg.com/de/lautsprecher/hi-fi-systeme/cm2760/,Germany,제품 상세 (PDP),84
https://www.lg.com/de/lautsprecher/hi-fi-systeme/cm4321/,Germany,제품 상세 (PDP),84
https://www.lg.com/de/lautsprecher/hi-fi-systeme/cm4331/,Germany,제품 상세 (PDP),84
https://www.lg.com/de/lautsprecher/hi-fi-systeme/cm4350/,Germany,제품 상세 (PDP),84
https://www.lg.com/de/lautsprecher/hi-fi-systeme/cm4441/,Germany,제품 상세 (PDP),84
https://www.lg.com/de/lautsprecher/hi-fi-systeme/cm8460/,Germany,제품 상세 (PDP),84
https://www.lg.com/de/lautsprecher/hi-fi-systeme/cm9730/,Germany,제품 상세 (PDP),84
https://www.lg.com/de/lautsprecher/hi-fi-systeme/cm9740/,Germany,제품 상세 (PDP),84
https://www.lg.com/de/lautsprecher/hi-fi-systeme/cm9940/,Germany,제품 상세 (PDP),84
https://www.lg.com/de/lautsprecher/hi-fi-systeme/cm9950/,Germany,제품 상세 (PDP),84
https://www.lg.com/de/lautsprecher/hi-fi-systeme/cm9960/,Germany,제품 상세 (PDP),84
https://www.lg.com/de/lautsprecher/hi-fi-systeme/fa162/,Germany,제품 상세 (PDP),84
https://www.lg.com/de/monitore/27-zoll-monitore/,Germany,제품 상세 (PDP),84
https://www.lg.com/de/monitore/32-zoll-monitore/,Germany,제품 상세 (PDP),81
https://www.lg.com/de/monitore/all-in-one/cl600w-aq-aeuq/,Germany,제품 상세 (PDP),84
https://www.lg.com/de/monitore/alle-monitore/14hq701g-ba/,Germany,제품 상세 (PDP),81
https://www.lg.com/de/monitore/alle-monitore/24cq651n-2p/,Germany,제품 상세 (PDP),84
https://www.lg.com/de/monitore/alle-monitore/32hq713d-b/,Germany,제품 상세 (PDP),78
https://www.lg.com/de/monitore/alle-monitore/34cr651w-bp/,Germany,제품 상세 (PDP),84
https://www.lg.com/de/monitore/alle-monitore/cq600i-6n/,Germany,제품 상세 (PDP),84
https://www.lg.com/de/monitore/alle-monitore/cq600i-6p/,Germany,제품 상세 (PDP),84
https://www.lg.com/de/monitore/business-monitore/24ba400-b/,Germany,제품 상세 (PDP),84
https://www.lg.com/de/monitore/business-monitore/24ba450-b/,Germany,제품 상세 (PDP),84
https://www.lg.com/de/monitore/business-monitore/24ba550-b/,Germany,제품 상세 (PDP),81
https://www.lg.com/de/monitore/business-monitore/24ba560-b/,Germany,제품 상세 (PDP),84
https://www.lg.com/de/monitore/business-monitore/24ba650-b/,Germany,제품 상세 (PDP),84
https://www.lg.com/de/monitore/business-monitore/24ba750-b/,Germany,제품 상세 (PDP),84
https://www.lg.com/de/monitore/business-monitore/24ba850-b/,Germany,제품 상세 (PDP),81
https://www.lg.com/de/monitore/business-monitore/27ba400-b/,Germany,제품 상세 (PDP),84
https://www.lg.com/de/monitore/business-monitore/27ba450-b/,Germany,제품 상세 (PDP),81
https://www.lg.com/de/monitore/business-monitore/27ba45qb-b/,Germany,제품 상세 (PDP),84
https://www.lg.com/de/monitore/business-monitore/27ba550-b/,Germany,제품 상세 (PDP),81
https://www.lg.com/de/monitore/business-monitore/27ba560-b/,Germany,제품 상세 (PDP),81
https://www.lg.com/de/monitore/business-monitore/27ba650-b/,Germany,제품 상세 (PDP),81
https://www.lg.com/de/monitore/business-monitore/27bn65qp-b/,Germany,제품 상세 (PDP),87
https://www.lg.com/de/monitore/business-monitore/27bq75qb-b/,Germany,제품 상세 (PDP),84
https://www.lg.com/de/monitore/business-monitore/32bn67up-b/,Germany,제품 상세 (PDP),87
https://www.lg.com/de/monitore/business-monitore/32up55np-w/,Germany,제품 상세 (PDP),84
https://www.lg.com/de/monitore/business-monitore/34ba85qe-b/,Germany,제품 상세 (PDP),84
https://www.lg.com/de/monitore/business-monitore/38br85qc-w/,Germany,제품 상세 (PDP),81
https://www.lg.com/de/monitore/ergo-monitore/24mb35ph-b/,Germany,제품 상세 (PDP),84
https://www.lg.com/de/monitore/ergo-monitore/27gn880-b/,Germany,제품 상세 (PDP),84
https://www.lg.com/de/monitore/ergo-monitore/27gn88a-b/,Germany,제품 상세 (PDP),84
https://www.lg.com/de/monitore/ergo-monitore/27qn880-b/,Germany,제품 상세 (PDP),84
https://www.lg.com/de/instaview-kuehlgeraete/trockner/rt90v9w/,Germany,제품 상세 (PDP),84
https://www.lg.com/de/kuehlschraenke-gefrierschraenke/kuehl-gefrierkombination/gbb61mcgcn1/,Germany,제품 상세 (PDP),84
https://www.lg.com/de/kuehlschraenke-gefrierschraenke/kuehl-gefrierkombination/gbb61mcggn/,Germany,제품 상세 (PDP),76
https://www.lg.com/de/kuehlschraenke-gefrierschraenke/kuehl-gefrierkombination/gbb61pzgcn/,Germany,제품 상세 (PDP),84
https://www.lg.com/de/kuehlschraenke-gefrierschraenke/kuehl-gefrierkombination/gbb61pzgcn1/,Germany,제품 상세 (PDP),84
https://www.lg.com/de/kuehlschraenke-gefrierschraenke/kuehl-gefrierkombination/gbb61pzggn/,Germany,제품 상세 (PDP),84
https://www.lg.com/de/kuehlschraenke-gefrierschraenke/kuehl-gefrierkombination/gbb61pzhmn/,Germany,제품 상세 (PDP),84
https://www.lg.com/de/kuehlschraenke-gefrierschraenke/kuehl-gefrierkombination/gbb61swgcn/,Germany,제품 상세 (PDP),84
https://www.lg.com/de/kuehlschraenke-gefrierschraenke/kuehl-gefrierkombination/gbb61swgcn1/,Germany,제품 상세 (PDP),84
https://www.lg.com/de/kuehlschraenke-gefrierschraenke/kuehl-gefrierkombination/gbb62mcgcc1/,Germany,제품 상세 (PDP),84
https://www.lg.com/de/kuehlschraenke-gefrierschraenke/kuehl-gefrierkombination/gbb62mcgcn1/,Germany,제품 상세 (PDP),84
https://www.lg.com/de/kuehlschraenke-gefrierschraenke/kuehl-gefrierkombination/gbb62mcggn/,Germany,제품 상세 (PDP),84
https://www.lg.com/de/kuehlschraenke-gefrierschraenke/kuehl-gefrierkombination/gbb62pzgcc/,Germany,제품 상세 (PDP),84
https://www.lg.com/de/kuehlschraenke-gefrierschraenke/kuehl-gefrierkombination/gbb62pzgcc1/,Germany,제품 상세 (PDP),84
https://www.lg.com/de/kuehlschraenke-gefrierschraenke/kuehl-gefrierkombination/gbb62pzggn/,Germany,제품 상세 (PDP),84
https://www.lg.com/de/kuehlschraenke-gefrierschraenke/kuehl-gefrierkombination/gbb62swffn/,Germany,제품 상세 (PDP),84
https://www.lg.com/de/kuehlschraenke-gefrierschraenke/kuehl-gefrierkombination/gbb62swggn/,Germany,제품 상세 (PDP),84
https://www.lg.com/de/kuehlschraenke-gefrierschraenke/kuehl-gefrierkombination/gbb72mcvbn/,Germany,제품 상세 (PDP),84
https://www.lg.com/de/kuehlschraenke-gefrierschraenke/kuehl-gefrierkombination/gbb72mcvcn1/,Germany,제품 상세 (PDP),84
https://www.lg.com/de/kuehlschraenke-gefrierschraenke/kuehl-gefrierkombination/gbb72nsvbn/,Germany,제품 상세 (PDP),84
https://www.lg.com/de/kuehlschraenke-gefrierschraenke/kuehl-gefrierkombination/gbb72pzecn/,Germany,제품 상세 (PDP),84
https://www.lg.com/de/kuehlschraenke-gefrierschraenke/kuehl-gefrierkombination/gbb72pzecn1/,Germany,제품 상세 (PDP),84
https://www.lg.com/de/kuehlschraenke-gefrierschraenke/kuehl-gefrierkombination/gbb72swdfn/,Germany,제품 상세 (PDP),84
https://www.lg.com/de/kuehlschraenke-gefrierschraenke/kuehl-gefrierkombination/gbb92mbb3p/,Germany,제품 상세 (PDP),90
https://www.lg.com/de/kuehlschraenke-gefrierschraenke/kuehl-gefrierkombination/gbb92mbbsp/,Germany,제품 상세 (PDP),84
https://www.lg.com/de/kuehlschraenke-gefrierschraenke/kuehl-gefrierkombination/gbb92mcabp/,Germany,제품 상세 (PDP),84
https://www.lg.com/de/kuehlschraenke-gefrierschraenke/kuehl-gefrierkombination/gbb92mcacp/,Germany,제품 상세 (PDP),84
https://www.lg.com/de/kuehlschraenke-gefrierschraenke/kuehl-gefrierkombination/gbb92mcaxp/,Germany,제품 상세 (PDP),84
https://www.lg.com/de/kuehlschraenke-gefrierschraenke/kuehl-gefrierkombination/gbb92mcb1p/,Germany,제품 상세 (PDP),84
https://www.lg.com/de/kuehlschraenke-gefrierschraenke/kuehl-gefrierkombination/gbb92mcb2p/,Germany,제품 상세 (PDP),84
https://www.lg.com/de/kuehlschraenke-gefrierschraenke/kuehl-gefrierkombination/gbb92mcbap/,Germany,제품 상세 (PDP),84
https://www.lg.com/de/kuehlschraenke-gefrierschraenke/kuehl-gefrierkombination/gbb92stabp/,Germany,제품 상세 (PDP),84
https://www.lg.com/de/waeschepflege/styler/s3bf/,Germany,제품 상세 (PDP),84
https://www.lg.com/de/waeschepflege/styler/s3mfc/,Germany,제품 상세 (PDP),84
https://www.lg.com/de/waeschepflege/styler/s3rerb/,Germany,제품 상세 (PDP),81
https://www.lg.com/de/waeschepflege/styler/s3werb/,Germany,제품 상세 (PDP),81
https://www.lg.com/de/waeschepflege/styler/s3wf/,Germany,제품 상세 (PDP),84
https://www.lg.com/de/waeschepflege/trockner/dstwh/,Germany,제품 상세 (PDP),83
https://www.lg.com/de/waeschepflege/trockner/hpwd096c/,Germany,제품 상세 (PDP),84
https://www.lg.com/de/waeschepflege/trockner/hpwd116a/,Germany,제품 상세 (PDP),84
https://www.lg.com/de/waeschepflege/trockner/hpwd116ba/,Germany,제품 상세 (PDP),84
https://www.lg.com/de/waeschepflege/trockner/rt10x7/,Germany,제품 상세 (PDP),88
https://www.lg.com/de/waeschepflege/trockner/rt10x72w/,Germany,제품 상세 (PDP),88
https://www.lg.com/de/waeschepflege/trockner/rt10x7b/,Germany,제품 상세 (PDP),88
https://www.lg.com/de/waeschepflege/trockner/rt10x7p/,Germany,제품 상세 (PDP),88
https://www.lg.com/de/waeschepflege/trockner/rt10x8b/,Germany,제품 상세 (PDP),88
https://www.lg.com/de/waeschepflege/trockner/rt18vt/,Germany,제품 상세 (PDP),88
https://www.lg.com/de/waeschepflege/trockner/rt80b2/,Germany,제품 상세 (PDP),84
https://www.lg.com/de/waeschepflege/trockner/rt80b3c/,Germany,제품 상세 (PDP),88
https://www.lg.com/de/waeschepflege/trockner/rt80v9/,Germany,제품 상세 (PDP),84
https://www.lg.com/de/waeschepflege/trockner/rt80v9b/,Germany,제품 상세 (PDP),81
https://www.lg.com/de/waeschepflege/trockner/rt80v9c/,Germany,제품 상세 (PDP),91
https://www.lg.com/de/waeschepflege/trockner/rt80v9w/,Germany,제품 상세 (PDP),88
https://www.lg.com/de/waeschepflege/trockner/rt80x7/,Germany,제품 상세 (PDP),88
https://www.lg.com/de/waeschepflege/trockner/rt80x72w/,Germany,제품 상세 (PDP),88
https://www.lg.com/de/waeschepflege/trockner/rt80x7b/,Germany,제품 상세 (PDP),88
https://www.lg.com/de/waeschepflege/trockner/rt80x8bc/,Germany,제품 상세 (PDP),81
https://www.lg.com/de/waeschepflege/trockner/rt8dih1q/,Germany,제품 상세 (PDP),84
https://www.lg.com/de/waeschepflege/trockner/rt90b3/,Germany,제품 상세 (PDP),84
https://www.lg.com/de/waeschepflege/trockner/rt90b3c/,Germany,제품 상세 (PDP),88
https://www.lg.com/de/waeschepflege/trockner/rt90v9b/,Germany,제품 상세 (PDP),84
https://www.lg.com/de/waeschepflege/trockner/rt90v9p/,Germany,제품 상세 (PDP),84
https://www.lg.com/de/waeschepflege/trockner/rt90v9w/,Germany,제품 상세 (PDP),90
https://www.lg.com/de/waeschepflege/trockner/rt90x7/,Germany,제품 상세 (PDP),88
https://www.lg.com/de/waeschepflege/trockner/rt90x72w/,Germany,제품 상세 (PDP),81
https://www.lg.com/de/waeschepflege/trockner/rt90x7b/,Germany,제품 상세 (PDP),88
https://www.lg.com/de/waeschepflege/trockner/rt90x7w/,Germany,제품 상세 (PDP),88
https://www.lg.com/de/geschirrspueler/db476txs/,Germany,제품 상세 (PDP),81
https://www.lg.com/de/geschirrspueler/db597txs/,Germany,제품 상세 (PDP),81
https://www.lg.com/de/klimaanlagen/A12GA1/,Germany,제품 상세 (PDP),84
https://www.lg.com/de/klimaanlagen/a09fr/,Germany,제품 상세 (PDP),81
https://www.lg.com/de/klimaanlagen/a09ga1/,Germany,제품 상세 (PDP),84
https://www.lg.com/de/klimaanlagen/a09ga2/,Germany,제품 상세 (PDP),84
https://www.lg.com/de/klimaanlagen/a09ll/,Germany,제품 상세 (PDP),84
https://www.lg.com/de/klimaanlagen/a12fr/,Germany,제품 상세 (PDP),84
https://www.lg.com/de/klimaanlagen/a12ga2/,Germany,제품 상세 (PDP),84
https://www.lg.com/de/klimaanlagen/a12ll/,Germany,제품 상세 (PDP),84
https://www.lg.com/de/klimaanlagen/a18rl/,Germany,제품 상세 (PDP),84
https://www.lg.com/de/klimaanlagen/aa09sp/,Germany,제품 상세 (PDP),84
https://www.lg.com/de/klimaanlagen/ac09bh/,Germany,제품 상세 (PDP),76
https://www.lg.com/de/klimaanlagen/ac09bk/,Germany,제품 상세 (PDP),79
https://www.lg.com/de/klimaanlagen/ac09bq/,Germany,제품 상세 (PDP),84
https://www.lg.com/de/klimaanlagen/ac09sq/,Germany,제품 상세 (PDP),81
https://www.lg.com/de/klimaanlagen/ac12bh/,Germany,제품 상세 (PDP),84
https://www.lg.com/de/klimaanlagen/ac12bk/,Germany,제품 상세 (PDP),79
https://www.lg.com/de/klimaanlagen/ac12bq/,Germany,제품 상세 (PDP),84
https://www.lg.com/de/klimaanlagen/ac12sq/,Germany,제품 상세 (PDP),81
https://www.lg.com/de/klimaanlagen/ac18bh/,Germany,제품 상세 (PDP),81
https://www.lg.com/de/klimaanlagen/ac18bk/,Germany,제품 상세 (PDP),79
https://www.lg.com/de/klimaanlagen/ac18bq/,Germany,제품 상세 (PDP),81
https://www.lg.com/de/klimaanlagen/ac18sq/,Germany,제품 상세 (PDP),81
https://www.lg.com/de/klimaanlagen/ac24bh/,Germany,제품 상세 (PDP),81
https://www.lg.com/de/klimaanlagen/ac24bk/,Germany,제품 상세 (PDP),87
https://www.lg.com/de/mikrowellen/4-in-1-heissluft-mikrowellen/,Germany,제품 상세 (PDP),89
https://www.lg.com/de/mikrowellen/4-in-1-heissluft-mikrowellen/mb3941c/,Germany,제품 상세 (PDP),84
https://www.lg.com/de/mikrowellen/4-in-1-heissluft-mikrowellen/mb3942u/,Germany,제품 상세 (PDP),84
https://www.lg.com/de/mikrowellen/4-in-1-heissluft-mikrowellen/mc7646uq/,Germany,제품 상세 (PDP),84
https://www.lg.com/de/mikrowellen/4-in-1-heissluft-mikrowellen/mc7687as/,Germany,제품 상세 (PDP),84
https://www.lg.com/de/mikrowellen/4-in-1-heissluft-mikrowellen/mc7889m/,Germany,제품 상세 (PDP),84
https://www.lg.com/de/mikrowellen/4-in-1-heissluft-mikrowellen/mc8088hl/,Germany,제품 상세 (PDP),84
https://www.lg.com/de/mikrowellen/4-in-1-heissluft-mikrowellen/mc8289mr/,Germany,제품 상세 (PDP),84
https://www.lg.com/de/mikrowellen/4-in-1-heissluft-mikrowellen/md3248yz/,Germany,제품 상세 (PDP),84
https://www.lg.com/de/mikrowellen/4-in-1-heissluft-mikrowellen/mg3847g/,Germany,제품 상세 (PDP),84
https://www.lg.com/de/mikrowellen/4-in-1-heissluft-mikrowellen/mg5887kit/,Germany,제품 상세 (PDP),84
https://www.lg.com/de/mikrowellen/4-in-1-heissluft-mikrowellen/mg5887u/,Germany,제품 상세 (PDP),84
https://www.lg.com/de/mikrowellen/4-in-1-heissluft-mikrowellen/mg6387ars/,Germany,제품 상세 (PDP),84
https://www.lg.com/de/mikrowellen/4-in-1-heissluft-mikrowellen/mg6388pb/,Germany,제품 상세 (PDP),84
https://www.lg.com/de/mikrowellen/4-in-1-heissluft-mikrowellen/mg6388pr/,Germany,제품 상세 (PDP),84
https://www.lg.com/de/mikrowellen/4-in-1-heissluft-mikrowellen/mg6389bs/,Germany,제품 상세 (PDP),84
https://www.lg.com/de/mikrowellen/4-in-1-heissluft-mikrowellen/mh6043dar/,Germany,제품 상세 (PDP),84
https://www.lg.com/de/mikrowellen/4-in-1-heissluft-mikrowellen/mh6043zlt/,Germany,제품 상세 (PDP),84
https://www.lg.com/de/mikrowellen/4-in-1-heissluft-mikrowellen/mh6331r/,Germany,제품 상세 (PDP),84
https://www.lg.com/de/mikrowellen/4-in-1-heissluft-mikrowellen/mh6338p/,Germany,제품 상세 (PDP),84
https://www.lg.com/de/mikrowellen/4-in-1-heissluft-mikrowellen/mh6383baj/,Germany,제품 상세 (PDP),84
https://www.lg.com/de/mikrowellen/4-in-1-heissluft-mikrowellen/mh6883aaf/,Germany,제품 상세 (PDP),84
https://www.lg.com/de/mikrowellen/4-in-1-heissluft-mikrowellen/mh6889m/,Germany,제품 상세 (PDP),84
https://www.lg.com/de/mikrowellen/4-in-1-heissluft-mikrowellen/mj3281bc/,Germany,제품 상세 (PDP),84
https://www.lg.com/de/mikrowellen/4-in-1-heissluft-mikrowellen/mj3281bcs/,Germany,제품 상세 (PDP),84
https://www.lg.com/de/mikrowellen/4-in-1-heissluft-mikrowellen/mj3281c/,Germany,제품 상세 (PDP),84
https://www.lg.com/de/mikrowellen/4-in-1-heissluft-mikrowellen/mj3281cbs/,Germany,제품 상세 (PDP),84
https://www.lg.com/de/mikrowellen/4-in-1-heissluft-mikrowellen/mj3294bab/,Germany,제품 상세 (PDP),84
https://www.lg.com/de/mikrowellen/4-in-1-heissluft-mikrowellen/mj3965acs/,Germany,제품 상세 (PDP),78
https://www.lg.com/de/mikrowellen/4-in-1-heissluft-mikrowellen/mp9287nl/,Germany,제품 상세 (PDP),84
https://www.lg.com/de/mikrowellen/4-in-1-heissluft-mikrowellen/mp9289js/,Germany,제품 상세 (PDP),84
https://www.lg.com/de/mikrowellen/4-in-1-heissluft-mikrowellen/ms1924wu/,Germany,제품 상세 (PDP),84
https://www.lg.com/de/mikrowellen/4-in-1-heissluft-mikrowellen/ms1928vs/,Germany,제품 상세 (PDP),84
https://www.lg.com/de/mikrowellen/4-in-1-heissluft-mikrowellen/ms192vutt/,Germany,제품 상세 (PDP),84
https://www.lg.com/de/mikrowellen/4-in-1-heissluft-mikrowellen/ms196vut/,Germany,제품 상세 (PDP),84
https://www.lg.com/de/mikrowellen/4-in-1-heissluft-mikrowellen/ms196vuw1/,Germany,제품 상세 (PDP),84
https://www.lg.com/de/mikrowellen/4-in-1-heissluft-mikrowellen/ms1987kit/,Germany,제품 상세 (PDP),84
https://www.lg.com/de/mikrowellen/4-in-1-heissluft-mikrowellen/ms1987u/,Germany,제품 상세 (PDP),84
https://www.lg.com/de/mikrowellen/4-in-1-heissluft-mikrowellen/ms1987us/,Germany,제품 상세 (PDP),84
https://www.lg.com/de/mikrowellen/4-in-1-heissluft-mikrowellen/ms2042ds/,Germany,제품 상세 (PDP),76
https://www.lg.com/de/mikrowellen/4-in-1-heissluft-mikrowellen/ms2042u/,Germany,제품 상세 (PDP),84
https://www.lg.com/de/mikrowellen/4-in-1-heissluft-mikrowellen/ms2339bs/,Germany,제품 상세 (PDP),84
https://www.lg.com/de/mikrowellen/4-in-1-heissluft-mikrowellen/ms2382bb/,Germany,제품 상세 (PDP),76
https://www.lg.com/de/mikrowellen/4-in-1-heissluft-mikrowellen/ms2387ars/,Germany,제품 상세 (PDP),84
https://www.lg.com/de/mikrowellen/mikrowellen-mit-grill/mh6032gas/,Germany,제품 상세 (PDP),84
https://www.lg.com/de/mikrowellen/mikrowellen-mit-grill/mh6044v/,Germany,제품 상세 (PDP),84
https://www.lg.com/de/mikrowellen/mikrowellen-mit-grill/mh6336gib/,Germany,제품 상세 (PDP),81
https://www.lg.com/de/staubsauger/a9k-core1s/,Germany,제품 상세 (PDP),84
https://www.lg.com/de/staubsauger/a9k-pro1g/,Germany,제품 상세 (PDP),84
https://www.lg.com/de/staubsauger/a9k-ultra1b/,Germany,제품 상세 (PDP),76
https://www.lg.com/de/staubsauger/a9t-ultra1c/,Germany,제품 상세 (PDP),84
https://www.lg.com/de/staubsauger/hombotl77bk/,Germany,제품 상세 (PDP),84
https://www.lg.com/de/staubsauger/vc74070ncaq/,Germany,제품 상세 (PDP),84
https://www.lg.com/de/staubsauger/vr34406lv/,Germany,제품 상세 (PDP),84
https://www.lg.com/de/staubsauger/vr34408lv/,Germany,제품 상세 (PDP),84
https://www.lg.com/de/staubsauger/vr5943l/,Germany,제품 상세 (PDP),84
https://www.lg.com/de/staubsauger/vr6260lvm/,Germany,제품 상세 (PDP),76
https://www.lg.com/de/staubsauger/vr6270lvmb/,Germany,제품 상세 (PDP),84
https://www.lg.com/de/staubsauger/vr6340lv/,Germany,제품 상세 (PDP),84
https://www.lg.com/de/staubsauger/vr63455lv/,Germany,제품 상세 (PDP),84
https://www.lg.com/de/staubsauger/vr64701lvmp/,Germany,제품 상세 (PDP),84
https://www.lg.com/de/staubsauger/vr94070ncaq/,Germany,제품 상세 (PDP),84
https://www.lg.com/de/staubsauger/vr9624pr/,Germany,제품 상세 (PDP),84
https://www.lg.com/de/staubsauger/vrd710rrc/,Germany,제품 상세 (PDP),84
https://www.lg.com/de/staubsauger/vrd830mgpcm/,Germany,제품 상세 (PDP),84
https://www.lg.com/de/staubsauger/vre610bkc/,Germany,제품 상세 (PDP),81
https://www.lg.com/de/staubsauger/vre705rrc/,Germany,제품 상세 (PDP),81
https://www.lg.com/de/staubsauger/vrh950mspcm/,Germany,제품 상세 (PDP),84
https://www.lg.com/de/staubsauger/vs8400scw/,Germany,제품 상세 (PDP),84
https://www.lg.com/de/staubsauger/vs8401scw/,Germany,제품 상세 (PDP),84
https://www.lg.com/de/staubsauger/vs8403scw/,Germany,제품 상세 (PDP),84
https://www.lg.com/de/staubsauger/vs8404scw/,Germany,제품 상세 (PDP),84
https://www.lg.com/de/2022/alpha7/,Germany,제품 상세 (PDP),69
https://www.lg.com/de/beamer/heimkinoprojektoren/af115/,Germany,제품 상세 (PDP),84
https://www.lg.com/de/bluetooth-kopfhoerer/2022/,Germany,제품 상세 (PDP),76
https://www.lg.com/de/care-accessories/dryers/filter/agm75510732/,Germany,제품 상세 (PDP),76
https://www.lg.com/de/computer-zubehoer/cl600w-aq-aeuq/,Germany,제품 상세 (PDP),84
https://www.lg.com/de/haushaltsgeraete-zubehoer/5001el2001h/,Germany,제품 상세 (PDP),84
https://www.lg.com/de/ifa/hu810p/,Germany,제품 상세 (PDP),68
https://www.lg.com/de/klimaanlagen/ac24bq/,Germany,제품 상세 (PDP),81
https://www.lg.com/de/kuehlschraenke-gefrierschraenke/kuehl-gefrierkombination/gbb92stacp/,Germany,제품 상세 (PDP),76
https://www.lg.com/de/lautsprecher/hi-fi-systeme/fa163/,Germany,제품 상세 (PDP),84
https://www.lg.com/de/lg-mobiltelefone/smartphones/360-cam/,Germany,제품 상세 (PDP),84
https://www.lg.com/de/lifestyle-tvs/stanbyme/27art10akpl/,Germany,제품 상세 (PDP),84
https://www.lg.com/de/mikrowellen/mikrowellen-mit-grill/mh6353h/,Germany,제품 상세 (PDP),84
https://www.lg.com/de/monitore/ergo-monitore/27qn880p-b/,Germany,제품 상세 (PDP),84
https://www.lg.com/de/mylg/8k/,Germany,제품 상세 (PDP),58
https://www.lg.com/de/notebooks/14z90n-v-ar52g/,Germany,제품 상세 (PDP),84
https://www.lg.com/de/notebooks-zubehoer/gram-view/16mq70/,Germany,제품 상세 (PDP),81
https://www.lg.com/de/soundsuite/H7M70001_W7001_F/,Germany,제품 상세 (PDP),84
https://www.lg.com/de/taschenfoto/pc389p/,Germany,제품 상세 (PDP),84
https://www.lg.com/de/tvs-und-soundbars/4k-uhd-tvs/43uh664v/,Germany,제품 상세 (PDP),84
https://www.lg.com/de/video/blu-ray-und-dvd-player/bd550/,Germany,제품 상세 (PDP),84
https://www.lg.com/de/waeschepflege/trockner/rt90x8b/,Germany,제품 상세 (PDP),88
https://www.lg.com/de/wireless-earbuds/tone-free/tone-t90s/,Germany,제품 상세 (PDP),84
https://www.lg.com/de/beamer/heimkinoprojektoren/au810pw/,Germany,제품 상세 (PDP),84
https://www.lg.com/de/care-accessories/dryers/rack-stacking-kit/agf30790698/,Germany,제품 상세 (PDP),84
https://www.lg.com/de/computer-zubehoer/eay65068601/,Germany,제품 상세 (PDP),84
https://www.lg.com/de/haushaltsgeraete-zubehoer/5214fr3188g/,Germany,제품 상세 (PDP),84
https://www.lg.com/de/klimaanlagen/actcool/a09fr/,Germany,제품 상세 (PDP),81
https://www.lg.com/de/kuehlschraenke-gefrierschraenke/kuehl-gefrierkombination/gbb92stbap/,Germany,제품 상세 (PDP),84
https://www.lg.com/de/lautsprecher/hi-fi-systeme/fa166/,Germany,제품 상세 (PDP),84
https://www.lg.com/de/lg-mobiltelefone/smartphones/360-vr/,Germany,제품 상세 (PDP),84
https://www.lg.com/de/lifestyle-tvs/stanbyme/27lx6tdga/,Germany,제품 상세 (PDP),84
https://www.lg.com/de/mikrowellen/mikrowellen-mit-grill/mh6535gds/,Germany,제품 상세 (PDP),84
https://www.lg.com/de/monitore/ergo-monitore/27qp88d-b/,Germany,제품 상세 (PDP),84
https://www.lg.com/de/notebooks/14z90p-g-aa79g/,Germany,제품 상세 (PDP),84
https://www.lg.com/de/notebooks-zubehoer/gram-view/16mr70/,Germany,제품 상세 (PDP),84
https://www.lg.com/de/soundsuite/cinema-suite-7/,Germany,제품 상세 (PDP),86
https://www.lg.com/de/taschenfoto/pc389s/,Germany,제품 상세 (PDP),84
https://www.lg.com/de/tvs-und-soundbars/4k-uhd-tvs/43uh668v/,Germany,제품 상세 (PDP),84
https://www.lg.com/de/video/blu-ray-und-dvd-player/bd650/,Germany,제품 상세 (PDP),84
https://www.lg.com/de/waeschepflege/trockner/rt90x8bc/,Germany,제품 상세 (PDP),84
https://www.lg.com/de/wireless-earbuds/xboombuds/buds-aeuslbk/,Germany,제품 상세 (PDP),83
https://www.lg.com/de/beamer/heimkinoprojektoren/bf50nst/,Germany,제품 상세 (PDP),81
https://www.lg.com/de/care-accessories/laptops/adapter-power-cord/eay65249101/,Germany,제품 상세 (PDP),84
https://www.lg.com/de/computer-zubehoer/gram-plus-view-portabler-monitor/16mq70/,Germany,제품 상세 (PDP),81
https://www.lg.com/de/haushaltsgeraete-zubehoer/af-b600n/,Germany,제품 상세 (PDP),90
https://www.lg.com/de/klimaanlagen/actcool/ac09bh/,Germany,제품 상세 (PDP),84
https://www.lg.com/de/kuehlschraenke-gefrierschraenke/kuehl-gefrierkombination/gbbs312aev/,Germany,제품 상세 (PDP),84
https://www.lg.com/de/lautsprecher/hi-fi-systeme/fa168/,Germany,제품 상세 (PDP),84
https://www.lg.com/de/mikrowellen/mikrowellen-mit-grill/mh6535gias/,Germany,제품 상세 (PDP),84
https://www.lg.com/de/monitore/ergo-monitore/27qp88d-bs/,Germany,제품 상세 (PDP),84
https://www.lg.com/de/notebooks/15z90n-v-ap55g-business-edition/,Germany,제품 상세 (PDP),84
https://www.lg.com/de/soundsuite/fs-m51/,Germany,제품 상세 (PDP),84
https://www.lg.com/de/tvs-und-soundbars/nanocell/43nu8e0b3la/,Germany,제품 상세 (PDP),84
https://www.lg.com/de/tvs-und-soundbars/oled-evo/oled42c67la/,Germany,제품 상세 (PDP),84
https://www.lg.com/de/tvs-und-soundbars/nanocell/85nu800b6la/,Germany,제품 상세 (PDP),84
https://www.lg.com/de/tvs-und-soundbars/oled-evo/oled48g66ls/,Germany,제품 상세 (PDP),81
https://www.lg.com/de/tvs-und-soundbars/mini-rgb-evo/65mrgb86b9a/,Germany,제품 상세 (PDP),84
https://www.lg.com/de/tvs-und-soundbars/nanocell/85nu8e0b3la/,Germany,제품 상세 (PDP),84
https://www.lg.com/de/tvs-und-soundbars/micro-rgb-evo/75mrgb96b9b/,Germany,제품 상세 (PDP),84
https://www.lg.com/de/tvs-und-soundbars/nanocell/55nu8e0b3la/,Germany,제품 상세 (PDP),84
https://www.lg.com/de/tvs-und-soundbars/gallery-tv-with-frame/65lx7b6la/,Germany,제품 상세 (PDP),84
https://www.lg.com/de/tvs-und-soundbars/mini-rgb-evo/75mrgb86b9a/,Germany,제품 상세 (PDP),84
https://www.lg.com/de/tvs-und-soundbars/nanocell/65nu8e0b3la/,Germany,제품 상세 (PDP),84
https://www.lg.com/de/tvs-und-soundbars/gallery-tv-with-frame/55lx7b6la/,Germany,제품 상세 (PDP),84
https://www.lg.com/de/tvs-und-soundbars/micro-rgb-evo/86mrgb96b9b/,Germany,제품 상세 (PDP),84
https://www.lg.com/de/tvs-und-soundbars/nanocell/85nu900b6la/,Germany,제품 상세 (PDP),84
https://www.lg.com/de/tvs-und-soundbars/mini-rgb-evo/50mrgb86b9a/,Germany,제품 상세 (PDP),84
https://www.lg.com/de/tvs-und-soundbars/nanocell/50nu8e0b3la/,Germany,제품 상세 (PDP),84
https://www.lg.com/de/tvs-und-soundbars/oled-evo/oled48c67la/,Germany,제품 상세 (PDP),84
https://www.lg.com/de/tvs-und-soundbars/nanocell/75nu8e0b3la/,Germany,제품 상세 (PDP),84
https://www.lg.com/de/tvs-und-soundbars/oled-evo/oled55c67la/,Germany,제품 상세 (PDP),84
https://www.lg.com/de/tvs-und-soundbars/mini-rgb-evo/55mrgb86b9a/,Germany,제품 상세 (PDP),84
https://www.lg.com/de/tvs-und-soundbars/oled/oled55b68la/,Germany,제품 상세 (PDP),84
https://www.lg.com/de/tvs-und-soundbars/oled/oled48b6elc/,Germany,제품 상세 (PDP),84
https://www.lg.com/de/tvs-und-soundbars/oled-evo/oled83w69la/,Germany,제품 상세 (PDP),84
https://www.lg.com/de/tvs-und-soundbars/oled/oled65b68la/,Germany,제품 상세 (PDP),84
https://www.lg.com/de/tvs-und-soundbars/oled/oled48b68la/,Germany,제품 상세 (PDP),84
https://www.lg.com/de/tvs-und-soundbars/oled/oled55b6elc/,Germany,제품 상세 (PDP),84
https://www.lg.com/de/tvs-und-soundbars/oled-evo/oled77c6elb/,Germany,제품 상세 (PDP),84
https://www.lg.com/de/tvs-und-soundbars/oled-evo/oled77c69lb/,Germany,제품 상세 (PDP),84
https://www.lg.com/de/tvs-und-soundbars/oled-evo/oled77g67lw/,Germany,제품 상세 (PDP),81
https://www.lg.com/de/tvs-und-soundbars/qned-evo/100qned87b6/,Germany,제품 상세 (PDP),84
https://www.lg.com/de/tvs-und-soundbars/oled/oled77b6elc/,Germany,제품 상세 (PDP),84
https://www.lg.com/de/tvs-und-soundbars/oled/oled83b68la/,Germany,제품 상세 (PDP),84
https://www.lg.com/de/tvs-und-soundbars/qned-evo/55qned93b6a/,Germany,제품 상세 (PDP),84
https://www.lg.com/de/tvs-und-soundbars/qned-evo/55qned82b6b/,Germany,제품 상세 (PDP),84
https://www.lg.com/de/tvs-und-soundbars/qned-evo/50qned87b6a/,Germany,제품 상세 (PDP),84
https://www.lg.com/de/tvs-und-soundbars/qned-evo/55qned87b6a/,Germany,제품 상세 (PDP),84
https://www.lg.com/de/tvs-und-soundbars/qned-evo/65qned82b6b/,Germany,제품 상세 (PDP),84
https://www.lg.com/de/tvs-und-soundbars/oled/oled77b68la/,Germany,제품 상세 (PDP),84
https://www.lg.com/de/tvs-und-soundbars/oled/oled65b6elc/,Germany,제품 상세 (PDP),84
https://www.lg.com/de/tvs-und-soundbars/qned-evo/75qned93b6a/,Germany,제품 상세 (PDP),84
https://www.lg.com/de/tvs-und-soundbars/qned/55qned70b6c/,Germany,제품 상세 (PDP),84
https://www.lg.com/de/tvs-und-soundbars/qned/55qned71b6b/,Germany,제품 상세 (PDP),84
https://www.lg.com/de/tvs-und-soundbars/smart-tvs/32lb650b6la/,Germany,제품 상세 (PDP),84
https://www.lg.com/de/tvs-und-soundbars/smart-tvs/24lb70006la/,Germany,제품 상세 (PDP),84
https://www.lg.com/de/tvs-und-soundbars/smart-tvs/43lb65006la/,Germany,제품 상세 (PDP),84
https://www.lg.com/de/tvs-und-soundbars/qned/43qned70b6c/,Germany,제품 상세 (PDP),84
https://www.lg.com/de/tvs-und-soundbars/qned/65qned70b6c/,Germany,제품 상세 (PDP),84
https://www.lg.com/de/tvs-und-soundbars/qned-evo/65qned93b6a/,Germany,제품 상세 (PDP),84
https://www.lg.com/de/tvs-und-soundbars/qned-evo/86qned87b6a/,Germany,제품 상세 (PDP),84
https://www.lg.com/de/tvs-und-soundbars/qned/85qned70b6a/,Germany,제품 상세 (PDP),84
https://www.lg.com/de/tvs-und-soundbars/qned/50qned71b6b/,Germany,제품 상세 (PDP),84
https://www.lg.com/de/tvs-und-soundbars/qned/43qned71b6b/,Germany,제품 상세 (PDP),84
https://www.lg.com/de/tvs-und-soundbars/qned/50qned70b6c/,Germany,제품 상세 (PDP),84
https://www.lg.com/de/tvs-und-soundbars/qned-evo/75qned82b6a/,Germany,제품 상세 (PDP),84
https://www.lg.com/de/tvs-und-soundbars/qned/75qned70b6a/,Germany,제품 상세 (PDP),84
https://www.lg.com/de/tvs-und-soundbars/qned-evo/85qned81b6a/,Germany,제품 상세 (PDP),84
https://www.lg.com/de/tvs-und-soundbars/qned-evo/65qned87b6a/,Germany,제품 상세 (PDP),84
https://www.lg.com/de/tvs-und-soundbars/qned-evo/75qned87b6a/,Germany,제품 상세 (PDP),84
https://www.lg.com/de/lautsprecher/soundbars/dgx/,Germany,제품 상세 (PDP),87
https://www.lg.com/de/tv/warum-oled/gaming/,Germany,제품 상세 (PDP),72
https://www.lg.com/de/tv/warum-oled/display/,Germany,제품 상세 (PDP),75
https://www.lg.com/de/tv/warum-oled/design/,Germany,제품 상세 (PDP),75
https://www.lg.com/de/tv/warum-oled/uebersicht/,Germany,제품 상세 (PDP),72
https://www.lg.com/de/tv/warum-oled/heimkino/,Germany,제품 상세 (PDP),75
https://www.lg.com/de/buying-guide/,Germany,구매 가이드,77
https://www.lg.com/de/buying-guide/washing-machines-size-capacity/,Germany,구매 가이드,90
https://www.lg.com/de/buying-guide/washing-machines-type/,Germany,구매 가이드,88
https://www.lg.com/de/buying-guides/laundry-spec-library/,Germany,구매 가이드,84
https://www.lg.com/de/buying-guides/monitor-lineup-guide/,Germany,구매 가이드,90
https://www.lg.com/de/buying-guides/monitor-spec-library/,Germany,구매 가이드,84
https://www.lg.com/de/buying-guides/refrigerator-spec-library/,Germany,구매 가이드,84
https://www.lg.com/de/buying-guides/tv-lineup-guide/,Germany,구매 가이드,90
https://www.lg.com/de/buying-guides/tv-spec-library/,Germany,구매 가이드,84
https://www.lg.com/de/buying-guides/ultragear-buying-guide/,Germany,구매 가이드,72
https://www.lg.com/de/buying-guides/ultragear-buying-guide/ultragear/refresh-rate/,Germany,구매 가이드,71
https://www.lg.com/de/buying-guides/ultragear-buying-guide/ultragear/resolution/,Germany,구매 가이드,74
https://www.lg.com/de/buying-guides/ultragear-buying-guide/ultragear/screen-size/,Germany,구매 가이드,74
https://www.lg.com/de/buying-guides/ultragear-buying-guide/ultragear/work-and-play/,Germany,구매 가이드,74
https://www.lg.com/de/monitore/monitore-buying-guide/monitor-lineup_qa/,Germany,구매 가이드,77
https://www.lg.com/de/monitore/monitore-buying-guide/monitor-spec-wiki_qa/,Germany,구매 가이드,74
https://www.lg.com/de/tv/oled-tv/2021/oled-buying-guide/,Germany,구매 가이드,77
https://www.lg.com/de/tvs-und-soundbars/tv-buying-guide/,Germany,구매 가이드,81
https://www.lg.com/de/tvs-und-soundbars/tv-buying-guide/lifestyle/,Germany,구매 가이드,75
https://www.lg.com/de/tvs-und-soundbars/tv-buying-guide/tv-size/,Germany,구매 가이드,75
https://www.lg.com/de/tvs-und-soundbars/tv-buying-guide/tv-spec-wiki_qa/,Germany,구매 가이드,74
https://www.lg.com/de/tvs-und-soundbars/tv-buying-guide/tv-technology/oled-vs-qned/,Germany,구매 가이드,72
https://www.lg.com/de/tvs-und-soundbars/tv-buying-guide/tv-technology/what-is-4k-tv/,Germany,구매 가이드,78
https://www.lg.com/de/tvs-und-soundbars/tv-buying-guide/what-is-a-smart-tv-ai-tv/,Germany,구매 가이드,77
https://www.lg.com/de/lg-experience/,Germany,LG Experience,86
https://www.lg.com/de/lg-experience/lg-lab/,Germany,LG Experience,86
https://www.lg.com/de/lg-experience/tech-hub/,Germany,LG Experience,86
https://www.lg.com/de/lg-experience/tech-hub/welcher-tv-passt-zu-mir,Germany,LG Experience,65
https://www.lg.com/de/tvs-und-soundbars/why-lg-oled-evo/,Germany,Microsite,77
https://www.lg.com/de/tvs-und-soundbars/why-qned-evo/,Germany,Microsite,74
https://www.lg.com/de/tvs-und-soundbars/why-true-wireless/,Germany,Microsite,81
https://www.lg.com/de/haushaltsgeraete/haushaltsgeraete-tipps-und-anleitungen/waeschepflege/how-to-clean-washing-machine/,Germany,Microsite,87
https://www.lg.com/de/haushaltsgeraete/haushaltsgeraete-tipps-und-anleitungen/waeschepflege/waermepumpen-vs-kondensationstrockner/,Germany,Microsite,84
https://www.lg.com/de/monitore/magazin/bildschirm-reinigen/,Germany,Microsite,83
https://www.lg.com/de/monitore/magazin/bildschirm-flackert/,Germany,Microsite,79
https://www.lg.com/de/monitore/magazin/beamer-aufloesung/,Germany,Microsite,83
https://www.lg.com/de/monitore/magazin/beamer-abstand/,Germany,Microsite,83
https://www.lg.com/de/monitore/gaming/ultragear/lol-event/,Germany,Microsite,79
https://www.lg.com/de/monitore/magazin/Beamer-fuer-Praesentationen/,Germany,Microsite,83
https://www.lg.com/de/lautsprecher/soundbars/eco-minded-soundbars/,Germany,Microsite,79
https://www.lg.com/de/monitore/magazin/Beamer-oder-Fernseher/,Germany,Microsite,83
https://www.lg.com/de/monitore/magazin/Beamer-Leinwand-selber-bauen/,Germany,Microsite,83
https://www.lg.com/de/monitore/magazin/Heimkino-Beamer/,Germany,Microsite,83
https://www.lg.com/de/monitore/magazin/,Germany,Microsite,76
https://www.lg.com/de/lautsprecher/tonefreeapp/,Germany,Microsite,79
https://www.lg.com/de/monitore/magazin/monitorkauf/,Germany,Microsite,79
https://www.lg.com/de/monitore/magazin/warum-curved/,Germany,Microsite,83
https://www.lg.com/de/monitore/magazin/zerkratzte-cd-reparieren/,Germany,Microsite,83
https://www.lg.com/de/monitore/magazin/monitor-kalibrieren/,Germany,Microsite,79
https://www.lg.com/de/monitore/magazin/ergonomie-am-arbeitsplatz/,Germany,Microsite,83
https://www.lg.com/de/monitore/magazin/dvd-laufwerk-reinigen/,Germany,Microsite,83
https://www.lg.com/de/monitore/magazin/mehrere-bildschirme-anschliessen/,Germany,Microsite,83
https://www.lg.com/de/monitore/magazin/monitor-anschluesse/,Germany,Microsite,79
https://www.lg.com/de/monitore/magazin/laptop-ohne-laufwerk/,Germany,Microsite,83
https://www.lg.com/de/tv/oled-tv/2021/self-lit-pixels/,Germany,Microsite,77
https://www.lg.com/de/tv/oled-tv/2021/gaming/,Germany,Microsite,77
https://www.lg.com/de/tv/nano-cell-tv/2021/ultra-large-screen/,Germany,Microsite,72
https://www.lg.com/de/tv/nano-cell-tv/2021/design/,Germany,Microsite,77
https://www.lg.com/de/tv/nano-cell-tv/2021/pure-color/,Germany,Microsite,77
https://www.lg.com/de/tv/oled-tv/2021/sport/,Germany,Microsite,79
https://www.lg.com/de/tv/lgoledflex/,Germany,Microsite,77
https://www.lg.com/de/tv/oled-tv/2021/smart/,Germany,Microsite,79
https://www.lg.com/de/tv/oled-tv/2021/eyecomfort-ecofriendly/,Germany,Microsite,73
https://www.lg.com/de/tv/nano-cell-tv/2021/sport/,Germany,Microsite,70
https://www.lg.com/de/tv/nano-cell-tv/2021/cinema/,Germany,Microsite,77
https://www.lg.com/de/tv/oled-tv/2021/cinema/,Germany,Microsite,79
https://www.lg.com/de/tv/nano-cell-tv/2021/gaming/,Germany,Microsite,70
https://www.lg.com/de/tvs-und-soundbars/2024/smart/,Germany,Microsite,72
https://www.lg.com/de/tv/viewing-angle/,Germany,Microsite,72
https://www.lg.com/de/tv/qned-tvs/2022/modellvergleich/,Germany,Microsite,72
https://www.lg.com/de/tv/qned-tvs/2022/gaming/,Germany,Microsite,77
https://www.lg.com/de/tv/why-lgoled/sustainability/,Germany,Microsite,77
https://www.lg.com/de/tv/qned-tvs/2022/kinoerlebnis/,Germany,Microsite,70
https://www.lg.com/de/tvs-und-soundbars/2024/smart/gamingandlifestyle/,Germany,Microsite,80
https://www.lg.com/de/tv/sport/,Germany,Microsite,72
https://www.lg.com/de/tv/warum-oled/oled-lineup/,Germany,Microsite,79
https://www.lg.com/de/tvs-und-soundbars/appletvplus/,Germany,Microsite,79
https://www.lg.com/de/tvs-und-soundbars/2024/smart/homescreenandapps/,Germany,Microsite,80
https://www.lg.com/de/tvs-und-soundbars/2024/smart/lgchannels/,Germany,Microsite,80
https://www.lg.com/de/tvs-und-soundbars/2024/smart/webos/,Germany,Microsite,80
https://www.lg.com/de/tvs-und-soundbars/ai-tv/,Germany,Microsite,80
https://www.lg.com/de/tv/oled-tv/2022/oled-warranty/,Germany,Microsite,79
https://www.lg.com/de/tv/oled-tv/oled-reliability/,Germany,Microsite,72
https://www.lg.com/de/tvs-und-soundbars/2024/smart/highlights/,Germany,Microsite,83
https://www.lg.com/de/tvs-und-soundbars/lg-ai-tvs/,Germany,Microsite,80
https://www.lg.com/de/tvs-und-soundbars/nanocell/2021/sport/,Germany,Microsite,77
https://www.lg.com/de/tvs-und-soundbars/nanocell/2021/design/,Germany,Microsite,77
https://www.lg.com/de/tvs-und-soundbars/nanocell/2021/gaming/,Germany,Microsite,77
https://www.lg.com/de/webos-smart-tv/homescreen-and-apps/,Germany,Microsite,80
https://www.lg.com/de/webos-smart-tv/gaming-and-lifestyle/,Germany,Microsite,80
https://www.lg.com/de/webos-smart-tv/webos/,Germany,Microsite,80
https://www.lg.com/de/lautsprecher/xboom/,Germany,제품 카테고리 (PLP),83
https://www.lg.com/de/lifestyle-tvs/stanbyme-go/,Germany,제품 카테고리 (PLP),83
https://www.lg.com/de/lautsprecher/xboom/xboombywilliam/,Germany,제품 카테고리 (PLP),86
https://www.lg.com/de/tvs-und-soundbars/grossbild-tvs/,Germany,제품 카테고리 (PLP),80
https://www.lg.com/de/monitore/magazin/design-monitor/,Germany,제품 카테고리 (PLP),72
https://www.lg.com/de/tvs-und-soundbars/oled-evo/?ec_ft_07520361=42_-_48_Zoll,Germany,제품 카테고리 (PLP),89
https://www.lg.com/de/tv/appletvplus/,Germany,제품 카테고리 (PLP),86
https://www.lg.com/de/lautsprecher/bluetooth-lautsprecher/,Germany,제품 카테고리 (PLP),83
https://www.lg.com/de/tvs-und-soundbars/uhd-tvs/?ec_ft_07520361=42_-_48_Zoll,Germany,제품 카테고리 (PLP),93
https://www.lg.com/de/tvs-und-soundbars/alle-tvs-und-soundbars/?ec_ft_07520361=65_Zoll,Germany,제품 카테고리 (PLP),83
https://www.lg.com/de/soundsuite/alle-soundsuite/,Germany,제품 카테고리 (PLP),83
https://www.lg.com/de/monitore/magazin/monitor-fuer-bildbearbeitung/,Germany,제품 카테고리 (PLP),72
https://www.lg.com/de/monitore/gaming/ultragear/,Germany,제품 카테고리 (PLP),77
https://www.lg.com/de/ultrafine-monitore/,Germany,제품 카테고리 (PLP),76
https://www.lg.com/de/tvs-und-soundbars/miniled/?ec_ft_07520361=50_Zoll,Germany,제품 카테고리 (PLP),86
https://www.lg.com/de/tvs-und-soundbars/lg-qned-evo-mini-led/,Germany,제품 카테고리 (PLP),77
https://www.lg.com/de/tvs-und-soundbars/nanocell/?ec_ft_07520361=55_Zoll,Germany,제품 카테고리 (PLP),86
https://www.lg.com/de/webos-smart-tv/highlights/,Germany,제품 카테고리 (PLP),72
https://www.lg.com/de/monitore/ultrafine-evo/,Germany,제품 카테고리 (PLP),83
https://www.lg.com/de/tvs-und-soundbars/nanocell/?ec_ft_07520361=42_-_48_Zoll,Germany,제품 카테고리 (PLP),86
https://www.lg.com/de/tvs-und-soundbars/miniled/?ec_ft_07520361=100_Zoll_und_größer,Germany,제품 카테고리 (PLP),86
https://www.lg.com/de/home-office-monitore/,Germany,제품 카테고리 (PLP),79
https://www.lg.com/de/tvs-und-soundbars/qned-evo/?ec_ft_07520361=86_-_98_Zoll,Germany,제품 카테고리 (PLP),86
https://www.lg.com/de/monitore/tv-monitore/,Germany,제품 카테고리 (PLP),86
https://www.lg.com/de/ultragear-monitore/,Germany,제품 카테고리 (PLP),81
https://www.lg.com/de/monitore/discontinued/,Germany,제품 카테고리 (PLP),79
https://www.lg.com/de/lautsprecher/audio-zubehoer/,Germany,제품 카테고리 (PLP),82
https://www.lg.com/de/tvs-und-soundbars/grossbild-tvs/?ec_ft_07520361=86_-_98_Zoll,Germany,제품 카테고리 (PLP),83
https://www.lg.com/de/tv/discontinued/,Germany,제품 카테고리 (PLP),83
https://www.lg.com/de/tvs-und-soundbars/signature-oled/?ec_ft_07520361=77_-_85_Zoll,Germany,제품 카테고리 (PLP),86
https://www.lg.com/de/tvs-und-soundbars/qned-evo/?ec_ft_07520361=55_Zoll,Germany,제품 카테고리 (PLP),86
https://www.lg.com/de/tvs-und-soundbars/led-tvs/,Germany,제품 카테고리 (PLP),83
https://www.lg.com/de/tvs-und-soundbars/smart-tvs/?ec_ft_07520361=32_Zoll_und_kleiner,Germany,제품 카테고리 (PLP),86
https://www.lg.com/de/monitore/intelligente-monitore/,Germany,제품 카테고리 (PLP),77
https://www.lg.com/de/tvs-und-soundbars/smart-tvs/?ec_ft_07520361=65_Zoll,Germany,제품 카테고리 (PLP),86
https://www.lg.com/de/tvs-und-soundbars/oled-art/,Germany,제품 카테고리 (PLP),77
https://www.lg.com/de/tvs-und-soundbars/tv-zubehoer/,Germany,제품 카테고리 (PLP),83
https://www.lg.com/de/audio/,Germany,제품 카테고리 (PLP),76
https://www.lg.com/de/tvs-und-soundbars/alle-tvs-und-soundbars/?ec_ft_07520361=55_Zoll,Germany,제품 카테고리 (PLP),86
https://www.lg.com/de/monitore/ultrawide/,Germany,제품 카테고리 (PLP),80
https://www.lg.com/de/tvs-und-soundbars/smart-tvs/?ec_ft_07520361=50_Zoll,Germany,제품 카테고리 (PLP),86
https://www.lg.com/de/monitore/,Germany,제품 카테고리 (PLP),74
https://www.lg.com/de/tvs-und-soundbars/smart-tvs/?ec_ft_07520361=70_-_75_Zoll,Germany,제품 카테고리 (PLP),86
https://www.lg.com/de/webos-smart-tv/lg-channels/,Germany,제품 카테고리 (PLP),72
https://www.lg.com/de/tvs-und-soundbars/tv-bundles/,Germany,제품 카테고리 (PLP),86
https://www.lg.com/de/monitore/monitor-bundles/,Germany,제품 카테고리 (PLP),83
https://www.lg.com/de/lifestyle-tvs/alle-lifestyle-tvs/,Germany,제품 카테고리 (PLP),83
https://www.lg.com/de/tvs-und-soundbars/uhd-tvs/?ec_ft_07520361=65_Zoll,Germany,제품 카테고리 (PLP),93
https://www.lg.com/de/tvs-und-soundbars/alle-tvs-und-soundbars/?ec_ft_07520361=70_-_75_Zoll,Germany,제품 카테고리 (PLP),86
https://www.lg.com/de/tvs-und-soundbars/smart-tvs/,Germany,제품 카테고리 (PLP),83
https://www.lg.com/de/tvs-und-soundbars/micro-rgb-evo/,Germany,제품 카테고리 (PLP),93
https://www.lg.com/de/tvs-und-soundbars/oled/?ec_ft_07520361=55_Zoll,Germany,제품 카테고리 (PLP),86
https://www.lg.com/de/tvs-und-soundbars/gallery-edition/,Germany,제품 카테고리 (PLP),79
https://www.lg.com/de/audio/tonefreeapp/,Germany,제품 카테고리 (PLP),83
https://www.lg.com/de/lautsprecher/alle-lautsprecher/,Germany,제품 카테고리 (PLP),87
https://www.lg.com/de/tvs-und-soundbars/qned-evo/?ec_ft_07520361=65_Zoll,Germany,제품 카테고리 (PLP),86
https://www.lg.com/de/soundsuite/,Germany,제품 카테고리 (PLP),81
https://www.lg.com/de/tvs-und-soundbars/smart-tvs/?ec_ft_07520361=77_-_85_Zoll,Germany,제품 카테고리 (PLP),86
https://www.lg.com/de/tvs-und-soundbars/webos-for-entertainment/,Germany,제품 카테고리 (PLP),77
https://www.lg.com/de/tv/2022/soundbar/,Germany,제품 카테고리 (PLP),73
https://www.lg.com/de/monitore/lifestyle-monitor-swing/,Germany,제품 카테고리 (PLP),86
https://www.lg.com/de/tvs-und-soundbars/qned/?ec_ft_07520361=86_-_98_Zoll,Germany,제품 카테고리 (PLP),90
https://www.lg.com/de/tvs-und-soundbars/oled/?ec_ft_07520361=77_-_85_Zoll,Germany,제품 카테고리 (PLP),90
https://www.lg.com/de/monitore/professionelle-monitore/,Germany,제품 카테고리 (PLP),83
https://www.lg.com/de/tvs-und-soundbars/alle-tvs-und-soundbars/?ec_ft_07520361=32_Zoll_und_kleiner,Germany,제품 카테고리 (PLP),86
https://www.lg.com/de/tvs-und-soundbars/qned/?ec_ft_07520361=50_Zoll,Germany,제품 카테고리 (PLP),90
https://www.lg.com/de/lautsprecher/soundbars/gx/,Germany,제품 카테고리 (PLP),83
https://www.lg.com/de/tvs-und-soundbars/qned-evo/,Germany,제품 카테고리 (PLP),86
https://www.lg.com/de/tvs-und-soundbars/oled-evo/?ec_ft_07520361=86_-_98_Zoll,Germany,제품 카테고리 (PLP),90
https://www.lg.com/de/monitore/magazin/lcd-ips-und-tft-monitor/,Germany,제품 카테고리 (PLP),69
https://www.lg.com/de/tvs-und-soundbars/signature-oled/,Germany,제품 카테고리 (PLP),83
https://www.lg.com/de/tvs-und-soundbars/grossbild-tvs/?ec_ft_07520361=70_-_75_Zoll,Germany,제품 카테고리 (PLP),83
https://www.lg.com/de/tvs-und-soundbars/plasma-tvs/,Germany,제품 카테고리 (PLP),83
https://www.lg.com/de/tvs-und-soundbars/qned/,Germany,제품 카테고리 (PLP),87
https://www.lg.com/de/lautsprecher/audio-zubehor/,Germany,제품 카테고리 (PLP),76
https://www.lg.com/de/tvs-und-soundbars/oled-evo/,Germany,제품 카테고리 (PLP),87
https://www.lg.com/de/tvs-und-soundbars/smart-tvs/?ec_ft_07520361=55_Zoll,Germany,제품 카테고리 (PLP),86
https://www.lg.com/de/lifestyle-tvs/,Germany,제품 카테고리 (PLP),83
https://www.lg.com/de/tvs-und-soundbars/smart-tvs/?ec_ft_07520361=42_-_48_Zoll,Germany,제품 카테고리 (PLP),86
https://www.lg.com/de/tvs-und-soundbars/alle-tvs-und-soundbars/?ec_ft_07520361=77_-_85_Zoll,Germany,제품 카테고리 (PLP),83
https://www.lg.com/de/tvs-und-soundbars/qned/?ec_ft_07520361=55_Zoll,Germany,제품 카테고리 (PLP),89
https://www.lg.com/de/soundsuite/howtovideo-qna/,Germany,제품 카테고리 (PLP),83
https://www.lg.com/de/tv/2023/smart/,Germany,제품 카테고리 (PLP),69
https://www.lg.com/de/tvs-und-soundbars/qned/?ec_ft_07520361=100_Zoll_und_größer,Germany,제품 카테고리 (PLP),90
https://www.lg.com/de/monitore/gaming/ultragear-esports/,Germany,제품 카테고리 (PLP),73
https://www.lg.com/de/monitore/gaming/ultragear-brand-story/,Germany,제품 카테고리 (PLP),69
https://www.lg.com/de/tvs-und-soundbars/true-wireless-tv/?ec_ft_07520361=77_-_85_Zoll,Germany,제품 카테고리 (PLP),86
https://www.lg.com/de/tvs-und-soundbars/nanocell/?ec_ft_07520361=70_-_75_Zoll,Germany,제품 카테고리 (PLP),86
https://www.lg.com/de/tvs-und-soundbars/miniled/?ec_ft_07520361=55_Zoll,Germany,제품 카테고리 (PLP),86
https://www.lg.com/de/tvs-und-soundbars/alle-tvs-und-soundbars/?ec_ft_07520361=50_Zoll,Germany,제품 카테고리 (PLP),83
https://www.lg.com/de/tvs-und-soundbars/alle-tvs-und-soundbars/?ec_ft_07520361=42_-_48_Zoll,Germany,제품 카테고리 (PLP),86
https://www.lg.com/de/tvs-und-soundbars/oled/?ec_ft_07520361=65_Zoll,Germany,제품 카테고리 (PLP),90
https://www.lg.com/de/tvs-und-soundbars/miniled/?ec_ft_07520361=70_-_75_Zoll,Germany,제품 카테고리 (PLP),86
https://www.lg.com/de/lautsprecher/,Germany,제품 카테고리 (PLP),77
https://www.lg.com/de/lautsprecher/xboom-go/,Germany,제품 카테고리 (PLP),83
https://www.lg.com/de/tv/2023/soundbar/,Germany,제품 카테고리 (PLP),76
https://www.lg.com/de/monitore/magazin/profi-monitore/,Germany,제품 카테고리 (PLP),72
https://www.lg.com/de/ultrawide-monitore/,Germany,제품 카테고리 (PLP),79
https://www.lg.com/de/tvs-und-soundbars/qned/?ec_ft_07520361=65_Zoll,Germany,제품 카테고리 (PLP),90
https://www.lg.com/de/tvs-und-soundbars/miniled/,Germany,제품 카테고리 (PLP),86
https://www.lg.com/de/newsroom/,Germany,Press & Media,79
https://www.lg.com/de/newsroom/--LG-praesentiert-Micro-RGB-evo-TV-auf-der-LG-Convention-2026/,Germany,Press & Media,83
https://www.lg.com/de/newsroom/-Affectionate-Intelligence---LG-pr-sentiert-die-Zukunft-KI-gest-tzter-Kundenerlebnisse-auf-der-CES-2025/,Germany,Press & Media,79
https://www.lg.com/de/newsroom/20230106_OLEDTV_Verkaufzahlen/,Germany,Press & Media,73
https://www.lg.com/de/newsroom/20230403_Pressemitteilung_Red-Dot-Award/,Germany,Press & Media,82
https://www.lg.com/de/newsroom/20230403_Pressemitteilung_Red-Dot-Award_0331/,Germany,Press & Media,82
https://www.lg.com/de/newsroom/20230414_Pressemitteilung_LG-TV-Cloud-gaming_DE/,Germany,Press & Media,79
https://www.lg.com/de/newsroom/20230414_Pressemitteilung_LG_OLED-Art_MDW_DE/,Germany,Press & Media,82
https://www.lg.com/de/newsroom/20230517_Pressemitteilung_-LG-2022-Soundbars_Software-Update/,Germany,Press & Media,82
https://www.lg.com/de/newsroom/20230615_Pressemitteilung_LG_InfoComm2023/,Germany,Press & Media,73
https://www.lg.com/de/newsroom/20230628_Pressemitteilung_LG-Smart-Cam/,Germany,Press & Media,73
https://www.lg.com/de/newsroom/20230712_Pressemitteilung_LG-Channels_BINGE-Korea/,Germany,Press & Media,67
https://www.lg.com/de/newsroom/20230901_Pressemitteilung_LG-at-IFA-2023/,Germany,Press & Media,82
https://www.lg.com/de/newsroom/20231120_PM_Launch-LG-TONE-Free-T90S-1/,Germany,Press & Media,73
https://www.lg.com/de/newsroom/20231219_CES_LG-2024-Soundbar-lineup-2/,Germany,Press & Media,82
https://www.lg.com/de/newsroom/2023121_Pressemitteilung_LG-HE_Neue-Apps/,Germany,Press & Media,73
https://www.lg.com/de/newsroom/20231222_CES-2024_LG-mycup-Spu-lmaschine-1/,Germany,Press & Media,79
https://www.lg.com/de/newsroom/20231229_Pressemitteilung_LG-HE_QNED-TVs-2024/,Germany,Press & Media,79
https://www.lg.com/de/newsroom/20240124_PM-THERMA-V/,Germany,Press & Media,82
https://www.lg.com/de/newsroom/20240129_PM-HA_CES-2024_LG-Styler/,Germany,Press & Media,73
https://www.lg.com/de/newsroom/20240131_LG_Press-Release_ECE/,Germany,Press & Media,82
https://www.lg.com/de/newsroom/20240306_LG-Convention_HE_OLED-2024/,Germany,Press & Media,82
https://www.lg.com/de/newsroom/20240308_LG-Convention_HA_K-hlger-te_V3_if/,Germany,Press & Media,82
https://www.lg.com/de/newsroom/20240308_LG-Convention_HE_QNED-TVs/,Germany,Press & Media,82
https://www.lg.com/de/newsroom/20240311_LG_ID_Pressemeldung/,Germany,Press & Media,70
https://www.lg.com/de/newsroom/20240313_LG-Convention_HA_Waschen_V2_if-2-/,Germany,Press & Media,82
https://www.lg.com/de/newsroom/20240319_LG-Pressemitteilung_Servicerobotik/,Germany,Press & Media,82
https://www.lg.com/de/newsroom/20240320_LG_Pressemeldung_Weltglu-ckstag/,Germany,Press & Media,82
https://www.lg.com/de/newsroom/20240424_LG-HA_Design-Milan-Week/,Germany,Press & Media,82
https://www.lg.com/de/newsroom/20240425_HE_LG-Channels-Erweiterung-Senderangebote/,Germany,Press & Media,79
https://www.lg.com/de/newsroom/20240503_AppleMusic/,Germany,Press & Media,70
https://www.lg.com/de/newsroom/20240507_RTL-/,Germany,Press & Media,79
https://www.lg.com/de/newsroom/20240701_LG-Pressemeldung_ECAHR/,Germany,Press & Media,79
https://www.lg.com/de/newsroom/20240701_LG_ID_Airserver_DE/,Germany,Press & Media,70
https://www.lg.com/de/newsroom/20240704_LG-Pressemeldung_Partnerschaft-Athom/,Germany,Press & Media,67
https://www.lg.com/de/newsroom/20240712_LG-PM_Ultragro-e-TVs-f-r-den-Sport-Sommer/,Germany,Press & Media,82
https://www.lg.com/de/newsroom/20240726_MyView-Smart-Monitor-auf-den-Markt/,Germany,Press & Media,82
https://www.lg.com/de/newsroom/20240806_LG_Corporate_IFA_Invitation/,Germany,Press & Media,79
https://www.lg.com/de/newsroom/20240814_LG-erweitert-Verf-gbarkeit-seines-FAST-Channels-LG-1/,Germany,Press & Media,79
https://www.lg.com/de/newsroom/20240819_LG-PM_Nachhaltigkeitsbericht_V2/,Germany,Press & Media,82
https://www.lg.com/de/newsroom/230418_Pressemitteilung_LG-Channels-in-Europa/,Germany,Press & Media,82
https://www.lg.com/de/newsroom/230420_Pressemitteilung_LG-IT_Partnerprogramm/,Germany,Press & Media,79
https://www.lg.com/de/newsroom/230426_Pressemitteilung_LG_Amazon-Citadel/,Germany,Press & Media,79
https://www.lg.com/de/newsroom/230428_PM_Finanzergebnisse-Q1-2023/,Germany,Press & Media,70
https://www.lg.com/de/newsroom/2304_LG-AS_-Pressemitteilung_AHRI-Awards_Adaption/,Germany,Press & Media,79
https://www.lg.com/de/newsroom/230508_Pressemitteilung_LG_Arrow_DACH/,Germany,Press & Media,82
https://www.lg.com/de/newsroom/230510_LG-UltraGear-release_/,Germany,Press & Media,82
https://www.lg.com/de/newsroom/230510_LGE-MyCar-Alarm_DE/,Germany,Press & Media,82
https://www.lg.com/de/newsroom/230607_PM_Global-Volunteer-Day/,Germany,Press & Media,79
https://www.lg.com/de/newsroom/230607_PM_RE100-Initiative/,Germany,Press & Media,73
https://www.lg.com/de/newsroom/230621_LG-ID_Casestudy_Audi-Charing-Hubs/,Germany,Press & Media,73
https://www.lg.com/de/newsroom/230622_PM_Signature-x-Schwanensee/,Germany,Press & Media,82
https://www.lg.com/de/newsroom/230629_PM_VS-10th-anniversary/,Germany,Press & Media,73
https://www.lg.com/de/newsroom/230712_PM_Zukunftsstrategie/,Germany,Press & Media,79
https://www.lg.com/de/newsroom/230726_PM_LG-Signature-Sponsorship/,Germany,Press & Media,73
https://www.lg.com/de/newsroom/230726_PM_Nachhaltigkeitsbericht/,Germany,Press & Media,82
https://www.lg.com/de/newsroom/230727_PM_Finanzergebnisse-Q2-2023/,Germany,Press & Media,70
https://www.lg.com/de/newsroom/230731_Pressemitteilung_LG-Channels-Sports-Content/,Germany,Press & Media,70
https://www.lg.com/de/newsroom/230801_Press-Release_Global-IT-Challenge-1-pdf/,Germany,Press & Media,79
https://www.lg.com/de/newsroom/230802_LG_HE_Launch-OLED-M/,Germany,Press & Media,82
https://www.lg.com/de/newsroom/230810_Pressemitteilung_InD_LG-MAGNIT-All-in-One/,Germany,Press & Media,82
https://www.lg.com/de/newsroom/230815_PM_ThinQ-Up-2-0--IFA-2023-/,Germany,Press & Media,67
https://www.lg.com/de/newsroom/230815_PM_Universal-Up-Kit--IFA-2023-/,Germany,Press & Media,70
https://www.lg.com/de/newsroom/230816_IFA2023_LG-Smart-Cottage/,Germany,Press & Media,73
https://www.lg.com/de/newsroom/230824_Life-s-Good-Campaign/,Germany,Press & Media,82
https://www.lg.com/de/newsroom/230824_Pressemitteilung_LG-x-Amazon-Luna-1/,Germany,Press & Media,82
https://www.lg.com/de/newsroom/230825_IFA-2023_Built-in-package/,Germany,Press & Media,82
https://www.lg.com/de/newsroom/230825_IFA-2023_StanbyME-Go/,Germany,Press & Media,73
https://www.lg.com/de/newsroom/230828_IFA-2023_Net-Zero-House_Energy-Package/,Germany,Press & Media,82
https://www.lg.com/de/newsroom/230828_PM_IDEA-Award/,Germany,Press & Media,82
https://www.lg.com/de/newsroom/230830_PM-ThinQ-Smart-Home-Plattform/,Germany,Press & Media,67
https://www.lg.com/de/newsroom/230832_IFA-2023_Home-Appliances-pra-sentiert-neue-Lo-sungen-fu-r-Energieeffizienz/,Germany,Press & Media,79
https://www.lg.com/de/newsroom/230901_Pressemitteilung_LG-Tech-Briefing/,Germany,Press & Media,73
https://www.lg.com/de/newsroom/230906_LG_ID_PM-Zukunft-Nahverkehr/,Germany,Press & Media,82
https://www.lg.com/de/newsroom/230908_LG_LoL_UltraGear_27GR95QL/,Germany,Press & Media,82
https://www.lg.com/de/newsroom/230912_PM_LG-Smart-TV-Apple-TV-Promotion/,Germany,Press & Media,79
https://www.lg.com/de/newsroom/230919_LG_Press-Release_Burn-In-1/,Germany,Press & Media,67
https://www.lg.com/de/newsroom/230919_PM_LG-Channels-3-0/,Germany,Press & Media,63
https://www.lg.com/de/newsroom/230920_PM_LG-visionwebOS-summit/,Germany,Press & Media,70
https://www.lg.com/de/newsroom/230926_PM_6G-Leadership/,Germany,Press & Media,82
https://www.lg.com/de/newsroom/230927_PM_Life-s-Good-Markenfilm/,Germany,Press & Media,70
https://www.lg.com/de/newsroom/231004_LG-x-Eintracht-Frankfurt/,Germany,Press & Media,79
https://www.lg.com/de/newsroom/231016_LG_ID_BEST_Pressestatement/,Germany,Press & Media,79
https://www.lg.com/de/newsroom/231017_LG_PM_InstaView_Werbespot/,Germany,Press & Media,82
https://www.lg.com/de/newsroom/231019_PM_Bloomberg_Interview-Vehicle-Solutions/,Germany,Press & Media,67
https://www.lg.com/de/newsroom/231027_Q3-Finanzzahlen/,Germany,Press & Media,70
https://www.lg.com/de/newsroom/231101_Automotive-Content-Plattform/,Germany,Press & Media,79
https://www.lg.com/de/newsroom/231115_LG_AS_Wa-rmepumpen_LG-gru-ndet-Forschungslabor-in-Alaska_PM/,Germany,Press & Media,79
https://www.lg.com/de/newsroom/231120_PM_CES-2024-Awards/,Germany,Press & Media,79
https://www.lg.com/de/newsroom/231127_PM_LG_Corporate_Organisatorische-Umstrukturierung/,Germany,Press & Media,82
https://www.lg.com/de/newsroom/231128_PM_Corporate_Invitation-CES-2024/,Germany,Press & Media,70
https://www.lg.com/de/newsroom/231212_PM_Corporate_DJSI/,Germany,Press & Media,79
https://www.lg.com/de/newsroom/231214_PM_Life-s-Good-Kampagne_Influencerkoops/,Germany,Press & Media,82
https://www.lg.com/de/newsroom/240102_PM_CES-2024_LG-Labs/,Germany,Press & Media,82
https://www.lg.com/de/newsroom/240103_PM-CES-2024_OLED-Line-up/,Germany,Press & Media,79
https://www.lg.com/de/newsroom/240104_PM-CES-2024_webOS-upgrade/,Germany,Press & Media,82
https://www.lg.com/de/newsroom/240104_Pressemitteilung_Ku-hl-Gefrierkombination-GBB92MBB3P/,Germany,Press & Media,82
https://www.lg.com/de/newsroom/240108_PM-CES-2024_OLED-T/,Germany,Press & Media,82
https://www.lg.com/de/newsroom/240108_PM-CES-2024_Pressekonferenz-Reinvent-your-Future/,Germany,Press & Media,79
https://www.lg.com/de/newsroom/240108_PM_Unicon/,Germany,Press & Media,79
https://www.lg.com/de/support/,Germany,Support - 일반,86
https://www.lg.com/de/support/ankuendigungen/,Germany,Support - 일반,79
https://www.lg.com/de/support/ankuendigungen/DENTC161209121380/,Germany,Support - 일반,74
https://www.lg.com/de/support/ankuendigungen/DENTC20201028150796/,Germany,Support - 일반,74
https://www.lg.com/de/support/ankuendigungen/DENTC20210701151400/,Germany,Support - 일반,74
https://www.lg.com/de/support/ankuendigungen/DENTC20220425152280/,Germany,Support - 일반,74
https://www.lg.com/de/support/ankuendigungen/DENTC20221012153120/,Germany,Support - 일반,74
https://www.lg.com/de/support/ankuendigungen/DENTC20230313153490/,Germany,Support - 일반,74
https://www.lg.com/de/support/ankuendigungen/DENTC20230503153713/,Germany,Support - 일반,74
https://www.lg.com/de/support/ankuendigungen/DENTC20230517153850/,Germany,Support - 일반,74
https://www.lg.com/de/support/ankuendigungen/DENTC20230828154100/,Germany,Support - 일반,74
https://www.lg.com/de/support/ankuendigungen/DENTC20231025113800/,Germany,Support - 일반,74
https://www.lg.com/de/support/ankuendigungen/DENTC20240528001/,Germany,Support - 일반,74
https://www.lg.com/de/support/ankuendigungen/DENTC20241107001/,Germany,Support - 일반,74
https://www.lg.com/de/support/ankuendigungen/aktualisierungen-der-datenschutzrichtlinie-von-lg-electronics-service-25092025/,Germany,Support - 일반,74
https://www.lg.com/de/support/ankuendigungen/aktualisierungen-der-datenschutzrichtlinie-von-lg-electronics-service/,Germany,Support - 일반,70
https://www.lg.com/de/support/ankuendigungen/datenschutzrichtlinie-von-lg-20260429/,Germany,Support - 일반,74
https://www.lg.com/de/support/ankuendigungen/hinweis-zur-beendigung-einer-internen-funktion-in-der-lg-set-top-box-tn530v/,Germany,Support - 일반,70
https://www.lg.com/de/support/ankuendigungen/mc-function-termination-notice/,Germany,Support - 일반,74
https://www.lg.com/de/support/ankuendigungen/mitteilung-uber-die-beendigung-der-dienste-von-accuweather/,Germany,Support - 일반,70
https://www.lg.com/de/support/ankuendigungen/notice-of-spotify-service-termination/,Germany,Support - 일반,70
https://www.lg.com/de/support/ankuendigungen/notice-of-termination-of-the-services-of-gracenote-music-id-video-id-eyeq-epg-for-blu-ray-player-blu-ray-home-theater-system-will-no-longer-be-available/,Germany,Support - 일반,70
https://www.lg.com/de/support/b2b-agb/,Germany,Support - 일반,70
https://www.lg.com/de/support/bestellsupport/frequently-asked-questions/,Germany,Support - 일반,93
https://www.lg.com/de/support/bestellsupport/track-my-order/,Germany,Support - 일반,86
https://www.lg.com/de/support/error-pages/,Germany,Support - 일반,59
https://www.lg.com/de/support/error-pages/down-time-check/,Germany,Support - 일반,59
https://www.lg.com/de/support/ersatzteile-zubehoer/,Germany,Support - 일반,86
https://www.lg.com/de/support/ethics/,Germany,Support - 일반,74
https://www.lg.com/de/support/ethics/complaints/,Germany,Support - 일반,78
https://www.lg.com/de/support/ethics/unethical/,Germany,Support - 일반,81
https://www.lg.com/de/support/ethics/unethicalCheck/,Germany,Support - 일반,81
https://www.lg.com/de/support/faq-shop/,Germany,Support - 일반,70
https://www.lg.com/de/support/find-us/,Germany,Support - 일반,67
https://www.lg.com/de/support/find-us/brand-shop/,Germany,Support - 일반,67
https://www.lg.com/de/support/garantie-fuer-b2b-produkte/,Germany,Support - 일반,81
https://www.lg.com/de/support/garantie/,Germany,Support - 일반,86
https://www.lg.com/de/support/glossary/,Germany,Support - 일반,85
https://www.lg.com/de/support/kontakt/,Germany,Support - 일반,63
https://www.lg.com/de/support/kontaktieren-sie-uns/,Germany,Support - 일반,86
https://www.lg.com/de/support/kontaktieren-sie-uns/email-to-ceo/,Germany,Support - 일반,81
https://www.lg.com/de/support/kontaktieren-sie-uns/email-us/,Germany,Support - 일반,78
https://www.lg.com/de/support/kontaktieren-sie-uns/finde-reparatur-center/,Germany,Support - 일반,78
https://www.lg.com/de/support/kontaktieren-sie-uns/web-survey/,Germany,Support - 일반,81
https://www.lg.com/de/support/produkt-hilfe/,Germany,Support - 일반,74
https://www.lg.com/de/support/produkt-hilfe/cs-100MRGB96B9.AEU/,Germany,Support - 일반,85
https://www.lg.com/de/support/produkt-hilfe/cs-100MRGB96B9.AVS/,Germany,Support - 일반,85
https://www.lg.com/de/support/produkt-hilfe/cs-100QNED86A6.AEU/,Germany,Support - 일반,85
https://www.lg.com/de/support/produkt-hilfe/cs-100QNED86A6.AVS/,Germany,Support - 일반,85
https://www.lg.com/de/support/produkt-hilfe/cs-100QNED87B6.AEU/,Germany,Support - 일반,85
https://www.lg.com/de/support/produkt-hilfe/cs-100QNED87B6.AVS/,Germany,Support - 일반,85
https://www.lg.com/de/support/produkt-hilfe/cs-105UC9V.AEU/,Germany,Support - 일반,85
https://www.lg.com/de/support/produkt-hilfe/cs-10HQ701G-BA.AEU/,Germany,Support - 일반,85
https://www.lg.com/de/support/produkt-hilfe/cs-10SE3E-B.AEU/,Germany,Support - 일반,85
https://www.lg.com/de/support/produkt-hilfe/cs-10SM3TB-B.AEU/,Germany,Support - 일반,85
https://www.lg.com/de/support/produkt-hilfe/cs-110UM5J-B.AEUQ/,Germany,Support - 일반,85
https://www.lg.com/de/support/produkt-hilfe/cs-110UM5K-B.AEUQ/,Germany,Support - 일반,85
https://www.lg.com/de/support/produkt-hilfe/cs-115QNED93B6.AEEQ/,Germany,Support - 일반,85
https://www.lg.com/de/support/produkt-hilfe/cs-115QNED93B6.AEKQ/,Germany,Support - 일반,85
https://www.lg.com/de/support/produkt-hilfe/cs-115QNED93B6.AEUQ/,Germany,Support - 일반,85
https://www.lg.com/de/support/produkt-hilfe/cs-115QNED93B6.APIQ/,Germany,Support - 일반,85
https://www.lg.com/de/support/produkt-hilfe/cs-115QNED93B6.AVSQ/,Germany,Support - 일반,85
https://www.lg.com/de/support/produkt-hilfe/cs-14HK701G-WA.AEE/,Germany,Support - 일반,85
https://www.lg.com/de/support/produkt-hilfe/cs-14HK701G-WA.AEU/,Germany,Support - 일반,85
https://www.lg.com/de/support/produkt-hilfe/cs-14HK701G-WP.AEE/,Germany,Support - 일반,85
https://www.lg.com/de/support/produkt-hilfe/cs-14HK701G-WP.AEU/,Germany,Support - 일반,85
https://www.lg.com/de/support/produkt-hilfe/cs-14HK701G-WP.AUB/,Germany,Support - 일반,85
https://www.lg.com/de/support/produkt-hilfe/cs-14HQ701G-BA.AEU/,Germany,Support - 일반,85
https://www.lg.com/de/support/produkt-hilfe/cs-14T90R-G.AA77G/,Germany,Support - 일반,85
https://www.lg.com/de/support/produkt-hilfe/cs-14U70Q-G.AA56G/,Germany,Support - 일반,85
https://www.lg.com/de/support/produkt-hilfe/cs-14U70Q-G.AA79G/,Germany,Support - 일반,85
https://www.lg.com/de/support/produkt-hilfe/cs-14U70Q-G.AP56G/,Germany,Support - 일반,85
https://www.lg.com/de/support/produkt-hilfe/cs-14U70Q-G.AP59G/,Germany,Support - 일반,85
https://www.lg.com/de/support/produkt-hilfe/cs-14UT70Q-G.AX34G/,Germany,Support - 일반,85
https://www.lg.com/de/support/produkt-hilfe/cs-14Z90N-V.AP52G/,Germany,Support - 일반,85
https://www.lg.com/de/support/produkt-hilfe/cs-14Z90N-V.AR52G/,Germany,Support - 일반,85
https://www.lg.com/de/support/produkt-hilfe/cs-14Z90P-G.AA79G/,Germany,Support - 일반,85
https://www.lg.com/de/support/produkt-hilfe/cs-14Z90P-G.AA89G/,Germany,Support - 일반,85
https://www.lg.com/de/support/produkt-hilfe/cs-14Z90P-G.AP55G/,Germany,Support - 일반,85
https://www.lg.com/de/support/produkt-hilfe/cs-14Z90Q-G.AA54G/,Germany,Support - 일반,85
https://www.lg.com/de/support/produkt-hilfe/cs-14Z90Q-G.AA79G/,Germany,Support - 일반,85
https://www.lg.com/de/support/produkt-hilfe/cs-14Z90R-G.AA79G/,Germany,Support - 일반,85
https://www.lg.com/de/support/produkt-hilfe/cs-14Z90RS-G.AD7AG/,Germany,Support - 일반,85
https://www.lg.com/de/support/produkt-hilfe/cs-14ZT90P-G.AM12G/,Germany,Support - 일반,85
https://www.lg.com/de/support/produkt-hilfe/cs-14ZT90P-G.AM32G/,Germany,Support - 일반,85
https://www.lg.com/de/support/produkt-hilfe/cs-14ZT90P-G.AX12G/,Germany,Support - 일반,85
https://www.lg.com/de/support/produkt-hilfe/cs-14ZT90P-G.AX32G/,Germany,Support - 일반,85
https://www.lg.com/de/support/produkt-hilfe/cs-14ZT90P-G.AX36G/,Germany,Support - 일반,85
https://www.lg.com/de/support/produkt-hilfe/cs-15EL9500.AEU/,Germany,Support - 일반,85
https://www.lg.com/de/support/produkt-hilfe/cs-15LC1R.*******/,Germany,Support - 일반,85
https://www.lg.com/de/support/produkt-hilfe/cs-15LC1R.AUK/,Germany,Support - 일반,85
https://www.lg.com/de/support/produkt-hilfe/cs-15LC1RB.*******/,Germany,Support - 일반,85
https://www.lg.com/de/support/produkt-hilfe/cs-15LC1RB.AIT/,Germany,Support - 일반,85
https://www.lg.com/de/support/produkt-hilfe/cs-15LS1R.AEU/,Germany,Support - 일반,85
https://www.lg.com/de/support/produkt-hilfe/cs-15LS1R.AEW/,Germany,Support - 일반,85
https://www.lg.com/de/support/produkt-hilfe/cs-15LU766A.AEU/,Germany,Support - 일반,85
https://www.lg.com/de/support/produkt-hilfe/cs-15LW1R.*******/,Germany,Support - 일반,85
https://www.lg.com/de/support/produkt-hilfe/cs-15U50T-G.AA56G/,Germany,Support - 일반,85
https://www.lg.com/de/support/produkt-hilfe/cs-15U530-M.AFLGG/,Germany,Support - 일반,85
https://www.lg.com/de/support/produkt-hilfe/cs-15UB50T-G.AP56G/,Germany,Support - 일반,85
https://www.lg.com/de/support/produkt-hilfe/fehlerbehebung/help-library/cs-CT52000817-20155311503511/,Germany,Support - Troubleshoot,82
https://www.lg.com/de/support/produkt-hilfe/fehlerbehebung/help-library/cs-CT52000817-20155316493952/,Germany,Support - Troubleshoot,82
https://www.lg.com/de/support/produkt-hilfe/fehlerbehebung/help-library/cs-CT52000814-20150174547472/,Germany,Support - Troubleshoot,79
https://www.lg.com/de/support/produkt-hilfe/fehlerbehebung/help-library/cs-CT52000817-20155115715323/,Germany,Support - Troubleshoot,82
https://www.lg.com/de/support/produkt-hilfe/fehlerbehebung/help-library/cs-CT52000815-20155272221509,Germany,Support - Troubleshoot,82
https://www.lg.com/de/support/produkt-hilfe/fehlerbehebung/help-library/cs-CT52000817-20155021550233/,Germany,Support - Troubleshoot,82
https://www.lg.com/de/support/produkt-hilfe/fehlerbehebung/help-library/cs-CT52000815-20150147515764/,Germany,Support - Troubleshoot,79
https://www.lg.com/de/support/produkt-hilfe/fehlerbehebung/help-library/cs-CT52000815-20155255785293/,Germany,Support - Troubleshoot,82
https://www.lg.com/de/support/produkt-hilfe/fehlerbehebung/help-library/cs-CT52000819-20155140646426/,Germany,Support - Troubleshoot,79
https://www.lg.com/de/support/produkt-hilfe/fehlerbehebung/help-library/cs-CT52000817-20155311401179/,Germany,Support - Troubleshoot,82
https://www.lg.com/de/support/produkt-hilfe/fehlerbehebung/help-library/cs-CT52000815-20150201189039/,Germany,Support - Troubleshoot,79
https://www.lg.com/de/support/produkt-hilfe/fehlerbehebung/help-library/cs-CT52000814-20150157400878/,Germany,Support - Troubleshoot,79
https://www.lg.com/de/support/produkt-hilfe/fehlerbehebung/help-library/cs-CT52000817-20155181424434/,Germany,Support - Troubleshoot,82
https://www.lg.com/de/support/produkt-hilfe/fehlerbehebung/help-library/cs-CT52000815-20155297567656/,Germany,Support - Troubleshoot,82
https://www.lg.com/de/support/produkt-hilfe/fehlerbehebung/help-library/cs-CT52000815-20150105147433/,Germany,Support - Troubleshoot,79
https://www.lg.com/de/support/produkt-hilfe/fehlerbehebung/help-library/cs-CT52000815-20154978945901,Germany,Support - Troubleshoot,82
https://www.lg.com/de/support/produkt-hilfe/fehlerbehebung/help-library/cs-CT52000815-20155299038489/,Germany,Support - Troubleshoot,82
https://www.lg.com/de/support/produkt-hilfe/fehlerbehebung/help-library/cs-CT52000815-20155092733360/,Germany,Support - Troubleshoot,82
https://www.lg.com/de/support/produkt-hilfe/fehlerbehebung/help-library/cs-CT52000816-20155198565199/,Germany,Support - Troubleshoot,82
https://www.lg.com/de/support/produkt-hilfe/fehlerbehebung/help-library/cs-CT52000815-20153409126567,Germany,Support - Troubleshoot,82
https://www.lg.com/de/support/produkt-hilfe/fehlerbehebung/help-library/cs-CT52000814-20151261850160/,Germany,Support - Troubleshoot,79
https://www.lg.com/de/support/produkt-hilfe/fehlerbehebung/help-library/cs-CT52000816-20155183802650/,Germany,Support - Troubleshoot,82
https://www.lg.com/de/support/produkt-hilfe/fehlerbehebung/help-library/cs-CT52000815-20155102927381/,Germany,Support - Troubleshoot,82
https://www.lg.com/de/support/produkt-hilfe/fehlerbehebung/help-library/cs-CT00001737-20155199000059,Germany,Support - Troubleshoot,82
https://www.lg.com/de/support/produkt-hilfe/fehlerbehebung/help-library/cs-CT52000816-20155135968516/,Germany,Support - Troubleshoot,82
https://www.lg.com/de/support/produkt-hilfe/fehlerbehebung/help-library/cs-CT52000815-20155102791515,Germany,Support - Troubleshoot,82
https://www.lg.com/de/support/produkt-hilfe/fehlerbehebung/help-library/cs-CT52000815-20150137222427/,Germany,Support - Troubleshoot,79
https://www.lg.com/de/support/produkt-hilfe/fehlerbehebung/help-library/cs-CT52000815-20155101720734,Germany,Support - Troubleshoot,82
https://www.lg.com/de/support/produkt-hilfe/fehlerbehebung/help-library/cs-CT52000816-20155366418381,Germany,Support - Troubleshoot,82
https://www.lg.com/de/support/produkt-hilfe/fehlerbehebung/help-library/cs-CT52000815-20155263922148/,Germany,Support - Troubleshoot,82
https://www.lg.com/de/support/produkt-hilfe/fehlerbehebung/help-library/cs-CT52000814-20155381402636,Germany,Support - Troubleshoot,82
https://www.lg.com/de/support/produkt-hilfe/fehlerbehebung/help-library/cs-CT52000815-20155004250964/,Germany,Support - Troubleshoot,82
https://www.lg.com/de/support/produkt-hilfe/fehlerbehebung/help-library/cs-CT52000817-20155311242601/,Germany,Support - Troubleshoot,82
https://www.lg.com/de/support/produkt-hilfe/fehlerbehebung/help-library/cs-CT52000815-20155101720693,Germany,Support - Troubleshoot,82
https://www.lg.com/de/support/produkt-hilfe/fehlerbehebung/help-library/cs-CT52000814-20153065522023/,Germany,Support - Troubleshoot,79
https://www.lg.com/de/support/produkt-hilfe/fehlerbehebung/help-library/cs-CT52000815-20155102922548,Germany,Support - Troubleshoot,82
https://www.lg.com/de/support/produkt-hilfe/fehlerbehebung/help-library/cs-CT52000815-20154971230563/,Germany,Support - Troubleshoot,82
https://www.lg.com/de/support/produkt-hilfe/fehlerbehebung/help-library/cs-CT52000814-20154860393137/,Germany,Support - Troubleshoot,79
https://www.lg.com/de/support/produkt-hilfe/fehlerbehebung/help-library/cs-CT52000819-20155219496900/,Germany,Support - Troubleshoot,82
https://www.lg.com/de/support/produkt-hilfe/fehlerbehebung/help-library/cs-CT52000819-20155063961514/,Germany,Support - Troubleshoot,82
https://www.lg.com/de/support/produkt-hilfe/fehlerbehebung/help-library/cs-CT52000815-20155370303935/,Germany,Support - Troubleshoot,82
https://www.lg.com/de/support/produkt-hilfe/fehlerbehebung/help-library/cs-CT52000816-20155134071880/,Germany,Support - Troubleshoot,82
https://www.lg.com/de/support/produkt-hilfe/fehlerbehebung/help-library/cs-CT52000817-20155311294483/,Germany,Support - Troubleshoot,82
https://www.lg.com/de/support/produkt-hilfe/fehlerbehebung/help-library/cs-CT52000814-20150102847886/,Germany,Support - Troubleshoot,79
https://www.lg.com/de/support/produkt-hilfe/fehlerbehebung/help-library/cs-CT52000814-20155029348632,Germany,Support - Troubleshoot,82
https://www.lg.com/de/support/produkt-hilfe/fehlerbehebung/help-library/cs-CT52000815-20155255022260/,Germany,Support - Troubleshoot,82
https://www.lg.com/de/support/produkt-hilfe/fehlerbehebung/help-library/cs-CT52000817-20155268089057/,Germany,Support - Troubleshoot,82
https://www.lg.com/de/support/produkt-hilfe/fehlerbehebung/help-library/cs-CT52000814-20153065519131/,Germany,Support - Troubleshoot,79
https://www.lg.com/de/support/produkt-hilfe/fehlerbehebung/help-library/cs-CT52000816-20155130675501/,Germany,Support - Troubleshoot,82
https://www.lg.com/de/support/produkt-hilfe/fehlerbehebung/help-library/cs-CT52000814-20151261857597/,Germany,Support - Troubleshoot,79
https://www.lg.com/de/support/produkt-hilfe/fehlerbehebung/help-library/cs-CT52000815-20155295249270/,Germany,Support - Troubleshoot,82
https://www.lg.com/de/support/produkt-hilfe/fehlerbehebung/help-library/cs-CT52000815-20155102811681,Germany,Support - Troubleshoot,82
https://www.lg.com/de/support/produkt-hilfe/fehlerbehebung/help-library/cs-CT52000815-20155101725574/,Germany,Support - Troubleshoot,82
https://www.lg.com/de/support/produkt-hilfe/fehlerbehebung/help-library/cs-CT52000814-20153065510430/,Germany,Support - Troubleshoot,79
https://www.lg.com/de/support/produkt-hilfe/fehlerbehebung/help-library/cs-CT52000817-20155115806363/,Germany,Support - Troubleshoot,82
https://www.lg.com/de/support/produkt-hilfe/fehlerbehebung/help-library/cs-CT52000816-20155131946711/,Germany,Support - Troubleshoot,82
https://www.lg.com/de/support/produkt-hilfe/fehlerbehebung/help-library/cs-CT52000816-20155297251403/,Germany,Support - Troubleshoot,82
https://www.lg.com/de/support/produkt-hilfe/fehlerbehebung/help-library/cs-CT52000815-20155102979485,Germany,Support - Troubleshoot,82
https://www.lg.com/de/support/produkt-hilfe/fehlerbehebung/help-library/cs-CT52000815-20155065329163/,Germany,Support - Troubleshoot,82
https://www.lg.com/de/support/produkt-hilfe/fehlerbehebung/help-library/cs-CT52000816-20155134074488/,Germany,Support - Troubleshoot,82
https://www.lg.com/de/support/produkt-hilfe/fehlerbehebung/help-library/cs-CT52000815-20155102772942,Germany,Support - Troubleshoot,82
https://www.lg.com/de/support/produkt-hilfe/fehlerbehebung/help-library/cs-CT52000815-20155118240216,Germany,Support - Troubleshoot,82
https://www.lg.com/de/support/produkt-hilfe/fehlerbehebung/help-library/cs-CT52000817-20155311456065/,Germany,Support - Troubleshoot,82
https://www.lg.com/de/support/produkt-hilfe/fehlerbehebung/help-library/cs-CT52000815-1430816359587/,Germany,Support - Troubleshoot,79
https://www.lg.com/de/support/produkt-hilfe/fehlerbehebung/help-library/cs-CT52000814-20155412213745,Germany,Support - Troubleshoot,82
https://www.lg.com/de/support/produkt-hilfe/fehlerbehebung/help-library/cs-CT52000816-20155017812104/,Germany,Support - Troubleshoot,82
https://www.lg.com/de/support/produkt-hilfe/fehlerbehebung/help-library/cs-CT52000815-20150147513738/,Germany,Support - Troubleshoot,79
https://www.lg.com/de/support/produkt-hilfe/fehlerbehebung/help-library/cs-CT52000815-20150147510935/,Germany,Support - Troubleshoot,79
https://www.lg.com/de/support/produkt-hilfe/fehlerbehebung/help-library/cs-CT52000814-20153065524975/,Germany,Support - Troubleshoot,79
https://www.lg.com/de/support/produkt-hilfe/fehlerbehebung/help-library/cs-CT52000815-20150147510683/,Germany,Support - Troubleshoot,79
https://www.lg.com/de/support/produkt-hilfe/fehlerbehebung/help-library/cs-CT52000814-20153065516735/,Germany,Support - Troubleshoot,79
https://www.lg.com/de/support/produkt-hilfe/fehlerbehebung/help-library/cs-CT52000817-20155269110591/,Germany,Support - Troubleshoot,82
https://www.lg.com/de/support/produkt-hilfe/fehlerbehebung/help-library/cs-CT52000815-20155352256399/,Germany,Support - Troubleshoot,82
https://www.lg.com/de/support/produkt-hilfe/fehlerbehebung/help-library/cs-CT52000815-20155301955750/,Germany,Support - Troubleshoot,82
https://www.lg.com/de/support/produkt-hilfe/fehlerbehebung/help-library/cs-CT52000815-20155064031975/,Germany,Support - Troubleshoot,82
https://www.lg.com/de/support/produkt-hilfe/fehlerbehebung/help-library/cs-CT00001737-20155115898980,Germany,Support - Troubleshoot,82
https://www.lg.com/de/support/produkt-hilfe/fehlerbehebung/help-library/cs-CT52000817-20155412186301/,Germany,Support - Troubleshoot,82
https://www.lg.com/de/support/produkt-hilfe/fehlerbehebung/help-library/cs-CT52000814-20150157400242/,Germany,Support - Troubleshoot,79
https://www.lg.com/de/support/produkt-hilfe/fehlerbehebung/help-library/cs-CT52000816-20155131935380/,Germany,Support - Troubleshoot,82
https://www.lg.com/de/support/produkt-hilfe/fehlerbehebung/help-library/cs-CT52000816-20155130414521/,Germany,Support - Troubleshoot,82
https://www.lg.com/de/support/produkt-hilfe/fehlerbehebung/help-library/cs-CT52000816-20155198996316/,Germany,Support - Troubleshoot,82
https://www.lg.com/de/support/produkt-hilfe/fehlerbehebung/help-library/cs-CT52000815-20155209278182/,Germany,Support - Troubleshoot,82
https://www.lg.com/de/support/produkt-hilfe/fehlerbehebung/help-library/cs-CT52000814-20152428444741/,Germany,Support - Troubleshoot,79
https://www.lg.com/de/support/produkt-hilfe/fehlerbehebung/help-library/cs-CT52000815-20155128321001/,Germany,Support - Troubleshoot,82
https://www.lg.com/de/support/produkt-hilfe/fehlerbehebung/help-library/cs-CT52000815-20155101718707/,Germany,Support - Troubleshoot,82
https://www.lg.com/de/support/produkt-hilfe/fehlerbehebung/help-library/cs-CT52000815-20155263940448/,Germany,Support - Troubleshoot,82
https://www.lg.com/de/support/produkt-hilfe/fehlerbehebung/help-library/cs-CT52000815-20155103091985,Germany,Support - Troubleshoot,82
https://www.lg.com/de/support/produkt-hilfe/fehlerbehebung/help-library/cs-CT52000814-20153065521063/,Germany,Support - Troubleshoot,79
https://www.lg.com/de/support/produkt-hilfe/fehlerbehebung/help-library/cs-CT52000814-20155311277675,Germany,Support - Troubleshoot,82
https://www.lg.com/de/support/produkt-hilfe/fehlerbehebung/help-library/cs-CT52000817-20155268403673/,Germany,Support - Troubleshoot,82
https://www.lg.com/de/support/produkt-hilfe/fehlerbehebung/help-library/cs-CT52000815-20155102948603/,Germany,Support - Troubleshoot,82
https://www.lg.com/de/support/produkt-hilfe/fehlerbehebung/help-library/cs-CT52000814-20152536921606/,Germany,Support - Troubleshoot,79
https://www.lg.com/de/support/produkt-hilfe/fehlerbehebung/help-library/cs-CT52000815-20155048202463,Germany,Support - Troubleshoot,82
https://www.lg.com/de/support/produkt-hilfe/fehlerbehebung/help-library/cs-CT52000816-20155274466419/,Germany,Support - Troubleshoot,82
https://www.lg.com/de/support/produkt-hilfe/fehlerbehebung/help-library/cs-CT52000815-20155251416082/,Germany,Support - Troubleshoot,82
https://www.lg.com/de/support/produkt-hilfe/fehlerbehebung/help-library/cs-CT52000814-20155140878553,Germany,Support - Troubleshoot,82
https://www.lg.com/de/support/produkt-hilfe/fehlerbehebung/help-library/cs-CT52000815-20155102764864/,Germany,Support - Troubleshoot,82
https://www.lg.com/de/support/produkt-hilfe/fehlerbehebung/help-library/cs-CT52000814-20155265983057,Germany,Support - Troubleshoot,82
https://www.lg.com/de/support/produkt-hilfe/fehlerbehebung/help-library/cs-CT52000815-20155101655424/,Germany,Support - Troubleshoot,82
https://www.lg.com/de/support/produkt-hilfe/fehlerbehebung/help-library/cs-CT52000814-20152428450349/,Germany,Support - Troubleshoot,79
https://www.lg.com/es/tv-lifestyle1/stanbyme/27art10akpl/,Spain,제품 상세 (PDP),81
https://www.lg.com/es/tv-y-barras-de-sonido/32lk510bpld/,Spain,제품 상세 (PDP),84
https://www.lg.com/es/servicios-tv-lifestyle-audio-video/fess-aeu/,Spain,제품 상세 (PDP),83
https://www.lg.com/es/tvs-soundbars/4k-uhd-tvs/65uq81006lb/,Spain,제품 상세 (PDP),84
https://www.lg.com/es/tv-y-barras-de-sonido/32lk510bpld0/,Spain,제품 상세 (PDP),84
https://www.lg.com/es/servicios-tv-lifestyle-audio-video/servicio-inst-pared-ss/,Spain,제품 상세 (PDP),79
https://www.lg.com/es/tv-y-barras-de-sonido/32lk6200pla/,Spain,제품 상세 (PDP),84
https://www.lg.com/es/servicios-tv-lifestyle-audio-video/servicioibs/,Spain,제품 상세 (PDP),79
https://www.lg.com/es/tv-y-barras-de-sonido/32lk6200pla0/,Spain,제품 상세 (PDP),79
https://www.lg.com/es/servicios-tv-lifestyle-audio-video/servicioitvp48/,Spain,제품 상세 (PDP),84
https://www.lg.com/es/tv-y-barras-de-sonido/32lm550bplb/,Spain,제품 상세 (PDP),84
https://www.lg.com/es/servicios-tv-lifestyle-audio-video/servicioitvp4855/,Spain,제품 상세 (PDP),81
https://www.lg.com/es/tv-y-barras-de-sonido/32lm550bplb0/,Spain,제품 상세 (PDP),84
https://www.lg.com/es/servicios-tv-lifestyle-audio-video/servicioitvp4855bs/,Spain,제품 상세 (PDP),84
https://www.lg.com/es/tv-y-barras-de-sonido/32lm630bpla/,Spain,제품 상세 (PDP),84
https://www.lg.com/es/servicios-tv-lifestyle-audio-video/servicioitvp55/,Spain,제품 상세 (PDP),81
https://www.lg.com/es/tv-y-barras-de-sonido/32lm630bpla0/,Spain,제품 상세 (PDP),84
https://www.lg.com/es/servicios-tv-lifestyle-audio-video/servicioitvp55bs/,Spain,제품 상세 (PDP),84
https://www.lg.com/es/tv-y-barras-de-sonido/32lm6370pla/,Spain,제품 상세 (PDP),84
https://www.lg.com/es/tv-y-barras-de-sonido/32lm6370pla0/,Spain,제품 상세 (PDP),84
https://www.lg.com/es/tv-y-barras-de-sonido/32lm637bpla/,Spain,제품 상세 (PDP),84
https://www.lg.com/es/tvs-soundbars/oled-evo/oled48c54la-aeud/,Spain,제품 상세 (PDP),84
https://www.lg.com/es/tv-y-barras-de-sonido/32lm637bpla0/,Spain,제품 상세 (PDP),84
https://www.lg.com/es/tvs-soundbars/oled-evo/oled48c55la/,Spain,제품 상세 (PDP),84
https://www.lg.com/es/tv-y-barras-de-sonido/32lm6380plc/,Spain,제품 상세 (PDP),84
https://www.lg.com/es/tvs-soundbars/oled-evo/oled48c56lb/,Spain,제품 상세 (PDP),84
https://www.lg.com/es/tv-y-barras-de-sonido/32lm6380plc0/,Spain,제품 상세 (PDP),84
https://www.lg.com/es/tvs-soundbars/oled-evo/oled55c54la/,Spain,제품 상세 (PDP),84
https://www.lg.com/es/tv-y-barras-de-sonido/32lq630b6la0/,Spain,제품 상세 (PDP),81
https://www.lg.com/es/tvs-soundbars/oled-evo/oled55c55la/,Spain,제품 상세 (PDP),84
https://www.lg.com/es/tv-y-barras-de-sonido/43um7050plf/,Spain,제품 상세 (PDP),79
https://www.lg.com/es/tvs-soundbars/oled-evo/oled55c56lb/,Spain,제품 상세 (PDP),84
https://www.lg.com/es/tv-y-barras-de-sonido/43um7050plf0/,Spain,제품 상세 (PDP),84
https://www.lg.com/es/speakers/barras-de-sonido/s65q-deusllk/,Spain,제품 상세 (PDP),84
https://www.lg.com/es/speakers/barras-de-sonido/s65qsp-desb/,Spain,제품 상세 (PDP),84
https://www.lg.com/es/speakers/barras-de-sonido/sn4r/,Spain,제품 상세 (PDP),84
https://www.lg.com/es/speakers/barras-de-sonido/spq8-s/,Spain,제품 상세 (PDP),84
https://www.lg.com/es/speakers/hi-fi-system/cm2460/,Spain,제품 상세 (PDP),84
https://www.lg.com/es/speakers/xboom-360/rp4/,Spain,제품 상세 (PDP),84
https://www.lg.com/es/speakers/xboom-360/rp4g/,Spain,제품 상세 (PDP),84
https://www.lg.com/es/speakers/xboom-360/xo3qbk/,Spain,제품 상세 (PDP),84
https://www.lg.com/es/speakers/xboom-go/pl5/,Spain,제품 상세 (PDP),84
https://www.lg.com/es/speakers/xboom-go/pn5/,Spain,제품 상세 (PDP),81
https://www.lg.com/es/speakers/xboom-go/xg5qbk/,Spain,제품 상세 (PDP),84
https://www.lg.com/es/speakers/xboom-go/xg5qgr/,Spain,제품 상세 (PDP),84
https://www.lg.com/es/speakers/xboom-go/xg7qbk/,Spain,제품 상세 (PDP),84
https://www.lg.com/es/speakers/xboom-go/xg9qbk/,Spain,제품 상세 (PDP),84
https://www.lg.com/es/speakers/xboom/dxl7t/,Spain,제품 상세 (PDP),81
https://www.lg.com/es/speakers/xboom/ok75/,Spain,제품 상세 (PDP),81
https://www.lg.com/es/speakers/xboom/ol100/,Spain,제품 상세 (PDP),81
https://www.lg.com/es/speakers/xboom/rnc5/,Spain,제품 상세 (PDP),84
https://www.lg.com/es/speakers/xboom/rnc5sp-desb/,Spain,제품 상세 (PDP),81
https://www.lg.com/es/speakers/xboom/rnc7/,Spain,제품 상세 (PDP),84
https://www.lg.com/es/speakers/xboom/rnc9/,Spain,제품 상세 (PDP),84
https://www.lg.com/es/speakers/xboom/xl7s/,Spain,제품 상세 (PDP),84
https://www.lg.com/es/speakers/xboom/xl7ssp-desb/,Spain,제품 상세 (PDP),81
https://www.lg.com/es/monitoreo/uhd-4k-5k/27us500-w/,Spain,제품 상세 (PDP),81
https://www.lg.com/es/monitores/22tn410v-pz/,Spain,제품 상세 (PDP),84
https://www.lg.com/es/monitores3/22tn410v-pz/,Spain,제품 상세 (PDP),81
https://www.lg.com/es/monitors/ergo-monitors/28mq780-b/,Spain,제품 상세 (PDP),78
https://www.lg.com/es/monitoreo/uhd-4k-5k/32up550n-w/,Spain,제품 상세 (PDP),84
https://www.lg.com/es/monitores/24bk550y-i/,Spain,제품 상세 (PDP),84
https://www.lg.com/es/monitores3/22tn410v-pz0/,Spain,제품 상세 (PDP),81
https://www.lg.com/es/monitors/fhd-qhd/22mp410-b/,Spain,제품 상세 (PDP),81
https://www.lg.com/es/monitoreo/uhd-4k-5k/32up55np-w/,Spain,제품 상세 (PDP),84
https://www.lg.com/es/monitores/24bk550y-i0/,Spain,제품 상세 (PDP),84
https://www.lg.com/es/monitores3/24bk550y-i/,Spain,제품 상세 (PDP),84
https://www.lg.com/es/monitors/fhd-qhd/24bk550y-b/,Spain,제품 상세 (PDP),84
https://www.lg.com/es/monitoreo/ultrawide/29bn650-b/,Spain,제품 상세 (PDP),84
https://www.lg.com/es/monitores/24bk55yp-b/,Spain,제품 상세 (PDP),84
https://www.lg.com/es/monitores3/24bk550y-i0/,Spain,제품 상세 (PDP),84
https://www.lg.com/es/monitors/fhd-qhd/24bk550y-i/,Spain,제품 상세 (PDP),84
https://www.lg.com/es/monitoreo/ultrawide/34bn670p-b/,Spain,제품 상세 (PDP),84
https://www.lg.com/es/monitores/24bk55yp-b0/,Spain,제품 상세 (PDP),81
https://www.lg.com/es/monitores3/24bk55yp-b/,Spain,제품 상세 (PDP),81
https://www.lg.com/es/monitors/fhd-qhd/24bk55yp-b/,Spain,제품 상세 (PDP),81
https://www.lg.com/es/monitores/24bk55yp-w/,Spain,제품 상세 (PDP),84
https://www.lg.com/es/monitores3/24bk55yp-b0/,Spain,제품 상세 (PDP),81
https://www.lg.com/es/monitors/fhd-qhd/24bk55yp-w/,Spain,제품 상세 (PDP),84
https://www.lg.com/es/monitores/24bk55yp-w0/,Spain,제품 상세 (PDP),84
https://www.lg.com/es/monitores3/24bk55yp-w/,Spain,제품 상세 (PDP),84
https://www.lg.com/es/monitors/fhd-qhd/24bk750y-b/,Spain,제품 상세 (PDP),84
https://www.lg.com/es/monitores/24bk750y-b/,Spain,제품 상세 (PDP),84
https://www.lg.com/es/monitores3/24bk55yp-w0/,Spain,제품 상세 (PDP),84
https://www.lg.com/es/monitors/fhd-qhd/24mk430h-b/,Spain,제품 상세 (PDP),84
https://www.lg.com/es/monitores/24bk750y-b0/,Spain,제품 상세 (PDP),84
https://www.lg.com/es/monitores3/24bk750y-b/,Spain,제품 상세 (PDP),84
https://www.lg.com/es/monitors/fhd-qhd/24mp400p-b/,Spain,제품 상세 (PDP),84
https://www.lg.com/es/monitores/24gn60rw-b-eeu/,Spain,제품 상세 (PDP),81
https://www.lg.com/es/monitores3/24bk750y-b0/,Spain,제품 상세 (PDP),84
https://www.lg.com/es/monitors/fhd-qhd/24mp60g-b/,Spain,제품 상세 (PDP),84
https://www.lg.com/es/monitores/24mk43hw-b/,Spain,제품 상세 (PDP),84
https://www.lg.com/es/monitores3/24mk43hw-b/,Spain,제품 상세 (PDP),84
https://www.lg.com/es/monitors/fhd-qhd/24u421a-b/,Spain,제품 상세 (PDP),88
https://www.lg.com/es/monitores/24mk43hw-b0/,Spain,제품 상세 (PDP),84
https://www.lg.com/es/monitores3/24mk43hw-b0/,Spain,제품 상세 (PDP),84
https://www.lg.com/es/monitors/fhd-qhd/27bk550y-b/,Spain,제품 상세 (PDP),84
https://www.lg.com/es/monitores/24mp400p-b/,Spain,제품 상세 (PDP),84
https://www.lg.com/es/monitores3/24mp400p-b/,Spain,제품 상세 (PDP),81
https://www.lg.com/es/monitors/fhd-qhd/27bk550y-w/,Spain,제품 상세 (PDP),84
https://www.lg.com/es/monitores/24mp400p-b0/,Spain,제품 상세 (PDP),81
https://www.lg.com/es/monitores3/24mp400p-b0/,Spain,제품 상세 (PDP),81
https://www.lg.com/es/monitors/fhd-qhd/27bk55yp-b/,Spain,제품 상세 (PDP),84
https://www.lg.com/es/monitores/24mp60g-b/,Spain,제품 상세 (PDP),84
https://www.lg.com/es/monitores3/24mp60g-b/,Spain,제품 상세 (PDP),84
https://www.lg.com/es/frigorificos/accesorios-frigorificos/3391jq1034b/,Spain,제품 상세 (PDP),81
https://www.lg.com/es/frigorificos-congeladores/frigorificos-combi-de-puertas-multiples/gmb844pzfg/,Spain,제품 상세 (PDP),78
https://www.lg.com/es/frigorificos/accesorios-frigorificos/aap73331306/,Spain,제품 상세 (PDP),84
https://www.lg.com/es/frigorificos-congeladores/frigorificos-combi-de-puertas-multiples/gmj945ns9f/,Spain,제품 상세 (PDP),81
https://www.lg.com/es/frigorificos/accesorios-frigorificos/aap73751503/,Spain,제품 상세 (PDP),81
https://www.lg.com/es/frigorificos-congeladores/frigorificos-combi-de-puertas-multiples/gml643pz6f/,Spain,제품 상세 (PDP),84
https://www.lg.com/es/frigorificos/accesorios-frigorificos/aht74413805/,Spain,제품 상세 (PDP),84
https://www.lg.com/es/frigorificos-congeladores/frigorificos-combi-de-puertas-multiples/gml844pz6f/,Spain,제품 상세 (PDP),81
https://www.lg.com/es/frigorificos/accesorios-frigorificos/ajp30627502/,Spain,제품 상세 (PDP),84
https://www.lg.com/es/frigorificos-congeladores/frigorificos-combi-de-puertas-multiples/gml945ns9e/,Spain,제품 상세 (PDP),81
https://www.lg.com/es/frigorificos/accesorios-frigorificos/ajp30627503/,Spain,제품 상세 (PDP),84
https://www.lg.com/es/frigorificos-congeladores/frigorificos-combi-de-puertas-multiples/gmx844mcbf/,Spain,제품 상세 (PDP),79
https://www.lg.com/es/frigorificos/accesorios-frigorificos/ajp72975208/,Spain,제품 상세 (PDP),84
https://www.lg.com/es/frigorificos-congeladores/frigorificos-combi-de-puertas-multiples/gmx945mc9f/,Spain,제품 상세 (PDP),84
https://www.lg.com/es/frigorificos/accesorios-frigorificos/ajp74894404/,Spain,제품 상세 (PDP),84
https://www.lg.com/es/frigorificos-congeladores/frigorificos-combi-de-puertas-multiples/lsr100/,Spain,제품 상세 (PDP),81
https://www.lg.com/es/frigorificos/accesorios-frigorificos/ajp74894405/,Spain,제품 상세 (PDP),84
https://www.lg.com/es/frigorificos-congeladores/frigorificos-combi/gbv7280amb/,Spain,제품 상세 (PDP),84
https://www.lg.com/es/frigorificos/accesorios-frigorificos/ajp74894504/,Spain,제품 상세 (PDP),84
https://www.lg.com/es/frigorificos-congeladores/frigorificos-congeladores-altos/gbb567pzcmb/,Spain,제품 상세 (PDP),84
https://www.lg.com/es/frigorificos/accesorios-frigorificos/man61848506/,Spain,제품 상세 (PDP),84
https://www.lg.com/es/frigorificos-congeladores/frigorificos-congeladores-altos/gbb61pzgcn1/,Spain,제품 상세 (PDP),81
https://www.lg.com/es/frigorificos/accesorios-frigorificos/man62268507acc/,Spain,제품 상세 (PDP),81
https://www.lg.com/es/frigorificos-congeladores/frigorificos-congeladores-altos/gbb61pzggn/,Spain,제품 상세 (PDP),81
https://www.lg.com/es/frigorificos/accesorios-frigorificos/man62329501/,Spain,제품 상세 (PDP),81
https://www.lg.com/es/frigorificos-congeladores/frigorificos-congeladores-altos/gbb61swgcn1/,Spain,제품 상세 (PDP),87
https://www.lg.com/es/frigorificos/accesorios-frigorificos/man64368301acc/,Spain,제품 상세 (PDP),81
https://www.lg.com/es/frigorificos-congeladores/frigorificos-congeladores-altos/gbb61swggn/,Spain,제품 상세 (PDP),81
https://www.lg.com/es/frigorificos/accesorios-frigorificos/man64368305/,Spain,제품 상세 (PDP),81
https://www.lg.com/es/frigorificos-congeladores/frigorificos-congeladores-altos/gbb62pz5cn1/,Spain,제품 상세 (PDP),87
https://www.lg.com/es/frigorificos/accesorios-frigorificos/man64890001/,Spain,제품 상세 (PDP),81
https://www.lg.com/es/frigorificos-congeladores/frigorificos-congeladores-altos/gbb62pzfgn/,Spain,제품 상세 (PDP),81
https://www.lg.com/es/frigorificos/adq73693903acc/,Spain,제품 상세 (PDP),81
https://www.lg.com/es/frigorificos-congeladores/frigorificos-congeladores-altos/gbb62pzgcc1/,Spain,제품 상세 (PDP),81
https://www.lg.com/es/frigorificos/agf80300704acc/,Spain,제품 상세 (PDP),81
https://www.lg.com/es/frigorificos-congeladores/frigorificos-congeladores-altos/gbb62pzggn/,Spain,제품 상세 (PDP),81
https://www.lg.com/es/frigorificos/frigorificos-2-puertas/gtb362pzcmd/,Spain,제품 상세 (PDP),81
https://www.lg.com/es/frigorificos-congeladores/frigorificos-congeladores-altos/gbb62swfgn/,Spain,제품 상세 (PDP),81
https://www.lg.com/es/frigorificos/frigorificos-2-puertas/gtb362pzczd/,Spain,제품 상세 (PDP),81
https://www.lg.com/es/frigorificos-congeladores/frigorificos-congeladores-altos/gbb62swgcc1/,Spain,제품 상세 (PDP),81
https://www.lg.com/es/frigorificos/frigorificos-2-puertas/gtb362shcmd/,Spain,제품 상세 (PDP),81
https://www.lg.com/es/lavadoras-y-secadoras/accesorios-lavadoras-y-secadoras/4620er4002a/,Spain,제품 상세 (PDP),84
https://www.lg.com/es/lavadoras-y-secadoras/accesorios-lavadoras-y-secadoras/4620er4002b/,Spain,제품 상세 (PDP),84
https://www.lg.com/es/lavadoras-y-secadoras/accesorios-lavadoras-y-secadoras/5001el2001hacc/,Spain,제품 상세 (PDP),84
https://www.lg.com/es/lavadoras-y-secadoras/accesorios-lavadoras-y-secadoras/af-b600n/,Spain,제품 상세 (PDP),81
https://www.lg.com/es/lavadoras-y-secadoras/accesorios-lavadoras-y-secadoras/agf30790698acc/,Spain,제품 상세 (PDP),84
https://www.lg.com/es/lavadoras-y-secadoras/f4dv3108s1w/,Spain,제품 상세 (PDP),84
https://www.lg.com/es/lavadoras-y-secadoras/f4dv3109s2w/,Spain,제품 상세 (PDP),84
https://www.lg.com/es/lavadoras-y-secadoras/lava-secadoras/f2dr5s09a1w/,Spain,제품 상세 (PDP),81
https://www.lg.com/es/lavadoras-y-secadoras/lava-secadoras/f2dv5s85s2w/,Spain,제품 상세 (PDP),84
https://www.lg.com/es/lavadoras-y-secadoras/lava-secadoras/f4dn4008n0w/,Spain,제품 상세 (PDP),79
https://www.lg.com/es/lavadoras-y-secadoras/lava-secadoras/f4dn4008s1w/,Spain,제품 상세 (PDP),84
https://www.lg.com/es/lavadoras-y-secadoras/lava-secadoras/f4dn4009s0w/,Spain,제품 상세 (PDP),84
https://www.lg.com/es/lavadoras-y-secadoras/lava-secadoras/f4dr5009a3w/,Spain,제품 상세 (PDP),81
https://www.lg.com/es/lavadoras-y-secadoras/lava-secadoras/f4dr5509a0w/,Spain,제품 상세 (PDP),84
https://www.lg.com/es/lavadoras-y-secadoras/lava-secadoras/f4dr5509a1w/,Spain,제품 상세 (PDP),88
https://www.lg.com/es/lavadoras-y-secadoras/lava-secadoras/f4dr6009a1w/,Spain,제품 상세 (PDP),84
https://www.lg.com/es/lavadoras-y-secadoras/lava-secadoras/f4dr6009agm-ambqwes/,Spain,제품 상세 (PDP),81
https://www.lg.com/es/lavadoras-y-secadoras/lava-secadoras/f4dr6009agm/,Spain,제품 상세 (PDP),88
https://www.lg.com/es/lavadoras-y-secadoras/lava-secadoras/f4dr6010a0w/,Spain,제품 상세 (PDP),88
https://www.lg.com/es/lavadoras-y-secadoras/lava-secadoras/f4dr6010a1w/,Spain,제품 상세 (PDP),88
https://www.lg.com/es/lavadoras-y-secadoras/lava-secadoras/f4dr6010agm/,Spain,제품 상세 (PDP),88
https://www.lg.com/es/lavadoras-y-secadoras/lava-secadoras/f4dr6011agw/,Spain,제품 상세 (PDP),88
https://www.lg.com/es/lavadoras-y-secadoras/lava-secadoras/f4dr7009ags/,Spain,제품 상세 (PDP),88
https://www.lg.com/es/lavadoras-y-secadoras/lava-secadoras/f4dr7011ags/,Spain,제품 상세 (PDP),88
https://www.lg.com/es/lavadoras-y-secadoras/lava-secadoras/f4dr7510agw/,Spain,제품 상세 (PDP),88
https://www.lg.com/es/lavadoras-y-secadoras/lava-secadoras/f4dr7511agw/,Spain,제품 상세 (PDP),88
https://www.lg.com/es/lavadoras-y-secadoras/lava-secadoras/f4dr9513a2w/,Spain,제품 상세 (PDP),88
https://www.lg.com/es/lavadoras-y-secadoras/lava-secadoras/f4dv3108s0w/,Spain,제품 상세 (PDP),84
https://www.lg.com/es/lavadoras-y-secadoras/lava-secadoras/f4dv5009s0w/,Spain,제품 상세 (PDP),84
https://www.lg.com/es/lavadoras-y-secadoras/lava-secadoras/f4dv5009s1w/,Spain,제품 상세 (PDP),84
https://www.lg.com/es/lavadoras-y-secadoras/lava-secadoras/f4dv5009s2s/,Spain,제품 상세 (PDP),84
https://www.lg.com/es/lavadoras-y-secadoras/lava-secadoras/f4dv5010smw/,Spain,제품 상세 (PDP),84
https://www.lg.com/es/lavadoras-y-secadoras/lava-secadoras/f4dv5509smw/,Spain,제품 상세 (PDP),84
https://www.lg.com/es/lavadoras-y-secadoras/lava-secadoras/f4dv7009s2s/,Spain,제품 상세 (PDP),84
https://www.lg.com/es/lavadoras-y-secadoras/lava-secadoras/f4dv7010s1w/,Spain,제품 상세 (PDP),84
https://www.lg.com/es/lavadoras-y-secadoras/lava-secadoras/f4dv7010s2s/,Spain,제품 상세 (PDP),84
https://www.lg.com/es/lavadoras-y-secadoras/lava-secadoras/f4dv7509s2w/,Spain,제품 상세 (PDP),84
https://www.lg.com/es/lavadoras-y-secadoras/lava-secadoras/f4dv7510s2w/,Spain,제품 상세 (PDP),84
https://www.lg.com/es/lavadoras-y-secadoras/lava-secadoras/f4dv9512p2w/,Spain,제품 상세 (PDP),84
https://www.lg.com/es/lavadoras-y-secadoras/lava-secadoras/f4j3tm5wd/,Spain,제품 상세 (PDP),84
https://www.lg.com/es/lavadoras-y-secadoras/lava-secadoras/lswd100e/,Spain,제품 상세 (PDP),81
https://www.lg.com/es/lavadoras-y-secadoras/lava-secadoras/w2x5095tlb/,Spain,제품 상세 (PDP),84
https://www.lg.com/es/lavadoras-y-secadoras/lava-secadoras/w4x7016tbb/,Spain,제품 상세 (PDP),84
https://www.lg.com/es/lavavajillas/accesorios-lavavajillas/agm30091511/,Spain,제품 상세 (PDP),84
https://www.lg.com/es/lavavajillas1/f4dv3108s1w/,Spain,제품 상세 (PDP),84
https://www.lg.com/es/lavavajillas/accesorios-lavavajillas/ahb72909101/,Spain,제품 상세 (PDP),84
https://www.lg.com/es/lavavajillas1/f4dv3109s2w/,Spain,제품 상세 (PDP),84
https://www.lg.com/es/lavavajillas/accesorios-lavavajillas/ahb72909105/,Spain,제품 상세 (PDP),84
https://www.lg.com/es/lavavajillas1/lavadora-secadoras/f2dv5s85s2w/,Spain,제품 상세 (PDP),84
https://www.lg.com/es/lavavajillas/accesorios-lavavajillas/ahb73129905/,Spain,제품 상세 (PDP),84
https://www.lg.com/es/lavavajillas1/lavadora-secadoras/f4dn4008n0w/,Spain,제품 상세 (PDP),84
https://www.lg.com/es/lavavajillas/db242tx-outlet/,Spain,제품 상세 (PDP),84
https://www.lg.com/es/lavavajillas1/lavadora-secadoras/f4dn4008s1w/,Spain,제품 상세 (PDP),84
https://www.lg.com/es/lavavajillas/db242tx/,Spain,제품 상세 (PDP),84
https://www.lg.com/es/lavavajillas1/lavadora-secadoras/f4dn4009s0w/,Spain,제품 상세 (PDP),81
https://www.lg.com/es/lavavajillas/db243tx/,Spain,제품 상세 (PDP),84
https://www.lg.com/es/lavavajillas1/lavadora-secadoras/f4dr6009a1w/,Spain,제품 상세 (PDP),84
https://www.lg.com/es/lavavajillas/db273tx/,Spain,제품 상세 (PDP),84
https://www.lg.com/es/lavavajillas1/lavadora-secadoras/f4dr6009agm/,Spain,제품 상세 (PDP),78
https://www.lg.com/es/lavavajillas/db273tx1/,Spain,제품 상세 (PDP),84
https://www.lg.com/es/lavavajillas1/lavadora-secadoras/f4dr6010a0w/,Spain,제품 상세 (PDP),78
https://www.lg.com/es/lavavajillas/db365txs/,Spain,제품 상세 (PDP),84
https://www.lg.com/es/lavavajillas1/lavadora-secadoras/f4dr6010agm/,Spain,제품 상세 (PDP),78
https://www.lg.com/es/lavavajillas/db365txs0/,Spain,제품 상세 (PDP),84
https://www.lg.com/es/lavavajillas1/lavadora-secadoras/f4dr6011agw/,Spain,제품 상세 (PDP),78
https://www.lg.com/es/lavavajillas/db375txs/,Spain,제품 상세 (PDP),88
https://www.lg.com/es/lavavajillas1/lavadora-secadoras/f4dr7011ags/,Spain,제품 상세 (PDP),84
https://www.lg.com/es/lavavajillas/db475txs/,Spain,제품 상세 (PDP),81
https://www.lg.com/es/lavavajillas1/lavadora-secadoras/f4dr7511agw/,Spain,제품 상세 (PDP),78
https://www.lg.com/es/lavavajillas/db475txs0/,Spain,제품 상세 (PDP),81
https://www.lg.com/es/lavavajillas1/lavadora-secadoras/f4dr9513a2w/,Spain,제품 상세 (PDP),84
https://www.lg.com/es/lavavajillas/db476txs/,Spain,제품 상세 (PDP),88
https://www.lg.com/es/lavavajillas1/lavadora-secadoras/f4dv3108s0w/,Spain,제품 상세 (PDP),84
https://www.lg.com/es/lavavajillas/db597txs/,Spain,제품 상세 (PDP),88
https://www.lg.com/es/lavavajillas1/lavadora-secadoras/f4dv5009s0w/,Spain,제품 상세 (PDP),84
https://www.lg.com/es/lavavajillas/df030fl/,Spain,제품 상세 (PDP),82
https://www.lg.com/es/lavavajillas1/lavadora-secadoras/f4dv5009s1w/,Spain,제품 상세 (PDP),84
https://www.lg.com/es/lavavajillas/df030fw/,Spain,제품 상세 (PDP),88
https://www.lg.com/es/lavavajillas1/lavadora-secadoras/f4dv5009s2s/,Spain,제품 상세 (PDP),84
https://www.lg.com/es/lavavajillas/df141fv-outlet/,Spain,제품 상세 (PDP),79
https://www.lg.com/es/lavavajillas1/lavadora-secadoras/f4dv5010smw/,Spain,제품 상세 (PDP),84
https://www.lg.com/es/lavavajillas/df141fv/,Spain,제품 상세 (PDP),84
https://www.lg.com/es/lavavajillas1/lavadora-secadoras/f4dv5509smw/,Spain,제품 상세 (PDP),84
https://www.lg.com/es/lavavajillas/df141fv0/,Spain,제품 상세 (PDP),81
https://www.lg.com/es/lavavajillas1/lavadora-secadoras/f4dv7009s2s/,Spain,제품 상세 (PDP),84
https://www.lg.com/es/lavavajillas/df141fw/,Spain,제품 상세 (PDP),81
https://www.lg.com/es/lavavajillas1/lavadora-secadoras/f4dv7010s1w/,Spain,제품 상세 (PDP),84
https://www.lg.com/es/lavavajillas/df141fw0/,Spain,제품 상세 (PDP),81
https://www.lg.com/es/lavavajillas1/lavadora-secadoras/f4dv7010s2s/,Spain,제품 상세 (PDP),84
https://www.lg.com/es/lavavajillas/df142fv/,Spain,제품 상세 (PDP),88
https://www.lg.com/es/lavavajillas1/lavadora-secadoras/f4dv7509s2w/,Spain,제품 상세 (PDP),84
https://www.lg.com/es/lavavajillas/df142fw/,Spain,제품 상세 (PDP),88
https://www.lg.com/es/lavavajillas1/lavadora-secadoras/f4dv7510s2w/,Spain,제품 상세 (PDP),84
https://www.lg.com/es/aerotermia/hm051mr/,Spain,제품 상세 (PDP),84
https://www.lg.com/es/aerotermia-therma-v/aerotermos/wh10esf0/,Spain,제품 상세 (PDP),84
https://www.lg.com/es/aire-acondicionado-domestico/32purify09/,Spain,제품 상세 (PDP),84
https://www.lg.com/es/aerotermia/hm071mr/,Spain,제품 상세 (PDP),84
https://www.lg.com/es/aerotermia-therma-v/aerotermos/wh15esf0/,Spain,제품 상세 (PDP),81
https://www.lg.com/es/aire-acondicionado-domestico/32purify12/,Spain,제품 상세 (PDP),81
https://www.lg.com/es/aerotermia/hm091mr/,Spain,제품 상세 (PDP),84
https://www.lg.com/es/aire-acondicionado-domestico/ac09bk-nsj/,Spain,제품 상세 (PDP),84
https://www.lg.com/es/aerotermia/hm121mr/,Spain,제품 상세 (PDP),84
https://www.lg.com/es/aerotermia-therma-v/aerotermos/wh20s-old/,Spain,제품 상세 (PDP),81
https://www.lg.com/es/aire-acondicionado-domestico/ac09bk-ua3/,Spain,제품 상세 (PDP),84
https://www.lg.com/es/aerotermia/hm123mr/,Spain,제품 상세 (PDP),81
https://www.lg.com/es/aerotermia-therma-v/aerotermos/wh20s/,Spain,제품 상세 (PDP),87
https://www.lg.com/es/aire-acondicionado-domestico/ac12bk-nsj/,Spain,제품 상세 (PDP),84
https://www.lg.com/es/aerotermia/hm141mr/,Spain,제품 상세 (PDP),84
https://www.lg.com/es/aerotermia-therma-v/aerotermos/wh27s-old/,Spain,제품 상세 (PDP),81
https://www.lg.com/es/aire-acondicionado-domestico/ac12bk-ua3/,Spain,제품 상세 (PDP),84
https://www.lg.com/es/aerotermia/hm143mr/,Spain,제품 상세 (PDP),84
https://www.lg.com/es/aerotermia-therma-v/aerotermos/wh27s/,Spain,제품 상세 (PDP),87
https://www.lg.com/es/aire-acondicionado-domestico/aire-portatil/tf09tas-tf09-set/,Spain,제품 상세 (PDP),84
https://www.lg.com/es/aerotermia/hm161mr/,Spain,제품 상세 (PDP),84
https://www.lg.com/es/aire-acondicionado-domestico/aire-portatil/tf09tas/,Spain,제품 상세 (PDP),84
https://www.lg.com/es/aerotermia/hm163mr/,Spain,제품 상세 (PDP),81
https://www.lg.com/es/aire-acondicionado-domestico/dc12rk/,Spain,제품 상세 (PDP),84
https://www.lg.com/es/aerotermia/hn0916t/,Spain,제품 상세 (PDP),81
https://www.lg.com/es/aire-acondicionado-domestico/h09s1d-ns1/,Spain,제품 상세 (PDP),81
https://www.lg.com/es/aerotermia/hn091mr/,Spain,제품 상세 (PDP),84
https://www.lg.com/es/aire-acondicionado-domestico/h09s1d-u12/,Spain,제품 상세 (PDP),81
https://www.lg.com/es/aerotermia/hn1600mc/,Spain,제품 상세 (PDP),84
https://www.lg.com/es/aire-acondicionado-domestico/h12s1pa/,Spain,제품 상세 (PDP),88
https://www.lg.com/es/aerotermia/hn1610h/,Spain,제품 상세 (PDP),81
https://www.lg.com/es/aire-acondicionado-domestico/mu2r15-u12/,Spain,제품 상세 (PDP),81
https://www.lg.com/es/aerotermia/hn1616m/,Spain,제품 상세 (PDP),84
https://www.lg.com/es/aire-acondicionado-domestico/mu2r15-u13/,Spain,제품 상세 (PDP),81
https://www.lg.com/es/aerotermia/hn1616y/,Spain,제품 상세 (PDP),84
https://www.lg.com/es/aire-acondicionado-domestico/mu3r21-u22/,Spain,제품 상세 (PDP),81
https://www.lg.com/es/aerotermia/hn1636m/,Spain,제품 상세 (PDP),84
https://www.lg.com/es/aire-acondicionado-domestico/mu3r21-u23/,Spain,제품 상세 (PDP),81
https://www.lg.com/es/aire-acondicionado-domestico/mu4r27-u42/,Spain,제품 상세 (PDP),81
https://www.lg.com/es/aire-acondicionado-domestico/multi-split-/2x1mult99-set-eees-es-c/,Spain,제품 상세 (PDP),81
https://www.lg.com/es/aire-acondicionado-domestico/multi-split-/2x1net912-set/,Spain,제품 상세 (PDP),88
https://www.lg.com/es/aire-acondicionado-domestico/multi-split-/magna99x-set/,Spain,제품 상세 (PDP),81
https://www.lg.com/es/aire-acondicionado-domestico/multi-split-/rm2u15-u18/,Spain,제품 상세 (PDP),88
https://www.lg.com/es/aparatos-de-cocina/mh6336gib/,Spain,제품 상세 (PDP),81
https://www.lg.com/es/cooking-appliances/wall-ovens/ws5d7230s/,Spain,제품 상세 (PDP),81
https://www.lg.com/es/aparatos-de-cocina/mh6336gih/,Spain,제품 상세 (PDP),81
https://www.lg.com/es/aparatos-de-cocina/mh6535gdh/,Spain,제품 상세 (PDP),81
https://www.lg.com/es/aparatos-de-cocina/mh6535gds/,Spain,제품 상세 (PDP),81
https://www.lg.com/es/aparatos-de-cocina/mh6535gib/,Spain,제품 상세 (PDP),81
https://www.lg.com/es/aparatos-de-cocina/mh6565cpw/,Spain,제품 상세 (PDP),81
https://www.lg.com/es/aparatos-de-cocina/mj3965acs/,Spain,제품 상세 (PDP),81
https://www.lg.com/es/aparatos-de-cocina/mj3965bph/,Spain,제품 상세 (PDP),81
https://www.lg.com/es/aparatos-de-cocina/mj3965bps/,Spain,제품 상세 (PDP),81
https://www.lg.com/es/aspiradoras/A9K-LITE1C-BCBQEUR/,Spain,제품 상세 (PDP),81
https://www.lg.com/es/aspiradoras/a9c-slim1c/,Spain,제품 상세 (PDP),82
https://www.lg.com/es/aspiradoras/a9k-core2s/,Spain,제품 상세 (PDP),81
https://www.lg.com/es/aspiradoras/a9k-core3s/,Spain,제품 상세 (PDP),84
https://www.lg.com/es/aspiradoras/a9k-pro2g/,Spain,제품 상세 (PDP),81
https://www.lg.com/es/aspiradoras/a9t-prime1c/,Spain,제품 상세 (PDP),82
https://www.lg.com/es/aspiradoras/a9t-ultra2c/,Spain,제품 상세 (PDP),81
https://www.lg.com/es/aspiradoras/accesorios-aspiradoras/ABC73509901/,Spain,제품 상세 (PDP),81
https://www.lg.com/es/aspiradoras/accesorios-aspiradoras/aan75812805acc/,Spain,제품 상세 (PDP),81
https://www.lg.com/es/aspiradoras/accesorios-aspiradoras/abc73130003/,Spain,제품 상세 (PDP),84
https://www.lg.com/es/aspiradoras/accesorios-aspiradoras/abc73509905/,Spain,제품 상세 (PDP),81
https://www.lg.com/es/aspiradoras/accesorios-aspiradoras/adq74773921acc/,Spain,제품 상세 (PDP),81
https://www.lg.com/es/aspiradoras/accesorios-aspiradoras/adq75393701acc/,Spain,제품 상세 (PDP),81
https://www.lg.com/es/aspiradoras/accesorios-aspiradoras/adv74225701/,Spain,제품 상세 (PDP),84
https://www.lg.com/es/aspiradoras/accesorios-aspiradoras/agb74172402acc/,Spain,제품 상세 (PDP),81
https://www.lg.com/es/aspiradoras/accesorios-aspiradoras/agb74172410/,Spain,제품 상세 (PDP),81
https://www.lg.com/es/aspiradoras/accesorios-aspiradoras/agb74392433acc/,Spain,제품 상세 (PDP),81
https://www.lg.com/es/aspiradoras/accesorios-aspiradoras/agg75823406/,Spain,제품 상세 (PDP),81
https://www.lg.com/es/aspiradoras/accesorios-aspiradoras/bolsa-almacenamiento-de-polvo-ajl75313910/,Spain,제품 상세 (PDP),81
https://www.lg.com/es/aspiradoras/accesorios-aspiradoras/eac63382208acc/,Spain,제품 상세 (PDP),84
https://www.lg.com/es/aspiradoras/aspiradoras-kompressor/a9c-slim1c-obsexc/,Spain,제품 상세 (PDP),81
https://www.lg.com/es/aspiradoras/aspiradoras-kompressor/a9k-core2s/,Spain,제품 상세 (PDP),81
https://www.lg.com/es/aspiradoras/aspiradoras-kompressor/a9k-core3s-obsexc/,Spain,제품 상세 (PDP),81
https://www.lg.com/es/aspiradoras/aspiradoras-kompressor/a9k-pro2g/,Spain,제품 상세 (PDP),78
https://www.lg.com/es/aspiradoras/aspiradoras-kompressor/a9t-prime1c-obsexc/,Spain,제품 상세 (PDP),81
https://www.lg.com/es/aspiradoras/aspiradoras-kompressor/a9t-ultra2c/,Spain,제품 상세 (PDP),81
https://www.lg.com/es/aspiradoras/aspiradoras-kompressor/adq75393701acc/,Spain,제품 상세 (PDP),81
https://www.lg.com/es/aspiradoras/aspiradoras-kompressor/ajl75313910acc/,Spain,제품 상세 (PDP),81
https://www.lg.com/es/aspiradoras/aspiradoras-kompressor/eac63382208acc/,Spain,제품 상세 (PDP),81
https://www.lg.com/es/aspiradoras/aspiradoras-kompressor/eay64470404acc/,Spain,제품 상세 (PDP),81
https://www.lg.com/es/aspiradoras/aspiradoras-kompressor/vc5506nhtb-obsexc/,Spain,제품 상세 (PDP),81
https://www.lg.com/es/aspiradoras/aspiradoras-kompressor/vc5506nhtb/,Spain,제품 상세 (PDP),81
https://www.lg.com/es/aspiradoras/aspiradoras-kompressor/vc5506nhtcr/,Spain,제품 상세 (PDP),81
https://www.lg.com/es/aspiradoras/aspiradoras-kompressor/vk8506nhac/,Spain,제품 상세 (PDP),81
https://www.lg.com/es/aspiradoras/aspiradoras-kompressor/vk8506nhag/,Spain,제품 상세 (PDP),81
https://www.lg.com/es/accesorios/aire-acondicionado/mandos-a-distancia/akb74375404/,Spain,제품 상세 (PDP),84
https://www.lg.com/es/accesorios-de-computador/gram-view/16mq70/,Spain,제품 상세 (PDP),84
https://www.lg.com/es/accesorios-para-portatiles/eay62768625acc/,Spain,제품 상세 (PDP),84
https://www.lg.com/es/aire-acondicionado-domestico/multi-split-/rmn12/,Spain,제품 상세 (PDP),88
https://www.lg.com/es/altavoces/accesorios-tv/spk8/,Spain,제품 상세 (PDP),84
https://www.lg.com/es/auriculares-inalambricos/tone-free/15z9027ul-b-eeu-eees-es-c/,Spain,제품 상세 (PDP),84
https://www.lg.com/es/barra-de-sonido/ol100/,Spain,제품 상세 (PDP),84
https://www.lg.com/es/barras-de-sonido/S60T_AEUSLLK/,Spain,제품 상세 (PDP),81
https://www.lg.com/es/bbll/5-anos-de-garantia-en-frigorificos/,Spain,제품 상세 (PDP),65
https://www.lg.com/es/electrodomesticos-integrables/campanas-de-cocina/hcez2426s/,Spain,제품 상세 (PDP),88
https://www.lg.com/es/errors/404/,Spain,제품 상세 (PDP),68
https://www.lg.com/es/frigorificos/frigorificos-2-puertas/gtb382pzczd/,Spain,제품 상세 (PDP),81
https://www.lg.com/es/frigorificos-congeladores/frigorificos-congeladores-altos/gbb71pzvgn/,Spain,제품 상세 (PDP),81
https://www.lg.com/es/laptops/14u70r-g-ap56b/,Spain,제품 상세 (PDP),84
https://www.lg.com/es/lavadero/f4dv3108s1w/,Spain,제품 상세 (PDP),84
https://www.lg.com/es/lavadoras-y-secadoras/lava-secadoras/whx9516tbc/,Spain,제품 상세 (PDP),84
https://www.lg.com/es/lavavajillas/df222fp/,Spain,제품 상세 (PDP),81
https://www.lg.com/es/lavavajillas1/lavadora-secadoras/f4dv9512p2w/,Spain,제품 상세 (PDP),84
https://www.lg.com/es/lg-telefonos-moviles/smartphones/k10-lgk420n-wh/,Spain,제품 상세 (PDP),84
https://www.lg.com/es/lifestyle/27art10akpl/,Spain,제품 상세 (PDP),84
https://www.lg.com/es/lifestyle-screens/stanbyme/27art10akpl/,Spain,제품 상세 (PDP),81
https://www.lg.com/es/los-altavoces/altavoces-gran-potencia/ck43/,Spain,제품 상세 (PDP),81
https://www.lg.com/es/microondas/hornos-microondas-conveccion/mj3965acs/,Spain,제품 상세 (PDP),81
https://www.lg.com/es/microondas-lg-smart-inverter/hornos-microondas-conveccion/mh6042d/,Spain,제품 상세 (PDP),81
https://www.lg.com/es/monitores/24mp60g-b0/,Spain,제품 상세 (PDP),84
https://www.lg.com/es/monitores3/24mp60g-b0/,Spain,제품 상세 (PDP),84
https://www.lg.com/es/monitors/fhd-qhd/27bk55yp-w/,Spain,제품 상세 (PDP),84
https://www.lg.com/es/ou-test/27U51/,Spain,제품 상세 (PDP),81
https://www.lg.com/es/outlet/outlet-audio/bounce-outlet/,Spain,제품 상세 (PDP),80
https://www.lg.com/es/pocket-photo/pc389s/,Spain,제품 상세 (PDP),81
https://www.lg.com/es/portatil/14u70r-g-ar56b/,Spain,제품 상세 (PDP),84
https://www.lg.com/es/portatiles/14t90q-g/,Spain,제품 상세 (PDP),84
https://www.lg.com/es/projectors/home-cinema-projectors/au810pw/,Spain,제품 상세 (PDP),84
https://www.lg.com/es/proyectores/bf50rg/,Spain,제품 상세 (PDP),81
https://www.lg.com/es/servicios-electrodomesticos/servicio-inst-csp-sxseu/,Spain,제품 상세 (PDP),79
https://www.lg.com/es/sound-suite/todos-los-sound-suite/h7/,Spain,제품 상세 (PDP),81
https://www.lg.com/es/test/test-sso/test00/,Spain,제품 상세 (PDP),61
https://www.lg.com/es/tv-y-barras-de-sonido/43un70006la/,Spain,제품 상세 (PDP),84
https://www.lg.com/es/tvs-soundbars/oled-evo/oled65c54la-aeud/,Spain,제품 상세 (PDP),84
https://www.lg.com/es/video/reproductores-blu-ray-dvd/dp132h/,Spain,제품 상세 (PDP),81
https://www.lg.com/es/vinoteca-gourmet/lsr200w/,Spain,제품 상세 (PDP),81
https://www.lg.com/es/wine-celler/lsr200w/,Spain,제품 상세 (PDP),81
https://www.lg.com/es/wireless-earbuds/uvnano-earbuds/aau30793801-isp/,Spain,제품 상세 (PDP),81
https://www.lg.com/es/accesorios/aire-acondicionado/mandos-a-distancia/akb75735404/,Spain,제품 상세 (PDP),81
https://www.lg.com/es/accesorios-de-computador/gram-view/16mr70/,Spain,제품 상세 (PDP),84
https://www.lg.com/es/accesorios-para-portatiles/gram-plus-view/16mq70/,Spain,제품 상세 (PDP),84
https://www.lg.com/es/aire-acondicionado-domestico/multi-split/2x1magna912-set/,Spain,제품 상세 (PDP),81
https://www.lg.com/es/altavoces/accesorios-tv/spq8-s/,Spain,제품 상세 (PDP),87
https://www.lg.com/es/auriculares-inalambricos/tone-free/15z9027ul-w-eeu-eees-es-c/,Spain,제품 상세 (PDP),81
https://www.lg.com/es/barra-de-sonido/sn4r/,Spain,제품 상세 (PDP),84
https://www.lg.com/es/barras-de-sonido/ds60tr/,Spain,제품 상세 (PDP),84
https://www.lg.com/es/electrodomesticos-integrables/campanas-de-cocina/hcez2428b/,Spain,제품 상세 (PDP),88
https://www.lg.com/es/errors/500/,Spain,제품 상세 (PDP),65
https://www.lg.com/es/frigorificos/frigorificos-2-puertas/gtb382shcmd/,Spain,제품 상세 (PDP),81
https://www.lg.com/es/frigorificos-congeladores/frigorificos-congeladores-altos/gbb71swvcn1/,Spain,제품 상세 (PDP),87
https://www.lg.com/es/laptops/gram-2-1/14t90q-g/,Spain,제품 상세 (PDP),84
https://www.lg.com/es/lavadero/f4dv3109s2w/,Spain,제품 상세 (PDP),84
https://www.lg.com/es/lavadoras-y-secadoras/lavadoras/F4WR6010AGW-ABWQWES/,Spain,제품 상세 (PDP),81
https://www.lg.com/es/lavavajillas/df222fp0/,Spain,제품 상세 (PDP),81
https://www.lg.com/es/lavavajillas1/lavadora-secadoras/f4j3tm5wd/,Spain,제품 상세 (PDP),84
https://www.lg.com/es/lg-telefonos-moviles/smartphones/k50/,Spain,제품 상세 (PDP),84
https://www.lg.com/es/lifestyle/27lx5qkna/,Spain,제품 상세 (PDP),81
https://www.lg.com/es/los-altavoces/altavoces-gran-potencia/rp4be/,Spain,제품 상세 (PDP),84
https://www.lg.com/es/microondas/hornos-microondas-conveccion/mj3965bps/,Spain,제품 상세 (PDP),81
https://www.lg.com/es/microondas-lg-smart-inverter/mg7z2593b/,Spain,제품 상세 (PDP),88
https://www.lg.com/es/monitores/24mp60gw-b/,Spain,제품 상세 (PDP),84
https://www.lg.com/es/monitores3/24mp60gw-b/,Spain,제품 상세 (PDP),84
https://www.lg.com/es/monitors/fhd-qhd/27bq75qb-b/,Spain,제품 상세 (PDP),90
https://www.lg.com/es/portatil/14u70r-g-ar56b0/,Spain,제품 상세 (PDP),84
https://www.lg.com/es/portatiles/14t90r-g-aa75b/,Spain,제품 상세 (PDP),84
https://www.lg.com/es/projectors/home-cinema-projectors/hu70ls/,Spain,제품 상세 (PDP),81
https://www.lg.com/es/proyectores/bu50rg/,Spain,제품 상세 (PDP),81
https://www.lg.com/es/servicios-climatizacion/servicioiac1824_otherseeesesc/,Spain,제품 상세 (PDP),84
https://www.lg.com/es/servicios-electrodomesticos/servicio-inst-sxseu/,Spain,제품 상세 (PDP),79
https://www.lg.com/es/sound-suite/todos-los-sound-suite/h7m5/,Spain,제품 상세 (PDP),84
https://www.lg.com/es/tv-y-barras-de-sonido/43un70006la0/,Spain,제품 상세 (PDP),84
https://www.lg.com/es/tvs-soundbars/oled-evo/oled65c55la/,Spain,제품 상세 (PDP),84
https://www.lg.com/es/video/reproductores-blu-ray-dvd/dp542h/,Spain,제품 상세 (PDP),81
https://www.lg.com/es/accesorios/aspiradoras/accesorios/agm30061001/,Spain,제품 상세 (PDP),84
https://www.lg.com/es/accesorios-para-portatiles/gram-plus-view/16mr70/,Spain,제품 상세 (PDP),84
https://www.lg.com/es/aire-acondicionado-domestico/multi-split/2x1magna99-set/,Spain,제품 상세 (PDP),77
https://www.lg.com/es/altavoces/altavoces-360/rp4/,Spain,제품 상세 (PDP),84
https://www.lg.com/es/auriculares-inalambricos/tone-free/16u7027mr-b-eeu-eees-es-c/,Spain,제품 상세 (PDP),84
https://www.lg.com/es/barra-de-sonido/spq8-s/,Spain,제품 상세 (PDP),87
https://www.lg.com/es/barras-de-sonido/g1/,Spain,제품 상세 (PDP),79
https://www.lg.com/es/electrodomesticos-integrables/campanas-de-cocina/hcez3626s/,Spain,제품 상세 (PDP),88
https://www.lg.com/es/frigorificos/frigorificos-2-puertas/gtb382shczd/,Spain,제품 상세 (PDP),81
https://www.lg.com/es/frigorificos-congeladores/frigorificos-congeladores-altos/gbb71swvgn/,Spain,제품 상세 (PDP),81
https://www.lg.com/es/laptops/gram-2-1/14t90r-g-aa75b/,Spain,제품 상세 (PDP),84
https://www.lg.com/es/lavadero/lavadora-secadoras/f2dv5s85s2w/,Spain,제품 상세 (PDP),84
https://www.lg.com/es/lavadoras-y-secadoras/lavadoras/F4WR6011A0W-ABWQWES/,Spain,제품 상세 (PDP),81
https://www.lg.com/es/lavavajillas/df222fps/,Spain,제품 상세 (PDP),81
https://www.lg.com/es/lavavajillas1/lavadora-secadoras/lswd100e/,Spain,제품 상세 (PDP),81
https://www.lg.com/es/lifestyle/flex/42lx3q6la/,Spain,제품 상세 (PDP),81
https://www.lg.com/es/microondas/microondas-con-grill/mh6336gib/,Spain,제품 상세 (PDP),81
https://www.lg.com/es/microondas-lg-smart-inverter/mg7z2593d/,Spain,제품 상세 (PDP),88
https://www.lg.com/es/monitores/24mp60gw-b0/,Spain,제품 상세 (PDP),84
https://www.lg.com/es/monitores3/24mp60gw-b0/,Spain,제품 상세 (PDP),84
https://www.lg.com/es/monitors/fhd-qhd/27mp400p-b/,Spain,제품 상세 (PDP),84
https://www.lg.com/es/portatil/14zb90q-g-aa55b/,Spain,제품 상세 (PDP),84
https://www.lg.com/es/portatiles/14u70q-g-aa75b/,Spain,제품 상세 (PDP),81
https://www.lg.com/es/projectors/home-cinema-projectors/hu710pw/,Spain,제품 상세 (PDP),81
https://www.lg.com/es/proyectores/bu60rg/,Spain,제품 상세 (PDP),84
https://www.lg.com/es/servicios-climatizacion/servicioiac2x1_otherseeesesc/,Spain,제품 상세 (PDP),84
https://www.lg.com/es/servicios-electrodomesticos/servicio-inst-torre-bdj/,Spain,제품 상세 (PDP),79
https://www.lg.com/es/sound-suite/todos-los-sound-suite/h7m7/,Spain,제품 상세 (PDP),84
https://www.lg.com/es/tv-y-barras-de-sonido/43un70006la1/,Spain,제품 상세 (PDP),84
https://www.lg.com/es/outlet/outlet-audio/ck43n-outlet/,Spain,제품 상세 (PDP),81
https://www.lg.com/es/aerotermia-therma-v/aerotermos/wh20esf0-ca/,Spain,제품 상세 (PDP),81
https://www.lg.com/es/lavadoras-y-secadoras/lava-secadoras/whx9016tlc/,Spain,제품 상세 (PDP),88
https://www.lg.com/es/outlet/outlet-audio/grab-outlet/,Spain,제품 상세 (PDP),81
https://www.lg.com/es/buying-guide/,Spain,구매 가이드,61
https://www.lg.com/es/buying-guides/laundry-spec-library/,Spain,구매 가이드,84
https://www.lg.com/es/buying-guides/monitor-lineup-guide/,Spain,구매 가이드,90
https://www.lg.com/es/buying-guides/monitor-spec-library/,Spain,구매 가이드,84
https://www.lg.com/es/buying-guides/refrigerator-spec-library/,Spain,구매 가이드,84
https://www.lg.com/es/buying-guides/tv-lineup-guide/,Spain,구매 가이드,90
https://www.lg.com/es/buying-guides/tv-spec-library/,Spain,구매 가이드,84
https://www.lg.com/es/computing/buying-guides/multi-monitor/,Spain,구매 가이드,75
https://www.lg.com/es/microsite-article/ms/it/monitor/ultragear-buying-guide/,Spain,구매 가이드,75
https://www.lg.com/es/microsite-article/ms/it/monitor/ultragear-buying-guide/productividad-y-entretenimiento/,Spain,구매 가이드,72
https://www.lg.com/es/microsite-article/ms/it/monitor/ultragear-buying-guide/resolucion/,Spain,구매 가이드,77
https://www.lg.com/es/microsite-article/ms/it/monitor/ultragear-buying-guide/tamano-de-pantalla/,Spain,구매 가이드,77
https://www.lg.com/es/microsite-article/ms/it/monitor/ultragear-buying-guide/tasa-de-refresco/,Spain,구매 가이드,77
https://www.lg.com/es/tv-y-barras-de-sonido/tv-buying-guide/,Spain,구매 가이드,77
https://www.lg.com/es/tv-y-barras-de-sonido/tv-buying-guide/lifestyle/,Spain,구매 가이드,69
https://www.lg.com/es/tv-y-barras-de-sonido/tv-buying-guide/tv-size/,Spain,구매 가이드,69
https://www.lg.com/es/tv-y-barras-de-sonido/tv-buying-guide/tv-technology/oled-vs-qned/,Spain,구매 가이드,72
https://www.lg.com/es/tv-y-barras-de-sonido/tv-buying-guide/tv-technology/what-is-4k-tv/,Spain,구매 가이드,75
https://www.lg.com/es/tv-y-barras-de-sonido/tv-buying-guide/what-is-a-smart-tv-ai-tv/,Spain,구매 가이드,74
https://www.lg.com/es/lg-experience/,Spain,LG Experience,62
https://www.lg.com/es/lg-experience/consejos-utiles/,Spain,LG Experience,62
https://www.lg.com/es/lg-experience/inspiracion/,Spain,LG Experience,62
https://www.lg.com/es/lg-experience/inspiracion/accesorios-para-camping-de-lg/,Spain,LG Experience,62
https://www.lg.com/es/lg-experience/inspiracion/automatizacion-hogar-inteligente-eficiente-thinq/,Spain,LG Experience,66
https://www.lg.com/es/lg-experience/inspiracion/cambios-en-la-tecnologia/,Spain,LG Experience,62
https://www.lg.com/es/lg-experience/inspiracion/centrifugado-lavado-inteligente-ia-lg/,Spain,LG Experience,62
https://www.lg.com/es/lg-experience/inspiracion/cine-en-casa-con-lg/,Spain,LG Experience,62
https://www.lg.com/es/lg-experience/inspiracion/gadgets-imprescindibles-viajar/,Spain,LG Experience,66
https://www.lg.com/es/lg-experience/inspiracion/mejor-portatil-escribir/,Spain,LG Experience,66
https://www.lg.com/es/lg-experience/inspiracion/oficina-en-casa-lg/,Spain,LG Experience,62
https://www.lg.com/es/lg-experience/inspiracion/regalos-tecnologia-lujo-para-mujer/,Spain,LG Experience,62
https://www.lg.com/es/lg-experience/inspiracion/smart-home-hogar-inteligente/,Spain,LG Experience,66
https://www.lg.com/es/lg-experience/inspiracion/zona-de-ocio-sala-de-juegos/,Spain,LG Experience,62
https://www.lg.com/es/lg-experience/nuestras-historias/,Spain,LG Experience,55
https://www.lg.com/es/lg-experience/tech-hub/,Spain,LG Experience,62
https://www.lg.com/es/lg-experience/tech-hub/tv-inalambrico,Spain,LG Experience,61
https://www.lg.com/es/electrodomesticos-guias-consejos/lavadoras-y-secadoras/heat-pump-vs-condenser-dryer/,Spain,Microsite,81
https://www.lg.com/es/electrodomesticos-guias-consejos/lavadoras-y-secadoras/how-to-clean-washing-machine/,Spain,Microsite,83
https://www.lg.com/es/qned-tvs/2022/why-lg-qned/,Spain,Microsite,67
https://www.lg.com/es/tv-y-barras-de-sonido/qned/2022/why-lg-qned/,Spain,Microsite,67
https://www.lg.com/es/tv-y-barras-de-sonido/why-qned-evo/,Spain,Microsite,68
https://www.lg.com/es/tv-y-barras-de-sonido/why-true-wireless/,Spain,Microsite,74
https://www.lg.com/es/tvs-soundbars/qned/2022/why-lg-qned/,Spain,Microsite,67
https://www.lg.com/es/tvs-soundbars/why-qned-evo/,Spain,Microsite,74
https://www.lg.com/es/tvs-soundbars/why-true-wireless/,Spain,Microsite,74
https://www.lg.com/es/tvs/,Spain,제품 카테고리 (PLP),62
https://www.lg.com/es/oled-tv/,Spain,제품 카테고리 (PLP),66
https://www.lg.com/es/qned-tvs/,Spain,제품 카테고리 (PLP),66
https://www.lg.com/es/smart-tv/contenidos/apple-tv/,Spain,제품 카테고리 (PLP),69
https://www.lg.com/es/television/,Spain,제품 카테고리 (PLP),67
https://www.lg.com/es/why-lgoled/cinema/,Spain,제품 카테고리 (PLP),70
https://www.lg.com/es/lg-oled-art/,Spain,제품 카테고리 (PLP),62
https://www.lg.com/es/tvs-soundbars/miniled/,Spain,제품 카테고리 (PLP),79
https://www.lg.com/es/webos-smart-tv/,Spain,제품 카테고리 (PLP),66
https://www.lg.com/es/tv-barra-de-sonido/full-hd-tv/,Spain,제품 카테고리 (PLP),75
https://www.lg.com/es/tv-y-barras-de-sonido/,Spain,제품 카테고리 (PLP),77
https://www.lg.com/es/speakers/,Spain,제품 카테고리 (PLP),72
https://www.lg.com/es/soundbars/eco-minded-soundbars/,Spain,제품 카테고리 (PLP),76
https://www.lg.com/es/speakers/all-speakers/,Spain,제품 카테고리 (PLP),76
https://www.lg.com/es/speakers/altavoces-bluetooth/,Spain,제품 카테고리 (PLP),79
https://www.lg.com/es/speakers/altavoces-gaming/,Spain,제품 카테고리 (PLP),82
https://www.lg.com/es/speakers/altavoces-gran-potencia/,Spain,제품 카테고리 (PLP),79
https://www.lg.com/es/speakers/altavoces-para-fiestas/,Spain,제품 카테고리 (PLP),79
https://www.lg.com/es/speakers/altavoces-portatiles/,Spain,제품 카테고리 (PLP),83
https://www.lg.com/es/speakers/barras-de-sonido/,Spain,제품 카테고리 (PLP),72
https://www.lg.com/es/speakers/hi-fi-system/,Spain,제품 카테고리 (PLP),83
https://www.lg.com/es/speakers/xboom-go/,Spain,제품 카테고리 (PLP),86
https://www.lg.com/es/monitors/,Spain,제품 카테고리 (PLP),67
https://www.lg.com/es/monitoreo/,Spain,제품 카테고리 (PLP),67
https://www.lg.com/es/monitores/,Spain,제품 카테고리 (PLP),74
https://www.lg.com/es/guia-de-compra-monitor/,Spain,제품 카테고리 (PLP),72
https://www.lg.com/es/monitors/ergo-monitors/,Spain,제품 카테고리 (PLP),76
https://www.lg.com/es/monitoreo/ergo/,Spain,제품 카테고리 (PLP),72
https://www.lg.com/es/monitores/accesorios-monitores/,Spain,제품 카테고리 (PLP),83
https://www.lg.com/es/monitors/fhd-qhd/,Spain,제품 카테고리 (PLP),76
https://www.lg.com/es/monitoreo/fhd-qhd/,Spain,제품 카테고리 (PLP),75
https://www.lg.com/es/monitores/full-hd-qhd/,Spain,제품 카테고리 (PLP),80
https://www.lg.com/es/monitors/gaming/,Spain,제품 카테고리 (PLP),76
https://www.lg.com/es/frigorificos/,Spain,제품 카테고리 (PLP),74
https://www.lg.com/es/frigorificos-congeladores/,Spain,제품 카테고리 (PLP),70
https://www.lg.com/es/frigorificos/accesorios-frigorificos/,Spain,제품 카테고리 (PLP),83
https://www.lg.com/es/frigorificos-congeladores/all-frigorificos-congeladores/,Spain,제품 카테고리 (PLP),79
https://www.lg.com/es/frigorificos/congeladores/,Spain,제품 카테고리 (PLP),71
https://www.lg.com/es/frigorificos-congeladores/crystal/,Spain,제품 카테고리 (PLP),69
https://www.lg.com/es/frigorificos/crystal/,Spain,제품 카테고리 (PLP),72
https://www.lg.com/es/frigorificos-congeladores/frigorificos-american-combi/,Spain,제품 카테고리 (PLP),75
https://www.lg.com/es/frigorificos/frigo-finder/,Spain,제품 카테고리 (PLP),66
https://www.lg.com/es/frigorificos-congeladores/frigorificos-combi-de-puertas-multiples/,Spain,제품 카테고리 (PLP),76
https://www.lg.com/es/frigorificos/frigorificos-american-combi/,Spain,제품 카테고리 (PLP),83
https://www.lg.com/es/lavadoras-y-secadoras/,Spain,제품 카테고리 (PLP),77
https://www.lg.com/es/lavadoras-y-secadoras/accesorios-lavadoras-y-secadoras/,Spain,제품 카테고리 (PLP),83
https://www.lg.com/es/lavadoras-y-secadoras/accesorios-lavadoras-y-secadoras/dstwh/,Spain,제품 카테고리 (PLP),83
https://www.lg.com/es/lavadoras-y-secadoras/lava-secadoras/,Spain,제품 카테고리 (PLP),83
https://www.lg.com/es/lavadoras-y-secadoras/lavado-finder/,Spain,제품 카테고리 (PLP),69
https://www.lg.com/es/lavadoras-y-secadoras/lavadoras/,Spain,제품 카테고리 (PLP),83
https://www.lg.com/es/lavadoras-y-secadoras/secadoras/,Spain,제품 카테고리 (PLP),83
https://www.lg.com/es/lavadoras-y-secadoras/todas-las-lavadoras-y-secadoras/,Spain,제품 카테고리 (PLP),83
https://www.lg.com/es/lavadoras-y-secadoras/todas-las-lavadoras-y-secadoras/?ec_ft_05652740=10,Spain,제품 카테고리 (PLP),83
https://www.lg.com/es/lavadoras-y-secadoras/todas-las-lavadoras-y-secadoras/?ec_ft_05652740=11,Spain,제품 카테고리 (PLP),86
https://www.lg.com/es/lavadoras-y-secadoras/todas-las-lavadoras-y-secadoras/?ec_ft_05652740=12,Spain,제품 카테고리 (PLP),83
https://www.lg.com/es/lavavajillas/,Spain,제품 카테고리 (PLP),83
https://www.lg.com/es/lavavajillas1/dstwh/,Spain,제품 카테고리 (PLP),83
https://www.lg.com/es/lavavajillas/accesorios-lavavajillas/,Spain,제품 카테고리 (PLP),83
https://www.lg.com/es/lavavajillas/lavavajillas/,Spain,제품 카테고리 (PLP),69
https://www.lg.com/es/aerotermia-therma-v/,Spain,제품 카테고리 (PLP),73
https://www.lg.com/es/aire-acondicionado-domestico/,Spain,제품 카테고리 (PLP),77
https://www.lg.com/es/aerotermia-therma-v/aerotermos/,Spain,제품 카테고리 (PLP),83
https://www.lg.com/es/aire-acondicionado-domestico/aire-acondicionado-cassete/,Spain,제품 카테고리 (PLP),69
https://www.lg.com/es/aerotermia-therma-v/aspectos-a-tener-en-cuenta-al-instalar-una-bomba-de-calor-de-aerotermia/,Spain,제품 카테고리 (PLP),72
https://www.lg.com/es/aire-acondicionado-domestico/aire-acondicionado-conducto/,Spain,제품 카테고리 (PLP),69
https://www.lg.com/es/aerotermia-therma-v/por-que-deberia-tu-negocio-pasarse-a-la-aerotermia/,Spain,제품 카테고리 (PLP),72
https://www.lg.com/es/aire-acondicionado-domestico/aire-portatil/,Spain,제품 카테고리 (PLP),79
https://www.lg.com/es/aerotermia-therma-v/que-bomba-de-calor-es-mas-adecuada-para-mi/,Spain,제품 카테고리 (PLP),72
https://www.lg.com/es/aire-acondicionado-domestico/multi-split/,Spain,제품 카테고리 (PLP),80
https://www.lg.com/es/aerotermia-therma-v/que-es-una-bomba-de-calor-de-aerotermia/,Spain,제품 카테고리 (PLP),72
https://www.lg.com/es/aparatos-de-cocina/,Spain,제품 카테고리 (PLP),69
https://www.lg.com/es/cooking-appliances/,Spain,제품 카테고리 (PLP),72
https://www.lg.com/es/cooking-appliances/wall-ovens/,Spain,제품 카테고리 (PLP),86
https://www.lg.com/es/aspiradoras/,Spain,제품 카테고리 (PLP),80
https://www.lg.com/es/aspiradoras/accesorios-aspiradoras/,Spain,제품 카테고리 (PLP),83
https://www.lg.com/es/aspiradoras/aspiradoras-escoba/,Spain,제품 카테고리 (PLP),76
https://www.lg.com/es/aspiradoras/aspiradoras-kompressor/,Spain,제품 카테고리 (PLP),66
https://www.lg.com/es/aspiradoras/aspiradoras-sin-bolsa/,Spain,제품 카테고리 (PLP),86
https://www.lg.com/es/aspiradoras/aspiradoras/,Spain,제품 카테고리 (PLP),66
https://www.lg.com/es/acceso-instalaciones/,Spain,제품 카테고리 (PLP),72
https://www.lg.com/es/accesorios/,Spain,제품 카테고리 (PLP),76
https://www.lg.com/es/accesorios-de-computador/,Spain,제품 카테고리 (PLP),69
https://www.lg.com/es/accesorios-para-portatiles/,Spain,제품 카테고리 (PLP),83
https://www.lg.com/es/accessori-informatica/,Spain,제품 카테고리 (PLP),76
https://www.lg.com/es/account-integration/,Spain,제품 카테고리 (PLP),62
https://www.lg.com/es/account-integration-copy/,Spain,제품 카테고리 (PLP),72
https://www.lg.com/es/account-integration-old/,Spain,제품 카테고리 (PLP),72
https://www.lg.com/es/agentes-expertos-en-lg/,Spain,제품 카테고리 (PLP),72
https://www.lg.com/es/aire-acondicionado-domestico/split/,Spain,제품 카테고리 (PLP),72
https://www.lg.com/es/altavoces/,Spain,제품 카테고리 (PLP),77
https://www.lg.com/es/altavoces-gaming/app-moviles/,Spain,제품 카테고리 (PLP),67
https://www.lg.com/es/att-cliente/fuera-de-servicio/,Spain,제품 카테고리 (PLP),69
https://www.lg.com/es/auriculares-inalambricos/,Spain,제품 카테고리 (PLP),77
https://www.lg.com/es/auriculares-inalambricos1/auriculares-uvnano/,Spain,제품 카테고리 (PLP),66
https://www.lg.com/es/barra-de-sonido/,Spain,제품 카테고리 (PLP),66
https://www.lg.com/es/barras-de-sonido/gx/,Spain,제품 카테고리 (PLP),83
https://www.lg.com/es/bbll/sorteo-micrococinando/,Spain,제품 카테고리 (PLP),69
https://www.lg.com/es/best/,Spain,제품 카테고리 (PLP),66
https://www.lg.com/es/blog-lg/,Spain,제품 카테고리 (PLP),79
https://www.lg.com/es/buscador-de-electrodomesticos/buscador-de-frigorificos/,Spain,제품 카테고리 (PLP),76
https://www.lg.com/es/soporte/,Spain,Support - 일반,86
https://www.lg.com/es/soporte/ServiciosLG/servicioslifesgood-tv/,Spain,Support - 일반,70
https://www.lg.com/es/soporte/additional-support/,Spain,Support - 일반,78
https://www.lg.com/es/soporte/additional-support/glossary/,Spain,Support - 일반,85
https://www.lg.com/es/soporte/additional-support/servicios-lg-care/extension-de-garantia/,Spain,Support - 일반,81
https://www.lg.com/es/soporte/additional-support/servicios-lg-care/instalaciones-mantenimiento/,Spain,Support - 일반,74
https://www.lg.com/es/soporte/additional-support/servicios-lg-care/tarifas-tranquilidad/,Spain,Support - 일반,78
https://www.lg.com/es/soporte/additional-support/smart-diagnosis/,Spain,Support - 일반,78
https://www.lg.com/es/soporte/additional-support/smart-share/,Spain,Support - 일반,81
https://www.lg.com/es/soporte/additional-support/sustainability/,Spain,Support - 일반,78
https://www.lg.com/es/soporte/additional-support/thinq/,Spain,Support - 일반,79
https://www.lg.com/es/soporte/anuncios/,Spain,Support - 일반,82
https://www.lg.com/es/soporte/anuncios/Aviso-sobre-el-cese-de-los-servicios-de-AccuWeather/,Spain,Support - 일반,81
https://www.lg.com/es/soporte/anuncios/Cese-servicio-Google-Assistant/,Spain,Support - 일반,78
https://www.lg.com/es/soporte/anuncios/ESNTC20201110150870/,Spain,Support - 일반,81
https://www.lg.com/es/soporte/anuncios/ESNTC20220603152432/,Spain,Support - 일반,81
https://www.lg.com/es/soporte/anuncios/ESNTC20220622152700/,Spain,Support - 일반,81
https://www.lg.com/es/soporte/anuncios/ESNTC20230313153491/,Spain,Support - 일반,78
https://www.lg.com/es/soporte/anuncios/ESNTC20230519153890/,Spain,Support - 일반,81
https://www.lg.com/es/soporte/anuncios/ESNTC20230519153891/,Spain,Support - 일반,78
https://www.lg.com/es/soporte/anuncios/ESNTC20230818154080/,Spain,Support - 일반,81
https://www.lg.com/es/soporte/anuncios/ESNTC20230828154102/,Spain,Support - 일반,81
https://www.lg.com/es/soporte/anuncios/ESNTC20231208154450/,Spain,Support - 일반,81
https://www.lg.com/es/soporte/anuncios/ESNTC20240319154510/,Spain,Support - 일반,78
https://www.lg.com/es/soporte/anuncios/ESNTC20240513154540/,Spain,Support - 일반,78
https://www.lg.com/es/soporte/anuncios/ESNTC20240610154570/,Spain,Support - 일반,85
https://www.lg.com/es/soporte/anuncios/ESNTC20240614000246/,Spain,Support - 일반,81
https://www.lg.com/es/soporte/anuncios/Servicios-numero-uno/,Spain,Support - 일반,78
https://www.lg.com/es/soporte/anuncios/actualizaciones-a-la-politica-de-privacidad-del-servicio-de-lg-electronics-04142026/,Spain,Support - 일반,81
https://www.lg.com/es/soporte/anuncios/actualizaciones-a-la-politica-de-privacidad-del-servicio-de-lg-electronics-25092025/,Spain,Support - 일반,78
https://www.lg.com/es/soporte/anuncios/actualizaciones-de-los-terminos-de-uso-y-politica-de-privacidad/,Spain,Support - 일반,81
https://www.lg.com/es/soporte/anuncios/finalizacion-lg-electronics-mobile/,Spain,Support - 일반,78
https://www.lg.com/es/soporte/anuncios/notice-of-spotify-service-termination/,Spain,Support - 일반,78
https://www.lg.com/es/soporte/anuncios/notice-of-termination-of-the-services-of-gracenote-music-id-video-id-eyeq-epg-for-blu-ray-player-blu-ray-home-theater-system-will-no-longer-be-available/,Spain,Support - 일반,74
https://www.lg.com/es/soporte/buscador-microsites/,Spain,Support - 일반,74
https://www.lg.com/es/soporte/contacto/,Spain,Support - 일반,82
https://www.lg.com/es/soporte/contacto/contacto/,Spain,Support - 일반,70
https://www.lg.com/es/soporte/contacto/email/,Spain,Support - 일반,78
https://www.lg.com/es/soporte/contacto/email/failure/,Spain,Support - 일반,74
https://www.lg.com/es/soporte/contacto/email/success/,Spain,Support - 일반,74
https://www.lg.com/es/soporte/contacto/encuesta-web/,Spain,Support - 일반,81
https://www.lg.com/es/soporte/contacto/encuesta-web/failure/,Spain,Support - 일반,74
https://www.lg.com/es/soporte/contacto/encuesta-web/success/,Spain,Support - 일반,78
https://www.lg.com/es/soporte/contacto/enquete-statut/,Spain,Support - 일반,78
https://www.lg.com/es/soporte/contacto/enquete-statut/failure/,Spain,Support - 일반,67
https://www.lg.com/es/soporte/contacto/enquete-statut/inquiry-result/,Spain,Support - 일반,85
https://www.lg.com/es/soporte/contacto/estado-de-la-solicitud/,Spain,Support - 일반,78
https://www.lg.com/es/soporte/contacto/estado-de-la-solicitud/failure/,Spain,Support - 일반,74
https://www.lg.com/es/soporte/contacto/estado-de-la-solicitud/inquiry-result/,Spain,Support - 일반,85
https://www.lg.com/es/soporte/contacto/inquiry-status/,Spain,Support - 일반,78
https://www.lg.com/es/soporte/contacto/inquiry-status/failure/,Spain,Support - 일반,74
https://www.lg.com/es/soporte/contacto/inquiry-status/inquiry-result/,Spain,Support - 일반,81
https://www.lg.com/es/soporte/contacto/localizador-sat/,Spain,Support - 일반,86
https://www.lg.com/es/soporte/contacto/subir-documento/,Spain,Support - 일반,93
https://www.lg.com/es/soporte/contacto/subir-documento/failure/,Spain,Support - 일반,74
https://www.lg.com/es/soporte/contacto/subir-documento/success/,Spain,Support - 일반,74
https://www.lg.com/es/soporte/contacto/te-escuchamos/,Spain,Support - 일반,78
https://www.lg.com/es/soporte/contacto/te-escuchamos/failure/,Spain,Support - 일반,74
https://www.lg.com/es/soporte/contacto/te-escuchamos/success/,Spain,Support - 일반,78
https://www.lg.com/es/soporte/error-pages/down-time-check/,Spain,Support - 일반,70
https://www.lg.com/es/soporte/estado-de-mi-reparacion/,Spain,Support - 일반,78
https://www.lg.com/es/soporte/ethics/,Spain,Support - 일반,78
https://www.lg.com/es/soporte/ethics/complaints/,Spain,Support - 일반,81
https://www.lg.com/es/soporte/ethics/unethical/,Spain,Support - 일반,78
https://www.lg.com/es/soporte/ethics/unethicalcheck/,Spain,Support - 일반,81
https://www.lg.com/es/soporte/extension-de-garantia/,Spain,Support - 일반,89
https://www.lg.com/es/soporte/glossary/,Spain,Support - 일반,85
https://www.lg.com/es/soporte/guias-y-soluciones/BUSCADORr-de-contenidos/,Spain,Support - 일반,78
https://www.lg.com/es/soporte/guias-y-soluciones/_prueba_aem_taw-1/,Spain,Support - 일반,78
https://www.lg.com/es/soporte/guias-y-soluciones/_prueba_aem_taw-1/_prueba_aem_taw-2/,Spain,Support - 일반,67
https://www.lg.com/es/soporte/guias-y-soluciones/_template-doblecontainer/,Spain,Support - 일반,74
https://www.lg.com/es/soporte/guias-y-soluciones/audio-video/,Spain,Support - 일반,67
https://www.lg.com/es/soporte/guias-y-soluciones/audio-video/barra-sonido-actualizar-software/,Spain,Support - 일반,81
https://www.lg.com/es/soporte/guias-y-soluciones/audio-video/barra-sonido-conectar-subwoofer/,Spain,Support - 일반,81
https://www.lg.com/es/soporte/guias-y-soluciones/audio-video/conexion-proyector-widi-windows-8/,Spain,Support - 일반,78
https://www.lg.com/es/soporte/guias-y-soluciones/audio-video/desaparicion-youtube/,Spain,Support - 일반,81
https://www.lg.com/es/soporte/guias-y-soluciones/audio-video/dvd-blu-ray-no-lee-disco-archivo/,Spain,Support - 일반,81
https://www.lg.com/es/soporte/guias-y-soluciones/audio-video/home-music-operaciones-avanzadas/,Spain,Support - 일반,81
https://www.lg.com/es/soporte/guias-y-soluciones/b2b/,Spain,Support - 일반,67
https://www.lg.com/es/soporte/guias-y-soluciones/b2b/id/,Spain,Support - 일반,67
https://www.lg.com/es/soporte/guias-y-soluciones/b2b/id/digital-signage/,Spain,Support - 일반,59
https://www.lg.com/es/soporte/guias-y-soluciones/b2b/id/digital-signage/actualizar-firmware-desde-onscreen-control-mac/,Spain,Support - 일반,69
https://www.lg.com/es/soporte/guias-y-soluciones/b2b/id/digital-signage/actualizar-firmware-desde-onscreen-control-pc-/,Spain,Support - 일반,69
https://www.lg.com/es/soporte/guias-y-soluciones/b2b/id/digital-signage/bloqueo-puertoir-webos6-0/,Spain,Support - 일반,78
https://www.lg.com/es/soporte/guias-y-soluciones/b2b/id/digital-signage/bloqueo-wifi/,Spain,Support - 일반,69
https://www.lg.com/es/soporte/guias-y-soluciones/b2b/id/digital-signage/direccion-mac-monitor-signage/,Spain,Support - 일반,69
https://www.lg.com/es/soporte/guias-y-soluciones/b2b/id/digital-signage/envio-de-calibracion/,Spain,Support - 일반,69
https://www.lg.com/es/soporte/guias-y-soluciones/b2b/id/digital-signage/info-sistema-webos6-0/,Spain,Support - 일반,78
https://www.lg.com/es/soporte/guias-y-soluciones/b2b/id/digital-signage/one-quick-works/,Spain,Support - 일반,63
https://www.lg.com/es/soporte/guias-y-soluciones/b2b/id/digital-signage/one-quick-works/actualizacion-imagen-os/,Spain,Support - 일반,69
https://www.lg.com/es/soporte/guias-y-soluciones/b2b/id/medical/,Spain,Support - 일반,59
https://www.lg.com/es/soporte/guias-y-soluciones/climatizacion/,Spain,Support - 일반,67
https://www.lg.com/es/soporte/guias-y-soluciones/climatizacion/ahorro-energia/,Spain,Support - 일반,81
https://www.lg.com/es/soporte/guias-y-soluciones/climatizacion/aire-acondicionado-no-calienta/,Spain,Support - 일반,81
https://www.lg.com/es/soporte/guias-y-soluciones/climatizacion/aire-acondicionado-no-enfria/,Spain,Support - 일반,78
https://www.lg.com/es/soporte/guias-y-soluciones/climatizacion/aplicacion-smart-air-soporte-tecnico/,Spain,Support - 일반,81
https://www.lg.com/es/soporte/guias-y-soluciones/climatizacion/cuando-no-se-va-a-usar-durante-un-tiempo-prolongado/,Spain,Support - 일반,81
https://www.lg.com/es/soporte/guias-y-soluciones/climatizacion/filtro-multiproteccion-3m/,Spain,Support - 일반,81
https://www.lg.com/es/soporte/guias-y-soluciones/climatizacion/limpieza-filtros/,Spain,Support - 일반,74
https://www.lg.com/es/soporte/guias-y-soluciones/climatizacion/mantenimiento/,Spain,Support - 일반,81
https://www.lg.com/es/soporte/soporte-producto/resolucion-problemas/help-library/cs-CT52002101-20155101726333/,Spain,Support - Troubleshoot,75
https://www.lg.com/es/soporte/soporte-producto/resolucion-problemas/help-library/cs-CT52002103-20155311401807/,Spain,Support - Troubleshoot,75
https://www.lg.com/es/soporte/soporte-producto/resolucion-problemas/help-library/cs-CT52002103-20155154189557/,Spain,Support - Troubleshoot,75
https://www.lg.com/es/soporte/soporte-producto/resolucion-problemas/help-library/cs-CT52002103-20155069777915/,Spain,Support - Troubleshoot,75
https://www.lg.com/es/soporte/soporte-producto/resolucion-problemas/help-library/cs-CT52002101-20155028312043,Spain,Support - Troubleshoot,75
https://www.lg.com/es/soporte/soporte-producto/resolucion-problemas/help-library/cs-CT52002101-20155102947848/,Spain,Support - Troubleshoot,75
https://www.lg.com/es/soporte/soporte-producto/resolucion-problemas/help-library/cs-CT52002103-20155268985936/,Spain,Support - Troubleshoot,75
https://www.lg.com/es/soporte/soporte-producto/resolucion-problemas/help-library/cs-CT52002101-20155048216831,Spain,Support - Troubleshoot,75
https://www.lg.com/es/soporte/soporte-producto/resolucion-problemas/help-library/cs-CT52002102-20155130415604/,Spain,Support - Troubleshoot,75
https://www.lg.com/es/soporte/soporte-producto/resolucion-problemas/help-library/cs-CT52002101-20155102608518/,Spain,Support - Troubleshoot,75
https://www.lg.com/es/soporte/soporte-producto/resolucion-problemas/help-library/cs-CT52002100-20155115739938/,Spain,Support - Troubleshoot,75
https://www.lg.com/es/soporte/soporte-producto/resolucion-problemas/help-library/cs-CT52002101-20155333892227/,Spain,Support - Troubleshoot,75
https://www.lg.com/es/soporte/soporte-producto/resolucion-problemas/help-library/cs-CT40007081-20155219498771,Spain,Support - Troubleshoot,75
https://www.lg.com/es/soporte/soporte-producto/resolucion-problemas/help-library/cs-CT52002101-20155177652066/,Spain,Support - Troubleshoot,75
https://www.lg.com/es/soporte/soporte-producto/resolucion-problemas/help-library/cs-CT52002103-20155311457130/,Spain,Support - Troubleshoot,75
https://www.lg.com/es/soporte/soporte-producto/resolucion-problemas/help-library/cs-CT52002103-20155331401064/,Spain,Support - Troubleshoot,75
https://www.lg.com/es/soporte/soporte-producto/resolucion-problemas/help-library/cs-CT52002101-20155102819508/,Spain,Support - Troubleshoot,75
https://www.lg.com/es/soporte/soporte-producto/resolucion-problemas/help-library/cs-CT52002101-20155102824121/,Spain,Support - Troubleshoot,75
https://www.lg.com/es/soporte/soporte-producto/resolucion-problemas/help-library/cs-CT52002101-20155255023307,Spain,Support - Troubleshoot,75
https://www.lg.com/es/soporte/soporte-producto/resolucion-problemas/help-library/cs-CT52002101-20155101726477,Spain,Support - Troubleshoot,75
https://www.lg.com/es/soporte/soporte-producto/resolucion-problemas/help-library/cs-CT52002101-20155386343357,Spain,Support - Troubleshoot,75
https://www.lg.com/es/soporte/soporte-producto/resolucion-problemas/help-library/cs-CT52002103-20155379626120/,Spain,Support - Troubleshoot,75
https://www.lg.com/es/soporte/soporte-producto/resolucion-problemas/help-library/cs-CT52002101-20155101707717/,Spain,Support - Troubleshoot,75
https://www.lg.com/es/soporte/soporte-producto/resolucion-problemas/help-library/cs-CT52002103-20155051175889/,Spain,Support - Troubleshoot,75
https://www.lg.com/es/soporte/soporte-producto/resolucion-problemas/help-library/cs-CT52002101-20155101720104/,Spain,Support - Troubleshoot,75
https://www.lg.com/es/soporte/soporte-producto/resolucion-problemas/help-library/cs-CT52002101-20155263923019,Spain,Support - Troubleshoot,75
https://www.lg.com/es/soporte/soporte-producto/resolucion-problemas/help-library/cs-CT52002101-20155102931384,Spain,Support - Troubleshoot,75
https://www.lg.com/es/soporte/soporte-producto/resolucion-problemas/help-library/cs-CT52002100-20155379605712,Spain,Support - Troubleshoot,75
https://www.lg.com/es/soporte/soporte-producto/resolucion-problemas/help-library/cs-CT52002101-20155128321670,Spain,Support - Troubleshoot,75
https://www.lg.com/es/soporte/soporte-producto/resolucion-problemas/help-library/cs-CT52002101-20155092734238/,Spain,Support - Troubleshoot,75
https://www.lg.com/es/soporte/soporte-producto/resolucion-problemas/help-library/cs-CT52002101-20155102922975,Spain,Support - Troubleshoot,75
https://www.lg.com/es/soporte/soporte-producto/resolucion-problemas/help-library/cs-CT52002101-20155348058270,Spain,Support - Troubleshoot,75
https://www.lg.com/es/soporte/soporte-producto/resolucion-problemas/help-library/cs-CT52002101-20155114216041,Spain,Support - Troubleshoot,75
https://www.lg.com/es/soporte/soporte-producto/resolucion-problemas/help-library/cs-CT52002100-20154381244316/,Spain,Support - Troubleshoot,75
https://www.lg.com/es/soporte/soporte-producto/resolucion-problemas/help-library/cs-CT52002103-20155311243479/,Spain,Support - Troubleshoot,75
https://www.lg.com/es/soporte/soporte-producto/resolucion-problemas/help-library/cs-CT52002101-20155102765478,Spain,Support - Troubleshoot,75
https://www.lg.com/es/soporte/soporte-producto/resolucion-problemas/help-library/cs-CT52002101-20154982201268/,Spain,Support - Troubleshoot,75
https://www.lg.com/es/soporte/soporte-producto/resolucion-problemas/help-library/cs-CT52002103-20155179477232/,Spain,Support - Troubleshoot,75
https://www.lg.com/es/soporte/soporte-producto/resolucion-problemas/help-library/cs-CT40007085-20155115748210,Spain,Support - Troubleshoot,75
https://www.lg.com/es/soporte/soporte-producto/resolucion-problemas/help-library/cs-CT52002101-20155102797396,Spain,Support - Troubleshoot,75
https://www.lg.com/es/soporte/soporte-producto/resolucion-problemas/help-library/cs-CT52002101-20155272222268/,Spain,Support - Troubleshoot,75
https://www.lg.com/es/soporte/soporte-producto/resolucion-problemas/help-library/cs-CT52002103-20155311295298/,Spain,Support - Troubleshoot,75
https://www.lg.com/es/soporte/soporte-producto/resolucion-problemas/help-library/cs-CT40007081-20155140647481,Spain,Support - Troubleshoot,75
https://www.lg.com/es/soporte/soporte-producto/resolucion-problemas/help-library/cs-CT52002103-20155410113728/,Spain,Support - Troubleshoot,75
https://www.lg.com/es/soporte/soporte-producto/resolucion-problemas/help-library/cs-CT52002101-20155102808242/,Spain,Support - Troubleshoot,75
https://www.lg.com/es/soporte/soporte-producto/resolucion-problemas/help-library/cs-CT52002103-20155269114318/,Spain,Support - Troubleshoot,75
https://www.lg.com/es/soporte/soporte-producto/resolucion-problemas/help-library/cs-CT52002101-20155265317370/,Spain,Support - Troubleshoot,75
https://www.lg.com/es/soporte/soporte-producto/resolucion-problemas/help-library/cs-CT52002103-20155006103795/,Spain,Support - Troubleshoot,75
https://www.lg.com/es/soporte/soporte-producto/resolucion-problemas/help-library/cs-CT52002101-20155101715187,Spain,Support - Troubleshoot,75
https://www.lg.com/es/soporte/soporte-producto/resolucion-problemas/help-library/cs-CT52002100-20155115807593/,Spain,Support - Troubleshoot,75
https://www.lg.com/es/soporte/soporte-producto/resolucion-problemas/help-library/cs-CT40007085-20155060986050,Spain,Support - Troubleshoot,75
https://www.lg.com/es/soporte/soporte-producto/resolucion-problemas/help-library/cs-CT52002101-20155028329669/,Spain,Support - Troubleshoot,75
https://www.lg.com/es/soporte/soporte-producto/resolucion-problemas/help-library/cs-CT52002101-20155105955231,Spain,Support - Troubleshoot,75
https://www.lg.com/es/soporte/soporte-producto/resolucion-problemas/help-library/cs-CT52002101-20155118240500/,Spain,Support - Troubleshoot,75
https://www.lg.com/es/soporte/soporte-producto/resolucion-problemas/help-library/cs-CT52002102-20155062098574/,Spain,Support - Troubleshoot,75
https://www.lg.com/es/soporte/soporte-producto/resolucion-problemas/help-library/cs-CT52002101-20155027834967/,Spain,Support - Troubleshoot,75
https://www.lg.com/es/soporte/soporte-producto/resolucion-problemas/help-library/cs-CT52002101-20155101721266/,Spain,Support - Troubleshoot,75
https://www.lg.com/es/soporte/soporte-producto/resolucion-problemas/help-library/cs-CT52002101-20155004251621/,Spain,Support - Troubleshoot,75
https://www.lg.com/es/soporte/soporte-producto/resolucion-problemas/help-library/cs-CT52002101-20155209278692/,Spain,Support - Troubleshoot,75
https://www.lg.com/es/soporte/soporte-producto/resolucion-problemas/help-library/cs-CT52002102-20155048191316/,Spain,Support - Troubleshoot,75
https://www.lg.com/es/soporte/soporte-producto/resolucion-problemas/help-library/cs-CT52002102-20155363587338/,Spain,Support - Troubleshoot,75
https://www.lg.com/es/soporte/soporte-producto/resolucion-problemas/help-library/cs-CT52002102-20155128299983/,Spain,Support - Troubleshoot,75
https://www.lg.com/es/soporte/soporte-producto/resolucion-problemas/help-library/cs-CT52002103-20155113405703/,Spain,Support - Troubleshoot,75
https://www.lg.com/es/soporte/soporte-producto/resolucion-problemas/help-library/cs-CT52002101-20155065329521,Spain,Support - Troubleshoot,75
https://www.lg.com/es/soporte/soporte-producto/resolucion-problemas/help-library/cs-CT52002101-20155102949676/,Spain,Support - Troubleshoot,75
https://www.lg.com/es/soporte/soporte-producto/resolucion-problemas/help-library/cs-CT52002102-20155342660842/,Spain,Support - Troubleshoot,75
https://www.lg.com/es/soporte/soporte-producto/resolucion-problemas/help-library/cs-CT52002100-20154996615125,Spain,Support - Troubleshoot,75
https://www.lg.com/es/soporte/soporte-producto/resolucion-problemas/help-library/cs-CT52002102-20155134074983/,Spain,Support - Troubleshoot,75
https://www.lg.com/es/soporte/soporte-producto/resolucion-problemas/help-library/cs-CT52002101-20155102832257/,Spain,Support - Troubleshoot,75
https://www.lg.com/es/soporte/soporte-producto/resolucion-problemas/help-library/cs-CT40007085-20155199003634,Spain,Support - Troubleshoot,75
https://www.lg.com/es/soporte/soporte-producto/resolucion-problemas/help-library/cs-CT52002101-20155272209597/,Spain,Support - Troubleshoot,75
https://www.lg.com/es/soporte/soporte-producto/resolucion-problemas/help-library/cs-CT52002101-20155027804623,Spain,Support - Troubleshoot,75
https://www.lg.com/es/soporte/soporte-producto/resolucion-problemas/help-library/cs-CT52002100-20155311278230/,Spain,Support - Troubleshoot,75
https://www.lg.com/es/soporte/soporte-producto/resolucion-problemas/help-library/cs-CT52002103-20155410403835/,Spain,Support - Troubleshoot,75
https://www.lg.com/es/soporte/soporte-producto/resolucion-problemas/help-library/cs-CT52002100-20155019527212,Spain,Support - Troubleshoot,75
https://www.lg.com/es/soporte/soporte-producto/resolucion-problemas/help-library/cs-CT52002103-20155115716443/,Spain,Support - Troubleshoot,75
https://www.lg.com/es/soporte/soporte-producto/resolucion-problemas/help-library/cs-CT52002100-20155105900350/,Spain,Support - Troubleshoot,75
https://www.lg.com/es/soporte/soporte-producto/resolucion-problemas/help-library/cs-CT52002103-20155014963972/,Spain,Support - Troubleshoot,75
https://www.lg.com/es/soporte/soporte-producto/resolucion-problemas/help-library/cs-CT52002102-20155135969436/,Spain,Support - Troubleshoot,75
https://www.lg.com/es/soporte/soporte-producto/resolucion-problemas/help-library/cs-CT52002101-20155028333244/,Spain,Support - Troubleshoot,75
https://www.lg.com/es/soporte/soporte-producto/resolucion-problemas/help-library/cs-CT52002101-20155069425017,Spain,Support - Troubleshoot,75
https://www.lg.com/es/soporte/soporte-producto/resolucion-problemas/help-library/cs-CT52002103-20155113390255/,Spain,Support - Troubleshoot,75
https://www.lg.com/es/soporte/soporte-producto/resolucion-problemas/help-library/cs-CT52002103-20155047765836/,Spain,Support - Troubleshoot,75
https://www.lg.com/es/soporte/soporte-producto/resolucion-problemas/help-library/cs-CT52002101-20155130218439,Spain,Support - Troubleshoot,75
https://www.lg.com/es/soporte/soporte-producto/resolucion-problemas/help-library/cs-CT52002101-20155295250207/,Spain,Support - Troubleshoot,75
https://www.lg.com/es/soporte/soporte-producto/resolucion-problemas/help-library/cs-CT52002101-20155299532059/,Spain,Support - Troubleshoot,75
https://www.lg.com/es/soporte/soporte-producto/resolucion-problemas/help-library/cs-CT52002103-20155114288530/,Spain,Support - Troubleshoot,75
https://www.lg.com/es/soporte/soporte-producto/resolucion-problemas/help-library/cs-CT52002103-20155410027030/,Spain,Support - Troubleshoot,75
https://www.lg.com/es/soporte/soporte-producto/resolucion-problemas/help-library/cs-CT52002101-20154978946659/,Spain,Support - Troubleshoot,75
https://www.lg.com/es/soporte/soporte-producto/resolucion-problemas/help-library/cs-CT52002101-20155103113531/,Spain,Support - Troubleshoot,79
https://www.lg.com/es/soporte/soporte-producto/resolucion-problemas/help-library/cs-CT52002101-20155027708038/,Spain,Support - Troubleshoot,75
https://www.lg.com/es/soporte/soporte-producto/resolucion-problemas/help-library/cs-CT52002101-20155101730118/,Spain,Support - Troubleshoot,79
https://www.lg.com/es/soporte/soporte-producto/resolucion-problemas/help-library/cs-CT52002103-20155021166876/,Spain,Support - Troubleshoot,75
https://www.lg.com/es/soporte/soporte-producto/resolucion-problemas/help-library/cs-CT52002101-20155102979965,Spain,Support - Troubleshoot,75
https://www.lg.com/es/soporte/soporte-producto/resolucion-problemas/help-library/cs-CT52002101-20155102978451/,Spain,Support - Troubleshoot,75
https://www.lg.com/es/soporte/soporte-producto/resolucion-problemas/help-library/cs-CT52002102-20155366419714/,Spain,Support - Troubleshoot,75
https://www.lg.com/es/soporte/soporte-producto/resolucion-problemas/help-library/cs-CT52002101-20155101719304/,Spain,Support - Troubleshoot,75
https://www.lg.com/es/soporte/soporte-producto/resolucion-problemas/help-library/cs-CT52002100-20155105899924/,Spain,Support - Troubleshoot,75
https://www.lg.com/es/soporte/soporte-producto/resolucion-problemas/help-library/cs-CT40007085-20155060986279,Spain,Support - Troubleshoot,75
https://www.lg.com/es/soporte/soporte-producto/resolucion-problemas/help-library/cs-CT52002101-20155102836087,Spain,Support - Troubleshoot,75
https://www.lg.com/global/newsroom/news/media-entertainment-solution/lg-electronics-brings-masterpieces-from-the-met-into-your-living-room-with-lg-gallery-service/,Global-site,Global Newsroom,86
https://www.lg.com/global/newsroom/news/corporate/lg-electronics-prism-ai-wins-best-ai-tool-product-at-the-2026-in2-sabre-awards-asia-pacific/,Global-site,Global Newsroom,89
https://www.lg.com/global/newsroom/news/home-appliance-solution/lg-electronics-brings-high-efficiency-living-to-more-consumers-at-ifa-2026/,Global-site,Global Newsroom,86
https://www.lg.com/global/newsroom/news/corporate/lg-electronics-wins-17-awards-at-idea-2026-achieving-a-design-awards-triple-crown/,Global-site,Global Newsroom,86
https://www.lg.com/global/newsroom/news/home-appliance-solution/lg-electronics-expands-fitandmax-solution-across-key-home-appliance-categories-at-ifa-2026/,Global-site,Global Newsroom,89
https://www.lg.com/global/newsroom/news/vehicle-solutions/lg-electronics-begins-mass-production-of-5g-smart-telematics-solution-for-a-premium-european-automaker/,Global-site,Global Newsroom,86
https://www.lg.com/global/newsroom/news/corporate/lg-electronics-accelerates-robotics-collaboration-with-nvidia/,Global-site,Global Newsroom,89
https://www.lg.com/global/newsroom/news/home-appliance-solution/lg-electronics-expands-latin-american-manufacturing-with-new-smart-factory-in-brazil/,Global-site,Global Newsroom,86
https://www.lg.com/global/newsroom/news/media-entertainment-solution/lg-electronics-launches-xboom-power-series-a-powerful-party-speaker-lineup-built-to-turn-gatherings-into-parties/,Global-site,Global Newsroom,89
https://www.lg.com/global/newsroom/insights/executive-corner/executive-corner-the-daylight-test-why-the-true-value-of-perfect-black-is-revealed-in-bright-rooms/,Global-site,Global Newsroom,89
https://www.lg.com/global/newsroom/news/corporate/lg-electronics-launches-2026-lifes-good-campaign-to-free-up-peoples-minds-for-what-truly-matters/,Global-site,Global Newsroom,89
https://www.lg.com/global/newsroom/news/media-entertainment-solution/lg-launches-lg-xboom-blast-a-powerful-party-speaker-designed-for-outdoor-freedom/,Global-site,Global Newsroom,86
https://www.lg.com/global/newsroom/news/corporate/lg-electronics-invites-the-world-to-experience-innovation-in-tune-with-you-at-ifa-2026/,Global-site,Global Newsroom,82
https://www.lg.com/global/newsroom/news/media-entertainment-solution/lg-electronics-brings-bob-ross-creativity-to-life-through-multiple-mediums-including-lg-gallery-/,Global-site,Global Newsroom,89
https://www.lg.com/global/newsroom/news/corporate/lg-electronics-releases-second-quarter-2026-financial-results/,Global-site,Global Newsroom,86
https://www.lg.com/global/newsroom/news/eco-solution/lg-electronics-launches-mid-static-ducted-unit-delivering-comfort-anywhere/,Global-site,Global Newsroom,86
https://www.lg.com/global/newsroom/news/vehicle-solutions/lg-electronics-ultraview-windshield-display-named-finalist-for-2026-pace-pilot-award/,Global-site,Global Newsroom,89
https://www.lg.com/global/newsroom/b2b/product-and-solutions/lg-electronics-earns-nvidia-ai-factory-validation-for-its-600kw-coolant-distribution-unit1/,Global-site,Global Newsroom,83
https://www.lg.com/global/newsroom/news/eco-solution/lg-electronics-earns-nvidia-ai-factory-validation-for-its-600kw-coolant-distribution-unit/,Global-site,Global Newsroom,86
https://www.lg.com/global/newsroom/news/home-appliance-solution/lg-instaview-refrigerator-surpasses-5-3-million-in-global-sales/,Global-site,Global Newsroom,89
https://www.lg.com/global/newsroom/news/home-appliance-solution/lg-electronics-strengthens-global-supply-chain-for-advanced-antimicrobial-materials/,Global-site,Global Newsroom,89
https://www.lg.com/global/newsroom/news/media-entertainment-solution/lg-electronics-teams-up-with-prime-video-to-power-an-epic-home-premiere-of-masters-of-the-universe/,Global-site,Global Newsroom,89
https://www.lg.com/global/newsroom/news/corporate/lg-electronics-reports-2025-scope-1-and-2-emissions-below-2030-target-level-in-latest-sustainability-report/,Global-site,Global Newsroom,89
https://www.lg.com/global/newsroom/news/media-entertainment-solution/lg-channels-surpasses-5000-channels-globally-as-poland-launch-brings-service-to-37-countries/,Global-site,Global Newsroom,89
https://www.lg.com/global/newsroom/news/home-appliance-solution/lg-electronics-launches-lg-professional-laundry-lineup-for-commercial-operations/,Global-site,Global Newsroom,89
https://www.lg.com/global/newsroom/news/corporate/lg-electronics-releases-preliminary-earnings-for-second-quarter-2026/,Global-site,Global Newsroom,86
https://www.lg.com/global/newsroom/news/media-entertainment-solution/lg-introduces-xboom-stage-501-turning-any-song-into-instant-ai-karaoke/,Global-site,Global Newsroom,89
https://www.lg.com/global/newsroom/news/eco-solution/lg-electronics-boosts-global-installation-and-service-capabilities-with-hvac-academy-expansion/,Global-site,Global Newsroom,82
https://www.lg.com/global/newsroom/news/corporate/lg-electronics-establishes-robotics-business-center-to-accelerate-future-growth/,Global-site,Global Newsroom,86
https://www.lg.com/global/newsroom/news/media-entertainment-solution/lg-electronics-unveils-stanbyme2-max-an-immersive-personal-screen-with-a-larger-32-inch-4k-display/,Global-site,Global Newsroom,89
https://www.lg.com/global/newsroom/news/vehicle-solutions/lg-electronics-marks-10-years-of-automotive-software-rnd-in-vietnam/,Global-site,Global Newsroom,86
https://www.lg.com/global/newsroom/news/eco-solution/lg-electronics-strengthens-european-heat-pump-position-with-diverse-portfolio/,Global-site,Global Newsroom,89
https://www.lg.com/global/newsroom/news/media-entertainment-solution/lg-electronics-launches-2026-micro-and-mini-rgb-evo-advancing-high-purity-color-in-premium-lcds/,Global-site,Global Newsroom,89
https://www.lg.com/global/newsroom/news/eco-solution/lg-electronics-solidifies-air-care-leadership-in-asia-with-award-winning-air-care-solutions/,Global-site,Global Newsroom,89
https://www.lg.com/global/newsroom/news/media-entertainment-solution/lg-electronics-launches-ultra-low-power-lg-e-paper-display-for-commercial-spaces/,Global-site,Global Newsroom,89
https://www.lg.com/global/newsroom/news/vehicle-solutions/lg-electronics-announces-new-solutions-for-automotive-innovation-partnership-with-google/,Global-site,Global Newsroom,86
https://www.lg.com/global/newsroom/news/media-entertainment-solution/lg-electronics-elevates-game-day-with-launch-of-sports-playbook-on-lg-smart-tvs/,Global-site,Global Newsroom,89
https://www.lg.com/global/newsroom/news/corporate/lg-electronics-brings-koreas-housewarming-culture-to-southeast-asia/,Global-site,Global Newsroom,86
https://www.lg.com/global/newsroom/insights/executive-corner/executive-corner-the-aesthetics-of-spatial-integration-the-philosophy-behind-lgs-built-in-appliances/,Global-site,Global Newsroom,82
https://www.lg.com/global/newsroom/news/media-entertainment-solution/lg-electronics-introduces-worlds-first-native-1000hz-full-hd-gaming-monitor/,Global-site,Global Newsroom,93
https://www.lg.com/global/newsroom/news/media-entertainment-solution/lg-electronics-launches-art-tv-lineup-where-design-shapes-how-art-lives-in-the-space/,Global-site,Global Newsroom,89
https://www.lg.com/global/newsroom/news/media-entertainment-solution/lg-electronics-led-installation-in-the-new-terminal-3-at-frankfurt-airport/,Global-site,Global Newsroom,89
https://www.lg.com/global/newsroom/b2b/product-and-solutions/lg-electronics-purotec-how-a-proprietary-antimicrobial-glass-powder-is-driving-the-companys-advanced-materials-expansion/,Global-site,Global Newsroom,83
https://www.lg.com/global/newsroom/insights/executive-corner/executive-corner-the-art-of-blending-in-lg-electronics-reimagines-the-wallpaper-tv-from-the-inside-out/,Global-site,Global Newsroom,82
https://www.lg.com/global/newsroom/news/corporate/lg-electronics-earns-top-1-sustainability-ranking-from-sp-global-for-third-year-in-a-row/,Global-site,Global Newsroom,89
https://www.lg.com/global/newsroom/news/corporate/lg-electronics-honored-for-design-excellence-at-the-2026-red-dot-design-award/,Global-site,Global Newsroom,86
https://www.lg.com/global/newsroom/news/media-entertainment-solution/lg-electronics-introduces-first-ultragear-evo-hyper-mini-led-5k-gaming-monitor/,Global-site,Global Newsroom,93
https://www.lg.com/global/newsroom/news/corporate/lg-electronics-releases-first-quarter-2026-financial-results/,Global-site,Global Newsroom,86
https://www.lg.com/global/newsroom/news/media-entertainment-solution/lg-electronics-2026-tvs-underscore-sustainability-progress-with-multiple-eco-certifications/,Global-site,Global Newsroom,89
https://www.lg.com/global/newsroom/news/vehicle-solutions/lg-electronics-presents-hybrid-emergency-call-solution-at-5gaa-in-sweden/,Global-site,Global Newsroom,89
https://www.lg.com/global/newsroom/news/media-entertainment-solution/lg-electronics-wireless-tvs-first-in-world-to-earn-true-wireless-lossless-vision-certification/,Global-site,Global Newsroom,93
https://www.lg.com/global/newsroom/news/media-entertainment-solution/nba-bounce-brings-action-packed-basketball-fun-to-lg-electronics-smart-tvs-and-monitors/,Global-site,Global Newsroom,93
https://www.lg.com/global/newsroom/news/eco-solution/lg-electronics-showcases-ai-data-center-cooling-solutions-at-data-center-world-2026/,Global-site,Global Newsroom,89
https://www.lg.com/global/newsroom/news/home-appliance-solution/lg-electronics-showcases-an-expanded-built-in-portfolio-with-sks-and-lg-built-in-lineups-at-eurocucina-2026/,Global-site,Global Newsroom,89
https://www.lg.com/global/newsroom/news/home-appliance-solution/lg-electronics-reinforces-presence-in-premium-built-in-market-at-milan-design-week-2026/,Global-site,Global Newsroom,86
https://www.lg.com/global/newsroom/news/home-appliance-solution/lg-electronics-to-showcase-new-dishwasher-lineup-at-eurocucina-2026/,Global-site,Global Newsroom,89
https://www.lg.com/global/newsroom/news/eco-solution/lg-electronics-brings-together-asian-hvac-partners-at-lg-hvac-connect-asia-2026/,Global-site,Global Newsroom,86
https://www.lg.com/global/newsroom/news/home-appliance-solution/lg-electronics-unveils-new-full-built-in-kitchen-suite-at-eurocucina-2026/,Global-site,Global Newsroom,89
https://www.lg.com/global/newsroom/news/eco-solution/lg-electronics-strengthens-position-in-the-european-residential-heat-pump-market/,Global-site,Global Newsroom,89
https://www.lg.com/global/newsroom/news/corporate/lg-electronics-releases-preliminary-earnings-for-first-quarter-2026/,Global-site,Global Newsroom,86
https://www.lg.com/global/newsroom/news/media-entertainment-solution/lg-electronics-launches-2026-qned-evo-mini-led-tv-lineup-headlined-by-ultra-large-115-inch-model/,Global-site,Global Newsroom,89
https://www.lg.com/global/newsroom/news/home-appliance-solution/lg-electronics-washtower-surpasses-3-2-million-units-sold-worldwide/,Global-site,Global Newsroom,86
https://www.lg.com/global/newsroom/news/eco-solution/lg-electronics-presents-complete-hvac-solution-lineup-tailored-for-european-market-at-mce-2026/,Global-site,Global Newsroom,86
https://www.lg.com/global/newsroom/news/eco-solution/lg-electronics-unveils-all-new-if-award-winning-indoor-unit-lineup-for-water-heating-solutions/,Global-site,Global Newsroom,86
https://www.lg.com/global/newsroom/news/home-appliance-solution/lg-electronics-to-unveil-advanced-compressor-solutions-engineered-for-india-at-acrex-2026/,Global-site,Global Newsroom,89
https://www.lg.com/global/newsroom/news/eco-solution/lg-electronics-new-puricare-aeromini-delivers-powerful-air-purification-in-a-compact-form-factor/,Global-site,Global Newsroom,86
https://www.lg.com/global/newsroom/news/corporate/lg-electronics-receives-26-awards-at-if-design-award-2026/,Global-site,Global Newsroom,86
https://www.lg.com/global/newsroom/news/vehicle-solutions/lg-electronics-unveils-next-generation-smart-telematics-solution-at-mwc-barcelona-2026/,Global-site,Global Newsroom,82
https://www.lg.com/global/newsroom/news/corporate/lg-electronics-accelerates-growth-in-key-strategic-markets/,Global-site,Global Newsroom,82
https://www.lg.com/global/newsroom/news/home-appliance-solution/lg-electronics-presents-the-future-of-luxury-home-living-at-kbis-2026/,Global-site,Global Newsroom,75
https://www.lg.com/global/newsroom/b2b/product-and-solutions/lg-electronics-earns-ahri-performance-award-for-high-performance-hvac-solutions/,Global-site,Global Newsroom,76
https://www.lg.com/global/newsroom/news/eco-solution/lg-electronics-earns-ahri-performance-award-for-high-performance-hvac-solutions/,Global-site,Global Newsroom,86
https://www.lg.com/global/newsroom/news/home-appliance-solution/lg-electronics-to-showcase-expanded-sks-luxury-kitchen-and-laundry-appliance-lineup-at-kbis-2026/,Global-site,Global Newsroom,82
https://www.lg.com/global/newsroom/b2b/product-and-solutions/lg-electronics-debuts-lg-thinq-pro-for-north-american-b2b-customers-at-kbis-2026/,Global-site,Global Newsroom,76
https://www.lg.com/global/newsroom/news/home-appliance-solution/lg-electronics-debuts-lg-thinq-pro-for-north-american-b2b-customers-at-kbis-2026/,Global-site,Global Newsroom,86
https://www.lg.com/global/newsroom/news/media-entertainment-solution/lg-gallery-presents-digital-artwork-from-sedition-including-select-exclusive-pieces/,Global-site,Global Newsroom,86
https://www.lg.com/global/newsroom/news/eco-solution/lg-electronics-launches-new-essential-series-air-conditioners-for-indian-homes/,Global-site,Global Newsroom,82
https://www.lg.com/global/newsroom/b2b/product-and-solutions/lg-electronics-presents-b2b-customer-tailored-display-and-software-solutions-at-ise-2026/,Global-site,Global Newsroom,76
https://www.lg.com/global/newsroom/news/media-entertainment-solution/lg-electronics-presents-b2b-customer-tailored-display-and-software-solutions-at-ise-2026/,Global-site,Global Newsroom,86
https://www.lg.com/global/newsroom/b2b/product-and-solutions/lg-electronics-showcases-high-efficiency-hvac-and-core-component-solutions-at-ahr-expo-2026/,Global-site,Global Newsroom,76
https://www.lg.com/global/newsroom/news/eco-solution/lg-electronics-showcases-high-efficiency-hvac-and-core-component-solutions-at-ahr-expo-2026/,Global-site,Global Newsroom,82
https://www.lg.com/global/newsroom/news/corporate/lg-electronics-continues-technological-dominance-with-wide-range-of-awards-and-accolades-at-ces-2026/,Global-site,Global Newsroom,86
https://www.lg.com/global/newsroom/news/corporate/lg-electronics-releases-fourth-quarter-and-full-year-2025-financial-results/,Global-site,Global Newsroom,75
https://www.lg.com/global/newsroom/b2b/product-and-solutions/lg-electronics-to-unveil-next-generation-component-technologies-at-ahr-expo-2026/,Global-site,Global Newsroom,79
https://www.lg.com/global/newsroom/news/home-appliance-solution/lg-electronics-to-unveil-next-generation-component-technologies-at-ahr-expo-2026/,Global-site,Global Newsroom,86
https://www.lg.com/global/newsroom/b2b/product-and-solutions/lg-electronics-unveils-total-component-solutions-for-commercial-rooftop-systems-at-ahr-expo-2026/,Global-site,Global Newsroom,76
https://www.lg.com/global/newsroom/news/home-appliance-solution/lg-electronics-unveils-total-component-solutions-for-commercial-rooftop-systems-at-ahr-expo-2026/,Global-site,Global Newsroom,82
https://www.lg.com/global/newsroom/b2b/product-and-solutions/lg-electronics-unveils-new-lg-magnit-micro-led-display-at-ise-2026/,Global-site,Global Newsroom,79
https://www.lg.com/global/newsroom/news/media-entertainment-solution/lg-electronics-unveils-new-lg-magnit-micro-led-display-at-ise-2026/,Global-site,Global Newsroom,86
https://www.lg.com/global/newsroom/insights/executive-corner/executive-corner-when-displays-become-interfaces-pioneering-human-centered-experiences-in-the-sdv-era/,Global-site,Global Newsroom,82
https://www.lg.com/global/newsroom/news/corporate/lg-electronics-releases-preliminary-earnings-for-fourth-quarter-and-full-year-2025/,Global-site,Global Newsroom,82
https://www.lg.com/global/newsroom/news/corporate/lg-electronics-ceo-sets-strategic-direction-for-profit-driven-growth-prioritizing-speed-and-action/,Global-site,Global Newsroom,82
https://www.lg.com/global/newsroom/news/corporate/lg-electronics-showcases-affectionate-intelligence-in-action-at-ces-2026/,Global-site,Global Newsroom,82
https://www.lg.com/global/newsroom/news/corporate/lg-electronics-unveils-its-approach-to-ai-in-action/,Global-site,Global Newsroom,82
https://www.lg.com/global/newsroom/news/media-entertainment-solution/lg-electronics-announces-designed-for-lg-gaming-portal-certification-program-for-controllers/,Global-site,Global Newsroom,86
https://www.lg.com/global/newsroom/news/media-entertainment-solution/lg-electronics-unveils-the-wallpaper-tv-the-worlds-thinnest-true-wireless-oled-tv/,Global-site,Global Newsroom,86
https://www.lg.com/global/newsroom/news/home-appliance-solution/lg-electronics-presents-lg-cloid-home-robot-to-demonstrate-zero-labor-home-at-ces-2026/,Global-site,Global Newsroom,86
https://www.lg.com/global/newsroom/news/media-entertainment-solution/lg-electronics-introduces-2026-lg-gram-lineup-elevated-by-aerominum/,Global-site,Global Newsroom,86
https://www.lg.com/global/newsroom/news/media-entertainment-solution/lg-electronics-expands-xboom-by-will-i-am-lineup-for-every-lifes/,Global-site,Global Newsroom,71
https://www.lg.com/global/newsroom/news/corporate/lg-nova-unveils-next-generation-of-ai-first-ventures-at-ces-2026/,Global-site,Global Newsroom,82
https://www.lg.com/in/tvs/2022/,India,제품 상세 (PDP),72
https://www.lg.com/in/oled-tvs/2021/a7-ai-processor/,India,제품 상세 (PDP),65
https://www.lg.com/in/qned-tvs/2022/,India,제품 상세 (PDP),83
https://www.lg.com/in/lgoled2019/e9/,India,제품 상세 (PDP),61
https://www.lg.com/in/nanocell-tv/2021/a7-ai-processor/,India,제품 상세 (PDP),68
https://www.lg.com/in/tv-soundbars/4k-uhd-tvs/,India,제품 상세 (PDP),81
https://www.lg.com/in/tvs/2022/alpha7/,India,제품 상세 (PDP),66
https://www.lg.com/in/oled-tvs/2021/a9-ai-processor/,India,제품 상세 (PDP),62
https://www.lg.com/in/nanocell-tv/2021/a9-ai-processor/,India,제품 상세 (PDP),69
https://www.lg.com/in/tv-soundbars/4k-uhd-tvs/43nu870bpla/,India,제품 상세 (PDP),84
https://www.lg.com/in/tv-soundbars/4k-uhd-tvs/43nu875bpla/,India,제품 상세 (PDP),84
https://www.lg.com/in/tvs/alpha7-2019/,India,제품 상세 (PDP),68
https://www.lg.com/in/tv-soundbars/4k-uhd-tvs/43ua73506la/,India,제품 상세 (PDP),81
https://www.lg.com/in/tvs/alpha7-2020/,India,제품 상세 (PDP),68
https://www.lg.com/in/tv-soundbars/4k-uhd-tvs/43ua73806la/,India,제품 상세 (PDP),81
https://www.lg.com/in/tvs/alpha9-2019/,India,제품 상세 (PDP),68
https://www.lg.com/in/tv-soundbars/4k-uhd-tvs/43ua82006la/,India,제품 상세 (PDP),81
https://www.lg.com/in/tvs/alpha9-2020/,India,제품 상세 (PDP),68
https://www.lg.com/in/tv-soundbars/4k-uhd-tvs/43ua82506la/,India,제품 상세 (PDP),84
https://www.lg.com/in/tvs/alpha9-8k-2020/,India,제품 상세 (PDP),68
https://www.lg.com/in/tv-soundbars/4k-uhd-tvs/43ua83006la/,India,제품 상세 (PDP),81
https://www.lg.com/in/tvs/alpha9/,India,제품 상세 (PDP),65
https://www.lg.com/in/tv-soundbars/4k-uhd-tvs/43ua83506la/,India,제품 상세 (PDP),81
https://www.lg.com/in/tv-soundbars/4k-uhd-tvs/43uq7300pta/,India,제품 상세 (PDP),81
https://www.lg.com/in/tv-soundbars/4k-uhd-tvs/43uq7500psf/,India,제품 상세 (PDP),81
https://www.lg.com/in/tv-soundbars/4k-uhd-tvs/43uq7550psf/,India,제품 상세 (PDP),81
https://www.lg.com/in/tv-soundbars/4k-uhd-tvs/43ur75006lc/,India,제품 상세 (PDP),81
https://www.lg.com/in/tv-soundbars/4k-uhd-tvs/43ur7500psc/,India,제품 상세 (PDP),82
https://www.lg.com/in/tv-soundbars/4k-uhd-tvs/43ur75506lc/,India,제품 상세 (PDP),81
https://www.lg.com/in/tv-soundbars/4k-uhd-tvs/43ur7550psc/,India,제품 상세 (PDP),85
https://www.lg.com/in/tv-soundbars/4k-uhd-tvs/43ur7790psa/,India,제품 상세 (PDP),81
https://www.lg.com/in/tv-soundbars/4k-uhd-tvs/43ut73006la/,India,제품 상세 (PDP),84
https://www.lg.com/in/tv-soundbars/4k-uhd-tvs/43ut73506la/,India,제품 상세 (PDP),81
https://www.lg.com/in/tv-soundbars/4k-uhd-tvs/43ut73806la/,India,제품 상세 (PDP),81
https://www.lg.com/in/tv-soundbars/4k-uhd-tvs/43ut80406la/,India,제품 상세 (PDP),81
https://www.lg.com/in/tv-soundbars/4k-uhd-tvs/43ut80506la/,India,제품 상세 (PDP),82
https://www.lg.com/in/tv-soundbars/4k-uhd-tvs/43ut90406lb/,India,제품 상세 (PDP),81
https://www.lg.com/in/tv-soundbars/4k-uhd-tvs/43ut90506lb/,India,제품 상세 (PDP),81
https://www.lg.com/in/tv-soundbars/4k-uhd-tvs/50nu870bpla/,India,제품 상세 (PDP),84
https://www.lg.com/in/tv-soundbars/4k-uhd-tvs/50nu875bpla/,India,제품 상세 (PDP),84
https://www.lg.com/in/audio/bluetooth-speakers/xboom-bluetooth-speakers/bounce/,India,제품 상세 (PDP),83
https://www.lg.com/in/audio/bluetooth-speakers/xboom-bluetooth-speakers/grab/,India,제품 상세 (PDP),83
https://www.lg.com/in/audio/multi-media-speakers/lk72b/,India,제품 상세 (PDP),81
https://www.lg.com/in/audio/party-speaker-xboom/XL9T/,India,제품 상세 (PDP),78
https://www.lg.com/in/audio/party-speaker-xboom/ok55/,India,제품 상세 (PDP),77
https://www.lg.com/in/audio/party-speaker-xboom/ok75/,India,제품 상세 (PDP),77
https://www.lg.com/in/audio/party-speaker-xboom/ol100/,India,제품 상세 (PDP),77
https://www.lg.com/in/audio/party-speaker-xboom/ol45/,India,제품 상세 (PDP),77
https://www.lg.com/in/audio/party-speaker-xboom/on2d/,India,제품 상세 (PDP),81
https://www.lg.com/in/audio/party-speaker-xboom/rl2/,India,제품 상세 (PDP),81
https://www.lg.com/in/audio/party-speaker-xboom/rnc5-asq75tr/,India,제품 상세 (PDP),77
https://www.lg.com/in/audio/party-speaker-xboom/rnc5/,India,제품 상세 (PDP),75
https://www.lg.com/in/audio/party-speaker-xboom/rnc7-ds40t/,India,제품 상세 (PDP),77
https://www.lg.com/in/audio/party-speaker-xboom/rnc7/,India,제품 상세 (PDP),75
https://www.lg.com/in/audio/party-speaker-xboom/rnc9-as65tr/,India,제품 상세 (PDP),77
https://www.lg.com/in/audio/party-speaker-xboom/rnc9-asq70ty/,India,제품 상세 (PDP),76
https://www.lg.com/in/audio/party-speaker-xboom/rnc9/,India,제품 상세 (PDP),78
https://www.lg.com/in/audio/party-speaker-xboom/xg2tbk/,India,제품 상세 (PDP),81
https://www.lg.com/in/audio/party-speaker-xboom/xg8t/,India,제품 상세 (PDP),78
https://www.lg.com/in/audio/party-speaker-xboom/xl2s/,India,제품 상세 (PDP),78
https://www.lg.com/in/audio/party-speaker-xboom/xl5s/,India,제품 상세 (PDP),81
https://www.lg.com/in/audio/party-speaker-xboom/xl7s/,India,제품 상세 (PDP),84
https://www.lg.com/in/audio/party-speaker-xboom/xo2tbk/,India,제품 상세 (PDP),81
https://www.lg.com/in/audio/soundbars/S77TY/,India,제품 상세 (PDP),76
https://www.lg.com/in/audio/soundbars/s40q/,India,제품 상세 (PDP),81
https://www.lg.com/in/audio/soundbars/s40t-cindllk/,India,제품 상세 (PDP),81
https://www.lg.com/in/audio/soundbars/s40t/,India,제품 상세 (PDP),84
https://www.lg.com/in/audio/soundbars/s65tr/,India,제품 상세 (PDP),87
https://www.lg.com/in/audio/soundbars/s70tr/,India,제품 상세 (PDP),81
https://www.lg.com/in/audio/soundbars/s70ty-s/,India,제품 상세 (PDP),81
https://www.lg.com/in/audio/soundbars/s70ty/,India,제품 상세 (PDP),79
https://www.lg.com/in/audio/soundbars/s75q/,India,제품 상세 (PDP),78
https://www.lg.com/in/audio/soundbars/s90ty/,India,제품 상세 (PDP),81
https://www.lg.com/in/audio/soundbars/s95qr/,India,제품 상세 (PDP),81
https://www.lg.com/in/audio/soundbars/s95tr/,India,제품 상세 (PDP),84
https://www.lg.com/in/audio/soundbars/sc9s/,India,제품 상세 (PDP),84
https://www.lg.com/in/audio/soundbars/sf1a/,India,제품 상세 (PDP),77
https://www.lg.com/in/audio/soundbars/sg10ty/,India,제품 상세 (PDP),81
https://www.lg.com/in/audio/soundbars/sh7q/,India,제품 상세 (PDP),84
https://www.lg.com/in/audio/soundbars/sn4/,India,제품 상세 (PDP),81
https://www.lg.com/in/audio/soundbars/sn6y/,India,제품 상세 (PDP),76
https://www.lg.com/in/audio/soundbars/snc4r/,India,제품 상세 (PDP),77
https://www.lg.com/in/audio/soundbars/sp11ra/,India,제품 상세 (PDP),81
https://www.lg.com/in/audio/soundbars/sp8a/,India,제품 상세 (PDP),81
https://www.lg.com/in/audio/soundbars/spk8-s/,India,제품 상세 (PDP),81
https://www.lg.com/in/audio/soundbars/spt8-s/,India,제품 상세 (PDP),76
https://www.lg.com/in/audio/soundbars/spt8-sr/,India,제품 상세 (PDP),81
https://www.lg.com/in/audio/soundbars/sq70ty/,India,제품 상세 (PDP),79
https://www.lg.com/in/audio/soundbars/sq75tr/,India,제품 상세 (PDP),79
https://www.lg.com/in/monitors/ergo-monitors/32qp880n-b/,India,제품 상세 (PDP),81
https://www.lg.com/in/monitors/fhd-qhd/19m38ab-b/,India,제품 상세 (PDP),81
https://www.lg.com/in/monitors/fhd-qhd/19m38hb-b/,India,제품 상세 (PDP),81
https://www.lg.com/in/monitors/fhd-qhd/19m38lb-b/,India,제품 상세 (PDP),81
https://www.lg.com/in/monitors/fhd-qhd/20m39a-b/,India,제품 상세 (PDP),81
https://www.lg.com/in/monitors/fhd-qhd/20m39h-b/,India,제품 상세 (PDP),81
https://www.lg.com/in/monitors/fhd-qhd/20u401a-b/,India,제품 상세 (PDP),78
https://www.lg.com/in/monitors/fhd-qhd/22mk600m-b-monitor/,India,제품 상세 (PDP),81
https://www.lg.com/in/monitors/fhd-qhd/22mk600m-b/,India,제품 상세 (PDP),77
https://www.lg.com/in/monitors/fhd-qhd/22mp400-b/,India,제품 상세 (PDP),81
https://www.lg.com/in/monitors/fhd-qhd/22mp410-b/,India,제품 상세 (PDP),81
https://www.lg.com/in/monitors/fhd-qhd/22mp410-w/,India,제품 상세 (PDP),81
https://www.lg.com/in/monitors/fhd-qhd/22mp68vq-p/,India,제품 상세 (PDP),81
https://www.lg.com/in/monitors/fhd-qhd/22mr410-b/,India,제품 상세 (PDP),81
https://www.lg.com/in/monitors/fhd-qhd/22u401a-b/,India,제품 상세 (PDP),78
https://www.lg.com/in/monitors/fhd-qhd/24ba450-b/,India,제품 상세 (PDP),78
https://www.lg.com/in/monitors/fhd-qhd/24ba650-b/,India,제품 상세 (PDP),78
https://www.lg.com/in/monitors/fhd-qhd/24ba850-b/,India,제품 상세 (PDP),78
https://www.lg.com/in/monitors/fhd-qhd/24mk600m-w/,India,제품 상세 (PDP),81
https://www.lg.com/in/monitors/fhd-qhd/24ml600s-w/,India,제품 상세 (PDP),81
https://www.lg.com/in/monitors/fhd-qhd/24mp400-b-fhd-qhd-monitors/,India,제품 상세 (PDP),81
https://www.lg.com/in/monitors/fhd-qhd/24mp400-b/,India,제품 상세 (PDP),81
https://www.lg.com/in/monitors/fhd-qhd/24mp400-w/,India,제품 상세 (PDP),81
https://www.lg.com/in/monitors/fhd-qhd/24mp450-b/,India,제품 상세 (PDP),81
https://www.lg.com/in/monitors/fhd-qhd/24mp60g-b/,India,제품 상세 (PDP),81
https://www.lg.com/in/monitors/fhd-qhd/24mp88hv/,India,제품 상세 (PDP),84
https://www.lg.com/in/monitors/fhd-qhd/24mr400-b/,India,제품 상세 (PDP),81
https://www.lg.com/in/monitors/fhd-qhd/24ms550-b/,India,제품 상세 (PDP),81
https://www.lg.com/in/monitors/fhd-qhd/24qp550-b/,India,제품 상세 (PDP),81
https://www.lg.com/in/monitors/fhd-qhd/24qp750-b/,India,제품 상세 (PDP),81
https://www.lg.com/in/monitors/fhd-qhd/24sp410m/,India,제품 상세 (PDP),81
https://www.lg.com/in/monitors/fhd-qhd/24u411a-b/,India,제품 상세 (PDP),78
https://www.lg.com/in/monitors/fhd-qhd/24u631a-b/,India,제품 상세 (PDP),78
https://www.lg.com/in/monitors/fhd-qhd/25ms500-b/,India,제품 상세 (PDP),81
https://www.lg.com/in/monitors/fhd-qhd/27ba650-b/,India,제품 상세 (PDP),78
https://www.lg.com/in/monitors/fhd-qhd/27ba850-b/,India,제품 상세 (PDP),78
https://www.lg.com/in/monitors/fhd-qhd/27mk600m-w/,India,제품 상세 (PDP),77
https://www.lg.com/in/monitors/fhd-qhd/27ml600s-w/,India,제품 상세 (PDP),81
https://www.lg.com/in/monitors/fhd-qhd/27mp400-b/,India,제품 상세 (PDP),81
https://www.lg.com/in/monitors/fhd-qhd/27mp400-w/,India,제품 상세 (PDP),81
https://www.lg.com/in/monitors/fhd-qhd/27mp450-b/,India,제품 상세 (PDP),81
https://www.lg.com/in/monitors/fhd-qhd/27mr400-b/,India,제품 상세 (PDP),81
https://www.lg.com/in/monitors/fhd-qhd/27ms500-b/,India,제품 상세 (PDP),81
https://www.lg.com/in/monitors/fhd-qhd/27ms550-b/,India,제품 상세 (PDP),81
https://www.lg.com/in/monitors/fhd-qhd/27ms570b-b/,India,제품 상세 (PDP),78
https://www.lg.com/in/monitors/fhd-qhd/27qn600-b/,India,제품 상세 (PDP),81
https://www.lg.com/in/monitors/fhd-qhd/27qn850-b/,India,제품 상세 (PDP),81
https://www.lg.com/in/monitors/fhd-qhd/27qn880-b/,India,제품 상세 (PDP),81
https://www.lg.com/in/monitors/fhd-qhd/27u411a-b/,India,제품 상세 (PDP),78
https://www.lg.com/in/refrigerators/double-door-refrigerators/gl-b382cdsy/,India,제품 상세 (PDP),84
https://www.lg.com/in/refrigerators/double-door-refrigerators/gl-b382dpzx/,India,제품 상세 (PDP),84
https://www.lg.com/in/refrigerators/double-door-refrigerators/gl-b382ebmx/,India,제품 상세 (PDP),84
https://www.lg.com/in/refrigerators/double-door-refrigerators/gl-b382fptx/,India,제품 상세 (PDP),84
https://www.lg.com/in/refrigerators/double-door-refrigerators/gl-c322kpzy/,India,제품 상세 (PDP),87
https://www.lg.com/in/refrigerators/double-door-refrigerators/gl-i292rpzx/,India,제품 상세 (PDP),84
https://www.lg.com/in/refrigerators/double-door-refrigerators/gl-i292rpzy/,India,제품 상세 (PDP),84
https://www.lg.com/in/refrigerators/double-door-refrigerators/gl-n252ydsy/,India,제품 상세 (PDP),78
https://www.lg.com/in/refrigerators/double-door-refrigerators/gl-n252yoby/,India,제품 상세 (PDP),78
https://www.lg.com/in/refrigerators/double-door-refrigerators/gl-n262sdsx/,India,제품 상세 (PDP),87
https://www.lg.com/in/refrigerators/double-door-refrigerators/gl-n292bbcy/,India,제품 상세 (PDP),87
https://www.lg.com/in/refrigerators/double-door-refrigerators/gl-n292bdsy/,India,제품 상세 (PDP),87
https://www.lg.com/in/refrigerators/double-door-refrigerators/gl-n292bscy/,India,제품 상세 (PDP),87
https://www.lg.com/in/refrigerators/double-door-refrigerators/gl-n292ddsy/,India,제품 상세 (PDP),81
https://www.lg.com/in/refrigerators/double-door-refrigerators/gl-n292dpby/,India,제품 상세 (PDP),87
https://www.lg.com/in/refrigerators/double-door-refrigerators/gl-n292dpzy/,India,제품 상세 (PDP),87
https://www.lg.com/in/refrigerators/double-door-refrigerators/gl-n292rdsy/,India,제품 상세 (PDP),87
https://www.lg.com/in/refrigerators/double-door-refrigerators/gl-n312sdsy/,India,제품 상세 (PDP),87
https://www.lg.com/in/refrigerators/double-door-refrigerators/gl-n312spzy/,India,제품 상세 (PDP),87
https://www.lg.com/in/refrigerators/double-door-refrigerators/gl-n382sdsy/,India,제품 상세 (PDP),87
https://www.lg.com/in/refrigerators/double-door-refrigerators/gl-n412sdsy/,India,제품 상세 (PDP),83
https://www.lg.com/in/refrigerators/double-door-refrigerators/gl-n422sdsy-ds/,India,제품 상세 (PDP),87
https://www.lg.com/in/refrigerators/double-door-refrigerators/gl-n422sdsy/,India,제품 상세 (PDP),81
https://www.lg.com/in/refrigerators/double-door-refrigerators/gl-s262sdsx/,India,제품 상세 (PDP),82
https://www.lg.com/in/refrigerators/double-door-refrigerators/gl-s262selx/,India,제품 상세 (PDP),82
https://www.lg.com/in/refrigerators/double-door-refrigerators/gl-s262sesx/,India,제품 상세 (PDP),87
https://www.lg.com/in/refrigerators/double-door-refrigerators/gl-s262sfsx/,India,제품 상세 (PDP),87
https://www.lg.com/in/refrigerators/double-door-refrigerators/gl-s262spzx/,India,제품 상세 (PDP),87
https://www.lg.com/in/refrigerators/double-door-refrigerators/gl-s292rdsx/,India,제품 상세 (PDP),87
https://www.lg.com/in/refrigerators/double-door-refrigerators/gl-s292sbwy/,India,제품 상세 (PDP),87
https://www.lg.com/in/refrigerators/double-door-refrigerators/gl-s292spzy/,India,제품 상세 (PDP),87
https://www.lg.com/in/refrigerators/double-door-refrigerators/gl-s292srwy/,India,제품 상세 (PDP),87
https://www.lg.com/in/refrigerators/double-door-refrigerators/gl-s302spzy/,India,제품 상세 (PDP),87
https://www.lg.com/in/refrigerators/double-door-refrigerators/gl-s312sbey/,India,제품 상세 (PDP),83
https://www.lg.com/in/refrigerators/double-door-refrigerators/gl-s312scpy/,India,제품 상세 (PDP),87
https://www.lg.com/in/refrigerators/double-door-refrigerators/gl-s312segy/,India,제품 상세 (PDP),87
https://www.lg.com/in/refrigerators/double-door-refrigerators/gl-s312snby/,India,제품 상세 (PDP),87
https://www.lg.com/in/refrigerators/double-door-refrigerators/gl-s312spzx/,India,제품 상세 (PDP),87
https://www.lg.com/in/refrigerators/double-door-refrigerators/gl-s312spzy/,India,제품 상세 (PDP),87
https://www.lg.com/in/refrigerators/double-door-refrigerators/gl-s312ssey/,India,제품 상세 (PDP),83
https://www.lg.com/in/refrigerators/double-door-refrigerators/gl-s322sesy/,India,제품 상세 (PDP),87
https://www.lg.com/in/refrigerators/double-door-refrigerators/gl-s342sdsx/,India,제품 상세 (PDP),87
https://www.lg.com/in/laundry/dryers/dhv09sab/,India,제품 상세 (PDP),84
https://www.lg.com/in/dishwasher/dfb335hm/,India,제품 상세 (PDP),84
https://www.lg.com/in/commercial-washing-machines/commercial-dryer/cdt29cuoes/,India,제품 상세 (PDP),81
https://www.lg.com/in/laundry/dryers/dhv09sam/,India,제품 상세 (PDP),84
https://www.lg.com/in/dishwasher/dfb424fm/,India,제품 상세 (PDP),84
https://www.lg.com/in/commercial-washing-machines/commercial-dryer/rn1329an7s/,India,제품 상세 (PDP),81
https://www.lg.com/in/laundry/front-loading-washing-machines/fhb1207z2m/,India,제품 상세 (PDP),82
https://www.lg.com/in/dishwasher/dfb424fp/,India,제품 상세 (PDP),87
https://www.lg.com/in/commercial-washing-machines/commercial-dryer/rn1840cd7/,India,제품 상세 (PDP),81
https://www.lg.com/in/laundry/front-loading-washing-machines/fhb1207z2ma/,India,제품 상세 (PDP),87
https://www.lg.com/in/dishwasher/dfb435fm/,India,제품 상세 (PDP),84
https://www.lg.com/in/commercial-washing-machines/commercial-dryer/rv1329c7t/,India,제품 상세 (PDP),81
https://www.lg.com/in/laundry/front-loading-washing-machines/fhb1207z2w/,India,제품 상세 (PDP),87
https://www.lg.com/in/dishwasher/dfb435fv/,India,제품 상세 (PDP),84
https://www.lg.com/in/commercial-washing-machines/commercial-dryer/rv1840cd7/,India,제품 상세 (PDP),81
https://www.lg.com/in/laundry/front-loading-washing-machines/fhb1207z4m/,India,제품 상세 (PDP),87
https://www.lg.com/in/dishwasher/dfb512fp/,India,제품 상세 (PDP),84
https://www.lg.com/in/commercial-washing-machines/commercial-washer/cwg27mdohs/,India,제품 상세 (PDP),81
https://www.lg.com/in/laundry/front-loading-washing-machines/fhb1208z2m/,India,제품 상세 (PDP),87
https://www.lg.com/in/dishwasher/dfb532fp/,India,제품 상세 (PDP),87
https://www.lg.com/in/commercial-washing-machines/commercial-washer/cwt29cdohs/,India,제품 상세 (PDP),81
https://www.lg.com/in/laundry/front-loading-washing-machines/fhb1208z4m/,India,제품 상세 (PDP),87
https://www.lg.com/in/commercial-washing-machines/commercial-washer/cwt29mdohs/,India,제품 상세 (PDP),78
https://www.lg.com/in/laundry/front-loading-washing-machines/fhb1208z4p/,India,제품 상세 (PDP),87
https://www.lg.com/in/laundry/front-loading-washing-machines/fhb1209z2m/,India,제품 상세 (PDP),87
https://www.lg.com/in/laundry/front-loading-washing-machines/fhb1209z4b/,India,제품 상세 (PDP),87
https://www.lg.com/in/laundry/front-loading-washing-machines/fhb1209z4m/,India,제품 상세 (PDP),87
https://www.lg.com/in/laundry/front-loading-washing-machines/fhb1209z4p/,India,제품 상세 (PDP),87
https://www.lg.com/in/laundry/front-loading-washing-machines/fhp1208a5m/,India,제품 상세 (PDP),87
https://www.lg.com/in/laundry/front-loading-washing-machines/fhp1208z5m/,India,제품 상세 (PDP),87
https://www.lg.com/in/laundry/front-loading-washing-machines/fhp1209z5m/,India,제품 상세 (PDP),87
https://www.lg.com/in/laundry/front-loading-washing-machines/fhp1209z7p/,India,제품 상세 (PDP),87
https://www.lg.com/in/laundry/front-loading-washing-machines/fhp1209z9b/,India,제품 상세 (PDP),87
https://www.lg.com/in/laundry/front-loading-washing-machines/fhp1210z3o/,India,제품 상세 (PDP),84
https://www.lg.com/in/laundry/front-loading-washing-machines/fhp1210z6o/,India,제품 상세 (PDP),87
https://www.lg.com/in/laundry/front-loading-washing-machines/fhp1410z3m/,India,제품 상세 (PDP),87
https://www.lg.com/in/laundry/front-loading-washing-machines/fhp1410z5m/,India,제품 상세 (PDP),87
https://www.lg.com/in/laundry/front-loading-washing-machines/fhp1410z7p/,India,제품 상세 (PDP),87
https://www.lg.com/in/laundry/front-loading-washing-machines/fhp1411z9b/,India,제품 상세 (PDP),84
https://www.lg.com/in/laundry/front-loading-washing-machines/fhp1411z9p/,India,제품 상세 (PDP),82
https://www.lg.com/in/laundry/front-loading-washing-machines/fhp1412z3o/,India,제품 상세 (PDP),87
https://www.lg.com/in/laundry/front-loading-washing-machines/fhp1412z5o/,India,제품 상세 (PDP),87
https://www.lg.com/in/laundry/front-loading-washing-machines/fhp1412z9b/,India,제품 상세 (PDP),87
https://www.lg.com/in/laundry/front-loading-washing-machines/fhp1413z7m/,India,제품 상세 (PDP),87
https://www.lg.com/in/laundry/front-loading-washing-machines/fhv1409z2m/,India,제품 상세 (PDP),87
https://www.lg.com/in/air-conditioners/split-air-conditioners/as-h19bnxe/,India,제품 상세 (PDP),84
https://www.lg.com/in/air-conditioners/split-air-conditioners/as-h19vnxe/,India,제품 상세 (PDP),84
https://www.lg.com/in/air-conditioners/split-air-conditioners/as-q11fnve/,India,제품 상세 (PDP),84
https://www.lg.com/in/air-conditioners/split-air-conditioners/as-q12cnxe/,India,제품 상세 (PDP),84
https://www.lg.com/in/air-conditioners/split-air-conditioners/as-q12ynxe/,India,제품 상세 (PDP),84
https://www.lg.com/in/air-conditioners/split-air-conditioners/as-q13jnye/,India,제품 상세 (PDP),84
https://www.lg.com/in/air-conditioners/split-air-conditioners/as-q14anze-p/,India,제품 상세 (PDP),79
https://www.lg.com/in/air-conditioners/split-air-conditioners/as-q14enze-p/,India,제품 상세 (PDP),79
https://www.lg.com/in/air-conditioners/split-air-conditioners/as-q18anxe-n/,India,제품 상세 (PDP),84
https://www.lg.com/in/air-conditioners/split-air-conditioners/as-q18anxe/,India,제품 상세 (PDP),84
https://www.lg.com/in/air-conditioners/split-air-conditioners/as-q18cwxe/,India,제품 상세 (PDP),84
https://www.lg.com/in/air-conditioners/split-air-conditioners/as-q18dnxe-n/,India,제품 상세 (PDP),81
https://www.lg.com/in/air-conditioners/split-air-conditioners/as-q18dnxe/,India,제품 상세 (PDP),81
https://www.lg.com/in/air-conditioners/split-air-conditioners/as-q18hwxe/,India,제품 상세 (PDP),84
https://www.lg.com/in/air-conditioners/split-air-conditioners/as-q18jnxe/,India,제품 상세 (PDP),84
https://www.lg.com/in/air-conditioners/split-air-conditioners/as-q18jnxe1/,India,제품 상세 (PDP),84
https://www.lg.com/in/air-conditioners/split-air-conditioners/as-q18lnxe-n/,India,제품 상세 (PDP),84
https://www.lg.com/in/air-conditioners/split-air-conditioners/as-q18tnxe-n/,India,제품 상세 (PDP),81
https://www.lg.com/in/air-conditioners/split-air-conditioners/as-q18tnxe1/,India,제품 상세 (PDP),84
https://www.lg.com/in/air-conditioners/split-air-conditioners/as-q18ynxe-n/,India,제품 상세 (PDP),84
https://www.lg.com/in/air-conditioners/split-air-conditioners/as-q18znxe-n/,India,제품 상세 (PDP),81
https://www.lg.com/in/air-care/air-purifiers/as10gdby0/,India,제품 상세 (PDP),81
https://www.lg.com/in/air-care/air-purifiers/as55ggwx0/,India,제품 상세 (PDP),84
https://www.lg.com/in/air-care/air-purifiers/as60gdwt0/,India,제품 상세 (PDP),84
https://www.lg.com/in/air-care/air-purifiers/as60ghwg0/,India,제품 상세 (PDP),84
https://www.lg.com/in/microwave-ovens/charcoal-convection-microwave/mj2886bwum/,India,제품 상세 (PDP),84
https://www.lg.com/in/microwave-ovens/charcoal-convection-microwave/mj2887bfum/,India,제품 상세 (PDP),84
https://www.lg.com/in/microwave-ovens/charcoal-convection-microwave/mj2887bhtm/,India,제품 상세 (PDP),81
https://www.lg.com/in/microwave-ovens/charcoal-convection-microwave/mj2887bium/,India,제품 상세 (PDP),81
https://www.lg.com/in/microwave-ovens/charcoal-convection-microwave/mj2887bwum/,India,제품 상세 (PDP),84
https://www.lg.com/in/microwave-ovens/charcoal-convection-microwave/mjen286uf/,India,제품 상세 (PDP),84
https://www.lg.com/in/microwave-ovens/charcoal-convection-microwave/mjen286ui/,India,제품 상세 (PDP),84
https://www.lg.com/in/microwave-ovens/charcoal-convection-microwave/mjen326sf/,India,제품 상세 (PDP),81
https://www.lg.com/in/microwave-ovens/charcoal-convection-microwave/mjen326uh/,India,제품 상세 (PDP),81
https://www.lg.com/in/microwave-ovens/charcoal-convection-microwave/mjen326ul/,India,제품 상세 (PDP),84
https://www.lg.com/in/microwave-ovens/convection-microwave/mc2146bg/,India,제품 상세 (PDP),77
https://www.lg.com/in/microwave-ovens/convection-microwave/mc2146bht/,India,제품 상세 (PDP),81
https://www.lg.com/in/microwave-ovens/convection-microwave/mc2146bl/,India,제품 상세 (PDP),81
https://www.lg.com/in/microwave-ovens/convection-microwave/mc2146br/,India,제품 상세 (PDP),81
https://www.lg.com/in/microwave-ovens/convection-microwave/mc2146bv/,India,제품 상세 (PDP),84
https://www.lg.com/in/microwave-ovens/convection-microwave/mc2846bd/,India,제품 상세 (PDP),84
https://www.lg.com/in/microwave-ovens/convection-microwave/mc2846bg/,India,제품 상세 (PDP),81
https://www.lg.com/in/microwave-ovens/convection-microwave/mc2846br/,India,제품 상세 (PDP),76
https://www.lg.com/in/microwave-ovens/convection-microwave/mc2846bv/,India,제품 상세 (PDP),79
https://www.lg.com/in/microwave-ovens/convection-microwave/mc2846sl/,India,제품 상세 (PDP),81
https://www.lg.com/in/microwave-ovens/convection-microwave/mc2886bht/,India,제품 상세 (PDP),84
https://www.lg.com/in/microwave-ovens/convection-microwave/mc2886bhtm/,India,제품 상세 (PDP),77
https://www.lg.com/in/microwave-ovens/convection-microwave/mc2886bpum/,India,제품 상세 (PDP),81
https://www.lg.com/in/microwave-ovens/convection-microwave/mc2886brum/,India,제품 상세 (PDP),84
https://www.lg.com/in/microwave-ovens/convection-microwave/mc2886sfu/,India,제품 상세 (PDP),81
https://www.lg.com/in/microwave-ovens/convection-microwave/mc2887bfum/,India,제품 상세 (PDP),84
https://www.lg.com/in/microwave-ovens/convection-microwave/mc2887bium/,India,제품 상세 (PDP),84
https://www.lg.com/in/microwave-ovens/convection-microwave/mc3286bium/,India,제품 상세 (PDP),84
https://www.lg.com/in/microwave-ovens/convection-microwave/mc3286blu/,India,제품 상세 (PDP),84
https://www.lg.com/in/microwave-ovens/convection-microwave/mc3286brum/,India,제품 상세 (PDP),84
https://www.lg.com/in/microwave-ovens/convertible-oven/mjen286ubwf/,India,제품 상세 (PDP),84
https://www.lg.com/in/microwave-ovens/convertible-oven/mjen286ufwf/,India,제품 상세 (PDP),84
https://www.lg.com/in/microwave-ovens/convertible-oven/mjen286ugwf/,India,제품 상세 (PDP),84
https://www.lg.com/in/microwave-ovens/convertible-oven/mjen286uhwf/,India,제품 상세 (PDP),84
https://www.lg.com/in/microwave-ovens/convertible-oven/mjen286ujwf/,India,제품 상세 (PDP),84
https://www.lg.com/in/microwave-ovens/convertible-oven/mjen326uhwf/,India,제품 상세 (PDP),84
https://www.lg.com/in/microwave-ovens/convertible-oven/mjen326ulwf/,India,제품 상세 (PDP),84
https://www.lg.com/in/microwave-ovens/grill-solo-microwave/mh2044bp/,India,제품 상세 (PDP),84
https://www.lg.com/in/microwave-ovens/grill-solo-microwave/mh2044db/,India,제품 상세 (PDP),84
https://www.lg.com/in/microwave-ovens/grill-solo-microwave/ms2043bp/,India,제품 상세 (PDP),81
https://www.lg.com/in/microwave-ovens/grill-solo-microwave/ms2043br/,India,제품 상세 (PDP),84
https://www.lg.com/in/microwave-ovens/grill-solo-microwave/ms2043db/,India,제품 상세 (PDP),84
https://www.lg.com/in/microwave-ovens/grill-solo-microwave/ms3032bk/,India,제품 상세 (PDP),84
https://www.lg.com/in/microwave-ovens/wifi-enabled-charcoal-convection-microwave/mjen286ubw/,India,제품 상세 (PDP),84
https://www.lg.com/in/microwave-ovens/wifi-enabled-charcoal-convection-microwave/mjen286ufw/,India,제품 상세 (PDP),84
https://www.lg.com/in/microwave-ovens/wifi-enabled-charcoal-convection-microwave/mjen286uh/,India,제품 상세 (PDP),84
https://www.lg.com/in/microwave-ovens/wifi-enabled-charcoal-convection-microwave/mjen286uhw/,India,제품 상세 (PDP),84
https://www.lg.com/in/microwave-ovens/wifi-enabled-charcoal-convection-microwave/mjen286uiw/,India,제품 상세 (PDP),84
https://www.lg.com/in/microwave-ovens/wifi-enabled-charcoal-convection-microwave/mjen286vi/,India,제품 상세 (PDP),84
https://www.lg.com/in/microwave-ovens/wifi-enabled-charcoal-convection-microwave/mjen326pk/,India,제품 상세 (PDP),81
https://www.lg.com/in/appliance-accessories/aaa77944201/,India,제품 상세 (PDP),77
https://www.lg.com/in/computer-accessories/eg800bw/,India,제품 상세 (PDP),81
https://www.lg.com/in/laptop/16mq70-gram/,India,제품 상세 (PDP),81
https://www.lg.com/in/laundry/front-loading-washing-machines/fhv1409z4m/,India,제품 상세 (PDP),87
https://www.lg.com/in/lg-best-care/bright-care/ileac12c250700001/,India,제품 상세 (PDP),77
https://www.lg.com/in/lifestyle-screens/42lx3qpsa/,India,제품 상세 (PDP),72
https://www.lg.com/in/linearcooling/7in1/,India,제품 상세 (PDP),58
https://www.lg.com/in/microwave-ovens/wifi-enabled-charcoal-convection-microwave/mjen326pkw/,India,제품 상세 (PDP),84
https://www.lg.com/in/monitors/fhd-qhd/27u631a-b/,India,제품 상세 (PDP),78
https://www.lg.com/in/projectors/home-cinema-projectors/au810pw/,India,제품 상세 (PDP),81
https://www.lg.com/in/refrigerators/double-door-refrigerators/gl-s342spzy/,India,제품 상세 (PDP),87
https://www.lg.com/in/tv-soundbars/4k-uhd-tvs/50ua82006la/,India,제품 상세 (PDP),81
https://www.lg.com/in/appliance-accessories/aap75494601/,India,제품 상세 (PDP),77
https://www.lg.com/in/care-accessories/air-conditioners/others/aaa74921612/,India,제품 상세 (PDP),77
https://www.lg.com/in/computer-accessories/msa2/,India,제품 상세 (PDP),77
https://www.lg.com/in/laptop/gram/14z90r-g-cp54a2/,India,제품 상세 (PDP),78
https://www.lg.com/in/laundry/front-loading-washing-machines/fx1412a5ed/,India,제품 상세 (PDP),84
https://www.lg.com/in/lg-best-care/bright-care/ileac12c250700002/,India,제품 상세 (PDP),77
https://www.lg.com/in/microwave-ovens/wifi-enabled-charcoal-convection-microwave/mjen326sbw/,India,제품 상세 (PDP),84
https://www.lg.com/in/monitors/fhd-qhd/32mp60g-b/,India,제품 상세 (PDP),81
https://www.lg.com/in/projectors/home-cinema-projectors/bf50nst/,India,제품 상세 (PDP),78
https://www.lg.com/in/refrigerators/double-door-refrigerators/gl-s342susy/,India,제품 상세 (PDP),87
https://www.lg.com/in/tv-soundbars/4k-uhd-tvs/50ua82506la/,India,제품 상세 (PDP),81
https://www.lg.com/in/water-purifiers/ww120nnc/,India,제품 상세 (PDP),87
https://www.lg.com/in/appliance-accessories/agm30051501/,India,제품 상세 (PDP),77
https://www.lg.com/in/care-accessories/air-conditioners/others/cls30099501/,India,제품 상세 (PDP),77
https://www.lg.com/in/computer-accessories/ugp90hb-b/,India,제품 상세 (PDP),79
https://www.lg.com/in/laptop/gram/14z90r-g-cp75a2/,India,제품 상세 (PDP),78
https://www.lg.com/in/laundry/front-loading-washing-machines/fx1412a9g/,India,제품 상세 (PDP),84
https://www.lg.com/in/lg-best-care/bright-care/ileac12c260300006/,India,제품 상세 (PDP),77
https://www.lg.com/in/microwave-ovens/wifi-enabled-charcoal-convection-microwave/mjen326sfw/,India,제품 상세 (PDP),84
https://www.lg.com/in/monitors/fhd-qhd/32mr50c-b/,India,제품 상세 (PDP),81
https://www.lg.com/in/projectors/home-cinema-projectors/bf50rg/,India,제품 상세 (PDP),81
https://www.lg.com/in/refrigerators/double-door-refrigerators/gl-s382sbmy/,India,제품 상세 (PDP),87
https://www.lg.com/in/tv-soundbars/4k-uhd-tvs/50ua83006la/,India,제품 상세 (PDP),81
https://www.lg.com/in/water-purifiers/ww130np/,India,제품 상세 (PDP),84
https://www.lg.com/in/appliance-accessories/akb74955624/,India,제품 상세 (PDP),78
https://www.lg.com/in/care-accessories/air-conditioners/others/cls31020007/,India,제품 상세 (PDP),74
https://www.lg.com/in/laptop/gram/16z90r-g-cp75a2/,India,제품 상세 (PDP),78
https://www.lg.com/in/laundry/front-loading-washing-machines/fx1412a9k/,India,제품 상세 (PDP),84
https://www.lg.com/in/lg-best-care/bright-care/ileac12c260300007/,India,제품 상세 (PDP),74
https://www.lg.com/in/microwave-ovens/wifi-enabled-charcoal-convection-microwave/mjen326uhw/,India,제품 상세 (PDP),84
https://www.lg.com/in/monitors/fhd-qhd/32qn600-b/,India,제품 상세 (PDP),81
https://www.lg.com/in/projectors/home-cinema-projectors/bf60pst/,India,제품 상세 (PDP),78
https://www.lg.com/in/refrigerators/double-door-refrigerators/gl-s382sdsx/,India,제품 상세 (PDP),87
https://www.lg.com/in/tv-soundbars/4k-uhd-tvs/50ua83506la/,India,제품 상세 (PDP),81
https://www.lg.com/in/water-purifiers/ww131nf/,India,제품 상세 (PDP),87
https://www.lg.com/in/appliance-accessories/cls31460003/,India,제품 상세 (PDP),77
https://www.lg.com/in/care-accessories/air-conditioners/others/cls32182901/,India,제품 상세 (PDP),77
https://www.lg.com/in/laundry/front-loading-washing-machines/fx1412n3o/,India,제품 상세 (PDP),84
https://www.lg.com/in/lg-best-care/bright-care/ilerf12c250700001/,India,제품 상세 (PDP),77
https://www.lg.com/in/monitors/fhd-qhd/32qn650-b/,India,제품 상세 (PDP),81
https://www.lg.com/in/projectors/home-cinema-projectors/bf60rg/,India,제품 상세 (PDP),81
https://www.lg.com/in/refrigerators/double-door-refrigerators/gl-s382sesy/,India,제품 상세 (PDP),87
https://www.lg.com/in/tv-soundbars/4k-uhd-tvs/50ur75006lc/,India,제품 상세 (PDP),81
https://www.lg.com/in/water-purifiers/ww131np-new/,India,제품 상세 (PDP),87
https://www.lg.com/in/air-conditioners/split-air-conditioners/as-q19bnze1/,India,제품 상세 (PDP),81
https://www.lg.com/in/appliance-accessories/cls31460005/,India,제품 상세 (PDP),74
https://www.lg.com/in/care-accessories/air-conditioners/others/cls32187101/,India,제품 상세 (PDP),77
https://www.lg.com/in/laundry/front-loading-washing-machines/fx1412n5o/,India,제품 상세 (PDP),84
https://www.lg.com/in/lg-best-care/bright-care/ilerf12c250700003/,India,제품 상세 (PDP),77
https://www.lg.com/in/microwave-ovens/wifi-enabled-charcoal-convection-microwave/mjen326ulw/,India,제품 상세 (PDP),84
https://www.lg.com/in/monitors/fhd-qhd/32qp880n-b/,India,제품 상세 (PDP),81
https://www.lg.com/in/projectors/home-cinema-projectors/bu50nst/,India,제품 상세 (PDP),81
https://www.lg.com/in/refrigerators/double-door-refrigerators/gl-s382spzy/,India,제품 상세 (PDP),87
https://www.lg.com/in/tv-soundbars/4k-uhd-tvs/50ur7500psc/,India,제품 상세 (PDP),82
https://www.lg.com/in/water-purifiers/ww131np/,India,제품 상세 (PDP),87
https://www.lg.com/in/air-conditioners/split-air-conditioners/as-q19cnxe-n/,India,제품 상세 (PDP),84
https://www.lg.com/in/appliance-accessories/cls31460006/,India,제품 상세 (PDP),84
https://www.lg.com/in/care-accessories/air-conditioners/remote-controller/akb72955815/,India,제품 상세 (PDP),77
https://www.lg.com/in/laundry/front-loading-washing-machines/fx1412n9k/,India,제품 상세 (PDP),84
https://www.lg.com/in/lg-best-care/bright-care/ilerf12c250700005/,India,제품 상세 (PDP),77
https://www.lg.com/in/monitors/fhd-qhd/32u631a-b/,India,제품 상세 (PDP),78
https://www.lg.com/in/projectors/home-cinema-projectors/bu50rg/,India,제품 상세 (PDP),81
https://www.lg.com/in/refrigerators/double-door-refrigerators/gl-s382susy/,India,제품 상세 (PDP),87
https://www.lg.com/in/tv-soundbars/4k-uhd-tvs/50ur75506lc/,India,제품 상세 (PDP),81
https://www.lg.com/in/water-purifiers/ww132nf/,India,제품 상세 (PDP),87
https://www.lg.com/in/appliance-accessories/cls31800202/,India,제품 상세 (PDP),77
https://www.lg.com/in/care-accessories/air-conditioners/remote-controller/akb73315616/,India,제품 상세 (PDP),77
https://www.lg.com/in/laundry/front-loading-washing-machines/fx1412n9s/,India,제품 상세 (PDP),84
https://www.lg.com/in/lg-best-care/bright-care/ilerf12c250700007/,India,제품 상세 (PDP),77
https://www.lg.com/in/monitors/gaming/24g411a-b/,India,제품 상세 (PDP),78
https://www.lg.com/in/projectors/home-cinema-projectors/bu53pst/,India,제품 상세 (PDP),79
https://www.lg.com/in/refrigerators/double-door-refrigerators/gl-s412sesy-es/,India,제품 상세 (PDP),87
https://www.lg.com/in/tv-soundbars/4k-uhd-tvs/50ur7550psc/,India,제품 상세 (PDP),82
https://www.lg.com/in/water-purifiers/ww132np-new/,India,제품 상세 (PDP),87
https://www.lg.com/in/appliance-accessories/cls32170401/,India,제품 상세 (PDP),76
https://www.lg.com/in/care-accessories/air-conditioners/remote-controller/akb73355722/,India,제품 상세 (PDP),77
https://www.lg.com/in/laundry/front-loading-washing-machines/fx62515b9e/,India,제품 상세 (PDP),84
https://www.lg.com/in/lg-best-care/bright-care/ilewm12c250700001/,India,제품 상세 (PDP),77
https://www.lg.com/in/monitors/gaming/24g411b-b/,India,제품 상세 (PDP),78
https://www.lg.com/in/projectors/home-cinema-projectors/bu53rg/,India,제품 상세 (PDP),81
https://www.lg.com/in/refrigerators/double-door-refrigerators/gl-s412spzx/,India,제품 상세 (PDP),87
https://www.lg.com/in/tv-soundbars/4k-uhd-tvs/50ut80406la/,India,제품 상세 (PDP),81
https://www.lg.com/in/water-purifiers/ww136rpnb-new/,India,제품 상세 (PDP),87
https://www.lg.com/in/appliance-accessories/cls32171401/,India,제품 상세 (PDP),77
https://www.lg.com/in/care-accessories/air-conditioners/remote-controller/akb73598011/,India,제품 상세 (PDP),74
https://www.lg.com/in/laundry/semi-automatic-washing-machines/p1040rgaz/,India,제품 상세 (PDP),84
https://www.lg.com/in/lg-best-care/bright-care/ilewm12c250700002/,India,제품 상세 (PDP),77
https://www.lg.com/in/monitors/gaming/24gn60r-b/,India,제품 상세 (PDP),81
https://www.lg.com/in/projectors/home-cinema-projectors/bu60pst/,India,제품 상세 (PDP),78
https://www.lg.com/in/refrigerators/double-door-refrigerators/gl-s412spzy-pz/,India,제품 상세 (PDP),87
https://www.lg.com/in/tv-soundbars/4k-uhd-tvs/50ut80506la/,India,제품 상세 (PDP),82
https://www.lg.com/in/water-purifiers/ww136rpnb/,India,제품 상세 (PDP),87
https://www.lg.com/in/air-conditioners/split-air-conditioners/as-q19cwze1/,India,제품 상세 (PDP),81
https://www.lg.com/in/appliance-accessories/cls32171402/,India,제품 상세 (PDP),77
https://www.lg.com/in/care-accessories/air-conditioners/remote-controller/akb73795706/,India,제품 상세 (PDP),77
https://www.lg.com/in/laundry/semi-automatic-washing-machines/p105asraz/,India,제품 상세 (PDP),84
https://www.lg.com/in/lg-best-care/bright-care/ilewm12c250700003/,India,제품 상세 (PDP),77
https://www.lg.com/in/monitors/gaming/24gn65r-b/,India,제품 상세 (PDP),78
https://www.lg.com/in/projectors/home-cinema-projectors/bu60rg/,India,제품 상세 (PDP),81
https://www.lg.com/in/refrigerators/double-door-refrigerators/gl-s412susy-us/,India,제품 상세 (PDP),87
https://www.lg.com/in/refrigerators/chest-freezer/cxh8r24a1sk/,India,제품 상세 (PDP),81
https://www.lg.com/in/refrigerators/chest-freezer/cxh2u13a1pa/,India,제품 상세 (PDP),81
https://www.lg.com/in/audio/soundbars/s40tr/,India,제품 상세 (PDP),84
https://www.lg.com/in/refrigerators/chest-freezer/cxh5p14a1pa/,India,제품 상세 (PDP),81
https://www.lg.com/in/refrigerators/double-door-refrigerators/gl-i292rpzx-n/,India,제품 상세 (PDP),88
https://www.lg.com/in/care-accessories/air-conditioners/filter/5230a30017d/,India,제품 상세 (PDP),81
https://www.lg.com/in/refrigerators/chest-freezer/cxheq25a1pa/,India,제품 상세 (PDP),81
https://www.lg.com/in/refrigerators/double-door-refrigerators/gl-s292spzy-n/,India,제품 상세 (PDP),90
https://www.lg.com/in/refrigerators/chest-freezer/cxh8r25a1pa/,India,제품 상세 (PDP),81
https://www.lg.com/in/refrigerators/chest-freezer/cxheq24a1sk/,India,제품 상세 (PDP),81
https://www.lg.com/in/air-conditioners/ac-tips/air-conditioner-buying-guide/,India,구매 가이드,57
https://www.lg.com/in/air-conditioners/rac-product-buying-guide/,India,구매 가이드,73
https://www.lg.com/in/laundry/laundry-tips/lg-washing-machine-buying-guide/,India,구매 가이드,77
https://www.lg.com/in/magazine/gaming-monitor-buying-guide/,India,구매 가이드,79
https://www.lg.com/in/microsite-article/ms/it/monitor/ultragear-buying-guide/,India,구매 가이드,71
https://www.lg.com/in/qned-tvs/2021/qned-buying-guide/,India,구매 가이드,67
https://www.lg.com/in/tv-soundbars/tv-buying-guide/,India,구매 가이드,68
https://www.lg.com/in/tv-soundbars/tv-buying-guide/gaming-tv/,India,구매 가이드,68
https://www.lg.com/in/tv-soundbars/tv-buying-guide/home-cinema/,India,구매 가이드,71
https://www.lg.com/in/tv-soundbars/tv-buying-guide/sport-tv/,India,구매 가이드,68
https://www.lg.com/in/tv-soundbars/tv-buying-guide/tv-size/,India,구매 가이드,68
https://www.lg.com/in/tv-soundbars/tv-buying-guide/tv-technology/what-is-4k-tv/,India,구매 가이드,71
https://www.lg.com/in/tv-soundbars/tv-buying-guide/what-is-a-smart-tv-ai-tv/,India,구매 가이드,65
https://www.lg.com/in/washing-machine-buying-guide/,India,구매 가이드,63
https://www.lg.com/in/magazine/ultimate-computer-monitor-buying-guide/,India,구매 가이드,80
https://www.lg.com/in/catalogue/best-care-amc-pdf/,India,Microsite,70
https://www.lg.com/in/laundry/top-loading-washing-machines/,India,Microsite,83
https://www.lg.com/in/laundry/top-loading-washing-machines/thd09spm/,India,Microsite,86
https://www.lg.com/in/lg-magazine/how-lg-old-tv-promises-to-redefine-your-home-entertainment-experience/,India,Microsite,79
https://www.lg.com/in/magazine/best-home-appliances-gifts-for-mothers-day/,India,Microsite,76
https://www.lg.com/in/magazine/best-lg-frost-free-double-door-refrigerators-of-2026/,India,Microsite,83
https://www.lg.com/in/magazine/best-lg-top-load-washing-machines-in-india/,India,Microsite,79
https://www.lg.com/in/magazine/best-monitor-for-work-from-home-setups/,India,Microsite,86
https://www.lg.com/in/magazine/best-oled-tvs-and-enhance-your-watching-experience/,India,Microsite,72
https://www.lg.com/in/magazine/best-side-by-side-refrigerators-in-india/,India,Microsite,79
https://www.lg.com/in/magazine/best-tvs-for-streaming-ott-content-in-india/,India,Microsite,83
https://www.lg.com/in/magazine/best-washing-machine-capacity-for-families-of-3-4-or-6/,India,Microsite,86
https://www.lg.com/in/magazine/curved-vs-flat-monitors-for-gaming-which-one-is-best-for-you/,India,Microsite,79
https://www.lg.com/in/magazine/front-load-vs-topload-washing-machines-which-is-right-for-you/,India,Microsite,79
https://www.lg.com/in/magazine/fully-automatic-vs-semi-automatic-washing-machines-an-honest-guide-for-buyers/,India,Microsite,83
https://www.lg.com/in/magazine/how-a-hot-and-cold-ac-is-an-all-weather-investment/,India,Microsite,83
https://www.lg.com/in/magazine/how-do-lg-air-purifiers-help-you-combat-increasing-air-pollution/,India,Microsite,79
https://www.lg.com/in/magazine/how-lg-convertible-microwaves-are-revolutionizing-indian-cooking/,India,Microsite,77
https://www.lg.com/in/magazine/how-lg-purifiers-retain-healthy-minerals-in-water/,India,Microsite,76
https://www.lg.com/in/magazine/how-lg-window-acs-low-noise-design-promotes-better-sleep-quality/,India,Microsite,76
https://www.lg.com/in/magazine/how-the-new-lg-g4-can-be-in-your-pocket-before-its-launch/,India,Microsite,70
https://www.lg.com/in/magazine/how-to-choose-the-best-lg-portable-lifestyle-projector-for-you/,India,Microsite,79
https://www.lg.com/in/magazine/how-to-keep-your-lg-washing-machine-odour-free-and-running-smoothly/,India,Microsite,76
https://www.lg.com/in/magazine/how-to-reduce-electricity-bills-with-energy-efficient-acs/,India,Microsite,76
https://www.lg.com/in/magazine/side-by-side-vs-french-door/,India,Microsite,86
https://www.lg.com/in/magazine/top-lg-washing-machine-models-of-2026/,India,Microsite,83
https://www.lg.com/in/magazine/top-load-vs-front-load/,India,Microsite,80
https://www.lg.com/in/magazine/top-reasons-to-choose-a-bottom-freezer-refrigerator/,India,Microsite,76
https://www.lg.com/in/magazine/top-reasons-to-upgrade-to-lg-water-purifiers/,India,Microsite,70
https://www.lg.com/in/magazine/traditional-hand-washing-vs-dishwasher-a-comparison-of-efficiency-and-hygiene/,India,Microsite,76
https://www.lg.com/in/magazine/uv-vs-ro-water-purification-a-detailed-breakdown-for-the-discerning-drinker/,India,Microsite,79
https://www.lg.com/in/magazine/what-factors-to-keep-in-mind-before-you-buy-an-air-purifier-in-india/,India,Microsite,72
https://www.lg.com/in/magazine/what-is-aqi-and-the-role-of-lg-purifiers-in-maintaining-iaq/,India,Microsite,76
https://www.lg.com/in/magazine/what-makes-lg-water-purifiers-unique/,India,Microsite,73
https://www.lg.com/in/magazine/what-should-a-fridge-freezer-temperature-be/,India,Microsite,73
https://www.lg.com/in/magazine/what-to-know-before-buying-a-smart-tv-a-buyers-checklist/,India,Microsite,79
https://www.lg.com/in/magazine/what-to-look-for-when-buying-a-new-projector/,India,Microsite,70
https://www.lg.com/in/magazine/which-ac-capacity-do-you-actually-need/,India,Microsite,77
https://www.lg.com/in/magazine/why-buy-many-when-one-microwave-does-it-all/,India,Microsite,76
https://www.lg.com/in/magazine/why-is-it-essential-to-set-up-an-air-purifier-in-your-home/,India,Microsite,76
https://www.lg.com/in/magazine/why-multi-door-refrigerators/,India,Microsite,79
https://www.lg.com/in/magazine/why-should-we-use-a-clothes-dryer/,India,Microsite,76
https://www.lg.com/in/magazine/why-should-you-buy-a-qned-tv-for-your-home/,India,Microsite,79
https://www.lg.com/in/magazine/why-should-you-buy-an-ac-in-winter/,India,Microsite,79
https://www.lg.com/in/magazine/why-should-you-buy-an-lg-washer-and-dryer/,India,Microsite,76
https://www.lg.com/in/magazine/why-you-should-buy-an-lg-dishwasher/,India,Microsite,76
https://www.lg.com/in/qned-tvs/2022/why-lg-qned/,India,Microsite,73
https://www.lg.com/in/tv-soundbars/why-qned-evo/,India,Microsite,70
https://www.lg.com/in/tvs/why-lgoled/,India,Microsite,90
https://www.lg.com/in/tvs/why-lgoled/10years-world-no1-oled/,India,Microsite,73
https://www.lg.com/in/tvs/why-lgoled/2023-oled-lineup/,India,Microsite,66
https://www.lg.com/in/magazine/webos-smart-tv-vs-android-tv-know-the-difference/,India,Microsite,86
https://www.lg.com/in/magazine/how-much-water-and-energy-does-a-dishwasher-use/,India,Microsite,86
https://www.lg.com/in/magazine/split-ac-vs-window-ac-which-one-suits-your-home-better/,India,Microsite,93
https://www.lg.com/in/magazine/how-to-prevent-eye-strain-in-kids-expert-advice-from-dr-umang-mathur-ceo-of-dr-shroffs-charity-eye-hospital/,India,Microsite,79
https://www.lg.com/in/magazine/how-to-save-electricity-with-smart-air-conditioners/,India,Microsite,90
https://www.lg.com/in/magazine/how-ai-based-cooling-is-changing-ac-usage-in-indian-homes/,India,Microsite,86
https://www.lg.com/in/magazine/washer-dryer-combo-vs-separate-washing-machine-and-dryer/,India,Microsite,90
https://www.lg.com/in/magazine/uhd-vs-oled-vs-qned-tvs/,India,Microsite,90
https://www.lg.com/in/magazine/how-to-clean-a-microwave-without-harsh-chemicals/,India,Microsite,86
https://www.lg.com/in/magazine/how-lg-washing-machines-meet-india-s-energy-efficiency-standards/,India,Microsite,86
https://www.lg.com/in/magazine/how-to-clean-your-washing-machine/,India,Microsite,86
https://www.lg.com/in/magazine/how-to-choose-the-right-water-purifier-for-your-home/,India,Microsite,86
https://www.lg.com/in/magazine/microwave-oven-vs-otg-oven-which-is-better-for-your-cooking-needs/,India,Microsite,79
https://www.lg.com/in/magazine/how-to-choose-a-water-purifier-based-on-your-needs/,India,Microsite,90
https://www.lg.com/in/magazine/how-ai-picture-processing-improves-tv-viewing-quality/,India,Microsite,86
https://www.lg.com/in/magazine/how-are-washing-machines-energy-efficient-which-to-buy/,India,Microsite,83
https://www.lg.com/in/magazine/top-washing-machines-for-indian-fabrics/,India,Microsite,93
https://www.lg.com/in/magazine/how-to-choose-a-refrigerator-for-bulk-grocery-storage/,India,Microsite,86
https://www.lg.com/in/magazine/how-to-choose-the-right-microwave-oven-for-your-family/,India,Microsite,83
https://www.lg.com/in/magazine/why-are-inverter-direct-drive-washing-machines-trending/,India,Microsite,86
https://www.lg.com/in/magazine/why-air-fryer-microwaves-are-trending-in-indian-kitchens/,India,Microsite,86
https://www.lg.com/in/magazine/what-makes-a-water-purifier-a-must-have-in-2022/,India,Microsite,76
https://www.lg.com/in/magazine/why-wet-cleaning-is-the-smart-choice-for-your-business/,India,Microsite,83
https://www.lg.com/in/magazine/what-star-ratings-really-mean-when-buying-an-ac-in-india/,India,Microsite,90
https://www.lg.com/in/magazine/why-the-lg-cinema-3d-smart-tvs-outshine-the-rest/,India,Microsite,76
https://www.lg.com/in/magazine/why-are-4k-tvs-now-the-standard-for-indian-homes/,India,Microsite,90
https://www.lg.com/in/magazine/what-makes-lg-oled-different-from-led-tvs/,India,Microsite,93
https://www.lg.com/in/magazine/what-are-the-benefits-of-lg-split-ac-with-dual-cool-technology/,India,Microsite,79
https://www.lg.com/in/magazine/what-makes-your-refrigerator-energy-efficient/,India,Microsite,86
https://www.lg.com/in/magazine/what-is-a-door-cooling-refrigerator/,India,Microsite,83
https://www.lg.com/in/magazine/what-is-a-vrf-system-and-why-is-it-the-future-of-commercial-cooling/,India,Microsite,86
https://www.lg.com/in/magazine/why-using-a-dishwasher-better-than-cleaning-dishes-with-your-hands/,India,Microsite,76
https://www.lg.com/in/magazine/why-does-lg-study-water/,India,Microsite,76
https://www.lg.com/in/magazine/what-is-mrgb-tv/,India,Microsite,90
https://www.lg.com/in/magazine/what-is-the-ideal-ph-level-for-ro-water-and-why-does-it-matter/,India,Microsite,86
https://www.lg.com/in/tvs/,India,제품 카테고리 (PLP),72
https://www.lg.com/in/oled-tvs/,India,제품 카테고리 (PLP),90
https://www.lg.com/in/qned-tvs/2021/cinema/,India,제품 카테고리 (PLP),72
https://www.lg.com/in/lgnanocell/accuracy/,India,제품 카테고리 (PLP),57
https://www.lg.com/in/lgoled2019/black/,India,제품 카테고리 (PLP),56
https://www.lg.com/in/why-lgoled/cinema/,India,제품 카테고리 (PLP),67
https://www.lg.com/in/nanocell-tv/,India,제품 카테고리 (PLP),72
https://www.lg.com/in/oled-circle/,India,제품 카테고리 (PLP),79
https://www.lg.com/in/tv-soundbars/,India,제품 카테고리 (PLP),73
https://www.lg.com/in/lgnanocell2019/accuracy/,India,제품 카테고리 (PLP),53
https://www.lg.com/in/audio/,India,제품 카테고리 (PLP),69
https://www.lg.com/in/soundbar-offers-tnc/,India,제품 카테고리 (PLP),72
https://www.lg.com/in/thinqcoupondownload/,India,제품 카테고리 (PLP),62
https://www.lg.com/in/audio/all-audios/,India,제품 카테고리 (PLP),72
https://www.lg.com/in/audio/bluetooth-speakers/,India,제품 카테고리 (PLP),72
https://www.lg.com/in/audio/bluetooth-speakers/all-bluetooth-speakers/,India,제품 카테고리 (PLP),72
https://www.lg.com/in/audio/bluetooth-speakers/portable-speakers/,India,제품 카테고리 (PLP),72
https://www.lg.com/in/audio/home-theater-soundbar/,India,제품 카테고리 (PLP),69
https://www.lg.com/in/audio/party-speaker-xboom/,India,제품 카테고리 (PLP),72
https://www.lg.com/in/audio/soundbars/,India,제품 카테고리 (PLP),72
https://www.lg.com/in/audio/soundbars/all-in-one-soundbars/,India,제품 카테고리 (PLP),72
https://www.lg.com/in/audio/soundbars/all-soundbars/,India,제품 카테고리 (PLP),79
https://www.lg.com/in/monitors/,India,제품 카테고리 (PLP),79
https://www.lg.com/in/monitors/all-monitors/,India,제품 카테고리 (PLP),83
https://www.lg.com/in/monitors/fhd-qhd/,India,제품 카테고리 (PLP),86
https://www.lg.com/in/monitors/gaming/,India,제품 카테고리 (PLP),86
https://www.lg.com/in/monitors/hyper-mini-led-gaming-monitor/,India,제품 카테고리 (PLP),76
https://www.lg.com/in/monitors/lifestyle-monitor-swing/,India,제품 카테고리 (PLP),76
https://www.lg.com/in/monitors/professional-monitor/,India,제품 카테고리 (PLP),76
https://www.lg.com/in/monitors/smart-monitors/,India,제품 카테고리 (PLP),72
https://www.lg.com/in/monitors/ultrafine-evo/,India,제품 카테고리 (PLP),76
https://www.lg.com/in/monitors/ultragear-evo/,India,제품 카테고리 (PLP),76
https://www.lg.com/in/monitors/ultragear-gaming-oled-monitors/,India,제품 카테고리 (PLP),86
https://www.lg.com/in/monitors/ultragear/,India,제품 카테고리 (PLP),72
https://www.lg.com/in/refrigerators/,India,제품 카테고리 (PLP),80
https://www.lg.com/in/moodup-refrigerators/,India,제품 카테고리 (PLP),67
https://www.lg.com/in/refrigerators/MoodUP/,India,제품 카테고리 (PLP),84
https://www.lg.com/in/moodup-refrigerators/terms-and-conditions/,India,제품 카테고리 (PLP),72
https://www.lg.com/in/refrigerators/all-refrigerators/,India,제품 카테고리 (PLP),80
https://www.lg.com/in/moodup-refrigerators/thankyou/,India,제품 카테고리 (PLP),66
https://www.lg.com/in/refrigerators/double-door-refrigerators/,India,제품 카테고리 (PLP),83
https://www.lg.com/in/refrigerators/french-door-refrigerators/,India,제품 카테고리 (PLP),86
https://www.lg.com/in/refrigerators/side-by-side-refrigerators/,India,제품 카테고리 (PLP),83
https://www.lg.com/in/refrigerators/single-door-refrigerators/,India,제품 카테고리 (PLP),86
https://www.lg.com/in/laundry/,India,제품 카테고리 (PLP),83
https://www.lg.com/in/dishwasher/,India,제품 카테고리 (PLP),83
https://www.lg.com/in/washing-machines/twinwash/installation/,India,제품 카테고리 (PLP),63
https://www.lg.com/in/washing-machines-video/,India,제품 카테고리 (PLP),62
https://www.lg.com/in/commercial-washing-machines/,India,제품 카테고리 (PLP),69
https://www.lg.com/in/washingmachines-termsconditions/,India,제품 카테고리 (PLP),66
https://www.lg.com/in/laundry/all-washing-machines/,India,제품 카테고리 (PLP),86
https://www.lg.com/in/dishwasher/all-dishwashers/,India,제품 카테고리 (PLP),62
https://www.lg.com/in/washing-machines/twinwash/story/,India,제품 카테고리 (PLP),63
https://www.lg.com/in/commercial-washing-machines/commercial-dryer/,India,제품 카테고리 (PLP),72
https://www.lg.com/in/laundry/dryers/,India,제품 카테고리 (PLP),86
https://www.lg.com/in/washing-machines/twinwash/usage/,India,제품 카테고리 (PLP),67
https://www.lg.com/in/air-conditioners/,India,제품 카테고리 (PLP),83
https://www.lg.com/in/air-conditioners-tnc/,India,제품 카테고리 (PLP),59
https://www.lg.com/in/residential-air-conditioners/,India,제품 카테고리 (PLP),76
https://www.lg.com/in/air-conditioners/ac-installation-service-repair-guide/,India,제품 카테고리 (PLP),79
https://www.lg.com/in/air-conditioners/ac-tips/,India,제품 카테고리 (PLP),72
https://www.lg.com/in/air-conditioners/air-conditioners-an-efficient-home-heating-solution/,India,제품 카테고리 (PLP),76
https://www.lg.com/in/air-conditioners/air-conditioners-with-wifi-connectivity/,India,제품 카테고리 (PLP),76
https://www.lg.com/in/air-conditioners/all-air-conditioners/,India,제품 카테고리 (PLP),86
https://www.lg.com/in/air-conditioners/lg-article-air-conditioner-energy/,India,제품 카테고리 (PLP),76
https://www.lg.com/in/air-conditioners/lg-article-air-conditioner-inverter/,India,제품 카테고리 (PLP),76
https://www.lg.com/in/air-conditioners/lg-article-air-conditioner-temperature/,India,제품 카테고리 (PLP),76
https://www.lg.com/in/air-conditioners/must-known-tips-before-buying-an-lg-air-conditioner/,India,제품 카테고리 (PLP),79
https://www.lg.com/in/air-care/,India,제품 카테고리 (PLP),86
https://www.lg.com/in/air-care-review/,India,제품 카테고리 (PLP),62
https://www.lg.com/in/air-care/air-purifiers/,India,제품 카테고리 (PLP),86
https://www.lg.com/in/air-care-review/terms-and-conditions/,India,제품 카테고리 (PLP),62
https://www.lg.com/in/air-care/all-air-cares/,India,제품 카테고리 (PLP),59
https://www.lg.com/in/microwave-ovens/,India,제품 카테고리 (PLP),83
https://www.lg.com/in/microwave-oven-scan-to-cook/,India,제품 카테고리 (PLP),67
https://www.lg.com/in/microwave-ovens/all-microwave-ovens/,India,제품 카테고리 (PLP),87
https://www.lg.com/in/microwave-ovens/charcoal-convection-microwave/,India,제품 카테고리 (PLP),87
https://www.lg.com/in/microwave-ovens/convection-microwave/,India,제품 카테고리 (PLP),87
https://www.lg.com/in/microwave-ovens/convertible-oven/,India,제품 카테고리 (PLP),89
https://www.lg.com/in/microwave-ovens/grill-solo-microwave/,India,제품 카테고리 (PLP),87
https://www.lg.com/in/microwave-ovens/wifi-enabled-charcoal-convection-microwave/,India,제품 카테고리 (PLP),87
https://www.lg.com/in/about-lg-india/,India,제품 카테고리 (PLP),76
https://www.lg.com/in/accessories-sale-tnc/,India,제품 카테고리 (PLP),66
https://www.lg.com/in/account-integration/,India,제품 카테고리 (PLP),55
https://www.lg.com/in/account-integration-old/,India,제품 카테고리 (PLP),62
https://www.lg.com/in/air-conditioners/service-campaign-tnc/,India,제품 카테고리 (PLP),69
https://www.lg.com/in/amc-enquiry/thank-you/,India,제품 카테고리 (PLP),66
https://www.lg.com/in/appliance-accessories/,India,제품 카테고리 (PLP),76
https://www.lg.com/in/appliances/,India,제품 카테고리 (PLP),59
https://www.lg.com/in/appliances-catalogue/,India,제품 카테고리 (PLP),72
https://www.lg.com/in/audio/soundbars/featured-soundbars/,India,제품 카테고리 (PLP),64
https://www.lg.com/in/best/,India,제품 카테고리 (PLP),66
https://www.lg.com/in/bestshop/,India,제품 카테고리 (PLP),66
https://www.lg.com/in/bestshop-campaign-tnc/,India,제품 카테고리 (PLP),76
https://www.lg.com/in/braille-remote-cover/,India,제품 카테고리 (PLP),70
https://www.lg.com/in/brandshop-tamilnadu-diwalitnc/,India,제품 카테고리 (PLP),72
https://www.lg.com/in/about-lg/press-and-media/,India,Press & Media,75
https://www.lg.com/in/about-lg/press-and-media/8th-edition-of-global-it-challenge-starts-in-india/,India,Press & Media,79
https://www.lg.com/in/about-lg/press-and-media/after-refrigerators-airconditioners-lg-india-brings-the-first-5-star-washing-machines-in-india/,India,Press & Media,79
https://www.lg.com/in/about-lg/press-and-media/ahead-of-republic-day-lg-salutes-to-those-who-make-it-possible/,India,Press & Media,86
https://www.lg.com/in/about-lg/press-and-media/announcing-a-new-cdm-project-applying-solar-modules-by-lg-electronics-india-pvt-ltd/,India,Press & Media,75
https://www.lg.com/in/about-lg/press-and-media/climber-harnesses-power-of-lg-cordzero-to-scale-office-tower/,India,Press & Media,75
https://www.lg.com/in/about-lg/press-and-media/empowering-vision-lg-electronics-indias-karein-roshni-initiative-illuminates-lives/,India,Press & Media,86
https://www.lg.com/in/about-lg/press-and-media/experience-the-future-of-refrigeration-lg-launches-with-new-wifi-convertible-side-by-side-refrigerator/,India,Press & Media,86
https://www.lg.com/in/about-lg/press-and-media/first-micro-led-display-from-lg-sets-new-standard-for-commercial-display-technology/,India,Press & Media,79
https://www.lg.com/in/about-lg/press-and-media/five-factors-to-keep-in-mind-while-comparing-microwave-prices/,India,Press & Media,82
https://www.lg.com/in/about-lg/press-and-media/guinness-world-records/,India,Press & Media,79
https://www.lg.com/in/about-lg/press-and-media/health-hygiene-drive-across-brand-shops-considering-pandemic-covid-19/,India,Press & Media,86
https://www.lg.com/in/about-lg/press-and-media/hong-ju-jeon-appointed-new-md-of-lg-electronics-india/,India,Press & Media,82
https://www.lg.com/in/about-lg/press-and-media/house-of-cards-built-on-running-lg-washing-machine-breaks-guinness-record/,India,Press & Media,79
https://www.lg.com/in/about-lg/press-and-media/india-ka-celebration-with-lg-unveiling-irresistible-diwali-offers/,India,Press & Media,86
https://www.lg.com/in/about-lg/press-and-media/indian-womens-baseball-team-participates-in-lg-cup/,India,Press & Media,79
https://www.lg.com/in/about-lg/press-and-media/indias-1st-lg-refrigerator-with-smart-inverter-compressor-technology-in-single-door/,India,Press & Media,79
https://www.lg.com/in/about-lg/press-and-media/karsalaam-tribute-to-korean-war-veterans-of-india/,India,Press & Media,75
https://www.lg.com/in/about-lg/press-and-media/led-signage-featuring-non-contact-connectors-delivers-better-images-easier-installation/,India,Press & Media,79
https://www.lg.com/in/about-lg/press-and-media/lg-adds-joy-to-the-festive-mood-launches-brand-campaign/,India,Press & Media,79
https://www.lg.com/in/about-lg/press-and-media/lg-and-bajaj-finserv-partner/,India,Press & Media,75
https://www.lg.com/in/about-lg/press-and-media/lg-and-habitat-for-humanity-indias-lifes-good-hope-village-project-highlights-the-value-of-a-home-during-the-pandemic/,India,Press & Media,89
https://www.lg.com/in/about-lg/press-and-media/lg-announces-its-latest--freedom-is-good--independence-day-offers/,India,Press & Media,82
https://www.lg.com/in/about-lg/press-and-media/lg-announces-its-latest--freedom-is-good--independence-day-offers0/,India,Press & Media,86
https://www.lg.com/in/about-lg/press-and-media/lg-announces-its-latest-freedom-is-good-independence-day-offers/,India,Press & Media,82
https://www.lg.com/in/about-lg/press-and-media/lg-announces-its-together-we-can-make-life-better-pre-book-offer-campaign-exciting-deals-and-assured-gifts-of-up-to-inr-35000/,India,Press & Media,86
https://www.lg.com/in/about-lg/press-and-media/lg-announces-the-winner-of-mallika-e-kitchen-8th-edition-at-the-grand-finale/,India,Press & Media,79
https://www.lg.com/in/about-lg/press-and-media/lg-begins-rollout-of-2023-soundbar-lineup-in-india/,India,Press & Media,86
https://www.lg.com/in/about-lg/press-and-media/lg-celebrates-20-years-in-india/,India,Press & Media,79
https://www.lg.com/in/about-lg/press-and-media/lg-celebrates-21-years-in-india/,India,Press & Media,79
https://www.lg.com/in/about-lg/press-and-media/lg-delivers-both-innovation-and-intelligence-in-its-new-television-range/,India,Press & Media,79
https://www.lg.com/in/about-lg/press-and-media/lg-delivers-both-innovation-and-intelligence-in-new-television-range-images/,India,Press & Media,71
https://www.lg.com/in/about-lg/press-and-media/lg-delivers-both-innovation-and-intelligence-in-new-television-range-videos/,India,Press & Media,71
https://www.lg.com/in/about-lg/press-and-media/lg-electronics-associates-with-indian-cancer-society-to-support-people-with-cancer-screening/,India,Press & Media,86
https://www.lg.com/in/about-lg/press-and-media/lg-electronics-brings-cinema-to-indian-homes-with-new-cinebeam-projector-and-ultrafine-display-oled-pro/,India,Press & Media,86
https://www.lg.com/in/about-lg/press-and-media/lg-electronics-brings-early-festive-cheer/,India,Press & Media,86
https://www.lg.com/in/about-lg/press-and-media/lg-electronics-debuts-worlds-largest-oled-display/,India,Press & Media,79
https://www.lg.com/in/about-lg/press-and-media/lg-electronics-demonstrates-the-evolution-of-the-ai-home-ecosystem/,India,Press & Media,86
https://www.lg.com/in/about-lg/press-and-media/lg-electronics-develops-lg-oxy-zone/,India,Press & Media,75
https://www.lg.com/in/about-lg/press-and-media/lg-electronics-earns-ces-2018/,India,Press & Media,79
https://www.lg.com/in/about-lg/press-and-media/lg-electronics-elevates-audio-experience-with-xboom-series-and-tone-free-launch/,India,Press & Media,86
https://www.lg.com/in/about-lg/press-and-media/lg-electronics-felicitated-as-the-best-washing-machine-brand-at-ndtv-gadgets-360-awards/,India,Press & Media,86
https://www.lg.com/in/about-lg/press-and-media/lg-electronics-india-celebrates-republic-day-hyd/,India,Press & Media,86
https://www.lg.com/in/about-lg/press-and-media/lg-electronics-india-expands-premium-refrigerator-portfolio-with-new-french-door-refrigerator-range/,India,Press & Media,82
https://www.lg.com/in/about-lg/press-and-media/lg-electronics-india-extends-support-towards-covid-19-crisis/,India,Press & Media,82
https://www.lg.com/in/about-lg/press-and-media/lg-electronics-india-felicitates-lg-eco-agents-of-change-winners-in-kolkata/,India,Press & Media,75
https://www.lg.com/in/about-lg/press-and-media/lg-electronics-india-launches-new-ad-campaigns/,India,Press & Media,79
https://www.lg.com/in/about-lg/press-and-media/lg-electronics-india-lights-up-lives-with-the-karein-roshni-initiative/,India,Press & Media,79
https://www.lg.com/in/about-lg/press-and-media/lg-electronics-india-limited-leads-the-industry-among-the-first-to-launch-2026-bee-star-rated-air-conditioners-in-india/,India,Press & Media,89
https://www.lg.com/in/about-lg/press-and-media/lg-electronics-india-marks-ipo-milestone-with-thank-you-india-nationwide-consumer-initiative/,India,Press & Media,86
https://www.lg.com/in/about-lg/press-and-media/lg-electronics-india-partners-with-skyesports-to-revolutionize-gaming-in-india/,India,Press & Media,86
https://www.lg.com/in/about-lg/press-and-media/lg-electronics-india-starts-local-manufacturing-of-dual-inverter-air-conditioner-compressors/,India,Press & Media,86
https://www.lg.com/in/about-lg/press-and-media/lg-electronics-india-starts-local-manufacturing-of-premium-side-by-side-refrigerators/,India,Press & Media,86
https://www.lg.com/in/about-lg/press-and-media/lg-electronics-india-unveils-the-next-generation-ai-powered-oledevo-and-qnedevo-tv-line-up-for-2025/,India,Press & Media,82
https://www.lg.com/in/about-lg/press-and-media/lg-electronics-introduces-a-new-lineup-of-home-appliances-for-indian-consumers-in-2022/,India,Press & Media,86
https://www.lg.com/in/about-lg/press-and-media/lg-electronics-introduces-ganesh-chaturthi-special-limited-edition-tonefree-earbuds/,India,Press & Media,86
https://www.lg.com/in/about-lg/press-and-media/lg-electronics-introduces-new-range-of-microwave-ovens-this-festive-season/,India,Press & Media,86
https://www.lg.com/in/about-lg/press-and-media/lg-electronics-launched-month-long-breakthelabel-campaign-to-celebrate-women-breaking-stereotypes/,India,Press & Media,86
https://www.lg.com/in/about-lg/press-and-media/lg-electronics-launches-2022-range-of-ai-dual-inverter-air-conditioners/,India,Press & Media,86
https://www.lg.com/in/about-lg/press-and-media/lg-electronics-launches-lg-magnit/,India,Press & Media,86
https://www.lg.com/in/about-lg/press-and-media/lg-electronics-launches-myview-smart-monitors/,India,Press & Media,86
https://www.lg.com/in/about-lg/press-and-media/lg-electronics-launches-new-campaign-wehearyou/,India,Press & Media,86
https://www.lg.com/in/about-lg/press-and-media/lg-electronics-launches-the-4k-oled-television-in-india/,India,Press & Media,79
https://www.lg.com/in/about-lg/press-and-media/lg-electronics-named-as-the-most-attractive-brand-in-india/,India,Press & Media,79
https://www.lg.com/in/about-lg/press-and-media/lg-electronics-named-as-the-most-trusted-brand-in-india/,India,Press & Media,79
https://www.lg.com/in/about-lg/press-and-media/lg-electronics-offers-health-insurance-for-covid-and-other-vector-borne-diseases-on-its-home-appliance-products/,India,Press & Media,86
https://www.lg.com/in/about-lg/press-and-media/lg-electronics-organize-blood-donation-drive-across-the-country/,India,Press & Media,75
https://www.lg.com/in/about-lg/press-and-media/lg-electronics-to-donate-25-crore-worth-products-towards-relief-work-in-kerala/,India,Press & Media,79
https://www.lg.com/in/about-lg/press-and-media/lg-electronics-under-its-csr-initiative-karein-roshni-will-support-8700-cataract-surgeries/,India,Press & Media,86
https://www.lg.com/in/about-lg/press-and-media/lg-electronics-unveils-a-new-model-of-instaview-french-door-refrigerator/,India,Press & Media,86
https://www.lg.com/in/about-lg/press-and-media/lg-electronics-unveils-lg-objet-collection-with-moodup-refrigerator/,India,Press & Media,86
https://www.lg.com/in/about-lg/press-and-media/lg-electronics-urges-everyone-to-follow-covid-19-norms-through-its-new-digital-video-campaign/,India,Press & Media,82
https://www.lg.com/in/about-lg/press-and-media/lg-emerged-as-the-most-trusted-brand-across-categories-in-tra-survey-2022/,India,Press & Media,86
https://www.lg.com/in/about-lg/press-and-media/lg-expands-display-signage-with-flexible-63-curved-oled-panels/,India,Press & Media,75
https://www.lg.com/in/about-lg/press-and-media/lg-expands-popular-music-flow-lineup-with-new-wireless-sound-bars-and-x-boom-audio-systems/,India,Press & Media,79
https://www.lg.com/in/about-lg/press-and-media/lg-g4-receives-globally-recognized-security-certification/,India,Press & Media,71
https://www.lg.com/in/about-lg/press-and-media/lg-india-boosts-morale-of-indian-baseball-team/,India,Press & Media,79
https://www.lg.com/in/about-lg/press-and-media/lg-india-expands-blood-donation-initiative-across-india/,India,Press & Media,86
https://www.lg.com/in/about-lg/press-and-media/lg-india-launches-lifes-good-nutrition-program-to-nourish-young-minds-nationwide/,India,Press & Media,82
https://www.lg.com/in/about-lg/press-and-media/lg-india-marks-26-glorious-years-with-exclusive-republic-day-off/,India,Press & Media,86
https://www.lg.com/in/about-lg/press-and-media/lg-indias-free-service-camp-offers-relief-to-flood-hit-customers-in-chennai/,India,Press & Media,79
https://www.lg.com/in/about-lg/press-and-media/lg-introduces-a-new-solution-for-laundry-with-the-lg-dual-inverter-heat-pump-dryer/,India,Press & Media,86
https://www.lg.com/in/about-lg/press-and-media/lg-introduces-game-shifting-technology-with-2022-oled-tv-lineup-in-india-hindi-1/,India,Press & Media,79
https://www.lg.com/in/about-lg/press-and-media/lg-introduces-game-shifting-technology-with-2022-oled-tv-lineup-in-india/,India,Press & Media,79
https://www.lg.com/in/about-lg/press-and-media/lg-introduces-new-products-under-its-health-and-hygiene-portfolio-ahead-of-festive-season/,India,Press & Media,86
https://www.lg.com/in/about-lg/press-and-media/lg-introduces-next-generation-of-laundry-with-new-ai-powered-washer/,India,Press & Media,86
https://www.lg.com/in/about-lg/press-and-media/lg-introduces-uf-uv-water-purifier-on-world-water-day-ensuring-zero-water-wastage/,India,Press & Media,86
https://www.lg.com/in/about-lg/press-and-media/lg-introduces-volte-vowifi-enabled-4g-handsets/,India,Press & Media,79
https://www.lg.com/in/about-lg/press-and-media/lg-is-the-most-desired-tv-brand-in-india-in-2021/,India,Press & Media,86
https://www.lg.com/in/about-lg/press-and-media/lg-joins-hands-with-hotstar-to-provide-an-unmatched-tv-viewing-experience/,India,Press & Media,79
https://www.lg.com/in/about-lg/press-and-media/lg-k42-military-grade-durability-mil-std-810g-certification-redefine-durability-standard-smartphones/,India,Press & Media,89
https://www.lg.com/in/about-lg/press-and-media/lg-karsalaam-initiative/,India,Press & Media,75
https://www.lg.com/in/about-lg/press-and-media/lg-launches-2022-range-of-lg-gram-laptops/,India,Press & Media,86
https://www.lg.com/in/about-lg/press-and-media/lg-launches-25-ai-tv-models/,India,Press & Media,79
https://www.lg.com/in/about-lg/press-and-media/lg-launches-dual-inverter-acs-with-new-star-ratings/,India,Press & Media,79
https://www.lg.com/in/about-lg/press-and-media/lg-launches-freedom-is-good-campaign-on-independence-day-12-aug/,India,Press & Media,79
https://www.lg.com/in/about-lg/press-and-media/lg-launches-g7-smartphone-with-thinq-in-india/,India,Press & Media,79
https://www.lg.com/in/about-lg/press-and-media/lg-launches-its-new-super-convertible-6-in-1-al-air-conditioners-range/,India,Press & Media,86
https://www.lg.com/in/about-lg/press-and-media/lg-launches-khushiyon-ka-carnival-campaign-for-the-upcoming-festive-season-of-diwali/,India,Press & Media,82
https://www.lg.com/in/about-lg/press-and-media/lg-launches-khwahishon-se-khushiyon-tak-season-2-lucky-draw-with-prizes-worth-5-crores/,India,Press & Media,82
https://www.lg.com/in/support/,India,Support - 일반,85
https://www.lg.com/in/support/additional-support/,India,Support - 일반,78
https://www.lg.com/in/support/announcement/,India,Support - 일반,74
https://www.lg.com/in/support/announcement/INNTC150922106760/,India,Support - 일반,74
https://www.lg.com/in/support/announcement/INNTC161129121280/,India,Support - 일반,74
https://www.lg.com/in/support/announcement/INNTC180608123622/,India,Support - 일반,74
https://www.lg.com/in/support/announcement/INNTC20200929150631/,India,Support - 일반,78
https://www.lg.com/in/support/announcement/INNTC20210616151330/,India,Support - 일반,74
https://www.lg.com/in/support/announcement/INNTC20220608152517/,India,Support - 일반,78
https://www.lg.com/in/support/announcement/INNTC20220617152681/,India,Support - 일반,74
https://www.lg.com/in/support/announcement/INNTC20220906152991/,India,Support - 일반,78
https://www.lg.com/in/support/announcement/INNTC20230310153482/,India,Support - 일반,78
https://www.lg.com/in/support/announcement/INNTC20230503153710/,India,Support - 일반,78
https://www.lg.com/in/support/announcement/INNTC20230503153712/,India,Support - 일반,78
https://www.lg.com/in/support/announcement/INNTC20230831154149/,India,Support - 일반,78
https://www.lg.com/in/support/announcement/INNTC20231108154380/,India,Support - 일반,78
https://www.lg.com/in/support/announcement/INNTC20240315001/,India,Support - 일반,78
https://www.lg.com/in/support/announcement/INNTC20240528001/,India,Support - 일반,78
https://www.lg.com/in/support/announcement/INNTC20240528002/,India,Support - 일반,78
https://www.lg.com/in/support/announcement/INNTC20241107004/,India,Support - 일반,78
https://www.lg.com/in/support/announcement/INNTC20250311001/,India,Support - 일반,78
https://www.lg.com/in/support/announcement/INNTC20260324001/,India,Support - 일반,78
https://www.lg.com/in/support/announcement/final-mc-service-termination-notice/,India,Support - 일반,78
https://www.lg.com/in/support/announcement/notice-of-spotify-service-termination/,India,Support - 일반,70
https://www.lg.com/in/support/announcement/notice-of-termination-of-the-services-of-gracenote-music-id-video-id-eyeq-epg-for-blu-ray-player-blu-ray-home-theater-system-will-no-longer-be-available/,India,Support - 일반,78
https://www.lg.com/in/support/announcement/updates-to-lg-electronics-service-privacy-policy-25092025/,India,Support - 일반,78
https://www.lg.com/in/support/business-warranty-terms/,India,Support - 일반,89
https://www.lg.com/in/support/contact-us/,India,Support - 일반,81
https://www.lg.com/in/support/contact-us/business-contact-information/,India,Support - 일반,78
https://www.lg.com/in/support/contact-us/call-appointment/,India,Support - 일반,78
https://www.lg.com/in/support/contact-us/call-appointment/request-complete/,India,Support - 일반,74
https://www.lg.com/in/support/contact-us/call-appointment/request-failed/,India,Support - 일반,70
https://www.lg.com/in/support/contact-us/contact/,India,Support - 일반,59
https://www.lg.com/in/support/contact-us/email-to-ceo/,India,Support - 일반,74
https://www.lg.com/in/support/contact-us/email-to-ceo/failure/,India,Support - 일반,70
https://www.lg.com/in/support/contact-us/email-to-ceo/success/,India,Support - 일반,70
https://www.lg.com/in/support/contact-us/email-to-customer-service-head/,India,Support - 일반,78
https://www.lg.com/in/support/contact-us/email-to-customer-service-head/failure/,India,Support - 일반,70
https://www.lg.com/in/support/contact-us/email-to-customer-service-head/success/,India,Support - 일반,70
https://www.lg.com/in/support/contact-us/email/,India,Support - 일반,74
https://www.lg.com/in/support/contact-us/email/failure/,India,Support - 일반,70
https://www.lg.com/in/support/contact-us/email/success/,India,Support - 일반,70
https://www.lg.com/in/support/contact-us/inquiry-status/,India,Support - 일반,74
https://www.lg.com/in/support/contact-us/inquiry-status/call-inquiry-result/,India,Support - 일반,78
https://www.lg.com/in/support/contact-us/inquiry-status/failure/,India,Support - 일반,70
https://www.lg.com/in/support/contact-us/inquiry-status/inquiry-result/,India,Support - 일반,78
https://www.lg.com/in/support/contact-us/locate-repair-center/,India,Support - 일반,78
https://www.lg.com/in/support/contact-us/video-consulting-reservation/,India,Support - 일반,78
https://www.lg.com/in/support/contact-us/video-consulting-reservation/failure/,India,Support - 일반,78
https://www.lg.com/in/support/contact-us/video-consulting-reservation/success/,India,Support - 일반,78
https://www.lg.com/in/support/contact-us/web-survey/,India,Support - 일반,78
https://www.lg.com/in/support/contact-us/web-survey/failure/,India,Support - 일반,70
https://www.lg.com/in/support/contact-us/web-survey/success/,India,Support - 일반,70
https://www.lg.com/in/support/d-soil/,India,Support - 일반,67
https://www.lg.com/in/support/energy-consumption-calculator/,India,Support - 일반,85
https://www.lg.com/in/support/error-pages/down-time-check/,India,Support - 일반,67
https://www.lg.com/in/support/glossary/,India,Support - 일반,89
https://www.lg.com/in/support/lg-premium-care/,India,Support - 일반,85
https://www.lg.com/in/support/lg-thinq/,India,Support - 일반,74
https://www.lg.com/in/support/lg-thinq/app/,India,Support - 일반,74
https://www.lg.com/in/support/offering/,India,Support - 일반,70
https://www.lg.com/in/support/order-support/,India,Support - 일반,78
https://www.lg.com/in/support/order-support/frequently-asked-questions-1/,India,Support - 일반,89
https://www.lg.com/in/support/order-support/frequently-asked-questions/,India,Support - 일반,89
https://www.lg.com/in/support/order-support/track-my-order/,India,Support - 일반,85
https://www.lg.com/in/support/parts-accessories/,India,Support - 일반,78
https://www.lg.com/in/support/parts-accessories2/,India,Support - 일반,63
https://www.lg.com/in/support/premium-care/,India,Support - 일반,85
https://www.lg.com/in/support/product-support/,India,Support - 일반,74
https://www.lg.com/in/support/product-support/cs-100MRGB96BL.ATRG/,India,Support - 일반,74
https://www.lg.com/in/support/product-support/cs-100QNED86A6.ATRG/,India,Support - 일반,74
https://www.lg.com/in/support/product-support/cs-100QNED86BL.ATRG/,India,Support - 일반,74
https://www.lg.com/in/support/product-support/cs-105BM5P-B.ATRQ/,India,Support - 일반,74
https://www.lg.com/in/support/product-support/cs-105TR5WP-I.ATRQ/,India,Support - 일반,74
https://www.lg.com/in/support/product-support/cs-10HQ701G-BP.ATI/,India,Support - 일반,74
https://www.lg.com/in/support/product-support/cs-10HQ701G-BP.ATR/,India,Support - 일반,74
https://www.lg.com/in/support/product-support/cs-10SM3TB-B.AEU/,India,Support - 일반,74
https://www.lg.com/in/support/product-support/cs-10SM3TB-B.ATR/,India,Support - 일반,74
https://www.lg.com/in/support/product-support/cs-110UM5J-B.ATRQ/,India,Support - 일반,74
https://www.lg.com/in/support/product-support/cs-110UM5K-B.ATRQ/,India,Support - 일반,74
https://www.lg.com/in/support/product-support/cs-14HQ701G-BP.ATR/,India,Support - 일반,74
https://www.lg.com/in/support/product-support/cs-14HQ901G-BP.ATR/,India,Support - 일반,74
https://www.lg.com/in/support/product-support/cs-14HQ901G-BP.AWF/,India,Support - 일반,74
https://www.lg.com/in/support/product-support/cs-14T990-G.AA70K/,India,Support - 일반,74
https://www.lg.com/in/support/product-support/cs-14U530-M.AFLGL/,India,Support - 일반,74
https://www.lg.com/in/support/product-support/cs-14Z90N-C.APLGA2/,India,Support - 일반,74
https://www.lg.com/in/support/product-support/cs-14Z90N-SVC.A001/,India,Support - 일반,74
https://www.lg.com/in/support/product-support/cs-14Z90N-V.AR52A2/,India,Support - 일반,74
https://www.lg.com/in/support/product-support/cs-14Z90P-C.APLGA2/,India,Support - 일반,74
https://www.lg.com/in/support/product-support/cs-14Z90P-G.AH75A2/,India,Support - 일반,74
https://www.lg.com/in/support/product-support/cs-14Z90P-G.AH85A2/,India,Support - 일반,74
https://www.lg.com/in/support/product-support/cs-14Z90P-G.AJ51A2/,India,Support - 일반,74
https://www.lg.com/in/support/product-support/cs-14Z90P-G.AJ53A2/,India,Support - 일반,74
https://www.lg.com/in/support/product-support/cs-14Z90P-G.AJ55A2/,India,Support - 일반,74
https://www.lg.com/in/support/product-support/cs-14Z90P-G.AJ61A2/,India,Support - 일반,74
https://www.lg.com/in/support/product-support/cs-14Z90P-G.AJ63A2/,India,Support - 일반,74
https://www.lg.com/in/support/product-support/cs-14Z90P-G.AJ65A2/,India,Support - 일반,74
https://www.lg.com/in/support/product-support/cs-14Z90P-G.AP53A2/,India,Support - 일반,74
https://www.lg.com/in/support/product-support/cs-14Z90P-G.AP65A2/,India,Support - 일반,74
https://www.lg.com/in/support/product-support/cs-14Z90P-K.AA53A8/,India,Support - 일반,74
https://www.lg.com/in/support/product-support/troubleshoot/help-library/cs-CT52006584-20150507117357/,India,Support - Troubleshoot,71
https://www.lg.com/in/support/product-support/troubleshoot/help-library/cs-CT52006627-20155102820321,India,Support - Troubleshoot,75
https://www.lg.com/in/support/product-support/troubleshoot/help-library/cs-CT52006833-20155363589704/,India,Support - Troubleshoot,75
https://www.lg.com/in/support/product-support/troubleshoot/help-library/cs-CT52006833-20155117728312/,India,Support - Troubleshoot,75
https://www.lg.com/in/support/product-support/troubleshoot/help-library/cs-CT52006833-20155134073059/,India,Support - Troubleshoot,75
https://www.lg.com/in/support/product-support/troubleshoot/help-library/cs-CT52006627-20154982201813,India,Support - Troubleshoot,75
https://www.lg.com/in/support/product-support/troubleshoot/help-library/cs-CT52006584-1429188161269/,India,Support - Troubleshoot,71
https://www.lg.com/in/support/product-support/troubleshoot/help-library/cs-CT52006584-20155377717529,India,Support - Troubleshoot,75
https://www.lg.com/in/support/product-support/troubleshoot/help-library/cs-CT52006899-20155311261293/,India,Support - Troubleshoot,75
https://www.lg.com/in/support/product-support/troubleshoot/help-library/cs-CT40018301-20153186700733/,India,Support - Troubleshoot,71
https://www.lg.com/in/support/product-support/troubleshoot/help-library/cs-CT52006627-20155130219031,India,Support - Troubleshoot,75
https://www.lg.com/in/support/product-support/troubleshoot/help-library/cs-CT52006776-20155113390636/,India,Support - Troubleshoot,75
https://www.lg.com/in/support/product-support/troubleshoot/help-library/cs-CT40018301-20150117260489/,India,Support - Troubleshoot,71
https://www.lg.com/in/support/product-support/troubleshoot/help-library/cs-CT52006584-20154992569633,India,Support - Troubleshoot,75
https://www.lg.com/in/support/product-support/troubleshoot/help-library/cs-CT52006899-20155333774046,India,Support - Troubleshoot,75
https://www.lg.com/in/support/product-support/troubleshoot/help-library/cs-CT40018301-20153187900122/,India,Support - Troubleshoot,71
https://www.lg.com/in/support/product-support/troubleshoot/help-library/cs-CT52006627-20155379385256,India,Support - Troubleshoot,75
https://www.lg.com/in/support/product-support/troubleshoot/help-library/cs-CT52006584-20155062563191,India,Support - Troubleshoot,75
https://www.lg.com/in/support/product-support/troubleshoot/help-library/cs-CT52006627-20155048203592,India,Support - Troubleshoot,75
https://www.lg.com/in/support/product-support/troubleshoot/help-library/cs-CT00022939-20155198996793,India,Support - Troubleshoot,75
https://www.lg.com/in/support/product-support/troubleshoot/help-library/cs-CT52006584-1437135715125/,India,Support - Troubleshoot,71
https://www.lg.com/in/support/product-support/troubleshoot/help-library/cs-CT52006627-20155101721858,India,Support - Troubleshoot,75
https://www.lg.com/in/support/product-support/troubleshoot/help-library/cs-CT52006899-20155311458315,India,Support - Troubleshoot,75
https://www.lg.com/in/support/product-support/troubleshoot/help-library/cs-CT00022939-20155115748926,India,Support - Troubleshoot,75
https://www.lg.com/in/support/product-support/troubleshoot/help-library/cs-CT52006584-20150117260489/,India,Support - Troubleshoot,71
https://www.lg.com/in/support/product-support/troubleshoot/help-library/cs-CT52006899-20155311505799,India,Support - Troubleshoot,75
https://www.lg.com/in/support/product-support/troubleshoot/help-library/cs-CT40018301-20153229225223/,India,Support - Troubleshoot,71
https://www.lg.com/in/support/product-support/troubleshoot/help-library/cs-CT52006627-20155102936765,India,Support - Troubleshoot,75
https://www.lg.com/in/support/product-support/troubleshoot/help-library/cs-CT52006627-20155101722647,India,Support - Troubleshoot,75
https://www.lg.com/in/support/product-support/troubleshoot/help-library/cs-CT52006627-20155101715657,India,Support - Troubleshoot,75
https://www.lg.com/in/support/product-support/troubleshoot/help-library/cs-CT52006627-20155101730877,India,Support - Troubleshoot,75
https://www.lg.com/in/support/product-support/troubleshoot/help-library/cs-CT40018301-20153192700829/,India,Support - Troubleshoot,71
https://www.lg.com/in/support/product-support/troubleshoot/help-library/cs-CT52006899-20155311296371,India,Support - Troubleshoot,75
https://www.lg.com/in/support/product-support/troubleshoot/help-library/cs-CT52006627-20155255024186,India,Support - Troubleshoot,75
https://www.lg.com/in/support/product-support/troubleshoot/help-library/cs-CT52006627-20155200207794,India,Support - Troubleshoot,75
https://www.lg.com/in/support/product-support/troubleshoot/help-library/cs-CT52006627-20155380010857,India,Support - Troubleshoot,75
https://www.lg.com/in/support/product-support/troubleshoot/help-library/cs-CT52006833-20155130677351/,India,Support - Troubleshoot,75
https://www.lg.com/in/support/product-support/troubleshoot/help-library/cs-CT52006627-20155105955615,India,Support - Troubleshoot,75
https://www.lg.com/in/support/product-support/troubleshoot/help-library/cs-CT52006584-20155130446081,India,Support - Troubleshoot,75
https://www.lg.com/in/support/product-support/troubleshoot/help-library/cs-CT52006776-20155269118497/,India,Support - Troubleshoot,75
https://www.lg.com/in/support/product-support/troubleshoot/help-library/cs-CT00022939-20155062099006,India,Support - Troubleshoot,75
https://www.lg.com/in/support/product-support/troubleshoot/help-library/cs-CT52006833-20155274468007/,India,Support - Troubleshoot,75
https://www.lg.com/in/support/product-support/troubleshoot/help-library/cs-CT52006627-20155265318308,India,Support - Troubleshoot,75
https://www.lg.com/in/support/product-support/troubleshoot/help-library/cs-CT52006627-20154971200006,India,Support - Troubleshoot,75
https://www.lg.com/in/support/product-support/troubleshoot/help-library/cs-CT52006833-20155131947665/,India,Support - Troubleshoot,75
https://www.lg.com/in/support/product-support/troubleshoot/help-library/cs-CT40018301-20151536754540/,India,Support - Troubleshoot,71
https://www.lg.com/in/support/product-support/troubleshoot/help-library/cs-CT52006627-20155102931601,India,Support - Troubleshoot,75
https://www.lg.com/in/support/product-support/troubleshoot/help-library/cs-CT52006627-20155348058952,India,Support - Troubleshoot,75
https://www.lg.com/in/support/product-support/troubleshoot/help-library/cs-CT52006776-20155410294035,India,Support - Troubleshoot,75
https://www.lg.com/in/support/product-support/troubleshoot/help-library/cs-CT52006627-20155102808922,India,Support - Troubleshoot,75
https://www.lg.com/in/support/product-support/troubleshoot/help-library/cs-CT52006627-20155102797930,India,Support - Troubleshoot,75
https://www.lg.com/in/support/product-support/troubleshoot/help-library/cs-CT00025179-20151536754540/,India,Support - Troubleshoot,71
https://www.lg.com/in/support/product-support/troubleshoot/help-library/cs-CT52006899-20155316498464,India,Support - Troubleshoot,75
https://www.lg.com/in/support/product-support/troubleshoot/help-library/cs-CT52006627-20155209279241,India,Support - Troubleshoot,75
https://www.lg.com/in/support/product-support/troubleshoot/help-library/cs-CT52006584-1436490922734OLT/,India,Support - Troubleshoot,71
https://www.lg.com/in/support/product-support/troubleshoot/help-library/cs-CT52006833-20155017813122/,India,Support - Troubleshoot,75
https://www.lg.com/in/support/product-support/troubleshoot/help-library/cs-CT52006833-20155130416284/,India,Support - Troubleshoot,75
https://www.lg.com/in/support/product-support/troubleshoot/help-library/cs-CT52006627-20155370306128,India,Support - Troubleshoot,75
https://www.lg.com/in/support/product-support/troubleshoot/help-library/cs-CT52006776-20155115717294/,India,Support - Troubleshoot,75
https://www.lg.com/in/support/product-support/troubleshoot/help-library/cs-CT52006627-20155103094167,India,Support - Troubleshoot,75
https://www.lg.com/in/support/product-support/troubleshoot/help-library/cs-CT52006899-20155383938195/,India,Support - Troubleshoot,75
https://www.lg.com/in/support/product-support/troubleshoot/help-library/cs-CT52006833-20155060986494/,India,Support - Troubleshoot,79
https://www.lg.com/in/support/product-support/troubleshoot/help-library/cs-CT52006833-20155297253247/,India,Support - Troubleshoot,75
https://www.lg.com/in/support/product-support/troubleshoot/help-library/cs-CT52006584-1437135715125OLT/,India,Support - Troubleshoot,71
https://www.lg.com/in/support/product-support/troubleshoot/help-library/cs-CT52006899-20155311278876,India,Support - Troubleshoot,75
https://www.lg.com/in/support/product-support/troubleshoot/help-library/cs-CT52006776-20155051176484/,India,Support - Troubleshoot,75
https://www.lg.com/in/support/product-support/troubleshoot/help-library/cs-CT52006776-20155014964360/,India,Support - Troubleshoot,75
https://www.lg.com/in/support/product-support/troubleshoot/help-library/cs-CT52006627-20154971232020,India,Support - Troubleshoot,75
https://www.lg.com/in/support/product-support/troubleshoot/help-library/cs-CT52006584-20150256984097LST/,India,Support - Troubleshoot,71
https://www.lg.com/in/support/product-support/troubleshoot/help-library/cs-CT52006627-20155333893298,India,Support - Troubleshoot,75
https://www.lg.com/in/support/product-support/troubleshoot/help-library/cs-CT52006833-20155134075403/,India,Support - Troubleshoot,75
https://www.lg.com/in/support/product-support/troubleshoot/help-library/cs-CT40018301-20153185261152/,India,Support - Troubleshoot,71
https://www.lg.com/in/support/product-support/troubleshoot/help-library/cs-CT52006627-20155299039179,India,Support - Troubleshoot,75
https://www.lg.com/in/support/product-support/troubleshoot/help-library/cs-CT52006776-20155069778253/,India,Support - Troubleshoot,75
https://www.lg.com/in/support/product-support/troubleshoot/help-library/cs-CT52006627-20155101721986,India,Support - Troubleshoot,75
https://www.lg.com/in/support/product-support/troubleshoot/help-library/cs-CT52006627-20155027708334,India,Support - Troubleshoot,75
https://www.lg.com/in/support/product-support/troubleshoot/help-library/cs-CT52006627-20155102808653,India,Support - Troubleshoot,75
https://www.lg.com/in/support/product-support/troubleshoot/help-library/cs-CT52006584-1436490922734/,India,Support - Troubleshoot,71
https://www.lg.com/in/support/product-support/troubleshoot/help-library/cs-CT52006584-20150206755800/,India,Support - Troubleshoot,71
https://www.lg.com/in/support/product-support/troubleshoot/help-library/cs-CT52006627-20155105992962,India,Support - Troubleshoot,75
https://www.lg.com/in/support/product-support/troubleshoot/help-library/cs-CT52006833-20155366420868/,India,Support - Troubleshoot,75
https://www.lg.com/in/support/product-support/troubleshoot/help-library/cs-CT52006627-20153082659673,India,Support - Troubleshoot,75
https://www.lg.com/in/support/product-support/troubleshoot/help-library/cs-CT52006833-20155048195826/,India,Support - Troubleshoot,75
https://www.lg.com/in/support/product-support/troubleshoot/help-library/cs-CT52006627-20155102978994,India,Support - Troubleshoot,75
https://www.lg.com/in/support/product-support/troubleshoot/help-library/cs-CT52006776-20155268090349/,India,Support - Troubleshoot,75
https://www.lg.com/in/support/product-support/troubleshoot/help-library/cs-CT52006833-20155412574926/,India,Support - Troubleshoot,75
https://www.lg.com/in/support/product-support/troubleshoot/help-library/cs-CT52006627-20155102942058,India,Support - Troubleshoot,75
https://www.lg.com/in/support/product-support/troubleshoot/help-library/cs-CT40018301-20153185276952/,India,Support - Troubleshoot,71
https://www.lg.com/in/support/product-support/troubleshoot/help-library/cs-CT40018301-20153183528021/,India,Support - Troubleshoot,71
https://www.lg.com/in/support/product-support/troubleshoot/help-library/cs-CT52006833-20155304387021/,India,Support - Troubleshoot,75
https://www.lg.com/in/support/product-support/troubleshoot/help-library/cs-CT52006584-20150445856134/,India,Support - Troubleshoot,71
https://www.lg.com/in/support/product-support/troubleshoot/help-library/cs-CT52006627-20155368583992,India,Support - Troubleshoot,75
https://www.lg.com/in/support/product-support/troubleshoot/help-library/cs-CT52006833-20155198566855/,India,Support - Troubleshoot,75
https://www.lg.com/in/support/product-support/troubleshoot/help-library/cs-CT52006627-20155028312505,India,Support - Troubleshoot,75
https://www.lg.com/in/support/product-support/troubleshoot/help-library/cs-CT52006584-20155105900811,India,Support - Troubleshoot,75
https://www.lg.com/in/support/product-support/troubleshoot/help-library/cs-CT52006899-20155143217755,India,Support - Troubleshoot,75
https://www.lg.com/in/support/product-support/troubleshoot/help-library/cs-CT40018301-20153240804599/,India,Support - Troubleshoot,71
https://www.lg.com/in/support/product-support/troubleshoot/help-library/cs-CT52006899-20155410114123/,India,Support - Troubleshoot,75
https://www.lg.com/in/support/product-support/troubleshoot/help-library/cs-CT52006627-20155102832958,India,Support - Troubleshoot,75
https://www.lg.com/in/support/product-support/troubleshoot/help-library/cs-CT52006584-20150256984097/,India,Support - Troubleshoot,71
https://www.lg.com/mx/oled-tv/2021/a7-ai-processor/,Mexico,제품 상세 (PDP),74
https://www.lg.com/mx/tvs-qned/2022/,Mexico,제품 상세 (PDP),61
https://www.lg.com/mx/lgnanocell/8k/,Mexico,제품 상세 (PDP),68
https://www.lg.com/mx/nanocell-tv/2021/a7-ai-processor/,Mexico,제품 상세 (PDP),74
https://www.lg.com/mx/televisores/10years-world-no1-oled/,Mexico,제품 상세 (PDP),75
https://www.lg.com/mx/tv-soundbars/14fk3rb/,Mexico,제품 상세 (PDP),84
https://www.lg.com/mx/oled-tv/2021/a9-ai-processor/,Mexico,제품 상세 (PDP),75
https://www.lg.com/mx/tvs-qned/2023/,Mexico,제품 상세 (PDP),65
https://www.lg.com/mx/nanocell-tv/2021/a9-ai-processor/,Mexico,제품 상세 (PDP),75
https://www.lg.com/mx/televisores/2022/alpha7/,Mexico,제품 상세 (PDP),69
https://www.lg.com/mx/tv-soundbars/24mt45d/,Mexico,제품 상세 (PDP),81
https://www.lg.com/mx/televisores/2022/alpha9/,Mexico,제품 상세 (PDP),69
https://www.lg.com/mx/tv-soundbars/24mt49s-pu/,Mexico,제품 상세 (PDP),81
https://www.lg.com/mx/tv-soundbars/28mt49s-pu/,Mexico,제품 상세 (PDP),81
https://www.lg.com/mx/tv-soundbars/32lh500b/,Mexico,제품 상세 (PDP),84
https://www.lg.com/mx/tv-soundbars/32lh510b/,Mexico,제품 상세 (PDP),84
https://www.lg.com/mx/tv-soundbars/32lh570b/,Mexico,제품 상세 (PDP),84
https://www.lg.com/mx/tv-soundbars/32lj500b/,Mexico,제품 상세 (PDP),84
https://www.lg.com/mx/tv-soundbars/32lj550b/,Mexico,제품 상세 (PDP),84
https://www.lg.com/mx/tv-soundbars/32lk540bpua/,Mexico,제품 상세 (PDP),84
https://www.lg.com/mx/tv-soundbars/32lk610bpua/,Mexico,제품 상세 (PDP),84
https://www.lg.com/mx/tv-soundbars/32lm570bpua/,Mexico,제품 상세 (PDP),84
https://www.lg.com/mx/tv-soundbars/32lm630bpub/,Mexico,제품 상세 (PDP),84
https://www.lg.com/mx/tv-soundbars/32ln5300/,Mexico,제품 상세 (PDP),84
https://www.lg.com/mx/tv-soundbars/32ln530b/,Mexico,제품 상세 (PDP),84
https://www.lg.com/mx/tv-soundbars/32ln5700/,Mexico,제품 상세 (PDP),84
https://www.lg.com/mx/tv-soundbars/32ln5750/,Mexico,제품 상세 (PDP),84
https://www.lg.com/mx/tv-soundbars/39ln5300/,Mexico,제품 상세 (PDP),84
https://www.lg.com/mx/tv-soundbars/39ln5700/,Mexico,제품 상세 (PDP),79
https://www.lg.com/mx/tv-soundbars/42la6205/,Mexico,제품 상세 (PDP),84
https://www.lg.com/mx/tv-soundbars/42lb6500/,Mexico,제품 상세 (PDP),84
https://www.lg.com/mx/tv-soundbars/42ln5300/,Mexico,제품 상세 (PDP),84
https://www.lg.com/mx/tv-soundbars/42ln5390/,Mexico,제품 상세 (PDP),84
https://www.lg.com/mx/tv-soundbars/42ln5700/,Mexico,제품 상세 (PDP),84
https://www.lg.com/mx/tv-soundbars/42pn4500/,Mexico,제품 상세 (PDP),84
https://www.lg.com/mx/tv-soundbars/43lf5100/,Mexico,제품 상세 (PDP),84
https://www.lg.com/mx/tv-soundbars/43lh5000/,Mexico,제품 상세 (PDP),84
https://www.lg.com/mx/tv-soundbars/43lh5500/,Mexico,제품 상세 (PDP),84
https://www.lg.com/mx/tv-soundbars/43lj5500/,Mexico,제품 상세 (PDP),79
https://www.lg.com/mx/speakers/xboom/2025xboombywilliam/,Mexico,제품 상세 (PDP),71
https://www.lg.com/mx/soundbars/qp5/,Mexico,제품 상세 (PDP),81
https://www.lg.com/mx/soundbars/rnc7ob-sk1d/,Mexico,제품 상세 (PDP),81
https://www.lg.com/mx/soundbars/rnc9-sp2/,Mexico,제품 상세 (PDP),84
https://www.lg.com/mx/soundbars/s20a/,Mexico,제품 상세 (PDP),84
https://www.lg.com/mx/soundbars/s30a/,Mexico,제품 상세 (PDP),79
https://www.lg.com/mx/soundbars/s40q/,Mexico,제품 상세 (PDP),84
https://www.lg.com/mx/soundbars/s40t/,Mexico,제품 상세 (PDP),81
https://www.lg.com/mx/soundbars/s70tr/,Mexico,제품 상세 (PDP),81
https://www.lg.com/mx/soundbars/s75q/,Mexico,제품 상세 (PDP),81
https://www.lg.com/mx/soundbars/s75qr-xg5qbk/,Mexico,제품 상세 (PDP),87
https://www.lg.com/mx/soundbars/s75qr-xg5qgr/,Mexico,제품 상세 (PDP),87
https://www.lg.com/mx/soundbars/s75qr/,Mexico,제품 상세 (PDP),87
https://www.lg.com/mx/soundbars/s80qr-xg7qbk/,Mexico,제품 상세 (PDP),87
https://www.lg.com/mx/soundbars/s80qr-xg7qgr/,Mexico,제품 상세 (PDP),87
https://www.lg.com/mx/soundbars/s80qr/,Mexico,제품 상세 (PDP),87
https://www.lg.com/mx/soundbars/s80tr/,Mexico,제품 상세 (PDP),84
https://www.lg.com/mx/soundbars/s95qr-xo3qbk/,Mexico,제품 상세 (PDP),87
https://www.lg.com/mx/soundbars/s95qr/,Mexico,제품 상세 (PDP),87
https://www.lg.com/mx/soundbars/s95tr/,Mexico,제품 상세 (PDP),84
https://www.lg.com/mx/soundbars/sc9s-t90qbk/,Mexico,제품 상세 (PDP),79
https://www.lg.com/mx/soundbars/sc9s/,Mexico,제품 상세 (PDP),84
https://www.lg.com/mx/soundbars/se6s/,Mexico,제품 상세 (PDP),81
https://www.lg.com/mx/soundbars/sh5a/,Mexico,제품 상세 (PDP),84
https://www.lg.com/mx/soundbars/sh5wc/,Mexico,제품 상세 (PDP),84
https://www.lg.com/mx/soundbars/sh7q/,Mexico,제품 상세 (PDP),84
https://www.lg.com/mx/soundbars/sk1d/,Mexico,제품 상세 (PDP),84
https://www.lg.com/mx/soundbars/sl4/,Mexico,제품 상세 (PDP),81
https://www.lg.com/mx/soundbars/snh5/,Mexico,제품 상세 (PDP),84
https://www.lg.com/mx/soundbars/sp11ra/,Mexico,제품 상세 (PDP),81
https://www.lg.com/mx/soundbars/sp2/,Mexico,제품 상세 (PDP),84
https://www.lg.com/mx/soundbars/sp9a/,Mexico,제품 상세 (PDP),81
https://www.lg.com/mx/soundbars/sqc1/,Mexico,제품 상세 (PDP),84
https://www.lg.com/mx/monitores/17mb15t/,Mexico,제품 상세 (PDP),81
https://www.lg.com/mx/monitores/20mk400h-b/,Mexico,제품 상세 (PDP),74
https://www.lg.com/mx/monitores/22mn42a/,Mexico,제품 상세 (PDP),81
https://www.lg.com/mx/monitores/22mp400-b/,Mexico,제품 상세 (PDP),81
https://www.lg.com/mx/monitores/combos-monitores/17brms3032-t90s/,Mexico,제품 상세 (PDP),79
https://www.lg.com/mx/monitores/combos-monitores/24u411-ms2032/,Mexico,제품 상세 (PDP),84
https://www.lg.com/mx/monitores/combos-monitores/24u411-ms20321/,Mexico,제품 상세 (PDP),84
https://www.lg.com/mx/monitores/combos-monitores/27u511s-buds/,Mexico,제품 상세 (PDP),78
https://www.lg.com/mx/monitores/combos-monitores/27us500-xo2tbe/,Mexico,제품 상세 (PDP),81
https://www.lg.com/mx/monitores/combos-monitores/29u511-86ua75/,Mexico,제품 상세 (PDP),84
https://www.lg.com/mx/monitores/combos-monitores/29u511-ms1596/,Mexico,제품 상세 (PDP),84
https://www.lg.com/mx/monitores/combos-monitores/29u511-ms15961/,Mexico,제품 상세 (PDP),84
https://www.lg.com/mx/monitores/combos-monitores/29u511-s30a/,Mexico,제품 상세 (PDP),84
https://www.lg.com/mx/monitores/combos-monitores/32u721-sta32/,Mexico,제품 상세 (PDP),81
https://www.lg.com/mx/monitores/combos-monitores/45gx950-27g411/,Mexico,제품 상세 (PDP),84
https://www.lg.com/mx/monitores/ergo-monitors/28mq780-b/,Mexico,제품 상세 (PDP),81
https://www.lg.com/mx/monitores/gaming/24gn60r-b/,Mexico,제품 상세 (PDP),81
https://www.lg.com/mx/monitores/gaming/24gq50f/,Mexico,제품 상세 (PDP),81
https://www.lg.com/mx/monitores/gaming/25g523b-b/,Mexico,제품 상세 (PDP),81
https://www.lg.com/mx/monitores/gaming/25g590b-b/,Mexico,제품 상세 (PDP),84
https://www.lg.com/mx/monitores/gaming/27g520b-b/,Mexico,제품 상세 (PDP),81
https://www.lg.com/mx/monitores/gaming/27g523b-b/,Mexico,제품 상세 (PDP),81
https://www.lg.com/mx/monitores/gaming/27g64na-b/,Mexico,제품 상세 (PDP),84
https://www.lg.com/mx/monitores/gaming/27gn60r-b/,Mexico,제품 상세 (PDP),81
https://www.lg.com/mx/monitores/gaming/27gq50f/,Mexico,제품 상세 (PDP),81
https://www.lg.com/mx/monitores/gaming/27gr95qe-b/,Mexico,제품 상세 (PDP),81
https://www.lg.com/mx/monitores/gaming/27gs60qc-b/,Mexico,제품 상세 (PDP),90
https://www.lg.com/mx/monitores/gaming/32g620b-b/,Mexico,제품 상세 (PDP),81
https://www.lg.com/mx/monitores/gaming/32gn600-b/,Mexico,제품 상세 (PDP),81
https://www.lg.com/mx/monitores/gaming/32gs60qc-b/,Mexico,제품 상세 (PDP),90
https://www.lg.com/mx/monitores/gaming/34g630a-b/,Mexico,제품 상세 (PDP),84
https://www.lg.com/mx/monitores/gaming/34gn850-b/,Mexico,제품 상세 (PDP),81
https://www.lg.com/mx/monitores/gaming/34gp63a-b/,Mexico,제품 상세 (PDP),81
https://www.lg.com/mx/monitores/gaming/39gx950b-b/,Mexico,제품 상세 (PDP),84
https://www.lg.com/mx/monitores/gaming/45gr95qe-b/,Mexico,제품 상세 (PDP),81
https://www.lg.com/mx/monitores/gaming/45gs95qe-b/,Mexico,제품 상세 (PDP),90
https://www.lg.com/mx/monitores/gaming/45gx90sa-b/,Mexico,제품 상세 (PDP),87
https://www.lg.com/mx/monitores/gaming/45gx950a-b/,Mexico,제품 상세 (PDP),88
https://www.lg.com/mx/monitores/monitores-full-hd-qhd/17br30t-b/,Mexico,제품 상세 (PDP),87
https://www.lg.com/mx/monitores/monitores-full-hd-qhd/19ba300-b/,Mexico,제품 상세 (PDP),87
https://www.lg.com/mx/monitores/monitores-full-hd-qhd/19m38l-b/,Mexico,제품 상세 (PDP),87
https://www.lg.com/mx/monitores/monitores-full-hd-qhd/22mk400h-b/,Mexico,제품 상세 (PDP),81
https://www.lg.com/mx/monitores/monitores-full-hd-qhd/22mk430h-b/,Mexico,제품 상세 (PDP),81
https://www.lg.com/mx/monitores/monitores-full-hd-qhd/22mp410-b/,Mexico,제품 상세 (PDP),74
https://www.lg.com/mx/monitores/monitores-full-hd-qhd/22mp55hq/,Mexico,제품 상세 (PDP),81
https://www.lg.com/mx/refrigeradores/combos-refrigeradores/gb35bvbob-bounce/,Mexico,제품 상세 (PDP),81
https://www.lg.com/mx/refrigeradores/combos-refrigeradores/gb45sptob-s20a/,Mexico,제품 상세 (PDP),76
https://www.lg.com/mx/refrigerators/eay62909702/,Mexico,제품 상세 (PDP),81
https://www.lg.com/mx/refrigeradores/combos-refrigeradores/gf21gr21-ms3032/,Mexico,제품 상세 (PDP),84
https://www.lg.com/mx/refrigeradores/combos-refrigeradores/gf22bgsk-ms3032/,Mexico,제품 상세 (PDP),84
https://www.lg.com/mx/refrigeradores/combos-refrigeradores/gf22bgsk-xt7s/,Mexico,제품 상세 (PDP),81
https://www.lg.com/mx/refrigeradores/combos-refrigeradores/gm29bipob-55ua75/,Mexico,제품 상세 (PDP),84
https://www.lg.com/mx/refrigeradores/combos-refrigeradores/gm29bipob-sh5a/,Mexico,제품 상세 (PDP),84
https://www.lg.com/mx/refrigeradores/combos-refrigeradores/gm90fqpob-s40t/,Mexico,제품 상세 (PDP),81
https://www.lg.com/mx/refrigeradores/combos-refrigeradores/gr21wpp-gf21bpp/,Mexico,제품 상세 (PDP),84
https://www.lg.com/mx/refrigeradores/combos-refrigeradores/gr21wppob-s20a/,Mexico,제품 상세 (PDP),84
https://www.lg.com/mx/refrigeradores/combos-refrigeradores/gt32bpob-sk1d/,Mexico,제품 상세 (PDP),84
https://www.lg.com/mx/refrigeradores/combos-refrigeradores/gt35wpob-xg2tbk/,Mexico,제품 상세 (PDP),81
https://www.lg.com/mx/refrigeradores/combos-refrigeradores/lt57bpob-50ua75/,Mexico,제품 상세 (PDP),81
https://www.lg.com/mx/refrigeradores/combos-refrigeradores/lt57btob-xo2tbk/,Mexico,제품 상세 (PDP),84
https://www.lg.com/mx/refrigeradores/combos-refrigeradores/lt57ob-ms20/,Mexico,제품 상세 (PDP),81
https://www.lg.com/mx/refrigeradores/combos-refrigeradores/vs23bepob-50ua75/,Mexico,제품 상세 (PDP),81
https://www.lg.com/mx/refrigeradores/combos-refrigeradores/vs23bqbob-xl5t/,Mexico,제품 상세 (PDP),74
https://www.lg.com/mx/refrigeradores/combos-refrigeradores/vs23bqhob-sc9s/,Mexico,제품 상세 (PDP),84
https://www.lg.com/mx/refrigeradores/combos-refrigeradores/vs27bxqp-ms1597/,Mexico,제품 상세 (PDP),84
https://www.lg.com/mx/refrigeradores/combos-refrigeradores/vs27bxqpob-55qned/,Mexico,제품 상세 (PDP),81
https://www.lg.com/mx/refrigeradores/combos-refrigeradores/vt40bkob-s20a/,Mexico,제품 상세 (PDP),84
https://www.lg.com/mx/refrigeradores/combos-refrigeradores/vt40bob-ms20/,Mexico,제품 상세 (PDP),81
https://www.lg.com/mx/refrigeradores/combos-refrigeradores/vt40bpob-43lr67/,Mexico,제품 상세 (PDP),84
https://www.lg.com/mx/refrigeradores/combos-refrigeradores/vt40wob-ms20/,Mexico,제품 상세 (PDP),81
https://www.lg.com/mx/refrigeradores/combos-refrigeradores/vt40wpob-43lr67/,Mexico,제품 상세 (PDP),84
https://www.lg.com/mx/refrigeradores/combos-refrigeradores/vt40wpob-buds/,Mexico,제품 상세 (PDP),87
https://www.lg.com/mx/refrigeradores/combos-refrigeradores/vt40wt21-43ur780/,Mexico,제품 상세 (PDP),84
https://www.lg.com/mx/refrigeradores/gc34bpw/,Mexico,제품 상세 (PDP),81
https://www.lg.com/mx/refrigeradores/gu20wpp/,Mexico,제품 상세 (PDP),81
https://www.lg.com/mx/lavadoras-y-secadoras/combos-lavadoras-y-secadores/wd14vv3s6c-xt7s/,Mexico,제품 상세 (PDP),84
https://www.lg.com/mx/lavadoras-y-secadoras/combos-lavadoras-y-secadores/wd1632lr-ms3032/,Mexico,제품 상세 (PDP),84
https://www.lg.com/mx/lavadoras-y-secadoras/combos-lavadoras-y-secadores/wd16sg2s6-xg5qgr/,Mexico,제품 상세 (PDP),84
https://www.lg.com/mx/lavadoras-y-secadoras/combos-lavadoras-y-secadores/wd16sg2s6ob-t90s/,Mexico,제품 상세 (PDP),76
https://www.lg.com/mx/lavadoras-y-secadoras/combos-lavadoras-y-secadores/wd16w051-ms1536/,Mexico,제품 상세 (PDP),84
https://www.lg.com/mx/lavadoras-y-secadoras/combos-lavadoras-y-secadores/wd16wg2s6ob-xo2tbe/,Mexico,제품 상세 (PDP),84
https://www.lg.com/mx/lavadoras-y-secadoras/combos-lavadoras-y-secadores/wd16wg2sob-xo2tbk/,Mexico,제품 상세 (PDP),84
https://www.lg.com/mx/lavadoras-y-secadoras/combos-lavadoras-y-secadores/wd16wgob-50ua75/,Mexico,제품 상세 (PDP),84
https://www.lg.com/mx/lavadoras-y-secadoras/combos-lavadoras-y-secadores/wd20egntsob-sc9s/,Mexico,제품 상세 (PDP),81
https://www.lg.com/mx/lavadoras-y-secadoras/combos-lavadoras-y-secadores/wd20vv2s6r-xg7qbk/,Mexico,제품 상세 (PDP),81
https://www.lg.com/mx/lavadoras-y-secadoras/combos-lavadoras-y-secadores/wd20vv2s6r-xg7qgr/,Mexico,제품 상세 (PDP),81
https://www.lg.com/mx/lavadoras-y-secadoras/combos-lavadoras-y-secadores/wk22bs6-s3mfbn/,Mexico,제품 상세 (PDP),84
https://www.lg.com/mx/lavadoras-y-secadoras/combos-lavadoras-y-secadores/wm22wv26ob-xl5t/,Mexico,제품 상세 (PDP),78
https://www.lg.com/mx/lavadoras-y-secadoras/combos-lavadoras-y-secadores/wm25wv2s6ob-ck43n/,Mexico,제품 상세 (PDP),84
https://www.lg.com/mx/lavadoras-y-secadoras/combos-lavadoras-y-secadores/wp18mar-xt7s/,Mexico,제품 상세 (PDP),84
https://www.lg.com/mx/lavadoras-y-secadoras/combos-lavadoras-y-secadores/wt18dv6ob-buds/,Mexico,제품 상세 (PDP),81
https://www.lg.com/mx/lavadoras-y-secadoras/combos-lavadoras-y-secadores/wt18dvob-43lr67/,Mexico,제품 상세 (PDP),84
https://www.lg.com/mx/lavadoras-y-secadoras/combos-lavadoras-y-secadores/wt18wv6ob-xg2tbk/,Mexico,제품 상세 (PDP),84
https://www.lg.com/mx/lavadoras-y-secadoras/combos-lavadoras-y-secadores/wt19wv6ob-s20a/,Mexico,제품 상세 (PDP),81
https://www.lg.com/mx/lavadoras-y-secadoras/combos-lavadoras-y-secadores/wt19wvob-43lr67/,Mexico,제품 상세 (PDP),84
https://www.lg.com/mx/lavadoras-y-secadoras/combos-lavadoras-y-secadores/wt21ms1596-lt57bt/,Mexico,제품 상세 (PDP),84
https://www.lg.com/mx/lavadoras-y-secadoras/combos-lavadoras-y-secadores/wt21mt6hob-sh5a/,Mexico,제품 상세 (PDP),81
https://www.lg.com/mx/lavadoras-y-secadoras/combos-lavadoras-y-secadores/wt21wv6ob-grab/,Mexico,제품 상세 (PDP),81
https://www.lg.com/mx/lavadoras-y-secadoras/dlgx3571v/,Mexico,제품 상세 (PDP),81
https://www.lg.com/mx/lavadoras-y-secadoras/lavadoras-de-carga-frontal/wd10sb6/,Mexico,제품 상세 (PDP),77
https://www.lg.com/mx/lavadoras-y-secadoras/lavadoras-de-carga-frontal/wd10wb6/,Mexico,제품 상세 (PDP),77
https://www.lg.com/mx/lavadoras-y-secadoras/lavadoras-de-carga-frontal/wd1247rds/,Mexico,제품 상세 (PDP),81
https://www.lg.com/mx/lavadoras-y-secadoras/lavadoras-de-carga-frontal/wd12sb6/,Mexico,제품 상세 (PDP),77
https://www.lg.com/mx/lavadoras-y-secadoras/lavadoras-de-carga-frontal/wd12vvc3s6c/,Mexico,제품 상세 (PDP),81
https://www.lg.com/mx/lavadoras-y-secadoras/lavadoras-de-carga-frontal/wd12vvc4s6s-sp2/,Mexico,제품 상세 (PDP),81
https://www.lg.com/mx/lavadoras-y-secadoras/lavadoras-de-carga-frontal/wd12vvc4s6s/,Mexico,제품 상세 (PDP),88
https://www.lg.com/mx/lavadoras-y-secadoras/lavadoras-de-carga-frontal/wd12wts6/,Mexico,제품 상세 (PDP),81
https://www.lg.com/mx/lavadoras-y-secadoras/lavadoras-de-carga-frontal/wd12wvc4s6-xg5qgr/,Mexico,제품 상세 (PDP),84
https://www.lg.com/mx/lavadoras-y-secadoras/lavadoras-de-carga-frontal/wd12wvc4s6/,Mexico,제품 상세 (PDP),90
https://www.lg.com/mx/lavadoras-y-secadoras/lavadoras-de-carga-frontal/wd1451rd/,Mexico,제품 상세 (PDP),81
https://www.lg.com/mx/lavadoras-y-secadoras/lavadoras-de-carga-frontal/wd1457rd/,Mexico,제품 상세 (PDP),81
https://www.lg.com/mx/lavadoras-y-secadoras/lavadoras-de-carga-frontal/wd14vv3s6c/,Mexico,제품 상세 (PDP),82
https://www.lg.com/mx/lavadoras-y-secadoras/lavadoras-de-carga-frontal/wd1571rd/,Mexico,제품 상세 (PDP),77
https://www.lg.com/mx/lavadoras-y-secadoras/lavadoras-de-carga-frontal/wd1577rd/,Mexico,제품 상세 (PDP),77
https://www.lg.com/mx/lavadoras-y-secadoras/lavadoras-de-carga-frontal/wd15sgs6/,Mexico,제품 상세 (PDP),81
https://www.lg.com/mx/lavavajillas/ldf5545st/,Mexico,제품 상세 (PDP),81
https://www.lg.com/mx/lavavajillas/ldf8072st/,Mexico,제품 상세 (PDP),81
https://www.lg.com/mx/lavavajillas/ldfc2423v/,Mexico,제품 상세 (PDP),88
https://www.lg.com/mx/lavavajillas/ldfn3432t/,Mexico,제품 상세 (PDP),90
https://www.lg.com/mx/lavavajillas/ldfn4542s/,Mexico,제품 상세 (PDP),90
https://www.lg.com/mx/lavavajillas/ldp6810bd-ms2032/,Mexico,제품 상세 (PDP),84
https://www.lg.com/mx/lavavajillas/ldp6810bd/,Mexico,제품 상세 (PDP),90
https://www.lg.com/mx/lavavajillas/ldp6810ss/,Mexico,제품 상세 (PDP),90
https://www.lg.com/mx/lavavajillas/ldp7708bd/,Mexico,제품 상세 (PDP),81
https://www.lg.com/mx/lavavajillas/ldp7708st/,Mexico,제품 상세 (PDP),81
https://www.lg.com/mx/lavavajillas/lds5040st/,Mexico,제품 상세 (PDP),81
https://www.lg.com/mx/lavavajillas/ldts5552s/,Mexico,제품 상세 (PDP),90
https://www.lg.com/mx/lavavajillas/lfdfd4441t/,Mexico,제품 상세 (PDP),88
https://www.lg.com/mx/aire-acondicionado/aire-acondicionado-split/s362cg/,Mexico,제품 상세 (PDP),81
https://www.lg.com/mx/aire-acondicionado/aire-acondicionado-split/s362hg/,Mexico,제품 상세 (PDP),84
https://www.lg.com/mx/aire-acondicionado/aire-acondicionado-split/sg122cj/,Mexico,제품 상세 (PDP),84
https://www.lg.com/mx/aire-acondicionado/aire-acondicionado-split/sg182cj/,Mexico,제품 상세 (PDP),84
https://www.lg.com/mx/aire-acondicionado/aire-acondicionado-split/sg242cj/,Mexico,제품 상세 (PDP),84
https://www.lg.com/mx/aire-acondicionado/aire-acondicionado-split/sm282ce/,Mexico,제품 상세 (PDP),81
https://www.lg.com/mx/aire-acondicionado/aire-acondicionado-split/sp091cm/,Mexico,제품 상세 (PDP),81
https://www.lg.com/mx/aire-acondicionado/aire-acondicionado-split/sp121cm/,Mexico,제품 상세 (PDP),81
https://www.lg.com/mx/aire-acondicionado/aire-acondicionado-split/sp121hm/,Mexico,제품 상세 (PDP),81
https://www.lg.com/mx/aire-acondicionado/aire-acondicionado-split/sp122cm/,Mexico,제품 상세 (PDP),81
https://www.lg.com/mx/aire-acondicionado/aire-acondicionado-split/sp122hm/,Mexico,제품 상세 (PDP),81
https://www.lg.com/mx/aire-acondicionado/aire-acondicionado-split/sp182cm/,Mexico,제품 상세 (PDP),81
https://www.lg.com/mx/aire-acondicionado/aire-acondicionado-split/sp182hm/,Mexico,제품 상세 (PDP),81
https://www.lg.com/mx/aire-acondicionado/aire-acondicionado-split/sp242cm/,Mexico,제품 상세 (PDP),81
https://www.lg.com/mx/aire-acondicionado/aire-acondicionado-split/sp242hm/,Mexico,제품 상세 (PDP),81
https://www.lg.com/mx/aire-acondicionado/aire-acondicionado-split/sw342hp/,Mexico,제품 상세 (PDP),81
https://www.lg.com/mx/aire-acondicionado/aire-acondicionado-split/sw362hp/,Mexico,제품 상세 (PDP),81
https://www.lg.com/mx/aire-acondicionado/aire-acondicionado-split/sw362hv/,Mexico,제품 상세 (PDP),81
https://www.lg.com/mx/aire-acondicionado/aire-acondicionado-split/va123cl/,Mexico,제품 상세 (PDP),81
https://www.lg.com/mx/aire-acondicionado/aire-acondicionado-split/va123hl/,Mexico,제품 상세 (PDP),81
https://www.lg.com/mx/aire-acondicionado/aire-acondicionado-split/va183cl/,Mexico,제품 상세 (PDP),81
https://www.lg.com/mx/aire-acondicionado/aire-acondicionado-split/va183hl/,Mexico,제품 상세 (PDP),76
https://www.lg.com/mx/aire-acondicionado/aire-acondicionado-split/va243cl/,Mexico,제품 상세 (PDP),81
https://www.lg.com/mx/aire-acondicionado/aire-acondicionado-split/va243hl/,Mexico,제품 상세 (PDP),81
https://www.lg.com/mx/aire-acondicionado/aire-acondicionado-split/vh122h7/,Mexico,제품 상세 (PDP),81
https://www.lg.com/mx/aire-acondicionado/aire-acondicionado-split/vm121c6/,Mexico,제품 상세 (PDP),81
https://www.lg.com/mx/aire-acondicionado/aire-acondicionado-split/vm121c8/,Mexico,제품 상세 (PDP),77
https://www.lg.com/mx/aire-acondicionado/aire-acondicionado-split/vm121ce/,Mexico,제품 상세 (PDP),81
https://www.lg.com/mx/aire-acondicionado/aire-acondicionado-split/vm121h6/,Mexico,제품 상세 (PDP),81
https://www.lg.com/mx/aire-acondicionado/aire-acondicionado-split/vm121he/,Mexico,제품 상세 (PDP),81
https://www.lg.com/mx/aire-acondicionado/aire-acondicionado-split/vm122c6/,Mexico,제품 상세 (PDP),81
https://www.lg.com/mx/aire-acondicionado/aire-acondicionado-split/vm122c7/,Mexico,제품 상세 (PDP),77
https://www.lg.com/mx/aire-acondicionado/aire-acondicionado-split/vm122ce/,Mexico,제품 상세 (PDP),81
https://www.lg.com/mx/aire-acondicionado/aire-acondicionado-split/vm122cl/,Mexico,제품 상세 (PDP),81
https://www.lg.com/mx/aire-acondicionado/aire-acondicionado-split/vm122cs/,Mexico,제품 상세 (PDP),81
https://www.lg.com/mx/aire-acondicionado/aire-acondicionado-split/vm122h6/,Mexico,제품 상세 (PDP),81
https://www.lg.com/mx/aire-acondicionado/aire-acondicionado-split/vm122h7/,Mexico,제품 상세 (PDP),77
https://www.lg.com/mx/aire-acondicionado/aire-acondicionado-split/vm122he/,Mexico,제품 상세 (PDP),81
https://www.lg.com/mx/aire-acondicionado/aire-acondicionado-split/vm122hs/,Mexico,제품 상세 (PDP),81
https://www.lg.com/mx/aire-acondicionado/aire-acondicionado-split/vm182c6/,Mexico,제품 상세 (PDP),77
https://www.lg.com/mx/aire-acondicionado/aire-acondicionado-split/vm182c7/,Mexico,제품 상세 (PDP),77
https://www.lg.com/mx/aire-acondicionado/aire-acondicionado-split/vm182ce/,Mexico,제품 상세 (PDP),81
https://www.lg.com/mx/aire-acondicionado/aire-acondicionado-split/vm182cl/,Mexico,제품 상세 (PDP),81
https://www.lg.com/mx/aire-acondicionado/aire-acondicionado-split/vm182cs/,Mexico,제품 상세 (PDP),81
https://www.lg.com/mx/purificadores/purificador/ag161bwc0/,Mexico,제품 상세 (PDP),84
https://www.lg.com/mx/purificadores/purificador/as401vsa0/,Mexico,제품 상세 (PDP),77
https://www.lg.com/mx/purificadores/purificador/as601hwa0/,Mexico,제품 상세 (PDP),84
https://www.lg.com/mx/purificadores/purificador/ud701kog1/,Mexico,제품 상세 (PDP),77
https://www.lg.com/mx/purificadores/purificador/ud701kog3/,Mexico,제품 상세 (PDP),81
https://www.lg.com/mx/purificadores/ventilador/lcf12p/,Mexico,제품 상세 (PDP),81
https://www.lg.com/mx/cooktops/lrgl5841s/,Mexico,제품 상세 (PDP),81
https://www.lg.com/mx/microwaves/mh1536gir/,Mexico,제품 상세 (PDP),81
https://www.lg.com/mx/equipo-de-cocina/campanas/hcez3605s/,Mexico,제품 상세 (PDP),81
https://www.lg.com/mx/cooktops/lrgl5843s/,Mexico,제품 상세 (PDP),81
https://www.lg.com/mx/microwaves/mh1596cir/,Mexico,제품 상세 (PDP),81
https://www.lg.com/mx/equipo-de-cocina/campanas/hcez3605s2/,Mexico,제품 상세 (PDP),87
https://www.lg.com/mx/cooktops/lrgl5845s/,Mexico,제품 상세 (PDP),77
https://www.lg.com/mx/microwaves/mh1596dir/,Mexico,제품 상세 (PDP),81
https://www.lg.com/mx/equipo-de-cocina/combos-equipo-de-cocina/lr5843sldfc-ms3032/,Mexico,제품 상세 (PDP),81
https://www.lg.com/mx/cooktops/lrgl5847s/,Mexico,제품 상세 (PDP),81
https://www.lg.com/mx/microwaves/mj1466apr/,Mexico,제품 상세 (PDP),81
https://www.lg.com/mx/equipo-de-cocina/estufas/lrgl5840s/,Mexico,제품 상세 (PDP),84
https://www.lg.com/mx/cooktops/lrgz5253s/,Mexico,제품 상세 (PDP),81
https://www.lg.com/mx/microwaves/ms1536gir/,Mexico,제품 상세 (PDP),81
https://www.lg.com/mx/equipo-de-cocina/estufas/lrgl5841s-hcezs2/,Mexico,제품 상세 (PDP),84
https://www.lg.com/mx/cooktops/lrgz5255s/,Mexico,제품 상세 (PDP),81
https://www.lg.com/mx/microwaves/ms1536gis/,Mexico,제품 상세 (PDP),81
https://www.lg.com/mx/equipo-de-cocina/estufas/lrgl5841s/,Mexico,제품 상세 (PDP),84
https://www.lg.com/mx/microwaves/ms1596cir/,Mexico,제품 상세 (PDP),81
https://www.lg.com/mx/equipo-de-cocina/estufas/lrgl5841sob-hcezs2/,Mexico,제품 상세 (PDP),79
https://www.lg.com/mx/microwaves/ms1596dir/,Mexico,제품 상세 (PDP),81
https://www.lg.com/mx/equipo-de-cocina/estufas/lrgl5843s-ms1597/,Mexico,제품 상세 (PDP),84
https://www.lg.com/mx/microwaves/ms1597dis/,Mexico,제품 상세 (PDP),81
https://www.lg.com/mx/equipo-de-cocina/estufas/lrgl5843s-ms2032/,Mexico,제품 상세 (PDP),84
https://www.lg.com/mx/equipo-de-cocina/estufas/lrgl5843s/,Mexico,제품 상세 (PDP),84
https://www.lg.com/mx/equipo-de-cocina/estufas/lrgl5843sob-ms1597/,Mexico,제품 상세 (PDP),84
https://www.lg.com/mx/equipo-de-cocina/estufas/lrgl5843sob-ms2032/,Mexico,제품 상세 (PDP),81
https://www.lg.com/mx/equipo-de-cocina/estufas/lrgl5844s/,Mexico,제품 상세 (PDP),88
https://www.lg.com/mx/equipo-de-cocina/estufas/lrgl5845s-mh1536/,Mexico,제품 상세 (PDP),84
https://www.lg.com/mx/equipo-de-cocina/estufas/lrgl5845s/,Mexico,제품 상세 (PDP),84
https://www.lg.com/mx/equipo-de-cocina/estufas/lrgl5845sob-mh1536/,Mexico,제품 상세 (PDP),84
https://www.lg.com/mx/equipo-de-cocina/estufas/lrgl5847s-hcezs2/,Mexico,제품 상세 (PDP),81
https://www.lg.com/mx/equipo-de-cocina/estufas/lrgl5847s/,Mexico,제품 상세 (PDP),81
https://www.lg.com/mx/equipo-de-cocina/estufas/lrgl5847sob-hcezs2/,Mexico,제품 상세 (PDP),81
https://www.lg.com/mx/equipo-de-cocina/estufas/lrgz5253s-hcez360/,Mexico,제품 상세 (PDP),81
https://www.lg.com/mx/equipo-de-cocina/estufas/lrgz5253s/,Mexico,제품 상세 (PDP),84
https://www.lg.com/mx/equipo-de-cocina/estufas/lrgz5255s-ms3032/,Mexico,제품 상세 (PDP),79
https://www.lg.com/mx/equipo-de-cocina/estufas/lrgz5255s/,Mexico,제품 상세 (PDP),84
https://www.lg.com/mx/equipo-de-cocina/estufas/rsg313c/,Mexico,제품 상세 (PDP),84
https://www.lg.com/mx/equipo-de-cocina/estufas/rsg313m/,Mexico,제품 상세 (PDP),84
https://www.lg.com/mx/equipo-de-cocina/estufas/rsg314m/,Mexico,제품 상세 (PDP),84
https://www.lg.com/mx/equipo-de-cocina/estufas/rsg314s/,Mexico,제품 상세 (PDP),84
https://www.lg.com/mx/equipo-de-cocina/estufas/rsg315t/,Mexico,제품 상세 (PDP),84
https://www.lg.com/mx/equipo-de-cocina/estufas/rsg316t/,Mexico,제품 상세 (PDP),84
https://www.lg.com/mx/aspiradoras/a9k-master/,Mexico,제품 상세 (PDP),84
https://www.lg.com/mx/aspiradoras/a9k-pro/,Mexico,제품 상세 (PDP),88
https://www.lg.com/mx/aspiradoras/a9n-core/,Mexico,제품 상세 (PDP),81
https://www.lg.com/mx/aspiradoras/a9t-ultra/,Mexico,제품 상세 (PDP),82
https://www.lg.com/mx/aspiradoras/r3-prime/,Mexico,제품 상세 (PDP),81
https://www.lg.com/mx/aspiradoras/r5-plus/,Mexico,제품 상세 (PDP),81
https://www.lg.com/mx/aspiradoras/r5-ultimate/,Mexico,제품 상세 (PDP),88
https://www.lg.com/mx/aspiradoras/vc2216b/,Mexico,제품 상세 (PDP),81
https://www.lg.com/mx/aspiradoras/vc2216r/,Mexico,제품 상세 (PDP),81
https://www.lg.com/mx/aspiradoras/vc2216v/,Mexico,제품 상세 (PDP),81
https://www.lg.com/mx/aspiradoras/vc3013ae/,Mexico,제품 상세 (PDP),81
https://www.lg.com/mx/aspiradoras/vc4014b/,Mexico,제품 상세 (PDP),81
https://www.lg.com/mx/aspiradoras/vk7913bl/,Mexico,제품 상세 (PDP),81
https://www.lg.com/mx/aspiradoras/vk8813xr/,Mexico,제품 상세 (PDP),81
https://www.lg.com/mx/accesorios/accesorios1/,Mexico,제품 상세 (PDP),61
https://www.lg.com/mx/accesorios-aire-acondicionado/5214fr3188g/,Mexico,제품 상세 (PDP),81
https://www.lg.com/mx/accesorios-audio-video/agf30028401/,Mexico,제품 상세 (PDP),81
https://www.lg.com/mx/accesorios-compresores-refrigerador-aire/tbz35837701/,Mexico,제품 상세 (PDP),81
https://www.lg.com/mx/accesorios-filtros-lavadoras/3550ey1031d/,Mexico,제품 상세 (PDP),81
https://www.lg.com/mx/accesorios-filtros-refrigeradores/3219ja3001p/,Mexico,제품 상세 (PDP),81
https://www.lg.com/mx/accesorios-hornos-estufas/3b74133p/,Mexico,제품 상세 (PDP),81
https://www.lg.com/mx/accesorios-para-aspiradoras/aaa77685208/,Mexico,제품 상세 (PDP),81
https://www.lg.com/mx/accesorios-para-tv/aan75851207/,Mexico,제품 상세 (PDP),81
https://www.lg.com/mx/aire-acondicionado/aire-acondicionado-split/vm182h6/,Mexico,제품 상세 (PDP),77
https://www.lg.com/mx/all-soundsuite/h7-m5m5003/,Mexico,제품 상세 (PDP),84
https://www.lg.com/mx/auriculares-inalambricos/audifono-uvnano/tf7qbi-pm1/,Mexico,제품 상세 (PDP),81
https://www.lg.com/mx/best/best1/,Mexico,제품 상세 (PDP),61
https://www.lg.com/mx/combos/hs/hs1/,Mexico,제품 상세 (PDP),64
https://www.lg.com/mx/equipo-de-cocina/microondas/mc1288trc/,Mexico,제품 상세 (PDP),81
https://www.lg.com/mx/equipos-de-sonido/baffles/rm2/,Mexico,제품 상세 (PDP),81
https://www.lg.com/mx/errors/404/,Mexico,제품 상세 (PDP),68
https://www.lg.com/mx/hoods/hcez3605s2/,Mexico,제품 상세 (PDP),84
https://www.lg.com/mx/lavadoras-y-secadoras/lavadoras-de-carga-frontal/wd15wgs6/,Mexico,제품 상세 (PDP),81
https://www.lg.com/mx/lifestyle-screens/flex/42lx3qpsa/,Mexico,제품 상세 (PDP),81
https://www.lg.com/mx/monitores/monitores-full-hd-qhd/22mr410-b/,Mexico,제품 상세 (PDP),87
https://www.lg.com/mx/proyectores/bf40qs/,Mexico,제품 상세 (PDP),81
https://www.lg.com/mx/refrigeradores/instaview-refrigeradores/gm65bqp/,Mexico,제품 상세 (PDP),81
https://www.lg.com/mx/tv-accesorios/43qned75sra/,Mexico,제품 상세 (PDP),61
https://www.lg.com/mx/tv-soundbars/43lk5750pua/,Mexico,제품 상세 (PDP),84
https://www.lg.com/mx/video/bp125/,Mexico,제품 상세 (PDP),81
https://www.lg.com/mx/accesorios/aires-acondicionados/control-remoto/akb72955808/,Mexico,제품 상세 (PDP),81
https://www.lg.com/mx/accesorios-aire-acondicionado/5901A10032A/,Mexico,제품 상세 (PDP),81
https://www.lg.com/mx/accesorios-audio-video/akb73896401/,Mexico,제품 상세 (PDP),81
https://www.lg.com/mx/accesorios-compresores-refrigerador-aire/tbz37115801/,Mexico,제품 상세 (PDP),81
https://www.lg.com/mx/accesorios-filtros-lavadoras/383eel3002r/,Mexico,제품 상세 (PDP),81
https://www.lg.com/mx/accesorios-filtros-refrigeradores/5901jq1007a/,Mexico,제품 상세 (PDP),81
https://www.lg.com/mx/accesorios-hornos-estufas/3b74133q/,Mexico,제품 상세 (PDP),81
https://www.lg.com/mx/accesorios-para-aspiradoras/aaa77884601/,Mexico,제품 상세 (PDP),81
https://www.lg.com/mx/accesorios-para-tv/agf30028401/,Mexico,제품 상세 (PDP),81
https://www.lg.com/mx/aire-acondicionado/aire-acondicionado-split/vm182he/,Mexico,제품 상세 (PDP),81
https://www.lg.com/mx/all-soundsuite/h7-m5m5w7/,Mexico,제품 상세 (PDP),84
https://www.lg.com/mx/auriculares-inalambricos/audifonos-con-cancelacion-activa-de-ruido/buds-bk/,Mexico,제품 상세 (PDP),83
https://www.lg.com/mx/combos/ms/combos1/,Mexico,제품 상세 (PDP),61
https://www.lg.com/mx/equipo-de-cocina/microondas/mc8088hl/,Mexico,제품 상세 (PDP),76
https://www.lg.com/mx/equipos-de-sonido/barras-de-som/s75qr/,Mexico,제품 상세 (PDP),87
https://www.lg.com/mx/errors/500/,Mexico,제품 상세 (PDP),68
https://www.lg.com/mx/lavadoras-y-secadoras/lavadoras-de-carga-frontal/wd16egnts6p/,Mexico,제품 상세 (PDP),88
https://www.lg.com/mx/lifestyle-screens/objet-collection-pose/55lx1qpsa/,Mexico,제품 상세 (PDP),81
https://www.lg.com/mx/monitores/monitores-full-hd-qhd/22u401a-b/,Mexico,제품 상세 (PDP),90
https://www.lg.com/mx/proyectores/bf50nst/,Mexico,제품 상세 (PDP),84
https://www.lg.com/mx/refrigeradores/instaview-refrigeradores/gm65fqp/,Mexico,제품 상세 (PDP),81
https://www.lg.com/mx/tv-accesorios/43qned75sra/43qned75sra/,Mexico,제품 상세 (PDP),84
https://www.lg.com/mx/tv-soundbars/43lm5700pua/,Mexico,제품 상세 (PDP),84
https://www.lg.com/mx/video/bp140/,Mexico,제품 상세 (PDP),76
https://www.lg.com/mx/accesorios/aires-acondicionados/control-remoto/akb72955815/,Mexico,제품 상세 (PDP),81
https://www.lg.com/mx/accesorios-aire-acondicionado/5901a10029a/,Mexico,제품 상세 (PDP),81
https://www.lg.com/mx/accesorios-audio-video/akb74115501/,Mexico,제품 상세 (PDP),81
https://www.lg.com/mx/accesorios-compresores-refrigerador-aire/tbz37400101/,Mexico,제품 상세 (PDP),81
https://www.lg.com/mx/accesorios-filtros-lavadoras/383eer3001g/,Mexico,제품 상세 (PDP),81
https://www.lg.com/mx/accesorios-filtros-refrigeradores/adh73150208/,Mexico,제품 상세 (PDP),81
https://www.lg.com/mx/accesorios-hornos-estufas/4370w1a004c/,Mexico,제품 상세 (PDP),81
https://www.lg.com/mx/accesorios-para-aspiradoras/aan30099701/,Mexico,제품 상세 (PDP),81
https://www.lg.com/mx/accesorios-para-tv/agf80318301/,Mexico,제품 상세 (PDP),81
https://www.lg.com/mx/aire-acondicionado/aire-acondicionado-split/vm182hs/,Mexico,제품 상세 (PDP),81
https://www.lg.com/mx/all-soundsuite/h7-m7m7002/,Mexico,제품 상세 (PDP),87
https://www.lg.com/mx/auriculares-inalambricos/audifonos-con-cancelacion-activa-de-ruido/buds/,Mexico,제품 상세 (PDP),83
https://www.lg.com/mx/equipo-de-cocina/microondas/mh1143aaf/,Mexico,제품 상세 (PDP),81
https://www.lg.com/mx/equipos-de-sonido/barras-de-som/se6s/,Mexico,제품 상세 (PDP),81
https://www.lg.com/mx/lavadoras-y-secadoras/lavadoras-de-carga-frontal/wd16ewnts6p/,Mexico,제품 상세 (PDP),88
https://www.lg.com/mx/lifestyle-screens/stanbyme-go/27lx5qkna/,Mexico,제품 상세 (PDP),84
https://www.lg.com/mx/monitores/monitores-full-hd-qhd/24ba650-b/,Mexico,제품 상세 (PDP),88
https://www.lg.com/mx/proyectores/bs275/,Mexico,제품 상세 (PDP),81
https://www.lg.com/mx/refrigeradores/instaview-refrigeradores/gm90fqp/,Mexico,제품 상세 (PDP),81
https://www.lg.com/mx/tv-accesorios/akb75055701/,Mexico,제품 상세 (PDP),56
https://www.lg.com/mx/tv-soundbars/43lm6300pub/,Mexico,제품 상세 (PDP),84
https://www.lg.com/mx/video/bp325/,Mexico,제품 상세 (PDP),81
https://www.lg.com/mx/accesorios/aires-acondicionados/control-remoto/akb73355722/,Mexico,제품 상세 (PDP),81
https://www.lg.com/mx/accesorios-aire-acondicionado/5901a10057a/,Mexico,제품 상세 (PDP),81
https://www.lg.com/mx/accesorios-audio-video/akb74935621/,Mexico,제품 상세 (PDP),81
https://www.lg.com/mx/accesorios-compresores-refrigerador-aire/tbz37416201/,Mexico,제품 상세 (PDP),81
https://www.lg.com/mx/accesorios-filtros-lavadoras/383eer3001j/,Mexico,제품 상세 (PDP),81
https://www.lg.com/mx/accesorios-filtros-refrigeradores/adh73150210/,Mexico,제품 상세 (PDP),81
https://www.lg.com/mx/accesorios-hornos-estufas/aeh75196606/,Mexico,제품 상세 (PDP),81
https://www.lg.com/mx/accesorios-para-aspiradoras/abc73450101/,Mexico,제품 상세 (PDP),81
https://www.lg.com/mx/accesorios-para-tv/akb73896401/,Mexico,제품 상세 (PDP),81
https://www.lg.com/mx/aire-acondicionado/aire-acondicionado-split/vm242c6/,Mexico,제품 상세 (PDP),77
https://www.lg.com/mx/all-soundsuite/h7-m7m7w7/,Mexico,제품 상세 (PDP),87
https://www.lg.com/mx/auriculares-inalambricos/audifonos-con-cancelacion-activa-de-ruido/budsplus-blancos/,Mexico,제품 상세 (PDP),83
https://www.lg.com/mx/equipo-de-cocina/microondas/mh1143bsm/,Mexico,제품 상세 (PDP),81
https://www.lg.com/mx/equipos-de-sonido/bocina-bluetooth/bounce/,Mexico,제품 상세 (PDP),83
https://www.lg.com/mx/lavadoras-y-secadoras/lavadoras-de-carga-frontal/wd16gr21-32lr65/,Mexico,제품 상세 (PDP),84
https://www.lg.com/mx/lifestyle-screens/stanbyme/27art10akpl-xt7/,Mexico,제품 상세 (PDP),84
https://www.lg.com/mx/monitores/monitores-full-hd-qhd/24ba750-b/,Mexico,제품 상세 (PDP),84
https://www.lg.com/mx/proyectores/bu50nst/,Mexico,제품 상세 (PDP),84
https://www.lg.com/mx/refrigeradores/instaview-refrigeradores/gm90fqt/,Mexico,제품 상세 (PDP),81
https://www.lg.com/mx/tv-accesorios/akb75055701/akb75055701/,Mexico,제품 상세 (PDP),76
https://www.lg.com/mx/tv-soundbars/43uj6200/,Mexico,제품 상세 (PDP),84
https://www.lg.com/mx/accesorios/aires-acondicionados/control-remoto/akb73355724/,Mexico,제품 상세 (PDP),81
https://www.lg.com/mx/accesorios-aire-acondicionado/acg73444956/,Mexico,제품 상세 (PDP),81
https://www.lg.com/mx/accesorios-audio-video/akb75055701/,Mexico,제품 상세 (PDP),81
https://www.lg.com/mx/tv-soundbars/nanocell/65nu800bpsb/,Mexico,제품 상세 (PDP),84
https://www.lg.com/mx/tv-soundbars/nanocell/85nu830bpsa/,Mexico,제품 상세 (PDP),84
https://www.lg.com/mx/tv-soundbars/qned-evo/115qned90bs/,Mexico,제품 상세 (PDP),84
https://www.lg.com/mx/tv-soundbars/nanocell/70nu850bpsd/,Mexico,제품 상세 (PDP),84
https://www.lg.com/mx/tv-soundbars/nanocell/50nu800bpsc/,Mexico,제품 상세 (PDP),84
https://www.lg.com/mx/tv-soundbars/gallery-tv-with-frame/55lx7bpsa/,Mexico,제품 상세 (PDP),84
https://www.lg.com/mx/tv-soundbars/mini-rgb-evo/75mrgb86bsa/,Mexico,제품 상세 (PDP),84
https://www.lg.com/mx/tv-soundbars/nanocell/85nu800bpsb/,Mexico,제품 상세 (PDP),84
https://www.lg.com/mx/tv-soundbars/nanocell/75nu800bpsb/,Mexico,제품 상세 (PDP),84
https://www.lg.com/mx/tv-soundbars/nanocell/43nu800bpsc/,Mexico,제품 상세 (PDP),84
https://www.lg.com/mx/tv-soundbars/nanocell/55nu830bpsa/,Mexico,제품 상세 (PDP),84
https://www.lg.com/mx/tv-soundbars/mini-rgb-evo/65mrgb86bsa/,Mexico,제품 상세 (PDP),84
https://www.lg.com/mx/tv-soundbars/mini-rgb-evo/55mrgb85bsc/,Mexico,제품 상세 (PDP),84
https://www.lg.com/mx/tv-soundbars/nanocell/65nu830bpsa/,Mexico,제품 상세 (PDP),84
https://www.lg.com/mx/tv-soundbars/nanocell/55nu800bpsb/,Mexico,제품 상세 (PDP),84
https://www.lg.com/mx/tv-soundbars/gallery-tv-with-frame/65lx7bpsa/,Mexico,제품 상세 (PDP),84
https://www.lg.com/mx/tv-soundbars/nanocell/75nu830bpsa/,Mexico,제품 상세 (PDP),84
https://www.lg.com/mx/tv-soundbars/nanocell/58nu850bpsd/,Mexico,제품 상세 (PDP),84
https://www.lg.com/mx/tv-soundbars/mini-rgb-evo/86mrgb86bsa/,Mexico,제품 상세 (PDP),84
https://www.lg.com/mx/tv-soundbars/75mrgb95bsa/,Mexico,제품 상세 (PDP),84
https://www.lg.com/mx/tv-soundbars/qned/75qned74bsa/,Mexico,제품 상세 (PDP),84
https://www.lg.com/mx/tv-soundbars/qned/85qned70bsa/,Mexico,제품 상세 (PDP),84
https://www.lg.com/mx/tv-soundbars/qned/65qned65bsa/,Mexico,제품 상세 (PDP),84
https://www.lg.com/mx/tv-soundbars/qned/55qned65bsa/,Mexico,제품 상세 (PDP),84
https://www.lg.com/mx/tv-soundbars/qned/55qned74bsa/,Mexico,제품 상세 (PDP),84
https://www.lg.com/mx/tv-soundbars/qned/65qned70bsa/,Mexico,제품 상세 (PDP),84
https://www.lg.com/mx/tv-soundbars/qned/55qned70bsa/,Mexico,제품 상세 (PDP),84
https://www.lg.com/mx/tv-soundbars/qned/65qned74bsa/,Mexico,제품 상세 (PDP),84
https://www.lg.com/mx/tv-soundbars/qned/75qned65bsa/,Mexico,제품 상세 (PDP),84
https://www.lg.com/mx/tv-soundbars/qned/85qned74bsa/,Mexico,제품 상세 (PDP),84
https://www.lg.com/mx/tv-soundbars/qned/55qned71bsc/,Mexico,제품 상세 (PDP),84
https://www.lg.com/mx/tv-soundbars/qned/65qned71bsc/,Mexico,제품 상세 (PDP),84
https://www.lg.com/mx/tv-soundbars/qned/75qned70bsa/,Mexico,제품 상세 (PDP),84
https://www.lg.com/mx/tv-soundbars/qned/86qned73asa/,Mexico,제품 상세 (PDP),81
https://www.lg.com/mx/refrigeradores/combos-refrigeradores/vs28qbpob-s40t/,Mexico,제품 상세 (PDP),84
https://www.lg.com/mx/lavadoras-y-secadoras/combos-lavadoras-y-secadores/wm12wvcob-s40t/,Mexico,제품 상세 (PDP),84
https://www.lg.com/mx/tv-soundbars/smart-tvs/27lb7000psa/,Mexico,제품 상세 (PDP),84
https://www.lg.com/mx/refrigeradores/combos-refrigeradores/vs23qbpob-s40t/,Mexico,제품 상세 (PDP),81
https://www.lg.com/mx/tv-soundbars/smart-tvs/43lb6500psb/,Mexico,제품 상세 (PDP),84
https://www.lg.com/mx/tv-soundbars/smart-tvs/32lb660bpsb/,Mexico,제품 상세 (PDP),84
https://www.lg.com/mx/refrigeradores/combos-refrigeradores/vt40bkob-mini/,Mexico,제품 상세 (PDP),81
https://www.lg.com/mx/tv-soundbars/smart-tvs/32lb650bpsa/,Mexico,제품 상세 (PDP),84
https://www.lg.com/mx/lavadoras-y-secadoras/combos-lavadoras-y-secadores/wt21mv6ob-mini/,Mexico,제품 상세 (PDP),81
https://www.lg.com/mx/lavadoras-y-secadoras/combos-lavadoras-y-secadores/wt19dv6ob-mini/,Mexico,제품 상세 (PDP),81
https://www.lg.com/mx/lavadoras-y-secadoras/combos-lavadoras-y-secadores/wt18dv6ob-sh5a/,Mexico,제품 상세 (PDP),81
https://www.lg.com/mx/buying-guides/laundry-spec-library/,Mexico,구매 가이드,84
https://www.lg.com/mx/buying-guides/monitor-lineup-guide/,Mexico,구매 가이드,90
https://www.lg.com/mx/buying-guides/monitor-spec-library/,Mexico,구매 가이드,84
https://www.lg.com/mx/buying-guides/refrigerator-spec-library/,Mexico,구매 가이드,84
https://www.lg.com/mx/buying-guides/tv-lineup-guide/,Mexico,구매 가이드,90
https://www.lg.com/mx/buying-guides/tv-spec-library/,Mexico,구매 가이드,84
https://www.lg.com/mx/fridge-freezer-buying-guide/,Mexico,구매 가이드,74
https://www.lg.com/mx/home-appliances/buying-guide/,Mexico,구매 가이드,74
https://www.lg.com/mx/home-appliances/buying-guide/fridge-freezer/feature-performance/,Mexico,구매 가이드,84
https://www.lg.com/mx/home-appliances/buying-guide/fridge-freezer/size-volume/,Mexico,구매 가이드,84
https://www.lg.com/mx/home-appliances/buying-guide/fridge-freezer/type/,Mexico,구매 가이드,84
https://www.lg.com/mx/home-appliances/buying-guide/washing-machine/feature-performance/,Mexico,구매 가이드,88
https://www.lg.com/mx/home-appliances/buying-guide/washing-machine/size-capacity/,Mexico,구매 가이드,87
https://www.lg.com/mx/home-appliances/buying-guide/washing-machine/type/,Mexico,구매 가이드,88
https://www.lg.com/mx/oled-tv/2021/oled-buying-guide/,Mexico,구매 가이드,71
https://www.lg.com/mx/tv-soundbars/tv-buying-guide/,Mexico,구매 가이드,74
https://www.lg.com/mx/tv-soundbars/tv-buying-guide/buying-guide/,Mexico,구매 가이드,61
https://www.lg.com/mx/tv-soundbars/tv-buying-guide/gaming-tv/,Mexico,구매 가이드,75
https://www.lg.com/mx/tv-soundbars/tv-buying-guide/lifestyle/,Mexico,구매 가이드,75
https://www.lg.com/mx/tv-soundbars/tv-buying-guide/tv-design/,Mexico,구매 가이드,75
https://www.lg.com/mx/tv-soundbars/tv-buying-guide/tv-size/,Mexico,구매 가이드,75
https://www.lg.com/mx/tv-soundbars/tv-buying-guide/tv-technology/oled-vs-qned/,Mexico,구매 가이드,75
https://www.lg.com/mx/tv-soundbars/tv-buying-guide/tv-technology/what-is-4k-tv/,Mexico,구매 가이드,78
https://www.lg.com/mx/tv-soundbars/tv-buying-guide/what-is-a-smart-tv-ai-tv/,Mexico,구매 가이드,77
https://www.lg.com/mx/lg-experience/,Mexico,LG Experience,77
https://www.lg.com/mx/lg-experience/helpful-hints/,Mexico,LG Experience,67
https://www.lg.com/mx/lg-experience/helpful-hints/best-energy-efficiency-refrigerator/,Mexico,LG Experience,83
https://www.lg.com/mx/lg-experience/helpful-hints/best-refrigerator/,Mexico,LG Experience,83
https://www.lg.com/mx/lg-experience/helpful-hints/cuanta-agua-y-energ-a-utiliza-un-lavavajillas/,Mexico,LG Experience,77
https://www.lg.com/mx/lg-experience/helpful-hints/how-to-adjust-the-temperature/,Mexico,LG Experience,87
https://www.lg.com/mx/lg-experience/helpful-hints/how-to-clean-a-microwave-without-harsh-chemicals/,Mexico,LG Experience,83
https://www.lg.com/mx/lg-experience/helpful-hints/how-to-clean-automatic-washing-machine/,Mexico,LG Experience,80
https://www.lg.com/mx/lg-experience/helpful-hints/how-to-clean-your-refrigerator/,Mexico,LG Experience,83
https://www.lg.com/mx/lg-experience/helpful-hints/integrated-dishwashers-vs-freestanding-dishwashers/,Mexico,LG Experience,77
https://www.lg.com/mx/lg-experience/helpful-hints/microwave-size-and-buying-guide/,Mexico,LG Experience,86
https://www.lg.com/mx/lg-experience/helpful-hints/mitos-y-verdades-sobre-las-lavadoras-de-carga-superior/,Mexico,LG Experience,83
https://www.lg.com/mx/lg-experience/helpful-hints/refrigerator-next-to-gas-stove/,Mexico,LG Experience,80
https://www.lg.com/mx/lg-experience/helpful-hints/types-of-refrigerators/,Mexico,LG Experience,83
https://www.lg.com/mx/lg-experience/helpful-hints/types-of-washing-machine/,Mexico,LG Experience,80
https://www.lg.com/mx/lg-experience/helpful-hints/washer-dryers-gas-or-electric/,Mexico,LG Experience,80
https://www.lg.com/mx/lg-experience/helpful-hints/washing-machine-measurement-and-sizes/,Mexico,LG Experience,83
https://www.lg.com/mx/lg-experience/helpful-hints/what-are-energy-efficient-washing-machines/,Mexico,LG Experience,80
https://www.lg.com/mx/lg-experience/helpful-hints/what-is-inverter-technology-and-what-advantages-does-it-offer/,Mexico,LG Experience,83
https://www.lg.com/mx/lg-experience/helpful-hints/what-is-smart-washing-and-benefit-with-ai/,Mexico,LG Experience,80
https://www.lg.com/mx/lg-experience/how-to-measure-and-read-tv-sizes/,Mexico,LG Experience,87
https://www.lg.com/mx/lg-experience/inspiracion/,Mexico,LG Experience,67
https://www.lg.com/mx/lg-experience/inspiracion/11-anos-oled-lg/,Mexico,LG Experience,83
https://www.lg.com/mx/lg-experience/lg-channels/,Mexico,LG Experience,67
https://www.lg.com/mx/lg-experience/lg-experience-2026-como-preparar-comidas-rapidas-y-saludables-pa/,Mexico,LG Experience,81
https://www.lg.com/mx/lg-experience/lg-lab/,Mexico,LG Experience,67
https://www.lg.com/mx/lg-experience/lg-lab/4k-ultra-hd-tv-buying-guide/,Mexico,LG Experience,83
https://www.lg.com/mx/lg-experience/lg-lab/las-mejores-bocinas-portatiles-para-fiestas/,Mexico,LG Experience,87
https://www.lg.com/mx/lg-experience/lg-lab/what-is-4k-television/,Mexico,LG Experience,83
https://www.lg.com/mx/lg-experience/lg-lab/what-is-a-smart-tv/,Mexico,LG Experience,87
https://www.lg.com/mx/lg-experience/lg-lab/why-lg-soundbars/,Mexico,LG Experience,83
https://www.lg.com/mx/lg-experience/lg-lab/wich-soundbar-is-right-for-you-lg/,Mexico,LG Experience,83
https://www.lg.com/mx/lg-experience/tech-hub/,Mexico,LG Experience,67
https://www.lg.com/mx/lg-experience/tech-hub/guia-usuario-webos/,Mexico,LG Experience,80
https://www.lg.com/mx/tv-soundbars/why-lg-ai-tv/,Mexico,Microsite,77
https://www.lg.com/mx/tv-soundbars/why-lg-qned-evo-mini-led/,Mexico,Microsite,80
https://www.lg.com/mx/tv-soundbars/why-qned-evo/,Mexico,Microsite,81
https://www.lg.com/mx/tv-soundbars/why-true-wireless/,Mexico,Microsite,81
https://www.lg.com/mx/tvs-qned/2022/why-lg-qned/,Mexico,Microsite,71
https://www.lg.com/mx/lg-thinq/magazine/how-to-make-sure-your-home-is-ready-for-summer/,Mexico,Microsite,73
https://www.lg.com/mx/microsite-article/hs/kitchen/article-contents/latam/best-refrigerator/,Mexico,Microsite,90
https://www.lg.com/mx/microsite-article/hs/kitchen/article-contents/latam/what-is-inverter-technology-and-what-advantages-does-it-offer/,Mexico,Microsite,83
https://www.lg.com/mx/nanocell-tv/2021/design/,Mexico,Microsite,70
https://www.lg.com/mx/nanocell-tv/2021/ultra-large-screen-backup/,Mexico,Microsite,77
https://www.lg.com/mx/nanocell-tv/2021/sport/,Mexico,Microsite,73
https://www.lg.com/mx/nanocell-tv/2021/pure-color/,Mexico,Microsite,77
https://www.lg.com/mx/oled-tv/2021/ultra-large-screen/,Mexico,Microsite,73
https://www.lg.com/mx/nanocell-tv/2021/ultra-large-screen/,Mexico,Microsite,72
https://www.lg.com/mx/oled-tv/2021/self-lit-pixels/,Mexico,Microsite,70
https://www.lg.com/mx/oled-tv/eyecomfort-ecofriendly/,Mexico,Microsite,70
https://www.lg.com/mx/oled-tv/2021/design/,Mexico,Microsite,70
https://www.lg.com/mx/oled-tv/2021/sustainability/,Mexico,Microsite,73
https://www.lg.com/mx/oled-tv/gaming/,Mexico,Microsite,70
https://www.lg.com/mx/oled-tv/2021/smart/,Mexico,Microsite,69
https://www.lg.com/mx/nanocell-tv/2021/ultra-large-screen-miss/,Mexico,Microsite,70
https://www.lg.com/mx/tv-soundbars/lg-screen-vision/,Mexico,Microsite,77
https://www.lg.com/mx/soundsuite/howtovideo-qna/,Mexico,Microsite,86
https://www.lg.com/mx/tv-soundbars/ai-tv/,Mexico,Microsite,77
https://www.lg.com/mx/tvs-qned/2022/cinema/,Mexico,Microsite,73
https://www.lg.com/mx/tvs-qned/2022/gaming/,Mexico,Microsite,70
https://www.lg.com/mx/tvs-qned/2022/qned-spec-comparison/,Mexico,Microsite,69
https://www.lg.com/mx/tvs-qned/2023/qned-spec-comparison/qned-spec-comparison/,Mexico,Microsite,72
https://www.lg.com/mx/tvs-qned/2023/qned-spec-comparison/,Mexico,Microsite,72
https://www.lg.com/mx/monitores/monitores-oled/,Mexico,제품 카테고리 (PLP),71
https://www.lg.com/mx/tv-soundbars/qned-evo/?ec_ft_07545230=55_pulgadas,Mexico,제품 카테고리 (PLP),82
https://www.lg.com/mx/tv-soundbars/mini-rgb-evo/,Mexico,제품 카테고리 (PLP),66
https://www.lg.com/mx/tv-soundbars/qned/?ec_ft_07545230=86_pulgadas_y_más,Mexico,제품 카테고리 (PLP),93
https://www.lg.com/mx/tv-soundbars/nanocell/?ec_ft_07545230=42_pulgadas_-_48_pulgadas,Mexico,제품 카테고리 (PLP),79
https://www.lg.com/mx/tv-soundbars/smart-tvs/,Mexico,제품 카테고리 (PLP),80
https://www.lg.com/mx/monitores/pc-monitores-ips/,Mexico,제품 카테고리 (PLP),71
https://www.lg.com/mx/tv-soundbars/todas-las-tvs-y-soundbars/?ec_ft_07545230=86_pulgadas_y_m%C3%A1s,Mexico,제품 카테고리 (PLP),76
https://www.lg.com/mx/tv-soundbars/qned-evo/,Mexico,제품 카테고리 (PLP),82
https://www.lg.com/mx/tv-soundbars/webos-for-entertainment/,Mexico,제품 카테고리 (PLP),73
https://www.lg.com/mx/tv-soundbars/oled/,Mexico,제품 카테고리 (PLP),90
https://www.lg.com/mx/tv-soundbars/ultra-grandes/,Mexico,제품 카테고리 (PLP),80
https://www.lg.com/mx/tv-soundbars/tv-monitor/,Mexico,제품 카테고리 (PLP),82
https://www.lg.com/mx/monitores/ergo-monitors/,Mexico,제품 카테고리 (PLP),76
https://www.lg.com/mx/monitores/monitores-smart/,Mexico,제품 카테고리 (PLP),82
https://www.lg.com/mx/nanocell-tv/2021/cinema/,Mexico,제품 카테고리 (PLP),70
https://www.lg.com/mx/tv-soundbars/todas-las-tvs-y-soundbars/?ec_ft_07545230=50_pulgadas,Mexico,제품 카테고리 (PLP),76
https://www.lg.com/mx/tv-soundbars/todas-las-tvs-y-soundbars/,Mexico,제품 카테고리 (PLP),77
https://www.lg.com/mx/tv-soundbars/oled-innovation/,Mexico,제품 카테고리 (PLP),77
https://www.lg.com/mx/nanocell-tv/2021/gaming/,Mexico,제품 카테고리 (PLP),66
https://www.lg.com/mx/tv-soundbars/webos-offers/,Mexico,제품 카테고리 (PLP),72
https://www.lg.com/mx/tv-soundbars/ultra-grandes/?ec_ft_07545230=55_pulgadas,Mexico,제품 카테고리 (PLP),79
https://www.lg.com/mx/lifestyle-screens/,Mexico,제품 카테고리 (PLP),73
https://www.lg.com/mx/monitores/discontinued-monitores/,Mexico,제품 카테고리 (PLP),72
https://www.lg.com/mx/lifestyle-screens/objet-collection-pose/,Mexico,제품 카테고리 (PLP),80
https://www.lg.com/mx/xboom/,Mexico,제품 카테고리 (PLP),83
https://www.lg.com/mx/tv-soundbars/qned/?ec_ft_07545230=50_pulgadas,Mexico,제품 카테고리 (PLP),93
https://www.lg.com/mx/tv-soundbars/oled-evo/?ec_ft_07545230=77_pulgadas_-_85_pulgadas,Mexico,제품 카테고리 (PLP),83
https://www.lg.com/mx/sound-suite/,Mexico,제품 카테고리 (PLP),63
https://www.lg.com/mx/tv-soundbars/nanocell/?ec_ft_07545230=70_pulgadas_~_75_pulgadas,Mexico,제품 카테고리 (PLP),79
https://www.lg.com/mx/monitores/elige-el-mejor/,Mexico,제품 카테고리 (PLP),69
https://www.lg.com/mx/tv-soundbars/nanocell/?ec_ft_07545230=86_pulgadas_y_m%C3%A1s,Mexico,제품 카테고리 (PLP),79
https://www.lg.com/mx/tv-soundbars/qned/?ec_ft_07545230=55_pulgadas,Mexico,제품 카테고리 (PLP),93
https://www.lg.com/mx/tv-soundbars/miniled/,Mexico,제품 카테고리 (PLP),82
https://www.lg.com/mx/soundsuite/,Mexico,제품 카테고리 (PLP),77
https://www.lg.com/mx/tv-soundbars/ultra-grandes/?ec_ft_07545230=65_pulgadas,Mexico,제품 카테고리 (PLP),82
https://www.lg.com/mx/tv-soundbars/todas-las-tvs-y-soundbars/?ec_ft_07545230=32_pulgadas_y_menos,Mexico,제품 카테고리 (PLP),76
https://www.lg.com/mx/soundbars/eco-minded-soundbars/,Mexico,제품 카테고리 (PLP),76
https://www.lg.com/mx/tv-soundbars/qned/?ec_ft_07545230=86_pulgadas_y_m%C3%A1s,Mexico,제품 카테고리 (PLP),93
https://www.lg.com/mx/tv-soundbars/qned/?ec_ft_07545230=42_pulgadas_-_48_pulgadas,Mexico,제품 카테고리 (PLP),89
https://www.lg.com/mx/tv-soundbars/nanocell/?ec_ft_07545230=55_pulgadas,Mexico,제품 카테고리 (PLP),79
https://www.lg.com/mx/tv-soundbars/lg-signature-oled/?ec_ft_07545230=86_pulgadas_y_más,Mexico,제품 카테고리 (PLP),83
https://www.lg.com/mx/oled-tv/2021/sport/,Mexico,제품 카테고리 (PLP),59
https://www.lg.com/mx/tv-soundbars/nanocell/?ec_ft_07545230=42_pulgadas_~_48_pulgadas,Mexico,제품 카테고리 (PLP),82
https://www.lg.com/mx/tv-soundbars/oled/?ec_ft_07545230=55_pulgadas,Mexico,제품 카테고리 (PLP),93
https://www.lg.com/mx/tv-soundbars/ultra-grandes/?ec_ft_07545230=86_pulgadas_y_m%C3%A1s,Mexico,제품 카테고리 (PLP),79
https://www.lg.com/mx/tv-soundbars/oled-evo/?ec_ft_07545230=55_pulgadas,Mexico,제품 카테고리 (PLP),86
https://www.lg.com/mx/tv-soundbars/ultra-grandes/?ec_ft_07545230=86_pulgadas_–_98_pulgadas,Mexico,제품 카테고리 (PLP),79
https://www.lg.com/mx/tv-soundbars/ultra-grandes/?ec_ft_07545230=42_pulgadas_-_48_pulgadas,Mexico,제품 카테고리 (PLP),79
https://www.lg.com/mx/tv-soundbars/qned/?ec_ft_07545230=70_pulgadas_-_75_pulgadas,Mexico,제품 카테고리 (PLP),93
https://www.lg.com/mx/lifestyle-screens/flex/,Mexico,제품 카테고리 (PLP),80
https://www.lg.com/mx/monitores/,Mexico,제품 카테고리 (PLP),77
https://www.lg.com/mx/tv-soundbars/lg-signature-oled/?ec_ft_07545230=86_pulgadas_y_m%C3%A1s,Mexico,제품 카테고리 (PLP),82
https://www.lg.com/mx/tv-soundbars/qned/,Mexico,제품 카테고리 (PLP),90
https://www.lg.com/mx/tv-soundbars/home-theater-soundbar/,Mexico,제품 카테고리 (PLP),69
https://www.lg.com/mx/tv-soundbars/oled/?ec_ft_07545230=65_pulgadas,Mexico,제품 카테고리 (PLP),93
https://www.lg.com/mx/tv-soundbars/true-wireless-tv/,Mexico,제품 카테고리 (PLP),82
https://www.lg.com/mx/tv-soundbars/todas-las-tvs-y-soundbars/?ec_ft_07545230=86_pulgadas_y_pulgadas,Mexico,제품 카테고리 (PLP),76
https://www.lg.com/mx/tvs-qned/2022/ultra-large/,Mexico,제품 카테고리 (PLP),62
https://www.lg.com/mx/tv-soundbars/true-wireless-tv/?ec_ft_07545230=86_pulgadas_–_98_pulgadas,Mexico,제품 카테고리 (PLP),79
https://www.lg.com/mx/tv-soundbars/oled/?ec_ft_07545230=42_pulgadas_-_48_pulgadas,Mexico,제품 카테고리 (PLP),89
https://www.lg.com/mx/tv-soundbars/qned-evo/?ec_ft_07545230=65_pulgadas,Mexico,제품 카테고리 (PLP),82
https://www.lg.com/mx/monitores/monitores-full-hd-qhd/,Mexico,제품 카테고리 (PLP),77
https://www.lg.com/mx/tv-soundbars/nanocell/?ec_ft_07545230=65_pulgadas,Mexico,제품 카테고리 (PLP),79
https://www.lg.com/mx/oled-tv/2021/cinema/,Mexico,제품 카테고리 (PLP),72
https://www.lg.com/mx/monitores/todos-los-monitores/,Mexico,제품 카테고리 (PLP),77
https://www.lg.com/mx/tv-soundbars/ultra-grandes/?ec_ft_07545230=86_pulgadas_y_más,Mexico,제품 카테고리 (PLP),79
https://www.lg.com/mx/tv-soundbars/oled-evo/?ec_ft_07545230=65_pulgadas,Mexico,제품 카테고리 (PLP),83
https://www.lg.com/mx/tv-soundbars/ultra-grandes/?ec_ft_07545230=70_pulgadas_~_75_pulgadas,Mexico,제품 카테고리 (PLP),79
https://www.lg.com/mx/tv-soundbars/miniled/?ec_ft_07545230=55_pulgadas,Mexico,제품 카테고리 (PLP),79
https://www.lg.com/mx/tv-soundbars/nanocell/?ec_ft_07545230=70_pulgadas_-_75_pulgadas,Mexico,제품 카테고리 (PLP),79
https://www.lg.com/mx/tv-soundbars/smart-tvs/?ec_ft_07545230=42_pulgadas_~_48_pulgadas,Mexico,제품 카테고리 (PLP),79
https://www.lg.com/mx/tv-soundbars/nanocell/?ec_ft_07545230=50_pulgadas,Mexico,제품 카테고리 (PLP),82
https://www.lg.com/mx/tv-soundbars/miniled/?ec_ft_07545230=65_pulgadas,Mexico,제품 카테고리 (PLP),79
https://www.lg.com/mx/tv-soundbars/todas-las-tvs-y-soundbars/?ec_ft_07545230=42_pulgadas_-_48_pulgadas,Mexico,제품 카테고리 (PLP),76
https://www.lg.com/mx/tv-soundbars/todas-las-tvs-y-soundbars/?ec_ft_07545230=70_pulgadas_-_75_pulgadas,Mexico,제품 카테고리 (PLP),76
https://www.lg.com/mx/monitores/tv-monitor/,Mexico,제품 카테고리 (PLP),77
https://www.lg.com/mx/monitores/gaming/,Mexico,제품 카테고리 (PLP),76
https://www.lg.com/mx/all-soundsuite/,Mexico,제품 카테고리 (PLP),80
https://www.lg.com/mx/lifestyle-screens/combos-lifestyle-screen/,Mexico,제품 카테고리 (PLP),79
https://www.lg.com/mx/tv-soundbars/smart-tvs/?ec_ft_07545230=32_pulgadas_y_menos,Mexico,제품 카테고리 (PLP),79
https://www.lg.com/mx/monitores/monitores-ultrawide/,Mexico,제품 카테고리 (PLP),77
https://www.lg.com/mx/tv-soundbars/micro-rgb-evo/,Mexico,제품 카테고리 (PLP),62
https://www.lg.com/mx/tv-soundbars/nanocell/,Mexico,제품 카테고리 (PLP),80
https://www.lg.com/mx/tv-soundbars/combos-tv/,Mexico,제품 카테고리 (PLP),82
https://www.lg.com/mx/lifestyle-screens/stanbyme-go/,Mexico,제품 카테고리 (PLP),80
https://www.lg.com/mx/tv-soundbars/todas-las-tvs-y-soundbars/?ec_ft_07545230=77_pulgadas_-_85_pulgadas,Mexico,제품 카테고리 (PLP),76
https://www.lg.com/mx/tv-soundbars/qned/?ec_ft_07545230=65_pulgadas,Mexico,제품 카테고리 (PLP),93
https://www.lg.com/mx/tv-soundbars/ultra-grandes/?ec_ft_07545230=50_pulgadas,Mexico,제품 카테고리 (PLP),79
https://www.lg.com/mx/tv-soundbars/miniled/?ec_ft_07545230=70_pulgadas_-_75_pulgadas,Mexico,제품 카테고리 (PLP),79
https://www.lg.com/mx/tv-soundbars/,Mexico,제품 카테고리 (PLP),77
https://www.lg.com/mx/tv-soundbars/qned-evo/?ec_ft_07545230=70_pulgadas_-_75_pulgadas,Mexico,제품 카테고리 (PLP),79
https://www.lg.com/mx/monitores/monitores-gaming/,Mexico,제품 카테고리 (PLP),90
https://www.lg.com/mx/tv-soundbars/todas-las-tvs-y-soundbars/?ec_ft_07545230=55_pulgadas,Mexico,제품 카테고리 (PLP),82
https://www.lg.com/mx/lifestyle-screens/stanbyme/,Mexico,제품 카테고리 (PLP),80
https://www.lg.com/mx/tv-soundbars/nanocell/?ec_ft_07545230=86_pulgadas_–_98_pulgadas,Mexico,제품 카테고리 (PLP),79
https://www.lg.com/mx/tv-soundbars/lg-signature-oled/?ec_ft_07545230=86_pulgadas_–_98_pulgadas,Mexico,제품 카테고리 (PLP),82
https://www.lg.com/mx/tv-soundbars/lg-signature-oled/,Mexico,제품 카테고리 (PLP),80
https://www.lg.com/mx/tv-soundbars/ultra-grandes/?ec_ft_07545230=42_pulgadas_~_48_pulgadas,Mexico,제품 카테고리 (PLP),79
https://www.lg.com/mx/tv-soundbars/nanocell/?ec_ft_07545230=86_pulgadas_y_más,Mexico,제품 카테고리 (PLP),79
https://www.lg.com/mx/acerca-de-lg/press-and-media/,Mexico,Press & Media,76
https://www.lg.com/mx/acerca-de-lg/press-and-media/-quieres-un-hogar-inteligente--lg-ofrece-hasta-un-60--de-descuen/,Mexico,Press & Media,78
https://www.lg.com/mx/acerca-de-lg/press-and-media/-solutions-beyond-displays---la-apuesta-de-lg-electronics-para-i/,Mexico,Press & Media,81
https://www.lg.com/mx/acerca-de-lg/press-and-media/Contenedores-Design-Week-LG/,Mexico,Press & Media,86
https://www.lg.com/mx/acerca-de-lg/press-and-media/LG-infocomm-2025/,Mexico,Press & Media,81
https://www.lg.com/mx/acerca-de-lg/press-and-media/LG-presenta-primer-monitor-5K2K-thunderbolt-5/,Mexico,Press & Media,81
https://www.lg.com/mx/acerca-de-lg/press-and-media/LG_ELECTRONICS_PRESENTA_SOLUCIONES_PERSONALIZADAS_DE_PANTALLAS_Y_SOFTWARE_PARA_CLIENTES_B2B_EN_ISE_2026/,Mexico,Press & Media,83
https://www.lg.com/mx/acerca-de-lg/press-and-media/LG_ELECTRONICS_PRESENTA_SOLUCIONES_Y_COMPONENTES_CLAVE_EN_AHR_EXPO_2026_QUE_MEJORAN_LA_ALTA_EFICIENCIA-DE-HVAC/,Mexico,Press & Media,79
https://www.lg.com/mx/acerca-de-lg/press-and-media/RESULTADOS-FINANCIEROS-DEL-CUARTO-TRIMESTRE-Y-DEL-2025/,Mexico,Press & Media,83
https://www.lg.com/mx/acerca-de-lg/press-and-media/THINQ_PRO_KBIS_2026/,Mexico,Press & Media,79
https://www.lg.com/mx/acerca-de-lg/press-and-media/ac/,Mexico,Press & Media,81
https://www.lg.com/mx/acerca-de-lg/press-and-media/actualizacion-webos/,Mexico,Press & Media,78
https://www.lg.com/mx/acerca-de-lg/press-and-media/aerohit-puricare/,Mexico,Press & Media,78
https://www.lg.com/mx/acerca-de-lg/press-and-media/aire-acondicionado-aliado-tapatio/,Mexico,Press & Media,81
https://www.lg.com/mx/acerca-de-lg/press-and-media/aire-acondicionado-inteligente-casa/,Mexico,Press & Media,78
https://www.lg.com/mx/acerca-de-lg/press-and-media/aire-acondicionado-inteligente/,Mexico,Press & Media,81
https://www.lg.com/mx/acerca-de-lg/press-and-media/aires-acondicionados-merida2025/,Mexico,Press & Media,75
https://www.lg.com/mx/acerca-de-lg/press-and-media/alta-eficiencia/,Mexico,Press & Media,81
https://www.lg.com/mx/acerca-de-lg/press-and-media/anime-onegai/,Mexico,Press & Media,81
https://www.lg.com/mx/acerca-de-lg/press-and-media/antena-transparente/,Mexico,Press & Media,78
https://www.lg.com/mx/acerca-de-lg/press-and-media/anuncio/,Mexico,Press & Media,81
https://www.lg.com/mx/acerca-de-lg/press-and-media/anuncio1/,Mexico,Press & Media,81
https://www.lg.com/mx/acerca-de-lg/press-and-media/apple-tv-plus/,Mexico,Press & Media,81
https://www.lg.com/mx/acerca-de-lg/press-and-media/asistente-ia/,Mexico,Press & Media,78
https://www.lg.com/mx/acerca-de-lg/press-and-media/aspiradoras-a9/,Mexico,Press & Media,79
https://www.lg.com/mx/acerca-de-lg/press-and-media/athom/,Mexico,Press & Media,81
https://www.lg.com/mx/acerca-de-lg/press-and-media/audiopremiumlg/,Mexico,Press & Media,78
https://www.lg.com/mx/acerca-de-lg/press-and-media/audiopremiumlg1/,Mexico,Press & Media,75
https://www.lg.com/mx/acerca-de-lg/press-and-media/b2b-ise-2025/,Mexico,Press & Media,78
https://www.lg.com/mx/acerca-de-lg/press-and-media/bajo_consumo/,Mexico,Press & Media,74
https://www.lg.com/mx/acerca-de-lg/press-and-media/barras-de-sonido/,Mexico,Press & Media,78
https://www.lg.com/mx/acerca-de-lg/press-and-media/bocina-stanbyme/,Mexico,Press & Media,81
https://www.lg.com/mx/acerca-de-lg/press-and-media/buen-fin/,Mexico,Press & Media,78
https://www.lg.com/mx/acerca-de-lg/press-and-media/buen-fin1/,Mexico,Press & Media,75
https://www.lg.com/mx/acerca-de-lg/press-and-media/buenfin/,Mexico,Press & Media,81
https://www.lg.com/mx/acerca-de-lg/press-and-media/calendario_cineteca/,Mexico,Press & Media,75
https://www.lg.com/mx/acerca-de-lg/press-and-media/cambios-organizacionales/,Mexico,Press & Media,81
https://www.lg.com/mx/acerca-de-lg/press-and-media/campa-a-lifesgood/,Mexico,Press & Media,68
https://www.lg.com/mx/acerca-de-lg/press-and-media/ceo-lg-electronics-direccion-estrategica/,Mexico,Press & Media,79
https://www.lg.com/mx/acerca-de-lg/press-and-media/ceo-lg/,Mexico,Press & Media,81
https://www.lg.com/mx/acerca-de-lg/press-and-media/ceo-lg1/,Mexico,Press & Media,81
https://www.lg.com/mx/acerca-de-lg/press-and-media/ces-2021-demuestra-pantallas-enrollables/,Mexico,Press & Media,81
https://www.lg.com/mx/acerca-de-lg/press-and-media/ces-2023/,Mexico,Press & Media,79
https://www.lg.com/mx/acerca-de-lg/press-and-media/ces-2024/,Mexico,Press & Media,81
https://www.lg.com/mx/acerca-de-lg/press-and-media/ces2024-gaming/,Mexico,Press & Media,81
https://www.lg.com/mx/acerca-de-lg/press-and-media/ces_2026_LG_Nova/,Mexico,Press & Media,83
https://www.lg.com/mx/acerca-de-lg/press-and-media/ces_2026_lg_will_i_am/,Mexico,Press & Media,83
https://www.lg.com/mx/acerca-de-lg/press-and-media/ces_2026_ultragear/,Mexico,Press & Media,76
https://www.lg.com/mx/acerca-de-lg/press-and-media/cess2021/,Mexico,Press & Media,74
https://www.lg.com/mx/acerca-de-lg/press-and-media/channels/,Mexico,Press & Media,81
https://www.lg.com/mx/acerca-de-lg/press-and-media/ciberseguridad-vehiculos/,Mexico,Press & Media,81
https://www.lg.com/mx/acerca-de-lg/press-and-media/cindie-tv-se-integra-a-lg-channels-/,Mexico,Press & Media,83
https://www.lg.com/mx/acerca-de-lg/press-and-media/cinepolis-estrena-canal-en-lg-channels-mx/,Mexico,Press & Media,79
https://www.lg.com/mx/acerca-de-lg/press-and-media/cineteca-nacional-lg-oled/,Mexico,Press & Media,81
https://www.lg.com/mx/acerca-de-lg/press-and-media/cineteca-nacional-oscar/,Mexico,Press & Media,81
https://www.lg.com/mx/acerca-de-lg/press-and-media/cineteca-nacional/,Mexico,Press & Media,79
https://www.lg.com/mx/acerca-de-lg/press-and-media/citadel-lg/,Mexico,Press & Media,79
https://www.lg.com/mx/acerca-de-lg/press-and-media/cocinas-integrales/,Mexico,Press & Media,81
https://www.lg.com/mx/acerca-de-lg/press-and-media/computadoras-portatiles-lg-gram-2021/,Mexico,Press & Media,81
https://www.lg.com/mx/acerca-de-lg/press-and-media/comunicado-lg-k40/,Mexico,Press & Media,78
https://www.lg.com/mx/acerca-de-lg/press-and-media/conciencia-ambiental/,Mexico,Press & Media,81
https://www.lg.com/mx/acerca-de-lg/press-and-media/conferencia-ces2024/,Mexico,Press & Media,81
https://www.lg.com/mx/acerca-de-lg/press-and-media/contactos-de-medios-de-comunicacion/,Mexico,Press & Media,75
https://www.lg.com/mx/acerca-de-lg/press-and-media/cordzero/,Mexico,Press & Media,79
https://www.lg.com/mx/acerca-de-lg/press-and-media/cortometraje-lg/,Mexico,Press & Media,81
https://www.lg.com/mx/acerca-de-lg/press-and-media/cultivarvegetaleslg/,Mexico,Press & Media,74
https://www.lg.com/mx/acerca-de-lg/press-and-media/debut-en-data-center-2025/,Mexico,Press & Media,79
https://www.lg.com/mx/acerca-de-lg/press-and-media/design-award-2025/,Mexico,Press & Media,81
https://www.lg.com/mx/acerca-de-lg/press-and-media/design-week2024/,Mexico,Press & Media,81
https://www.lg.com/mx/acerca-de-lg/press-and-media/designed-for-lg-gaming-portal/,Mexico,Press & Media,83
https://www.lg.com/mx/acerca-de-lg/press-and-media/dia-de-muertos/,Mexico,Press & Media,81
https://www.lg.com/mx/acerca-de-lg/press-and-media/dia-mundial-de-la-tierra/,Mexico,Press & Media,81
https://www.lg.com/mx/acerca-de-lg/press-and-media/diseno-minimalista/,Mexico,Press & Media,78
https://www.lg.com/mx/acerca-de-lg/press-and-media/disneyplus-llega-a-los-smart-tv-de-lg/,Mexico,Press & Media,81
https://www.lg.com/mx/acerca-de-lg/press-and-media/disneyplus-llega-a-los-smart-tv-de-lg1/,Mexico,Press & Media,81
https://www.lg.com/mx/acerca-de-lg/press-and-media/dualcool-ai/,Mexico,Press & Media,78
https://www.lg.com/mx/acerca-de-lg/press-and-media/duobo/,Mexico,Press & Media,81
https://www.lg.com/mx/acerca-de-lg/press-and-media/el-lg-g8x-thinq-y-la-nueva-lg-dual-screen-improve-productivity-and-mobile-user-experience/,Mexico,Press & Media,81
https://www.lg.com/mx/acerca-de-lg/press-and-media/el-nuevo-puricare-aeromini-de-lg-electronics-ofrece-una-potente-/,Mexico,Press & Media,76
https://www.lg.com/mx/acerca-de-lg/press-and-media/el-refrigerador-lg-instaview-supera-los-5-3-millones-de-unidades/,Mexico,Press & Media,74
https://www.lg.com/mx/acerca-de-lg/press-and-media/electrodomesticos-ifa-2024/,Mexico,Press & Media,81
https://www.lg.com/mx/acerca-de-lg/press-and-media/empresa-de-soluciones/,Mexico,Press & Media,79
https://www.lg.com/mx/acerca-de-lg/press-and-media/energy-star/,Mexico,Press & Media,81
https://www.lg.com/mx/acerca-de-lg/press-and-media/entretenimiento/,Mexico,Press & Media,81
https://www.lg.com/mx/acerca-de-lg/press-and-media/entrevista/,Mexico,Press & Media,81
https://www.lg.com/mx/acerca-de-lg/press-and-media/estate-of-survival/,Mexico,Press & Media,79
https://www.lg.com/mx/acerca-de-lg/press-and-media/estufa-instaview-de-lg-con-air-sous/,Mexico,Press & Media,75
https://www.lg.com/mx/acerca-de-lg/press-and-media/experiencia-interactiva-para-dise-ar-electrodomesticos/,Mexico,Press & Media,78
https://www.lg.com/mx/acerca-de-lg/press-and-media/experiencia-webos/,Mexico,Press & Media,78
https://www.lg.com/mx/acerca-de-lg/press-and-media/festival-xboom/,Mexico,Press & Media,81
https://www.lg.com/mx/acerca-de-lg/press-and-media/festivaldecineoled/,Mexico,Press & Media,81
https://www.lg.com/mx/acerca-de-lg/press-and-media/futuro-sustentable/,Mexico,Press & Media,78
https://www.lg.com/mx/acerca-de-lg/press-and-media/gamingday/,Mexico,Press & Media,81
https://www.lg.com/mx/acerca-de-lg/press-and-media/gigantes-de-la-industria/,Mexico,Press & Media,81
https://www.lg.com/mx/acerca-de-lg/press-and-media/google-cast-ise-2025/,Mexico,Press & Media,81
https://www.lg.com/mx/acerca-de-lg/press-and-media/gram-2023/,Mexico,Press & Media,81
https://www.lg.com/mx/acerca-de-lg/press-and-media/hackathon/,Mexico,Press & Media,81
https://www.lg.com/mx/acerca-de-lg/press-and-media/harbin-bombas-de-calor/,Mexico,Press & Media,81
https://www.lg.com/mx/acerca-de-lg/press-and-media/hitec-2024/,Mexico,Press & Media,81
https://www.lg.com/mx/acerca-de-lg/press-and-media/hogar-inteligente/,Mexico,Press & Media,78
https://www.lg.com/mx/soporte/,Mexico,Support - 일반,86
https://www.lg.com/mx/soporte/centro-de-servicio/,Mexico,Support - 일반,82
https://www.lg.com/mx/soporte/conexion-de-la-fabrica-de-hielo-a-la-tuberia-de-agua/,Mexico,Support - 일반,70
https://www.lg.com/mx/soporte/contactanos/,Mexico,Support - 일반,82
https://www.lg.com/mx/soporte/contactanos/contactanos1/,Mexico,Support - 일반,59
https://www.lg.com/mx/soporte/contactanos/email/,Mexico,Support - 일반,70
https://www.lg.com/mx/soporte/contactanos/email/failure/,Mexico,Support - 일반,70
https://www.lg.com/mx/soporte/contactanos/email/success/,Mexico,Support - 일반,70
https://www.lg.com/mx/soporte/contactanos/envianos-un-correo-electronico/,Mexico,Support - 일반,70
https://www.lg.com/mx/soporte/contactanos/envianos-un-correo-electronico/failure/,Mexico,Support - 일반,59
https://www.lg.com/mx/soporte/contactanos/envianos-un-correo-electronico/success/,Mexico,Support - 일반,59
https://www.lg.com/mx/soporte/contactanos/estatus-de-la-consulta/,Mexico,Support - 일반,79
https://www.lg.com/mx/soporte/contactanos/estatus-de-la-consulta/failure/,Mexico,Support - 일반,70
https://www.lg.com/mx/soporte/contactanos/estatus-de-la-consulta/success/,Mexico,Support - 일반,81
https://www.lg.com/mx/soporte/contactanos/sugerencias-al-director/,Mexico,Support - 일반,78
https://www.lg.com/mx/soporte/contactanos/sugerencias-al-director/failure/,Mexico,Support - 일반,70
https://www.lg.com/mx/soporte/contactanos/sugerencias-al-director/success/,Mexico,Support - 일반,70
https://www.lg.com/mx/soporte/contactanos/web-survey/,Mexico,Support - 일반,78
https://www.lg.com/mx/soporte/contactanos/web-survey/failure/,Mexico,Support - 일반,70
https://www.lg.com/mx/soporte/contactanos/web-survey/success/,Mexico,Support - 일반,70
https://www.lg.com/mx/soporte/error-pages/down-time-check/,Mexico,Support - 일반,59
https://www.lg.com/mx/soporte/fota/,Mexico,Support - 일반,86
https://www.lg.com/mx/soporte/garantia-extendida/,Mexico,Support - 일반,83
https://www.lg.com/mx/soporte/garantia-extendida/retail/,Mexico,Support - 일반,74
https://www.lg.com/mx/soporte/glosario/,Mexico,Support - 일반,78
https://www.lg.com/mx/soporte/informacion-de-garantia/,Mexico,Support - 일반,82
https://www.lg.com/mx/soporte/instalacion-remota/,Mexico,Support - 일반,70
https://www.lg.com/mx/soporte/instalacion-remota/modelo/,Mexico,Support - 일반,74
https://www.lg.com/mx/soporte/instalacion-remota/test/,Mexico,Support - 일반,81
https://www.lg.com/mx/soporte/instalacion-remota/test/form/,Mexico,Support - 일반,81
https://www.lg.com/mx/soporte/instalacion-remota/test/form/request-completed/,Mexico,Support - 일반,74
https://www.lg.com/mx/soporte/lg-a-tu-lado/,Mexico,Support - 일반,67
https://www.lg.com/mx/soporte/lg-a-tu-lado/buy-lg-best-care/,Mexico,Support - 일반,63
https://www.lg.com/mx/soporte/lg-a-tu-lado/cleaning/,Mexico,Support - 일반,74
https://www.lg.com/mx/soporte/lg-a-tu-lado/cleaning/MSEAC12C250900001/,Mexico,Support - 일반,78
https://www.lg.com/mx/soporte/lg-a-tu-lado/cleaning/MSEAC12R260200001/,Mexico,Support - 일반,78
https://www.lg.com/mx/soporte/lg-a-tu-lado/cleaning/MSERF12C250900001/,Mexico,Support - 일반,78
https://www.lg.com/mx/soporte/lg-a-tu-lado/cleaning/MSEWM12C250900002/,Mexico,Support - 일반,78
https://www.lg.com/mx/soporte/lg-a-tu-lado/cleaning/MSEWM12C250900003/,Mexico,Support - 일반,78
https://www.lg.com/mx/soporte/lg-a-tu-lado/cleaning/MSEWM12R260200001/,Mexico,Support - 일반,78
https://www.lg.com/mx/soporte/lg-a-tu-lado/cleaning/MSEWM12R260200002/,Mexico,Support - 일반,78
https://www.lg.com/mx/soporte/lg-a-tu-lado/servicios-lg-a-tu-lado-resp/,Mexico,Support - 일반,70
https://www.lg.com/mx/soporte/lg-a-tu-lado/servicios-lg-a-tu-lado/,Mexico,Support - 일반,70
https://www.lg.com/mx/soporte/lg-a-tu-lado/test3/,Mexico,Support - 일반,67
https://www.lg.com/mx/soporte/lg-a-tu-lado/tyc-best-care/,Mexico,Support - 일반,81
https://www.lg.com/mx/soporte/lg-thinq/,Mexico,Support - 일반,79
https://www.lg.com/mx/soporte/lg-thinq/app/,Mexico,Support - 일반,85
https://www.lg.com/mx/soporte/lg-thinq/magazine/,Mexico,Support - 일반,78
https://www.lg.com/mx/soporte/lg-thinq/magazine/how-to-make-sure-your-home-is-ready-for-summer/,Mexico,Support - 일반,78
https://www.lg.com/mx/soporte/lg-thinq/magazine/smart-homes-narrowing-digital-divide-for-everyone/,Mexico,Support - 일반,74
https://www.lg.com/mx/soporte/micrositios/partes-accesorios/,Mexico,Support - 일반,74
https://www.lg.com/mx/soporte/noticias-soporte/,Mexico,Support - 일반,79
https://www.lg.com/mx/soporte/noticias-soporte/--aviso--actualizacion-de-los-terminos-y-condiciones-de-la-garan/,Mexico,Support - 일반,74
https://www.lg.com/mx/soporte/noticias-soporte/MXNTC150521105960/,Mexico,Support - 일반,81
https://www.lg.com/mx/soporte/noticias-soporte/MXNTC20211111151781/,Mexico,Support - 일반,85
https://www.lg.com/mx/soporte/noticias-soporte/MXNTC20220419152250/,Mexico,Support - 일반,74
https://www.lg.com/mx/soporte/noticias-soporte/MXNTC20220609152566/,Mexico,Support - 일반,78
https://www.lg.com/mx/soporte/noticias-soporte/MXNTC20230505153740/,Mexico,Support - 일반,81
https://www.lg.com/mx/soporte/noticias-soporte/MXNTC20230505153741/,Mexico,Support - 일반,78
https://www.lg.com/mx/soporte/noticias-soporte/MXNTC20231007154250/,Mexico,Support - 일반,81
https://www.lg.com/mx/soporte/noticias-soporte/aviso-accuweather/,Mexico,Support - 일반,74
https://www.lg.com/mx/soporte/noticias-soporte/finalizacion-software-mobile-phone/,Mexico,Support - 일반,74
https://www.lg.com/mx/soporte/noticias-soporte/notice-of-spotify-service-termination/,Mexico,Support - 일반,74
https://www.lg.com/mx/soporte/noticias-soporte/notice-of-termination-of-the-services-of-gracenote-music-id-video-id-eyeq-epg-for-blu-ray-player-blu-ray-home-theater-system-will-no-longer-be-available/,Mexico,Support - 일반,70
https://www.lg.com/mx/soporte/orden-de-servicio/,Mexico,Support - 일반,74
https://www.lg.com/mx/soporte/orden-de-servicio/preguntas-frecuentes/,Mexico,Support - 일반,93
https://www.lg.com/mx/soporte/orden-de-servicio/seguimiento-de-mi-orden/,Mexico,Support - 일반,79
https://www.lg.com/mx/soporte/parts-accesorios/,Mexico,Support - 일반,79
https://www.lg.com/mx/soporte/preguntas-garantias/,Mexico,Support - 일반,85
https://www.lg.com/mx/soporte/quiero-ser-centro-de-servicio-de-lg/,Mexico,Support - 일반,70
https://www.lg.com/mx/soporte/quiero-ser-centro-de-servicio-de-lg/email-solicitud-centro-de-servicio/,Mexico,Support - 일반,74
https://www.lg.com/mx/soporte/quiero-ser-centro-de-servicio-de-lg/email-solicitud-centro-de-servicio/failure/,Mexico,Support - 일반,70
https://www.lg.com/mx/soporte/quiero-ser-centro-de-servicio-de-lg/email-solicitud-centro-de-servicio/success/,Mexico,Support - 일반,70
https://www.lg.com/mx/soporte/quiero-ser-distribuidor-de-accesorios/,Mexico,Support - 일반,74
https://www.lg.com/mx/soporte/quiero-ser-distribuidor-de-accesorios/email-solicitud-centro-de-servicio/,Mexico,Support - 일반,74
https://www.lg.com/mx/soporte/quiero-ser-distribuidor-de-accesorios/email-solicitud-centro-de-servicio/failure/,Mexico,Support - 일반,70
https://www.lg.com/mx/soporte/quiero-ser-distribuidor-de-accesorios/email-solicitud-centro-de-servicio/success/,Mexico,Support - 일반,70
https://www.lg.com/mx/soporte/simulador-aire-acondicionado/,Mexico,Support - 일반,70
https://www.lg.com/mx/soporte/smart-share/,Mexico,Support - 일반,86
https://www.lg.com/mx/soporte/soporte-adicional/,Mexico,Support - 일반,74
https://www.lg.com/mx/soporte/soporte-de-producto/,Mexico,Support - 일반,74
https://www.lg.com/mx/soporte/soporte-de-producto/TEST3/,Mexico,Support - 일반,81
https://www.lg.com/mx/soporte/soporte-de-producto/cs-06P5164.IBM/,Mexico,Support - 일반,78
https://www.lg.com/mx/soporte/soporte-de-producto/cs-100QNED85BS.AWM/,Mexico,Support - 일반,78
https://www.lg.com/mx/soporte/soporte-de-producto/cs-100QNED86AS.AWM/,Mexico,Support - 일반,78
https://www.lg.com/mx/soporte/soporte-de-producto/cs-110UM5J-B.AWMQ/,Mexico,Support - 일반,78
https://www.lg.com/mx/soporte/soporte-de-producto/solucion-de-problemas/help-library/cs-CT52001175-20155311281656/,Mexico,Support - Troubleshoot,75
https://www.lg.com/mx/soporte/soporte-de-producto/solucion-de-problemas/help-library/cs-CT52001177-20155130420143/,Mexico,Support - Troubleshoot,75
https://www.lg.com/mx/soporte/soporte-de-producto/solucion-de-problemas/help-library/cs-CT52001176-20155101722540/,Mexico,Support - Troubleshoot,75
https://www.lg.com/mx/soporte/soporte-de-producto/solucion-de-problemas/help-library/cs-CT52001175-20152939382199/,Mexico,Support - Troubleshoot,75
https://www.lg.com/mx/soporte/soporte-de-producto/solucion-de-problemas/help-library/cs-CT40001739-20155062565196,Mexico,Support - Troubleshoot,75
https://www.lg.com/mx/soporte/soporte-de-producto/solucion-de-problemas/help-library/cs-CT52001178-20155311510063,Mexico,Support - Troubleshoot,75
https://www.lg.com/mx/soporte/soporte-de-producto/solucion-de-problemas/help-library/cs-CT52001175-20155052624070/,Mexico,Support - Troubleshoot,75
https://www.lg.com/mx/soporte/soporte-de-producto/solucion-de-problemas/help-library/cs-CT52001176-20155102610583/,Mexico,Support - Troubleshoot,75
https://www.lg.com/mx/soporte/soporte-de-producto/solucion-de-problemas/help-library/cs-CT52001176-20155268065571/,Mexico,Support - Troubleshoot,75
https://www.lg.com/mx/soporte/ayuda-producto/CT20178018-1429776703700,Mexico,Support - Troubleshoot,75
https://www.lg.com/mx/soporte/soporte-de-producto/solucion-de-problemas/help-library/cs-CT52001176-20155101724174,Mexico,Support - Troubleshoot,75
https://www.lg.com/mx/soporte/soporte-de-producto/solucion-de-problemas/help-library/cs-CT52001178-20155006054500,Mexico,Support - Troubleshoot,75
https://www.lg.com/mx/soporte/soporte-de-producto/solucion-de-problemas/help-library/cs-CT52001177-20155117733591/,Mexico,Support - Troubleshoot,75
https://www.lg.com/mx/soporte/soporte-de-producto/solucion-de-problemas/help-library/cs-CT52001176-20155103098227/,Mexico,Support - Troubleshoot,75
https://www.lg.com/mx/soporte/soporte-de-producto/solucion-de-problemas/help-library/cs-CT52001176-20154978949801/,Mexico,Support - Troubleshoot,75
https://www.lg.com/mx/soporte/soporte-de-producto/solucion-de-problemas/help-library/cs-CT52001177-20155297256775/,Mexico,Support - Troubleshoot,75
https://www.lg.com/mx/soporte/soporte-de-producto/solucion-de-problemas/help-library/cs-CT52001176-20155103112024,Mexico,Support - Troubleshoot,75
https://www.lg.com/mx/soporte/soporte-de-producto/solucion-de-problemas/help-library/cs-CT52001177-20155130680953/,Mexico,Support - Troubleshoot,75
https://www.lg.com/mx/soporte/soporte-de-producto/solucion-de-problemas/help-library/cs-CT52001176-20155027710418/,Mexico,Support - Troubleshoot,75
https://www.lg.com/mx/soporte/soporte-de-producto/solucion-de-problemas/help-library/cs-CT52001178-20152939381716/,Mexico,Support - Troubleshoot,75
https://www.lg.com/mx/soporte/soporte-de-producto/solucion-de-problemas/help-library/cs-CT52001175-20154988830601,Mexico,Support - Troubleshoot,75
https://www.lg.com/mx/soporte/soporte-de-producto/solucion-de-problemas/help-library/cs-CT52001177-20155060988637/,Mexico,Support - Troubleshoot,75
https://www.lg.com/mx/soporte/soporte-de-producto/solucion-de-problemas/help-library/cs-CT52001178-20155311462655/,Mexico,Support - Troubleshoot,75
https://www.lg.com/mx/soporte/soporte-de-producto/solucion-de-problemas/help-library/cs-CT52001176-20155092738758,Mexico,Support - Troubleshoot,75
https://www.lg.com/mx/soporte/soporte-de-producto/solucion-de-problemas/help-library/cs-CT52001176-20155027807109/,Mexico,Support - Troubleshoot,75
https://www.lg.com/mx/soporte/soporte-de-producto/solucion-de-problemas/help-library/cs-CT52001175-20155130447694/,Mexico,Support - Troubleshoot,75
https://www.lg.com/mx/soporte/soporte-de-producto/solucion-de-problemas/help-library/cs-CT52001177-20155048197233/,Mexico,Support - Troubleshoot,75
https://www.lg.com/mx/soporte/soporte-de-producto/solucion-de-problemas/help-library/cs-CT52001178-20155333776299/,Mexico,Support - Troubleshoot,75
https://www.lg.com/mx/soporte/soporte-de-producto/solucion-de-problemas/help-library/cs-CT52001178-20155379629056/,Mexico,Support - Troubleshoot,75
https://www.lg.com/mx/soporte/soporte-de-producto/solucion-de-problemas/help-library/cs-CT52001177-20155183806774,Mexico,Support - Troubleshoot,79
https://www.lg.com/mx/soporte/soporte-de-producto/solucion-de-problemas/help-library/cs-CT52001177-20155198570581/,Mexico,Support - Troubleshoot,75
https://www.lg.com/mx/soporte/soporte-de-producto/solucion-de-problemas/help-library/cs-CT52001176-20155177656196,Mexico,Support - Troubleshoot,75
https://www.lg.com/mx/soporte/soporte-de-producto/solucion-de-problemas/help-library/cs-CT52001177-20155135973325,Mexico,Support - Troubleshoot,75
https://www.lg.com/mx/soporte/soporte-de-producto/solucion-de-problemas/help-library/cs-CT52001176-20155130220987,Mexico,Support - Troubleshoot,75
https://www.lg.com/mx/soporte/soporte-de-producto/solucion-de-problemas/help-library/cs-CT52001176-20155101718353,Mexico,Support - Troubleshoot,75
https://www.lg.com/mx/soporte/soporte-de-producto/solucion-de-problemas/help-library/cs-CT52001176-20155297571159,Mexico,Support - Troubleshoot,75
https://www.lg.com/mx/soporte/soporte-de-producto/solucion-de-problemas/help-library/cs-CT32013022-20155198991499,Mexico,Support - Troubleshoot,75
https://www.lg.com/mx/soporte/soporte-de-producto/solucion-de-problemas/help-library/cs-CT52001176-20155028315049,Mexico,Support - Troubleshoot,75
https://www.lg.com/mx/soporte/soporte-de-producto/solucion-de-problemas/help-library/cs-CT52001176-20155102970927/,Mexico,Support - Troubleshoot,75
https://www.lg.com/mx/soporte/soporte-de-producto/solucion-de-problemas/help-library/cs-CT52001178-20152941373241/,Mexico,Support - Troubleshoot,75
https://www.lg.com/mx/soporte/soporte-de-producto/solucion-de-problemas/help-library/cs-CT52001178-20155311404942/,Mexico,Support - Troubleshoot,75
https://www.lg.com/mx/soporte/soporte-de-producto/solucion-de-problemas/help-library/cs-CT52001177-20155274470879/,Mexico,Support - Troubleshoot,75
https://www.lg.com/mx/soporte/soporte-de-producto/solucion-de-problemas/help-library/cs-CT52001178-20155181428390,Mexico,Support - Troubleshoot,75
https://www.lg.com/mx/soporte/soporte-de-producto/solucion-de-problemas/help-library/cs-CT52001176-20155102929208,Mexico,Support - Troubleshoot,75
https://www.lg.com/mx/soporte/soporte-de-producto/solucion-de-problemas/help-library/cs-CT52001178-20155269005555/,Mexico,Support - Troubleshoot,75
https://www.lg.com/mx/soporte/soporte-de-producto/solucion-de-problemas/help-library/cs-CT52001176-20155004254069,Mexico,Support - Troubleshoot,75
https://www.lg.com/mx/soporte/soporte-de-producto/solucion-de-problemas/help-library/cs-CT52001176-20155379389257/,Mexico,Support - Troubleshoot,75
https://www.lg.com/mx/soporte/soporte-de-producto/solucion-de-problemas/help-library/cs-CT52001176-20155027836774,Mexico,Support - Troubleshoot,75
https://www.lg.com/mx/soporte/soporte-de-producto/solucion-de-problemas/help-library/cs-CT52001176-20155118242022/,Mexico,Support - Troubleshoot,75
https://www.lg.com/mx/soporte/soporte-de-producto/solucion-de-problemas/help-library/cs-CT52001176-20155102785145,Mexico,Support - Troubleshoot,75
https://www.lg.com/mx/soporte/soporte-de-producto/solucion-de-problemas/help-library/cs-CT52001176-20155148965368,Mexico,Support - Troubleshoot,75
https://www.lg.com/mx/soporte/soporte-de-producto/solucion-de-problemas/help-library/cs-CT52001176-20155102795207,Mexico,Support - Troubleshoot,75
https://www.lg.com/mx/soporte/soporte-de-producto/solucion-de-problemas/help-library/cs-CT52001178-20155412190710/,Mexico,Support - Troubleshoot,75
https://www.lg.com/mx/soporte/soporte-de-producto/solucion-de-problemas/help-library/cs-CT40001739-20155119011354,Mexico,Support - Troubleshoot,75
https://www.lg.com/mx/soporte/soporte-de-producto/solucion-de-problemas/help-library/cs-CT52001175-20154992572980,Mexico,Support - Troubleshoot,75
https://www.lg.com/mx/soporte/soporte-de-producto/solucion-de-problemas/help-library/cs-CT32013022-20155060945506,Mexico,Support - Troubleshoot,75
https://www.lg.com/mx/soporte/soporte-de-producto/solucion-de-problemas/help-library/cs-CT52001177-20155134075340/,Mexico,Support - Troubleshoot,75
https://www.lg.com/mx/soporte/soporte-de-producto/solucion-de-problemas/help-library/cs-CT52001176-20155102982679/,Mexico,Support - Troubleshoot,75
https://www.lg.com/mx/soporte/soporte-de-producto/solucion-de-problemas/help-library/cs-CT52001176-20155101725694,Mexico,Support - Troubleshoot,75
https://www.lg.com/mx/soporte/soporte-de-producto/solucion-de-problemas/help-library/cs-CT52001178-20155410030324/,Mexico,Support - Troubleshoot,75
https://www.lg.com/mx/soporte/soporte-de-producto/solucion-de-problemas/help-library/cs-CT52001177-20155131950017/,Mexico,Support - Troubleshoot,75
https://www.lg.com/mx/soporte/soporte-de-producto/solucion-de-problemas/help-library/cs-CT52001176-20155128323806/,Mexico,Support - Troubleshoot,75
https://www.lg.com/mx/soporte/soporte-de-producto/solucion-de-problemas/help-library/cs-CT52001175-20155412218773,Mexico,Support - Troubleshoot,75
https://www.lg.com/mx/soporte/soporte-de-producto/solucion-de-problemas/help-library/cs-CT52001175-20155105901978,Mexico,Support - Troubleshoot,75
https://www.lg.com/mx/soporte/soporte-de-producto/solucion-de-problemas/help-library/cs-CT52001176-20155101661593/,Mexico,Support - Troubleshoot,75
https://www.lg.com/mx/soporte/soporte-de-producto/solucion-de-problemas/help-library/cs-CT52001178-20155114291317/,Mexico,Support - Troubleshoot,75
https://www.lg.com/mx/soporte/soporte-de-producto/solucion-de-problemas/help-library/cs-CT52001177-20155363599693/,Mexico,Support - Troubleshoot,75
https://www.lg.com/mx/soporte/soporte-de-producto/solucion-de-problemas/help-library/cs-CT52001177-20155366424952/,Mexico,Support - Troubleshoot,75
https://www.lg.com/mx/soporte/soporte-de-producto/solucion-de-problemas/help-library/cs-CT52001176-20155102938086/,Mexico,Support - Troubleshoot,75
https://www.lg.com/mx/soporte/soporte-de-producto/solucion-de-problemas/help-library/cs-CT52001177-20155048186372,Mexico,Support - Troubleshoot,75
https://www.lg.com/mx/soporte/soporte-de-producto/solucion-de-problemas/help-library/cs-CT52001178-20155331406488/,Mexico,Support - Troubleshoot,75
https://www.lg.com/mx/soporte/soporte-de-producto/solucion-de-problemas/help-library/cs-CT52001176-20155101729342/,Mexico,Support - Troubleshoot,79
https://www.lg.com/mx/soporte/soporte-de-producto/solucion-de-problemas/help-library/cs-CT52001178-20155104842072/,Mexico,Support - Troubleshoot,75
https://www.lg.com/mx/soporte/soporte-de-producto/solucion-de-problemas/help-library/cs-CT52001177-20155118507578/,Mexico,Support - Troubleshoot,79
https://www.lg.com/mx/soporte/soporte-de-producto/solucion-de-problemas/help-library/cs-CT52001176-20155272225586/,Mexico,Support - Troubleshoot,75
https://www.lg.com/mx/soporte/soporte-de-producto/solucion-de-problemas/help-library/cs-CT52001176-20155102954804,Mexico,Support - Troubleshoot,75
https://www.lg.com/mx/soporte/soporte-de-producto/solucion-de-problemas/help-library/cs-CT52001176-20155102810310/,Mexico,Support - Troubleshoot,75
https://www.lg.com/mx/soporte/soporte-de-producto/solucion-de-problemas/help-library/cs-CT32013022-20155363601894,Mexico,Support - Troubleshoot,75
https://www.lg.com/mx/soporte/soporte-de-producto/solucion-de-problemas/help-library/cs-CT52001176-20155102817449,Mexico,Support - Troubleshoot,75
https://www.lg.com/mx/soporte/soporte-de-producto/solucion-de-problemas/help-library/cs-CT52001178-20155410261659/,Mexico,Support - Troubleshoot,75
https://www.lg.com/mx/soporte/soporte-de-producto/solucion-de-problemas/help-library/cs-CT52001178-20155029350574/,Mexico,Support - Troubleshoot,75
https://www.lg.com/mx/soporte/soporte-de-producto/solucion-de-problemas/help-library/cs-CT52001178-20155029322293/,Mexico,Support - Troubleshoot,75
https://www.lg.com/mx/soporte/soporte-de-producto/solucion-de-problemas/help-library/cs-CT52001176-20155368586038,Mexico,Support - Troubleshoot,75
https://www.lg.com/mx/soporte/soporte-de-producto/solucion-de-problemas/help-library/cs-CT52001178-20155410407018,Mexico,Support - Troubleshoot,75
https://www.lg.com/mx/soporte/soporte-de-producto/solucion-de-problemas/help-library/cs-CT52001176-20155102768431/,Mexico,Support - Troubleshoot,75
https://www.lg.com/mx/soporte/soporte-de-producto/solucion-de-problemas/help-library/cs-CT52001177-20155128302111/,Mexico,Support - Troubleshoot,75
https://www.lg.com/mx/soporte/soporte-de-producto/solucion-de-problemas/help-library/cs-CT52001176-20155352260445,Mexico,Support - Troubleshoot,75
https://www.lg.com/mx/soporte/soporte-de-producto/solucion-de-problemas/help-library/cs-CT52001176-20155386347125/,Mexico,Support - Troubleshoot,75
https://www.lg.com/mx/soporte/soporte-de-producto/solucion-de-problemas/help-library/cs-CT52001176-1423652805078/,Mexico,Support - Troubleshoot,75
https://www.lg.com/mx/soporte/soporte-de-producto/solucion-de-problemas/help-library/cs-CT52001176-20155048218338/,Mexico,Support - Troubleshoot,75
https://www.lg.com/mx/soporte/soporte-de-producto/solucion-de-problemas/help-library/cs-CT52001178-20155069780016/,Mexico,Support - Troubleshoot,75
https://www.lg.com/mx/soporte/soporte-de-producto/solucion-de-problemas/help-library/cs-CT52001176-20155105957259,Mexico,Support - Troubleshoot,75
https://www.lg.com/mx/soporte/soporte-de-producto/solucion-de-problemas/help-library/cs-CT52001176-20155102827243,Mexico,Support - Troubleshoot,75
https://www.lg.com/mx/soporte/soporte-de-producto/solucion-de-problemas/help-library/cs-CT52001176-20155102932506,Mexico,Support - Troubleshoot,75
https://www.lg.com/mx/soporte/soporte-de-producto/solucion-de-problemas/help-library/cs-CT52001176-20155333896069,Mexico,Support - Troubleshoot,75
https://www.lg.com/mx/soporte/soporte-de-producto/solucion-de-problemas/help-library/cs-CT52001177-20155062100990/,Mexico,Support - Troubleshoot,75
https://www.lg.com/mx/soporte/soporte-de-producto/solucion-de-problemas/help-library/cs-CT52001178-20155019545757/,Mexico,Support - Troubleshoot,75
https://www.lg.com/mx/soporte/soporte-de-producto/solucion-de-problemas/help-library/cs-CT52001176-20155102836236,Mexico,Support - Troubleshoot,75
https://www.lg.com/mx/soporte/soporte-de-producto/solucion-de-problemas/help-library/cs-CT52001176-20155028324087,Mexico,Support - Troubleshoot,75
https://www.lg.com/mx/soporte/soporte-de-producto/solucion-de-problemas/help-library/cs-CT52001177-20155048192355/,Mexico,Support - Troubleshoot,75
https://www.lg.com/uk/tvs-soundbars/oled-evo/oled55g66ls/,UK,제품 상세 (PDP),76
https://www.lg.com/uk/tvs/19lu5000/,UK,제품 상세 (PDP),75
https://www.lg.com/uk/tvs-soundbars/2023/,UK,제품 상세 (PDP),83
https://www.lg.com/uk/tvs/22lg3010/,UK,제품 상세 (PDP),75
https://www.lg.com/uk/commercial-tv/commercial-lite/65ur781c0lk/,UK,제품 상세 (PDP),75
https://www.lg.com/uk/tvs-soundbars/2024/,UK,제품 상세 (PDP),68
https://www.lg.com/uk/tvs/32lh604v/,UK,제품 상세 (PDP),84
https://www.lg.com/uk/commercial-tv/pro-centric/43um670h0ua/,UK,제품 상세 (PDP),75
https://www.lg.com/uk/tvs-soundbars/4k-uhd-tvs/,UK,제품 상세 (PDP),87
https://www.lg.com/uk/tvs/43lh604v/,UK,제품 상세 (PDP),84
https://www.lg.com/uk/tvs-soundbars/4k-uhd-tvs/40uf675v/,UK,제품 상세 (PDP),84
https://www.lg.com/uk/tvs/49lh590v/,UK,제품 상세 (PDP),84
https://www.lg.com/uk/tvs-soundbars/4k-uhd-tvs/43lq60006la/,UK,제품 상세 (PDP),81
https://www.lg.com/uk/tvs/49lh604v/,UK,제품 상세 (PDP),84
https://www.lg.com/uk/tvs-soundbars/4k-uhd-tvs/43ua73006la/,UK,제품 상세 (PDP),81
https://www.lg.com/uk/tvs/50pb5600/,UK,제품 상세 (PDP),84
https://www.lg.com/uk/tvs-soundbars/4k-uhd-tvs/43ua74006lb/,UK,제품 상세 (PDP),84
https://www.lg.com/uk/tvs/50pb560b/,UK,제품 상세 (PDP),84
https://www.lg.com/uk/tvs-soundbars/4k-uhd-tvs/43ua75006la/,UK,제품 상세 (PDP),81
https://www.lg.com/uk/tvs/50pb660v/,UK,제품 상세 (PDP),84
https://www.lg.com/uk/tvs-soundbars/4k-uhd-tvs/43uf675v/,UK,제품 상세 (PDP),84
https://www.lg.com/uk/tvs/50pb690v/,UK,제품 상세 (PDP),84
https://www.lg.com/uk/tvs-soundbars/4k-uhd-tvs/43uk6200pla/,UK,제품 상세 (PDP),84
https://www.lg.com/uk/tvs/55lh604v/,UK,제품 상세 (PDP),84
https://www.lg.com/uk/tvs-soundbars/4k-uhd-tvs/43uk6300plb/,UK,제품 상세 (PDP),84
https://www.lg.com/uk/tvs/60pb660v/,UK,제품 상세 (PDP),84
https://www.lg.com/uk/tvs-soundbars/4k-uhd-tvs/43uk6400plf/,UK,제품 상세 (PDP),84
https://www.lg.com/uk/tvs/60pb690v/,UK,제품 상세 (PDP),84
https://www.lg.com/uk/tvs-soundbars/4k-uhd-tvs/43uk6470plc/,UK,제품 상세 (PDP),84
https://www.lg.com/uk/tvs/led-tv/28lb490u/,UK,제품 상세 (PDP),84
https://www.lg.com/uk/tvs-soundbars/4k-uhd-tvs/43uk6500pla/,UK,제품 상세 (PDP),84
https://www.lg.com/uk/tvs/led-tv/32lb550u/,UK,제품 상세 (PDP),84
https://www.lg.com/uk/tvs-soundbars/4k-uhd-tvs/43uk6750pld/,UK,제품 상세 (PDP),84
https://www.lg.com/uk/tvs/led-tv/32lb561v/,UK,제품 상세 (PDP),84
https://www.lg.com/uk/tvs-soundbars/4k-uhd-tvs/43uk6950plb/,UK,제품 상세 (PDP),84
https://www.lg.com/uk/speakers/2023/,UK,제품 상세 (PDP),83
https://www.lg.com/uk/home-cinema-systems/bh4030s/,UK,제품 상세 (PDP),84
https://www.lg.com/uk/speakers-sound-systems/32gp850/,UK,제품 상세 (PDP),77
https://www.lg.com/uk/speakers/gaming-speakers/gp9/,UK,제품 상세 (PDP),84
https://www.lg.com/uk/home-cinema-systems/bh6220c/,UK,제품 상세 (PDP),84
https://www.lg.com/uk/speakers-sound-systems/34gn850/,UK,제품 상세 (PDP),77
https://www.lg.com/uk/speakers/hi-fi-system/bh4030s/,UK,제품 상세 (PDP),84
https://www.lg.com/uk/home-cinema-systems/bh6230s/,UK,제품 상세 (PDP),84
https://www.lg.com/uk/speakers-sound-systems/34gp950g/,UK,제품 상세 (PDP),77
https://www.lg.com/uk/speakers/hi-fi-system/bh4120s/,UK,제품 상세 (PDP),84
https://www.lg.com/uk/home-cinema-systems/bh6430p/,UK,제품 상세 (PDP),84
https://www.lg.com/uk/speakers-sound-systems/38gn950/,UK,제품 상세 (PDP),77
https://www.lg.com/uk/speakers/hi-fi-system/bh5320f/,UK,제품 상세 (PDP),84
https://www.lg.com/uk/home-cinema-systems/bh6620t/,UK,제품 상세 (PDP),84
https://www.lg.com/uk/speakers-sound-systems/art51/,UK,제품 상세 (PDP),84
https://www.lg.com/uk/speakers/hi-fi-system/bh6220c/,UK,제품 상세 (PDP),84
https://www.lg.com/uk/home-cinema-systems/bh6730s/,UK,제품 상세 (PDP),84
https://www.lg.com/uk/speakers-sound-systems/art52/,UK,제품 상세 (PDP),84
https://www.lg.com/uk/speakers/hi-fi-system/bh6220s/,UK,제품 상세 (PDP),84
https://www.lg.com/uk/home-cinema-systems/bh7130c/,UK,제품 상세 (PDP),84
https://www.lg.com/uk/speakers-sound-systems/art53/,UK,제품 상세 (PDP),84
https://www.lg.com/uk/speakers/hi-fi-system/bh6230s/,UK,제품 상세 (PDP),84
https://www.lg.com/uk/home-cinema-systems/bh7430p/,UK,제품 상세 (PDP),84
https://www.lg.com/uk/speakers-sound-systems/hi-fi-systems/cj87/,UK,제품 상세 (PDP),84
https://www.lg.com/uk/speakers/hi-fi-system/bh6430p/,UK,제품 상세 (PDP),84
https://www.lg.com/uk/home-cinema-systems/bh7530tw/,UK,제품 상세 (PDP),84
https://www.lg.com/uk/speakers-sound-systems/hi-fi-systems/cj88/,UK,제품 상세 (PDP),84
https://www.lg.com/uk/speakers/hi-fi-system/bh6620p/,UK,제품 상세 (PDP),84
https://www.lg.com/uk/home-cinema-systems/bh9430pw/,UK,제품 상세 (PDP),84
https://www.lg.com/uk/speakers-sound-systems/hi-fi-systems/cj98/,UK,제품 상세 (PDP),84
https://www.lg.com/uk/speakers/hi-fi-system/bh6620s/,UK,제품 상세 (PDP),84
https://www.lg.com/uk/monitor/monitor-products-ips/24mp400p-b/,UK,제품 상세 (PDP),84
https://www.lg.com/uk/monitors/144-hz-monitor/,UK,제품 상세 (PDP),84
https://www.lg.com/uk/monitor-products/ips/24ba550-b/,UK,제품 상세 (PDP),75
https://www.lg.com/uk/monitors/19en33s-b/,UK,제품 상세 (PDP),84
https://www.lg.com/uk/monitors/20en33ss-b/,UK,제품 상세 (PDP),84
https://www.lg.com/uk/monitors/20m35a-b/,UK,제품 상세 (PDP),84
https://www.lg.com/uk/monitors/20m37a-b/,UK,제품 상세 (PDP),84
https://www.lg.com/uk/monitors/20m38a-b/,UK,제품 상세 (PDP),84
https://www.lg.com/uk/monitors/21-9-ultrawide-monitors/25um55-p/,UK,제품 상세 (PDP),84
https://www.lg.com/uk/monitors/21-9-ultrawide-monitors/25um57-p/,UK,제품 상세 (PDP),84
https://www.lg.com/uk/monitors/21-9-ultrawide-monitors/25um58-p/,UK,제품 상세 (PDP),84
https://www.lg.com/uk/monitors/21-9-ultrawide-monitors/25um65-p/,UK,제품 상세 (PDP),84
https://www.lg.com/uk/monitors/21-9-ultrawide-monitors/29ea73-p/,UK,제품 상세 (PDP),84
https://www.lg.com/uk/monitors/21-9-ultrawide-monitors/29ea93-p/,UK,제품 상세 (PDP),84
https://www.lg.com/uk/monitors/21-9-ultrawide-monitors/29eb73-p/,UK,제품 상세 (PDP),84
https://www.lg.com/uk/monitors/21-9-ultrawide-monitors/29eb93-p/,UK,제품 상세 (PDP),84
https://www.lg.com/uk/monitors/21-9-ultrawide-monitors/29ma73v-pz/,UK,제품 상세 (PDP),84
https://www.lg.com/uk/monitors/21-9-ultrawide-monitors/29ub55-b/,UK,제품 상세 (PDP),84
https://www.lg.com/uk/monitors/21-9-ultrawide-monitors/29ub65-p/,UK,제품 상세 (PDP),84
https://www.lg.com/uk/monitors/21-9-ultrawide-monitors/29ub67-b/,UK,제품 상세 (PDP),84
https://www.lg.com/uk/monitors/21-9-ultrawide-monitors/29uc88-b/,UK,제품 상세 (PDP),84
https://www.lg.com/uk/monitors/21-9-ultrawide-monitors/29uc97c-b/,UK,제품 상세 (PDP),84
https://www.lg.com/uk/monitors/21-9-ultrawide-monitors/29um55-p/,UK,제품 상세 (PDP),84
https://www.lg.com/uk/monitors/21-9-ultrawide-monitors/29um57-p/,UK,제품 상세 (PDP),84
https://www.lg.com/uk/monitors/21-9-ultrawide-monitors/29um59-p/,UK,제품 상세 (PDP),84
https://www.lg.com/uk/monitors/21-9-ultrawide-monitors/29um65-p/,UK,제품 상세 (PDP),84
https://www.lg.com/uk/monitors/21-9-ultrawide-monitors/29um67-p/,UK,제품 상세 (PDP),84
https://www.lg.com/uk/monitors/21-9-ultrawide-monitors/29um68-p/,UK,제품 상세 (PDP),84
https://www.lg.com/uk/monitors/21-9-ultrawide-monitors/29um69g-b/,UK,제품 상세 (PDP),84
https://www.lg.com/uk/monitors/21-9-ultrawide-monitors/29wk500-p/,UK,제품 상세 (PDP),84
https://www.lg.com/uk/monitors/21-9-ultrawide-monitors/29wk600-w/,UK,제품 상세 (PDP),84
https://www.lg.com/uk/monitors/21-9-ultrawide-monitors/29wl500-b/,UK,제품 상세 (PDP),84
https://www.lg.com/uk/fridge-freezers/american-style-fridge-freezers/gcl217lgna/,UK,제품 상세 (PDP),84
https://www.lg.com/uk/fridge-freezers/american-style-fridge-freezers/gmj844pzkv/,UK,제품 상세 (PDP),81
https://www.lg.com/uk/fridge-freezers/american-style-fridge-freezers/gmj916nshv/,UK,제품 상세 (PDP),81
https://www.lg.com/uk/fridge-freezers/american-style-fridge-freezers/gml844pzkv/,UK,제품 상세 (PDP),81
https://www.lg.com/uk/fridge-freezers/american-style-fridge-freezers/gml916nshv/,UK,제품 상세 (PDP),81
https://www.lg.com/uk/fridge-freezers/american-style-fridge-freezers/gmm916nshv/,UK,제품 상세 (PDP),84
https://www.lg.com/uk/fridge-freezers/american-style-fridge-freezers/gmx844mc6f/,UK,제품 상세 (PDP),84
https://www.lg.com/uk/fridge-freezers/american-style-fridge-freezers/gmx844mckv/,UK,제품 상세 (PDP),84
https://www.lg.com/uk/fridge-freezers/american-style-fridge-freezers/gmx945mc9f/,UK,제품 상세 (PDP),84
https://www.lg.com/uk/fridge-freezers/american-style-fridge-freezers/grp247jhmv/,UK,제품 상세 (PDP),84
https://www.lg.com/uk/fridge-freezers/american-style-fridge-freezers/gs3159avhv/,UK,제품 상세 (PDP),84
https://www.lg.com/uk/fridge-freezers/american-style-fridge-freezers/gs3159pvfv/,UK,제품 상세 (PDP),84
https://www.lg.com/uk/fridge-freezers/american-style-fridge-freezers/gs3159pvhv/,UK,제품 상세 (PDP),84
https://www.lg.com/uk/fridge-freezers/american-style-fridge-freezers/gs3159pvjv/,UK,제품 상세 (PDP),84
https://www.lg.com/uk/fridge-freezers/american-style-fridge-freezers/gs3159swjv/,UK,제품 상세 (PDP),84
https://www.lg.com/uk/fridge-freezers/american-style-fridge-freezers/gs3159wbfv/,UK,제품 상세 (PDP),84
https://www.lg.com/uk/fridge-freezers/american-style-fridge-freezers/gs5163avjv/,UK,제품 상세 (PDP),84
https://www.lg.com/uk/fridge-freezers/american-style-fridge-freezers/gs5163avmv/,UK,제품 상세 (PDP),79
https://www.lg.com/uk/fridge-freezers/american-style-fridge-freezers/gs5163nsmv/,UK,제품 상세 (PDP),84
https://www.lg.com/uk/fridge-freezers/american-style-fridge-freezers/gs5163wbjv/,UK,제품 상세 (PDP),84
https://www.lg.com/uk/fridge-freezers/american-style-fridge-freezers/gs5163wbmv/,UK,제품 상세 (PDP),84
https://www.lg.com/uk/fridge-freezers/american-style-fridge-freezers/gs7161aelv/,UK,제품 상세 (PDP),84
https://www.lg.com/uk/fridge-freezers/american-style-fridge-freezers/gs9166aenv/,UK,제품 상세 (PDP),84
https://www.lg.com/uk/fridge-freezers/american-style-fridge-freezers/gs9366aeav/,UK,제품 상세 (PDP),84
https://www.lg.com/uk/fridge-freezers/american-style-fridge-freezers/gsb325nsqv/,UK,제품 상세 (PDP),84
https://www.lg.com/uk/fridge-freezers/american-style-fridge-freezers/gsb325pvqv/,UK,제품 상세 (PDP),84
https://www.lg.com/uk/fridge-freezers/american-style-fridge-freezers/gsb325swqv/,UK,제품 상세 (PDP),84
https://www.lg.com/uk/fridge-freezers/american-style-fridge-freezers/gsb325wbqv/,UK,제품 상세 (PDP),84
https://www.lg.com/uk/fridge-freezers/american-style-fridge-freezers/gsb760pzxv/,UK,제품 상세 (PDP),81
https://www.lg.com/uk/laundry/styler/rx5mr/,UK,제품 상세 (PDP),84
https://www.lg.com/uk/dishwashers/d1453wf/,UK,제품 상세 (PDP),84
https://www.lg.com/uk/washer-dryers/f1403rd/,UK,제품 상세 (PDP),84
https://www.lg.com/uk/washing-machines/6-motion-washing-machines/f1296tda5/,UK,제품 상세 (PDP),84
https://www.lg.com/uk/laundry/styler/s3bf/,UK,제품 상세 (PDP),84
https://www.lg.com/uk/dishwashers/d1454bf/,UK,제품 상세 (PDP),84
https://www.lg.com/uk/washer-dryers/f1403rd6/,UK,제품 상세 (PDP),84
https://www.lg.com/uk/washing-machines/6-motion-washing-machines/f1296tda7/,UK,제품 상세 (PDP),84
https://www.lg.com/uk/laundry/styler/s3wf/,UK,제품 상세 (PDP),84
https://www.lg.com/uk/dishwashers/d1454tf/,UK,제품 상세 (PDP),84
https://www.lg.com/uk/washer-dryers/f1403yd/,UK,제품 상세 (PDP),84
https://www.lg.com/uk/washing-machines/6-motion-washing-machines/f12a8tda/,UK,제품 상세 (PDP),84
https://www.lg.com/uk/laundry/tumble-dryers/fdc309w/,UK,제품 상세 (PDP),84
https://www.lg.com/uk/dishwashers/d1483bf/,UK,제품 상세 (PDP),84
https://www.lg.com/uk/washer-dryers/f1403yd5/,UK,제품 상세 (PDP),84
https://www.lg.com/uk/washing-machines/6-motion-washing-machines/f12a8tda5/,UK,제품 상세 (PDP),84
https://www.lg.com/uk/laundry/tumble-dryers/fdj608w/,UK,제품 상세 (PDP),81
https://www.lg.com/uk/dishwashers/d1483cf/,UK,제품 상세 (PDP),84
https://www.lg.com/uk/washer-dryers/f1403yd6/,UK,제품 상세 (PDP),84
https://www.lg.com/uk/washing-machines/6-motion-washing-machines/f12b8nda/,UK,제품 상세 (PDP),84
https://www.lg.com/uk/laundry/tumble-dryers/fdm309s/,UK,제품 상세 (PDP),84
https://www.lg.com/uk/dishwashers/d1484bf/,UK,제품 상세 (PDP),84
https://www.lg.com/uk/washer-dryers/f1480rd/,UK,제품 상세 (PDP),84
https://www.lg.com/uk/washing-machines/6-motion-washing-machines/f12b8qda/,UK,제품 상세 (PDP),84
https://www.lg.com/uk/laundry/tumble-dryers/fdm309w/,UK,제품 상세 (PDP),84
https://www.lg.com/uk/dishwashers/d1484cf/,UK,제품 상세 (PDP),84
https://www.lg.com/uk/washer-dryers/f1480rd5/,UK,제품 상세 (PDP),84
https://www.lg.com/uk/washing-machines/6-motion-washing-machines/f12b8qda5/,UK,제품 상세 (PDP),84
https://www.lg.com/uk/laundry/tumble-dryers/fdt208s/,UK,제품 상세 (PDP),84
https://www.lg.com/uk/dishwashers/d1484wf/,UK,제품 상세 (PDP),84
https://www.lg.com/uk/washer-dryers/f1480rd6/,UK,제품 상세 (PDP),84
https://www.lg.com/uk/washing-machines/6-motion-washing-machines/f12b9qda/,UK,제품 상세 (PDP),84
https://www.lg.com/uk/dishwashers/db243tx/,UK,제품 상세 (PDP),84
https://www.lg.com/uk/heating-solution/all/wh20esf0-ca/,UK,제품 상세 (PDP),79
https://www.lg.com/uk/heating-solution/hydrosplit/hn1600mc-nk1-hu121mrb-u30/,UK,제품 상세 (PDP),84
https://www.lg.com/uk/heating-solution/hydrosplit/hn1600mc-nk1-hu123mrb-u30/,UK,제품 상세 (PDP),84
https://www.lg.com/uk/heating-solution/hydrosplit/hn1600mc-nk1-hu141mrb-u30/,UK,제품 상세 (PDP),84
https://www.lg.com/uk/heating-solution/hydrosplit/hn1600mc-nk1-hu143mrb-u30/,UK,제품 상세 (PDP),84
https://www.lg.com/uk/heating-solution/hydrosplit/hn1600mc-nk1-hu161mrb-u30/,UK,제품 상세 (PDP),84
https://www.lg.com/uk/air-to-water-heat-pumps/monobloc/hm123mrs-ub40/,UK,제품 상세 (PDP),79
https://www.lg.com/uk/heating-solution/hydrosplit/hn1600mc-nk1-hu163mrb-u30/,UK,제품 상세 (PDP),84
https://www.lg.com/uk/air-to-water-heat-pumps/monobloc/hm143mrs-ub40/,UK,제품 상세 (PDP),79
https://www.lg.com/uk/heating-solution/hydrosplit/hn1616y-nb1-hu121mrb-u30/,UK,제품 상세 (PDP),84
https://www.lg.com/uk/air-to-water-heat-pumps/monobloc/hm163mrs-ub40/,UK,제품 상세 (PDP),79
https://www.lg.com/uk/heating-solution/hydrosplit/hn1616y-nb1-hu123mrb-u30/,UK,제품 상세 (PDP),84
https://www.lg.com/uk/heating-solution/hydrosplit/hn1616y-nb1-hu141mrb-u30/,UK,제품 상세 (PDP),84
https://www.lg.com/uk/heating-solution/hydrosplit/hn1616y-nb1-hu143mrb-u30/,UK,제품 상세 (PDP),84
https://www.lg.com/uk/heating-solution/hydrosplit/hn1616y-nb1-hu161mrb-u30/,UK,제품 상세 (PDP),84
https://www.lg.com/uk/heating-solution/hydrosplit/hn1616y-nb1-hu163mrb-u30/,UK,제품 상세 (PDP),84
https://www.lg.com/uk/heating-solution/monobloc/hm051mr-u44/,UK,제품 상세 (PDP),84
https://www.lg.com/uk/heating-solution/monobloc/hm071mr-u44/,UK,제품 상세 (PDP),84
https://www.lg.com/uk/heating-solution/monobloc/hm091mr-u44/,UK,제품 상세 (PDP),84
https://www.lg.com/uk/heating-solution/monobloc/hm121mr-u34/,UK,제품 상세 (PDP),84
https://www.lg.com/uk/heating-solution/monobloc/hm123mr-u34/,UK,제품 상세 (PDP),84
https://www.lg.com/uk/heating-solution/monobloc/hm141mr-u34/,UK,제품 상세 (PDP),84
https://www.lg.com/uk/heating-solution/monobloc/hm143mr-u34/,UK,제품 상세 (PDP),84
https://www.lg.com/uk/heating-solution/monobloc/hm161mr-u34/,UK,제품 상세 (PDP),84
https://www.lg.com/uk/heating-solution/monobloc/hm163mr-u34/,UK,제품 상세 (PDP),84
https://www.lg.com/uk/heating-solution/split/hn0913t-nk0-hu051mr-u44/,UK,제품 상세 (PDP),84
https://www.lg.com/uk/heating-solution/split/hn0913t-nk0-hu071mr-u44/,UK,제품 상세 (PDP),84
https://www.lg.com/uk/heating-solution/split/hn0913t-nk0-hu091mr-u44/,UK,제품 상세 (PDP),84
https://www.lg.com/uk/heating-solution/split/hn091mr-nk5-hu051mr-u44/,UK,제품 상세 (PDP),84
https://www.lg.com/uk/heating-solution/split/hn091mr-nk5-hu071mr-u44/,UK,제품 상세 (PDP),84
https://www.lg.com/uk/air-purifiers/as55gdwu0/,UK,제품 상세 (PDP),81
https://www.lg.com/uk/air-purifiers/as60gdwv0/,UK,제품 상세 (PDP),81
https://www.lg.com/uk/microwaves/grill/mh6042d/,UK,제품 상세 (PDP),84
https://www.lg.com/uk/microwave-ovens/mb3940gs/,UK,제품 상세 (PDP),84
https://www.lg.com/uk/microwaves/grill/mh6336gib/,UK,제품 상세 (PDP),84
https://www.lg.com/uk/microwave-ovens/mb3949g/,UK,제품 상세 (PDP),84
https://www.lg.com/uk/microwaves/grill/mh6535gis/,UK,제품 상세 (PDP),81
https://www.lg.com/uk/microwave-ovens/mc7849hs/,UK,제품 상세 (PDP),84
https://www.lg.com/uk/microwaves/grill/mh6565cps/,UK,제품 상세 (PDP),81
https://www.lg.com/uk/microwave-ovens/mc8087ark/,UK,제품 상세 (PDP),84
https://www.lg.com/uk/microwaves/solo/ms2032gas/,UK,제품 상세 (PDP),84
https://www.lg.com/uk/microwave-ovens/mc8087ars/,UK,제품 상세 (PDP),84
https://www.lg.com/uk/microwaves/solo/ms2032gasw/,UK,제품 상세 (PDP),84
https://www.lg.com/uk/microwave-ovens/mc8087mrs/,UK,제품 상세 (PDP),84
https://www.lg.com/uk/microwaves/solo/ms2042d/,UK,제품 상세 (PDP),84
https://www.lg.com/uk/microwave-ovens/mc8088hl/,UK,제품 상세 (PDP),84
https://www.lg.com/uk/microwaves/solo/ms2082f/,UK,제품 상세 (PDP),87
https://www.lg.com/uk/microwave-ovens/mc8088hr/,UK,제품 상세 (PDP),84
https://www.lg.com/uk/microwave-ovens/mc8289brk/,UK,제품 상세 (PDP),84
https://www.lg.com/uk/microwave-ovens/mh5847c/,UK,제품 상세 (PDP),84
https://www.lg.com/uk/microwave-ovens/mh5887u/,UK,제품 상세 (PDP),84
https://www.lg.com/uk/microwave-ovens/mh6340f/,UK,제품 상세 (PDP),84
https://www.lg.com/uk/microwave-ovens/mh6353h/,UK,제품 상세 (PDP),84
https://www.lg.com/uk/microwave-ovens/mh6387ark/,UK,제품 상세 (PDP),84
https://www.lg.com/uk/microwave-ovens/mh6549drk/,UK,제품 상세 (PDP),84
https://www.lg.com/uk/microwave-ovens/mh6589ur/,UK,제품 상세 (PDP),84
https://www.lg.com/uk/microwave-ovens/mh7042x/,UK,제품 상세 (PDP),84
https://www.lg.com/uk/microwave-ovens/mj3281bcs/,UK,제품 상세 (PDP),84
https://www.lg.com/uk/microwave-ovens/mj3281cas/,UK,제품 상세 (PDP),84
https://www.lg.com/uk/microwave-ovens/ml2881ck/,UK,제품 상세 (PDP),84
https://www.lg.com/uk/microwave-ovens/mp9287nb/,UK,제품 상세 (PDP),84
https://www.lg.com/uk/microwave-ovens/mp9287nl/,UK,제품 상세 (PDP),84
https://www.lg.com/uk/microwave-ovens/mp9289nsd/,UK,제품 상세 (PDP),79
https://www.lg.com/uk/microwave-ovens/ms1947w/,UK,제품 상세 (PDP),84
https://www.lg.com/uk/microwave-ovens/ms1947wb/,UK,제품 상세 (PDP),84
https://www.lg.com/uk/vacuum-cleaners/vc6820nrt/,UK,제품 상세 (PDP),84
https://www.lg.com/uk/vacuum-cleaners/vf5718cnb/,UK,제품 상세 (PDP),84
https://www.lg.com/uk/vacuum-cleaners/vk9820nhb/,UK,제품 상세 (PDP),84
https://www.lg.com/uk/vacuum-cleaners/vk9820scay/,UK,제품 상세 (PDP),79
https://www.lg.com/uk/vacuum-cleaners/vk9820uhay/,UK,제품 상세 (PDP),84
https://www.lg.com/uk/vacuum-cleaners/vk9820uhr/,UK,제품 상세 (PDP),84
https://www.lg.com/uk/vacuum-cleaners/vkc902ht/,UK,제품 상세 (PDP),84
https://www.lg.com/uk/vacuum-cleaners/vr62601lv/,UK,제품 상세 (PDP),84
https://www.lg.com/uk/vacuum-cleaners/vr62701lvb/,UK,제품 상세 (PDP),84
https://www.lg.com/uk/vacuum-cleaners/vr62701lvmb/,UK,제품 상세 (PDP),84
https://www.lg.com/uk/appliance-accessories/383EER4001B/,UK,제품 상세 (PDP),84
https://www.lg.com/uk/appliances/ADQ73214408/,UK,제품 상세 (PDP),84
https://www.lg.com/uk/blu-ray-dvd-players/bd350/,UK,제품 상세 (PDP),84
https://www.lg.com/uk/business-solutions/n1742l/,UK,제품 상세 (PDP),84
https://www.lg.com/uk/care-accessories/air-conditioner/filter/5231a30003b/,UK,제품 상세 (PDP),84
https://www.lg.com/uk/computing-accessories/gram-view/16mq70/,UK,제품 상세 (PDP),81
https://www.lg.com/uk/demo-home/gaming/24gn53a-b/,UK,제품 상세 (PDP),84
https://www.lg.com/uk/digital-signage/high-brightness/75xs4p-b/,UK,제품 상세 (PDP),75
https://www.lg.com/uk/dishwashers/db273tx/,UK,제품 상세 (PDP),84
https://www.lg.com/uk/fridge-freezers/american-style-fridge-freezers/gsb760pzxz/,UK,제품 상세 (PDP),81
https://www.lg.com/uk/heating-solution/split/hn091mr-nk5-hu091mr-u44/,UK,제품 상세 (PDP),84
https://www.lg.com/uk/home-cinema-systems/dh3130s/,UK,제품 상세 (PDP),84
https://www.lg.com/uk/laptops/13z980-g/,UK,제품 상세 (PDP),84
https://www.lg.com/uk/lg-friends/lgr105/,UK,제품 상세 (PDP),84
https://www.lg.com/uk/lg-mobile-phones/non-smartphones/kc550/,UK,제품 상세 (PDP),84
https://www.lg.com/uk/lg-signature/gp1/,UK,제품 상세 (PDP),82
https://www.lg.com/uk/lifesgood1/2023-campaign/,UK,제품 상세 (PDP),69
https://www.lg.com/uk/lifestyle-screens/objet-collection-pose/55lx1t6la/,UK,제품 상세 (PDP),81
https://www.lg.com/uk/microwave-ovens/ms1947ws/,UK,제품 상세 (PDP),84
https://www.lg.com/uk/mobile-phone-accessories/pd233/,UK,제품 상세 (PDP),84
https://www.lg.com/uk/mobile-phones/bl40/,UK,제품 상세 (PDP),84
https://www.lg.com/uk/monitors/21-9-ultrawide-monitors/29wn600-w/,UK,제품 상세 (PDP),84
https://www.lg.com/uk/network-storage/n2a2/,UK,제품 상세 (PDP),84
https://www.lg.com/uk/pocket-photo/pc389p/,UK,제품 상세 (PDP),84
https://www.lg.com/uk/projectors/all-projectors/pu615u-bounce/,UK,제품 상세 (PDP),81
https://www.lg.com/uk/smart-watches/fb84-sl/,UK,제품 상세 (PDP),84
https://www.lg.com/uk/soundsuite/cinema-suite-7/,UK,제품 상세 (PDP),81
https://www.lg.com/uk/speakers/hi-fi-system/bh6620t/,UK,제품 상세 (PDP),84
https://www.lg.com/uk/speakers-sound-systems/hi-fi-systems/ck56/,UK,제품 상세 (PDP),84
https://www.lg.com/uk/tablets/v400/,UK,제품 상세 (PDP),84
https://www.lg.com/uk/tumble-dryers/fdj608w/,UK,제품 상세 (PDP),81
https://www.lg.com/uk/tv-accessories/fs22gb/,UK,제품 상세 (PDP),81
https://www.lg.com/uk/tvs/led-tv/32lb580v/,UK,제품 상세 (PDP),84
https://www.lg.com/uk/tvs-soundbars/4k-uhd-tvs/43um7050plf/,UK,제품 상세 (PDP),84
https://www.lg.com/uk/video/blu-ray-dvd-players/bd300/,UK,제품 상세 (PDP),84
https://www.lg.com/uk/washer-dryers/f1480yd5/,UK,제품 상세 (PDP),84
https://www.lg.com/uk/washing-machines/6-motion-washing-machines/f12u1tcn4/,UK,제품 상세 (PDP),84
https://www.lg.com/uk/winecellar/lsr200w/,UK,제품 상세 (PDP),81
https://www.lg.com/uk/wireless-earbuds/xboombuds/buds/,UK,제품 상세 (PDP),76
https://www.lg.com/uk/appliance-accessories/5214FR3188G/,UK,제품 상세 (PDP),84
https://www.lg.com/uk/appliances/ADQ73693901---2/,UK,제품 상세 (PDP),84
https://www.lg.com/uk/blu-ray-dvd-players/bd370/,UK,제품 상세 (PDP),84
https://www.lg.com/uk/business-solutions/n1941w/,UK,제품 상세 (PDP),84
https://www.lg.com/uk/computing-accessories/ugp90hb/,UK,제품 상세 (PDP),75
https://www.lg.com/uk/demo-home/gaming/27gl650f-b/,UK,제품 상세 (PDP),84
https://www.lg.com/uk/dishwashers/db325txs/,UK,제품 상세 (PDP),84
https://www.lg.com/uk/fridge-freezers/american-style-fridge-freezers/gsbc40pype/,UK,제품 상세 (PDP),87
https://www.lg.com/uk/heating-solution/split/hn1610h-nk3-hu161ha-u33/,UK,제품 상세 (PDP),84
https://www.lg.com/uk/home-cinema-systems/dh4220s/,UK,제품 상세 (PDP),84
https://www.lg.com/uk/laptops/14tqa77-16m/,UK,제품 상세 (PDP),84
https://www.lg.com/uk/laundry/tumble-dryers/fdv1109w/,UK,제품 상세 (PDP),84
https://www.lg.com/uk/lg-mobile-phones/smartphones/h870-aeeebk/,UK,제품 상세 (PDP),84
https://www.lg.com/uk/lifesgood1/2024-teaser/,UK,제품 상세 (PDP),68
https://www.lg.com/uk/tvs-soundbars/gallery-tv-with-fram/55lx7b6la/,UK,제품 상세 (PDP),81
https://www.lg.com/uk/tvs-soundbars/micro-rgb-evo/100mrgb96b6/,UK,제품 상세 (PDP),81
https://www.lg.com/uk/tvs-soundbars/mini-rgb-evo/65mrgb86b6a/,UK,제품 상세 (PDP),81
https://www.lg.com/uk/tvs-soundbars/mini-rgb-evo/75mrgb86b6a/,UK,제품 상세 (PDP),81
https://www.lg.com/uk/tvs-soundbars/mini-rgb-evo/55mrgb88b6b/,UK,제품 상세 (PDP),81
https://www.lg.com/uk/tvs-soundbars/fhd/43lb65006la/,UK,제품 상세 (PDP),81
https://www.lg.com/uk/tvs-soundbars/fhd/32lb650b6la/,UK,제품 상세 (PDP),81
https://www.lg.com/uk/lifestyle-screens/stanbyme/32lx6bpga/,UK,제품 상세 (PDP),81
https://www.lg.com/uk/tvs-soundbars/fhd/27lb70006la/,UK,제품 상세 (PDP),81
https://www.lg.com/uk/tvs-soundbars/gallery-tv-with-fram/65lx7b6la/,UK,제품 상세 (PDP),81
https://www.lg.com/uk/tvs-soundbars/micro-rgb-evo/86mrgb96b6b/,UK,제품 상세 (PDP),81
https://www.lg.com/uk/tvs-soundbars/micro-rgb-evo/75mrgb96b6b/,UK,제품 상세 (PDP),81
https://www.lg.com/uk/tvs-soundbars/mini-rgb-evo/65mrgb88b6b/,UK,제품 상세 (PDP),81
https://www.lg.com/uk/tvs-soundbars/mini-rgb-evo/50mrgb86b6a/,UK,제품 상세 (PDP),81
https://www.lg.com/uk/tvs-soundbars/fhd/24lb70006la/,UK,제품 상세 (PDP),81
https://www.lg.com/uk/tvs-soundbars/mini-rgb-evo/65mrgb9mb9b/,UK,제품 상세 (PDP),81
https://www.lg.com/uk/tvs-soundbars/mini-rgb-evo/55mrgb86b6a/,UK,제품 상세 (PDP),81
https://www.lg.com/uk/tvs-soundbars/mini-rgb-evo/50mrgb88b6b/,UK,제품 상세 (PDP),81
https://www.lg.com/uk/tvs-soundbars/nano-4k-uhd/65nu850b6la/,UK,제품 상세 (PDP),81
https://www.lg.com/uk/tvs-soundbars/nano-4k-uhd/65nu800b6la/,UK,제품 상세 (PDP),81
https://www.lg.com/uk/tvs-soundbars/nano-4k-uhd/50nu800b6lc/,UK,제품 상세 (PDP),81
https://www.lg.com/uk/tvs-soundbars/nano-4k-uhd/65nu900b6la/,UK,제품 상세 (PDP),81
https://www.lg.com/uk/tvs-soundbars/nano-4k-uhd/65nu8e0b3la/,UK,제품 상세 (PDP),81
https://www.lg.com/uk/tvs-soundbars/nano-4k-uhd/50nu8e0b3la/,UK,제품 상세 (PDP),81
https://www.lg.com/uk/tvs-soundbars/nano-4k-uhd/75nu900b6la/,UK,제품 상세 (PDP),81
https://www.lg.com/uk/tvs-soundbars/nano-4k-uhd/85nu800b6la/,UK,제품 상세 (PDP),81
https://www.lg.com/uk/tvs-soundbars/nano-4k-uhd/75nu850b6la/,UK,제품 상세 (PDP),81
https://www.lg.com/uk/tvs-soundbars/nano-4k-uhd/85nu850b6la/,UK,제품 상세 (PDP),81
https://www.lg.com/uk/tvs-soundbars/nano-4k-uhd/75nu800b6la/,UK,제품 상세 (PDP),81
https://www.lg.com/uk/tvs-soundbars/nano-4k-uhd/75nu8e0b3la/,UK,제품 상세 (PDP),81
https://www.lg.com/uk/tvs-soundbars/nano-4k-uhd/55nu8e0b3la/,UK,제품 상세 (PDP),81
https://www.lg.com/uk/tvs-soundbars/mini-rgb-evo/86mrgb88b6b/,UK,제품 상세 (PDP),81
https://www.lg.com/uk/tvs-soundbars/nano-4k-uhd/43nu850b6la/,UK,제품 상세 (PDP),81
https://www.lg.com/uk/tvs-soundbars/oled-evo/oled42c64la/,UK,제품 상세 (PDP),81
https://www.lg.com/uk/tvs-soundbars/nano-4k-uhd/98nu900b6lb/,UK,제품 상세 (PDP),81
https://www.lg.com/uk/tvs-soundbars/nano-4k-uhd/85nu900b6la/,UK,제품 상세 (PDP),81
https://www.lg.com/uk/tvs-soundbars/nano-4k-uhd/85nu8e0b3la/,UK,제품 상세 (PDP),81
https://www.lg.com/uk/tvs-soundbars/oled-evo/oled65c66lb/,UK,제품 상세 (PDP),81
https://www.lg.com/uk/tvs-soundbars/oled-evo/oled48c66lb/,UK,제품 상세 (PDP),81
https://www.lg.com/uk/tvs-soundbars/oled-evo/oled42c66lb/,UK,제품 상세 (PDP),81
https://www.lg.com/uk/tvs-soundbars/oled-evo/oled65g62lw/,UK,제품 상세 (PDP),81
https://www.lg.com/uk/tvs-soundbars/oled-evo/oled48c6elb/,UK,제품 상세 (PDP),81
https://www.lg.com/uk/tvs-soundbars/oled-evo/oled55c64la/,UK,제품 상세 (PDP),81
https://www.lg.com/uk/tvs-soundbars/oled-evo/oled65g66ls/,UK,제품 상세 (PDP),81
https://www.lg.com/uk/tvs-soundbars/oled-evo/oled65c64la/,UK,제품 상세 (PDP),81
https://www.lg.com/uk/tvs-soundbars/oled-evo/oled55g64lw/,UK,제품 상세 (PDP),81
https://www.lg.com/uk/tvs-soundbars/oled-evo/oled55c65la/,UK,제품 상세 (PDP),81
https://www.lg.com/uk/tvs-soundbars/oled-evo/oled65c65la/,UK,제품 상세 (PDP),81
https://www.lg.com/uk/tvs-soundbars/oled-evo/oled42c6elb/,UK,제품 상세 (PDP),81
https://www.lg.com/uk/tvs-soundbars/oled-evo/oled55c6elb/,UK,제품 상세 (PDP),81
https://www.lg.com/uk/tvs-soundbars/oled-evo/oled65g64lw/,UK,제품 상세 (PDP),81
https://www.lg.com/uk/tvs-soundbars/oled-evo/oled55c66lb/,UK,제품 상세 (PDP),81
https://www.lg.com/uk/tvs-soundbars/oled-evo/oled65c6elb/,UK,제품 상세 (PDP),81
https://www.lg.com/uk/tvs-soundbars/oled-evo/oled55g62lw/,UK,제품 상세 (PDP),81
https://www.lg.com/uk/tvs-soundbars/oled-evo/oled42c65la/,UK,제품 상세 (PDP),81
https://www.lg.com/uk/tvs-soundbars/oled-evo/oled48c64la/,UK,제품 상세 (PDP),81
https://www.lg.com/uk/tvs-soundbars/oled-evo/oled48c65la/,UK,제품 상세 (PDP),81
https://www.lg.com/uk/tvs-soundbars/oled-evo/oled83g62lw/,UK,제품 상세 (PDP),81
https://www.lg.com/uk/tvs-soundbars/oled/oled65b6elc/,UK,제품 상세 (PDP),81
https://www.lg.com/uk/tvs-soundbars/oled-evo/oled83w69la/,UK,제품 상세 (PDP),81
https://www.lg.com/uk/tvs-soundbars/oled/oled77b65la/,UK,제품 상세 (PDP),81
https://www.lg.com/uk/tvs-soundbars/oled-evo/oled83c66lb/,UK,제품 상세 (PDP),81
https://www.lg.com/uk/tvs-soundbars/oled/oled55b6elc/,UK,제품 상세 (PDP),81
https://www.lg.com/uk/tvs-soundbars/oled/oled65b65la/,UK,제품 상세 (PDP),81
https://www.lg.com/uk/tvs-soundbars/oled-evo/oled97g64lw/,UK,제품 상세 (PDP),81
https://www.lg.com/uk/tvs-soundbars/oled/oled55b65la/,UK,제품 상세 (PDP),81
https://www.lg.com/uk/tvs-soundbars/oled-evo/oled83g64lw/,UK,제품 상세 (PDP),81
https://www.lg.com/uk/tvs-soundbars/oled-evo/oled83c6elb/,UK,제품 상세 (PDP),81
https://www.lg.com/uk/tvs-soundbars/oled/oled48b65la/,UK,제품 상세 (PDP),81
https://www.lg.com/uk/tvs-soundbars/oled/oled83b65la/,UK,제품 상세 (PDP),81
https://www.lg.com/uk/tvs-soundbars/oled/oled83b6elb/,UK,제품 상세 (PDP),81
https://www.lg.com/uk/tvs-soundbars/qned-evo/50qned81b6c/,UK,제품 상세 (PDP),81
https://www.lg.com/uk/tvs-soundbars/qned-evo/43qned86b6b/,UK,제품 상세 (PDP),81
https://www.lg.com/uk/tvs-soundbars/qned-evo/115qned93b6/,UK,제품 상세 (PDP),81
https://www.lg.com/uk/tvs-soundbars/qned-evo/43qned87b6a/,UK,제품 상세 (PDP),81
https://www.lg.com/uk/tvs-soundbars/qned-evo/43qned81b6c/,UK,제품 상세 (PDP),81
https://www.lg.com/uk/tvs-soundbars/qned-evo/100qned87b6/,UK,제품 상세 (PDP),81
https://www.lg.com/uk/tvs-soundbars/qned-evo/43qned8eb3f/,UK,제품 상세 (PDP),81
https://www.lg.com/uk/tvs-soundbars/oled/oled77b6elc/,UK,제품 상세 (PDP),81
https://www.lg.com/uk/tvs-soundbars/qned-evo/50qned85b6b/,UK,제품 상세 (PDP),81
https://www.lg.com/uk/tvs-soundbars/qned-evo/50qned86b6b/,UK,제품 상세 (PDP),81
https://www.lg.com/uk/tvs-soundbars/qned-evo/65qned85a6c/,UK,제품 상세 (PDP),81
https://www.lg.com/uk/tvs-soundbars/qned-evo/65qned87b6a/,UK,제품 상세 (PDP),81
https://www.lg.com/uk/tvs-soundbars/qned-evo/65qned8eb3b/,UK,제품 상세 (PDP),81
https://www.lg.com/uk/tvs-soundbars/qned-evo/75qned85b6b/,UK,제품 상세 (PDP),81
https://www.lg.com/uk/tvs-soundbars/qned-evo/55qned8eb3b/,UK,제품 상세 (PDP),81
https://www.lg.com/uk/tvs-soundbars/qned-evo/55qned86b6b/,UK,제품 상세 (PDP),81
https://www.lg.com/uk/tvs-soundbars/qned-evo/65qned83b6a/,UK,제품 상세 (PDP),81
https://www.lg.com/uk/tvs-soundbars/qned-evo/50qned8eb3f/,UK,제품 상세 (PDP),81
https://www.lg.com/uk/tvs-soundbars/qned-evo/75qned86a6a/,UK,제품 상세 (PDP),81
https://www.lg.com/uk/tvs-soundbars/qned-evo/55qned83b6a/,UK,제품 상세 (PDP),81
https://www.lg.com/uk/tvs-soundbars/qned-evo/55qned87b6a/,UK,제품 상세 (PDP),81
https://www.lg.com/uk/tvs-soundbars/qned-evo/75qned83b6a/,UK,제품 상세 (PDP),81
https://www.lg.com/uk/tvs-soundbars/qned-evo/65qned85b6b/,UK,제품 상세 (PDP),81
https://www.lg.com/uk/tvs-soundbars/qned-evo/50qned87b6a/,UK,제품 상세 (PDP),81
https://www.lg.com/uk/tvs-soundbars/qned-evo/55qned85a6c/,UK,제품 상세 (PDP),81
https://www.lg.com/uk/tvs-soundbars/qned-evo/65qned86b6b/,UK,제품 상세 (PDP),81
https://www.lg.com/uk/tvs-soundbars/qned-evo/55qned85b6b/,UK,제품 상세 (PDP),81
https://www.lg.com/uk/tvs-soundbars/qned-evo/86qned85a6c/,UK,제품 상세 (PDP),81
https://www.lg.com/uk/tvs-soundbars/qned/43qned7eb3c/,UK,제품 상세 (PDP),81
https://www.lg.com/uk/tvs-soundbars/qned/43qned70a6a/,UK,제품 상세 (PDP),81
https://www.lg.com/uk/tvs-soundbars/qned/43qned72b6b/,UK,제품 상세 (PDP),81
https://www.lg.com/uk/tvs-soundbars/qned/50qned70b6c/,UK,제품 상세 (PDP),81
https://www.lg.com/uk/tvs-soundbars/qned/50qned70a6a/,UK,제품 상세 (PDP),81
https://www.lg.com/uk/tvs-soundbars/qned/50qned71b6b/,UK,제품 상세 (PDP),81
https://www.lg.com/uk/tvs-soundbars/qned-evo/86qned86a6a/,UK,제품 상세 (PDP),81
https://www.lg.com/uk/tvs-soundbars/qned-evo/86qned85b6b/,UK,제품 상세 (PDP),81
https://www.lg.com/uk/tvs-soundbars/qned/55qned87a6b/,UK,제품 상세 (PDP),81
https://www.lg.com/uk/tvs-soundbars/qned/65qned70a6a/,UK,제품 상세 (PDP),81
https://www.lg.com/uk/tvs-soundbars/qned/55qned86a6a/,UK,제품 상세 (PDP),78
https://www.lg.com/uk/tvs-soundbars/qned/55qned7eb3c/,UK,제품 상세 (PDP),81
https://www.lg.com/uk/tvs-soundbars/qned/55qned70b6c/,UK,제품 상세 (PDP),81
https://www.lg.com/uk/tvs-soundbars/qned/55qned71b6b/,UK,제품 상세 (PDP),81
https://www.lg.com/uk/tvs-soundbars/qned/55qned72b6b/,UK,제품 상세 (PDP),81
https://www.lg.com/uk/tvs-soundbars/qned/65qned70b6c/,UK,제품 상세 (PDP),81
https://www.lg.com/uk/tvs-soundbars/qned/50qned7eb3c/,UK,제품 상세 (PDP),81
https://www.lg.com/uk/tvs-soundbars/qned/50qned72b6b/,UK,제품 상세 (PDP),81
https://www.lg.com/uk/tvs-soundbars/qned/55qned70a6a/,UK,제품 상세 (PDP),81
https://www.lg.com/uk/tvs-soundbars/smart-tvs/65nano806pa/,UK,제품 상세 (PDP),84
https://www.lg.com/uk/tvs-soundbars/qned/65qned86a6a/,UK,제품 상세 (PDP),81
https://www.lg.com/uk/tvs-soundbars/qned/65qned72b6b/,UK,제품 상세 (PDP),81
https://www.lg.com/uk/tvs-soundbars/qned/75qned72b6a/,UK,제품 상세 (PDP),81
https://www.lg.com/uk/tvs-soundbars/qned/85qned72b6a/,UK,제품 상세 (PDP),81
https://www.lg.com/uk/tvs-soundbars/smart-tvs/55nano886pb/,UK,제품 상세 (PDP),84
https://www.lg.com/uk/tvs-soundbars/qned/65qned71b6b/,UK,제품 상세 (PDP),81
https://www.lg.com/uk/tvs-soundbars/smart-tvs/55nano816pa/,UK,제품 상세 (PDP),84
https://www.lg.com/uk/tvs-soundbars/qned/85qned70b6a/,UK,제품 상세 (PDP),81
https://www.lg.com/uk/tvs-soundbars/smart-tvs/55nano806pa/,UK,제품 상세 (PDP),84
https://www.lg.com/uk/tvs-soundbars/smart-tvs/50nano866pa/,UK,제품 상세 (PDP),84
https://www.lg.com/uk/tvs-soundbars/smart-tvs/50nano816pa/,UK,제품 상세 (PDP),84
https://www.lg.com/uk/tvs-soundbars/smart-tvs/55nano866pa/,UK,제품 상세 (PDP),84
https://www.lg.com/uk/tvs-soundbars/smart-tvs/50nano806pa/,UK,제품 상세 (PDP),84
https://www.lg.com/uk/tvs-soundbars/qned/75qned70b6a/,UK,제품 상세 (PDP),81
https://www.lg.com/uk/tvs-soundbars/qned/75qned7eb3a/,UK,제품 상세 (PDP),81
https://www.lg.com/uk/tvs-soundbars/qned/65qned7eb3c/,UK,제품 상세 (PDP),81
https://www.lg.com/uk/tvs-soundbars/qned/85qned7eb3a/,UK,제품 상세 (PDP),81
https://www.lg.com/uk/tvs-soundbars/smart-tvs/50nano886pb/,UK,제품 상세 (PDP),84
https://www.lg.com/uk/tvs-soundbars/smart-tvs/oled55b6v/,UK,제품 상세 (PDP),84
https://www.lg.com/uk/microwave-ovens/mj3965bps/,UK,제품 상세 (PDP),81
https://www.lg.com/uk/tvs-soundbars/ultra-big-tvs/75nano866pa/,UK,제품 상세 (PDP),84
https://www.lg.com/uk/tvs-soundbars/ultra-big-tvs/86nano866pa/,UK,제품 상세 (PDP),84
https://www.lg.com/uk/tvs-soundbars/smart-tvs/oled65b6v/,UK,제품 상세 (PDP),84
https://www.lg.com/uk/tvs-soundbars/smart-tvs/65nano816pa/,UK,제품 상세 (PDP),84
https://www.lg.com/uk/tvs-soundbars/smart-tvs/65nano886pb/,UK,제품 상세 (PDP),84
https://www.lg.com/uk/tvs-soundbars/ultra-big-tvs/75nano886pb/,UK,제품 상세 (PDP),84
https://www.lg.com/uk/tvs-soundbars/ultra-big-tvs/75nano806pa/,UK,제품 상세 (PDP),84
https://www.lg.com/uk/tvs-soundbars/smart-tvs/65nano866pa/,UK,제품 상세 (PDP),84
https://www.lg.com/uk/tvs-soundbars/ultra-big-tvs/75nano816pa/,UK,제품 상세 (PDP),84
https://www.lg.com/uk/care-accessories/air-conditioner/filter/5231a30003z/,UK,제품 상세 (PDP),84
https://www.lg.com/uk/tvs-soundbars/oled/site-pdp-page/,UK,제품 상세 (PDP),84
https://www.lg.com/uk/tvs-soundbars/tv-accessory/aaaaaaa/,UK,제품 상세 (PDP),84
https://www.lg.com/uk/air-solution-buying-guide/residential-air-conditioner/,UK,구매 가이드,83
https://www.lg.com/uk/appliances/buying-guide/,UK,구매 가이드,77
https://www.lg.com/uk/appliances/buying-guide/fridge-freezers/feature-performance/,UK,구매 가이드,87
https://www.lg.com/uk/appliances/buying-guide/fridge-freezers/size-volume/,UK,구매 가이드,90
https://www.lg.com/uk/appliances/buying-guide/fridge-freezers/type/,UK,구매 가이드,87
https://www.lg.com/uk/appliances/buying-guide/washing-machines/feature-performance/,UK,구매 가이드,87
https://www.lg.com/uk/appliances/buying-guide/washing-machines/size-capacity/,UK,구매 가이드,90
https://www.lg.com/uk/appliances/buying-guide/washing-machines/type/,UK,구매 가이드,87
https://www.lg.com/uk/buying-guide/,UK,구매 가이드,73
https://www.lg.com/uk/buying-guide/earbuds/,UK,구매 가이드,70
https://www.lg.com/uk/buying-guide/speakers/,UK,구매 가이드,70
https://www.lg.com/uk/buying-guide/tv-soundbars/,UK,구매 가이드,77
https://www.lg.com/uk/buying-guides/laundry-features-guide/,UK,구매 가이드,77
https://www.lg.com/uk/buying-guides/laundry-spec-library/,UK,구매 가이드,84
https://www.lg.com/uk/buying-guides/monitor-features-guide/,UK,구매 가이드,77
https://www.lg.com/uk/buying-guides/monitor-lineup-guide/,UK,구매 가이드,90
https://www.lg.com/uk/buying-guides/monitor-spec-library/,UK,구매 가이드,84
https://www.lg.com/uk/buying-guides/refrigerator-spec-library/,UK,구매 가이드,84
https://www.lg.com/uk/buying-guides/survey-features-test/,UK,구매 가이드,77
https://www.lg.com/uk/buying-guides/tv-features-guide/,UK,구매 가이드,84
https://www.lg.com/uk/buying-guides/tv-lineup-guide/,UK,구매 가이드,90
https://www.lg.com/uk/buying-guides/tv-spec-library/,UK,구매 가이드,77
https://www.lg.com/uk/computing/buying-guide/lg-gram/,UK,구매 가이드,70
https://www.lg.com/uk/computing/buying-guide/why-lg-ultragear/,UK,구매 가이드,70
https://www.lg.com/uk/computing/buying-guides/multi-monitor/,UK,구매 가이드,77
https://www.lg.com/uk/computing/buying-guides/ultragear/,UK,구매 가이드,77
https://www.lg.com/uk/computing/buying-guides/ultragear/refresh-rate/,UK,구매 가이드,80
https://www.lg.com/uk/computing/buying-guides/ultragear/resolution/,UK,구매 가이드,80
https://www.lg.com/uk/computing/buying-guides/ultragear/screen-size/,UK,구매 가이드,80
https://www.lg.com/uk/computing/buying-guides/ultragear/work-and-play/,UK,구매 가이드,74
https://www.lg.com/uk/fridge-freezer-buying-guide/,UK,구매 가이드,83
https://www.lg.com/uk/heating-cooling/buying-guide/,UK,구매 가이드,70
https://www.lg.com/uk/heating-cooling/buying-guide/residential-air-conditioner/,UK,구매 가이드,70
https://www.lg.com/uk/tvs-soundbars/tv-buying-guide/,UK,구매 가이드,80
https://www.lg.com/uk/tvs-soundbars/tv-buying-guide/gaming-tv/,UK,구매 가이드,74
https://www.lg.com/uk/tvs-soundbars/tv-buying-guide/home-cinema/,UK,구매 가이드,74
https://www.lg.com/uk/tvs-soundbars/tv-buying-guide/lifestyle/,UK,구매 가이드,74
https://www.lg.com/uk/tvs-soundbars/tv-buying-guide/sport-tv/,UK,구매 가이드,74
https://www.lg.com/uk/tvs-soundbars/tv-buying-guide/tv-design/,UK,구매 가이드,74
https://www.lg.com/uk/tvs-soundbars/tv-buying-guide/tv-size/,UK,구매 가이드,74
https://www.lg.com/uk/tvs-soundbars/tv-buying-guide/tv-technology/oled-vs-qned/,UK,구매 가이드,74
https://www.lg.com/uk/tvs-soundbars/tv-buying-guide/tv-technology/what-is-4k-tv/,UK,구매 가이드,77
https://www.lg.com/uk/tvs-soundbars/tv-buying-guide/what-is-a-smart-tv-ai-tv/,UK,구매 가이드,77
https://www.lg.com/uk/washing-machine-buying-guide/,UK,구매 가이드,80
https://www.lg.com/uk/lg-experience/,UK,LG Experience,83
https://www.lg.com/uk/lg-experience/article-tags/,UK,LG Experience,72
https://www.lg.com/uk/lg-experience/article-tags/4k-monitors/,UK,LG Experience,72
https://www.lg.com/uk/lg-experience/article-tags/8k-tvs/,UK,LG Experience,72
https://www.lg.com/uk/lg-experience/article-tags/ai-dd-function/,UK,LG Experience,72
https://www.lg.com/uk/lg-experience/article-tags/air-purifier/,UK,LG Experience,72
https://www.lg.com/uk/lg-experience/article-tags/american-style-refrigerator/,UK,LG Experience,72
https://www.lg.com/uk/lg-experience/article-tags/bluetooth-speakers/,UK,LG Experience,72
https://www.lg.com/uk/lg-experience/article-tags/cinebeam/,UK,LG Experience,72
https://www.lg.com/uk/lg-experience/article-tags/fridge-freezer/,UK,LG Experience,72
https://www.lg.com/uk/lg-experience/article-tags/gaming-monitors/,UK,LG Experience,72
https://www.lg.com/uk/lg-experience/article-tags/hombot/,UK,LG Experience,72
https://www.lg.com/uk/lg-experience/article-tags/ips-monitors/,UK,LG Experience,72
https://www.lg.com/uk/lg-experience/article-tags/led-tvs/,UK,LG Experience,72
https://www.lg.com/uk/lg-experience/article-tags/lg-gram/,UK,LG Experience,72
https://www.lg.com/uk/lg-experience/article-tags/lg-tone-free/,UK,LG Experience,72
https://www.lg.com/uk/lg-experience/article-tags/lg-tone/,UK,LG Experience,72
https://www.lg.com/uk/lg-experience/article-tags/microwaves/,UK,LG Experience,72
https://www.lg.com/uk/lg-experience/article-tags/monitors/,UK,LG Experience,72
https://www.lg.com/uk/lg-experience/article-tags/projectors/,UK,LG Experience,72
https://www.lg.com/uk/lg-experience/article-tags/smart-speakers/,UK,LG Experience,72
https://www.lg.com/uk/lg-experience/article-tags/soundbars/,UK,LG Experience,72
https://www.lg.com/uk/lg-experience/article-tags/steam-function/,UK,LG Experience,72
https://www.lg.com/uk/lg-experience/article-tags/styler/,UK,LG Experience,72
https://www.lg.com/uk/lg-experience/article-tags/turbowash-function/,UK,LG Experience,72
https://www.lg.com/uk/lg-experience/article-tags/ultra-wide-monitor/,UK,LG Experience,72
https://www.lg.com/uk/lg-experience/article-tags/vacuum-cleaners/,UK,LG Experience,72
https://www.lg.com/uk/lg-experience/article-tags/washer-dryers/,UK,LG Experience,72
https://www.lg.com/uk/lg-experience/article-tags/xboom/,UK,LG Experience,72
https://www.lg.com/uk/lg-experience/buying-guide/,UK,LG Experience,83
https://www.lg.com/uk/lg-experience/buying-guide/budget-friendly-monitors/,UK,LG Experience,86
https://www.lg.com/uk/lg-experience/buying-guide/choosing-the-best-type-of-fridge-freezer/,UK,LG Experience,86
https://www.lg.com/uk/lg-experience/buying-guide/projector-buying-guide/,UK,LG Experience,86
https://www.lg.com/uk/lg-experience/buying-guide/tv-buying-guide/,UK,LG Experience,83
https://www.lg.com/uk/lg-experience/buying-guide/washing-machines/,UK,LG Experience,83
https://www.lg.com/uk/lg-experience/helpful-hints/3-conscious-tips-for-a-better-you-in-2022/,UK,LG Experience,83
https://www.lg.com/uk/lg-experience/helpful-hints/8k-content-available-guide/,UK,LG Experience,83
https://www.lg.com/uk/lg-experience/helpful-hints/9-ways-to-use-a-360-rotating-touchscreen-monitor/,UK,LG Experience,86
https://www.lg.com/uk/lg-experience/helpful-hints/Sample1-Dishwasher/,UK,LG Experience,83
https://www.lg.com/uk/lg-experience/helpful-hints/Sample1-clothing-care/,UK,LG Experience,83
https://www.lg.com/uk/lg-experience/helpful-hints/ai-productivity-best-ai-laptops/,UK,LG Experience,83
https://www.lg.com/uk/lg-experience/helpful-hints/american-fridge-sizes/,UK,LG Experience,86
https://www.lg.com/uk/lg-experience/helpful-hints/beach-packing-list-g7thinq-pk3/,UK,LG Experience,83
https://www.lg.com/uk/lg-experience/helpful-hints/best-4k-gaming-monitors/,UK,LG Experience,86
https://www.lg.com/uk/lg-experience/helpful-hints/best-energy-efficient-fridge-freezer/,UK,LG Experience,90
https://www.lg.com/uk/lg-experience/helpful-hints/best-smart-technologies-lg-washing-machines/,UK,LG Experience,86
https://www.lg.com/uk/lg-experience/helpful-hints/best-tv-for-gaming/,UK,LG Experience,83
https://www.lg.com/uk/lg-experience/helpful-hints/calibrate-your-tv-for-sports/,UK,LG Experience,83
https://www.lg.com/uk/lg-experience/helpful-hints/changes-in-technology/,UK,LG Experience,83
https://www.lg.com/uk/lg-experience/helpful-hints/choosing-the-best-type-of-fridge-freezer/,UK,LG Experience,90
https://www.lg.com/uk/lg-experience/helpful-hints/correct-fridge-freezer-temperature/,UK,LG Experience,86
https://www.lg.com/uk/lg-experience/helpful-hints/correct-wall-to-projector-distance/,UK,LG Experience,86
https://www.lg.com/uk/lg-experience/helpful-hints/curved-monitor-better/,UK,LG Experience,86
https://www.lg.com/uk/lg-experience/helpful-hints/debunking-slim-washers-capacity-truths/,UK,LG Experience,83
https://www.lg.com/uk/lg-experience/helpful-hints/discover-to-get-more-from-your-oled-tv/,UK,LG Experience,83
https://www.lg.com/uk/lg-experience/helpful-hints/dishwasher-maintenance-guide/,UK,LG Experience,83
https://www.lg.com/uk/lg-experience/helpful-hints/dishwasher-maintenance/,UK,LG Experience,83
https://www.lg.com/uk/lg-experience/helpful-hints/dishwasher-ultimate-guide/,UK,LG Experience,86
https://www.lg.com/uk/lg-experience/helpful-hints/earbuds-for-runners-remove/,UK,LG Experience,83
https://www.lg.com/uk/lg-experience/helpful-hints/earth-day-at-home/,UK,LG Experience,83
https://www.lg.com/uk/lg-experience/helpful-hints/energy-efficient-washing-machines/,UK,LG Experience,86
https://www.lg.com/uk/lg-experience/helpful-hints/energy-saving-tips-for-your-fridge/,UK,LG Experience,83
https://www.lg.com/uk/lg-experience/helpful-hints/ergonomic-workstation/,UK,LG Experience,86
https://www.lg.com/uk/lg-experience/helpful-hints/fridge-freezer-ice-water-dispenser/,UK,LG Experience,90
https://www.lg.com/uk/lg-experience/helpful-hints/frost-free-fridge-freezer/,UK,LG Experience,90
https://www.lg.com/uk/lg-experience/helpful-hints/gaming-monitor-size-guide/,UK,LG Experience,90
https://www.lg.com/uk/lg-experience/helpful-hints/gift-ideas-christmas-spirit/,UK,LG Experience,83
https://www.lg.com/uk/lg-experience/helpful-hints/google-amazon-apple-lg-tv/,UK,LG Experience,83
https://www.lg.com/uk/lg-experience/helpful-hints/heat-pump-tumble-dryer-guide/,UK,LG Experience,86
https://www.lg.com/uk/lg-experience/helpful-hints/helpful-hints-soundbar-setup-guide/,UK,LG Experience,86
https://www.lg.com/uk/lg-experience/helpful-hints/high-end-gifts-for-him/,UK,LG Experience,83
https://www.lg.com/uk/lg-experience/helpful-hints/hotel-towel-feel/,UK,LG Experience,83
https://www.lg.com/uk/lg-experience/helpful-hints/how-can-you-make-quick-healthy-weekday-meals/,UK,LG Experience,86
https://www.lg.com/uk/lg-experience/helpful-hints/how-long-does-a-washing-machine-last/,UK,LG Experience,83
https://www.lg.com/uk/lg-experience/helpful-hints/how-much-water-and-energy-does-a-dishwasher-use/,UK,LG Experience,83
https://www.lg.com/uk/lg-experience/helpful-hints/how-to-choose-the-quietest-fridge-freezer/,UK,LG Experience,86
https://www.lg.com/uk/lg-experience/helpful-hints/how-to-clean-earbuds/,UK,LG Experience,83
https://www.lg.com/uk/lg-experience/helpful-hints/how-to-clean-washing-machine/,UK,LG Experience,86
https://www.lg.com/uk/lg-experience/helpful-hints/how-to-clean-your-monitor/,UK,LG Experience,83
https://www.lg.com/uk/lg-experience/helpful-hints/how-to-clean-your-refrigerator/,UK,LG Experience,83
https://www.lg.com/uk/lg-experience/helpful-hints/how-to-clean-your-washing-machine-filter/,UK,LG Experience,86
https://www.lg.com/uk/lg-experience/helpful-hints/how-to-defrost-a-freezer/,UK,LG Experience,86
https://www.lg.com/uk/lg-experience/helpful-hints/how-to-make-ice-balls/,UK,LG Experience,83
https://www.lg.com/uk/lg-experience/helpful-hints/how-to-measure-and-read-tv-sizes/,UK,LG Experience,86
https://www.lg.com/uk/lg-experience/helpful-hints/how-to-reset-washing-machine/,UK,LG Experience,83
https://www.lg.com/uk/lg-experience/helpful-hints/how-to-set-up-a-4k-projector/,UK,LG Experience,86
https://www.lg.com/uk/lg-experience/helpful-hints/how-to-stop-a-washing-machine-from-smelling/,UK,LG Experience,83
https://www.lg.com/uk/lg-experience/helpful-hints/how-to-use-a-smart-fridge/,UK,LG Experience,83
https://www.lg.com/uk/lg-experience/helpful-hints/how-to-use-humidity-control-fridge/,UK,LG Experience,86
https://www.lg.com/uk/lg-experience/helpful-hints/hygiene-tips-for-your-home-with-lg/,UK,LG Experience,80
https://www.lg.com/uk/lg-experience/helpful-hints/ifa-2019-your-best-berlin-itinerary-from-breakfast-to-sunrise/,UK,LG Experience,83
https://www.lg.com/uk/lg-experience/helpful-hints/improve-productivity-work-from-home/,UK,LG Experience,83
https://www.lg.com/uk/lg-experience/helpful-hints/integrated-dishwashers-vs-freestanding-dishwashers/,UK,LG Experience,80
https://www.lg.com/uk/lg-experience/helpful-hints/introducing-hombot-the-robot-vacuum/,UK,LG Experience,83
https://www.lg.com/uk/lg-experience/helpful-hints/is-a-combo-washer-dryer-good/,UK,LG Experience,86
https://www.lg.com/uk/lg-experience/helpful-hints/keeping-food-fresh-eating-healthy/,UK,LG Experience,90
https://www.lg.com/uk/lg-experience/helpful-hints/laptop-battery-health/,UK,LG Experience,86
https://www.lg.com/uk/lg-experience/helpful-hints/laptop-buying-guide/,UK,LG Experience,86
https://www.lg.com/uk/lg-experience/helpful-hints/laptop-cybersecurity-guide/,UK,LG Experience,83
https://www.lg.com/uk/lg-experience/helpful-hints/levelling-up-your-fridge/,UK,LG Experience,83
https://www.lg.com/uk/tvs-soundbars/why-lg-ai-tv/,UK,Microsite,83
https://www.lg.com/uk/tvs-soundbars/why-lg-art-tv/,UK,Microsite,77
https://www.lg.com/uk/tvs-soundbars/why-lg-oled-evo/,UK,Microsite,77
https://www.lg.com/uk/tvs-soundbars/why-qned-evo/,UK,Microsite,77
https://www.lg.com/uk/tvs-soundbars/why-true-wireless/,UK,Microsite,77
https://www.lg.com/uk/air-to-water-heat-pumps/what-is-an-air-source-heat-pump/,UK,Microsite,79
https://www.lg.com/uk/air-to-water-heat-pumps/which-heat-pump-type-is-right-for-me/,UK,Microsite,79
https://www.lg.com/uk/air-to-water-heat-pumps/why-should-your-business-switch-to-a-heat-pump/,UK,Microsite,79
https://www.lg.com/uk/appliances/faq/dishwashers/how-quadwash-clean-dishes/,UK,Microsite,86
https://www.lg.com/uk/appliances/faq/dishwashers/how-to-choose-the-right-type-of-dishwasher/,UK,Microsite,86
https://www.lg.com/uk/appliances/faq/dishwashers/how-truesteam-clean-dishes/,UK,Microsite,86
https://www.lg.com/uk/appliances/faq/dishwashers/what-is-auto-open-door-drying/,UK,Microsite,86
https://www.lg.com/uk/appliances/faq/dishwashers/what-is-built-in-dishwasher/,UK,Microsite,86
https://www.lg.com/uk/appliances/faq/dishwashers/what-is-built-under-dishwasher/,UK,Microsite,86
https://www.lg.com/uk/appliances/faq/dishwashers/what-is-freestanding-dishwasher/,UK,Microsite,86
https://www.lg.com/uk/appliances/faq/dishwashers/what-is-lg-thinq-for-dishwashers/,UK,Microsite,86
https://www.lg.com/uk/appliances/faq/dishwashers/what-is-the-standard-dishwasher-size/,UK,Microsite,86
https://www.lg.com/uk/appliances/faq/dishwashers/which-dishwasher-is-right-for-you-freestanding-or-built-in/,UK,Microsite,86
https://www.lg.com/uk/appliances/faq/fridge-freezers/how-to-measure-your-space-for-fridge-freezer/,UK,Microsite,86
https://www.lg.com/uk/appliances/faq/fridge-freezers/what-can-i-do-with-lg-thinq-refrigerator/,UK,Microsite,86
https://www.lg.com/uk/appliances/faq/fridge-freezers/what-is-american-style-fridge-freezer/,UK,Microsite,86
https://www.lg.com/uk/appliances/faq/fridge-freezers/what-is-door-cooling/,UK,Microsite,86
https://www.lg.com/uk/appliances/faq/fridge-freezers/what-is-ice-water-dispenser/,UK,Microsite,86
https://www.lg.com/uk/appliances/faq/fridge-freezers/what-is-lg-linearcooling/,UK,Microsite,86
https://www.lg.com/uk/appliances/faq/fridge-freezers/what-is-multi-door-fridge-freezer/,UK,Microsite,86
https://www.lg.com/uk/appliances/faq/fridge-freezers/what-is-tall-fridge-freezer/,UK,Microsite,86
https://www.lg.com/uk/appliances/faq/fridge-freezers/what-is-uvnano/,UK,Microsite,86
https://www.lg.com/uk/appliances/faq/fridge-freezers/which-fridge-freezer-is-right-for-you/,UK,Microsite,86
https://www.lg.com/uk/appliances/faq/laundry/how-to-measure-your-space-for-washing-machine/,UK,Microsite,86
https://www.lg.com/uk/appliances/faq/laundry/what-can-i-do-with-lg-thinq-laundry/,UK,Microsite,86
https://www.lg.com/uk/appliances/faq/laundry/what-is-lg-ai-dd/,UK,Microsite,86
https://www.lg.com/uk/appliances/faq/laundry/what-is-lg-ai-wash/,UK,Microsite,86
https://www.lg.com/uk/appliances/faq/laundry/what-is-lg-steam-laundry/,UK,Microsite,86
https://www.lg.com/uk/appliances/faq/laundry/what-is-lg-styler/,UK,Microsite,86
https://www.lg.com/uk/appliances/faq/laundry/what-is-lg-tumble-dryer/,UK,Microsite,86
https://www.lg.com/uk/appliances/faq/laundry/what-is-lg-turbowash/,UK,Microsite,86
https://www.lg.com/uk/appliances/faq/laundry/what-is-lg-washer-dryer/,UK,Microsite,86
https://www.lg.com/uk/appliances/faq/laundry/what-is-lg-washing-machine/,UK,Microsite,86
https://www.lg.com/uk/appliances/faq/laundry/what-is-lg-washtower/,UK,Microsite,86
https://www.lg.com/uk/appliances/faq/laundry/which-laundry-appliance-is-right-for-you/,UK,Microsite,86
https://www.lg.com/uk/appliances/faq/microwaves/what-is-easyclean/,UK,Microsite,86
https://www.lg.com/uk/appliances/faq/microwaves/what-is-lg-thinq-for-cooking-appliance/,UK,Microsite,86
https://www.lg.com/uk/appliances/faq/microwaves/what-is-microwave/,UK,Microsite,86
https://www.lg.com/uk/appliances/faq/microwaves/which-microwave-type-is-right-for-you/,UK,Microsite,86
https://www.lg.com/uk/blog/,UK,Microsite,69
https://www.lg.com/uk/blog/green-homes-grant/,UK,Microsite,70
https://www.lg.com/uk/blog/heat-pump-and-the-governments-10-point-plan/,UK,Microsite,70
https://www.lg.com/uk/blog/heat-pump-thought-leadership/,UK,Microsite,70
https://www.lg.com/uk/blog/lg-wins-coveted-h-and-a-news-award/,UK,Microsite,70
https://www.lg.com/uk/blog/types-of-air-to-water-heat-pumps/,UK,Microsite,70
https://www.lg.com/uk/blog/why-are-people-talking-about-heat-pumps/,UK,Microsite,70
https://www.lg.com/uk/lg-experience-old/lg-experience-renewal-sample/helpful-hints/best-energy-efficient-fridge-freezer/,UK,Microsite,76
https://www.lg.com/uk/lg-experience-old/lg-experience-renewal-sample/helpful-hints/best-smart-technologies-lg-washing-machines/,UK,Microsite,76
https://www.lg.com/uk/magazine/art-culture/how-technology-completes-digital-art-and-our-lives/,UK,Microsite,83
https://www.lg.com/uk/monitors/ips-monitor/,UK,Microsite,69
https://www.lg.com/uk/monitors/led-monitor/,UK,Microsite,72
https://www.lg.com/uk/tvs-soundbars/ai-tv/,UK,Microsite,80
https://www.lg.com/uk/monitors/ultrafine/,UK,Microsite,79
https://www.lg.com/uk/monitors/ultragear/brandstory/,UK,Microsite,70
https://www.lg.com/uk/monitors/ultragear/event/,UK,Microsite,76
https://www.lg.com/uk/monitors/tv-monitor/,UK,Microsite,72
https://www.lg.com/uk/monitors/uhd-4k-5k/ultrafine/,UK,Microsite,69
https://www.lg.com/uk/tvs-soundbars/oled/2023/oled-warranty/,UK,Microsite,79
https://www.lg.com/uk/tvs-soundbars/appletvplus/,UK,Microsite,83
https://www.lg.com/uk/tvs-soundbars/lg-screen-vision/,UK,Microsite,80
https://www.lg.com/uk/tvs-soundbars/qned/2023/qned-spec-comparison/,UK,Microsite,79
https://www.lg.com/uk/tvs-soundbars/sampe-plp/,UK,Microsite,69
https://www.lg.com/uk/tvs-soundbars/oled/?ec_ft_07545403=55_inch,UK,제품 카테고리 (PLP),89
https://www.lg.com/uk/tvs-soundbars/ultra-big-tvs/?ec_ft_07545403=70_-_75_inch,UK,제품 카테고리 (PLP),83
https://www.lg.com/uk/lg-xboom-by-will-i-am/,UK,제품 카테고리 (PLP),79
https://www.lg.com/uk/tvs-soundbars/oled/?ec_ft_07545403=86_-_98_inch,UK,제품 카테고리 (PLP),90
https://www.lg.com/uk/tvs-soundbars/smart-tvs/?ec_ft_07545403=65_inch,UK,제품 카테고리 (PLP),83
https://www.lg.com/uk/monitors/gaming-monitors/,UK,제품 카테고리 (PLP),72
https://www.lg.com/uk/speakers/soundbars/,UK,제품 카테고리 (PLP),83
https://www.lg.com/uk/tvs-soundbars/miniled/?ec_ft_07545403=55_inch,UK,제품 카테고리 (PLP),86
https://www.lg.com/uk/monitors/ultragear/highlight/,UK,제품 카테고리 (PLP),66
https://www.lg.com/uk/speakers/all-speakers/,UK,제품 카테고리 (PLP),86
https://www.lg.com/uk/monitors/ultrawide/,UK,제품 카테고리 (PLP),80
https://www.lg.com/uk/tvs-soundbars/tv-by-inch/,UK,제품 카테고리 (PLP),62
https://www.lg.com/uk/tvs-soundbars/home-cinema-soundbar/,UK,제품 카테고리 (PLP),75
https://www.lg.com/uk/tvs-soundbars/oled-evo/?ec_ft_07545403=77_-_85_inch,UK,제품 카테고리 (PLP),83
https://www.lg.com/uk/speakers/2023/soundbars/,UK,제품 카테고리 (PLP),83
https://www.lg.com/uk/lifestyle-screens/objet-collection-pose/,UK,제품 카테고리 (PLP),80
https://www.lg.com/uk/tvs-soundbars/all-tvs/?ec_ft_07545403=50_inch,UK,제품 카테고리 (PLP),83
https://www.lg.com/uk/monitors/lifestyle-monitor-swing/,UK,제품 카테고리 (PLP),86
https://www.lg.com/uk/tvs-soundbars/nanocell/?ec_ft_07545403=55_inch,UK,제품 카테고리 (PLP),86
https://www.lg.com/uk/tvs/oled-tv/Name/,UK,제품 카테고리 (PLP),86
https://www.lg.com/uk/tvs-soundbars/all-tvs/?ec_ft_07545403=100_inch_and_larger,UK,제품 카테고리 (PLP),86
https://www.lg.com/uk/tvs-soundbars/smart-tvs/?ec_ft_07545403=55_inch,UK,제품 카테고리 (PLP),86
https://www.lg.com/uk/speakers-sound-systems/portable-bluetooth-speakers/,UK,제품 카테고리 (PLP),90
https://www.lg.com/uk/tvs-soundbars/qned/?ec_ft_07545403=50_inch,UK,제품 카테고리 (PLP),90
https://www.lg.com/uk/tvs-soundbars/qned/?ec_ft_07545403=42_-_48_inch,UK,제품 카테고리 (PLP),89
https://www.lg.com/uk/tvs-soundbars/qned/?ec_ft_07545403=65_inch,UK,제품 카테고리 (PLP),90
https://www.lg.com/uk/monitors/professional-monitor/,UK,제품 카테고리 (PLP),89
https://www.lg.com/uk/tvs-soundbars/qned/?ec_ft_07545403=77_-_85_inch,UK,제품 카테고리 (PLP),89
https://www.lg.com/uk/speakers/soundbars/dolby-atmos-soundbars/,UK,제품 카테고리 (PLP),93
https://www.lg.com/uk/monitors/oled-monitors/,UK,제품 카테고리 (PLP),90
https://www.lg.com/uk/tvs-soundbars/smart-tvs/?ec_ft_07545403=77_-_85_inch,UK,제품 카테고리 (PLP),83
https://www.lg.com/uk/tvs-soundbars/all-tvs/?ec_ft_07545403=55_inch,UK,제품 카테고리 (PLP),86
https://www.lg.com/uk/tvs-soundbars/all-tvs-soundbars/,UK,제품 카테고리 (PLP),86
https://www.lg.com/uk/tvs-soundbars/2024/smart/,UK,제품 카테고리 (PLP),72
https://www.lg.com/uk/tvs-soundbars/qned-evo/?ec_ft_07545403=55_inch,UK,제품 카테고리 (PLP),86
https://www.lg.com/uk/monitors/tv-monitors/,UK,제품 카테고리 (PLP),80
https://www.lg.com/uk/tvs-soundbars/qned/?ec_ft_07545403=70_-_75_inch,UK,제품 카테고리 (PLP),89
https://www.lg.com/uk/tvs-soundbars/miniled/?ec_ft_07545403=50_inch,UK,제품 카테고리 (PLP),86
https://www.lg.com/uk/tvs-soundbars/2023/smart/,UK,제품 카테고리 (PLP),83
https://www.lg.com/uk/tvs-soundbars/true-wireless-tv/,UK,제품 카테고리 (PLP),86
https://www.lg.com/uk/tvs-soundbars/oled-art/,UK,제품 카테고리 (PLP),77
https://www.lg.com/uk/tvs-soundbars/all-tvs/?ec_ft_07545403=32_inch,UK,제품 카테고리 (PLP),83
https://www.lg.com/uk/monitors/gaming-monitor/,UK,제품 카테고리 (PLP),90
https://www.lg.com/uk/tvs-soundbars/qned/?ec_ft_07545403=86_-_98_inch,UK,제품 카테고리 (PLP),90
https://www.lg.com/uk/monitors/ultrafine-evo/,UK,제품 카테고리 (PLP),86
https://www.lg.com/uk/monitors/gaming/site-pdp-page/,UK,제품 카테고리 (PLP),86
https://www.lg.com/uk/speakers/home-cinema-soundbar/,UK,제품 카테고리 (PLP),86
https://www.lg.com/uk/tvs-soundbars/oled/,UK,제품 카테고리 (PLP),87
https://www.lg.com/uk/monitors/ultrawide-monitors/,UK,제품 카테고리 (PLP),69
https://www.lg.com/uk/tvs-soundbars/mini-rgb-evo/,UK,제품 카테고리 (PLP),86
https://www.lg.com/uk/tvs-soundbars/oled-innovation/,UK,제품 카테고리 (PLP),77
https://www.lg.com/uk/soundsuite/,UK,제품 카테고리 (PLP),77
https://www.lg.com/uk/tvs-soundbars/true-wireless-tv/?ec_ft_07545403=65_inch,UK,제품 카테고리 (PLP),86
https://www.lg.com/uk/tvs-soundbars/nanocell/?ec_ft_07545403=42_-_48_inch,UK,제품 카테고리 (PLP),83
https://www.lg.com/uk/tvs-soundbars/qned-mini-led/,UK,제품 카테고리 (PLP),86
https://www.lg.com/uk/tvs-soundbars/true-wireless-tv/?ec_ft_07545403=86_-_98_inch,UK,제품 카테고리 (PLP),86
https://www.lg.com/uk/tvs-soundbars/oled-evo/?ec_ft_07545403=42_-_48_inch,UK,제품 카테고리 (PLP),83
https://www.lg.com/uk/tvs-soundbars/2023/entertainment/,UK,제품 카테고리 (PLP),83
https://www.lg.com/uk/tvs-soundbars/2024/smart/promotion/,UK,제품 카테고리 (PLP),73
https://www.lg.com/uk/monitors/gaming/,UK,제품 카테고리 (PLP),90
https://www.lg.com/uk/tvs-soundbars/miniled/?ec_ft_07545403=42_-_48_inch,UK,제품 카테고리 (PLP),86
https://www.lg.com/uk/speakers/gaming-speakers/,UK,제품 카테고리 (PLP),86
https://www.lg.com/uk/tvs-soundbars/all-tvs/,UK,제품 카테고리 (PLP),80
https://www.lg.com/uk/tvs-soundbars/ultra-big-tvs/?ec_ft_07545403=86_-_98_inch,UK,제품 카테고리 (PLP),86
https://www.lg.com/uk/speakers/soundbars-with-subwoofer/,UK,제품 카테고리 (PLP),86
https://www.lg.com/uk/webos-smart-tv/,UK,제품 카테고리 (PLP),72
https://www.lg.com/uk/lifestyle-screens/,UK,제품 카테고리 (PLP),80
https://www.lg.com/uk/tvs-soundbars/soundbars/,UK,제품 카테고리 (PLP),72
https://www.lg.com/uk/tvs-soundbars/nanocell/?ec_ft_07545403=65_inch,UK,제품 카테고리 (PLP),83
https://www.lg.com/uk/monitor/monitor-products-ips/,UK,제품 카테고리 (PLP),69
https://www.lg.com/uk/tvs-soundbars/smart-tvs/,UK,제품 카테고리 (PLP),80
https://www.lg.com/uk/tvs-soundbars/miniled/,UK,제품 카테고리 (PLP),86
https://www.lg.com/uk/tvs-soundbars/all-tvs/?ec_ft_07545403=65_inch,UK,제품 카테고리 (PLP),86
https://www.lg.com/uk/tvs-soundbars/oled-evo/?ec_ft_07545403=86_-_98_inch,UK,제품 카테고리 (PLP),83
https://www.lg.com/uk/speakers-sound-systems/hi-fi-systems/,UK,제품 카테고리 (PLP),72
https://www.lg.com/uk/speakers/,UK,제품 카테고리 (PLP),79
https://www.lg.com/uk/tvs-soundbars/all-tvs-soundbars/?ec_ft_07545403=100_inch_and_larger,UK,제품 카테고리 (PLP),83
https://www.lg.com/uk/speakers/all-soundbars/,UK,제품 카테고리 (PLP),93
https://www.lg.com/uk/monitors/ultragear-evo/,UK,제품 카테고리 (PLP),90
https://www.lg.com/uk/tvs-soundbars/nanocell/,UK,제품 카테고리 (PLP),80
https://www.lg.com/uk/tvs-soundbars/all-tvs/?ec_ft_07545403=70_-_75_inch,UK,제품 카테고리 (PLP),86
https://www.lg.com/uk/tvs-soundbars/nanocell/?ec_ft_07545403=86_-_98_inch,UK,제품 카테고리 (PLP),83
https://www.lg.com/uk/speakers-sound-systems/gaming-speakers/,UK,제품 카테고리 (PLP),72
https://www.lg.com/uk/monitors/fhd-qhd/,UK,제품 카테고리 (PLP),83
https://www.lg.com/uk/tvs-soundbars/oled/warranty/,UK,제품 카테고리 (PLP),69
https://www.lg.com/uk/art-tv/,UK,제품 카테고리 (PLP),86
https://www.lg.com/uk/tvs-soundbars/smart-tvs/?ec_ft_07545403=50_inch,UK,제품 카테고리 (PLP),86
https://www.lg.com/uk/tvs-soundbars/true-wireless-tv/?ec_ft_07545403=77_-_85_inch,UK,제품 카테고리 (PLP),86
https://www.lg.com/uk/tvs-soundbars/qned-evo/?ec_ft_07545403=65_inch,UK,제품 카테고리 (PLP),86
https://www.lg.com/uk/monitors/ultragear/esports/,UK,제품 카테고리 (PLP),66
https://www.lg.com/uk/tvs-soundbars/tv-monitors/,UK,제품 카테고리 (PLP),86
https://www.lg.com/uk/monitors/gaming/event/,UK,제품 카테고리 (PLP),72
https://www.lg.com/uk/monitors/ultragear/,UK,제품 카테고리 (PLP),68
https://www.lg.com/uk/tvs-soundbars/miniled/?ec_ft_07545403=70_-_75_inch,UK,제품 카테고리 (PLP),86
https://www.lg.com/uk/speakers/portable-speakers/,UK,제품 카테고리 (PLP),87
https://www.lg.com/uk/monitors/curved-monitor/,UK,제품 카테고리 (PLP),90
https://www.lg.com/uk/speakers/xboom/xboombywilliam/,UK,제품 카테고리 (PLP),76
https://www.lg.com/uk/speakers/xboom-bluetooth-speakers/,UK,제품 카테고리 (PLP),89
https://www.lg.com/uk/tvs-soundbars/qned-evo/?ec_ft_07545403=86_-_98_inch,UK,제품 카테고리 (PLP),86
https://www.lg.com/uk/speakers/hi-fi-system/,UK,제품 카테고리 (PLP),83
https://www.lg.com/uk/about-lg/press-media/lg-electronics-uk-ltd-tax-strategy/,UK,Press & Media,86
https://www.lg.com/uk/about-lg/press-media/lgs-record-breaking-blu-ray-external-drive-launches-in-the-uk/,UK,Press & Media,82
https://www.lg.com/uk/about-lg/press-media/lg-smart-park-named-lighthouse-factory-for-futuristic-manufacturing-technology/,UK,Press & Media,83
https://www.lg.com/uk/about-lg/press-media/lg-ultragear-named-league-of-legends-european-championship-official-gaming-monitor-partner/,UK,Press & Media,86
https://www.lg.com/uk/about-lg/press-media/lg-named-which-home-entertainment-brand-of-the-year/,UK,Press & Media,86
https://www.lg.com/uk/about-lg/press-media/new-additions-to-lg-tone-free-lineup-deliver-enhanced-performance/,UK,Press & Media,86
https://www.lg.com/uk/about-lg/press-media/lg-electronics-renews-multi-million-sponsorship-deal-with-the-fa/,UK,Press & Media,86
https://www.lg.com/uk/about-lg/press-media/lg-2021-soundbars-offer-premium-audio-and-ai-features/,UK,Press & Media,86
https://www.lg.com/uk/about-lg/press-media/the-value-of-television/,UK,Press & Media,86
https://www.lg.com/uk/about-lg/press-media/lg-oled-tv-and-xbox-series-x-unleash-next-gen-console-gaming-experience/,UK,Press & Media,86
https://www.lg.com/uk/about-lg/press-media/lg-shines-a-light-on-darker-days-with-colour-therapy-content-series/,UK,Press & Media,86
https://www.lg.com/uk/about-lg/press-media/lg-reveals-new-self-cleaning-wireless-earbuds/,UK,Press & Media,86
https://www.lg.com/uk/about-lg/press-media/lg-begins-uk-rollout-of-2020-tv-lineup-spearheaded-by-award-winning-oled-tvs/,UK,Press & Media,86
https://www.lg.com/uk/about-lg/press-media/the-jungle-book-revealed-as-the-most-nostalgic-disney-film/,UK,Press & Media,86
https://www.lg.com/uk/about-lg/press-media/lg-films-first-tottenham-hotspur-premier-league-game-in-8k/,UK,Press & Media,86
https://www.lg.com/uk/about-lg/press-media/lg-commits-to-carbon-neutrality-by-2030/,UK,Press & Media,86
https://www.lg.com/uk/about-lg/press-media/lg-showcases-real-life-benefits-of-lg-home-at-innofest-europe-2019/,UK,Press & Media,86
https://www.lg.com/uk/about-lg/press-media/lg-brings-intelligent-manufacturing-solutions-to-hannover-messe-2019/,UK,Press & Media,86
https://www.lg.com/uk/about-lg/press-media/lg-emerges-as-big-winner-at-2019-red-dot-design-awards/,UK,Press & Media,86
https://www.lg.com/uk/about-lg/press-media/lg-oled-tv-brings-home-if-gold-award-for-design-excellence/,UK,Press & Media,86
https://www.lg.com/uk/about-lg/press-media/lg-kicks-off-global-rollout-of-2019-tv-lineup/,UK,Press & Media,86
https://www.lg.com/uk/about-lg/press-media/lg-unveils-two-groundbreaking-smartphones/,UK,Press & Media,86
https://www.lg.com/uk/about-lg/press-media/designed-with-solid-fundamentals-new-lg-q-and-k-series-are-designed-to-impress/,UK,Press & Media,86
https://www.lg.com/uk/about-lg/press-media/lg-receives-more-than-140-ces-awards-and-honours-across-various-categories/,UK,Press & Media,86
https://www.lg.com/uk/about-lg/press-media/lgs-ai-enabled-thinq-devices-take-top-honours/,UK,Press & Media,86
https://www.lg.com/uk/about-lg/press-media/exclusive-bts-content-available-only-on-lg-smartphones/,UK,Press & Media,82
https://www.lg.com/uk/about-lg/press-media/lg-is-bringing-football-home-to-the-streets-of-wembley-with-bumper-home-entertainment-giveaway/,UK,Press & Media,86
https://www.lg.com/uk/about-lg/press-media/lg-launches-the-lg-twinwash-football-challenge-in-collaboration-with-the-national-schools-partnership/,UK,Press & Media,79
https://www.lg.com/uk/about-lg/press-media/lg-unveils-eco-city-garden-for-rhs-chelsea-flower-show-2018/,UK,Press & Media,79
https://www.lg.com/uk/about-lg/press-media/lg-signs-multi-million-sponsorship-deal-with-the-fa/,UK,Press & Media,79
https://www.lg.com/uk/about-lg/press-media/lg-signature-collaborates-with-designer-patrick-grant-to-celebrate-a-vision-of-modern-living/,UK,Press & Media,79
https://www.lg.com/uk/about-lg/press-media/lg-supports-local-charity-with-sponsored-cycle-to-south-korea/,UK,Press & Media,79
https://www.lg.com/uk/about-lg/press-media/sky-store-tv-app-now-available-exclusively-on-lg-smart-tvs/,UK,Press & Media,79
https://www.lg.com/uk/about-lg/press-media/lg-works-with-instagram-artist-to-showcase-the-worlds-first-wallpaper-tv/,UK,Press & Media,79
https://www.lg.com/uk/about-lg/press-media/exceptional-picture-quality-of-lgs-2017-4k-tvs-certified-by-eurofins/,UK,Press & Media,79
https://www.lg.com/uk/about-lg/press-media/lg-unveils-new-g6-with-a-large-fullvision-display-tailored-to-fit-in-one-hand/,UK,Press & Media,79
https://www.lg.com/uk/about-lg/press-media/lg-signature-oled-tv-w-pushes-tv-design-into-a-new-dimension-at-ces-2017/,UK,Press & Media,79
https://www.lg.com/uk/about-lg/press-media/lg-leverages-display-expertise-entersmedical-imaging-market/,UK,Press & Media,79
https://www.lg.com/uk/about-lg/press-media/brits-forgo-washing-underwear-to-help-the-environment/,UK,Press & Media,79
https://www.lg.com/uk/about-lg/press-media/evolution-of-the-eye-revealed-with-lg-oled-tv-and-natural-history-museum/,UK,Press & Media,79
https://www.lg.com/uk/about-lg/press-media/lg-opens-new-shop-in-shop-in-hulls-hanson-electrical/,UK,Press & Media,79
https://www.lg.com/uk/about-lg/press-media/introducing-a-more-playful-and-innovative-lg-ux-50/,UK,Press & Media,79
https://www.lg.com/uk/about-lg/press-media/with-lg-360-cam-and-google-street-view-share-and-enjoy-360-degree-content-with-ease/,UK,Press & Media,79
https://www.lg.com/uk/about-lg/press-media/lg-to-introduce-all-new-4k-hdr-enabled-oled-tv-lineup-at-ces-2016/,UK,Press & Media,79
https://www.lg.com/uk/about-lg/press-media/newlg-super-uhd-tv-lineup-sure-to-impress-2016-ces-attendees/,UK,Press & Media,79
https://www.lg.com/uk/about-lg/press-media/lg-advances-smart-home-ecosystem-with-smart-thinq-hub-at-ces-2016/,UK,Press & Media,79
https://www.lg.com/uk/about-lg/press-media/popular-lg-tone-infinim-head-set-gets-updated-for-2016/,UK,Press & Media,79
https://www.lg.com/uk/about-lg/press-media/lg-to-unveillg-signature-premium-lineup-at-ces-2016/,UK,Press & Media,79
https://www.lg.com/uk/about-lg/press-media/lg-to-unveil-new-version-of-popular-webos-smart-tv-platform-at-ces-2016/,UK,Press & Media,79
https://www.lg.com/uk/about-lg/press-media/lgs-firstever-super-bowl-commercial-bolstersbig-oled-tv-marketing-blitz/,UK,Press & Media,79
https://www.lg.com/uk/about-lg/press-media/lg-expands-popular-musicflow-lineup-with-new-wireless-sound-barsand-x-boom-audio-systems/,UK,Press & Media,79
https://www.lg.com/uk/about-lg/press-media/lg-named-brand-of-the-year-2015-at-red-dot-award/,UK,Press & Media,79
https://www.lg.com/uk/about-lg/press-media/lg-begins-android-60-marshmallow-rollout-starting-with-g4/,UK,Press & Media,79
https://www.lg.com/uk/about-lg/press-media/nexus-5x-lg-and-google-collaborate-on-the-most-advanced-nexus-phone-to-date/,UK,Press & Media,79
https://www.lg.com/uk/about-lg/press-media/lg-to-offer-free-value-pack-upgrade-to-webos-10-smart-tv-owners/,UK,Press & Media,79
https://www.lg.com/uk/about-lg/press-media/lg-to-double-global-oled-tv-offerings-in-2015/,UK,Press & Media,79
https://www.lg.com/uk/about-lg/press-media/lg-to-unveil-uber-durable-centum-system-front-load-washing-machine-at-ifa-2015/,UK,Press & Media,79
https://www.lg.com/uk/about-lg/press-media/lg-electronics-honored-with-four-eisa-awards/,UK,Press & Media,79
https://www.lg.com/uk/about-lg/press-media/lgs-beautiful-curved-soundbar-sounds-as-good-as-it-looks/,UK,Press & Media,79
https://www.lg.com/uk/about-lg/press-media/introducing-the-g4c-the-newest-member-o-lgs-g4-series/,UK,Press & Media,79
https://www.lg.com/uk/about-lg/press-media/lg-unveils-more-human-centric-lg-ux-40/,UK,Press & Media,79
https://www.lg.com/uk/about-lg/press-media/lg-g3-named-best-smartphone-and-lg-urbane-smart-watches-take-home-9-awards-at-mwc-2015/,UK,Press & Media,79
https://www.lg.com/uk/about-lg/press-media/lg-g-flex2-begins-global-rollout/,UK,Press & Media,79
https://www.lg.com/uk/about-lg/press-media/lgs-new-mid-range-smartphone-lineup-delivers-premium-design-and-features/,UK,Press & Media,79
https://www.lg.com/uk/about-lg/press-media/lg-watch-urbane-melds-classic-look-with-enhanced-features/,UK,Press & Media,79
https://www.lg.com/uk/about-lg/press-media/99-per-cent-of-brits-cannot-recognise-common-garment-care-symbols-despite-9-in-10-owning-a-washing-machine/,UK,Press & Media,79
https://www.lg.com/uk/about-lg/press-media/lg-appliances-awarded-energy-saving-trust-verification/,UK,Press & Media,79
https://www.lg.com/uk/about-lg/press-media/lg-kicks-off-loops-new-football-campaign/,UK,Press & Media,79
https://www.lg.com/uk/about-lg/press-media/lg-electronics-becomes-a-global-partner-of-formula-1/,UK,Press & Media,79
https://www.lg.com/uk/about-lg/press-media/lgs-lighting-up-londons-skyline-this-new-years-eve/,UK,Press & Media,79
https://www.lg.com/uk/about-lg/press-media/lg-brings-new-meaning-to-pc-entertainment/,UK,Press & Media,79
https://www.lg.com/uk/about-lg/press-media/lg-launches-if-award-winning-monitor/,UK,Press & Media,79
https://www.lg.com/uk/about-lg/press-media/lg-launches-22-webcam-monitor-in-the-uk/,UK,Press & Media,79
https://www.lg.com/uk/about-lg/press-media/lg-unveils-world-first-full-touchscreen-8-megapixel-camera-phone/,UK,Press & Media,79
https://www.lg.com/uk/about-lg/press-media/lg-launches-the-kc550-pink/,UK,Press & Media,79
https://www.lg.com/uk/about-lg/press-media/lg-launches-kt520/,UK,Press & Media,79
https://www.lg.com/uk/about-lg/press-media/1000-pound-kitchen-investment-gives-10000-pound-return/,UK,Press & Media,79
https://www.lg.com/uk/about-lg/press-media/get-the-message-with-lgs-new-ks360/,UK,Press & Media,79
https://www.lg.com/uk/about-lg/press-media/lg-toughens-up-with-its-new-hard-glass-monitors/,UK,Press & Media,79
https://www.lg.com/uk/about-lg/press-media/lg-captures-the-moment-with-the-new-lg-kc550/,UK,Press & Media,79
https://www.lg.com/uk/about-lg/press-media/lg-hits-the-road-to-find-the-uks-ultimate-style-icon/,UK,Press & Media,79
https://www.lg.com/uk/about-lg/press-media/nutritious-healthy-meals-created-in-an-instant-with-lgsbr-all-in-one-solarcube-oven/,UK,Press & Media,79
https://www.lg.com/uk/about-lg/press-media/lg-launches-first-9kg-steam-washing-machine/,UK,Press & Media,79
https://www.lg.com/uk/about-lg/press-media/lgs-record-breaking-blu-ray-external-drive/,UK,Press & Media,79
https://www.lg.com/uk/about-lg/press-media/lg-launches-the-hit-new-lcd-tv-scarlet/,UK,Press & Media,79
https://www.lg.com/uk/about-lg/press-media/lgs-secret-unveiled/,UK,Press & Media,79
https://www.lg.com/uk/about-lg/press-media/marilyn-monroe-and-elvis-the-uks-favourite-style-icons/,UK,Press & Media,79
https://www.lg.com/uk/about-lg/press-media/uk-says-the-mobile-phone-is-the-secret-to-a-perfect-look/,UK,Press & Media,79
https://www.lg.com/uk/about-lg/press-media/lg-expands-its-widescreen-monitor-range/,UK,Press & Media,79
https://www.lg.com/uk/about-lg/press-media/lgs-pg6000-takes-it-to-the-edge/,UK,Press & Media,79
https://www.lg.com/uk/about-lg/press-media/slim-stylish-sleek-lcds-have-just-got-sexy/,UK,Press & Media,79
https://www.lg.com/uk/about-lg/press-media/your-kitchen-in-bloom/,UK,Press & Media,79
https://www.lg.com/uk/about-lg/press-media/lg-launches-its-premium-22-100001-monitor-in-the-uk/,UK,Press & Media,79
https://www.lg.com/uk/about-lg/press-media/stronglg-electronics-strong-to-sponsor-fis-snowboard-world-/,UK,Press & Media,79
https://www.lg.com/uk/about-lg/press-media/lg-named-as-a-business-superbrand/,UK,Press & Media,79
https://www.lg.com/uk/about-lg/press-media/lg-returns-to-london-fashion-week-with-its-intelligent-fashion-icons/,UK,Press & Media,79
https://www.lg.com/uk/about-lg/press-media/lg-electronics-announces-new-symbian-smartphone-with-gps/,UK,Press & Media,79
https://www.lg.com/uk/about-lg/press-media/lg-introduces-mind-reading-interactive-phone/,UK,Press & Media,79
https://www.lg.com/uk/about-lg/press-media/inimitable-style-slender-strength/,UK,Press & Media,79
https://www.lg.com/uk/about-lg/press-media/lg-adds-touch-of-class-to-gsma-world-congress-2008-with-cutting-edge-line-up-of-new-devices/,UK,Press & Media,79
https://www.lg.com/uk/support/,UK,Support - 일반,85
https://www.lg.com/uk/support/Cancellation-Order/,UK,Support - 일반,85
https://www.lg.com/uk/support/announcement/,UK,Support - 일반,81
https://www.lg.com/uk/support/announcement/-lg-styler---e4-error-message--guide-to-troubleshooting---repair/,UK,Support - 일반,85
https://www.lg.com/uk/support/announcement/-notice--announcement-of-termination-of-internal-function-in-lg-/,UK,Support - 일반,81
https://www.lg.com/uk/support/announcement/GBNTC120330003861/,UK,Support - 일반,81
https://www.lg.com/uk/support/announcement/GBNTC120601000463/,UK,Support - 일반,81
https://www.lg.com/uk/support/announcement/GBNTC120706500000/,UK,Support - 일반,81
https://www.lg.com/uk/support/announcement/GBNTC121109100660/,UK,Support - 일반,81
https://www.lg.com/uk/support/announcement/GBNTC121116100720/,UK,Support - 일반,81
https://www.lg.com/uk/support/announcement/GBNTC121121100860/,UK,Support - 일반,81
https://www.lg.com/uk/support/announcement/GBNTC130921103140/,UK,Support - 일반,81
https://www.lg.com/uk/support/announcement/GBNTC131220103480/,UK,Support - 일반,81
https://www.lg.com/uk/support/announcement/GBNTC140201103660/,UK,Support - 일반,81
https://www.lg.com/uk/support/announcement/GBNTC140718104140/,UK,Support - 일반,81
https://www.lg.com/uk/support/announcement/GBNTC141122104760/,UK,Support - 일반,81
https://www.lg.com/uk/support/announcement/GBNTC150421105540/,UK,Support - 일반,81
https://www.lg.com/uk/support/announcement/GBNTC150708106340/,UK,Support - 일반,81
https://www.lg.com/uk/support/announcement/GBNTC160608120340/,UK,Support - 일반,81
https://www.lg.com/uk/support/announcement/GBNTC180608123600/,UK,Support - 일반,81
https://www.lg.com/uk/support/announcement/GBNTC181031124320/,UK,Support - 일반,81
https://www.lg.com/uk/support/announcement/GBNTC181031124321/,UK,Support - 일반,81
https://www.lg.com/uk/support/announcement/GBNTC20201013150690/,UK,Support - 일반,81
https://www.lg.com/uk/support/announcement/GBNTC20220419152260/,UK,Support - 일반,81
https://www.lg.com/uk/support/announcement/GBNTC20220603152433/,UK,Support - 일반,81
https://www.lg.com/uk/support/announcement/GBNTC20220711152790/,UK,Support - 일반,81
https://www.lg.com/uk/support/announcement/GBNTC20230310153481/,UK,Support - 일반,81
https://www.lg.com/uk/support/announcement/GBNTC20230503153720/,UK,Support - 일반,81
https://www.lg.com/uk/support/announcement/GBNTC20230503153721/,UK,Support - 일반,81
https://www.lg.com/uk/support/announcement/GBNTC20230831154132/,UK,Support - 일반,81
https://www.lg.com/uk/support/announcement/GBNTC20240527001/,UK,Support - 일반,81
https://www.lg.com/uk/support/announcement/GBNTC20241107001/,UK,Support - 일반,81
https://www.lg.com/uk/support/announcement/notice-of-spotify-service-termination/,UK,Support - 일반,81
https://www.lg.com/uk/support/announcement/notice-of-termination-of-the-services-of-gracenote-music-id-video-id-eyeq-epg-for-blu-ray-player-blu-ray-home-theater-system-will-no-longer-be-available/,UK,Support - 일반,81
https://www.lg.com/uk/support/announcement/notice-on-termination-of-services--accuweather/,UK,Support - 일반,81
https://www.lg.com/uk/support/announcement/notice-on-termination-of-services-of-LG-Electronics-Mobile-Phone-Software-Upgrade/,UK,Support - 일반,81
https://www.lg.com/uk/support/announcement/temporary-purchasing-closure/,UK,Support - 일반,81
https://www.lg.com/uk/support/announcement/updates-to-lg-electronics-service-privacy-policy-04292026/,UK,Support - 일반,81
https://www.lg.com/uk/support/announcement/updates-to-lg-electronics-service-privacy-policy-09252025/,UK,Support - 일반,81
https://www.lg.com/uk/support/announcement/updates-to-lg-electronics-service-privacy-policy/,UK,Support - 일반,81
https://www.lg.com/uk/support/announcements-as-is/,UK,Support - 일반,85
https://www.lg.com/uk/support/announcements-as-is/announcement-details/,UK,Support - 일반,81
https://www.lg.com/uk/support/announcements/GBNTC120330003861/,UK,Support - 일반,81
https://www.lg.com/uk/support/announcements/GBNTC120601000463/,UK,Support - 일반,81
https://www.lg.com/uk/support/announcements/GBNTC120706500000/,UK,Support - 일반,81
https://www.lg.com/uk/support/announcements/GBNTC121109100660/,UK,Support - 일반,81
https://www.lg.com/uk/support/announcements/GBNTC121116100720/,UK,Support - 일반,81
https://www.lg.com/uk/support/announcements/GBNTC121121100860/,UK,Support - 일반,81
https://www.lg.com/uk/support/announcements/GBNTC130921103140/,UK,Support - 일반,81
https://www.lg.com/uk/support/announcements/GBNTC131220103480/,UK,Support - 일반,81
https://www.lg.com/uk/support/announcements/GBNTC140201103660/,UK,Support - 일반,81
https://www.lg.com/uk/support/announcements/GBNTC140718104140/,UK,Support - 일반,81
https://www.lg.com/uk/support/announcements/GBNTC141122104760/,UK,Support - 일반,81
https://www.lg.com/uk/support/announcements/GBNTC150421105540/,UK,Support - 일반,81
https://www.lg.com/uk/support/announcements/GBNTC150708106340/,UK,Support - 일반,81
https://www.lg.com/uk/support/announcements/GBNTC160608120340/,UK,Support - 일반,81
https://www.lg.com/uk/support/announcements/GBNTC180608123600/,UK,Support - 일반,81
https://www.lg.com/uk/support/announcements/GBNTC181031124320/,UK,Support - 일반,81
https://www.lg.com/uk/support/announcements/GBNTC181031124321/,UK,Support - 일반,81
https://www.lg.com/uk/support/announcements/GBNTC20201013150690/,UK,Support - 일반,81
https://www.lg.com/uk/support/announcements/GBNTC20220419152260/,UK,Support - 일반,81
https://www.lg.com/uk/support/announcements/GBNTC20220603152433/,UK,Support - 일반,81
https://www.lg.com/uk/support/announcements/GBNTC20220711152790/,UK,Support - 일반,81
https://www.lg.com/uk/support/announcements/GBNTC20230310153481/,UK,Support - 일반,81
https://www.lg.com/uk/support/announcements/GBNTC20230503153720/,UK,Support - 일반,81
https://www.lg.com/uk/support/announcements/GBNTC20230503153721/,UK,Support - 일반,81
https://www.lg.com/uk/support/announcements/GBNTC20230831154132/,UK,Support - 일반,81
https://www.lg.com/uk/support/business-warranty/,UK,Support - 일반,85
https://www.lg.com/uk/support/contact-us/,UK,Support - 일반,89
https://www.lg.com/uk/support/contact-us/business-contact-information/,UK,Support - 일반,81
https://www.lg.com/uk/support/contact-us/document-upload/,UK,Support - 일반,89
https://www.lg.com/uk/support/contact-us/email-us/,UK,Support - 일반,81
https://www.lg.com/uk/support/contact-us/share-your-feedback/,UK,Support - 일반,85
https://www.lg.com/uk/support/contact-us/share-your-voice-with-the-lg-president/,UK,Support - 일반,85
https://www.lg.com/uk/support/contact-us/your-voice-to-the-president/,UK,Support - 일반,85
https://www.lg.com/uk/support/dishwasher-support/,UK,Support - 일반,74
https://www.lg.com/uk/support/dishwasher/,UK,Support - 일반,81
https://www.lg.com/uk/support/error-pages/,UK,Support - 일반,67
https://www.lg.com/uk/support/error-pages/down-time-check/,UK,Support - 일반,67
https://www.lg.com/uk/support/laptops/,UK,Support - 일반,81
https://www.lg.com/uk/support/lg-environmental/,UK,Support - 일반,74
https://www.lg.com/uk/support/lg-gram-support/,UK,Support - 일반,78
https://www.lg.com/uk/support/lg-shield/,UK,Support - 일반,82
https://www.lg.com/uk/support/lg-speaker-support/,UK,Support - 일반,89
https://www.lg.com/uk/support/lg-tone-support/,UK,Support - 일반,81
https://www.lg.com/uk/support/monitors/,UK,Support - 일반,74
https://www.lg.com/uk/support/order-support/frequently-asked-questions/,UK,Support - 일반,86
https://www.lg.com/uk/support/order-support/track-my-order/,UK,Support - 일반,82
https://www.lg.com/uk/support/order-support/track-my-order1/,UK,Support - 일반,74
https://www.lg.com/uk/support/product-support/,UK,Support - 일반,74
https://www.lg.com/uk/support/product-support/cs-105UC9V.AEE/,UK,Support - 일반,85
https://www.lg.com/uk/support/product-support/cs-105UC9V.AEK/,UK,Support - 일반,85
https://www.lg.com/uk/support/product-support/cs-100QNED87B6.AEK/,UK,Support - 일반,85
https://www.lg.com/uk/support/product-support/cs-10SM3TB-B.AEK/,UK,Support - 일반,85
https://www.lg.com/uk/support/monitor-support/,UK,Support - 일반,81
https://www.lg.com/uk/support/product-support/cs-100QNED87B6.AEI/,UK,Support - 일반,85
https://www.lg.com/uk/support/product-support/cs-100QNED86A6.AEK/,UK,Support - 일반,85
https://www.lg.com/uk/support/product-support/cs-100QNED86A6.AEU/,UK,Support - 일반,85
https://www.lg.com/uk/support/product-support/cs-100MRGB96B6.AEK/,UK,Support - 일반,85
https://www.lg.com/uk/support/order-support/frequently-asked-questions1/,UK,Support - 일반,89
https://www.lg.com/uk/support/product-support/troubleshoot/help-library/cs-CT00008333-20155132363655,UK,Support - Troubleshoot,82
https://www.lg.com/uk/support/product-support/troubleshoot/help-library/cs-CT00008333-20154988832858,UK,Support - Troubleshoot,82
https://www.lg.com/uk/support/product-support/troubleshoot/help-library/cs-CT32002741-20155114025971/,UK,Support - Troubleshoot,82
https://www.lg.com/uk/support/product-support/troubleshoot/help-library/cs-CT00008386-20155146794919/,UK,Support - Troubleshoot,82
https://www.lg.com/uk/support/product-support/troubleshoot/help-library/cs-CT00008362-20154982207124,UK,Support - Troubleshoot,82
https://www.lg.com/uk/support/product-support/troubleshoot/help-library/cs-CT00008386-20155051180443/,UK,Support - Troubleshoot,82
https://www.lg.com/uk/support/product-support/troubleshoot/help-library/cs-CT00008386-20155141427618,UK,Support - Troubleshoot,82
https://www.lg.com/uk/support/product-support/troubleshoot/help-library/cs-CT00008333-20155146915740,UK,Support - Troubleshoot,82
https://www.lg.com/uk/support/product-support/troubleshoot/help-library/cs-CT00008333-20155179485106,UK,Support - Troubleshoot,82
https://www.lg.com/uk/support/product-support/troubleshoot/help-library/cs-CT00008362-20151317958963DRC,UK,Support - Troubleshoot,82
https://www.lg.com/uk/support/product-support/troubleshoot/help-library/cs-CT00008386-20155269142532/,UK,Support - Troubleshoot,82
https://www.lg.com/uk/support/product-support/troubleshoot/help-library/cs-CT00008333-20155143127535,UK,Support - Troubleshoot,82
https://www.lg.com/uk/support/product-support/troubleshoot/help-library/cs-CT00008333-20155132464690,UK,Support - Troubleshoot,82
https://www.lg.com/uk/support/product-support/troubleshoot/help-library/cs-CT41000011-20155048193085/,UK,Support - Troubleshoot,82
https://www.lg.com/uk/support/product-support/troubleshoot/help-library/cs-CT00008362-20155379392203/,UK,Support - Troubleshoot,82
https://www.lg.com/uk/support/product-support/troubleshoot/help-library/cs-CT00008386-20155268094107/,UK,Support - Troubleshoot,82
https://www.lg.com/uk/support/product-support/troubleshoot/help-library/cs-CT00008386-20155132484936/,UK,Support - Troubleshoot,82
https://www.lg.com/uk/support/product-support/troubleshoot/help-library/cs-CT00008333-20155052625265/,UK,Support - Troubleshoot,82
https://www.lg.com/uk/support/product-support/troubleshoot/help-library/cs-CT00008333-20155120620672,UK,Support - Troubleshoot,82
https://www.lg.com/uk/support/product-support/troubleshoot/help-library/cs-CT00001871-20155140653532,UK,Support - Troubleshoot,82
https://www.lg.com/uk/support/product-support/troubleshoot/help-library/cs-CT00008362-20151318093726DRC,UK,Support - Troubleshoot,82
https://www.lg.com/uk/support/product-support/troubleshoot/help-library/cs-CT00008333-20155146895817,UK,Support - Troubleshoot,82
https://www.lg.com/uk/support/product-support/troubleshoot/help-library/cs-CT00008362-20155370311750,UK,Support - Troubleshoot,82
https://www.lg.com/uk/support/product-support/troubleshoot/help-library/cs-CT00008333-20155145284137/,UK,Support - Troubleshoot,82
https://www.lg.com/uk/support/product-support/troubleshoot/help-library/cs-CT00008362-20152500940660DRC,UK,Support - Troubleshoot,82
https://www.lg.com/uk/support/product-support/troubleshoot/help-library/cs-CT32002741-20155062102677/,UK,Support - Troubleshoot,82
https://www.lg.com/uk/support/product-support/troubleshoot/help-library/cs-CT00008386-20155143402350/,UK,Support - Troubleshoot,82
https://www.lg.com/uk/support/product-support/troubleshoot/help-library/cs-CT00008333-20155051198477,UK,Support - Troubleshoot,82
https://www.lg.com/uk/support/product-support/troubleshoot/help-library/cs-CT00008333-20155146888237,UK,Support - Troubleshoot,82
https://www.lg.com/uk/support/product-support/troubleshoot/help-library/cs-CT00008386-20155132493493/,UK,Support - Troubleshoot,82
https://www.lg.com/uk/support/product-support/troubleshoot/help-library/cs-CT00008362-20152500915219DRC,UK,Support - Troubleshoot,82
https://www.lg.com/uk/support/product-support/troubleshoot/help-library/cs-CT00008355-20155049074934,UK,Support - Troubleshoot,82
https://www.lg.com/uk/support/product-support/troubleshoot/help-library/cs-CT00008333-20155146780081,UK,Support - Troubleshoot,82
https://www.lg.com/uk/support/product-support/troubleshoot/help-library/cs-CT00008333-20155381409557,UK,Support - Troubleshoot,82
https://www.lg.com/uk/support/product-support/troubleshoot/help-library/cs-CT00008333-20155104756194,UK,Support - Troubleshoot,82
https://www.lg.com/uk/support/product-support/troubleshoot/help-library/cs-CT00008386-20155410117247/,UK,Support - Troubleshoot,82
https://www.lg.com/uk/support/product-support/troubleshoot/help-library/cs-CT00008362-20155348063934/,UK,Support - Troubleshoot,82
https://www.lg.com/uk/support/product-support/troubleshoot/help-library/cs-CT00008333-20155142857269,UK,Support - Troubleshoot,82
https://www.lg.com/uk/support/product-support/troubleshoot/help-library/cs-CT00008362-20151331542615DRC,UK,Support - Troubleshoot,82
https://www.lg.com/uk/support/product-support/troubleshoot/help-library/cs-CT00008333-20154967824349/,UK,Support - Troubleshoot,82
https://www.lg.com/uk/support/product-support/troubleshoot/help-library/cs-CT00008362-20151316780547DRC,UK,Support - Troubleshoot,82
https://www.lg.com/uk/support/product-support/troubleshoot/help-library/cs-CT00008333-20155146802931,UK,Support - Troubleshoot,82
https://www.lg.com/uk/support/product-support/troubleshoot/help-library/cs-CT00008333-20155142687195,UK,Support - Troubleshoot,82
https://www.lg.com/uk/support/product-support/troubleshoot/help-library/cs-CT00008333-20155146924753,UK,Support - Troubleshoot,82
https://www.lg.com/uk/support/product-support/troubleshoot/help-library/cs-CT00008362-20155295256907,UK,Support - Troubleshoot,82
https://www.lg.com/uk/support/product-support/troubleshoot/help-library/cs-CT00008333-20155146795147,UK,Support - Troubleshoot,82
https://www.lg.com/uk/support/product-support/troubleshoot/help-library/cs-CT00008362-20155377740475,UK,Support - Troubleshoot,82
https://www.lg.com/uk/support/product-support/troubleshoot/help-library/cs-CT00008333-20155143390249,UK,Support - Troubleshoot,82
https://www.lg.com/uk/support/product-support/troubleshoot/help-library/cs-CT00008386-20155143221538/,UK,Support - Troubleshoot,82
https://www.lg.com/uk/support/product-support/troubleshoot/help-library/cs-CT00008333-20155141415346,UK,Support - Troubleshoot,82
https://www.lg.com/uk/support/product-support/troubleshoot/help-library/cs-CT41000011-20155130423281/,UK,Support - Troubleshoot,82
https://www.lg.com/uk/support/product-support/troubleshoot/help-library/cs-CT00008333-20155143158542/,UK,Support - Troubleshoot,82
https://www.lg.com/uk/support/product-support/troubleshoot/help-library/cs-CT00001871-20155119015029,UK,Support - Troubleshoot,82
https://www.lg.com/uk/support/product-support/troubleshoot/help-library/cs-CT00008333-20155146920004,UK,Support - Troubleshoot,82
https://www.lg.com/uk/support/product-support/troubleshoot/help-library/cs-CT00008386-20155006056709/,UK,Support - Troubleshoot,82
https://www.lg.com/uk/support/product-support/troubleshoot/help-library/cs-CT00008333-20155146783631,UK,Support - Troubleshoot,82
https://www.lg.com/uk/support/product-support/troubleshoot/help-library/cs-CT00008362-20155028316650,UK,Support - Troubleshoot,82
https://www.lg.com/uk/support/product-support/troubleshoot/help-library/cs-CT00008362-20155101722897/,UK,Support - Troubleshoot,82
https://www.lg.com/uk/support/product-support/troubleshoot/help-library/cs-CT41000011-20155135975511/,UK,Support - Troubleshoot,82
https://www.lg.com/uk/support/product-support/troubleshoot/help-library/cs-CT00008333-20155145269748,UK,Support - Troubleshoot,82
https://www.lg.com/uk/support/product-support/troubleshoot/help-library/cs-CT00008362-20151318119847DRC,UK,Support - Troubleshoot,82
https://www.lg.com/uk/support/product-support/troubleshoot/help-library/cs-CT00008333-20155130448966,UK,Support - Troubleshoot,82
https://www.lg.com/uk/support/product-support/troubleshoot/help-library/cs-CT00008386-20155142759730/,UK,Support - Troubleshoot,82
https://www.lg.com/uk/support/product-support/troubleshoot/help-library/cs-CT41000011-20155115753211/,UK,Support - Troubleshoot,82
https://www.lg.com/uk/support/product-support/troubleshoot/help-library/cs-CT00008333-20155265988733,UK,Support - Troubleshoot,82
https://www.lg.com/uk/support/product-support/troubleshoot/help-library/cs-CT00008333-20155146914373,UK,Support - Troubleshoot,82
https://www.lg.com/uk/support/product-support/troubleshoot/help-library/cs-CT00008362-20155102984083/,UK,Support - Troubleshoot,82
https://www.lg.com/uk/support/product-support/troubleshoot/help-library/cs-CT32002741-20155363611088/,UK,Support - Troubleshoot,82
https://www.lg.com/uk/support/product-support/troubleshoot/help-library/cs-CT00008333-20155155365414/,UK,Support - Troubleshoot,82
https://www.lg.com/uk/support/product-support/troubleshoot/help-library/cs-CT00008362-20155140815583,UK,Support - Troubleshoot,82
https://www.lg.com/uk/support/product-support/troubleshoot/help-library/cs-CT00008386-20155146346458/,UK,Support - Troubleshoot,82
https://www.lg.com/uk/support/product-support/troubleshoot/help-library/cs-CT00008386-20155140886939,UK,Support - Troubleshoot,82
https://www.lg.com/uk/support/product-support/troubleshoot/help-library/cs-CT00008333-20155146937068,UK,Support - Troubleshoot,82
https://www.lg.com/uk/support/product-support/troubleshoot/help-library/cs-CT00008362-20155348101623,UK,Support - Troubleshoot,82
https://www.lg.com/uk/support/product-support/troubleshoot/help-library/cs-CT00008386-20155142874293/,UK,Support - Troubleshoot,82
https://www.lg.com/uk/support/product-support/troubleshoot/help-library/cs-CT00008333-20155132593562,UK,Support - Troubleshoot,82
https://www.lg.com/uk/support/product-support/troubleshoot/help-library/cs-CT00008333-20155142900522,UK,Support - Troubleshoot,82
https://www.lg.com/uk/support/product-support/troubleshoot/help-library/cs-CT00008333-20155146936189,UK,Support - Troubleshoot,82
https://www.lg.com/uk/support/product-support/troubleshoot/help-library/cs-CT41000011-20155134078952/,UK,Support - Troubleshoot,82
https://www.lg.com/uk/support/product-support/troubleshoot/help-library/cs-CT00008333-20155146893257,UK,Support - Troubleshoot,82
https://www.lg.com/uk/support/product-support/troubleshoot/help-library/cs-CT41000011-20155198998732/,UK,Support - Troubleshoot,82
https://www.lg.com/uk/support/product-support/troubleshoot/help-library/cs-CT00008362-20155101725403,UK,Support - Troubleshoot,82
https://www.lg.com/uk/support/product-support/troubleshoot/help-library/cs-CT00008362-20152500935902DRC,UK,Support - Troubleshoot,82
https://www.lg.com/uk/support/product-support/troubleshoot/help-library/cs-CT32002742-20155115815192/,UK,Support - Troubleshoot,82
https://www.lg.com/uk/support/product-support/troubleshoot/help-library/cs-CT00008362-20155263929570,UK,Support - Troubleshoot,82
https://www.lg.com/uk/support/product-support/troubleshoot/help-library/cs-CT00008362-20155102944371/,UK,Support - Troubleshoot,82
https://www.lg.com/uk/support/product-support/troubleshoot/help-library/cs-CT00008362-20152500918031DRC,UK,Support - Troubleshoot,82
https://www.lg.com/uk/support/product-support/troubleshoot/help-library/cs-CT00008333-20155412220972,UK,Support - Troubleshoot,82
https://www.lg.com/uk/support/product-support/troubleshoot/help-library/cs-CT00008333-20155132471717,UK,Support - Troubleshoot,82
https://www.lg.com/uk/support/product-support/troubleshoot/help-library/cs-CT41000011-20155134077139/,UK,Support - Troubleshoot,82
https://www.lg.com/uk/support/product-support/troubleshoot/help-library/cs-CT00008362-20155101724145,UK,Support - Troubleshoot,82
https://www.lg.com/uk/support/product-support/troubleshoot/help-library/cs-CT00008362-20152500943208DRC,UK,Support - Troubleshoot,82
https://www.lg.com/uk/support/product-support/troubleshoot/help-library/cs-CT00008362-20152500919178DRC,UK,Support - Troubleshoot,82
https://www.lg.com/uk/support/product-support/troubleshoot/help-library/cs-CT00008362-20152500922436DRC,UK,Support - Troubleshoot,82
https://www.lg.com/uk/support/product-support/troubleshoot/help-library/cs-CT00008362-20155102954932/,UK,Support - Troubleshoot,82
https://www.lg.com/uk/support/product-support/troubleshoot/help-library/cs-CT00008333-20152424765521LST/,UK,Support - Troubleshoot,82
https://www.lg.com/uk/support/product-support/troubleshoot/help-library/cs-CT00008333-20155142860379,UK,Support - Troubleshoot,82
https://www.lg.com/uk/support/product-support/troubleshoot/help-library/cs-CT00008386-20155141433043,UK,Support - Troubleshoot,82
https://www.lg.com/uk/support/product-support/troubleshoot/help-library/cs-CT00008333-20155146883891,UK,Support - Troubleshoot,82
https://www.lg.com/uk/support/product-support/troubleshoot/help-library/cs-CT00008333-20155122623529,UK,Support - Troubleshoot,82
https://www.lg.com/us/monitors/lg-25g590b-b-gaming-monitor,USA,제품 상세 (PDP),81
https://www.lg.com/us/monitors/lg-27gm950b-b-gaming-monitor,USA,제품 상세 (PDP),78
https://www.lg.com/us/monitors/lg-27gx790b-b-gaming-monitor,USA,제품 상세 (PDP),78
https://www.lg.com/us/monitors/lg-32gx870a-b-gaming-monitor,USA,제품 상세 (PDP),75
https://www.lg.com/us/monitors/lg-39gx950b-b-gaming-monitor,USA,제품 상세 (PDP),78
https://www.lg.com/us/monitors/lg-45gx950b-b-gaming-monitor,USA,제품 상세 (PDP),78
https://www.lg.com/us/monitors/lg-52g930b-b-gaming-monitor,USA,제품 상세 (PDP),78
https://www.lg.com/us/soundbars/lg-h7-w7-cinema-suite,USA,제품 상세 (PDP),84
https://www.lg.com/us/soundbars/lg-m5-p2-h7-immersive-suite-5,USA,제품 상세 (PDP),87
https://www.lg.com/us/soundbars/lg-m5-p2-h7-w7-immersive-suite-5-pro,USA,제품 상세 (PDP),87
https://www.lg.com/us/soundbars/lg-m5-p4-h7-immersive-quad-suite-5,USA,제품 상세 (PDP),87
https://www.lg.com/us/soundbars/lg-m5-p4-h7-w7-immersive-quad-suite-5-pro,USA,제품 상세 (PDP),87
https://www.lg.com/us/soundbars/lg-m7-p2-h7-immersive-suite-7,USA,제품 상세 (PDP),87
https://www.lg.com/us/soundbars/lg-m7-p2-h7-w7-immersive-suite-7-pro,USA,제품 상세 (PDP),87
https://www.lg.com/us/soundbars/lg-m7-p2-w7-stereo-suite-7-pro,USA,제품 상세 (PDP),87
https://www.lg.com/us/soundbars/lg-m7-p4-h7-immersive-quad-suite-7,USA,제품 상세 (PDP),87
https://www.lg.com/us/soundbars/lg-m7-p4-h7-w7-immersive-quad-suite-7-pro,USA,제품 상세 (PDP),87
https://www.lg.com/us/soundbars/lg-sound-suite-h7-soundbar,USA,제품 상세 (PDP),78
https://www.lg.com/us/speakers/lg-sound-suite-m5-compact-wireless-speaker,USA,제품 상세 (PDP),78
https://www.lg.com/us/speakers/lg-sound-suite-m7-premium-wireless-speaker,USA,제품 상세 (PDP),78
https://www.lg.com/us/subwoofers/lg-sound-suite-w7-wireless-subwoofer,USA,제품 상세 (PDP),81
https://www.lg.com/us/tvs/lg-100mrgb95bu-mrgb-4k-tv,USA,제품 상세 (PDP),84
https://www.lg.com/us/tvs/lg-100qned84bu-qned-4k-tv,USA,제품 상세 (PDP),84
https://www.lg.com/us/tvs/lg-115qned92bu-qned-4k-tv,USA,제품 상세 (PDP),84
https://www.lg.com/us/tvs/lg-43nu700bpuc-4k-uhd-tv,USA,제품 상세 (PDP),78
https://www.lg.com/us/tvs/lg-43qned74bua-qned-4k-tv,USA,제품 상세 (PDP),78
https://www.lg.com/us/tvs/lg-43qned75bua-qned-4k-tv,USA,제품 상세 (PDP),78
https://www.lg.com/us/tvs/lg-50nu700bpua-4k-uhd-tv,USA,제품 상세 (PDP),78
https://www.lg.com/us/tvs/lg-50qned75bua-qned-4k-tv,USA,제품 상세 (PDP),78
https://www.lg.com/us/tvs/lg-55nu700bpua-4k-uhd-tv,USA,제품 상세 (PDP),78
https://www.lg.com/us/tvs/lg-55nu850baua-4k-uhd-tv,USA,제품 상세 (PDP),75
https://www.lg.com/us/tvs/lg-55nu850bpua-4k-uhd-tv,USA,제품 상세 (PDP),78
https://www.lg.com/us/tvs/lg-55qned75bua-qned-4k-tv,USA,제품 상세 (PDP),78
https://www.lg.com/us/tvs/lg-55qned84bua-qned-4k-tv,USA,제품 상세 (PDP),78
https://www.lg.com/us/tvs/lg-65nu700bpua-4k-uhd-tv,USA,제품 상세 (PDP),78
https://www.lg.com/us/tvs/lg-65nu850baua-4k-uhd-tv,USA,제품 상세 (PDP),75
https://www.lg.com/us/tvs/lg-65nu850bpua-4k-uhd-tv,USA,제품 상세 (PDP),78
https://www.lg.com/us/tvs/lg-65qned75bua-qned-4k-tv,USA,제품 상세 (PDP),78
https://www.lg.com/us/tvs/lg-65qned84bua-qned-4k-tv,USA,제품 상세 (PDP),78
https://www.lg.com/us/tvs/lg-70nu850baud-4k-uhd-tv,USA,제품 상세 (PDP),75
https://www.lg.com/us/tvs/lg-75mrgb95bua-mrgb-4k-tv,USA,제품 상세 (PDP),78
https://www.lg.com/us/tvs/lg-75nu700bpua-4k-uhd-tv,USA,제품 상세 (PDP),78
https://www.lg.com/us/tvs/lg-75nu850bpua-4k-uhd-tv,USA,제품 상세 (PDP),78
https://www.lg.com/us/tvs/lg-75qned75baa-qned-4k-tv,USA,제품 상세 (PDP),75
https://www.lg.com/us/tvs/lg-75qned84bua-qned-4k-tv,USA,제품 상세 (PDP),78
https://www.lg.com/us/tvs/lg-85nu700bpua-4k-uhd-tv,USA,제품 상세 (PDP),78
https://www.lg.com/us/tvs/lg-85nu850bpua-4k-uhd-tv,USA,제품 상세 (PDP),78
https://www.lg.com/us/tvs/lg-85nu870baua-4k-uhd-tv,USA,제품 상세 (PDP),75
https://www.lg.com/us/tvs/lg-85qned74bua-qned-4k-tv,USA,제품 상세 (PDP),78
https://www.lg.com/us/tvs/lg-85qned75bua-qned-4k-tv,USA,제품 상세 (PDP),84
https://www.lg.com/us/tvs/lg-85qned84bua-qned-4k-tv,USA,제품 상세 (PDP),78
https://www.lg.com/us/tvs/lg-86mrgb95bua-mrgb-4k-tv,USA,제품 상세 (PDP),78
https://www.lg.com/us/tvs/lg-98nu850baub-4k-uhd-tv,USA,제품 상세 (PDP),75
https://www.lg.com/us/tvs/lg-98nu850bpub-4k-uhd-tv,USA,제품 상세 (PDP),78
https://www.lg.com/us/tvs/lg-oled83c6hup-oled-4k-tv,USA,제품 상세 (PDP),81
https://www.lg.com/us/tvs/lg-oled83g6wua-oled-4k-tv,USA,제품 상세 (PDP),81
https://www.lg.com/us/tvs/lg-oled83w6pua-oled-4k-tv,USA,제품 상세 (PDP),81
https://www.lg.com/us/tvs/lg-oled97g6wua-oled-4k-tv,USA,제품 상세 (PDP),78
https://www.lg.com/us/webos/lg-streaming-week,USA,제품 상세 (PDP),79
https://www.lg.com/us/tvs/lg-100qned85au-qned-4k-tv,USA,제품 상세 (PDP),87
https://www.lg.com/us/tvs/lg-105UC9-led-tv,USA,제품 상세 (PDP),77
https://www.lg.com/us/tvs/lg-22LB4510-led-tv,USA,제품 상세 (PDP),77
https://www.lg.com/us/tvs/lg-22LF4520-led-tv,USA,제품 상세 (PDP),77
https://www.lg.com/us/tvs/lg-22LH4530-P-led-tv,USA,제품 상세 (PDP),77
https://www.lg.com/us/tvs/lg-22LN4500-led-tv,USA,제품 상세 (PDP),77
https://www.lg.com/us/tvs/lg-22LN4510-led-tv,USA,제품 상세 (PDP),77
https://www.lg.com/us/tvs/lg-22lj4540-led-tv,USA,제품 상세 (PDP),81
https://www.lg.com/us/tvs/lg-24LB4510-led-tv,USA,제품 상세 (PDP),77
https://www.lg.com/us/tvs/lg-24LB451B-led-tv,USA,제품 상세 (PDP),77
https://www.lg.com/us/tvs/lg-24LF4520-WU-led-tv,USA,제품 상세 (PDP),77
https://www.lg.com/us/tvs/lg-24LF454B-led-tv,USA,제품 상세 (PDP),77
https://www.lg.com/us/tvs/lg-24LF4820-BU-smart-led-tv,USA,제품 상세 (PDP),77
https://www.lg.com/us/tvs/lg-24LF4820-WU-smart-led-tv,USA,제품 상세 (PDP),77
https://www.lg.com/us/tvs/lg-24LH4530-P-led-tv,USA,제품 상세 (PDP),77
https://www.lg.com/us/tvs/lg-24LH4830-PU-led-tv,USA,제품 상세 (PDP),77
https://www.lg.com/us/tvs/lg-24LJ4840-WU-led-tv,USA,제품 상세 (PDP),77
https://www.lg.com/us/tvs/lg-24LN4510-led-tv,USA,제품 상세 (PDP),77
https://www.lg.com/us/tvs/lg-24lb7000pua-hd-tv,USA,제품 상세 (PDP),81
https://www.lg.com/us/tvs/lg-24lj4540-led-tv,USA,제품 상세 (PDP),81
https://www.lg.com/us/tvs/lg-24lj4540-wu-led-tv,USA,제품 상세 (PDP),81
https://www.lg.com/us/tvs/lg-26LN4500-led-tv,USA,제품 상세 (PDP),77
https://www.lg.com/us/tvs/lg-27lb7000pua-hd-tv,USA,제품 상세 (PDP),81
https://www.lg.com/us/tvs/lg-27lx5qkna,USA,제품 상세 (PDP),81
https://www.lg.com/us/tvs/lg-28LF4520-led-tv,USA,제품 상세 (PDP),77
https://www.lg.com/us/tvs/lg-28LH4530-P-led-tv,USA,제품 상세 (PDP),77
https://www.lg.com/us/tvs/lg-28LJ400B-PU-led-tv,USA,제품 상세 (PDP),77
https://www.lg.com/us/tvs/lg-28LJ430B-PU-led-tv,USA,제품 상세 (PDP),77
https://www.lg.com/us/tvs/lg-28LJ4540-led-tv,USA,제품 상세 (PDP),81
https://www.lg.com/us/tvs/lg-28LN4500-led-tv,USA,제품 상세 (PDP),77
https://www.lg.com/us/tvs/lg-28lm400b-pu,USA,제품 상세 (PDP),77
https://www.lg.com/us/tvs/lg-29LB4505-led-tv,USA,제품 상세 (PDP),77
https://www.lg.com/us/tvs/lg-29LB4510-led-tv,USA,제품 상세 (PDP),77
https://www.lg.com/us/tvs/lg-29LN450W-led-tv,USA,제품 상세 (PDP),77
https://www.lg.com/us/tvs/lg-29LN4510-led-tv,USA,제품 상세 (PDP),77
https://www.lg.com/us/tvs/lg-32LB520B-led-tv,USA,제품 상세 (PDP),77
https://www.lg.com/us/tvs/lg-32LB5600-led-tv,USA,제품 상세 (PDP),77
https://www.lg.com/us/tvs/lg-32LB560B-led-tv,USA,제품 상세 (PDP),77
https://www.lg.com/us/tvs/lg-32LB5800-led-tv,USA,제품 상세 (PDP),77
https://www.lg.com/us/tvs/lg-32LF500B-led-tv,USA,제품 상세 (PDP),77
https://www.lg.com/us/tvs/lg-32LF5600-led-tv,USA,제품 상세 (PDP),77
https://www.lg.com/us/tvs/lg-32LF595B-smart-led-tv,USA,제품 상세 (PDP),77
https://www.lg.com/us/tvs/lg-32LH500B-led-tv,USA,제품 상세 (PDP),77
https://www.lg.com/us/tvs/lg-32LH550B-led-tv,USA,제품 상세 (PDP),77
https://www.lg.com/us/tvs/lg-32LH570B-led-tv,USA,제품 상세 (PDP),77
https://www.lg.com/us/speakers/lg-cj98-mini-shelf-stereo-system,USA,제품 상세 (PDP),77
https://www.lg.com/us/home-audio/lg-27art10akpl-xt7s-bundle,USA,제품 상세 (PDP),77
https://www.lg.com/us/party-speakers/lg-CJ88-mini-shelf-stereo-system,USA,제품 상세 (PDP),77
https://www.lg.com/us/home-theater-systems/lg-LHC5200WI,USA,제품 상세 (PDP),77
https://www.lg.com/us/speakers/lg-ck57-mini-shelf-stereo-system,USA,제품 상세 (PDP),77
https://www.lg.com/us/soundbars/lg-s30a-soundbar,USA,제품 상세 (PDP),77
https://www.lg.com/us/home-audio/lg-55uq7030-sk1,USA,제품 상세 (PDP),77
https://www.lg.com/us/party-speakers/lg-CK43-mini-shelf-stereo-system,USA,제품 상세 (PDP),77
https://www.lg.com/us/speakers/lg-ck99-mini-shelf-stereo-system,USA,제품 상세 (PDP),77
https://www.lg.com/us/soundbars/lg-s35a-soundbar,USA,제품 상세 (PDP),77
https://www.lg.com/us/home-audio/lg-55uq7030-sqc1-bundle,USA,제품 상세 (PDP),77
https://www.lg.com/us/party-speakers/lg-CM4550-mini-shelf-stereo-system,USA,제품 상세 (PDP),77
https://www.lg.com/us/soundbars/lg-s40t-soundbar,USA,제품 상세 (PDP),75
https://www.lg.com/us/speakers/lg-cl98-mini-shelf-stereo-system,USA,제품 상세 (PDP),77
https://www.lg.com/us/soundbars/lg-s40tr-home-theater-soundbar,USA,제품 상세 (PDP),81
https://www.lg.com/us/home-audio/lg-65uq7030-sqc1-bundle,USA,제품 상세 (PDP),77
https://www.lg.com/us/party-speakers/lg-FJ5-shelf-stereo-system,USA,제품 상세 (PDP),77
https://www.lg.com/us/speakers/lg-cm4590-mini-shelf-stereo-system,USA,제품 상세 (PDP),77
https://www.lg.com/us/soundbars/lg-s55tr-home-theater-soundbar,USA,제품 상세 (PDP),75
https://www.lg.com/us/home-audio/lg-BH4120S,USA,제품 상세 (PDP),77
https://www.lg.com/us/party-speakers/lg-OK55-shelf-stereo-system,USA,제품 상세 (PDP),77
https://www.lg.com/us/speakers/lg-gp9-portable-gaming-speaker,USA,제품 상세 (PDP),77
https://www.lg.com/us/soundbars/lg-s60t-soundbar,USA,제품 상세 (PDP),75
https://www.lg.com/us/home-audio/lg-BH5140S-home-theater-system,USA,제품 상세 (PDP),77
https://www.lg.com/us/party-speakers/lg-OK75-shelf-stereo-system,USA,제품 상세 (PDP),77
https://www.lg.com/us/speakers/lg-lhb675n-home-theater-system,USA,제품 상세 (PDP),77
https://www.lg.com/us/soundbars/lg-s60tr-home-theater-soundbar,USA,제품 상세 (PDP),75
https://www.lg.com/us/home-audio/lg-BH6720S-home-theater-system,USA,제품 상세 (PDP),77
https://www.lg.com/us/party-speakers/lg-lk72b-shelf-stereo-system,USA,제품 상세 (PDP),77
https://www.lg.com/us/speakers/lg-ok99-shelf-stereo-system,USA,제품 상세 (PDP),77
https://www.lg.com/us/home-audio/lg-BH6730S-home-theater-system,USA,제품 상세 (PDP),77
https://www.lg.com/us/party-speakers/lg-rl3-mini-shelf-stereo-system,USA,제품 상세 (PDP),77
https://www.lg.com/us/speakers/lg-oled65c2pua-s80qy-home-theater-package,USA,제품 상세 (PDP),77
https://www.lg.com/us/soundbars/lg-s70tr-home-theater-soundbar,USA,제품 상세 (PDP),75
https://www.lg.com/us/home-audio/lg-BH6820SW-home-theater-system,USA,제품 상세 (PDP),77
https://www.lg.com/us/speakers/lg-p2-portable-speaker,USA,제품 상세 (PDP),77
https://www.lg.com/us/soundbars/lg-s70ty-soundbar,USA,제품 상세 (PDP),78
https://www.lg.com/us/home-audio/lg-BH6830SW-home-theater-system,USA,제품 상세 (PDP),77
https://www.lg.com/us/speakers/lg-p5-portable-speaker,USA,제품 상세 (PDP),77
https://www.lg.com/us/soundbars/lg-s77s-soundbar,USA,제품 상세 (PDP),75
https://www.lg.com/us/home-audio/lg-BH9220BW-home-theater-system,USA,제품 상세 (PDP),77
https://www.lg.com/us/speakers/lg-p7-portable-speaker,USA,제품 상세 (PDP),77
https://www.lg.com/us/monitors/lg-22EA53T-P-led-monitor,USA,제품 상세 (PDP),77
https://www.lg.com/us/4k-monitors/lg-32u990a-s-32up83ak-w-reference-and-studio-collection,USA,제품 상세 (PDP),84
https://www.lg.com/us/smart-monitors/lg-27u731sa-w-32u889sa-w-versatile-smart-entertainment-collection,USA,제품 상세 (PDP),84
https://www.lg.com/us/gaming-monitors/lg-27gx700a-b-27g640a-b-ultragear-esports-performance-collection,USA,제품 상세 (PDP),81
https://www.lg.com/us/ultrawide-monitors/lg-32u990a-s-27us550-w-creative-performance-collection,USA,제품 상세 (PDP),84
https://www.lg.com/us/monitors/lg-22EA63T-P-led-monitor,USA,제품 상세 (PDP),77
https://www.lg.com/us/4k-monitors/lg-32up83ak-w-27us550-w-coding-and-productivity-collection,USA,제품 상세 (PDP),81
https://www.lg.com/us/smart-monitors/lg-34sr60qc-w-32u889sa-w-large-screen-versatile-entertainment-collection,USA,제품 상세 (PDP),84
https://www.lg.com/us/gaming-monitors/lg-39gx950b-b-27gm950b-b-ultragear-ultimate-gaming-resolution-collection,USA,제품 상세 (PDP),81
https://www.lg.com/us/ultrawide-monitors/lg-34u650a-b-27u411a-b-office-essentials-workflow-collection,USA,제품 상세 (PDP),81
https://www.lg.com/us/monitors/lg-22EN33T-led-monitor,USA,제품 상세 (PDP),77
https://www.lg.com/us/gaming-monitors/lg-39gx950b-b-32g620b-b-ultragear-gaming-and-streaming-collection,USA,제품 상세 (PDP),81
https://www.lg.com/us/ultrawide-monitors/lg-40u990a-w-27up850k-w-creative-connected-workspace-collection,USA,제품 상세 (PDP),81
https://www.lg.com/us/monitors/lg-22EN43T-B-led-monitor,USA,제품 상세 (PDP),77
https://www.lg.com/us/monitors/lg-22M33D-B-led-monitor,USA,제품 상세 (PDP),77
https://www.lg.com/us/monitors/lg-22M37D-B-led-monitor,USA,제품 상세 (PDP),77
https://www.lg.com/us/monitors/lg-22MD4KA-B-4k-uhd-led-monitor,USA,제품 상세 (PDP),77
https://www.lg.com/us/monitors/lg-22MK400H-B-led-monitor,USA,제품 상세 (PDP),77
https://www.lg.com/us/monitors/lg-22MK600M-B-led-monitor,USA,제품 상세 (PDP),77
https://www.lg.com/us/monitors/lg-22MP47HQ-P-led-monitor,USA,제품 상세 (PDP),77
https://www.lg.com/us/monitors/lg-22MP56HQ-P-led-monitor,USA,제품 상세 (PDP),77
https://www.lg.com/us/monitors/lg-22MP58VQ-P-led-monitor,USA,제품 상세 (PDP),77
https://www.lg.com/us/monitors/lg-22mk430h-b-led-monitor,USA,제품 상세 (PDP),81
https://www.lg.com/us/monitors/lg-22mn430m-b-led-monitor,USA,제품 상세 (PDP),77
https://www.lg.com/us/monitors/lg-22mp400-b-ips-monitor,USA,제품 상세 (PDP),77
https://www.lg.com/us/monitors/lg-22mp410-b-fhd-monitor,USA,제품 상세 (PDP),77
https://www.lg.com/us/monitors/lg-22mr410-b,USA,제품 상세 (PDP),77
https://www.lg.com/us/monitors/lg-23EA53V-P-led-monitor,USA,제품 상세 (PDP),77
https://www.lg.com/us/monitors/lg-23EA63V-P-led-monitor,USA,제품 상세 (PDP),77
https://www.lg.com/us/monitors/lg-23EN43T-B-led-monitor,USA,제품 상세 (PDP),77
https://www.lg.com/us/monitors/lg-23ET83V-W-led-monitor,USA,제품 상세 (PDP),77
https://www.lg.com/us/monitors/lg-23M45D-B-led-monitor,USA,제품 상세 (PDP),77
https://www.lg.com/us/monitors/lg-23M45VQ-B-led-monitor,USA,제품 상세 (PDP),77
https://www.lg.com/us/monitors/lg-23MP47HQ-P-led-monitor,USA,제품 상세 (PDP),77
https://www.lg.com/us/monitors/lg-23MP48HQ-P-led-monitor,USA,제품 상세 (PDP),77
https://www.lg.com/us/monitors/lg-24EA53V-P-led-monitor,USA,제품 상세 (PDP),77
https://www.lg.com/us/monitors/lg-24EC53V-P-led-monitor,USA,제품 상세 (PDP),77
https://www.lg.com/us/monitors/lg-24EN33TW-led-monitor,USA,제품 상세 (PDP),77
https://www.lg.com/us/monitors/lg-24EN43V-B-led-monitor,USA,제품 상세 (PDP),77
https://www.lg.com/us/monitors/lg-24GM77-B-gaming-monitor,USA,제품 상세 (PDP),78
https://www.lg.com/us/monitors/lg-24GM79G-B-gaming-monitor,USA,제품 상세 (PDP),75
https://www.lg.com/us/monitors/lg-24M35H-B-led-monitor,USA,제품 상세 (PDP),75
https://www.lg.com/us/monitors/lg-24M37H-B-led-monitor,USA,제품 상세 (PDP),78
https://www.lg.com/us/refrigerators/lg-LBC24360ST-bottom-freezer-refrigerator,USA,제품 상세 (PDP),77
https://www.lg.com/us/refrigerators/lg-LBC24360SW-bottom-freezer-refrigerator,USA,제품 상세 (PDP),77
https://www.lg.com/us/refrigerators/lg-LBN10551PS-bottom-freezer-refrigerator,USA,제품 상세 (PDP),77
https://www.lg.com/us/refrigerators/lg-LBN10551PV-bottom-freezer-refrigerator,USA,제품 상세 (PDP),77
https://www.lg.com/us/refrigerators/lg-LBN10551SW-bottom-freezer-refrigerator,USA,제품 상세 (PDP),77
https://www.lg.com/us/refrigerators/lg-LBNC10551W-bottom-freezer-refrigerator,USA,제품 상세 (PDP),81
https://www.lg.com/us/refrigerators/lg-LBNC15221V-bottom-freezer-refrigerator,USA,제품 상세 (PDP),77
https://www.lg.com/us/refrigerators/lg-LDC24370ST-bottom-freezer-refrigerator,USA,제품 상세 (PDP),81
https://www.lg.com/us/refrigerators/lg-LDC24370SW-bottom-freezer-refrigerator,USA,제품 상세 (PDP),77
https://www.lg.com/us/refrigerators/lg-LDCS22220S-bottom-freezer-refrigerator,USA,제품 상세 (PDP),77
https://www.lg.com/us/refrigerators/lg-LDCS22220W-bottom-freezer-refrigerator,USA,제품 상세 (PDP),75
https://www.lg.com/us/refrigerators/lg-LDCS24223B-bottom-freezer-refrigerator,USA,제품 상세 (PDP),75
https://www.lg.com/us/refrigerators/lg-LDCS24223S-bottom-freezer-refrigerator,USA,제품 상세 (PDP),75
https://www.lg.com/us/refrigerators/lg-LDCS24223W-bottom-freezer-refrigerator,USA,제품 상세 (PDP),78
https://www.lg.com/us/refrigerators/lg-LFC21776D-3-door-french-door-refrigerator,USA,제품 상세 (PDP),75
https://www.lg.com/us/refrigerators/lg-LFC21776ST-french-3-door-refrigerator,USA,제품 상세 (PDP),75
https://www.lg.com/us/refrigerators/lg-LFC22770SB-french-3-door-refrigerator,USA,제품 상세 (PDP),78
https://www.lg.com/us/refrigerators/lg-LFC22770SW-french-3-door-refrigerator,USA,제품 상세 (PDP),75
https://www.lg.com/us/refrigerators/lg-LFC24770SB-french-3-door-refrigerator,USA,제품 상세 (PDP),75
https://www.lg.com/us/refrigerators/lg-LFC24770ST-french-3-door-refrigerator,USA,제품 상세 (PDP),75
https://www.lg.com/us/refrigerators/lg-LFC24770SW-french-3-door-refrigerator,USA,제품 상세 (PDP),75
https://www.lg.com/us/refrigerators/lg-LFC28768SB-french-3-door-refrigerator,USA,제품 상세 (PDP),75
https://www.lg.com/us/refrigerators/lg-LFC28768ST-french-3-door-refrigerator,USA,제품 상세 (PDP),75
https://www.lg.com/us/refrigerators/lg-LFC28768SW-french-3-door-refrigerator,USA,제품 상세 (PDP),75
https://www.lg.com/us/refrigerators/lg-LFCS22520B-french-3-door-refrigerator,USA,제품 상세 (PDP),75
https://www.lg.com/us/refrigerators/lg-LFCS22520W-french-3-door-refrigerator,USA,제품 상세 (PDP),75
https://www.lg.com/us/refrigerators/lg-LFCS25426D-french-3-door-refrigerator,USA,제품 상세 (PDP),75
https://www.lg.com/us/refrigerators/lg-LFCS25426S-french-3-door-refrigerator,USA,제품 상세 (PDP),75
https://www.lg.com/us/refrigerators/lg-LFCS28768S-french-3-door-refrigerator,USA,제품 상세 (PDP),75
https://www.lg.com/us/refrigerators/lg-LFCS31626S-french-3-door-refrigerator,USA,제품 상세 (PDP),75
https://www.lg.com/us/refrigerators/lg-LFX21976ST-french-3-door-refrigerator,USA,제품 상세 (PDP),75
https://www.lg.com/us/refrigerators/lg-LFX25973ST-french-door-refrigerator,USA,제품 상세 (PDP),75
https://www.lg.com/us/refrigerators/lg-LFX25974SB-french-3-door-refrigerator,USA,제품 상세 (PDP),75
https://www.lg.com/us/refrigerators/lg-LFX25974ST-french-3-door-refrigerator,USA,제품 상세 (PDP),75
https://www.lg.com/us/refrigerators/lg-LFX25974SW-french-3-door-refrigerator,USA,제품 상세 (PDP),75
https://www.lg.com/us/refrigerators/lg-LFX28968D-french-3-door-refrigerator,USA,제품 상세 (PDP),75
https://www.lg.com/us/refrigerators/lg-LFX28968SB-french-3-door-refrigerator,USA,제품 상세 (PDP),75
https://www.lg.com/us/refrigerators/lg-LFX28968ST-french-3-door-refrigerator,USA,제품 상세 (PDP),75
https://www.lg.com/us/refrigerators/lg-LFX28968SW-french-3-door-refrigerator,USA,제품 상세 (PDP),75
https://www.lg.com/us/refrigerators/lg-LFX29927SB-french-3-door-refrigerator,USA,제품 상세 (PDP),75
https://www.lg.com/us/refrigerators/lg-LFX29927ST-french-3-door-refrigerator,USA,제품 상세 (PDP),75
https://www.lg.com/us/refrigerators/lg-LFX29927SW-french-3-door-refrigerator,USA,제품 상세 (PDP),75
https://www.lg.com/us/refrigerators/lg-LFX29937ST-french-3-door-refrigerator,USA,제품 상세 (PDP),75
https://www.lg.com/us/refrigerators/lg-LFX29945ST-french-3-door-refrigerator,USA,제품 상세 (PDP),75
https://www.lg.com/us/refrigerators/lg-LFX31915ST-french-3-door-refrigerator,USA,제품 상세 (PDP),75
https://www.lg.com/us/refrigerators/lg-LFX31925SB-french-3-door-refrigerator,USA,제품 상세 (PDP),78
https://www.lg.com/us/washers/lg-DLGX3471V-gas-dryer,USA,제품 상세 (PDP),78
https://www.lg.com/us/dishwashers/lg-LDF5678ST-front-control-dishwasher,USA,제품 상세 (PDP),77
https://www.lg.com/us/washers-dryers/lg-dle3400v-electric-dryer,USA,제품 상세 (PDP),78
https://www.lg.com/us/washer-dryer-combos/lg-WM3477HS-washer-dryer-combo,USA,제품 상세 (PDP),78
https://www.lg.com/us/washers-dryer-combos/lg-WM3455HW-washer-dryer-combo,USA,제품 상세 (PDP),75
https://www.lg.com/us/laundry-appliance-sets/lg-wm4000hba-dlex4000b-wd300cb-wdp6b,USA,제품 상세 (PDP),87
https://www.lg.com/us/washers/lg-DLGX3471W-gas-dryer,USA,제품 상세 (PDP),78
https://www.lg.com/us/dishwashers/lg-LDF7551BB-integrated-dishwasher,USA,제품 상세 (PDP),77
https://www.lg.com/us/washers-dryers/lg-dle3400w-electric-dryer,USA,제품 상세 (PDP),78
https://www.lg.com/us/washer-dryer-combos/lg-WM3477HW-washer-dryer-combo,USA,제품 상세 (PDP),78
https://www.lg.com/us/laundry-appliance-sets/lg-wm4000hba-dlgx4001b-wd300cb-wdp6b,USA,제품 상세 (PDP),84
https://www.lg.com/us/washers/lg-LUWD1CW-sidekick-pedestal-washer-lgsignature,USA,제품 상세 (PDP),75
https://www.lg.com/us/dishwashers/lg-LDF7551ST-integrated-dishwasher,USA,제품 상세 (PDP),77
https://www.lg.com/us/washers-dryers/lg-dle3420w-front-load-electric-dryer,USA,제품 상세 (PDP),81
https://www.lg.com/us/washer-dryer-combos/lg-WM3488HS-front-load-washer,USA,제품 상세 (PDP),78
https://www.lg.com/us/laundry-appliance-sets/lg-wm4000hba-dlhc4002b-wd300cb-wdp6b,USA,제품 상세 (PDP),84
https://www.lg.com/us/washers/lg-WD100CK,USA,제품 상세 (PDP),75
https://www.lg.com/us/dishwashers/lg-LDF7551WW-integrated-dishwasher,USA,제품 상세 (PDP),77
https://www.lg.com/us/washers-dryers/lg-dle3470m-electric-dryer,USA,제품 상세 (PDP),81
https://www.lg.com/us/washer-dryer-combos/lg-WM3987HW-washer-dryer-combo,USA,제품 상세 (PDP),75
https://www.lg.com/us/laundry-appliance-sets/lg-wm4000hwa-dlex4000w-wd300cw-wdp6w,USA,제품 상세 (PDP),84
https://www.lg.com/us/washers/lg-WD200CW,USA,제품 상세 (PDP),78
https://www.lg.com/us/dishwashers/lg-LDF7774BB-top-control-dishwasher,USA,제품 상세 (PDP),77
https://www.lg.com/us/washers-dryers/lg-dle3470w-electric-dryer,USA,제품 상세 (PDP),81
https://www.lg.com/us/washer-dryer-combos/lg-WM3997HWA-washer-dryer-combo,USA,제품 상세 (PDP),75
https://www.lg.com/us/laundry-appliance-sets/lg-wm4000hwa-dlgx4001w-wd300cw-wdp6w,USA,제품 상세 (PDP),84
https://www.lg.com/us/washers/lg-WM1355HW-front-load-washer,USA,제품 상세 (PDP),75
https://www.lg.com/us/dishwashers/lg-LDF7774BD-top-control-dishwasher,USA,제품 상세 (PDP),77
https://www.lg.com/us/washers-dryers/lg-dle3600v-front-load-electric-dryer,USA,제품 상세 (PDP),81
https://www.lg.com/us/laundry-appliance-sets/lg-wm4000hwa-dlhc4002w-wd300cw-wdp6w,USA,제품 상세 (PDP),81
https://www.lg.com/us/washers/lg-WM1377HW-compact-front-loader,USA,제품 상세 (PDP),78
https://www.lg.com/us/dishwashers/lg-LDF7774ST-top-control-dishwasher,USA,제품 상세 (PDP),77
https://www.lg.com/us/washers-dryers/lg-dle3600w-front-load-electric-dryer,USA,제품 상세 (PDP),81
https://www.lg.com/us/laundry-appliance-sets/lg-wm5500hva-dlex5500v-wd300cv-wdp6v,USA,제품 상세 (PDP),78
https://www.lg.com/us/washers/lg-WM2250CW-front-load-washer,USA,제품 상세 (PDP),81
https://www.lg.com/us/dishwashers/lg-LDF7774WW-top-control-dishwasher,USA,제품 상세 (PDP),77
https://www.lg.com/us/washers-dryers/lg-dle6100m-electric-dryer,USA,제품 상세 (PDP),84
https://www.lg.com/us/laundry-appliance-sets/lg-wm5500hva-dlgx5501v-wd300cv-wdp6v,USA,제품 상세 (PDP),81
https://www.lg.com/us/washers/lg-WM3050CW-front-load-washer,USA,제품 상세 (PDP),81
https://www.lg.com/us/dishwashers/lg-LDF8072ST-integrated-dishwasher,USA,제품 상세 (PDP),77
https://www.lg.com/us/washers-dryers/lg-dle6100w-electric-dryer,USA,제품 상세 (PDP),81
https://www.lg.com/us/laundry-appliance-sets/lg-wm5500hva-dlhc5502v-wd300cv-wdp6v,USA,제품 상세 (PDP),78
https://www.lg.com/us/washers/lg-WM3070HRA-turbowash-washer,USA,제품 상세 (PDP),75
https://www.lg.com/us/dishwashers/lg-LDF8764ST-top-control-dishwasher,USA,제품 상세 (PDP),77
https://www.lg.com/us/laundry-appliance-sets/lg-wm5500hwa-dlex5500w-wd300cw-wdp6w,USA,제품 상세 (PDP),81
https://www.lg.com/us/washers/lg-WM3070HWA-turbowash-washer,USA,제품 상세 (PDP),75
https://www.lg.com/us/air-conditioners/lg-L1010ER-window-air-conditioner,USA,제품 상세 (PDP),77
https://www.lg.com/us/air-conditioners/lg-LP0711WNR-portable-air-conditioner,USA,제품 상세 (PDP),77
https://www.lg.com/us/air-conditioners/lg-LP0813WNR-portable-air-conditioner,USA,제품 상세 (PDP),77
https://www.lg.com/us/air-conditioners/lg-LP0814WNR-portable-air-conditioner,USA,제품 상세 (PDP),77
https://www.lg.com/us/air-conditioners/lg-LP0815WNR-portable-air-conditioner,USA,제품 상세 (PDP),77
https://www.lg.com/us/air-conditioners/lg-LP0817WSR-portable-air-conditioner,USA,제품 상세 (PDP),77
https://www.lg.com/us/air-conditioners/lg-LP0910WNR-portable-air-conditioner,USA,제품 상세 (PDP),77
https://www.lg.com/us/air-conditioners/lg-LP1013WNR-portable-air-conditioner,USA,제품 상세 (PDP),77
https://www.lg.com/us/air-conditioners/lg-LP1014WNR-portable-air-conditioner,USA,제품 상세 (PDP),77
https://www.lg.com/us/air-conditioners/lg-LP1015WNR-portable-air-conditioner,USA,제품 상세 (PDP),77
https://www.lg.com/us/air-conditioners/lg-LP1015WSR-portable-air-conditioner,USA,제품 상세 (PDP),77
https://www.lg.com/us/air-conditioners/lg-LP1017WSR-portable-air-conditioner,USA,제품 상세 (PDP),78
https://www.lg.com/us/air-conditioners/lg-LP1111WXR-portable-air-conditioner,USA,제품 상세 (PDP),78
https://www.lg.com/us/air-conditioners/lg-LP1213GXR-portable-air-conditioner,USA,제품 상세 (PDP),78
https://www.lg.com/us/air-conditioners/lg-LP1215GXR-portable-air-conditioner,USA,제품 상세 (PDP),78
https://www.lg.com/us/air-conditioners/lg-LP1413SHR-portable-air-conditioner,USA,제품 상세 (PDP),78
https://www.lg.com/us/air-conditioners/lg-LP1414GXR-portable-air-conditioner,USA,제품 상세 (PDP),78
https://www.lg.com/us/air-conditioners/lg-LP1414SHR-portable-air-conditioner,USA,제품 상세 (PDP),78
https://www.lg.com/us/air-conditioners/lg-LP1415GXR-portable-air-conditioner,USA,제품 상세 (PDP),78
https://www.lg.com/us/air-conditioners/lg-LP1415SHR-portable-air-conditioner,USA,제품 상세 (PDP),78
https://www.lg.com/us/air-conditioners/lg-LP1415WXRSM-portable-air-conditioner,USA,제품 상세 (PDP),78
https://www.lg.com/us/air-conditioners/lg-LP1417GSR-portable-air-conditioner,USA,제품 상세 (PDP),78
https://www.lg.com/us/air-conditioners/lg-LP1417SHR-portable-air-conditioner,USA,제품 상세 (PDP),78
https://www.lg.com/us/air-conditioners/lg-LP1417WSRSM-portable-air-conditioner,USA,제품 상세 (PDP),78
https://www.lg.com/us/air-conditioners/lg-LT0813CNR-wall-air-conditioner,USA,제품 상세 (PDP),78
https://www.lg.com/us/air-conditioners/lg-LT0814CNR-wall-air-conditioner,USA,제품 상세 (PDP),78
https://www.lg.com/us/air-conditioners/lg-LT0815CER-wall-air-conditioner,USA,제품 상세 (PDP),78
https://www.lg.com/us/air-conditioners/lg-LT081CNR-wall-air-conditioner,USA,제품 상세 (PDP),78
https://www.lg.com/us/air-conditioners/lg-LT1013CNR-wall-air-conditioner,USA,제품 상세 (PDP),78
https://www.lg.com/us/air-conditioners/lg-LT1014CNR-wall-air-conditioner,USA,제품 상세 (PDP),78
https://www.lg.com/us/air-conditioners/lg-LT101CNR-wall-air-conditioner,USA,제품 상세 (PDP),78
https://www.lg.com/us/air-conditioners/lg-LT1033CNR-wall-air-conditioner,USA,제품 상세 (PDP),78
https://www.lg.com/us/air-conditioners/lg-LT1034CNR-wall-air-conditioner,USA,제품 상세 (PDP),78
https://www.lg.com/us/air-conditioners/lg-LT1034HNR-wall-air-conditioner,USA,제품 상세 (PDP),78
https://www.lg.com/us/air-conditioners/lg-LT1035CER-wall-air-conditioner,USA,제품 상세 (PDP),78
https://www.lg.com/us/air-conditioners/lg-LT1035HNR-wall-air-conditioner,USA,제품 상세 (PDP),78
https://www.lg.com/us/air-conditioners/lg-LT103CER-wall-air-conditioner,USA,제품 상세 (PDP),78
https://www.lg.com/us/air-conditioners/lg-LT103CNR-wall-air-conditioner,USA,제품 상세 (PDP),78
https://www.lg.com/us/air-conditioners/lg-LT103HNR-wall-air-conditioner,USA,제품 상세 (PDP),78
https://www.lg.com/us/air-conditioners/lg-LT1213CNR-wall-air-conditioner,USA,제품 상세 (PDP),78
https://www.lg.com/us/air-conditioners/lg-LT1214CNR-wall-air-conditioner,USA,제품 상세 (PDP),78
https://www.lg.com/us/air-conditioners/lg-LT121CNR-wall-air-conditioner,USA,제품 상세 (PDP),78
https://www.lg.com/us/air-conditioners/lg-LT1233CNR-wall-air-conditioner,USA,제품 상세 (PDP),78
https://www.lg.com/us/air-purifiers/lg-AS401VSA0,USA,제품 상세 (PDP),81
https://www.lg.com/us/air-care-solutions/lg-AS401VGA1,USA,제품 상세 (PDP),81
https://www.lg.com/us/air-purifiers/lg-AS401WWA1,USA,제품 상세 (PDP),77
https://www.lg.com/us/air-care-solutions/lg-UD701KOG1,USA,제품 상세 (PDP),77
https://www.lg.com/us/air-purifiers/lg-UD551GKG3,USA,제품 상세 (PDP),77
https://www.lg.com/us/air-purifiers/lg-am501ywm1-air-purifier,USA,제품 상세 (PDP),77
https://www.lg.com/us/air-purifiers/lg-ap151mba1-air-purifier,USA,제품 상세 (PDP),81
https://www.lg.com/us/air-purifiers/lg-ap151mwa1-air-purifier,USA,제품 상세 (PDP),81
https://www.lg.com/us/air-purifiers/lg-as330dwr0-air-purifier,USA,제품 상세 (PDP),84
https://www.lg.com/us/air-purifiers/lg-as351gw30-air-purifier,USA,제품 상세 (PDP),81
https://www.lg.com/us/air-purifiers/lg-as560dwr0-air-purifier,USA,제품 상세 (PDP),81
https://www.lg.com/us/air-purifiers/lg-as601hbb0-air-purifier,USA,제품 상세 (PDP),81
https://www.lg.com/us/air-purifiers/lg-as601hhb0-air-purifier,USA,제품 상세 (PDP),81
https://www.lg.com/us/air-purifiers/lg-as601hwa0-air-purifier,USA,제품 상세 (PDP),74
https://www.lg.com/us/air-purifiers/lg-u10cs1c-air-purifier,USA,제품 상세 (PDP),81
https://www.lg.com/us/air-purifiers/lg-u10cs1h-air-purifier,USA,제품 상세 (PDP),81
https://www.lg.com/us/air-purifiers/lg-u9cs1c-air-purifier,USA,제품 상세 (PDP),75
https://www.lg.com/us/air-purifiers/lg-u9cv1c-air-purifier,USA,제품 상세 (PDP),75
https://www.lg.com/us/air-purifiers/lg-u9cv2b-air-purifier,USA,제품 상세 (PDP),78
https://www.lg.com/us/air-purifiers/lg-ud701kog3,USA,제품 상세 (PDP),75
https://www.lg.com/us/cooking-appliances/lg-GS0713SB-countertop-microwave,USA,제품 상세 (PDP),77
https://www.lg.com/us/cooking-appliances/lg-GS0713ST-countertop-microwave,USA,제품 상세 (PDP),78
https://www.lg.com/us/cooking-appliances/lg-GS0713SW-countertop-microwave,USA,제품 상세 (PDP),78
https://www.lg.com/us/cooking-appliances/lg-LCE3081ST-radiant-cooktop,USA,제품 상세 (PDP),75
https://www.lg.com/us/cooking-appliances/lg-LCE30845-induction-cooktop,USA,제품 상세 (PDP),78
https://www.lg.com/us/cooking-appliances/lg-LCE3681ST-radiant-cooktop,USA,제품 상세 (PDP),78
https://www.lg.com/us/cooking-appliances/lg-LCG3091ST-gas-cooktop,USA,제품 상세 (PDP),78
https://www.lg.com/us/cooking-appliances/lg-LCG3691ST-gas-cooktop,USA,제품 상세 (PDP),75
https://www.lg.com/us/cooking-appliances/lg-LCRT1510SV-countertop-microwave,USA,제품 상세 (PDP),78
https://www.lg.com/us/cooking-appliances/lg-LCRT1513SB-countertop-microwave,USA,제품 상세 (PDP),78
https://www.lg.com/us/cooking-appliances/lg-LCRT1513ST-countertop-microwave,USA,제품 상세 (PDP),78
https://www.lg.com/us/cooking-appliances/lg-LCRT1513SW-countertop-microwave,USA,제품 상세 (PDP),75
https://www.lg.com/us/cooking-appliances/lg-LCRT2010BD-countertop-microwave,USA,제품 상세 (PDP),78
https://www.lg.com/us/cooking-appliances/lg-LCRT2010ST-countertop-microwave,USA,제품 상세 (PDP),81
https://www.lg.com/us/cooking-appliances/lg-LCS0712ST-countertop-microwave,USA,제품 상세 (PDP),81
https://www.lg.com/us/cooking-appliances/lg-LCS1112SB-countertop-microwave,USA,제품 상세 (PDP),78
https://www.lg.com/us/cooking-appliances/lg-LCS1112ST-countertop-microwave,USA,제품 상세 (PDP),75
https://www.lg.com/us/cooking-appliances/lg-LCS1112SW-countertop-microwave,USA,제품 상세 (PDP),75
https://www.lg.com/us/cooking-appliances/lg-LCS1410SW-countertop-microwave,USA,제품 상세 (PDP),78
https://www.lg.com/us/cooking-appliances/lg-LCS1413SB-countertop-microwave,USA,제품 상세 (PDP),75
https://www.lg.com/us/cooking-appliances/lg-LCS1413SW-countertop-microwave,USA,제품 상세 (PDP),75
https://www.lg.com/us/cooking-appliances/lg-LCSC1513ST-countertop-microwave,USA,제품 상세 (PDP),75
https://www.lg.com/us/cooking-appliances/lg-LCSP1110ST-countertop-microwave,USA,제품 상세 (PDP),81
https://www.lg.com/us/cooking-appliances/lg-LDE3011ST-electric-range,USA,제품 상세 (PDP),78
https://www.lg.com/us/cooking-appliances/lg-LDE3015SB-electric-range,USA,제품 상세 (PDP),81
https://www.lg.com/us/cooking-appliances/lg-LDE3015ST-electric-range,USA,제품 상세 (PDP),81
https://www.lg.com/us/cooking-appliances/lg-LDE3015SW-electric-range,USA,제품 상세 (PDP),81
https://www.lg.com/us/cooking-appliances/lg-LDE3017SB-electric-range,USA,제품 상세 (PDP),81
https://www.lg.com/us/cooking-appliances/lg-LDE3017ST-electric-range,USA,제품 상세 (PDP),79
https://www.lg.com/us/cooking-appliances/lg-LDE3017SW-electric-range,USA,제품 상세 (PDP),78
https://www.lg.com/us/cooking-appliances/lg-LDE3019ST-electric-range,USA,제품 상세 (PDP),78
https://www.lg.com/us/cooking-appliances/lg-LDE3031ST-electric-range,USA,제품 상세 (PDP),78
https://www.lg.com/us/cooking-appliances/lg-LDE3035SB-electric-range,USA,제품 상세 (PDP),78
https://www.lg.com/us/cooking-appliances/lg-LDE3035ST-electric-range,USA,제품 상세 (PDP),78
https://www.lg.com/us/cooking-appliances/lg-LDE3035SW-electric-range,USA,제품 상세 (PDP),78
https://www.lg.com/us/cooking-appliances/lg-LDE3037BD-electric-range,USA,제품 상세 (PDP),78
https://www.lg.com/us/cooking-appliances/lg-LDE3037SB-electric-range,USA,제품 상세 (PDP),78
https://www.lg.com/us/cooking-appliances/lg-LDE3037ST-electric-range,USA,제품 상세 (PDP),78
https://www.lg.com/us/cooking-appliances/lg-LDE3037SW-electric-range,USA,제품 상세 (PDP),78
https://www.lg.com/us/cooking-appliances/lg-LDG3011ST-gas-range,USA,제품 상세 (PDP),78
https://www.lg.com/us/cooking-appliances/lg-LDG3015SB-gas-range,USA,제품 상세 (PDP),78
https://www.lg.com/us/cooking-appliances/lg-LDG3015ST-gas-range,USA,제품 상세 (PDP),78
https://www.lg.com/us/cooking-appliances/lg-LDG3015SW-gas-range,USA,제품 상세 (PDP),78
https://www.lg.com/us/cooking-appliances/lg-LDG3016ST-gas-range,USA,제품 상세 (PDP),78
https://www.lg.com/us/cooking-appliances/lg-LDG3017ST-gas-range,USA,제품 상세 (PDP),78
https://www.lg.com/us/cooking-appliances/lg-LDG3031ST-gas-range,USA,제품 상세 (PDP),78
https://www.lg.com/us/cooking-appliances/lg-LDG3035SB-gas-range,USA,제품 상세 (PDP),78
https://www.lg.com/us/vacuum-cleaners/lg-CR3365RD,USA,제품 상세 (PDP),75
https://www.lg.com/us/vacuum-cleaners/lg-CR3465BB,USA,제품 상세 (PDP),75
https://www.lg.com/us/vacuum-cleaners/lg-CR5765GD,USA,제품 상세 (PDP),75
https://www.lg.com/us/vacuum-cleaners/lg-LcV800R-canister-vacuum,USA,제품 상세 (PDP),75
https://www.lg.com/us/vacuum-cleaners/lg-LcV900B-canister-vacuum,USA,제품 상세 (PDP),75
https://www.lg.com/us/vacuum-cleaners/lg-LrV5900-robot-vacuum,USA,제품 상세 (PDP),75
https://www.lg.com/us/vacuum-cleaners/lg-LrV590S-robot-vacuum,USA,제품 상세 (PDP),75
https://www.lg.com/us/vacuum-cleaners/lg-LrV790R-robot-vacuum,USA,제품 상세 (PDP),75
https://www.lg.com/us/vacuum-cleaners/lg-LuV200R-upright-vacuum,USA,제품 상세 (PDP),75
https://www.lg.com/us/vacuum-cleaners/lg-LuV250C-upright-vacuum,USA,제품 상세 (PDP),75
https://www.lg.com/us/vacuum-cleaners/lg-LuV300B-upright-vacuum,USA,제품 상세 (PDP),78
https://www.lg.com/us/vacuum-cleaners/lg-LuV350P-upright-vacuum,USA,제품 상세 (PDP),75
https://www.lg.com/us/vacuum-cleaners/lg-LuV400T-upright-vacuum,USA,제품 상세 (PDP),75
https://www.lg.com/us/vacuum-cleaners/lg-VR65502LV,USA,제품 상세 (PDP),75
https://www.lg.com/us/vacuum-cleaners/lg-VR65704LVM,USA,제품 상세 (PDP),75
https://www.lg.com/us/vacuum-cleaners/lg-VS84003SB-cordless-stick-vacuum,USA,제품 상세 (PDP),75
https://www.lg.com/us/vacuum-cleaners/lg-VS8417SCW-cordless-stick-vacuum,USA,제품 상세 (PDP),75
https://www.lg.com/us/vacuum-cleaners/lg-VS8600SWM-cordless-stick-vacuum,USA,제품 상세 (PDP),78
https://www.lg.com/us/vacuum-cleaners/lg-a900bm-stick-vacuum,USA,제품 상세 (PDP),75
https://www.lg.com/us/vacuum-cleaners/lg-a905rm-stick-vacuum,USA,제품 상세 (PDP),75
https://www.lg.com/us/vacuum-cleaners/lg-a907gms-stick-vacuum,USA,제품 상세 (PDP),75
https://www.lg.com/us/vacuum-cleaners/lg-a908vmr-stick-vacuum,USA,제품 상세 (PDP),75
https://www.lg.com/us/vacuum-cleaners/lg-a912pm-stick-vacuum,USA,제품 상세 (PDP),75
https://www.lg.com/us/vacuum-cleaners/lg-a913bm-stick-vacuum,USA,제품 상세 (PDP),75
https://www.lg.com/us/vacuum-cleaners/lg-a916bm-stick-vacuum,USA,제품 상세 (PDP),78
https://www.lg.com/us/vacuum-cleaners/lg-a923kgmp-stick-vacuum,USA,제품 상세 (PDP),75
https://www.lg.com/us/vacuum-cleaners/lg-a925ksm-stick-vacuum,USA,제품 상세 (PDP),75
https://www.lg.com/us/vacuum-cleaners/lg-a926ksm-refurbished-stick-vacuum,USA,제품 상세 (PDP),75
https://www.lg.com/us/vacuum-cleaners/lg-a926ksm-stick-vacuum,USA,제품 상세 (PDP),75
https://www.lg.com/us/vacuum-cleaners/lg-a927kvms-stick-vacuum,USA,제품 상세 (PDP),75
https://www.lg.com/us/vacuum-cleaners/lg-a929kvm-stick-vacuum,USA,제품 상세 (PDP),75
https://www.lg.com/us/vacuum-cleaners/lg-a931kwm-stick-vacuum,USA,제품 상세 (PDP),77
https://www.lg.com/us/vacuum-cleaners/lg-a937kgms-stick-vacuum,USA,제품 상세 (PDP),77
https://www.lg.com/us/vacuum-cleaners/lg-a938kbgs-stick-vacuum,USA,제품 상세 (PDP),78
https://www.lg.com/us/vacuum-cleaners/lg-a939kbgs-stick-vacuum,USA,제품 상세 (PDP),75
https://www.lg.com/us/vacuum-cleaners/lg-a941ktmp-stick-vacuum,USA,제품 상세 (PDP),75
https://www.lg.com/us/vacuum-cleaners/lg-a949ktms-stick-vacuum,USA,제품 상세 (PDP),77
https://www.lg.com/us/vacuum-cleaners/lg-c5323b0-stick-vacuum,USA,제품 상세 (PDP),78
https://www.lg.com/us/vacuum-cleaners/lg-c5323gw-stick-vacuum,USA,제품 상세 (PDP),78
https://www.lg.com/us/vacuum-cleaners/lg-r975gm1-robot-vacuum,USA,제품 상세 (PDP),75
https://www.lg.com/us/air-conditioners/lg-LT1234CNR-wall-air-conditioner,USA,제품 상세 (PDP),78
https://www.lg.com/us/appliance-accessories/lg-5006ea3009b-pulsator-plate-cap,USA,제품 상세 (PDP),77
https://www.lg.com/us/appliances-accessories/lg-3390w1g006b-microwave-glass-tray,USA,제품 상세 (PDP),77
https://www.lg.com/us/audio-accessories/lg-pcs35-extended-power-cable-cov31861401,USA,제품 상세 (PDP),81
https://www.lg.com/us/blu-ray-dvd-players/lg-BD611-blu-ray-player,USA,제품 상세 (PDP),77
https://www.lg.com/us/burners-drives/lg-BE08LU20-external-blu-ray-dvd-drive,USA,제품 상세 (PDP),77
https://www.lg.com/us/cell-phones/lg-M257-harmony,USA,제품 상세 (PDP),77
https://www.lg.com/us/collections/lg-studio-appliances,USA,제품 상세 (PDP),77
https://www.lg.com/us/computer-accessories/lg-4ik00001-controller,USA,제품 상세 (PDP),81
https://www.lg.com/us/cooking-appliances/lg-LDG3035ST-gas-range,USA,제품 상세 (PDP),78
https://www.lg.com/us/dishwashers/lg-LDF8874ST-top-control-dishwasher,USA,제품 상세 (PDP),77
https://www.lg.com/us/dryers/lg-DLE1001W-electric-dryer,USA,제품 상세 (PDP),81
https://www.lg.com/us/experience/lg-camping-gadgets,USA,제품 상세 (PDP),74
https://www.lg.com/us/headphones/lg-tone-fp7-black-tone-free,USA,제품 상세 (PDP),77
https://www.lg.com/us/home-appliance-accessories/lg-ADQ73353501-hepa-filter,USA,제품 상세 (PDP),77
https://www.lg.com/us/home-audio/lg-BH9230BW-home-theater-system,USA,제품 상세 (PDP),77
https://www.lg.com/us/home-video/lg-AF115-hd-projector,USA,제품 상세 (PDP),77
https://www.lg.com/us/kitchen-accessories/lg-1b71961h-microwave,USA,제품 상세 (PDP),77
https://www.lg.com/us/kitchen-appliance-packages/lg-lf24z6530s-lsel6335xe-adfd5448at,USA,제품 상세 (PDP),84
https://www.lg.com/us/kitchen-packages/lg-lf29h8330s-ldth5554s-lsel6335fe-mhec1737f,USA,제품 상세 (PDP),83
https://www.lg.com/us/laptops/lg-13Z970-AAAS5U1-ultra-slim-laptop,USA,제품 상세 (PDP),77
https://www.lg.com/us/laundry-accessories/lg-3891er2003a-dispenser,USA,제품 상세 (PDP),77
https://www.lg.com/us/laundry-appliance-sets/lg-wm5500hwa-dlgx5501w-wd300cw-wdp6w,USA,제품 상세 (PDP),81
https://www.lg.com/us/led-lights/lg-LB12D830L2WE80JSU0-led-bulb,USA,제품 상세 (PDP),77
https://www.lg.com/us/lifestyle-products/lg-27art10akpl-lifestyle-screen,USA,제품 상세 (PDP),81
https://www.lg.com/us/mobile-accessories/lg-BC-4900,USA,제품 상세 (PDP),77
https://www.lg.com/us/monitors/lg-24M38H-B-led-monitor,USA,제품 상세 (PDP),75
https://www.lg.com/us/projectors/lg-au810pb-4k-laser-projector,USA,제품 상세 (PDP),75
https://www.lg.com/us/refrigerators/lg-LFX31925ST-french-3-door-refrigerator,USA,제품 상세 (PDP),75
https://www.lg.com/us/small-business/computer-monitors/lg-24md4klb-b,USA,제품 상세 (PDP),71
https://www.lg.com/us/speakers/lg-pk5w-portable-bluetooth-speaker,USA,제품 상세 (PDP),81
https://www.lg.com/us/styler/lg-S3RERB,USA,제품 상세 (PDP),75
https://www.lg.com/us/tablets/lg-LK430-White-g-pad-f7.0,USA,제품 상세 (PDP),75
https://www.lg.com/us/soundbars/lg-s7ftrs-home-theater-soundbar,USA,제품 상세 (PDP),77
https://www.lg.com/us/soundbars/lg-s6ftr-home-theater-soundbar,USA,제품 상세 (PDP),77
https://www.lg.com/us/air-purifiers/lg-as301gw10-air-purifier,USA,제품 상세 (PDP),84
https://www.lg.com/us/air-purifiers/lg-as301gg10-air-purifier,USA,제품 상세 (PDP),84
https://www.lg.com/us/washers-dryers/lg-dle6480w-electric-dryer,USA,제품 상세 (PDP),84
https://www.lg.com/us/monitors/ultragear-buying-guide,USA,구매 가이드,70
https://www.lg.com/us/monitors/ultragear-buying-guide/refresh-rate,USA,구매 가이드,73
https://www.lg.com/us/monitors/ultragear-buying-guide/resolution,USA,구매 가이드,73
https://www.lg.com/us/monitors/ultragear-buying-guide/screen-size,USA,구매 가이드,68
https://www.lg.com/us/monitors/ultragear-buying-guide/work-and-play,USA,구매 가이드,68
https://www.lg.com/us/tvs/tv-buying-guide,USA,구매 가이드,77
https://www.lg.com/us/tvs/tv-buying-guide/ai-tv-for-smarter-viewing,USA,구매 가이드,73
https://www.lg.com/us/tvs/tv-buying-guide/art-tv-for-your-space,USA,구매 가이드,77
https://www.lg.com/us/tvs/tv-buying-guide/picture-quality-tv-guide,USA,구매 가이드,73
https://www.lg.com/us/tvs/tv-buying-guide/right-tv-size-for-my-room,USA,구매 가이드,71
https://www.lg.com/us/tvs/tv-buying-guide/tv-for-gaming,USA,구매 가이드,77
https://www.lg.com/us/tvs/tv-buying-guide/tv-for-sports-fans,USA,구매 가이드,71
https://www.lg.com/us/tvs/tv-buying-guide/tv-for-watching-movies,USA,구매 가이드,74
https://www.lg.com/us/tvs/tv-buying-guide/what-makes-a-4k-tv-a-good-choice,USA,구매 가이드,74
https://www.lg.com/us/4-door-refrigerator-buying-guide,USA,구매 가이드,71
https://www.lg.com/us/refrigerator-buying-guide,USA,구매 가이드,74
https://www.lg.com/us/experience/how-to-measure-and-read-tv-sizes,USA,LG Experience,79
https://www.lg.com/us/experience/what-is-a-smart-tv,USA,LG Experience,76
https://www.lg.com/us/experience/which-lg-tv-is-right-for-you,USA,LG Experience,79
https://www.lg.com/us/experience,USA,LG Experience,72
https://www.lg.com/us/experience/ai-productivity-best-ai-laptop,USA,LG Experience,76
https://www.lg.com/us/experience/ai-tv-for-sound-and-vision,USA,LG Experience,76
https://www.lg.com/us/experience/best-lg-laptop-for-writers,USA,LG Experience,79
https://www.lg.com/us/experience/best-lg-travel-gadgets,USA,LG Experience,79
https://www.lg.com/us/experience/changes-in-technology,USA,LG Experience,76
https://www.lg.com/us/experience/choosing-top-load-front-load-washer,USA,LG Experience,79
https://www.lg.com/us/experience/earth-day-at-home-energy-efficient-appliances,USA,LG Experience,83
https://www.lg.com/us/experience/family-movie-night-with-lg-tv,USA,LG Experience,79
https://www.lg.com/us/experience/high-end-gifts-for-him,USA,LG Experience,79
https://www.lg.com/us/experience/home-automation-smart-home,USA,LG Experience,79
https://www.lg.com/us/experience/how-to-find-the-correct-lg-refrigerator-filter-for-your-model,USA,LG Experience,79
https://www.lg.com/us/experience/how-to-pick-cordless-vacuum-cleaner,USA,LG Experience,76
https://www.lg.com/us/experience/laptop-battery-life,USA,LG Experience,79
https://www.lg.com/us/experience/laptop-cybersecurity-guide,USA,LG Experience,76
https://www.lg.com/us/experience/luxury-tech-gift-ideas-for-women,USA,LG Experience,72
https://www.lg.com/us/experience/man-cave-gaming-room,USA,LG Experience,76
https://www.lg.com/us/experience/pro-gaming-setup,USA,LG Experience,76
https://www.lg.com/us/experience/refrigerator-maintenance-tips,USA,LG Experience,76
https://www.lg.com/us/experience/small-living-room-ideas,USA,LG Experience,79
https://www.lg.com/us/experience/smart-dryer-laundry-days-wifi-control,USA,LG Experience,69
https://www.lg.com/us/experience/smart-home-automation-thinq,USA,LG Experience,76
https://www.lg.com/us/experience/smart-wash-spin-cycle,USA,LG Experience,72
https://www.lg.com/us/experience/when-to-change-lg-refrigerator-water-filter,USA,LG Experience,79
https://www.lg.com/us/experience/which-soundbar-is-right-for-you-lg,USA,LG Experience,79
https://www.lg.com/us/experience/why-lg-soundbars,USA,LG Experience,79
https://www.lg.com/us/home-electrification/what-is-induction-cooking,USA,Microsite,67
https://www.lg.com/us/residential-hvac/heat-pump/how-it-works,USA,Microsite,75
https://www.lg.com/us/residential-hvac/solutions-applications/blog,USA,Microsite,79
https://www.lg.com/us/residential-hvac/why-lg/sustainability,USA,Microsite,72
https://www.lg.com/us/top-control-dishwashers,USA,Microsite,86
https://www.lg.com/us/top-freezer-refrigerators,USA,Microsite,79
https://www.lg.com/us/top-load-washers,USA,Microsite,79
https://www.lg.com/us/4k-monitors,USA,제품 카테고리 (PLP),90
https://www.lg.com/us/8k-tvs,USA,제품 카테고리 (PLP),89
https://www.lg.com/us/audio,USA,제품 카테고리 (PLP),77
https://www.lg.com/us/collections/4k-tvs,USA,제품 카테고리 (PLP),83
https://www.lg.com/us/collections/55-inch-tvs,USA,제품 카테고리 (PLP),80
https://www.lg.com/us/collections/5k-monitors,USA,제품 카테고리 (PLP),83
https://www.lg.com/us/collections/65-inch-tvs,USA,제품 카테고리 (PLP),80
https://www.lg.com/us/collections/75-inch-tvs,USA,제품 카테고리 (PLP),77
https://www.lg.com/us/collections/83-inch-tvs,USA,제품 카테고리 (PLP),80
https://www.lg.com/us/collections/97-inch-tvs,USA,제품 카테고리 (PLP),80
https://www.lg.com/us/collections/dolby-atmos-sound-bars,USA,제품 카테고리 (PLP),80
https://www.lg.com/us/collections/hd-tvs,USA,제품 카테고리 (PLP),83
https://www.lg.com/us/collections/home-theater-soundbars,USA,제품 카테고리 (PLP),77
https://www.lg.com/us/collections/sound-suite-audio-system,USA,제품 카테고리 (PLP),80
https://www.lg.com/us/discover-smart-monitors,USA,제품 카테고리 (PLP),77
https://www.lg.com/us/discover-ultragear-evo-monitors,USA,제품 카테고리 (PLP),79
https://www.lg.com/us/fhd-monitors,USA,제품 카테고리 (PLP),82
https://www.lg.com/us/gaming-monitors,USA,제품 카테고리 (PLP),90
https://www.lg.com/us/gaming-speakers,USA,제품 카테고리 (PLP),86
https://www.lg.com/us/lgoledartweek2025,USA,제품 카테고리 (PLP),77
https://www.lg.com/us/lifestyle-monitors,USA,제품 카테고리 (PLP),83
https://www.lg.com/us/microrgb,USA,제품 카테고리 (PLP),80
https://www.lg.com/us/monitor-tvs,USA,제품 카테고리 (PLP),82
https://www.lg.com/us/monitors,USA,제품 카테고리 (PLP),86
https://www.lg.com/us/monitors/discontinued,USA,제품 카테고리 (PLP),82
https://www.lg.com/us/nanocell-tvs,USA,제품 카테고리 (PLP),90
https://www.lg.com/us/oled-evo-tvs,USA,제품 카테고리 (PLP),86
https://www.lg.com/us/oled-tvs,USA,제품 카테고리 (PLP),90
https://www.lg.com/us/qhd-monitors,USA,제품 카테고리 (PLP),86
https://www.lg.com/us/qned-evo-ai-tv,USA,제품 카테고리 (PLP),90
https://www.lg.com/us/qned-tvs,USA,제품 카테고리 (PLP),90
https://www.lg.com/us/smart-monitors,USA,제품 카테고리 (PLP),86
https://www.lg.com/us/sound-suite,USA,제품 카테고리 (PLP),80
https://www.lg.com/us/soundbar-experience,USA,제품 카테고리 (PLP),77
https://www.lg.com/us/soundbars,USA,제품 카테고리 (PLP),90
https://www.lg.com/us/speakers,USA,제품 카테고리 (PLP),86
https://www.lg.com/us/tvs,USA,제품 카테고리 (PLP),100
https://www.lg.com/us/tvs/discontinued,USA,제품 카테고리 (PLP),89
https://www.lg.com/us/uhd-4k-tvs,USA,제품 카테고리 (PLP),100
https://www.lg.com/us/ultragear-oled-gaming-monitors,USA,제품 카테고리 (PLP),93
https://www.lg.com/us/ultrawide-monitors,USA,제품 카테고리 (PLP),93
https://www.lg.com/us/webos,USA,제품 카테고리 (PLP),77
https://www.lg.com/us/wireless-bluetooth-speakers,USA,제품 카테고리 (PLP),90
https://www.lg.com/us/worlds-number-one-oled-tv,USA,제품 카테고리 (PLP),79
https://www.lg.com/us/xboom,USA,제품 카테고리 (PLP),80
https://www.lg.com/us/lg-leads-global-oled-tv-market-for-12th-consecutive-year,USA,제품 카테고리 (PLP),69
https://www.lg.com/us/front-load-washers,USA,제품 카테고리 (PLP),86
https://www.lg.com/us/refrigerators,USA,제품 카테고리 (PLP),93
https://www.lg.com/us/refrigerator-filters,USA,제품 카테고리 (PLP),89
https://www.lg.com/us/craft-ice-refrigerators,USA,제품 카테고리 (PLP),86
https://www.lg.com/us/instaview-refrigerators,USA,제품 카테고리 (PLP),86
https://www.lg.com/us/french-door-refrigerators,USA,제품 카테고리 (PLP),86
https://www.lg.com/us/wine-cellar-refrigerators,USA,제품 카테고리 (PLP),69
https://www.lg.com/us/washers,USA,제품 카테고리 (PLP),96
https://www.lg.com/us/washtowers,USA,제품 카테고리 (PLP),89
https://www.lg.com/us/dishwashers,USA,제품 카테고리 (PLP),86
https://www.lg.com/us/laundry-hoses,USA,제품 카테고리 (PLP),86
https://www.lg.com/us/washers-dryers,USA,제품 카테고리 (PLP),93
https://www.lg.com/us/discover-laundry,USA,제품 카테고리 (PLP),70
https://www.lg.com/us/air-conditioners,USA,제품 카테고리 (PLP),83
https://www.lg.com/us/wall-air-conditioners,USA,제품 카테고리 (PLP),83
https://www.lg.com/us/window-air-conditioners,USA,제품 카테고리 (PLP),86
https://www.lg.com/us/portable-air-conditioners,USA,제품 카테고리 (PLP),83
https://www.lg.com/us/air-conditioners/discontinued,USA,제품 카테고리 (PLP),82
https://www.lg.com/us/air-purifiers,USA,제품 카테고리 (PLP),83
https://www.lg.com/us/discover-puricare-air-care,USA,제품 카테고리 (PLP),79
https://www.lg.com/us/ranges,USA,제품 카테고리 (PLP),93
https://www.lg.com/us/cooktops,USA,제품 카테고리 (PLP),83
https://www.lg.com/us/gas-ranges,USA,제품 카테고리 (PLP),93
https://www.lg.com/us/wall-ovens,USA,제품 카테고리 (PLP),96
https://www.lg.com/us/range-hoods,USA,제품 카테고리 (PLP),100
https://www.lg.com/us/gas-cooktops,USA,제품 카테고리 (PLP),89
https://www.lg.com/us/stick-vacuums,USA,제품 카테고리 (PLP),93
https://www.lg.com/us/vacuum-cleaners,USA,제품 카테고리 (PLP),100
https://www.lg.com/us/discover-vacuums,USA,제품 카테고리 (PLP),73
https://www.lg.com/us/vacuum-cleaners/discontinued,USA,제품 카테고리 (PLP),89
https://www.lg.com/us/air-care-accessories,USA,제품 카테고리 (PLP),83
https://www.lg.com/us/appliance-accessories,USA,제품 카테고리 (PLP),82
https://www.lg.com/us/appreciation-program,USA,제품 카테고리 (PLP),69
https://www.lg.com/us/battery-embedded-product-chemistry-disclosure,USA,제품 카테고리 (PLP),75
https://www.lg.com/us/blu-ray-dvd-players,USA,제품 카테고리 (PLP),86
https://www.lg.com/us/bottom-freezer-refrigerators,USA,제품 카테고리 (PLP),90
https://www.lg.com/us/burners-drives,USA,제품 카테고리 (PLP),86
https://www.lg.com/us/cell-phones/discontinued,USA,제품 카테고리 (PLP),86
https://www.lg.com/us/ces,USA,제품 카테고리 (PLP),77
https://www.lg.com/us/collections/14-inch-laptops,USA,제품 카테고리 (PLP),82
https://www.lg.com/us/combination-wall-ovens,USA,제품 카테고리 (PLP),86
https://www.lg.com/us/computer-accessories,USA,제품 카테고리 (PLP),86
https://www.lg.com/us/cooking-accessories,USA,제품 카테고리 (PLP),83
https://www.lg.com/us/cooking-appliances,USA,제품 카테고리 (PLP),86
https://www.lg.com/us/cooktops-hoods,USA,제품 카테고리 (PLP),82
https://www.lg.com/us/cookware-chemical-compliance-information,USA,제품 카테고리 (PLP),71
https://www.lg.com/us/copilot-plus-thin-lightweight-pc-laptops,USA,제품 카테고리 (PLP),76
https://www.lg.com/us/counter-depth-refrigerators,USA,제품 카테고리 (PLP),89
https://www.lg.com/us/counter-top-microwave,USA,제품 카테고리 (PLP),86
https://www.lg.com/us/custom-installation,USA,제품 카테고리 (PLP),79
https://www.lg.com/us/sound-bars,USA,제품 카테고리 (PLP),90
https://www.lg.com/us/press-media/media-contacts,USA,Press & Media,71
https://www.lg.com/us/press-release,USA,Press & Media,71
https://www.lg.com/us/press-release/2023-lg-gram-lineup-offers-more-stylish-yet-powerful-user-experience,USA,Press & Media,75
https://www.lg.com/us/press-release/2025-lg-qned-evo-transforms-with-core-oled-tv-innovations-true-wireless-ai-and-hyper-personalization,USA,Press & Media,75
https://www.lg.com/us/press-release/2025-lg-wonderbox-winner-announcement-press-release,USA,Press & Media,64
https://www.lg.com/us/press-release/LG-BRINGS-SLOW-MELTING-ROUND-CRAFT-ICE-TO-FLAGSHIP-INSTAVIEW-REFRIGERATORS,USA,Press & Media,68
https://www.lg.com/us/press-release/LG-CHARGEPOINT_STRATEGIC_PARTNERSHIP,USA,Press & Media,64
https://www.lg.com/us/press-release/LG-CHARGEPOINT_STRATEGIC_PARTNERSHIP_BusinessSolutions,USA,Press & Media,64
https://www.lg.com/us/press-release/LG-INTRODUCES-FASTER-ADVANCED-CUSTOMER-SERVICE-EXPERIENCE-WITH-PROACTIVE-SUPPORT,USA,Press & Media,68
https://www.lg.com/us/press-release/LG-TVS-FIRST-TO-EXCEED-OFFICIAL-INDUSTRY-DEFINITION-FOR-8K-ULTRA-HD-TV-1,USA,Press & Media,68
https://www.lg.com/us/press-release/advanced-digital-displays-robots-and-ev-chargers-from-lg-business-solutions-spotlighted-at-ces-2024,USA,Press & Media,75
https://www.lg.com/us/press-release/advanced-new-medical-imaging-oem-offering-combines-lenovo-workstations-and-lg-monitors,USA,Press & Media,68
https://www.lg.com/us/press-release/amazon-and-lg-collaborate-on-groundbreaking-alexa-for-hospitality-integration-with-lg-hotel-tvs,USA,Press & Media,68
https://www.lg.com/us/press-release/annual-lg-tech-tober-fest-returns-to-newly-remodeled-chicago-business-innovation-center,USA,Press & Media,61
https://www.lg.com/us/press-release/apple-airplay-launches-on-lg-hotel-tvs-at-select-ihg-hotels-and-resorts,USA,Press & Media,75
https://www.lg.com/us/press-release/apple-tv-app-and-apple-tvplus-now-available-on-2019-lg-tvs-in-us-and-80-plus-other-countries,USA,Press & Media,64
https://www.lg.com/us/press-release/archive-before-2019,USA,Press & Media,64
https://www.lg.com/us/press-release/artist-david-van-eyssen-debuts-new-sound-motion-artwork-lg-oled-gallery-tvs-iconic-kimpton-la-peer-hotel,USA,Press & Media,71
https://www.lg.com/us/press-release/award-winning-lg-appliances-featured-at-kbis-2024-offer-effortless-cleaning-efficient-solutions,USA,Press & Media,75
https://www.lg.com/us/press-release/award-winning-lg-oled-tvs-kick-off-2021-at-lowest-price-ever,USA,Press & Media,79
https://www.lg.com/us/press-release/bacher-joins-lg-business-solutions-as-head-of-marketing,USA,Press & Media,75
https://www.lg.com/us/press-release/best-in-class-lg-oled-tvs-kick-off-the-2022-season-at-lowest-price-ever,USA,Press & Media,79
https://www.lg.com/us/press-release/best-price-ever-on-ultra-large-screen-lg-oled-tv-is-best-time-ever-to-upgrade,USA,Press & Media,75
https://www.lg.com/us/press-release/breathe-easy-this-holday-season-beyond-big-savings-lg-energy-star-air-purifiers,USA,Press & Media,71
https://www.lg.com/us/press-release/celebrate-independence-day-firecracker-deals-on-lg-home-appliance-and-entertainment-products,USA,Press & Media,75
https://www.lg.com/us/press-release/celebrate-independence-day-with-firecracker-deals-on-lg-home-appliance-and-entertainment-products,USA,Press & Media,75
https://www.lg.com/us/press-release/celebrate-presidents-day-with-savings-on-lg-home-appliance-and-entertainment-products,USA,Press & Media,79
https://www.lg.com/us/press-release/century-communities-selects-lg-electronics-as-national-appliance-partner,USA,Press & Media,75
https://www.lg.com/us/press-release/century-communities-selects-lg-electronics-national-appliance-partner,USA,Press & Media,75
https://www.lg.com/us/press-release/ces-2025-innovation-awards,USA,Press & Media,68
https://www.lg.com/us/press-release/ces-spectators-mesmerized-yet-again-with-lgs-spectacular-oled-wave-and-fountain-exhibitions,USA,Press & Media,64
https://www.lg.com/us/press-release/connected-edtech-solutions-from-lg-electronics-usa-define-the-future-of-learning-at-iste-live-2026,USA,Press & Media,79
https://www.lg.com/us/press-release/critically-acclaimed-lg-oled-tvs-kick-off-2020-at-lowest-price-ever,USA,Press & Media,64
https://www.lg.com/us/press-release/cure-the-end-of-summer-blues-with-mega-labor-day-lg-energy-star-appliance-deals,USA,Press & Media,64
https://www.lg.com/us/press-release/directv-expands-access-to-include-lg-smart-tvs,USA,Press & Media,71
https://www.lg.com/us/press-release/disney-plus-now-available-on-lg-cinebeam-projectors,USA,Press & Media,75
https://www.lg.com/us/press-release/dj-khaled-megan-fox-to-face-off-in-epic-live-gam-ing-battle-to-kick-off-lgs-only-on-oled-campaign,USA,Press & Media,61
https://www.lg.com/us/press-release/earth_day_e-waste_drive,USA,Press & Media,64
https://www.lg.com/us/press-release/environmental-protection-agency-honors-lg-for-responsible-electronics-recycling-leadership,USA,Press & Media,79
https://www.lg.com/us/press-release/epa-honors-lg-electronics-usa-with-toplevel-environmental-awards,USA,Press & Media,68
https://www.lg.com/us/press-release/epa-recognizes-lg-as-green-power-leader,USA,Press & Media,64
https://www.lg.com/us/press-release/espn-app-including-espn-now-available-on-lg-smart-tvs,USA,Press & Media,75
https://www.lg.com/us/press-release/exploring-anime-is-easier-than-ever-as-crunchyroll-launches-on-lg-smart-tvs-internationally-beginning-today,USA,Press & Media,71
https://www.lg.com/us/press-release/fox-sports-app-launches-on-lg-smart-tvs,USA,Press & Media,79
https://www.lg.com/us/press-release/game-on-lg-kicks-off-pre-orders-for-ultragear-evo-gx9-and-gm9-gaming-monitors,USA,Press & Media,79
https://www.lg.com/us/press-release/gaming-on-lg-premium-tvs-reaches-new-heights-with-latest-dolby-vision-update,USA,Press & Media,75
https://www.lg.com/us/press-release/goal-lg-channels-world-pup-launches-on-june-10-as-a-global-celebration-of-rescue-dogs-and-giving-back,USA,Press & Media,79
https://www.lg.com/us/press-release/got-power-67-of-us-homeowners-experienced-power-outage-in-past-year-nationwide-survey-reveals,USA,Press & Media,79
https://www.lg.com/us/press-release/hbo-max-app-launches-on-lg-smart-tvs-in-us,USA,Press & Media,75
https://www.lg.com/us/press-release/hotel-tvs-lg-channels,USA,Press & Media,61
https://www.lg.com/us/press-release/innovative-lg-one-quick-solutions-deliver-all-in-one-touch-display-wireless-collaboration-technology,USA,Press & Media,75
https://www.lg.com/us/press-release/innovative-lg-one-quick-solutions-deliver-all-in-one-touch-displays-wireless-collaboration-technology,USA,Press & Media,64
https://www.lg.com/us/press-release/k-12-education-white-paper-explores-role-of-digital-displays-in-hybrid-and-remote-learning,USA,Press & Media,75
https://www.lg.com/us/press-release/k12-education-white-paper-explores-role-of-digital-displays-in-hybrid-and-remote-learning,USA,Press & Media,79
https://www.lg.com/us/press-release/kwack-named-president-and-ceo-lg-electronics-north-america,USA,Press & Media,71
https://www.lg.com/us/press-release/laundry-lounge-powered-by-lg-college-dorm-project-launched-at-university-of-tennessee,USA,Press & Media,75
https://www.lg.com/us/press-release/leading-edge-lg-hvac-technologies-take-center-stage-at-aia-expo-2019,USA,Press & Media,68
https://www.lg.com/us/press-release/lg-2021-puricare-air-care-line-helps-users-breathe-easy-at-home-and-on-the-go,USA,Press & Media,79
https://www.lg.com/us/press-release/lg-2021-slide-in-ranges-feature-advanced-multifunctional-cooking,USA,Press & Media,79
https://www.lg.com/us/press-release/lg-2022-home-appliances-hvac-and-energy-solutions-lead-smarter-healthier-greener-building-trends,USA,Press & Media,82
https://www.lg.com/us/press-release/lg-2023-home-appliances-hvac-energy-solutions-support-healthier-greener-smarter-building-trends,USA,Press & Media,75
https://www.lg.com/us/press-release/lg-2025-oled-tvs-achieve-true-visual-experience-with-indoor-lighting-certification,USA,Press & Media,82
https://www.lg.com/us/press-release/lg-2026-ultrawide-ultrafine-business-monitors,USA,Press & Media,79
https://www.lg.com/us/press-release/lg-21-9-ultra-wide-probeam-laser-projector-maximizes-hybrid-worlplace-capabilities,USA,Press & Media,75
https://www.lg.com/us/press-release/lg-achieves-50-percent-ghg-reduction-goal-in-us,USA,Press & Media,68
https://www.lg.com/us/press-release/lg-adds-air-sous-vide-to-new-instaview-slide-in-ranges-for-complete-cooking-solution,USA,Press & Media,79
https://www.lg.com/us/press-release/lg-adds-new-benefits-to-lg-pro-channel-partner-program,USA,Press & Media,75
https://www.lg.com/us/press-release/lg-adds-truesteam-to-expanded-quadwash-dishwasher-line-for-up-to-60-less-water-spots,USA,Press & Media,79
https://www.lg.com/us/press-release/lg-adds-two-new-ultrawide-monitors-to-its-ultragear-gaming-lineup,USA,Press & Media,79
https://www.lg.com/us/press-release/lg-adds-web-os-signage-capabilities-to-new-probeam-rg-projector-series,USA,Press & Media,79
https://www.lg.com/us/press-release/lg-advanced-hvac-technologies-transform-historic-building,USA,Press & Media,68
https://www.lg.com/us/press-release/lg-air-conditioning-technologies-celebrates-record-breaking-year,USA,Press & Media,71
https://www.lg.com/us/press-release/lg-air-conditioning-technologies-joins-baker-distributing-2019-nascar-sponsorship,USA,Press & Media,68
https://www.lg.com/us/press-release/lg-and-assassins-creed-valhalla-reveal-the-ultimate-next-gen-gaming-experience-through-the-visual-stories-of-three-passionate-gamers,USA,Press & Media,79
https://www.lg.com/us/press-release/lg-and-blacknut-launch-single-game-subscription-service-on-lg-smart-tvs-in-the-us,USA,Press & Media,75
https://www.lg.com/us/press-release/lg-and-brightsign-announce-alliance-launch-integrated-digital-signage-solution,USA,Press & Media,79
https://www.lg.com/us/press-release/lg-and-broadsign-launch-revenue-generating-system-on-chip-solution-for-webos-commercial-displays,USA,Press & Media,71
https://www.lg.com/us/press-release/lg-and-buzzfeeds-tasty-announce-first-ever-cookie-subscription-box,USA,Press & Media,68
https://www.lg.com/us/press-release/lg-and-design-mindset-to-host-futures-workshop-for-educators-july-21-22-in-denver,USA,Press & Media,75
https://www.lg.com/us/press-release/lg-and-energy-star-help-consumers-make-their-energy-choices-count-this-earth-day,USA,Press & Media,75
https://www.lg.com/us/press-release/lg-and-energy-star-power-up-earth-day-savings-with-exclusive-retailer-offers-nationwide,USA,Press & Media,79
https://www.lg.com/us/press-release/lg-and-hyundai-collaborate-to-bring-home-convenience-to-electric-vehicles,USA,Press & Media,79
https://www.lg.com/us/press-release/lg-and-jeff-staple-showcase-new-lifestyle-trends-in-the-creators-room-at-ces-2023,USA,Press & Media,79
https://www.lg.com/us/press-release/lg-and-kokomo247-team-up-on-integrated-technology-solutions-for-school-safety,USA,Press & Media,75
https://www.lg.com/us/press-release/lg-and-majordomo-media-join-forces-to-cook-up-original-content-for-lg-channels,USA,Press & Media,86
https://www.lg.com/us/press-release/lg-and-marvel-assemble-with-limited-time-promotions-on-2025-lg-gram-laptops,USA,Press & Media,79
https://www.lg.com/us/press-release/lg-and-milk-bar-teamed-up-for-an-exclusive-baking-class-with-christina-tosi,USA,Press & Media,71
https://www.lg.com/us/press-release/lg-and-nicole-mclaughlin-debut-limited-edition-upcycled-apparel-and-home-goods-collection,USA,Press & Media,71
https://www.lg.com/us/press-release/lg-and-signature-kitchen-suite-take-top-honors-at-kbis-2022,USA,Press & Media,79
https://www.lg.com/us/press-release/lg-and-tasty-celebrate-national-cookie-day-with-first-ever-cookie-subscription-kit,USA,Press & Media,68
https://www.lg.com/us/press-release/lg-and-tennessee-titans-kick-off-multi-year-partnership-to-celebrate-lifes-good-in-tennessee,USA,Press & Media,71
https://www.lg.com/us/press-release/lg-and-thredup-partner-to-extend-the-life-of-clothes-marking-expansion-of-thredups-resale-as-a-service,USA,Press & Media,79
https://www.lg.com/us/press-release/lg-and-userful-to-offer-software-defined-av-over-ip-solution-for-enterprise-applications,USA,Press & Media,79
https://www.lg.com/us/press-release/lg-and-what-goes-around-comes-around-unveil-nyfw-refresh-suite-powered-by-lg-styler,USA,Press & Media,68
https://www.lg.com/us/press-release/lg-and-will-i-am-debut-xboom-buds-plus-and-buds-lite-equipped-with-the-lines-most-advanced-audio-yet,USA,Press & Media,82
https://www.lg.com/us/press-release/lg-and-xbox-partner-to-expand-cloud-gaming-experience-on-lg-smart-tvs,USA,Press & Media,71
https://www.lg.com/us/press-release/lg-announces-2019-sound-bar-pricing-and-availability,USA,Press & Media,79
https://www.lg.com/us/press-release/lg-announces-amazon-alexa-is-now-built-in-to-lg-cinebeam-ai-thinq-projector-lineup-in-us,USA,Press & Media,68
https://www.lg.com/us/press-release/lg-announces-autonomous-robot-with-disinfecting-uv-light-for-various-b2b-applications,USA,Press & Media,79
https://www.lg.com/us/press-release/lg-announces-availability-new-49-inch-curved-ultragear-monitor-limited-time-promotion,USA,Press & Media,79
https://www.lg.com/us/support/help-library/lg-refrigerator-what-to-do-if-water-or-ice-isn-t-dispensing-water-tank-model-CT10000021-20155128319394,USA,Support - 일반,78
https://www.lg.com/us/support/find-service-center/arrow-appliance-inc-40624200-S,USA,Support - 일반,74
https://www.lg.com/us/support/find-service-center/adams-electronic-service-inc-20486200,USA,Support - 일반,74
https://www.lg.com/us/support/find-service-center/avoyelles-appliance-repair-21566200,USA,Support - 일반,74
https://www.lg.com/us/support/find-service-center/archer-group-dba-washington-tv-33944200,USA,Support - 일반,74
https://www.lg.com/us/support/find-service-center/always-speedy-appliance-service-42524200-S,USA,Support - 일반,74
https://www.lg.com/us/support/find-service-center/a-m-communications-solutions-inc-37092200,USA,Support - 일반,74
https://www.lg.com/us/support/find-service-center/advanced-electronics-35635200,USA,Support - 일반,74
https://www.lg.com/us/support/find-service-center/appliance-clinic-39688200,USA,Support - 일반,74
https://www.lg.com/us/support/find-service-center/advanced-appliance-repair-service-21086200,USA,Support - 일반,74
https://www.lg.com/us/support/find-service-center/best-appliance-service-23803200-S,USA,Support - 일반,74
https://www.lg.com/us/support/find-service-center/appliance-hospital-42645200-S,USA,Support - 일반,74
https://www.lg.com/us/support/find-service-center/automated-appliance-service-l-l-c-21450200,USA,Support - 일반,74
https://www.lg.com/us/support/find-service-center/a-v-electronics-20173200,USA,Support - 일반,74
https://www.lg.com/us/support/find-service-center/betts-investments-llc-42955200-S,USA,Support - 일반,74
https://www.lg.com/us/support/find-service-center/acorn-audio-inc-d-b-a-sound-pro-20786200,USA,Support - 일반,74
https://www.lg.com/us/support/connect-bluetooth-devices-guide,USA,Support - 일반,71
https://www.lg.com/us/support/business,USA,Support - 일반,78
https://www.lg.com/us/support/business/five-star-service,USA,Support - 일반,74
https://www.lg.com/us/support/find-service-center/bayou-tv-technology-llc-22916201,USA,Support - 일반,74
https://www.lg.com/us/support/disney-plus-lg-tv,USA,Support - 일반,78
https://www.lg.com/us/support/find-service-center/appliance-center-inc-21403200,USA,Support - 일반,74
https://www.lg.com/us/support/find-service-center/audio-video-plus-39562200,USA,Support - 일반,74
https://www.lg.com/us/support/find-service-center/a-s-electronics-23261200-S,USA,Support - 일반,74
https://www.lg.com/us/support/business/request-swap-service,USA,Support - 일반,74
https://www.lg.com/us/support/find-service-center/all-better-appliance-llc-40625200-S,USA,Support - 일반,74
https://www.lg.com/us/support/find-service-center/a-1-appliance-repair-42696200-S,USA,Support - 일반,74
https://www.lg.com/us/support/find-service-center/allcity-appliance-hvac-service-llc-40471200-S,USA,Support - 일반,74
https://www.lg.com/us/support/find-service-center/best-electronics-llc-43020200-S,USA,Support - 일반,74
https://www.lg.com/us/support/find-service-center/ace-electronics-repair-42521200-S,USA,Support - 일반,74
https://www.lg.com/us/support/connect-device-to-tv-guide,USA,Support - 일반,75
https://www.lg.com/us/support/find-service-center/american-consolidated-electron-40917200-S,USA,Support - 일반,74
https://www.lg.com/us/support/find-service-center/authorized-service-42720200-S,USA,Support - 일반,74
https://www.lg.com/us/support/find-service-center/authorized-appliance-repair-co-llc-39841201,USA,Support - 일반,74
https://www.lg.com/us/support/find-service-center/atlantic-service-nc-inc-43472200-S,USA,Support - 일반,74
https://www.lg.com/us/support/find-service-center/appliance-mend-com-llc-42626200-S,USA,Support - 일반,74
https://www.lg.com/us/support/find-service-center/alamance-radio-t-v-service-inc-34047200,USA,Support - 일반,74
https://www.lg.com/us/support/find-service-center/advance-solutions-of-new-york-inc-40175200-S,USA,Support - 일반,74
https://www.lg.com/us/support/find-service-center/a1-t-v-sales-and-service-l-l-c-23601200-S,USA,Support - 일반,74
https://www.lg.com/us/support/find-service-center/action-maintenance-42569200-S,USA,Support - 일반,74
https://www.lg.com/us/support/find-service-center/abc-appliance-repair-42754200-S,USA,Support - 일반,74
https://www.lg.com/us/support/find-service-center/appliances-electronics-repair-llc-40511200-S,USA,Support - 일반,74
https://www.lg.com/us/support/find-service-center/a-a-a-stan-s-appliance-service-20017200,USA,Support - 일반,74
https://www.lg.com/us/support/help-library/lg-sound-suite-what-is-dolby-atmos-flexconnect-CT41000325-20155130443257,USA,Support - 일반,78
https://www.lg.com/us/support/find-service-center/acs-23309200-S,USA,Support - 일반,74
https://www.lg.com/us/support/find-service-center/air-tech-hawaii-inc-23134200,USA,Support - 일반,74
https://www.lg.com/us/support/find-service-center/aka-s-tv-electronics-22202200,USA,Support - 일반,74
https://www.lg.com/us/support/find-service-center/b-r-appliance-repair-llc-42765200-S,USA,Support - 일반,74
https://www.lg.com/us/support/find-service-center/advanced-service-center-21302200,USA,Support - 일반,74
https://www.lg.com/us/support/find-service-center/abco-appliance-repair-inc-22199200,USA,Support - 일반,74
https://www.lg.com/us/support/find-service-center/aaa-electronic-services-inc-40413200-S,USA,Support - 일반,74
https://www.lg.com/us/support,USA,Support - 일반,81
https://www.lg.com/us/support/find-service-center/a-r-electronics-llc-43427200-S,USA,Support - 일반,74
https://www.lg.com/us/support/contact,USA,Support - 일반,74
https://www.lg.com/us/support/find-service-center/bass-appliance-20837200,USA,Support - 일반,74
https://www.lg.com/us/support/find-service-center/absolute-repair-inc-22250200,USA,Support - 일반,74
https://www.lg.com/us/support/find-service-center/bahl-t-v-service-21763200,USA,Support - 일반,74
https://www.lg.com/us/support/find-service-center/advisory-t-v-radio-labs-l-l-c-20754200,USA,Support - 일반,74
https://www.lg.com/us/support/find-service-center/b-k-audio-video-inc-40373200-S,USA,Support - 일반,74
https://www.lg.com/us/support/find-service-center/alpha-appliance-service-inc-40132200-S,USA,Support - 일반,74
https://www.lg.com/us/support/find-service-center/a-plus-tv-and-computer-repair-40110200-S,USA,Support - 일반,74
https://www.lg.com/us/support/find-service-center/advanced-electronics-industries-inc-30084200,USA,Support - 일반,74
https://www.lg.com/us/support/find-service-center/aneboo-llc-43017200-S,USA,Support - 일반,74
https://www.lg.com/us/support/announcements-list,USA,Support - 일반,78
https://www.lg.com/us/support/find-service-center/2112-electronics-inc-22665200,USA,Support - 일반,74
https://www.lg.com/us/support/find-service-center/ace-washer-inc-30868200,USA,Support - 일반,74
https://www.lg.com/us/support/business/enhanced-service-plan,USA,Support - 일반,74
https://www.lg.com/us/support/find-service-center/a-1-appliance-repair-llc-23765200-S,USA,Support - 일반,74
https://www.lg.com/us/support/find-service-center/aar-appliance-23546200-S,USA,Support - 일반,74
https://www.lg.com/us/support/find-service-center/a-p-m-electronics-32425200,USA,Support - 일반,74
https://www.lg.com/us/support/find-service-center/all-pro-appliance-service-inc-40435200-S,USA,Support - 일반,74
https://www.lg.com/us/support/find-service-center/beach-camera-43045200-S,USA,Support - 일반,74
https://www.lg.com/us/support/find-service-center,USA,Support - 일반,70
https://www.lg.com/us/support/find-service-center/after-hours-tv-repair-40542200-S,USA,Support - 일반,74
https://www.lg.com/us/support/find-service-center/appliance-pros-23065200,USA,Support - 일반,74
https://www.lg.com/us/support/feedback,USA,Support - 일반,70
https://www.lg.com/us/support/find-service-center/allen-sons-authorized-appliance-center-20867200,USA,Support - 일반,74
https://www.lg.com/us/support/find-service-center/asap-solutions-llc-42538200-S,USA,Support - 일반,74
https://www.lg.com/us/support/email-appointment,USA,Support - 일반,74
https://www.lg.com/us/support/find-service-center/4-state-electronics-services-42820200-S,USA,Support - 일반,74
https://www.lg.com/us/support/find-service-center/appliance-prosolutions-inc-43083200-S,USA,Support - 일반,74
https://www.lg.com/us/support/find-service-center/a-go-home-appliance-repair-inc-42509200-S,USA,Support - 일반,74
https://www.lg.com/us/support/find-service-center/b-b-major-appliance-service-inc-42918200-S,USA,Support - 일반,74
https://www.lg.com/us/support/find-service-center/a-home-service-43171200-S,USA,Support - 일반,74
https://www.lg.com/us/support/find-service-center/bestway-inc-dba-bestway-rental-inc-40345200-S,USA,Support - 일반,74
https://www.lg.com/us/support/business/repair-warranty,USA,Support - 일반,78
https://www.lg.com/us/support/find-service-center/alpha-electronics-30085200,USA,Support - 일반,74
https://www.lg.com/us/support/find-service-center/adrian-s-appliance-service-23498200-S,USA,Support - 일반,74
https://www.lg.com/us/support/find-service-center/ab-hometown-services-llc-42799200-S,USA,Support - 일반,74
https://www.lg.com/us/support/find-service-center/a-j-sales-ent-inc-40571200-S,USA,Support - 일반,74
https://www.lg.com/us/support/find-service-center/advance-video-inc-40235200-S,USA,Support - 일반,74
https://www.lg.com/us/support/find-service-center/aaa-triton-plasma-services-39559200,USA,Support - 일반,74
https://www.lg.com/us/support/find-service-center/aurora-appliance-repair-inc-43451200-S,USA,Support - 일반,74
https://www.lg.com/us/support/find-service-center/all-cape-appliance-43151200-S,USA,Support - 일반,74
https://www.lg.com/us/support/find-service-center/appliance-care-service-company-20591200,USA,Support - 일반,74
https://www.lg.com/us/support/find-service-center/adam-s-electronics-inc-40187200-S,USA,Support - 일반,74
https://www.lg.com/us/support/find-service-center/alphatech-llc-42896200-S,USA,Support - 일반,74
https://www.lg.com/us/support/find-service-center/best-brands-plus-32872200,USA,Support - 일반,74
https://www.lg.com/us/support/find-service-center/appliance-doctor-43087200-S,USA,Support - 일반,74
https://www.lg.com/us/support/find-service-center/appliance-911-40912200-S,USA,Support - 일반,74
https://www.lg.com/us/support/help-library/lg-tv-how-do-i-reset-my-set-top-box-CT10000030-20153122639228,USA,Support - Troubleshoot,68
https://www.lg.com/us/support/help-library/lg-tv-how-to-connect-a-camcorder-or-camera-CT10000030-20153219091483,USA,Support - Troubleshoot,68
https://www.lg.com/us/support/help-library/lg-range-troubleshooting-buttons-not-working-properly-CT00000303-20153105420192,USA,Support - Troubleshoot,68
https://www.lg.com/us/support/help-library/lg-tv-purchasing-paid-content-CT10000030-20153218982284,USA,Support - Troubleshoot,68
https://www.lg.com/us/support/help-library/lg-tv-how-to-connect-a-usb-storage-device-to-your-tv-CT10000030-20153123667931,USA,Support - Troubleshoot,71
https://www.lg.com/us/support/help-library/lg-tv-troubleshooting-sound-out-settings-on-my-lg-tv-CT10000030-20153095965157,USA,Support - Troubleshoot,75
https://www.lg.com/us/support/help-library/lg-washer-dryer-combo-troubleshooting-poor-drying-performance-CT10000010-20153781923566,USA,Support - Troubleshoot,68
https://www.lg.com/us/support/help-library/lg-electronics-range-does-it-have-a-deodorizing-function-CT00000303-20155094141977,USA,Support - Troubleshoot,75
https://www.lg.com/us/support/help-library/what-to-check-if-your-lg-tv-has-no-sound-CT10000030-20155311239786,USA,Support - Troubleshoot,71
https://www.lg.com/us/support/help-library/lg-tv-how-to-set-the-default-input-CT10000030-20153711388714,USA,Support - Troubleshoot,75
https://www.lg.com/us/support/help-library/lg-top-load-washing-machine-why-is-no-water-supplied-to-my-washing-machine-CT10000010-20153067542295,USA,Support - Troubleshoot,68
https://www.lg.com/us/support/help-library/how-to-troubleshoot-error-codes-ch03-and-ch04-on-your-lg-ceiling-mounted-air-conditioner-CT10000014-20155396626868,USA,Support - Troubleshoot,71
https://www.lg.com/us/support/help-library/how-to-fix-the-magic-remote-pointer-not-appearing-on-your-lg-tv-CT10000030-20155394402958,USA,Support - Troubleshoot,79
https://www.lg.com/us/support/help-library/lg-tv-how-to-use-gallery-mode-webos-4-5-CT10000030-20153265980635,USA,Support - Troubleshoot,68
https://www.lg.com/us/support/help-library/if-your-lg-dishwasher-feels-hot-during-operation-CT10000009-20155416960018,USA,Support - Troubleshoot,71
https://www.lg.com/us/support/help-library/if-detergent-does-not-dispense-or-remains-in-your-lg-front-load-washer-CT10000010-20155394392174,USA,Support - Troubleshoot,71
https://www.lg.com/us/support/help-library/lg-washing-machine-why-isn-t-the-water-heating-up-during-a-wash-CT10000010-20155130213566,USA,Support - Troubleshoot,75
https://www.lg.com/us/support/help-library/lg-tv-gallery-stand-dimensions-CT10000030-20153292386216,USA,Support - Troubleshoot,75
https://www.lg.com/us/support/help-library/lg-tv-viewing-content-on-a-usb-device-CT10000030-20153192465296,USA,Support - Troubleshoot,75
https://www.lg.com/us/support/help-library/lg-cordzero-a9-why-is-the-vacuum-so-loud-CT10000013-20155092842730,USA,Support - Troubleshoot,71
https://www.lg.com/us/support/help-library/lg-gas-range-cooktop-the-display-does-not-light-up-or-the-text-appears-distorted-CT00000303-20155101684104,USA,Support - Troubleshoot,68
https://www.lg.com/us/support/help-library/lg-cordzero-a9s-2025-model-is-the-suction-getting-weaker-or-does-the-vacuum-suddenly-turn-off-while-in-use-CT10000013-20155102926255,USA,Support - Troubleshoot,68
https://www.lg.com/us/support/help-library/how-to-calibrate-your-monitor-using-lg-calibration-studio-CT32009622-20155410023763,USA,Support - Troubleshoot,71
https://www.lg.com/us/support/help-library/why-does-my-lg-air-purifier-indicator-turn-red-poor-when-i-turn-on-my-air-conditioner-CT32001601-20155297247983,USA,Support - Troubleshoot,71
https://www.lg.com/us/support/help-library/lg-robot-vacuum-r9-my-robot-vacuum-keeps-spinning-in-place-or-only-goes-backward-CT10000013-20155049070429,USA,Support - Troubleshoot,68
https://www.lg.com/us/support/help-library/lg-washing-machine-sound-mini-washer-a-fabric-softener-injection-alarm-sound-buzzer-sound-is-not-heard-during-the-rinse-cycle-CT10000010-20153067191536,USA,Support - Troubleshoot,68
https://www.lg.com/us/support/help-library/lg-tv-how-to-use-the-family-settings-feature-CT10000030-20153280792929,USA,Support - Troubleshoot,71
https://www.lg.com/us/support/help-library/lg-tv-how-to-use-the-always-ready-feature-webos-22-CT10000030-20153280995321,USA,Support - Troubleshoot,68
https://www.lg.com/us/support/help-library/how-to-adjust-the-temperature-for-lg-refrigerators-CT10000021-20155177646963,USA,Support - Troubleshoot,79
https://www.lg.com/us/support/help-library/no-sound-from-a-connected-external-device-sound-bar-bluetooth-earbuds-on-your-lg-tv-CT41000327-20155394137664,USA,Support - Troubleshoot,71
https://www.lg.com/us/support/help-library/lg-dehumidifier-why-does-the-bucket-full-light-stay-on-after-emptying-the-bucket-CT10000015-20155128297661,USA,Support - Troubleshoot,71
https://www.lg.com/us/support/help-library/how-to-install-and-delete-apps-on-your-lg-tv-CT10000030-20155331395481,USA,Support - Troubleshoot,75
https://www.lg.com/us/support/help-library/lg-tv-how-to-change-the-tv-location-setting-CT10000030-20153209410884,USA,Support - Troubleshoot,68
https://www.lg.com/us/support/help-library/how-to-stop-one-remote-from-turning-on-multiple-devices-CT10000018-20155377784949,USA,Support - Troubleshoot,71
https://www.lg.com/us/support/help-library/lg-washer-troubleshooting-clacking-noise-when-the-washing-machine-is-filling-CT10000012-20153105604295,USA,Support - Troubleshoot,68
https://www.lg.com/us/support/help-library/what-to-do-if-water-gets-into-the-outdoor-unit-CT10000014-20155198999366,USA,Support - Troubleshoot,71
https://www.lg.com/us/support/help-library/what-are-the-causes-and-solutions-for-the-e15-error-code-CT32001601-20155183800048,USA,Support - Troubleshoot,75
https://www.lg.com/us/support/help-library/lg-aerocat-tower-how-to-clean-your-aerocat-tower-CT32001601-20155130672575,USA,Support - Troubleshoot,71
https://www.lg.com/us/support/help-library/lg-tv-how-to-use-hdmi-cec-CT10000030-20153207563544,USA,Support - Troubleshoot,71
https://www.lg.com/us/support/help-library/lg-tv-how-to-agree-to-the-user-agreements-CT10000030-20155154186594,USA,Support - Troubleshoot,71
https://www.lg.com/us/support/help-library/lg-top-load-washing-machine-why-is-there-no-power-CT10000010-20153070259753,USA,Support - Troubleshoot,68
https://www.lg.com/us/support/help-library/lg-frontload-washer-sanitary-cycle-not-working-CT10000010-20153782101180,USA,Support - Troubleshoot,68
https://www.lg.com/us/support/help-library/lg-air-conditioner-remote-how-can-i-individually-control-ceiling-mounted-air-conditioners-using-the-remote-when-they-turn-on-simultaneously-CT10000014-20155102781402,USA,Support - Troubleshoot,79
https://www.lg.com/us/support/help-library/lg-top-load-washer-why-won-t-the-washer-start-after-the-initial-installation-CT00000305-20154982198274,USA,Support - Troubleshoot,75
https://www.lg.com/us/support/help-library/lg-tv-how-to-enable-the-standby-light-CT10000030-20153220996774,USA,Support - Troubleshoot,71
https://www.lg.com/us/support/help-library/lg-tv-how-to-connect-a-mobile-phone-to-your-lg-tv-via-an-usb-cable-CT10000030-20153110643228,USA,Support - Troubleshoot,68
https://www.lg.com/us/support/help-library/lg-refrigerator-troubleshooting-water-ice-related-issues-CT00023125-20155265311822,USA,Support - Troubleshoot,76
https://www.lg.com/us/support/help-library/lg-cordzero-a9s-how-do-i-install-the-charging-station-CT10000013-20155102808303,USA,Support - Troubleshoot,68
https://www.lg.com/us/support/help-library/lg-tv-how-to-use-the-always-ready-function-CT10000030-20153870949064,USA,Support - Troubleshoot,68
https://www.lg.com/us/support/help-library/lg-tv-troubleshooting-poor-picture-quality-on-my-set-top-box-CT10000030-20153110680707,USA,Support - Troubleshoot,68
https://www.lg.com/us/support/help-library/how-to-adjust-uneven-doors-on-your-lg-refrigerator-CT10000021-20155268060157,USA,Support - Troubleshoot,75
https://www.lg.com/us/support/help-library/lg-projector-error-messages-or-no-signal-appear-when-using-a-set-top-box-CT00000299-20155105898359,USA,Support - Troubleshoot,68
https://www.lg.com/us/support/help-library/how-to-sign-in-to-your-lg-account-on-your-tv-CT10000030-20155416335469,USA,Support - Troubleshoot,75
https://www.lg.com/us/support/help-library/how-do-i-factory-reset-my-lg-tv-if-it-keeps-freezing-or-showing-errors-CT10000030-20155311398606,USA,Support - Troubleshoot,71
https://www.lg.com/us/support/help-library/lg-steam-cleaner-why-does-my-new-steam-cleanr-smell-like-burning-CT00000314-20155101718871,USA,Support - Troubleshoot,68
https://www.lg.com/us/support/help-library/lg-tv-troubleshooting-poor-hdmi-performance-CT10000030-20153258865666,USA,Support - Troubleshoot,71
https://www.lg.com/us/support/help-library/lg-washer-common-noises-during-the-washer-cycle-CT10000012-20153081387824,USA,Support - Troubleshoot,68
https://www.lg.com/us/support/help-library/how-to-use-the-spin-only-cycle-on-your-lg-washer-CT10000012-20155394196264,USA,Support - Troubleshoot,71
https://www.lg.com/us/support/help-library/lg-tv-how-to-login-to-the-home-dashboard-CT10000030-20153207266501,USA,Support - Troubleshoot,71
https://www.lg.com/us/support/help-library/lg-pc-how-to-set-your-web-browser-s-start-page-CT30017683-20155097516488,USA,Support - Troubleshoot,71
https://www.lg.com/us/support/help-library/lg-top-load-washing-machine-why-did-my-washing-machine-stop-without-completing-washing-CT10000010-20153066393546,USA,Support - Troubleshoot,68
https://www.lg.com/us/support/help-library/troubleshooting-an-lg-refrigerator-not-cooling-properly-CT10000021-20155295246336,USA,Support - Troubleshoot,79
https://www.lg.com/us/support/help-library/lg-tv-how-to-fix-apps-that-keep-freezing-crashing-or-won-t-load-CT10000030-20154996607566,USA,Support - Troubleshoot,75
https://www.lg.com/us/support/help-library/lg-top-load-washing-machine-a-noise-is-heard-during-water-supply-CT10000010-20153070278164,USA,Support - Troubleshoot,71
https://www.lg.com/us/support/help-library/lg-dryer-common-noises-during-the-dry-cycle-CT10000012-20153081341056,USA,Support - Troubleshoot,68
https://www.lg.com/us/support/help-library/should-i-remove-the-protective-film-from-my-lg-monitor-CT32009622-20155143214666,USA,Support - Troubleshoot,75
https://www.lg.com/us/support/help-library/lg-tv-how-to-perform-a-picture-test-CT10000018-20153275651659,USA,Support - Troubleshoot,71
https://www.lg.com/us/support/help-library/troubleshooting-clean-booster-rotation-issues-on-the-lg-puricare-360-air-purifier-CT32001601-20155304383199,USA,Support - Troubleshoot,71
https://www.lg.com/us/support/help-library/lg-cordzero-t9-why-are-there-marks-on-the-product-exterior-CT00000314-20155101717377,USA,Support - Troubleshoot,71
https://www.lg.com/us/support/help-library/lg-dios-dishwasher-power-turns-off-minutes-after-operation-begins-CT10000009-20155379438411,USA,Support - Troubleshoot,68
https://www.lg.com/us/support/help-library/lg-cordzero-a9-turbo-mode-isn-t-working-CT10000013-20155102788910,USA,Support - Troubleshoot,68
https://www.lg.com/us/support/help-library/lg-washing-machine-whys-is-water-not-draining-from-my-washer-CT10000010-20153067403293,USA,Support - Troubleshoot,68
https://www.lg.com/us/support/help-library/lg-top-loader-pre-purchase-installation-checklist-CT00000305-20155028326674,USA,Support - Troubleshoot,71
https://www.lg.com/us/support/help-library/lg-refrigerator-what-to-do-if-water-or-ice-isn-t-dispensing-water-tank-model-CT10000021-20155380008838,USA,Support - Troubleshoot,71
https://www.lg.com/us/support/help-library/lg-tv-how-do-i-enable-dolby-atmos-CT10000018-20155021166096,USA,Support - Troubleshoot,68
https://www.lg.com/us/support/help-library/lg-tv-how-to-perform-a-speed-test-using-netflix-or-youtube-CT10000030-20153298200728,USA,Support - Troubleshoot,71
https://www.lg.com/us/support/help-library/how-to-set-the-startup-screen-on-your-lg-tv-CT10000030-20155412183664,USA,Support - Troubleshoot,75
https://www.lg.com/us/support/help-library/can-i-move-my-lg-refrigerator-on-its-side-how-to-move-and-install-it-safely-CT10000021-20155255782623,USA,Support - Troubleshoot,71
https://www.lg.com/us/support/help-library/lg-top-load-washing-machine-why-is-an-ae-le-or-le1-error-code-being-displayed-and-the-tub-is-not-spinning-CT10000010-20153066333852,USA,Support - Troubleshoot,71
https://www.lg.com/us/support/help-library/lg-cordzero-a9-vacuum-cleaner-won-t-power-on-CT10000013-20154629827605,USA,Support - Troubleshoot,68
https://www.lg.com/us/support/help-library/lg-tv-no-signal-appears-on-screen-CT10000030-20153706733872,USA,Support - Troubleshoot,68
https://www.lg.com/us/support/help-library/lg-tv-how-to-use-the-web-browser-CT10000030-20153257222107,USA,Support - Troubleshoot,68
https://www.lg.com/us/support/help-library/lg-front-load-washer-how-do-i-run-a-test-cycle-after-installation-CT10000010-20155004249322,USA,Support - Troubleshoot,75
https://www.lg.com/us/support/help-library/lg-tv-troubleshooting-no-audio-after-changing-tv-channel-input-CT10000030-20153143555178,USA,Support - Troubleshoot,68
https://www.lg.com/us/support/help-library/lg-tv-how-to-identify-my-tv-s-model-information-CT10000030-20153110698602,USA,Support - Troubleshoot,71
https://www.lg.com/us/support/help-library/tv-channels-are-missing-how-do-i-run-auto-tuning-CT10000030-20155311291362,USA,Support - Troubleshoot,71
https://www.lg.com/us/support/help-library/lg-tv-how-to-change-sound-output-webos-24-CT10000030-20154017897602,USA,Support - Troubleshoot,71
https://www.lg.com/us/support/help-library/lg-cordzero-a9-the-product-is-very-noisy-improper-assembly-CT10000013-20155102806104,USA,Support - Troubleshoot,68
https://www.lg.com/us/support/help-library/lg-smart-tv-monitor-how-do-i-watch-lg-channels-CT32003207-20155053097874,USA,Support - Troubleshoot,79
https://www.lg.com/us/support/help-library/lg-tv-how-to-access-4k-content-from-an-external-device-CT10000030-20153122595631,USA,Support - Troubleshoot,68
https://www.lg.com/us/support/help-library/lg-dryer-lint-on-the-door-gasket-CT10000011-20155101726608,USA,Support - Troubleshoot,71
https://www.lg.com/us/support/help-library/lg-front-load-washing-machine-i-want-to-add-more-rinse-cycles-CT10000010-20155251414314,USA,Support - Troubleshoot,68
https://www.lg.com/us/support/help-library/lg-frontload-washer-troubleshooting-a-ts-t5-error-code-CT10000010-20153781902860,USA,Support - Troubleshoot,68
https://www.lg.com/us/support/help-library/lg-tv-connecting-a-mobile-phone-via-ptp-CT10000030-20153217406509,USA,Support - Troubleshoot,68
https://www.lg.com/us/support/help-library/how-to-set-up-a-game-controller-for-webos-gaming-CT10000030-20152528678452,USA,Support - Troubleshoot,68
https://www.lg.com/us/support/help-library/lg-range-wide-zone-induction-is-not-heating-properly-CT00000303-20153104401321,USA,Support - Troubleshoot,68
https://www.lg.com/us/support/help-library/lg-microwave-how-to-install-the-glass-plate-CT00000303-20153229143422,USA,Support - Troubleshoot,68
https://www.lg.com/us/support/help-library/how-to-troubleshoot-error-codes-ch10-ch67-e6-and-ef-on-your-lg-air-conditioner-CT10000014-20155396792105,USA,Support - Troubleshoot,71
https://www.lg.com/us/support/help-library/lg-tv-how-do-i-watch-lg-channels-CT10000018-20155049524788,USA,Support - Troubleshoot,79
https://www.lg.com/us/support/help-library/lg-tv-how-to-perform-a-sound-test-CT10000030-20153257287031,USA,Support - Troubleshoot,71
https://www.lg.com/vn/tvs/2022/alpha9/,Vietnam,제품 상세 (PDP),75
https://www.lg.com/vn/qned-tvs/2022/alpha7/,Vietnam,제품 상세 (PDP),75
https://www.lg.com/vn/ti-vi-oled/2021/a7-ai-processor/,Vietnam,제품 상세 (PDP),77
https://www.lg.com/vn/tvs-soundbars/2024/,Vietnam,제품 상세 (PDP),65
https://www.lg.com/vn/tv-va-loa-thanh/19ld330/,Vietnam,제품 상세 (PDP),87
https://www.lg.com/vn/thiet-bi-nghe-nhin/loa-thanh/snh5/,Vietnam,제품 상세 (PDP),84
https://www.lg.com/vn/tvs/alpha7-2019/,Vietnam,제품 상세 (PDP),77
https://www.lg.com/vn/ti-vi-oled/2021/a9-ai-processor/,Vietnam,제품 상세 (PDP),72
https://www.lg.com/vn/tv-va-loa-thanh/19lh20r/,Vietnam,제품 상세 (PDP),87
https://www.lg.com/vn/thiet-bi-nghe-nhin/nano-cell/43nano76sqa/,Vietnam,제품 상세 (PDP),84
https://www.lg.com/vn/tvs/alpha9-2019/,Vietnam,제품 상세 (PDP),77
https://www.lg.com/vn/tv-va-loa-thanh/21fc2rg/,Vietnam,제품 상세 (PDP),87
https://www.lg.com/vn/thiet-bi-nghe-nhin/nano-cell/43nano77tpa/,Vietnam,제품 상세 (PDP),84
https://www.lg.com/vn/tvs/alpha9-8k-2020/,Vietnam,제품 상세 (PDP),77
https://www.lg.com/vn/tv-va-loa-thanh/21fd1rb/,Vietnam,제품 상세 (PDP),87
https://www.lg.com/vn/thiet-bi-nghe-nhin/nano-cell/50nano76sqa/,Vietnam,제품 상세 (PDP),84
https://www.lg.com/vn/tv-va-loa-thanh/21fd3ab/,Vietnam,제품 상세 (PDP),87
https://www.lg.com/vn/thiet-bi-nghe-nhin/nano-cell/50nano80sqa/,Vietnam,제품 상세 (PDP),84
https://www.lg.com/vn/tv-va-loa-thanh/21fd3rb/,Vietnam,제품 상세 (PDP),87
https://www.lg.com/vn/thiet-bi-nghe-nhin/nano-cell/55nano76sqa/,Vietnam,제품 상세 (PDP),84
https://www.lg.com/vn/tv-va-loa-thanh/21fs4rg/,Vietnam,제품 상세 (PDP),87
https://www.lg.com/vn/thiet-bi-nghe-nhin/nano-cell/55nano77tpa/,Vietnam,제품 상세 (PDP),84
https://www.lg.com/vn/tv-va-loa-thanh/21fs4rl/,Vietnam,제품 상세 (PDP),87
https://www.lg.com/vn/thiet-bi-nghe-nhin/nano-cell/65nano76sqa/,Vietnam,제품 상세 (PDP),84
https://www.lg.com/vn/tv-va-loa-thanh/21fs6rg/,Vietnam,제품 상세 (PDP),87
https://www.lg.com/vn/thiet-bi-nghe-nhin/nano-cell/65nano77tpa/,Vietnam,제품 상세 (PDP),84
https://www.lg.com/vn/tv-va-loa-thanh/21fs6rl/,Vietnam,제품 상세 (PDP),87
https://www.lg.com/vn/tv-va-loa-thanh/21fs9rg/,Vietnam,제품 상세 (PDP),82
https://www.lg.com/vn/thiet-bi-nghe-nhin/oled/oled48a2psa/,Vietnam,제품 상세 (PDP),81
https://www.lg.com/vn/tv-va-loa-thanh/21fu1rg/,Vietnam,제품 상세 (PDP),87
https://www.lg.com/vn/thiet-bi-nghe-nhin/oled/oled48c3psa/,Vietnam,제품 상세 (PDP),81
https://www.lg.com/vn/tv-va-loa-thanh/21fu6rg/,Vietnam,제품 상세 (PDP),87
https://www.lg.com/vn/thiet-bi-nghe-nhin/oled/oled55a2-sp9a/,Vietnam,제품 상세 (PDP),81
https://www.lg.com/vn/tv-va-loa-thanh/21fu6rl/,Vietnam,제품 상세 (PDP),87
https://www.lg.com/vn/thiet-bi-nghe-nhin/oled/oled55a2psa/,Vietnam,제품 상세 (PDP),81
https://www.lg.com/vn/tv-va-loa-thanh/22ld310/,Vietnam,제품 상세 (PDP),87
https://www.lg.com/vn/thiet-bi-nghe-nhin/oled/oled55c2-sp9a/,Vietnam,제품 상세 (PDP),81
https://www.lg.com/vn/tv-va-loa-thanh/22ld330/,Vietnam,제품 상세 (PDP),87
https://www.lg.com/vn/dan-am-thanh/cm9730/,Vietnam,제품 상세 (PDP),87
https://www.lg.com/vn/dan-am-thanh/dan-am-thanh/ol45/,Vietnam,제품 상세 (PDP),84
https://www.lg.com/vn/dan-am-thanh/dau-blu-ray-dvd/sp8a/,Vietnam,제품 상세 (PDP),84
https://www.lg.com/vn/dan-am-thanh/fb164/,Vietnam,제품 상세 (PDP),87
https://www.lg.com/vn/dan-am-thanh/hi-fi-system/rn5/,Vietnam,제품 상세 (PDP),87
https://www.lg.com/vn/dan-am-thanh/loa-bluetooth/bounce/,Vietnam,제품 상세 (PDP),83
https://www.lg.com/vn/dan-am-thanh/loa-bluetooth/grab/,Vietnam,제품 상세 (PDP),82
https://www.lg.com/vn/dan-am-thanh/loa-bluetooth/pl5/,Vietnam,제품 상세 (PDP),87
https://www.lg.com/vn/dan-am-thanh/loa-bluetooth/pl5w/,Vietnam,제품 상세 (PDP),87
https://www.lg.com/vn/dan-am-thanh/loa-bluetooth/pl7/,Vietnam,제품 상세 (PDP),87
https://www.lg.com/vn/dan-am-thanh/loa-bluetooth/pl7w/,Vietnam,제품 상세 (PDP),87
https://www.lg.com/vn/dan-am-thanh/loa-bluetooth/stage301/,Vietnam,제품 상세 (PDP),84
https://www.lg.com/vn/dan-am-thanh/loa-bluetooth/stage501/,Vietnam,제품 상세 (PDP),84
https://www.lg.com/vn/dan-am-thanh/loa-bluetooth/xg5qbk/,Vietnam,제품 상세 (PDP),87
https://www.lg.com/vn/dan-am-thanh/loa-bluetooth/xg5qgr/,Vietnam,제품 상세 (PDP),87
https://www.lg.com/vn/dan-am-thanh/loa-bluetooth/xg7qbk/,Vietnam,제품 상세 (PDP),87
https://www.lg.com/vn/dan-am-thanh/loa-bluetooth/xg7qgr/,Vietnam,제품 상세 (PDP),87
https://www.lg.com/vn/dan-am-thanh/loa-di-dong/xg2tbk/,Vietnam,제품 상세 (PDP),84
https://www.lg.com/vn/dan-am-thanh/loa-di-dong/xg5qgr/,Vietnam,제품 상세 (PDP),87
https://www.lg.com/vn/dan-am-thanh/loa-di-dong/xg7qgr/,Vietnam,제품 상세 (PDP),87
https://www.lg.com/vn/dan-am-thanh/loa-di-dong/xo2tbk/,Vietnam,제품 상세 (PDP),87
https://www.lg.com/vn/dan-am-thanh/loa-thanh-home-theater/s95ar/,Vietnam,제품 상세 (PDP),81
https://www.lg.com/vn/dan-am-thanh/loa-thanh/as65gdwh0/,Vietnam,제품 상세 (PDP),81
https://www.lg.com/vn/dan-am-thanh/loa-thanh/s20a/,Vietnam,제품 상세 (PDP),84
https://www.lg.com/vn/dan-am-thanh/loa-thanh/s30a/,Vietnam,제품 상세 (PDP),87
https://www.lg.com/vn/dan-am-thanh/loa-thanh/s40t/,Vietnam,제품 상세 (PDP),84
https://www.lg.com/vn/dan-am-thanh/loa-thanh/s60t/,Vietnam,제품 상세 (PDP),84
https://www.lg.com/vn/dan-am-thanh/loa-thanh/s60tr/,Vietnam,제품 상세 (PDP),87
https://www.lg.com/vn/dan-am-thanh/loa-thanh/s65tr/,Vietnam,제품 상세 (PDP),87
https://www.lg.com/vn/dan-am-thanh/loa-thanh/s70ty/,Vietnam,제품 상세 (PDP),84
https://www.lg.com/vn/dan-am-thanh/loa-thanh/s75q/,Vietnam,제품 상세 (PDP),81
https://www.lg.com/vn/dan-am-thanh/loa-thanh/sc9s/,Vietnam,제품 상세 (PDP),79
https://www.lg.com/vn/dan-am-thanh/loa-thanh/sg10ty/,Vietnam,제품 상세 (PDP),84
https://www.lg.com/vn/dan-am-thanh/loa-thanh/sh7q/,Vietnam,제품 상세 (PDP),81
https://www.lg.com/vn/dan-am-thanh/loa-thanh/sn4/,Vietnam,제품 상세 (PDP),87
https://www.lg.com/vn/dan-am-thanh/loa-thanh/sn5r/,Vietnam,제품 상세 (PDP),87
https://www.lg.com/vn/dan-am-thanh/loa-thanh/snh5/,Vietnam,제품 상세 (PDP),84
https://www.lg.com/vn/dan-am-thanh/loa-thanh/sp2/,Vietnam,제품 상세 (PDP),84
https://www.lg.com/vn/dan-am-thanh/loa-thanh/sp8a/,Vietnam,제품 상세 (PDP),84
https://www.lg.com/vn/dan-am-thanh/loa-thanh/sp9a/,Vietnam,제품 상세 (PDP),84
https://www.lg.com/vn/dan-am-thanh/party-speakers/pl5/,Vietnam,제품 상세 (PDP),84
https://www.lg.com/vn/dan-am-thanh/party-speakers/pl5w/,Vietnam,제품 상세 (PDP),84
https://www.lg.com/vn/dan-am-thanh/party-speakers/pl7/,Vietnam,제품 상세 (PDP),84
https://www.lg.com/vn/dan-am-thanh/party-speakers/pl7w/,Vietnam,제품 상세 (PDP),84
https://www.lg.com/vn/dan-am-thanh/party-speakers/xl7s/,Vietnam,제품 상세 (PDP),81
https://www.lg.com/vn/dan-am-thanh/xboom-bluetooth-speakers/xboom-mini/,Vietnam,제품 상세 (PDP),83
https://www.lg.com/vn/dan-am-thanh/xboom/buds/,Vietnam,제품 상세 (PDP),86
https://www.lg.com/vn/dan-am-thanh/xboom/ol45/,Vietnam,제품 상세 (PDP),87
https://www.lg.com/vn/dan-am-thanh/xboom/rn5/,Vietnam,제품 상세 (PDP),87
https://www.lg.com/vn/man-hinh-may-tinh/17hk700g-wp/,Vietnam,제품 상세 (PDP),87
https://www.lg.com/vn/man-hinh-phong-cach/bo-suu-tap-objet-pose/55lx1qpsa/,Vietnam,제품 상세 (PDP),84
https://www.lg.com/vn/man-hinh-may-tinh/20mp38a-b/,Vietnam,제품 상세 (PDP),84
https://www.lg.com/vn/man-hinh-phong-cach/bo-suu-tap-objet-pose/55lx1tpsa/,Vietnam,제품 상세 (PDP),85
https://www.lg.com/vn/man-hinh-may-tinh/24m49vq/,Vietnam,제품 상세 (PDP),87
https://www.lg.com/vn/man-hinh-phong-cach/object-collection-pose/55lx1qpsa/,Vietnam,제품 상세 (PDP),81
https://www.lg.com/vn/man-hinh-may-tinh/27hj713c-b/,Vietnam,제품 상세 (PDP),87
https://www.lg.com/vn/man-hinh-phong-cach/stanbyme-go/27lx5qkna/,Vietnam,제품 상세 (PDP),84
https://www.lg.com/vn/man-hinh-may-tinh/choi-game/24gn60r-b/,Vietnam,제품 상세 (PDP),84
https://www.lg.com/vn/man-hinh-phong-cach/stanbyme/27art10akpl/,Vietnam,제품 상세 (PDP),84
https://www.lg.com/vn/man-hinh-may-tinh/choi-game/24gn65r-b/,Vietnam,제품 상세 (PDP),84
https://www.lg.com/vn/man-hinh-phong-cach/stanbyme/27art10ckpl/,Vietnam,제품 상세 (PDP),85
https://www.lg.com/vn/man-hinh-may-tinh/choi-game/24gq50f-b/,Vietnam,제품 상세 (PDP),84
https://www.lg.com/vn/man-hinh-phong-cach/stanbyme/27artas10w-atv/,Vietnam,제품 상세 (PDP),84
https://www.lg.com/vn/man-hinh-may-tinh/choi-game/27gn60r-b/,Vietnam,제품 상세 (PDP),84
https://www.lg.com/vn/man-hinh-phong-cach/stanbyme/27lx6tdga/,Vietnam,제품 상세 (PDP),84
https://www.lg.com/vn/man-hinh-may-tinh/choi-game/27gn800-b/,Vietnam,제품 상세 (PDP),84
https://www.lg.com/vn/man-hinh-phong-cach/stanbyme/32lx6bdga/,Vietnam,제품 상세 (PDP),84
https://www.lg.com/vn/man-hinh-may-tinh/choi-game/27gp850-b/,Vietnam,제품 상세 (PDP),84
https://www.lg.com/vn/man-hinh-may-tinh/choi-game/27gp95r-b/,Vietnam,제품 상세 (PDP),84
https://www.lg.com/vn/man-hinh-may-tinh/choi-game/27gq50f-b/,Vietnam,제품 상세 (PDP),84
https://www.lg.com/vn/man-hinh-may-tinh/choi-game/27gr95qe-b/,Vietnam,제품 상세 (PDP),81
https://www.lg.com/vn/man-hinh-may-tinh/choi-game/32gn600-b/,Vietnam,제품 상세 (PDP),84
https://www.lg.com/vn/man-hinh-may-tinh/choi-game/45gr95qe-b/,Vietnam,제품 상세 (PDP),84
https://www.lg.com/vn/man-hinh-may-tinh/choi-game/48gq900-b/,Vietnam,제품 상세 (PDP),84
https://www.lg.com/vn/man-hinh-may-tinh/fhd-qhd/22mn430m-b/,Vietnam,제품 상세 (PDP),84
https://www.lg.com/vn/man-hinh-may-tinh/fhd-qhd/24mp400-b/,Vietnam,제품 상세 (PDP),87
https://www.lg.com/vn/man-hinh-may-tinh/l1742s-pf/,Vietnam,제품 상세 (PDP),87
https://www.lg.com/vn/man-hinh-may-tinh/l1942s-pf/,Vietnam,제품 상세 (PDP),87
https://www.lg.com/vn/man-hinh-may-tinh/l1942t-pf/,Vietnam,제품 상세 (PDP),87
https://www.lg.com/vn/man-hinh-may-tinh/m197wa-pt/,Vietnam,제품 상세 (PDP),87
https://www.lg.com/vn/man-hinh-may-tinh/m227wa-pt/,Vietnam,제품 상세 (PDP),87
https://www.lg.com/vn/man-hinh-may-tinh/man-hinh-da-nhiem-ultrawide/26wq500-b/,Vietnam,제품 상세 (PDP),87
https://www.lg.com/vn/man-hinh-may-tinh/man-hinh-da-nhiem-ultrawide/27gn65r-b/,Vietnam,제품 상세 (PDP),84
https://www.lg.com/vn/man-hinh-may-tinh/man-hinh-da-nhiem-ultrawide/29u511a-b/,Vietnam,제품 상세 (PDP),84
https://www.lg.com/vn/man-hinh-may-tinh/man-hinh-da-nhiem-ultrawide/29u531a-w/,Vietnam,제품 상세 (PDP),84
https://www.lg.com/vn/man-hinh-may-tinh/man-hinh-da-nhiem-ultrawide/29um69g-b/,Vietnam,제품 상세 (PDP),87
https://www.lg.com/vn/man-hinh-may-tinh/man-hinh-da-nhiem-ultrawide/29wn-24qp/,Vietnam,제품 상세 (PDP),87
https://www.lg.com/vn/man-hinh-may-tinh/man-hinh-da-nhiem-ultrawide/29wn600-w/,Vietnam,제품 상세 (PDP),87
https://www.lg.com/vn/man-hinh-may-tinh/man-hinh-da-nhiem-ultrawide/29wp500-b/,Vietnam,제품 상세 (PDP),87
https://www.lg.com/vn/man-hinh-may-tinh/man-hinh-da-nhiem-ultrawide/29wq500-b/,Vietnam,제품 상세 (PDP),87
https://www.lg.com/vn/man-hinh-may-tinh/man-hinh-da-nhiem-ultrawide/29wq600-w/,Vietnam,제품 상세 (PDP),87
https://www.lg.com/vn/man-hinh-may-tinh/man-hinh-da-nhiem-ultrawide/34u511a-b/,Vietnam,제품 상세 (PDP),84
https://www.lg.com/vn/man-hinh-may-tinh/man-hinh-da-nhiem-ultrawide/34uc89g-b/,Vietnam,제품 상세 (PDP),87
https://www.lg.com/vn/man-hinh-may-tinh/man-hinh-da-nhiem-ultrawide/34wn80c-b/,Vietnam,제품 상세 (PDP),87
https://www.lg.com/vn/man-hinh-may-tinh/man-hinh-da-nhiem-ultrawide/34wp65g-b/,Vietnam,제품 상세 (PDP),87
https://www.lg.com/vn/man-hinh-may-tinh/man-hinh-da-nhiem-ultrawide/34wr55qc-b/,Vietnam,제품 상세 (PDP),84
https://www.lg.com/vn/man-hinh-may-tinh/man-hinh-da-nhiem-ultrawide/34wr55qk-b/,Vietnam,제품 상세 (PDP),84
https://www.lg.com/vn/man-hinh-may-tinh/man-hinh-da-nhiem-ultrawide/35wn75cn-b/,Vietnam,제품 상세 (PDP),79
https://www.lg.com/vn/tu-lanh/tu-dong/c30wh/,Vietnam,제품 상세 (PDP),90
https://www.lg.com/vn/tu-lanh/tu-dong/lof16bgm/,Vietnam,제품 상세 (PDP),90
https://www.lg.com/vn/tu-lanh/tu-lanh-french-door/f40bg/,Vietnam,제품 상세 (PDP),90
https://www.lg.com/vn/tu-lanh/tu-lanh-french-door/f50bg/,Vietnam,제품 상세 (PDP),90
https://www.lg.com/vn/tu-lanh/tu-lanh-french-door/f51eg/,Vietnam,제품 상세 (PDP),88
https://www.lg.com/vn/tu-lanh/tu-lanh-french-door/f53bd14b-aevpevn/,Vietnam,제품 상세 (PDP),84
https://www.lg.com/vn/tu-lanh/tu-lanh-french-door/f53d14m20-aevpevn/,Vietnam,제품 상세 (PDP),84
https://www.lg.com/vn/tu-lanh/tu-lanh-french-door/f53d14m30-aevpevn/,Vietnam,제품 상세 (PDP),84
https://www.lg.com/vn/tu-lanh/tu-lanh-french-door/f53egr/,Vietnam,제품 상세 (PDP),88
https://www.lg.com/vn/tu-lanh/tu-lanh-french-door/f56bg/,Vietnam,제품 상세 (PDP),88
https://www.lg.com/vn/tu-lanh/tu-lanh-french-door/f56bga/,Vietnam,제품 상세 (PDP),88
https://www.lg.com/vn/tu-lanh/tu-lanh-french-door/f58bgd/,Vietnam,제품 상세 (PDP),88
https://www.lg.com/vn/tu-lanh/tu-lanh-french-door/f61bmd/,Vietnam,제품 상세 (PDP),88
https://www.lg.com/vn/tu-lanh/tu-lanh-french-door/f66bd14b-aevpevn/,Vietnam,제품 상세 (PDP),84
https://www.lg.com/vn/tu-lanh/tu-lanh-french-door/fd61m20-abae/,Vietnam,제품 상세 (PDP),84
https://www.lg.com/vn/tu-lanh/tu-lanh-french-door/gr-q257mc/,Vietnam,제품 상세 (PDP),84
https://www.lg.com/vn/tu-lanh/tu-lanh-french-door/gr-x257js/,Vietnam,제품 상세 (PDP),84
https://www.lg.com/vn/tu-lanh/tu-lanh-french-door/lfb47svm/,Vietnam,제품 상세 (PDP),90
https://www.lg.com/vn/tu-lanh/tu-lanh-french-door/lfb53bas10w-abae/,Vietnam,제품 상세 (PDP),84
https://www.lg.com/vn/tu-lanh/tu-lanh-french-door/lfb53bas65w-abae/,Vietnam,제품 상세 (PDP),84
https://www.lg.com/vn/tu-lanh/tu-lanh-french-door/lfb58blma/,Vietnam,제품 상세 (PDP),88
https://www.lg.com/vn/tu-lanh/tu-lanh-french-door/lfd58blma/,Vietnam,제품 상세 (PDP),88
https://www.lg.com/vn/tu-lanh/tu-lanh-french-door/lfd58blmai/,Vietnam,제품 상세 (PDP),85
https://www.lg.com/vn/tu-lanh/tu-lanh-french-door/lfd61blga/,Vietnam,제품 상세 (PDP),88
https://www.lg.com/vn/tu-lanh/tu-lanh-instaview/fb61ia10-abae/,Vietnam,제품 상세 (PDP),84
https://www.lg.com/vn/tu-lanh/tu-lanh-instaview/fb61ia65-abae/,Vietnam,제품 상세 (PDP),84
https://www.lg.com/vn/tu-lanh/tu-lanh-instaview/fb61ilbl-abae/,Vietnam,제품 상세 (PDP),87
https://www.lg.com/vn/tu-lanh/tu-lanh-instaview/fb61im20-abae/,Vietnam,제품 상세 (PDP),87
https://www.lg.com/vn/tu-lanh/tu-lanh-instaview/fd61ia10-abae/,Vietnam,제품 상세 (PDP),84
https://www.lg.com/vn/tu-lanh/tu-lanh-instaview/fd61ia65-abae/,Vietnam,제품 상세 (PDP),84
https://www.lg.com/vn/tu-lanh/tu-lanh-instaview/fd61ilbl-abae/,Vietnam,제품 상세 (PDP),84
https://www.lg.com/vn/tu-lanh/tu-lanh-instaview/fd61im20-abae/,Vietnam,제품 상세 (PDP),84
https://www.lg.com/vn/tu-lanh/tu-lanh-instaview/gr-g257bl/,Vietnam,제품 상세 (PDP),88
https://www.lg.com/vn/tu-lanh/tu-lanh-instaview/gr-g257sv/,Vietnam,제품 상세 (PDP),88
https://www.lg.com/vn/tu-lanh/tu-lanh-instaview/gr-x257bg/,Vietnam,제품 상세 (PDP),88
https://www.lg.com/vn/tu-lanh/tu-lanh-instaview/gr-x257bl/,Vietnam,제품 상세 (PDP),88
https://www.lg.com/vn/tu-lanh/tu-lanh-instaview/gr-x257mc/,Vietnam,제품 상세 (PDP),88
https://www.lg.com/vn/tu-lanh/tu-lanh-instaview/lbb33bgmai/,Vietnam,제품 상세 (PDP),88
https://www.lg.com/vn/tu-lanh/tu-lanh-instaview/lbb33blmai/,Vietnam,제품 상세 (PDP),85
https://www.lg.com/vn/tu-lanh/tu-lanh-instaview/lfb53blmi/,Vietnam,제품 상세 (PDP),88
https://www.lg.com/vn/tu-lanh/tu-lanh-instaview/lfb61blgai/,Vietnam,제품 상세 (PDP),88
https://www.lg.com/vn/tu-lanh/tu-lanh-instaview/lfb66blmi/,Vietnam,제품 상세 (PDP),88
https://www.lg.com/vn/tu-lanh/tu-lanh-instaview/lfd61blgai/,Vietnam,제품 상세 (PDP),88
https://www.lg.com/vn/giat-say/fv1413h3ba/,Vietnam,제품 상세 (PDP),88
https://www.lg.com/vn/may-giat-say-cong-nghiep/may-giat-cong-nghiep/cwg27mdqrs/,Vietnam,제품 상세 (PDP),90
https://www.lg.com/vn/giat-say/fv1413s3wa/,Vietnam,제품 상세 (PDP),88
https://www.lg.com/vn/may-giat-say-cong-nghiep/may-giat-cong-nghiep/cwt29mdors/,Vietnam,제품 상세 (PDP),90
https://www.lg.com/vn/giat-say/may-giat-long-dung/t2108vspm/,Vietnam,제품 상세 (PDP),87
https://www.lg.com/vn/may-giat-say-cong-nghiep/may-giat-cong-nghiep/cwt29mdqrs/,Vietnam,제품 상세 (PDP),90
https://www.lg.com/vn/giat-say/may-giat-long-dung/t2108vspm2/,Vietnam,제품 상세 (PDP),87
https://www.lg.com/vn/may-giat-say-cong-nghiep/may-say-cong-nghiep/cdg27ruqes/,Vietnam,제품 상세 (PDP),85
https://www.lg.com/vn/giat-say/may-giat-long-dung/t2108vspw/,Vietnam,제품 상세 (PDP),87
https://www.lg.com/vn/may-giat-say-cong-nghiep/may-say-cong-nghiep/cdg27ruqps/,Vietnam,제품 상세 (PDP),90
https://www.lg.com/vn/giat-say/may-giat-long-dung/t2109nt1g/,Vietnam,제품 상세 (PDP),91
https://www.lg.com/vn/may-giat-say-cong-nghiep/may-say-cong-nghiep/cdt29muoes/,Vietnam,제품 상세 (PDP),90
https://www.lg.com/vn/giat-say/may-giat-long-dung/t2109vsab/,Vietnam,제품 상세 (PDP),87
https://www.lg.com/vn/may-giat-say-cong-nghiep/may-say-cong-nghiep/cdt29muops/,Vietnam,제품 상세 (PDP),90
https://www.lg.com/vn/giat-say/may-giat-long-dung/t2185vs2m/,Vietnam,제품 상세 (PDP),87
https://www.lg.com/vn/may-giat-say-cong-nghiep/may-say-cong-nghiep/cdt29muqes/,Vietnam,제품 상세 (PDP),90
https://www.lg.com/vn/giat-say/may-giat-long-dung/t2310dsam/,Vietnam,제품 상세 (PDP),87
https://www.lg.com/vn/may-giat-say-cong-nghiep/may-say-cong-nghiep/cdt29muqps/,Vietnam,제품 상세 (PDP),90
https://www.lg.com/vn/giat-say/may-giat-long-dung/t2310vbtn/,Vietnam,제품 상세 (PDP),88
https://www.lg.com/vn/may-giat-say-cong-nghiep/tat-ca-may-giat-say-cong-nghiep/cwg27-cdg27/,Vietnam,제품 상세 (PDP),90
https://www.lg.com/vn/giat-say/may-giat-long-dung/t2310vs2b/,Vietnam,제품 상세 (PDP),88
https://www.lg.com/vn/may-giat-say-cong-nghiep/tat-ca-may-giat-say-cong-nghiep/cwg27-cdt27s/,Vietnam,제품 상세 (PDP),90
https://www.lg.com/vn/giat-say/may-giat-long-dung/t2312dsav/,Vietnam,제품 상세 (PDP),87
https://www.lg.com/vn/may-giat-say-cong-nghiep/tat-ca-may-giat-say-cong-nghiep/cwt29md-cdt29me/,Vietnam,제품 상세 (PDP),90
https://www.lg.com/vn/giat-say/may-giat-long-dung/t2313dx5n/,Vietnam,제품 상세 (PDP),88
https://www.lg.com/vn/may-giat-say-cong-nghiep/tat-ca-may-giat-say-cong-nghiep/cwt29md-cdt29mo/,Vietnam,제품 상세 (PDP),87
https://www.lg.com/vn/giat-say/may-giat-long-dung/t2313vs2w/,Vietnam,제품 상세 (PDP),82
https://www.lg.com/vn/may-giat-say-cong-nghiep/tat-ca-may-giat-say-cong-nghiep/cwt29md-cdt29mu/,Vietnam,제품 상세 (PDP),90
https://www.lg.com/vn/may-giat-say-cong-nghiep/tat-ca-may-giat-say-cong-nghiep/cwt29md-cdt29os/,Vietnam,제품 상세 (PDP),87
https://www.lg.com/vn/giat-say/may-giat-long-dung/t2314dx5g/,Vietnam,제품 상세 (PDP),88
https://www.lg.com/vn/giat-say/may-giat-long-dung/t2315dx5g/,Vietnam,제품 상세 (PDP),88
https://www.lg.com/vn/giat-say/may-giat-long-dung/t2350vs2w/,Vietnam,제품 상세 (PDP),87
https://www.lg.com/vn/giat-say/may-giat-long-dung/t2350vsab/,Vietnam,제품 상세 (PDP),90
https://www.lg.com/vn/giat-say/may-giat-long-dung/t2351vsab/,Vietnam,제품 상세 (PDP),87
https://www.lg.com/vn/giat-say/may-giat-long-dung/t2511vbtb/,Vietnam,제품 상세 (PDP),88
https://www.lg.com/vn/giat-say/may-giat-long-dung/t2512vbtb/,Vietnam,제품 상세 (PDP),88
https://www.lg.com/vn/giat-say/may-giat-long-dung/t2514vbtb/,Vietnam,제품 상세 (PDP),88
https://www.lg.com/vn/giat-say/may-giat-long-dung/t2515vbtb/,Vietnam,제품 상세 (PDP),88
https://www.lg.com/vn/giat-say/may-giat-long-dung/t2516dx5g/,Vietnam,제품 상세 (PDP),88
https://www.lg.com/vn/giat-say/may-giat-long-dung/t2519sx5g/,Vietnam,제품 상세 (PDP),84
https://www.lg.com/vn/giat-say/may-giat-long-dung/t2520ax7g/,Vietnam,제품 상세 (PDP),88
https://www.lg.com/vn/giat-say/may-giat-long-dung/t2522ax7g/,Vietnam,제품 상세 (PDP),88
https://www.lg.com/vn/giat-say/may-giat-long-dung/t2555vsab/,Vietnam,제품 상세 (PDP),87
https://www.lg.com/vn/giat-say/may-giat-long-dung/t2725sx5g/,Vietnam,제품 상세 (PDP),84
https://www.lg.com/vn/giat-say/may-giat-long-dung/th2111dsab/,Vietnam,제품 상세 (PDP),87
https://www.lg.com/vn/giat-say/may-giat-long-dung/th2111ssab/,Vietnam,제품 상세 (PDP),87
https://www.lg.com/vn/giat-say/may-giat-long-dung/th2112ssav/,Vietnam,제품 상세 (PDP),87
https://www.lg.com/vn/may-rua-bat/d14bms20-aevpevn/,Vietnam,제품 상세 (PDP),84
https://www.lg.com/vn/may-rua-bat/d14bms30-aevpevn/,Vietnam,제품 상세 (PDP),84
https://www.lg.com/vn/may-rua-bat/lbga10-abae/,Vietnam,제품 상세 (PDP),84
https://www.lg.com/vn/may-rua-bat/lbga60-abae/,Vietnam,제품 상세 (PDP),87
https://www.lg.com/vn/may-rua-bat/lbla10-abae/,Vietnam,제품 상세 (PDP),84
https://www.lg.com/vn/may-rua-bat/lbla60-abae/,Vietnam,제품 상세 (PDP),87
https://www.lg.com/vn/may-rua-bat/ldn14bla5/,Vietnam,제품 상세 (PDP),88
https://www.lg.com/vn/may-rua-bat/ldt14bga3/,Vietnam,제품 상세 (PDP),88
https://www.lg.com/vn/may-rua-bat/ldt14bla4/,Vietnam,제품 상세 (PDP),88
https://www.lg.com/vn/may-rua-bat/ldt14bsa4/,Vietnam,제품 상세 (PDP),88
https://www.lg.com/vn/may-rua-bat/ldt14sva4/,Vietnam,제품 상세 (PDP),88
https://www.lg.com/vn/dieu-hoa/b10api/,Vietnam,제품 상세 (PDP),81
https://www.lg.com/vn/dieu-hoa-dan-dung/dualcool-tieu-chuan/md16gqse0/,Vietnam,제품 상세 (PDP),87
https://www.lg.com/vn/dieu-hoa/b10ena/,Vietnam,제품 상세 (PDP),87
https://www.lg.com/vn/dieu-hoa-dan-dung/dualcool-tieu-chuan/md19gqge0-deactive/,Vietnam,제품 상세 (PDP),87
https://www.lg.com/vn/dieu-hoa/b10enb/,Vietnam,제품 상세 (PDP),87
https://www.lg.com/vn/dieu-hoa-dan-dung/may-dieu-hoa/b10api/,Vietnam,제품 상세 (PDP),81
https://www.lg.com/vn/dieu-hoa/b10enc/,Vietnam,제품 상세 (PDP),87
https://www.lg.com/vn/dieu-hoa-dan-dung/may-dieu-hoa/b10end1/,Vietnam,제품 상세 (PDP),81
https://www.lg.com/vn/dieu-hoa/b10end1/,Vietnam,제품 상세 (PDP),88
https://www.lg.com/vn/dieu-hoa-dan-dung/may-dieu-hoa/b13api/,Vietnam,제품 상세 (PDP),81
https://www.lg.com/vn/dieu-hoa/b13api/,Vietnam,제품 상세 (PDP),81
https://www.lg.com/vn/dieu-hoa-dan-dung/may-dieu-hoa/b13end1/,Vietnam,제품 상세 (PDP),84
https://www.lg.com/vn/dieu-hoa/b13ena/,Vietnam,제품 상세 (PDP),87
https://www.lg.com/vn/dieu-hoa-dan-dung/may-dieu-hoa/b18end1/,Vietnam,제품 상세 (PDP),84
https://www.lg.com/vn/dieu-hoa/b13enb/,Vietnam,제품 상세 (PDP),87
https://www.lg.com/vn/dieu-hoa-dan-dung/may-dieu-hoa/b24end1/,Vietnam,제품 상세 (PDP),84
https://www.lg.com/vn/dieu-hoa/b13enc/,Vietnam,제품 상세 (PDP),87
https://www.lg.com/vn/dieu-hoa-dan-dung/may-dieu-hoa/k09ch/,Vietnam,제품 상세 (PDP),84
https://www.lg.com/vn/dieu-hoa/b13end1/,Vietnam,제품 상세 (PDP),88
https://www.lg.com/vn/dieu-hoa-dan-dung/may-dieu-hoa/k12ch/,Vietnam,제품 상세 (PDP),84
https://www.lg.com/vn/dieu-hoa/b18ena/,Vietnam,제품 상세 (PDP),87
https://www.lg.com/vn/dieu-hoa-dan-dung/may-dieu-hoa/k18ch/,Vietnam,제품 상세 (PDP),84
https://www.lg.com/vn/dieu-hoa/b18enb/,Vietnam,제품 상세 (PDP),87
https://www.lg.com/vn/dieu-hoa-dan-dung/may-dieu-hoa/v10apfp/,Vietnam,제품 상세 (PDP),81
https://www.lg.com/vn/dieu-hoa/b18enc/,Vietnam,제품 상세 (PDP),87
https://www.lg.com/vn/dieu-hoa-dan-dung/may-dieu-hoa/v10apfuv/,Vietnam,제품 상세 (PDP),81
https://www.lg.com/vn/dieu-hoa/b18end1/,Vietnam,제품 상세 (PDP),88
https://www.lg.com/vn/dieu-hoa-dan-dung/may-dieu-hoa/v10aph2/,Vietnam,제품 상세 (PDP),81
https://www.lg.com/vn/dieu-hoa/b24ena/,Vietnam,제품 상세 (PDP),87
https://www.lg.com/vn/dieu-hoa-dan-dung/may-dieu-hoa/v10api1/,Vietnam,제품 상세 (PDP),81
https://www.lg.com/vn/dieu-hoa/b24enb/,Vietnam,제품 상세 (PDP),87
https://www.lg.com/vn/dieu-hoa-dan-dung/may-dieu-hoa/v10eno/,Vietnam,제품 상세 (PDP),84
https://www.lg.com/vn/dieu-hoa/b24enc/,Vietnam,제품 상세 (PDP),87
https://www.lg.com/vn/dieu-hoa-dan-dung/may-dieu-hoa/v13apfp/,Vietnam,제품 상세 (PDP),81
https://www.lg.com/vn/dieu-hoa/b24end1/,Vietnam,제품 상세 (PDP),88
https://www.lg.com/vn/dieu-hoa-dan-dung/may-dieu-hoa/v13apfuv/,Vietnam,제품 상세 (PDP),81
https://www.lg.com/vn/dieu-hoa/dieu-hoa/b10end1/,Vietnam,제품 상세 (PDP),81
https://www.lg.com/vn/dieu-hoa-dan-dung/may-dieu-hoa/v18api1/,Vietnam,제품 상세 (PDP),81
https://www.lg.com/vn/dieu-hoa/dieu-hoa/k12ch/,Vietnam,제품 상세 (PDP),81
https://www.lg.com/vn/dieu-hoa-dan-dung/may-dieu-hoa/v18enf1/,Vietnam,제품 상세 (PDP),84
https://www.lg.com/vn/dieu-hoa/dieu-hoa/k18ch/,Vietnam,제품 상세 (PDP),81
https://www.lg.com/vn/may-loc-khong-khi/as20gpru0/,Vietnam,제품 상세 (PDP),79
https://www.lg.com/vn/cham-soc-khong-khi/may-hut-am/dd20gmwe1/,Vietnam,제품 상세 (PDP),88
https://www.lg.com/vn/giai-phap-khong-khi/may-loc-khong-khi/as10gdwh0/,Vietnam,제품 상세 (PDP),84
https://www.lg.com/vn/may-loc-khong-khi/as20gpwu0/,Vietnam,제품 상세 (PDP),81
https://www.lg.com/vn/cham-soc-khong-khi/may-hut-am/dd23gmwe1/,Vietnam,제품 상세 (PDP),88
https://www.lg.com/vn/giai-phap-khong-khi/may-loc-khong-khi/as40gwwj1/,Vietnam,제품 상세 (PDP),87
https://www.lg.com/vn/may-loc-khong-khi/as20gpyu0/,Vietnam,제품 상세 (PDP),81
https://www.lg.com/vn/cham-soc-khong-khi/may-hut-am/md16gqse0/,Vietnam,제품 상세 (PDP),90
https://www.lg.com/vn/giai-phap-khong-khi/may-loc-khong-khi/as60ghwg0/,Vietnam,제품 상세 (PDP),87
https://www.lg.com/vn/may-loc-khong-khi/pfsdnc01/,Vietnam,제품 상세 (PDP),84
https://www.lg.com/vn/cham-soc-khong-khi/may-hut-am/md16sc5b-abae/,Vietnam,제품 상세 (PDP),84
https://www.lg.com/vn/giai-phap-khong-khi/may-loc-khong-khi/fs15gpbf0/,Vietnam,제품 상세 (PDP),88
https://www.lg.com/vn/cham-soc-khong-khi/may-hut-am/md16sc5gl-abae/,Vietnam,제품 상세 (PDP),84
https://www.lg.com/vn/giai-phap-khong-khi/may-loc-khong-khi/fs15gpgf0/,Vietnam,제품 상세 (PDP),81
https://www.lg.com/vn/cham-soc-khong-khi/may-hut-am/md16sc5gr-abae/,Vietnam,제품 상세 (PDP),84
https://www.lg.com/vn/giai-phap-khong-khi/may-loc-khong-khi/fs15gpsf0/,Vietnam,제품 상세 (PDP),84
https://www.lg.com/vn/cham-soc-khong-khi/may-hut-am/md19gqge0/,Vietnam,제품 상세 (PDP),90
https://www.lg.com/vn/giai-phap-khong-khi/phu-kien-khau-trang-loc-khi/aaa30224204/,Vietnam,제품 상세 (PDP),79
https://www.lg.com/vn/cham-soc-khong-khi/may-hut-am/md19sc5b-abae/,Vietnam,제품 상세 (PDP),84
https://www.lg.com/vn/giai-phap-khong-khi/phu-kien-khau-trang-loc-khi/aaa30313602/,Vietnam,제품 상세 (PDP),81
https://www.lg.com/vn/cham-soc-khong-khi/may-hut-am/md19sc5gl-abae/,Vietnam,제품 상세 (PDP),84
https://www.lg.com/vn/giai-phap-khong-khi/phu-kien-khau-trang-loc-khi/aaa30313606/,Vietnam,제품 상세 (PDP),84
https://www.lg.com/vn/cham-soc-khong-khi/may-hut-am/md19sc5gr-abae/,Vietnam,제품 상세 (PDP),84
https://www.lg.com/vn/giai-phap-khong-khi/phu-kien-khau-trang-loc-khi/aaa30314302/,Vietnam,제품 상세 (PDP),81
https://www.lg.com/vn/cham-soc-khong-khi/may-loc-khong-khi/a1065ba60-abae/,Vietnam,제품 상세 (PDP),84
https://www.lg.com/vn/giai-phap-khong-khi/phu-kien-khau-trang-loc-khi/aaa30314306/,Vietnam,제품 상세 (PDP),84
https://www.lg.com/vn/cham-soc-khong-khi/may-loc-khong-khi/a1065wa60-abae/,Vietnam,제품 상세 (PDP),84
https://www.lg.com/vn/giai-phap-khong-khi/phu-kien-khau-trang-loc-khi/aaa30314307/,Vietnam,제품 상세 (PDP),84
https://www.lg.com/vn/cham-soc-khong-khi/may-loc-khong-khi/a10r4g-abae/,Vietnam,제품 상세 (PDP),84
https://www.lg.com/vn/giai-phap-khong-khi/phu-kien-khau-trang-loc-khi/aaa30321202/,Vietnam,제품 상세 (PDP),79
https://www.lg.com/vn/cham-soc-khong-khi/may-loc-khong-khi/a10r80h-abae/,Vietnam,제품 상세 (PDP),82
https://www.lg.com/vn/giai-phap-khong-khi/phu-kien-khau-trang-loc-khi/aaa30321301/,Vietnam,제품 상세 (PDP),84
https://www.lg.com/vn/cham-soc-khong-khi/may-loc-khong-khi/a10w2a60-abae/,Vietnam,제품 상세 (PDP),84
https://www.lg.com/vn/giai-phap-khong-khi/phu-kien-khau-trang-loc-khi/adq74834312/,Vietnam,제품 상세 (PDP),84
https://www.lg.com/vn/cham-soc-khong-khi/may-loc-khong-khi/a166bm19-abae/,Vietnam,제품 상세 (PDP),84
https://www.lg.com/vn/giai-phap-khong-khi/phu-kien-khau-trang-loc-khi/adq74834325/,Vietnam,제품 상세 (PDP),81
https://www.lg.com/vn/cham-soc-khong-khi/may-loc-khong-khi/a166wm19-abae/,Vietnam,제품 상세 (PDP),84
https://www.lg.com/vn/giai-phap-khong-khi/phu-kien-khau-trang-loc-khi/adq74834382/,Vietnam,제품 상세 (PDP),84
https://www.lg.com/vn/cham-soc-khong-khi/may-loc-khong-khi/a65b2a60-abae/,Vietnam,제품 상세 (PDP),84
https://www.lg.com/vn/giai-phap-khong-khi/phu-kien-khau-trang-loc-khi/adq75153437/,Vietnam,제품 상세 (PDP),87
https://www.lg.com/vn/cham-soc-khong-khi/may-loc-khong-khi/a65r4g-abae/,Vietnam,제품 상세 (PDP),84
https://www.lg.com/vn/giai-phap-khong-khi/phu-kien-khau-trang-loc-khi/adq75153455/,Vietnam,제품 상세 (PDP),79
https://www.lg.com/vn/cham-soc-khong-khi/may-loc-khong-khi/a65r80h-abae/,Vietnam,제품 상세 (PDP),84
https://www.lg.com/vn/giai-phap-khong-khi/phu-kien-khau-trang-loc-khi/adq75797602/,Vietnam,제품 상세 (PDP),81
https://www.lg.com/vn/cham-soc-khong-khi/may-loc-khong-khi/a9tas10w-abae/,Vietnam,제품 상세 (PDP),84
https://www.lg.com/vn/giai-phap-khong-khi/phu-kien-khau-trang-loc-khi/adq75797604/,Vietnam,제품 상세 (PDP),81
https://www.lg.com/vn/cham-soc-khong-khi/may-loc-khong-khi/a9tas20r-abae/,Vietnam,제품 상세 (PDP),84
https://www.lg.com/vn/giai-phap-khong-khi/phu-kien-khau-trang-loc-khi/adq75797702/,Vietnam,제품 상세 (PDP),81
https://www.lg.com/vn/cham-soc-khong-khi/may-loc-khong-khi/a9tas20w-abae/,Vietnam,제품 상세 (PDP),84
https://www.lg.com/vn/giai-phap-khong-khi/phu-kien-khau-trang-loc-khi/adq75797708/,Vietnam,제품 상세 (PDP),81
https://www.lg.com/vn/lo-vi-song/mb4021c/,Vietnam,제품 상세 (PDP),87
https://www.lg.com/vn/lo-vi-song/mb4029g/,Vietnam,제품 상세 (PDP),87
https://www.lg.com/vn/lo-vi-song/mb4029gs/,Vietnam,제품 상세 (PDP),82
https://www.lg.com/vn/lo-vi-song/mb4041cs/,Vietnam,제품 상세 (PDP),87
https://www.lg.com/vn/lo-vi-song/mc8088hrc/,Vietnam,제품 상세 (PDP),87
https://www.lg.com/vn/lo-vi-song/mh6329h/,Vietnam,제품 상세 (PDP),87
https://www.lg.com/vn/lo-vi-song/mh6337ars/,Vietnam,제품 상세 (PDP),87
https://www.lg.com/vn/lo-vi-song/mh6349b/,Vietnam,제품 상세 (PDP),87
https://www.lg.com/vn/lo-vi-song/mh6349h/,Vietnam,제품 상세 (PDP),87
https://www.lg.com/vn/lo-vi-song/mh6389bc/,Vietnam,제품 상세 (PDP),87
https://www.lg.com/vn/lo-vi-song/mh6549dr/,Vietnam,제품 상세 (PDP),87
https://www.lg.com/vn/lo-vi-song/mh6589urc/,Vietnam,제품 상세 (PDP),87
https://www.lg.com/vn/lo-vi-song/ms2021c/,Vietnam,제품 상세 (PDP),82
https://www.lg.com/vn/lo-vi-song/ms2029g/,Vietnam,제품 상세 (PDP),87
https://www.lg.com/vn/lo-vi-song/ms2032gas/,Vietnam,제품 상세 (PDP),90
https://www.lg.com/vn/lo-vi-song/ms2032gik/,Vietnam,제품 상세 (PDP),90
https://www.lg.com/vn/lo-vi-song/ms2339h/,Vietnam,제품 상세 (PDP),87
https://www.lg.com/vn/lo-vi-song/ms2347ars/,Vietnam,제품 상세 (PDP),87
https://www.lg.com/vn/lo-vi-song/ms2535gik/,Vietnam,제품 상세 (PDP),88
https://www.lg.com/vn/lo-vi-song/ms3032jas/,Vietnam,제품 상세 (PDP),90
https://www.lg.com/vn/may-hut-bui/may-hut-bui-cam-day/vc3316gnd/,Vietnam,제품 상세 (PDP),87
https://www.lg.com/vn/may-hut-bui/may-hut-bui-cam-day/vc5420ghaq/,Vietnam,제품 상세 (PDP),87
https://www.lg.com/vn/may-hut-bui/may-hut-bui-cam-day/vk7317ghtpb/,Vietnam,제품 상세 (PDP),87
https://www.lg.com/vn/may-hut-bui/may-hut-bui-cam-day/vk7317ghtpr/,Vietnam,제품 상세 (PDP),87
https://www.lg.com/vn/may-hut-bui/may-hut-bui-cam-day/vk7317ghtps/,Vietnam,제품 상세 (PDP),90
https://www.lg.com/vn/may-hut-bui/may-hut-bui-cam-day/vk8320ghauq/,Vietnam,제품 상세 (PDP),87
https://www.lg.com/vn/may-hut-bui/may-hut-bui-cam-tay/a9-ace/,Vietnam,제품 상세 (PDP),84
https://www.lg.com/vn/may-hut-bui/may-hut-bui-cam-tay/a9k-max/,Vietnam,제품 상세 (PDP),90
https://www.lg.com/vn/may-hut-bui/may-hut-bui-cam-tay/a9k-ultra/,Vietnam,제품 상세 (PDP),87
https://www.lg.com/vn/may-hut-bui/may-hut-bui-cam-tay/a9n-max/,Vietnam,제품 상세 (PDP),87
https://www.lg.com/vn/may-hut-bui/may-hut-bui-cam-tay/a9t-corecg/,Vietnam,제품 상세 (PDP),90
https://www.lg.com/vn/may-hut-bui/may-hut-bui-cam-tay/a9t-coreeg/,Vietnam,제품 상세 (PDP),90
https://www.lg.com/vn/may-hut-bui/may-hut-bui-cam-tay/a9t-lite/,Vietnam,제품 상세 (PDP),90
https://www.lg.com/vn/may-hut-bui/may-hut-bui-cam-tay/a9t-ultra/,Vietnam,제품 상세 (PDP),90
https://www.lg.com/vn/may-hut-bui/phu-kien-may-hut-bui/adq74873501/,Vietnam,제품 상세 (PDP),84
https://www.lg.com/vn/may-hut-bui/phu-kien-may-hut-bui/adq75393702/,Vietnam,제품 상세 (PDP),79
https://www.lg.com/vn/may-hut-bui/phu-kien-may-hut-bui/adq75798805/,Vietnam,제품 상세 (PDP),84
https://www.lg.com/vn/may-hut-bui/phu-kien-may-hut-bui/ajl75313902/,Vietnam,제품 상세 (PDP),84
https://www.lg.com/vn/may-hut-bui/phu-kien-may-hut-bui/eac63382208/,Vietnam,제품 상세 (PDP),84
https://www.lg.com/vn/may-hut-bui/phu-kien-may-hut-bui/eay64470404/,Vietnam,제품 상세 (PDP),79
https://www.lg.com/vn/may-hut-bui/phu-kien-may-hut-bui/mfq62362112/,Vietnam,제품 상세 (PDP),84
https://www.lg.com/vn/may-hut-bui/vc2116nnb/,Vietnam,제품 상세 (PDP),87
https://www.lg.com/vn/may-hut-bui/vc2116nnd/,Vietnam,제품 상세 (PDP),87
https://www.lg.com/vn/may-hut-bui/vc2118nrt/,Vietnam,제품 상세 (PDP),87
https://www.lg.com/vn/may-hut-bui/vc2216nnd/,Vietnam,제품 상세 (PDP),87
https://www.lg.com/vn/may-hut-bui/vc4916nntb/,Vietnam,제품 상세 (PDP),87
https://www.lg.com/vn/may-hut-bui/vc4916nntg/,Vietnam,제품 상세 (PDP),87
https://www.lg.com/vn/may-hut-bui/vc4920nht/,Vietnam,제품 상세 (PDP),87
https://www.lg.com/vn/may-hut-bui/vc4920nrt/,Vietnam,제품 상세 (PDP),87
https://www.lg.com/vn/may-hut-bui/vc6820nhtx/,Vietnam,제품 상세 (PDP),87
https://www.lg.com/vn/may-hut-bui/vr5906lm/,Vietnam,제품 상세 (PDP),87
https://www.lg.com/vn/cham-soc-khong-khi/may-loc-khong-khi/as1065ur-abae/,Vietnam,제품 상세 (PDP),84
https://www.lg.com/vn/dan-am-thanh/xboom/rnc5/,Vietnam,제품 상세 (PDP),84
https://www.lg.com/vn/dien-thoai-di-dong/bl40/,Vietnam,제품 상세 (PDP),87
https://www.lg.com/vn/dieu-hoa/dieu-hoa/v10apfp/,Vietnam,제품 상세 (PDP),81
https://www.lg.com/vn/dieu-hoa-dan-dung/may-dieu-hoa/v24win/,Vietnam,제품 상세 (PDP),84
https://www.lg.com/vn/giai-phap-khong-khi/phu-kien-khau-trang-loc-khi/mdj63904902/,Vietnam,제품 상세 (PDP),84
https://www.lg.com/vn/giat-say/may-giat-long-dung/th2113ssak/,Vietnam,제품 상세 (PDP),87
https://www.lg.com/vn/laptop-lg-gram/1424qp-16mr/,Vietnam,제품 상세 (PDP),84
https://www.lg.com/vn/laptops/gram/15u50t-g-av56a5/,Vietnam,제품 상세 (PDP),84
https://www.lg.com/vn/man-hinh-may-tinh/man-hinh-da-nhiem-ultrawide/38wn95c-w/,Vietnam,제품 상세 (PDP),87
https://www.lg.com/vn/may-chieu/cinebeam/hu710pb/,Vietnam,제품 상세 (PDP),84
https://www.lg.com/vn/may-loc-nuoc/waw33rw2rp/,Vietnam,제품 상세 (PDP),87
https://www.lg.com/vn/phu-kien/loa-thanh-loa/khac/cov30345101/,Vietnam,제품 상세 (PDP),84
https://www.lg.com/vn/phu-kien-dieu-hoa-may-loc-khong-khi/adq747535021/,Vietnam,제품 상세 (PDP),84
https://www.lg.com/vn/phu-kien-khac/ajl75313910/,Vietnam,제품 상세 (PDP),88
https://www.lg.com/vn/phu-kien-may-giat-may-say-styler/3751el1002m/,Vietnam,제품 상세 (PDP),88
https://www.lg.com/vn/phu-kien-may-hut-bui-may-rua-bat/3016ed3001a/,Vietnam,제품 상세 (PDP),84
https://www.lg.com/vn/phu-kien-may-tinh/phu-kien-gram/16mr70-asda5/,Vietnam,제품 상세 (PDP),78
https://www.lg.com/vn/phu-kien-san-pham-tin-hoc/ead63932603/,Vietnam,제품 상세 (PDP),84
https://www.lg.com/vn/phu-kien-tv/akb75675311/,Vietnam,제품 상세 (PDP),87
https://www.lg.com/vn/tai-nghe-khong-day/xboombuds/budslite/,Vietnam,제품 상세 (PDP),86
https://www.lg.com/vn/thiet-bi-nghe-nhin/oled/oled55c2psa/,Vietnam,제품 상세 (PDP),81
https://www.lg.com/vn/tivi/2022/alpha7/,Vietnam,제품 상세 (PDP),72
https://www.lg.com/vn/tivi-nano-cell/2021/a7-ai-processor-remove/,Vietnam,제품 상세 (PDP),77
https://www.lg.com/vn/tu-lanh/tu-lanh-instaview/lfi50blmai/,Vietnam,제품 상세 (PDP),88
https://www.lg.com/vn/tv-va-loa-thanh/22lf15r/,Vietnam,제품 상세 (PDP),87
https://www.lg.com/vn/cham-soc-khong-khi/may-loc-khong-khi/as1075ur-abae/,Vietnam,제품 상세 (PDP),84
https://www.lg.com/vn/dan-am-thanh/xboom/rnc7/,Vietnam,제품 상세 (PDP),84
https://www.lg.com/vn/dien-thoai-di-dong/d802/,Vietnam,제품 상세 (PDP),87
https://www.lg.com/vn/dieu-hoa/dieu-hoa/v10apfuv/,Vietnam,제품 상세 (PDP),81
https://www.lg.com/vn/dieu-hoa-dan-dung/phu-kien-dieu-hoa/adq74753502/,Vietnam,제품 상세 (PDP),84
https://www.lg.com/vn/giai-phap-khong-khi/phu-kien-khau-trang-loc-khi/mdj64424304/,Vietnam,제품 상세 (PDP),84
https://www.lg.com/vn/giat-say/may-giat-long-dung/th2519ssak/,Vietnam,제품 상세 (PDP),87
https://www.lg.com/vn/laptop-lg-gram/14ah55-27up8/,Vietnam,제품 상세 (PDP),79
https://www.lg.com/vn/laptops/gram/15u50t-g/,Vietnam,제품 상세 (PDP),84
https://www.lg.com/vn/man-hinh-may-tinh/man-hinh-da-nhiem-ultrawide/38wr85qc-w/,Vietnam,제품 상세 (PDP),84
https://www.lg.com/vn/may-chieu/cinebeam/hu715-xg2/,Vietnam,제품 상세 (PDP),84
https://www.lg.com/vn/phu-kien/man-hinh-may-tinh/bo-doi-nguon-day-nguon/eay62768625/,Vietnam,제품 상세 (PDP),87
https://www.lg.com/vn/phu-kien-dieu-hoa-may-loc-khong-khi/adq74834312/,Vietnam,제품 상세 (PDP),84
https://www.lg.com/vn/phu-kien-khac/eac633822081/,Vietnam,제품 상세 (PDP),84
https://www.lg.com/vn/phu-kien-may-giat-may-say-styler/adq74273401/,Vietnam,제품 상세 (PDP),84
https://www.lg.com/vn/phu-kien-may-hut-bui-may-rua-bat/3858ed3004c/,Vietnam,제품 상세 (PDP),84
https://www.lg.com/vn/phu-kien-may-tinh/phu-kien-gram/eay63128601/,Vietnam,제품 상세 (PDP),84
https://www.lg.com/vn/phu-kien-san-pham-tin-hoc/ead64185906/,Vietnam,제품 상세 (PDP),84
https://www.lg.com/vn/phu-kien-tv/akb75855501/,Vietnam,제품 상세 (PDP),84
https://www.lg.com/vn/tai-nghe-khong-day/xboombuds/budsplus/,Vietnam,제품 상세 (PDP),80
https://www.lg.com/vn/thiet-bi-nghe-nhin/oled/oled55g2-sp9a/,Vietnam,제품 상세 (PDP),81
https://www.lg.com/vn/tivi/2022/alpha9/,Vietnam,제품 상세 (PDP),69
https://www.lg.com/vn/tivi-nano-cell/2021/a9-ai-processor/,Vietnam,제품 상세 (PDP),75
https://www.lg.com/vn/tu-lanh/tu-lanh-ngan-da-duoi/lbb33bgmai/,Vietnam,제품 상세 (PDP),88
https://www.lg.com/vn/tv-va-loa-thanh/22lh20r/,Vietnam,제품 상세 (PDP),87
https://www.lg.com/vn/cham-soc-khong-khi/may-loc-khong-khi/as10gdby0/,Vietnam,제품 상세 (PDP),88
https://www.lg.com/vn/dan-am-thanh/xboom/xl5s/,Vietnam,제품 상세 (PDP),84
https://www.lg.com/vn/dien-thoai-di-dong/gb101/,Vietnam,제품 상세 (PDP),87
https://www.lg.com/vn/dieu-hoa/dieu-hoa/v10aph2/,Vietnam,제품 상세 (PDP),81
https://www.lg.com/vn/dieu-hoa-dan-dung/phu-kien-dieu-hoa/akb74955601/,Vietnam,제품 상세 (PDP),81
https://www.lg.com/vn/giai-phap-khong-khi/phu-kien-khau-trang-loc-khi/mdj64424406/,Vietnam,제품 상세 (PDP),84
https://www.lg.com/vn/giat-say/may-giat-long-dung/th2722ssak/,Vietnam,제품 상세 (PDP),82
https://www.lg.com/vn/laptop-lg-gram/14ah55-as60/,Vietnam,제품 상세 (PDP),87
https://www.lg.com/vn/laptops/ultra-pc/16z90tl-g/,Vietnam,제품 상세 (PDP),81
https://www.lg.com/vn/man-hinh-may-tinh/man-hinh-do-hoa-ultrafine/24qp500-b/,Vietnam,제품 상세 (PDP),87
https://www.lg.com/vn/may-chieu/cinebeam/hu715-xo2/,Vietnam,제품 상세 (PDP),84
https://www.lg.com/vn/phu-kien/mat-na-puricare/bo-loc/adq75797604/,Vietnam,제품 상세 (PDP),84
https://www.lg.com/vn/phu-kien-dieu-hoa-may-loc-khong-khi/adq74834325/,Vietnam,제품 상세 (PDP),84
https://www.lg.com/vn/phu-kien-khac/ead65830122/,Vietnam,제품 상세 (PDP),84
https://www.lg.com/vn/phu-kien-may-giat-may-say-styler/adq74514606/,Vietnam,제품 상세 (PDP),84
https://www.lg.com/vn/phu-kien-may-hut-bui-may-rua-bat/adq74693702/,Vietnam,제품 상세 (PDP),84
https://www.lg.com/vn/phu-kien-may-tinh/phu-kien-gram/eay63128804/,Vietnam,제품 상세 (PDP),87
https://www.lg.com/vn/phu-kien-san-pham-tin-hoc/gram-view-portable-monitor/16mr70-asda5/,Vietnam,제품 상세 (PDP),84
https://www.lg.com/vn/phu-kien-tv/akb76036204/,Vietnam,제품 상세 (PDP),84
https://www.lg.com/vn/thiet-bi-nghe-nhin/oled/oled55g2psa/,Vietnam,제품 상세 (PDP),81
https://www.lg.com/vn/tivi/8k-tvs/,Vietnam,제품 상세 (PDP),68
https://www.lg.com/vn/tu-lanh/tu-lanh-ngan-da-duoi/lbb33blga/,Vietnam,제품 상세 (PDP),88
https://www.lg.com/vn/tv-va-loa-thanh/26ld310/,Vietnam,제품 상세 (PDP),87
https://www.lg.com/vn/cham-soc-khong-khi/may-loc-khong-khi/as10gdwh0/,Vietnam,제품 상세 (PDP),84
https://www.lg.com/vn/dan-am-thanh/xboom/xl7s/,Vietnam,제품 상세 (PDP),84
https://www.lg.com/vn/dien-thoai-di-dong/gb106/,Vietnam,제품 상세 (PDP),87
https://www.lg.com/vn/dieu-hoa/dieu-hoa/v10api1/,Vietnam,제품 상세 (PDP),81
https://www.lg.com/vn/dieu-hoa-dan-dung/phu-kien-dieu-hoa/akb74955604/,Vietnam,제품 상세 (PDP),84
https://www.lg.com/vn/giai-phap-khong-khi/phu-kien-khau-trang-loc-khi/mdj65204410/,Vietnam,제품 상세 (PDP),84
https://www.lg.com/vn/giat-say/may-giat-long-dung/tv2514dv3b/,Vietnam,제품 상세 (PDP),88
https://www.lg.com/vn/laptop-lg-gram/14ah55-t90s/,Vietnam,제품 상세 (PDP),84
https://www.lg.com/vn/man-hinh-may-tinh/man-hinh-do-hoa-ultrafine/24qp550-b/,Vietnam,제품 상세 (PDP),87
https://www.lg.com/vn/buying-guide/,Vietnam,구매 가이드,68
https://www.lg.com/vn/qned-tvs/2021/qned-buying-guide/,Vietnam,구매 가이드,77
https://www.lg.com/vn/tivi/oled/oled-buying-guide/,Vietnam,구매 가이드,77
https://www.lg.com/vn/lg-experience/,Vietnam,LG Experience,80
https://www.lg.com/vn/lg-experience/Nha-thong-minh-va-giai-phap-cong-nghe-uu-viet-tu-LG/,Vietnam,LG Experience,77
https://www.lg.com/vn/lg-experience/Rap-chieu-phim-tai-gia-hoan-hao-voi-giai-phap-tu-LG/,Vietnam,LG Experience,80
https://www.lg.com/vn/lg-experience/do-dung-cong-nghe-cuoi-tuan/,Vietnam,LG Experience,80
https://www.lg.com/vn/lg-experience/goc-giai-tri-hi-tech-cho-chang/,Vietnam,LG Experience,80
https://www.lg.com/vn/lg-experience/goi-y-va-meo/,Vietnam,LG Experience,80
https://www.lg.com/vn/lg-experience/goi-y-va-meo/cach-chon-kich-thuoc-may-giat-tieu-chuan/,Vietnam,LG Experience,87
https://www.lg.com/vn/lg-experience/goi-y-va-meo/cach-chon-kich-thuoc-may-say-phu-hop/,Vietnam,LG Experience,87
https://www.lg.com/vn/lg-experience/goi-y-va-meo/cach-chon-kich-thuoc-tu-lanh-tieu-chuan/,Vietnam,LG Experience,87
https://www.lg.com/vn/lg-experience/goi-y-va-meo/cach-dieu-chinh-nhiet-do-ngan-mat-ngan-da-tu-lanh/,Vietnam,LG Experience,87
https://www.lg.com/vn/lg-experience/goi-y-va-meo/cach-lua-chon-may-giat-tiet-kiem-dien/,Vietnam,LG Experience,83
https://www.lg.com/vn/lg-experience/goi-y-va-meo/cach-lua-chon-tu-lanh-tiet-kiem-dien/,Vietnam,LG Experience,83
https://www.lg.com/vn/lg-experience/goi-y-va-meo/cach-su-dung-may-giat-tu-dong/,Vietnam,LG Experience,87
https://www.lg.com/vn/lg-experience/goi-y-va-meo/cach-ve-sinh-lo-vi-song/,Vietnam,LG Experience,83
https://www.lg.com/vn/lg-experience/goi-y-va-meo/dat-tu-lanh-va-may-giat-theo-phong-thuy/,Vietnam,LG Experience,83
https://www.lg.com/vn/lg-experience/goi-y-va-meo/giai-thich-do-phan-giai-man-hinh-tv/,Vietnam,LG Experience,83
https://www.lg.com/vn/lg-experience/goi-y-va-meo/giai-thich-loai-man-hinh/,Vietnam,LG Experience,83
https://www.lg.com/vn/lg-experience/goi-y-va-meo/giai-thich-ve-cong-nghe-man-hinh-lg/,Vietnam,LG Experience,83
https://www.lg.com/vn/lg-experience/goi-y-va-meo/giai-thich-ve-loa-thanh/,Vietnam,LG Experience,80
https://www.lg.com/vn/lg-experience/goi-y-va-meo/goi-y-mon-an-lam-bang-lo-vi-song-lg/,Vietnam,LG Experience,80
https://www.lg.com/vn/lg-experience/goi-y-va-meo/huong-dan-mua-va-chon-kich-thuoc-lo-vi-song/,Vietnam,LG Experience,83
https://www.lg.com/vn/lg-experience/goi-y-va-meo/huong-dan-ve-nhiet-do-may-giat/,Vietnam,LG Experience,87
https://www.lg.com/vn/lg-experience/goi-y-va-meo/lam-tuong-va-su-that-ve-may-giat-cua-tren/,Vietnam,LG Experience,83
https://www.lg.com/vn/lg-experience/goi-y-va-meo/loi-ich-noi-bat-khi-so-huu-may-giat/,Vietnam,LG Experience,87
https://www.lg.com/vn/lg-experience/goi-y-va-meo/lua-chon-tu-lanh-phu-hop-nhat-cho-bep-nha-ban/,Vietnam,LG Experience,83
https://www.lg.com/vn/lg-experience/goi-y-va-meo/man-hinh-phang-va-man-hinh-cong/,Vietnam,LG Experience,83
https://www.lg.com/vn/lg-experience/goi-y-va-meo/may-giat-su-dung-bao-nhieu-watt-va-cach-tiet-kiem-dien/,Vietnam,LG Experience,87
https://www.lg.com/vn/lg-experience/goi-y-va-meo/may-rua-bat-tieu-thu-bao-nhieu-dien-va-nuoc/,Vietnam,LG Experience,83
https://www.lg.com/vn/lg-experience/goi-y-va-meo/meo-giat-quan-ao/,Vietnam,LG Experience,80
https://www.lg.com/vn/lg-experience/goi-y-va-meo/meo-sap-xep-tu-lanh/,Vietnam,LG Experience,87
https://www.lg.com/vn/lg-experience/goi-y-va-meo/qua-tang-thiet-bi-gia-dung-cho-me-dip-ngay-cua-me/,Vietnam,LG Experience,83
https://www.lg.com/vn/lg-experience/goi-y-va-meo/say-chan-o-nhiet-do-bao-nhieu/,Vietnam,LG Experience,83
https://www.lg.com/vn/lg-experience/goi-y-va-meo/thiet-bi-tiet-kiem-nang-luong-giam-tieu-thu-dien-trong-ngay-trai-dat/,Vietnam,LG Experience,83
https://www.lg.com/vn/lg-experience/goi-y-va-meo/tu-lanh-la-gi-va-cach-bao-quan-thuc-pham/,Vietnam,LG Experience,87
https://www.lg.com/vn/lg-experience/home-autom-presourcing/,Vietnam,LG Experience,73
https://www.lg.com/vn/lg-experience/huong-dan-bao-tri-may-rua-bat/,Vietnam,LG Experience,74
https://www.lg.com/vn/lg-experience/huong-dan-mua-hang/,Vietnam,LG Experience,80
https://www.lg.com/vn/lg-experience/huong-dan-mua-hang/huong-dan-kich-thuoc-tv/,Vietnam,LG Experience,83
https://www.lg.com/vn/lg-experience/huong-dan-mua-hang/huong-dan-lua-chon-may-chieu/,Vietnam,LG Experience,83
https://www.lg.com/vn/lg-experience/huong-dan-mua-hang/huong-dan-mua-dieu-ho/,Vietnam,LG Experience,80
https://www.lg.com/vn/lg-experience/huong-dan-mua-hang/huong-dan-mua-dieu-hoa/,Vietnam,LG Experience,83
https://www.lg.com/vn/lg-experience/huong-dan-mua-hang/huong-dan-mua-laptop/,Vietnam,LG Experience,83
https://www.lg.com/vn/lg-experience/huong-dan-mua-hang/huong-dan-mua-lo-vi-song/,Vietnam,LG Experience,83
https://www.lg.com/vn/lg-experience/huong-dan-mua-hang/huong-dan-mua-may-giat/,Vietnam,LG Experience,83
https://www.lg.com/vn/lg-experience/huong-dan-mua-hang/huong-dan-mua-may-rua-bat/,Vietnam,LG Experience,83
https://www.lg.com/vn/lg-experience/huong-dan-mua-hang/huong-dan-mua-may-say/,Vietnam,LG Experience,83
https://www.lg.com/vn/lg-experience/huong-dan-mua-hang/huong-dan-mua-tv/,Vietnam,LG Experience,83
https://www.lg.com/vn/lg-experience/huong-dan-mua-hang/huong-dan-ve-may-suoi-va-dieu-hoa-tiet-kiem-dien/,Vietnam,LG Experience,80
https://www.lg.com/vn/lg-experience/huong-dan-mua-hang/huong-dan-ve-sinh-tv/,Vietnam,LG Experience,80
https://www.lg.com/vn/lg-experience/huong-dan-mua-hang/kham-pha-lg-food-science-lab-noi-huong-vi-bat-dau/,Vietnam,LG Experience,83
https://www.lg.com/vn/lg-experience/huong-dan-mua-hang/lg-gui-gam-thong-diep-xanh-qua-tung-nep-hop/,Vietnam,LG Experience,83
https://www.lg.com/vn/lg-experience/huong-dan-mua-hang/vi-sao-lg-nghien-cuu-ve-nuoc/,Vietnam,LG Experience,83
https://www.lg.com/vn/lg-experience/may-rua-bat-am-tu-vs-may-rua-bat-doc-lap/,Vietnam,LG Experience,74
https://www.lg.com/vn/lg-experience/nhung-buoc-tien-cong-nghe-dinh-huong-boi-lg/,Vietnam,LG Experience,77
https://www.lg.com/vn/lg-experience/qua-tang-cong-nghe-dinh-cao-cho-nua-kia-cua-ban/,Vietnam,LG Experience,77
https://www.lg.com/vn/lg-thinq/magazine/how-to-make-sure-your-home-is-ready-for-summer/,Vietnam,Microsite,70
https://www.lg.com/vn/lg-thinq/news/how-smart-appliances-can-help-save-energy-and-the-planet/,Vietnam,Microsite,83
https://www.lg.com/vn/tivi/why-lgoled/10years-world-no1-oled/,Vietnam,Microsite,77
https://www.lg.com/vn/tivi/why-lgoled/2023-oled-lineup/,Vietnam,Microsite,80
https://www.lg.com/vn/tivi/why-lgoled/sustainability/,Vietnam,Microsite,77
https://www.lg.com/vn/qned-tvs/2021/cinema/,Vietnam,제품 카테고리 (PLP),79
https://www.lg.com/vn/lgnanocell/main/,Vietnam,제품 카테고리 (PLP),76
https://www.lg.com/vn/ti-vi-oled/2021/cinema/,Vietnam,제품 카테고리 (PLP),76
https://www.lg.com/vn/why-lgoled/cinema/,Vietnam,제품 카테고리 (PLP),72
https://www.lg.com/vn/tv-va-loa-thanh/,Vietnam,제품 카테고리 (PLP),83
https://www.lg.com/vn/xboom/,Vietnam,제품 카테고리 (PLP),77
https://www.lg.com/vn/speakers/,Vietnam,제품 카테고리 (PLP),66
https://www.lg.com/vn/soundbars/eco-minded-soundbars/,Vietnam,제품 카테고리 (PLP),79
https://www.lg.com/vn/dan-am-thanh/,Vietnam,제품 카테고리 (PLP),77
https://www.lg.com/vn/speakers/loa-di-dong/,Vietnam,제품 카테고리 (PLP),68
https://www.lg.com/vn/dan-am-thanh/all-bluetooth-speakers/,Vietnam,제품 카테고리 (PLP),86
https://www.lg.com/vn/dan-am-thanh/all-soundbars/,Vietnam,제품 카테고리 (PLP),89
https://www.lg.com/vn/dan-am-thanh/cinebeam/,Vietnam,제품 카테고리 (PLP),66
https://www.lg.com/vn/dan-am-thanh/dan-am-thanh/,Vietnam,제품 카테고리 (PLP),66
https://www.lg.com/vn/dan-am-thanh/loa-bluetooth/,Vietnam,제품 카테고리 (PLP),83
https://www.lg.com/vn/man-hinh-may-tinh/,Vietnam,제품 카테고리 (PLP),77
https://www.lg.com/vn/man-hinh-phong-cach/,Vietnam,제품 카테고리 (PLP),83
https://www.lg.com/vn/huong-dan-mua-man-hinh-may-tinh/,Vietnam,제품 카테고리 (PLP),76
https://www.lg.com/vn/huong-dan-mua-man-hinh-ultragear/,Vietnam,제품 카테고리 (PLP),81
https://www.lg.com/vn/man-hinh-may-tinh/kham-pha-man-hinh-thong-minh-lg/,Vietnam,제품 카테고리 (PLP),80
https://www.lg.com/vn/man-hinh-phong-cach/bo-suu-tap-objet-pose/,Vietnam,제품 카테고리 (PLP),87
https://www.lg.com/vn/man-hinh-may-tinh/man-hinh-da-nhiem-ultrawide/,Vietnam,제품 카테고리 (PLP),87
https://www.lg.com/vn/man-hinh-phong-cach/man-hinh-di-dong-swing/,Vietnam,제품 카테고리 (PLP),86
https://www.lg.com/vn/man-hinh-may-tinh/man-hinh-do-hoa-art-collection/,Vietnam,제품 카테고리 (PLP),69
https://www.lg.com/vn/tu-lanh/,Vietnam,제품 카테고리 (PLP),81
https://www.lg.com/vn/refrigerators/,Vietnam,제품 카테고리 (PLP),80
https://www.lg.com/vn/tu-lanh/catalogue/,Vietnam,제품 카테고리 (PLP),72
https://www.lg.com/vn/refrigerators/multi-door/,Vietnam,제품 카테고리 (PLP),79
https://www.lg.com/vn/tu-lanh/phu-kien-tu-lanh/,Vietnam,제품 카테고리 (PLP),75
https://www.lg.com/vn/tu-lanh/tat-ca-tu-lanh/,Vietnam,제품 카테고리 (PLP),87
https://www.lg.com/vn/tu-lanh/tat-ca-tu-lanh/?ec_ft_06517453=ThinQ_(Wi-Fi),Vietnam,제품 카테고리 (PLP),86
https://www.lg.com/vn/tu-lanh/tat-ca-tu-lanh/?ec_ft_06517458=Máy_nén_biến_tần_thông_minh,Vietnam,제품 카테고리 (PLP),83
https://www.lg.com/vn/tu-lanh/tat-ca-tu-lanh/?ec_ft_06517460=Door-in-Door,Vietnam,제품 카테고리 (PLP),89
https://www.lg.com/vn/tu-lanh/tat-ca-tu-lanh/?ec_ft_06517460=InstaView,Vietnam,제품 카테고리 (PLP),86
https://www.lg.com/vn/giat-say/,Vietnam,제품 카테고리 (PLP),81
https://www.lg.com/vn/washing-machines/twinwash/installation/,Vietnam,제품 카테고리 (PLP),73
https://www.lg.com/vn/may-giat-va-may-say/,Vietnam,제품 카테고리 (PLP),76
https://www.lg.com/vn/steamwashingmachine/,Vietnam,제품 카테고리 (PLP),76
https://www.lg.com/vn/may-giat-say-washtower/,Vietnam,제품 카테고리 (PLP),72
https://www.lg.com/vn/may-giat-say-cong-nghiep/,Vietnam,제품 카테고리 (PLP),83
https://www.lg.com/vn/them-chu-trinh-giat-nang-cao-de-cham-soc-da-dang-quan-ao/,Vietnam,제품 카테고리 (PLP),72
https://www.lg.com/vn/giat-say/front-load-drum/,Vietnam,제품 카테고리 (PLP),66
https://www.lg.com/vn/washing-machines/twinwash/story/,Vietnam,제품 카테고리 (PLP),73
https://www.lg.com/vn/may-giat-say-cong-nghiep/giai-phap-giat-say-thong-minh/,Vietnam,제품 카테고리 (PLP),76
https://www.lg.com/vn/may-rua-bat/,Vietnam,제품 카테고리 (PLP),83
https://www.lg.com/vn/may-rua-bat-leaflet/,Vietnam,제품 카테고리 (PLP),67
https://www.lg.com/vn/phu-kiun-may-hut-bui-may-rua-bat/,Vietnam,제품 카테고리 (PLP),66
https://www.lg.com/vn/may-rua-bat/catalogue/,Vietnam,제품 카테고리 (PLP),72
https://www.lg.com/vn/dieu-hoa/,Vietnam,제품 카테고리 (PLP),83
https://www.lg.com/vn/may-dieu-hoa/,Vietnam,제품 카테고리 (PLP),66
https://www.lg.com/vn/dieu-hoa-dan-dung/,Vietnam,제품 카테고리 (PLP),66
https://www.lg.com/vn/uu-dai-dieu-hoa-va-may-loc-khong-khi-lg/,Vietnam,제품 카테고리 (PLP),69
https://www.lg.com/vn/dieu-hoa/air-conditioners-an-efficient-home-heating-solution/,Vietnam,제품 카테고리 (PLP),69
https://www.lg.com/vn/dieu-hoa/cach-su-dung-dieu-hoa-hieu-qua/,Vietnam,제품 카테고리 (PLP),83
https://www.lg.com/vn/dieu-hoa/cai-dat-nhiet-do-ly-tuong-cho-dieu-hoa-khong-khi/,Vietnam,제품 카테고리 (PLP),76
https://www.lg.com/vn/dieu-hoa/dieu-hoa/,Vietnam,제품 카테고리 (PLP),76
https://www.lg.com/vn/dieu-hoa/huong-dan-mua-dieu-hoa/,Vietnam,제품 카테고리 (PLP),86
https://www.lg.com/vn/dieu-hoa/lg-dualcool-ai/,Vietnam,제품 카테고리 (PLP),83
https://www.lg.com/vn/cham-soc-khong-khi/,Vietnam,제품 카테고리 (PLP),80
https://www.lg.com/vn/giai-phap-khong-khi/,Vietnam,제품 카테고리 (PLP),66
https://www.lg.com/vn/better-choice-for-air-solution/,Vietnam,제품 카테고리 (PLP),72
https://www.lg.com/vn/cham-soc-khong-khi/may-hut-am/,Vietnam,제품 카테고리 (PLP),87
https://www.lg.com/vn/giai-phap-khong-khi/may-loc-khong-khi/,Vietnam,제품 카테고리 (PLP),69
https://www.lg.com/vn/cham-soc-khong-khi/may-loc-khong-khi/,Vietnam,제품 카테고리 (PLP),87
https://www.lg.com/vn/giai-phap-khong-khi/phu-kien-khau-trang-loc-khi/,Vietnam,제품 카테고리 (PLP),69
https://www.lg.com/vn/cham-soc-khong-khi/tat-ca-cham-soc-khong-khi/,Vietnam,제품 카테고리 (PLP),87
https://www.lg.com/vn/giai-phap-khong-khi/phu-kien-may-loc-khong-khi/,Vietnam,제품 카테고리 (PLP),66
https://www.lg.com/vn/lo-vi-song/,Vietnam,제품 카테고리 (PLP),90
https://www.lg.com/vn/lo-vi-song-leaflet/,Vietnam,제품 카테고리 (PLP),72
https://www.lg.com/vn/lo-vi-song/lo-vi-song/,Vietnam,제품 카테고리 (PLP),69
https://www.lg.com/vn/may-hut-bui/,Vietnam,제품 카테고리 (PLP),87
https://www.lg.com/vn/may-hut-bui/may-hut-bui-cam-day/,Vietnam,제품 카테고리 (PLP),87
https://www.lg.com/vn/may-hut-bui/may-hut-bui-cam-tay/,Vietnam,제품 카테고리 (PLP),87
https://www.lg.com/vn/may-hut-bui/may-say-cong-nghiep/,Vietnam,제품 카테고리 (PLP),68
https://www.lg.com/vn/may-hut-bui/phu-kien-may-hut-bui/,Vietnam,제품 카테고리 (PLP),82
https://www.lg.com/vn/account-integration/,Vietnam,제품 카테고리 (PLP),67
https://www.lg.com/vn/account-integration-old/,Vietnam,제품 카테고리 (PLP),72
https://www.lg.com/vn/better-choice/,Vietnam,제품 카테고리 (PLP),77
https://www.lg.com/vn/better-choice-better-world/,Vietnam,제품 카테고리 (PLP),72
https://www.lg.com/vn/better-choice-challenge/,Vietnam,제품 카테고리 (PLP),79
https://www.lg.com/vn/better-choice-for-home/,Vietnam,제품 카테고리 (PLP),73
https://www.lg.com/vn/better-choice-for-living/,Vietnam,제품 카테고리 (PLP),77
https://www.lg.com/vn/bo-doi-tv-loa-thanh/,Vietnam,제품 카테고리 (PLP),79
https://www.lg.com/vn/brandshop/,Vietnam,제품 카테고리 (PLP),70
https://www.lg.com/vn/cam-nang-lg-thinq/,Vietnam,제품 카테고리 (PLP),72
https://www.lg.com/vn/cart-details/,Vietnam,제품 카테고리 (PLP),66
https://www.lg.com/vn/ces2023/aerotower-air-purifying/,Vietnam,제품 카테고리 (PLP),83
https://www.lg.com/vn/cham-dieu-ruc-ro/,Vietnam,제품 카테고리 (PLP),79
https://www.lg.com/vn/chinhsachmuahangvadoitra/,Vietnam,제품 카테고리 (PLP),75
https://www.lg.com/vn/chuong-trinh-cham-soc-khach-hang-vip/,Vietnam,제품 카테고리 (PLP),79
https://www.lg.com/vn/chuong-trinh-khuyen-mai-cho-chu-the-doi-tac/,Vietnam,제품 카테고리 (PLP),69
https://www.lg.com/vn/chuyen-vien-tu-van-lg/,Vietnam,제품 카테고리 (PLP),69
https://www.lg.com/vn/co-hoi-nghe-nghiep/tuyen-dung-giam-doc-mua-hang/,Vietnam,제품 카테고리 (PLP),79
https://www.lg.com/vn/compare-results/,Vietnam,제품 카테고리 (PLP),72
https://www.lg.com/vn/support/additional-support/,Vietnam,Support - 일반,67
https://www.lg.com/vn/support/additional-support/announcements/,Vietnam,Support - 일반,70
https://www.lg.com/vn/support/additional-support/announcements/announcement-details/,Vietnam,Support - 일반,70
https://www.lg.com/vn/support/additional-support/environmental/,Vietnam,Support - 일반,70
https://www.lg.com/vn/support/additional-support/smart-diagnosis/,Vietnam,Support - 일반,74
https://www.lg.com/vn/support/additional-support/smart-share/,Vietnam,Support - 일반,81
https://www.lg.com/vn/support/additional-support/sustainability/,Vietnam,Support - 일반,78
https://www.lg.com/vn/support/additional-support/thinq/,Vietnam,Support - 일반,70
https://www.lg.com/vn/support/business-warranty/,Vietnam,Support - 일반,85
https://www.lg.com/vn/support/contactus/,Vietnam,Support - 일반,81
https://www.lg.com/vn/support/contactus/ask-our-community/,Vietnam,Support - 일반,63
https://www.lg.com/vn/support/contactus/business-contact-information/,Vietnam,Support - 일반,78
https://www.lg.com/vn/support/contactus/call-us/,Vietnam,Support - 일반,70
https://www.lg.com/vn/support/contactus/chat-with-us/,Vietnam,Support - 일반,70
https://www.lg.com/vn/support/contactus/document-upload/,Vietnam,Support - 일반,81
https://www.lg.com/vn/support/contactus/email-us/,Vietnam,Support - 일반,78
https://www.lg.com/vn/support/contactus/inquiry-status/,Vietnam,Support - 일반,74
https://www.lg.com/vn/support/contactus/inquiry-status/inquiry-result/,Vietnam,Support - 일반,70
https://www.lg.com/vn/support/contactus/lg-best-Shop/,Vietnam,Support - 일반,70
https://www.lg.com/vn/support/contactus/service-center/,Vietnam,Support - 일반,70
https://www.lg.com/vn/support/contactus/share-your-feedback/,Vietnam,Support - 일반,78
https://www.lg.com/vn/support/contactus/share-your-feedback/failure/,Vietnam,Support - 일반,70
https://www.lg.com/vn/support/contactus/share-your-feedback/success/,Vietnam,Support - 일반,63
https://www.lg.com/vn/support/contactus/share-your-voice-with-the-lg-president/,Vietnam,Support - 일반,70
https://www.lg.com/vn/support/contactus/whatsapp/,Vietnam,Support - 일반,74
https://www.lg.com/vn/support/contactus/your-voice-to-the-president/,Vietnam,Support - 일반,74
https://www.lg.com/vn/support/error-pages/,Vietnam,Support - 일반,67
https://www.lg.com/vn/support/error-pages/down-time-check/,Vietnam,Support - 일반,67
https://www.lg.com/vn/support/order-support/,Vietnam,Support - 일반,74
https://www.lg.com/vn/support/order-support/frequently-asked-questions/,Vietnam,Support - 일반,81
https://www.lg.com/vn/support/order-support/track-my-order/,Vietnam,Support - 일반,81
https://www.lg.com/vn/support/product-List/,Vietnam,Support - 일반,70
https://www.lg.com/vn/support/product-support/fota/,Vietnam,Support - 일반,70
https://www.lg.com/vn/support/product-support/manuals-software/,Vietnam,Support - 일반,74
https://www.lg.com/vn/support/product-support/product-registration/business-form/,Vietnam,Support - 일반,74
https://www.lg.com/vn/support/product-support/product-registration/registration-complete/,Vietnam,Support - 일반,63
https://www.lg.com/vn/support/product-support/product-registration/registration-failed/,Vietnam,Support - 일반,63
https://www.lg.com/vn/support/product-support/request-a-repair/,Vietnam,Support - 일반,74
https://www.lg.com/vn/support/product-support/request-a-repair/request-repair-form/,Vietnam,Support - 일반,67
https://www.lg.com/vn/support/product-support/request-a-repair/request-repair-form/reservation-form/,Vietnam,Support - 일반,67
https://www.lg.com/vn/support/product-support/reservation/,Vietnam,Support - 일반,70
https://www.lg.com/vn/support/product-support/right-to-repair/,Vietnam,Support - 일반,70
https://www.lg.com/vn/support/product-support/scan-qr-code/,Vietnam,Support - 일반,74
https://www.lg.com/vn/support/product-support/select-model-number/,Vietnam,Support - 일반,74
https://www.lg.com/vn/support/product-support/track-my-repair/,Vietnam,Support - 일반,70
https://www.lg.com/vn/support/product-support/troubleshoot/,Vietnam,Support - 일반,71
https://www.lg.com/vn/support/product-support/troubleshoot/help-liberary/,Vietnam,Support - 일반,68
https://www.lg.com/vn/support/product-support/warranty/,Vietnam,Support - 일반,74
https://www.lg.com/vn/support/product-support/warranty/warranty-business/,Vietnam,Support - 일반,85
https://www.lg.com/vn/support/product-support/warranty/warranty-consumer/,Vietnam,Support - 일반,78
https://www.lg.com/vn/support/smart-diagnosis/,Vietnam,Support - 일반,74
https://www.lg.com/vn/support/smart-share/,Vietnam,Support - 일반,81
https://www.lg.com/vn/support/sustainability/,Vietnam,Support - 일반,78
https://www.lg.com/vn/support/thinq/,Vietnam,Support - 일반,85
https://www.lg.com/vn/support/warranty-information/,Vietnam,Support - 일반,70
https://www.lg.com/vn/support/warranty/,Vietnam,Support - 일반,78
https://www.lg.com/vn/tro-giup/,Vietnam,Support - 일반,86
https://www.lg.com/vn/tro-giup/additional-support/,Vietnam,Support - 일반,81
https://www.lg.com/vn/tro-giup/bao-hanh/,Vietnam,Support - 일반,82
https://www.lg.com/vn/tro-giup/chuong-trinh-HTKH-anh-huong-sau-bao-so-10/,Vietnam,Support - 일반,81
https://www.lg.com/vn/tro-giup/chuong-trinh-bao-hanh-sp-thiet-hai-do-bao-yagi/,Vietnam,Support - 일반,74
https://www.lg.com/vn/tro-giup/error-pages/,Vietnam,Support - 일반,74
https://www.lg.com/vn/tro-giup/error-pages/down-time-check/,Vietnam,Support - 일반,74
https://www.lg.com/vn/tro-giup/fota/,Vietnam,Support - 일반,81
https://www.lg.com/vn/tro-giup/giao-hang-va-lap-dat/,Vietnam,Support - 일반,81
https://www.lg.com/vn/tro-giup/glossary/,Vietnam,Support - 일반,89
https://www.lg.com/vn/tro-giup/ho-tro-don-hang/,Vietnam,Support - 일반,81
https://www.lg.com/vn/tro-giup/ho-tro-don-hang/cau-hoi-thuong-gap/,Vietnam,Support - 일반,85
https://www.lg.com/vn/tro-giup/ho-tro-don-hang/theo-doi-tinh-trang-don-hang/,Vietnam,Support - 일반,86
https://www.lg.com/vn/tro-giup/ho-tro-san-pham/,Vietnam,Support - 일반,74
https://www.lg.com/vn/tro-giup/ho-tro-san-pham/bao-hanh/,Vietnam,Support - 일반,81
https://www.lg.com/vn/tro-giup/ho-tro-san-pham/cs-100MRGB96BS.ATV/,Vietnam,Support - 일반,85
https://www.lg.com/vn/tro-giup/ho-tro-san-pham/cs-100QNED86AS.ATV/,Vietnam,Support - 일반,85
https://www.lg.com/vn/tro-giup/ho-tro-san-pham/cs-100QNED86BS.ATV/,Vietnam,Support - 일반,85
https://www.lg.com/vn/tro-giup/ho-tro-san-pham/cs-105UC9T.ATVZ/,Vietnam,Support - 일반,85
https://www.lg.com/vn/tro-giup/ho-tro-san-pham/cs-13ZD970-G.AX51A5/,Vietnam,Support - 일반,85
https://www.lg.com/vn/tro-giup/ho-tro-san-pham/cs-13ZD980-G.AX52A5/,Vietnam,Support - 일반,85
https://www.lg.com/vn/tro-giup/ho-tro-san-pham/cs-14HQ901G-BP.ATV/,Vietnam,Support - 일반,86
https://www.lg.com/vn/tro-giup/ho-tro-san-pham/cs-14T90R-G.AH55A5/,Vietnam,Support - 일반,85
https://www.lg.com/vn/tro-giup/ho-tro-san-pham/cs-14T90S-G.AH55A5/,Vietnam,Support - 일반,85
https://www.lg.com/vn/tro-giup/ho-tro-san-pham/cs-14Z90N-V.AR50K/,Vietnam,Support - 일반,85
https://www.lg.com/vn/tro-giup/ho-tro-san-pham/cs-14Z90N-V.AR52A5/,Vietnam,Support - 일반,85
https://www.lg.com/vn/tro-giup/ho-tro-san-pham/cs-14Z90P-G.AH75A5/,Vietnam,Support - 일반,85
https://www.lg.com/vn/tro-giup/ho-tro-san-pham/cs-14Z90Q-G.AH75A5/,Vietnam,Support - 일반,85
https://www.lg.com/vn/tro-giup/ho-tro-san-pham/cs-14Z90Q-G.AJ32A5/,Vietnam,Support - 일반,85
https://www.lg.com/vn/tro-giup/ho-tro-san-pham/cs-14Z90Q-G.AJ53A5/,Vietnam,Support - 일반,85
https://www.lg.com/vn/tro-giup/ho-tro-san-pham/cs-14Z90R-G.AH53A5/,Vietnam,Support - 일반,85
https://www.lg.com/vn/tro-giup/ho-tro-san-pham/cs-14Z90R-G.AH75A5/,Vietnam,Support - 일반,85
https://www.lg.com/vn/tro-giup/ho-tro-san-pham/cs-14Z90RS-G.AH54A5/,Vietnam,Support - 일반,85
https://www.lg.com/vn/tro-giup/ho-tro-san-pham/cs-14Z90S-G.AH55A5/,Vietnam,Support - 일반,85
https://www.lg.com/vn/tro-giup/ho-tro-san-pham/cs-14Z90S-G.AH75A5/,Vietnam,Support - 일반,85
https://www.lg.com/vn/tro-giup/ho-tro-san-pham/cs-14Z90U-G.AN55A5/,Vietnam,Support - 일반,85
https://www.lg.com/vn/tro-giup/ho-tro-san-pham/cs-14Z970-G.AH52A5/,Vietnam,Support - 일반,86
https://www.lg.com/vn/tro-giup/ho-tro-san-pham/cs-14Z980-G.AH52A5/,Vietnam,Support - 일반,85
https://www.lg.com/vn/tro-giup/ho-tro-san-pham/cs-14ZD90N-V.AX53A5/,Vietnam,Support - 일반,85
https://www.lg.com/vn/tro-giup/ho-tro-san-pham/cs-14ZD90N-V.AX55A5/,Vietnam,Support - 일반,86
https://www.lg.com/vn/tro-giup/ho-tro-san-pham/cs-14ZD90P-G.AX51A5/,Vietnam,Support - 일반,85
https://www.lg.com/vn/tro-giup/ho-tro-san-pham/khac-phuc-su-co/help-library/cs-CT52001451-20155028349634/,Vietnam,Support - Troubleshoot,86
https://www.lg.com/vn/tro-giup/ho-tro-san-pham/khac-phuc-su-co/help-library/cs-CT52001451-20152940974134/,Vietnam,Support - Troubleshoot,86
https://www.lg.com/vn/tro-giup/ho-tro-san-pham/khac-phuc-su-co/help-library/cs-CT52001451-20155255793703/,Vietnam,Support - Troubleshoot,86
https://www.lg.com/vn/tro-giup/ho-tro-san-pham/khac-phuc-su-co/help-library/cs-CT52001451-20155102802037/,Vietnam,Support - Troubleshoot,86
https://www.lg.com/vn/tro-giup/ho-tro-san-pham/khac-phuc-su-co/help-library/cs-CT52001452-20155048198576/,Vietnam,Support - Troubleshoot,86
https://www.lg.com/vn/tro-giup/ho-tro-san-pham/khac-phuc-su-co/help-library/cs-CT52001451-20155029323585/,Vietnam,Support - Troubleshoot,86
https://www.lg.com/vn/tro-giup/ho-tro-san-pham/khac-phuc-su-co/help-library/cs-CT52001451-20155004256211/,Vietnam,Support - Troubleshoot,86
https://www.lg.com/vn/tro-giup/ho-tro-san-pham/khac-phuc-su-co/help-library/cs-CT32012582-20155117737831,Vietnam,Support - Troubleshoot,86
https://www.lg.com/vn/tro-giup/ho-tro-san-pham/khac-phuc-su-co/help-library/cs-CT32015582-20155104844850,Vietnam,Support - Troubleshoot,86
https://www.lg.com/vn/tro-giup/ho-tro-san-pham/khac-phuc-su-co/help-library/cs-CT52001452-20155297259457/,Vietnam,Support - Troubleshoot,86
https://www.lg.com/vn/tro-giup/ho-tro-san-pham/khac-phuc-su-co/help-library/cs-CT52001452-20155304392472/,Vietnam,Support - Troubleshoot,86
https://www.lg.com/vn/tro-giup/ho-tro-san-pham/khac-phuc-su-co/help-library/cs-CT32012582-20155048193118,Vietnam,Support - Troubleshoot,86
https://www.lg.com/vn/tro-giup/ho-tro-san-pham/khac-phuc-su-co/help-library/cs-CT32012582-20155060949611,Vietnam,Support - Troubleshoot,86
https://www.lg.com/vn/tro-giup/ho-tro-san-pham/khac-phuc-su-co/help-library/cs-CT52001451-20155103101985/,Vietnam,Support - Troubleshoot,86
https://www.lg.com/vn/tro-giup/ho-tro-san-pham/khac-phuc-su-co/help-library/cs-CT52001451-20155377740669/,Vietnam,Support - Troubleshoot,86
https://www.lg.com/vn/tro-giup/ho-tro-san-pham/khac-phuc-su-co/help-library/cs-CT52001450-20155105903674,Vietnam,Support - Troubleshoot,86
https://www.lg.com/vn/tro-giup/ho-tro-san-pham/khac-phuc-su-co/help-library/cs-CT52001451-20155101722942/,Vietnam,Support - Troubleshoot,86
https://www.lg.com/vn/tro-giup/ho-tro-san-pham/khac-phuc-su-co/help-library/cs-CT32015582-20155069781221,Vietnam,Support - Troubleshoot,86
https://www.lg.com/vn/tro-giup/ho-tro-san-pham/khac-phuc-su-co/help-library/cs-CT52001450-20155130449019,Vietnam,Support - Troubleshoot,86
https://www.lg.com/vn/tro-giup/ho-tro-san-pham/khac-phuc-su-co/help-library/cs-CT52001450-20155377724013,Vietnam,Support - Troubleshoot,86
https://www.lg.com/vn/tro-giup/ho-tro-san-pham/khac-phuc-su-co/help-library/cs-CT52001451-20155103114569/,Vietnam,Support - Troubleshoot,86
https://www.lg.com/vn/tro-giup/ho-tro-san-pham/khac-phuc-su-co/help-library/cs-CT52001453-20155410299212/,Vietnam,Support - Troubleshoot,86
https://www.lg.com/vn/tro-giup/ho-tro-san-pham/khac-phuc-su-co/help-library/cs-CT52001451-20155105958736/,Vietnam,Support - Troubleshoot,86
https://www.lg.com/vn/tro-giup/ho-tro-san-pham/khac-phuc-su-co/help-library/cs-CT52001450-20155063963359,Vietnam,Support - Troubleshoot,86
https://www.lg.com/vn/tro-giup/ho-tro-san-pham/khac-phuc-su-co/help-library/cs-CT52001450-20155115745225,Vietnam,Support - Troubleshoot,86
https://www.lg.com/vn/tro-giup/ho-tro-san-pham/khac-phuc-su-co/help-library/cs-CT52001453-20155381409648/,Vietnam,Support - Troubleshoot,86
https://www.lg.com/vn/tro-giup/ho-tro-san-pham/khac-phuc-su-co/help-library/cs-CT52001453-20155311250480/,Vietnam,Support - Troubleshoot,86
https://www.lg.com/vn/tro-giup/ho-tro-san-pham/khac-phuc-su-co/help-library/cs-CT52001453-20155410117264/,Vietnam,Support - Troubleshoot,86
https://www.lg.com/vn/tro-giup/ho-tro-san-pham/khac-phuc-su-co/help-library/cs-CT52001451-20155028326077/,Vietnam,Support - Troubleshoot,86
https://www.lg.com/vn/tro-giup/ho-tro-san-pham/khac-phuc-su-co/help-library/cs-CT52001452-20155366428870/,Vietnam,Support - Troubleshoot,86
https://www.lg.com/vn/tro-giup/ho-tro-san-pham/khac-phuc-su-co/help-library/cs-CT52001451-20155352262364/,Vietnam,Support - Troubleshoot,86
https://www.lg.com/vn/tro-giup/ho-tro-san-pham/khac-phuc-su-co/help-library/cs-CT52001451-20155102825706/,Vietnam,Support - Troubleshoot,86
https://www.lg.com/vn/tro-giup/ho-tro-san-pham/khac-phuc-su-co/help-library/cs-CT52001453-20155268430200/,Vietnam,Support - Troubleshoot,86
https://www.lg.com/vn/tro-giup/ho-tro-san-pham/khac-phuc-su-co/help-library/cs-CT52001453-20155028298643/,Vietnam,Support - Troubleshoot,86
https://www.lg.com/vn/tro-giup/ho-tro-san-pham/khac-phuc-su-co/help-library/cs-CT52001451-20155379440644/,Vietnam,Support - Troubleshoot,86
https://www.lg.com/vn/tro-giup/ho-tro-san-pham/khac-phuc-su-co/help-library/cs-CT52001451-20155027808547/,Vietnam,Support - Troubleshoot,86
https://www.lg.com/vn/tro-giup/ho-tro-san-pham/khac-phuc-su-co/help-library/cs-CT52001451-20155021168532/,Vietnam,Support - Troubleshoot,86
https://www.lg.com/vn/tro-giup/ho-tro-san-pham/khac-phuc-su-co/help-library/cs-CT52001450-20155154194138,Vietnam,Support - Troubleshoot,86
https://www.lg.com/vn/tro-giup/ho-tro-san-pham/khac-phuc-su-co/help-library/cs-CT52001453-20155105903304/,Vietnam,Support - Troubleshoot,86
https://www.lg.com/vn/tro-giup/ho-tro-san-pham/khac-phuc-su-co/help-library/cs-CT52001450-20152940974120/,Vietnam,Support - Troubleshoot,86
https://www.lg.com/vn/tro-giup/ho-tro-san-pham/khac-phuc-su-co/help-library/cs-CT52001453-20155268094238/,Vietnam,Support - Troubleshoot,86
https://www.lg.com/vn/tro-giup/ho-tro-san-pham/khac-phuc-su-co/help-library/cs-CT52001452-20155118509883/,Vietnam,Support - Troubleshoot,86
https://www.lg.com/vn/tro-giup/ho-tro-san-pham/khac-phuc-su-co/help-library/cs-CT52001453-20155409998420/,Vietnam,Support - Troubleshoot,86
https://www.lg.com/vn/tro-giup/ho-tro-san-pham/khac-phuc-su-co/help-library/cs-CT52001453-20155311467206/,Vietnam,Support - Troubleshoot,86
https://www.lg.com/vn/tro-giup/ho-tro-san-pham/khac-phuc-su-co/help-library/cs-CT52001451-20155048219498/,Vietnam,Support - Troubleshoot,86
https://www.lg.com/vn/tro-giup/ho-tro-san-pham/khac-phuc-su-co/help-library/cs-CT52001451-20155379611900/,Vietnam,Support - Troubleshoot,86
https://www.lg.com/vn/tro-giup/ho-tro-san-pham/khac-phuc-su-co/help-library/cs-CT52001451-20155114038199/,Vietnam,Support - Troubleshoot,86
https://www.lg.com/vn/tro-giup/ho-tro-san-pham/khac-phuc-su-co/help-library/cs-CT52001451-20155048213973/,Vietnam,Support - Troubleshoot,86
https://www.lg.com/vn/tro-giup/ho-tro-san-pham/khac-phuc-su-co/help-library/cs-CT52001452-20155412582167/,Vietnam,Support - Troubleshoot,86
https://www.lg.com/vn/tro-giup/ho-tro-san-pham/khac-phuc-su-co/help-library/cs-CT52001451-20155102838630/,Vietnam,Support - Troubleshoot,86
https://www.lg.com/vn/tro-giup/ho-tro-san-pham/khac-phuc-su-co/help-library/cs-CT52001451-20155348063962/,Vietnam,Support - Troubleshoot,86
https://www.lg.com/vn/tro-giup/ho-tro-san-pham/khac-phuc-su-co/help-library/cs-CT52001453-20155311302731/,Vietnam,Support - Troubleshoot,86
https://www.lg.com/vn/tro-giup/ho-tro-san-pham/khac-phuc-su-co/help-library/cs-CT52001451-20155412221069,Vietnam,Support - Troubleshoot,86
https://www.lg.com/vn/tro-giup/ho-tro-san-pham/khac-phuc-su-co/help-library/cs-CT52001451-20155102958033/,Vietnam,Support - Troubleshoot,86
https://www.lg.com/vn/tro-giup/ho-tro-san-pham/khac-phuc-su-co/help-library/cs-CT52001453-20155269017995/,Vietnam,Support - Troubleshoot,86
https://www.lg.com/vn/tro-giup/ho-tro-san-pham/khac-phuc-su-co/help-library/cs-CT52001452-20155363608496/,Vietnam,Support - Troubleshoot,86
https://www.lg.com/vn/tro-giup/ho-tro-san-pham/khac-phuc-su-co/help-library/cs-CT52001451-20155101726202/,Vietnam,Support - Troubleshoot,86
https://www.lg.com/vn/tro-giup/ho-tro-san-pham/khac-phuc-su-co/help-library/cs-CT52001451-20155272228532/,Vietnam,Support - Troubleshoot,86
https://www.lg.com/vn/tro-giup/ho-tro-san-pham/khac-phuc-su-co/help-library/cs-CT52001451-20155295257617/,Vietnam,Support - Troubleshoot,86
https://www.lg.com/vn/tro-giup/ho-tro-san-pham/khac-phuc-su-co/help-library/cs-CT52001451-20155102984224/,Vietnam,Support - Troubleshoot,86
https://www.lg.com/vn/tro-giup/ho-tro-san-pham/khac-phuc-su-co/help-library/cs-CT32015582-20155021554514,Vietnam,Support - Troubleshoot,86
https://www.lg.com/vn/tro-giup/ho-tro-san-pham/khac-phuc-su-co/help-library/cs-CT52001451-20155102926072/,Vietnam,Support - Troubleshoot,86
https://www.lg.com/vn/tro-giup/ho-tro-san-pham/khac-phuc-su-co/help-library/cs-CT52001451-20155101752363/,Vietnam,Support - Troubleshoot,86
https://www.lg.com/vn/tro-giup/ho-tro-san-pham/khac-phuc-su-co/help-library/cs-CT52001451-20155179485201/,Vietnam,Support - Troubleshoot,86
https://www.lg.com/vn/tro-giup/ho-tro-san-pham/khac-phuc-su-co/help-library/cs-CT52001453-20155114292926/,Vietnam,Support - Troubleshoot,86
https://www.lg.com/vn/tro-giup/ho-tro-san-pham/khac-phuc-su-co/help-library/cs-CT52001453-20155331411249/,Vietnam,Support - Troubleshoot,86
https://www.lg.com/vn/tro-giup/ho-tro-san-pham/khac-phuc-su-co/help-library/cs-CT52001453-20155014968359/,Vietnam,Support - Troubleshoot,86
https://www.lg.com/vn/tro-giup/ho-tro-san-pham/khac-phuc-su-co/help-library/cs-CT52001453-20155051198490/,Vietnam,Support - Troubleshoot,86
https://www.lg.com/vn/tro-giup/ho-tro-san-pham/khac-phuc-su-co/help-library/cs-CT32015582-20155119015114,Vietnam,Support - Troubleshoot,86
https://www.lg.com/vn/tro-giup/ho-tro-san-pham/khac-phuc-su-co/help-library/cs-CT52001451-20155333898545/,Vietnam,Support - Troubleshoot,86
https://www.lg.com/vn/tro-giup/ho-tro-san-pham/khac-phuc-su-co/help-library/cs-CT52001450-20155019532105,Vietnam,Support - Troubleshoot,86
https://www.lg.com/vn/tro-giup/ho-tro-san-pham/khac-phuc-su-co/help-library/cs-CT52001452-20155198573808/,Vietnam,Support - Troubleshoot,86
https://www.lg.com/vn/tro-giup/ho-tro-san-pham/khac-phuc-su-co/help-library/cs-CT52001452-20155062102779/,Vietnam,Support - Troubleshoot,86
https://www.lg.com/vn/tro-giup/ho-tro-san-pham/khac-phuc-su-co/help-library/cs-CT52001451-20155251420341/,Vietnam,Support - Troubleshoot,86
https://www.lg.com/vn/tro-giup/ho-tro-san-pham/khac-phuc-su-co/help-library/cs-CT52001453-20155410408834/,Vietnam,Support - Troubleshoot,86
https://www.lg.com/vn/tro-giup/ho-tro-san-pham/khac-phuc-su-co/help-library/cs-CT52001450-20154992575281,Vietnam,Support - Troubleshoot,86
https://www.lg.com/vn/tro-giup/ho-tro-san-pham/khac-phuc-su-co/help-library/cs-CT52001453-20155311513384/,Vietnam,Support - Troubleshoot,86
https://www.lg.com/vn/tro-giup/ho-tro-san-pham/khac-phuc-su-co/help-library/cs-CT52001453-20155410264397/,Vietnam,Support - Troubleshoot,86
https://www.lg.com/vn/tro-giup/ho-tro-san-pham/khac-phuc-su-co/help-library/cs-CT52001451-20155102804074/,Vietnam,Support - Troubleshoot,86
https://www.lg.com/vn/tro-giup/ho-tro-san-pham/khac-phuc-su-co/help-library/cs-CT52001451-20155177659387/,Vietnam,Support - Troubleshoot,86
https://www.lg.com/vn/tro-giup/ho-tro-san-pham/khac-phuc-su-co/help-library/cs-CT52001451-20155101726120/,Vietnam,Support - Troubleshoot,86
https://www.lg.com/vn/tro-giup/ho-tro-san-pham/khac-phuc-su-co/help-library/cs-CT52001453-20152942594178/,Vietnam,Support - Troubleshoot,86
https://www.lg.com/vn/tro-giup/ho-tro-san-pham/khac-phuc-su-co/help-library/cs-CT52001453-20155113411585/,Vietnam,Support - Troubleshoot,86
https://www.lg.com/vn/tro-giup/ho-tro-san-pham/khac-phuc-su-co/help-library/cs-CT52001451-20152940974138/,Vietnam,Support - Troubleshoot,86
https://www.lg.com/vn/tro-giup/ho-tro-san-pham/khac-phuc-su-co/help-library/cs-CT32012582-20155060989571,Vietnam,Support - Troubleshoot,86
https://www.lg.com/vn/tro-giup/ho-tro-san-pham/khac-phuc-su-co/help-library/cs-CT52001451-20155272214286/,Vietnam,Support - Troubleshoot,86
https://www.lg.com/vn/tro-giup/ho-tro-san-pham/khac-phuc-su-co/help-library/cs-CT52001451-20155297573334,Vietnam,Support - Troubleshoot,86
https://www.lg.com/vn/tro-giup/ho-tro-san-pham/khac-phuc-su-co/help-library/cs-CT52001453-20155311267099/,Vietnam,Support - Troubleshoot,86
https://www.lg.com/vn/tro-giup/ho-tro-san-pham/khac-phuc-su-co/help-library/cs-CT52001452-20155115753287/,Vietnam,Support - Troubleshoot,86
https://www.lg.com/vn/tro-giup/ho-tro-san-pham/khac-phuc-su-co/help-library/cs-CT52001450-20155155365480,Vietnam,Support - Troubleshoot,86
https://www.lg.com/vn/tro-giup/ho-tro-san-pham/khac-phuc-su-co/help-library/cs-CT52001451-20155209283596/,Vietnam,Support - Troubleshoot,86
https://www.lg.com/vn/tro-giup/ho-tro-san-pham/khac-phuc-su-co/help-library/cs-CT52001453-20154967824397/,Vietnam,Support - Troubleshoot,86
https://www.lg.com/vn/tro-giup/ho-tro-san-pham/khac-phuc-su-co/help-library/cs-CT52001451-20155101720723/,Vietnam,Support - Troubleshoot,86
https://www.lg.com/vn/tro-giup/ho-tro-san-pham/khac-phuc-su-co/help-library/cs-CT52001451-20155102797835/,Vietnam,Support - Troubleshoot,86
https://www.lg.com/vn/tro-giup/ho-tro-san-pham/khac-phuc-su-co/help-library/cs-CT52001451-20155048207534/,Vietnam,Support - Troubleshoot,86
https://www.lg.com/vn/tro-giup/ho-tro-san-pham/khac-phuc-su-co/help-library/cs-CT32015582-20155181430882,Vietnam,Support - Troubleshoot,86
https://www.lg.com/vn/tro-giup/ho-tro-san-pham/khac-phuc-su-co/help-library/cs-CT52001451-20155092741903/,Vietnam,Support - Troubleshoot,86
https://www.lg.com/vn/tro-giup/ho-tro-san-pham/khac-phuc-su-co/help-library/cs-CT52001453-20155219511382/,Vietnam,Support - Troubleshoot,86
https://www.lg.com/vn/tro-giup/ho-tro-san-pham/khac-phuc-su-co/help-library/cs-CT52001452-20155342676241/,Vietnam,Support - Troubleshoot,86
https://www.lg.com/vn/tro-giup/ho-tro-san-pham/khac-phuc-su-co/help-library/cs-CT52001451-20152942594168/,Vietnam,Support - Troubleshoot,86
