url,country,page_type,score
https://www.lg.com/be/tvs-soundbars/oled-evo/oled55c5elb-dsc9s/,Belgium,제품 상세 (PDP),81
https://www.lg.com/be/tvs-soundbars/oled-evo/oled42c5elb-ds60t/,Belgium,제품 상세 (PDP),81
https://www.lg.com/be/televisies-soundbars/gallery-tv-with-fram/65lx7b6la/,Belgium,제품 상세 (PDP),84
https://www.lg.com/be/tvs-soundbars/oled-evo/oled77c5elb-dsc9s/,Belgium,제품 상세 (PDP),81
https://www.lg.com/be/televisies-soundbars/mini-rgb-evo/55mrgb88b9b/,Belgium,제품 상세 (PDP),84
https://www.lg.com/be/televisies-soundbars/mini-rgb-evo/55mrgb86b9a/,Belgium,제품 상세 (PDP),84
https://www.lg.com/be/tvs-soundbars/oled-evo/oled65c5elb-dsc9s/,Belgium,제품 상세 (PDP),81
https://www.lg.com/be/televisies-soundbars/mini-rgb-evo/50mrgb88b9b/,Belgium,제품 상세 (PDP),84
https://www.lg.com/be/televisies-soundbars/mini-rgb-evo/50mrgb86b9a/,Belgium,제품 상세 (PDP),84
https://www.lg.com/be/monitoren/full-hd-qhd-monitoren/24ba550-b/,Belgium,제품 상세 (PDP),78
https://www.lg.com/be/zakelijke-monitoren/cloud-monitoren/24cq651w-bp/,Belgium,제품 상세 (PDP),84
https://www.lg.com/be/zakelijke-monitoren/cloud-monitoren/24cq651n-6n/,Belgium,제품 상세 (PDP),84
https://www.lg.com/be/monitoren/full-hd-qhd-monitoren/24br550y-c/,Belgium,제품 상세 (PDP),84
https://www.lg.com/be/zakelijke-monitoren/cloud-monitoren/24cr661n-2p/,Belgium,제품 상세 (PDP),77
https://www.lg.com/be/monitoren/full-hd-qhd-monitoren/24ba560-b/,Belgium,제품 상세 (PDP),78
https://www.lg.com/be/zakelijke-monitoren/cloud-monitoren/cq600i-6p/,Belgium,제품 상세 (PDP),87
https://www.lg.com/be/zakelijke-monitoren/cloud-monitoren/cq600n-6p/,Belgium,제품 상세 (PDP),81
https://www.lg.com/be/zakelijke-monitoren/cloud-monitoren/cq601n-2p/,Belgium,제품 상세 (PDP),81
https://www.lg.com/be/zakelijke-monitoren/cloud-monitoren/cq600n-6n/,Belgium,제품 상세 (PDP),87
https://www.lg.com/be/zakelijke-monitoren/cloud-monitoren/34cr651n-6p/,Belgium,제품 상세 (PDP),81
https://www.lg.com/be/zakelijke-monitoren/cloud-monitoren/24cr671n-2p/,Belgium,제품 상세 (PDP),84
https://www.lg.com/be/monitoren/full-hd-qhd-monitoren/27ba560-b/,Belgium,제품 상세 (PDP),78
https://www.lg.com/be/monitoren/full-hd-qhd-monitoren/27ba450-b/,Belgium,제품 상세 (PDP),78
https://www.lg.com/be/monitoren/full-hd-qhd-monitoren/27ba550-b/,Belgium,제품 상세 (PDP),78
https://www.lg.com/be/monitoren/full-hd-qhd-monitoren/24ba850-b/,Belgium,제품 상세 (PDP),78
https://www.lg.com/be/monitoren/full-hd-qhd-monitoren/24ba650-b/,Belgium,제품 상세 (PDP),78
https://www.lg.com/be/monitoren/full-hd-qhd-monitoren/24ba750-b/,Belgium,제품 상세 (PDP),78
https://www.lg.com/be/monitoren/full-hd-qhd-monitoren/27ba650-b/,Belgium,제품 상세 (PDP),78
https://www.lg.com/be/zakelijke-monitoren/medische-monitoren/21hq513d-b/,Belgium,제품 상세 (PDP),75
https://www.lg.com/be/monitoren/full-hd-qhd-monitoren/27br550y-c/,Belgium,제품 상세 (PDP),84
https://www.lg.com/be/zakelijke-monitoren/medische-monitoren/27hj712c/,Belgium,제품 상세 (PDP),84
https://www.lg.com/be/monitoren/full-hd-qhd-monitoren/27ba850-b/,Belgium,제품 상세 (PDP),78
https://www.lg.com/be/monitoren/full-hd-qhd-monitoren/34bq77qc-b/,Belgium,제품 상세 (PDP),84
https://www.lg.com/be/monitoren/ultrafine-uhd-4k-5k-monitoren/27up650k-w-27up/,Belgium,제품 상세 (PDP),84
https://www.lg.com/be/zakelijke-monitoren/medische-monitoren/32hq713d-b/,Belgium,제품 상세 (PDP),78
https://www.lg.com/be/monitoren/full-hd-qhd-monitoren/32mr50c-b/,Belgium,제품 상세 (PDP),81
https://www.lg.com/be/monitoren/full-hd-qhd-monitoren/27ba750-b/,Belgium,제품 상세 (PDP),78
https://www.lg.com/be/monitoren/myview-smart-monitoren/32u889sa-w/,Belgium,제품 상세 (PDP),84
https://www.lg.com/be/monitoren/myview-smart-monitoren/32u850sa-w/,Belgium,제품 상세 (PDP),84
https://www.lg.com/be/zakelijke-monitoren/medische-monitoren/21hq613d-b/,Belgium,제품 상세 (PDP),78
https://www.lg.com/be/zakelijke-monitoren/medische-monitoren/27hq710s-w/,Belgium,제품 상세 (PDP),78
https://www.lg.com/be/zakelijke-monitoren/medische-monitoren/24hr513c-b/,Belgium,제품 상세 (PDP),81
https://www.lg.com/be/zakelijke-monitoren/medische-monitoren/27hj713c-b/,Belgium,제품 상세 (PDP),81
https://www.lg.com/be/monitoren/full-hd-qhd-monitoren/27br650b-c/,Belgium,제품 상세 (PDP),81
https://www.lg.com/be/monitoren/myview-smart-monitoren/37u730sa-w/,Belgium,제품 상세 (PDP),81
https://www.lg.com/be/monitoren/full-hd-qhd-monitoren/27ba65qb-b/,Belgium,제품 상세 (PDP),78
https://www.lg.com/be/monitoren/ultrafine-uhd-4k-5k-monitoren/32uq850v-w/,Belgium,제품 상세 (PDP),84
https://www.lg.com/be/monitoren/ultrafine-uhd-4k-5k-monitoren/32u720a-b/,Belgium,제품 상세 (PDP),84
https://www.lg.com/be/monitoren/ultrafine-uhd-4k-5k-monitoren/27up850k-w/,Belgium,제품 상세 (PDP),78
https://www.lg.com/be/monitoren/ultrafine-uhd-4k-5k-monitoren/27up650k-w/,Belgium,제품 상세 (PDP),84
https://www.lg.com/be/monitoren/ultrafine-uhd-4k-5k-monitoren/27up850k-w-27up/,Belgium,제품 상세 (PDP),78
https://www.lg.com/be/monitoren/ultrafine-uhd-4k-5k-monitoren/32un880k-b/,Belgium,제품 상세 (PDP),84
https://www.lg.com/be/monitoren/ultrafine-uhd-4k-5k-monitoren/27uq850v-w/,Belgium,제품 상세 (PDP),84
https://www.lg.com/be/residentiele-airconditioners/a12ft/,Belgium,제품 상세 (PDP),77
https://www.lg.com/be/residentiele-airconditioners/a09ft/,Belgium,제품 상세 (PDP),77
https://www.lg.com/be/residentiele-airconditioners/a12ga2/,Belgium,제품 상세 (PDP),84
https://www.lg.com/be/residentiele-airconditioners/a09ga2/,Belgium,제품 상세 (PDP),84
https://www.lg.com/be/residentiele-airconditioners/a12ga1/,Belgium,제품 상세 (PDP),84
https://www.lg.com/be/residentiele-airconditioners/a09ga1/,Belgium,제품 상세 (PDP),84
https://www.lg.com/be/residentiele-airconditioners/aa18sp/,Belgium,제품 상세 (PDP),84
https://www.lg.com/be/residentiele-airconditioners/aa12sp/,Belgium,제품 상세 (PDP),84
https://www.lg.com/be/residentiele-airconditioners/aa09sp/,Belgium,제품 상세 (PDP),81
https://www.lg.com/be/residentiele-airconditioners/ap12rt/,Belgium,제품 상세 (PDP),81
https://www.lg.com/be/residentiele-airconditioners/ac12bk/,Belgium,제품 상세 (PDP),81
https://www.lg.com/be/residentiele-airconditioners/f09mt/,Belgium,제품 상세 (PDP),77
https://www.lg.com/be/residentiele-airconditioners/h09s1pa/,Belgium,제품 상세 (PDP),81
https://www.lg.com/be/residentiele-airconditioners/dc09rk/,Belgium,제품 상세 (PDP),81
https://www.lg.com/be/residentiele-airconditioners/ac18bk/,Belgium,제품 상세 (PDP),81
https://www.lg.com/be/residentiele-airconditioners/ac24bk/,Belgium,제품 상세 (PDP),81
https://www.lg.com/be/residentiele-airconditioners/h09s1p/,Belgium,제품 상세 (PDP),88
https://www.lg.com/be/residentiele-airconditioners/h12s1p/,Belgium,제품 상세 (PDP),88
https://www.lg.com/be/residentiele-airconditioners/h24s1da/,Belgium,제품 상세 (PDP),81
https://www.lg.com/be/residentiele-airconditioners/h12s1pa/,Belgium,제품 상세 (PDP),81
https://www.lg.com/be/residentiele-airconditioners/h12s1da/,Belgium,제품 상세 (PDP),81
https://www.lg.com/be/residentiele-airconditioners/h18s1da/,Belgium,제품 상세 (PDP),81
https://www.lg.com/be/residentiele-airconditioners/ac09bk/,Belgium,제품 상세 (PDP),81
https://www.lg.com/be/residentiele-airconditioners/ap09rt/,Belgium,제품 상세 (PDP),81
https://www.lg.com/be/lifestyle-screens/stanbyme/27lx6tdga/,Belgium,제품 상세 (PDP),81
https://www.lg.com/be/televisies-soundbars/oled-evo/oled65c56lb/,Belgium,제품 상세 (PDP),84
https://www.lg.com/be/wasmachines-en-drogers/drogers/rhx1009nwb/,Belgium,제품 상세 (PDP),88
https://www.lg.com/be/lifestyle-screens/stanbyme/stanbyme-xboom/,Belgium,제품 상세 (PDP),81
https://www.lg.com/be/koelkasten/amerikaanse-koelkasten/gsle81pybd/,Belgium,제품 상세 (PDP),81
https://www.lg.com/be/koelkasten/amerikaanse-koelkasten/gsle81pybc/,Belgium,제품 상세 (PDP),84
https://www.lg.com/be/monitoren/ultragear-gaming-monitoren/32gx850a-b/,Belgium,제품 상세 (PDP),81
https://www.lg.com/be/televisies-soundbars/oled-evo/oled65c5elb/,Belgium,제품 상세 (PDP),84
https://www.lg.com/be/wasmachines-en-drogers/drogers/rh90v9zven/,Belgium,제품 상세 (PDP),87
https://www.lg.com/be/wasmachines-en-drogers/drogers/rhx5009thb/,Belgium,제품 상세 (PDP),88
https://www.lg.com/be/soundsuite/h7-w7001/,Belgium,제품 상세 (PDP),81
https://www.lg.com/be/televisies-soundbars/oled-evo/oled65c55la/,Belgium,제품 상세 (PDP),84
https://www.lg.com/be/soundsuite/h7m7w7-m7m7m7001/,Belgium,제품 상세 (PDP),75
https://www.lg.com/be/soundsuite/h7/,Belgium,제품 상세 (PDP),78
https://www.lg.com/be/residentiele-airconditioners/pc18st/,Belgium,제품 상세 (PDP),81
https://www.lg.com/be/monitoren/ultragear-gaming-monitoren/27gx704a-b/,Belgium,제품 상세 (PDP),84
https://www.lg.com/be/residentiele-airconditioners/pc24sk/,Belgium,제품 상세 (PDP),81
https://www.lg.com/be/wasmachines-en-drogers/drogers/rt10x8b/,Belgium,제품 상세 (PDP),84
https://www.lg.com/be/monitoren/ultragear-gaming-monitoren/34gx90sa-w/,Belgium,제품 상세 (PDP),81
https://www.lg.com/be/koelkasten/amerikaanse-koelkasten/gsxe81evbd/,Belgium,제품 상세 (PDP),84
https://www.lg.com/be/koelkasten/amerikaanse-koelkasten/gsxe90evdd/,Belgium,제품 상세 (PDP),84
https://www.lg.com/be/televisies-soundbars/oled-evo/oled65c68la/,Belgium,제품 상세 (PDP),84
https://www.lg.com/be/soundsuite/m7-m7001/,Belgium,제품 상세 (PDP),78
https://www.lg.com/be/televisies-soundbars/oled-evo/oled65c68la-tf09tws/,Belgium,제품 상세 (PDP),84
https://www.lg.com/be/monitoren/ultragear-gaming-monitoren/34gx900a-b/,Belgium,제품 상세 (PDP),84
https://www.lg.com/be/wasmachines-en-drogers/drogers/rhx5010thb/,Belgium,제품 상세 (PDP),88
https://www.lg.com/be/soundsuite/m5/,Belgium,제품 상세 (PDP),81
https://www.lg.com/be/koelkasten/amerikaanse-koelkasten/gsle91evac/,Belgium,제품 상세 (PDP),84
https://www.lg.com/be/monitoren/ultragear-gaming-monitoren/39gx900a-b/,Belgium,제품 상세 (PDP),84
https://www.lg.com/be/koelkasten/amerikaanse-koelkasten/gsxe91evad/,Belgium,제품 상세 (PDP),84
https://www.lg.com/be/wasmachines-en-drogers/drogers/rt90x8yb/,Belgium,제품 상세 (PDP),84
https://www.lg.com/be/wasmachines-en-drogers/drogers/rt90x8/,Belgium,제품 상세 (PDP),84
https://www.lg.com/be/televisies-soundbars/oled-evo/oled65g55lw-dsg10ty/,Belgium,제품 상세 (PDP),84
https://www.lg.com/be/televisies-soundbars/oled-evo/oled65g55lw/,Belgium,제품 상세 (PDP),84
https://www.lg.com/be/soundsuite/m7-m7w7001/,Belgium,제품 상세 (PDP),81
https://www.lg.com/be/soundsuite/m7/,Belgium,제품 상세 (PDP),81
https://www.lg.com/be/televisies-soundbars/oled-evo/oled65c68la-dsc9s/,Belgium,제품 상세 (PDP),84
https://www.lg.com/be/wasmachines-en-drogers/drogers/rhx5009twb/,Belgium,제품 상세 (PDP),88
https://www.lg.com/be/soundsuite/m5-m5001/,Belgium,제품 상세 (PDP),78
https://www.lg.com/be/monitoren/ultragear-gaming-monitoren/34g600a-b/,Belgium,제품 상세 (PDP),84
https://www.lg.com/be/monitoren/ultragear-gaming-monitoren/37g800a-b/,Belgium,제품 상세 (PDP),84
https://www.lg.com/be/televisies-soundbars/oled-evo/oled65g56ls-dsg10ty/,Belgium,제품 상세 (PDP),84
https://www.lg.com/be/wasmachines-en-drogers/styler/s3mfc/,Belgium,제품 상세 (PDP),84
https://www.lg.com/be/koelkasten/amerikaanse-koelkasten/gsxv80pzle/,Belgium,제품 상세 (PDP),81
https://www.lg.com/be/koelkasten/french-door/gmg960evee/,Belgium,제품 상세 (PDP),84
https://www.lg.com/be/monitoren/ultragear-gaming-monitoren/45gx900a-27us550/,Belgium,제품 상세 (PDP),84
https://www.lg.com/be/monitoren/ultragear-gaming-monitoren/52g930b-b/,Belgium,제품 상세 (PDP),84
https://www.lg.com/be/wasmachines-en-drogers/was-droogcombi/f4dr3096n3w/,Belgium,제품 상세 (PDP),84
https://www.lg.com/be/soundsuite/w7/,Belgium,제품 상세 (PDP),75
https://www.lg.com/be/koelkasten/koel-vries-combinaties/gbbs312aev/,Belgium,제품 상세 (PDP),84
https://www.lg.com/be/monitoren/ultragear-gaming-monitoren/39gx950b-b/,Belgium,제품 상세 (PDP),81
https://www.lg.com/be/koelkasten/french-door/gmg860epbe/,Belgium,제품 상세 (PDP),84
https://www.lg.com/be/televisies-soundbars/oled-evo/oled65g56ls-h7m5m5/,Belgium,제품 상세 (PDP),84
https://www.lg.com/be/monitoren/ultragear-gaming-monitoren/45gx900a-b/,Belgium,제품 상세 (PDP),84
https://www.lg.com/be/televisies-soundbars/oled-evo/oled65g56ls-ds80tr/,Belgium,제품 상세 (PDP),84
https://www.lg.com/be/televisies-soundbars/oled-evo/oled65g56ls-m5m5/,Belgium,제품 상세 (PDP),84
https://www.lg.com/be/wasmachines-en-drogers/was-droogcombi/hpwd116a/,Belgium,제품 상세 (PDP),84
https://www.lg.com/be/koelkasten/koel-vries-combinaties/gbbs312cpy/,Belgium,제품 상세 (PDP),84
https://www.lg.com/be/monitoren/ultrawide-monitoren/34ba85qe-b/,Belgium,제품 상세 (PDP),84
https://www.lg.com/be/koelkasten/koel-vries-combinaties/gbbs312cev/,Belgium,제품 상세 (PDP),84
https://www.lg.com/be/wasmachines-en-drogers/was-droogcombi/wt1210egf/,Belgium,제품 상세 (PDP),81
https://www.lg.com/be/monitoren/ultrawide-monitoren/34u511a-b/,Belgium,제품 상세 (PDP),84
https://www.lg.com/be/televisies-soundbars/oled-evo/oled65g68lw-dsg10ty/,Belgium,제품 상세 (PDP),84
https://www.lg.com/be/televisies-soundbars/oled-evo/oled65g56ls/,Belgium,제품 상세 (PDP),84
https://www.lg.com/be/koelkasten/koel-vries-combinaties/gbbs322bev/,Belgium,제품 상세 (PDP),84
https://www.lg.com/be/monitoren/ultrawide-monitoren/34wk95up-w/,Belgium,제품 상세 (PDP),77
https://www.lg.com/be/televisies-soundbars/oled-evo/oled65g68lw/,Belgium,제품 상세 (PDP),84
https://www.lg.com/be/wasmachines-en-drogers/was-droogcombi/f4dr9537s2w/,Belgium,제품 상세 (PDP),81
https://www.lg.com/be/wasmachines-en-drogers/was-droogcombi/gd3r509s0/,Belgium,제품 상세 (PDP),84
https://www.lg.com/be/wasmachines-en-drogers/wasmachines-en-drogers-aanbiedingen/f4wx851y-dk2w/,Belgium,제품 상세 (PDP),84
https://www.lg.com/be/televisies-soundbars/oled-evo/oled65g68lw-tf09tws/,Belgium,제품 상세 (PDP),84
https://www.lg.com/be/koelkasten/koel-vries-combinaties/gbbs312bev/,Belgium,제품 상세 (PDP),84
https://www.lg.com/be/wasmachines-en-drogers/wasmachines-en-drogers-aanbiedingen/f4wx809y-dk2w/,Belgium,제품 상세 (PDP),84
https://www.lg.com/be/televisies-soundbars/oled-evo/oled65g56ls-m7m7/,Belgium,제품 상세 (PDP),84
https://www.lg.com/be/monitoren/ultrawide-monitoren/34u650a-b/,Belgium,제품 상세 (PDP),81
https://www.lg.com/be/televisies-soundbars/oled-evo/oled65g56ls-tf09tws/,Belgium,제품 상세 (PDP),84
https://www.lg.com/be/koelkasten/koel-vries-combinaties/gbbs312apy/,Belgium,제품 상세 (PDP),84
https://www.lg.com/be/koelkasten/koel-vries-combinaties/gbbs322apy/,Belgium,제품 상세 (PDP),84
https://www.lg.com/be/monitoren/ultrawide-monitoren/29u511a-b/,Belgium,제품 상세 (PDP),84
https://www.lg.com/be/monitoren/ultrawide-monitoren/34ba75qe-b/,Belgium,제품 상세 (PDP),84
https://www.lg.com/be/monitoren/ultrawide-monitoren/34wq73a-b/,Belgium,제품 상세 (PDP),84
https://www.lg.com/be/televisies-soundbars/oled-evo/oled65g69ls-tf09tws/,Belgium,제품 상세 (PDP),84
https://www.lg.com/be/wasmachines-en-drogers/wasmachines/f4wr7011syb/,Belgium,제품 상세 (PDP),84
https://www.lg.com/be/wasmachines-en-drogers/wasmachines/f4a1009nwk/,Belgium,제품 상세 (PDP),84
https://www.lg.com/be/koelkasten/koel-vries-combinaties/gbbs322bpy/,Belgium,제품 상세 (PDP),84
https://www.lg.com/be/wasmachines-en-drogers/wasmachines/f4wr9513s2w/,Belgium,제품 상세 (PDP),88
https://www.lg.com/be/wasmachines-en-drogers/wasmachines-en-drogers-aanbiedingen/f4wx859y-dk2w/,Belgium,제품 상세 (PDP),84
https://www.lg.com/be/koelkasten/koel-vries-combinaties/gbbs322cpy/,Belgium,제품 상세 (PDP),84
https://www.lg.com/be/televisies-soundbars/oled-evo/oled65g69ls-ds95tr/,Belgium,제품 상세 (PDP),84
https://www.lg.com/be/televisies-soundbars/oled-evo/oled65g69ls/,Belgium,제품 상세 (PDP),84
https://www.lg.com/be/wasmachines-en-drogers/wasmachines/f4wr7011syb-rh9zven/,Belgium,제품 상세 (PDP),78
https://www.lg.com/be/koelkasten/koel-vries-combinaties/gbbs322cev/,Belgium,제품 상세 (PDP),84
https://www.lg.com/be/koelkasten/koel-vries-combinaties/gbbs514amb/,Belgium,제품 상세 (PDP),84
https://www.lg.com/be/televisies-soundbars/oled-evo/oled77c54la-27lx6/,Belgium,제품 상세 (PDP),84
https://www.lg.com/be/monitoren/ultrawide-monitoren/49u950a-w/,Belgium,제품 상세 (PDP),81
https://www.lg.com/be/monitoren/ultrawide-monitoren/49u950a-27us550/,Belgium,제품 상세 (PDP),81
https://www.lg.com/be/koelkasten/koel-vries-combinaties/gbbs525cpy/,Belgium,제품 상세 (PDP),84
https://www.lg.com/be/wasmachines-en-drogers/wasmachines/f4wx809y/,Belgium,제품 상세 (PDP),84
https://www.lg.com/be/koelkasten/koel-vries-combinaties/gbbs524apy/,Belgium,제품 상세 (PDP),84
https://www.lg.com/be/koelkasten/koel-vries-combinaties/gbbs716cpy/,Belgium,제품 상세 (PDP),84
https://www.lg.com/be/wasmachines-en-drogers/wasmachines/f4wx803yb/,Belgium,제품 상세 (PDP),84
https://www.lg.com/be/televisies-soundbars/oled-evo/oled77c68la/,Belgium,제품 상세 (PDP),84
https://www.lg.com/be/wasmachines-en-drogers/wasmachines/f4wx809y-rt90x8/,Belgium,제품 상세 (PDP),84
https://www.lg.com/be/televisies-soundbars/oled-evo/oled77c5elb/,Belgium,제품 상세 (PDP),84
https://www.lg.com/be/televisies-soundbars/oled-evo/oled77g55lw-27lx6/,Belgium,제품 상세 (PDP),84
https://www.lg.com/be/televisies-soundbars/oled-evo/oled77g55lw-h7m7m7/,Belgium,제품 상세 (PDP),84
https://www.lg.com/be/koelkasten/koel-vries-combinaties/gbbs726cev-aevqeur/,Belgium,제품 상세 (PDP),84
https://www.lg.com/be/wasmachines-en-drogers/wasmachines/f4wx809yba/,Belgium,제품 상세 (PDP),84
https://www.lg.com/be/wasmachines-en-drogers/wasmachines/f4wx851y-rt90x8/,Belgium,제품 상세 (PDP),84
https://www.lg.com/be/koelkasten/koel-vries-combinaties/gbbs726cev/,Belgium,제품 상세 (PDP),84
https://www.lg.com/be/televisies-soundbars/oled-evo/oled77g55lw-m5m5/,Belgium,제품 상세 (PDP),84
https://www.lg.com/be/koelkasten/koel-vries-combinaties/gbbs514cpy/,Belgium,제품 상세 (PDP),78
https://www.lg.com/be/koelkasten/koel-vries-combinaties/gbbs524aev/,Belgium,제품 상세 (PDP),84
https://www.lg.com/be/koelkasten/koel-vries-combinaties/gbbs726aev/,Belgium,제품 상세 (PDP),88
https://www.lg.com/be/wasmachines-en-drogers/wasmachines/f4x1008nwh/,Belgium,제품 상세 (PDP),88
https://www.lg.com/be/koelkasten/koel-vries-combinaties/gbbsj10dsw/,Belgium,제품 상세 (PDP),84
https://www.lg.com/be/wasmachines-en-drogers/wasmachines/f4wx859y-rt90x8/,Belgium,제품 상세 (PDP),84
https://www.lg.com/be/koelkasten/koel-vries-combinaties/gbbsj11dep/,Belgium,제품 상세 (PDP),84
https://www.lg.com/be/televisies-soundbars/oled-evo/oled77g68lw/,Belgium,제품 상세 (PDP),84
https://www.lg.com/be/wasmachines-en-drogers/wasmachines/f4x1009nwb/,Belgium,제품 상세 (PDP),88
https://www.lg.com/be/televisies-soundbars/oled-evo/oled77g55lw/,Belgium,제품 상세 (PDP),84
https://www.lg.com/be/koelkasten/koel-vries-combinaties/gbbsj10dpy/,Belgium,제품 상세 (PDP),84
https://www.lg.com/be/wasmachines-en-drogers/wasmachines/f4wx851y/,Belgium,제품 상세 (PDP),84
https://www.lg.com/be/koelkasten/koel-vries-combinaties/gbbsj10esw/,Belgium,제품 상세 (PDP),84
https://www.lg.com/be/koelkasten/koel-vries-combinaties/gbbsj10eep/,Belgium,제품 상세 (PDP),88
https://www.lg.com/be/televisies-soundbars/oled-evo/oled77g55lw-m7m7/,Belgium,제품 상세 (PDP),84
https://www.lg.com/be/wasmachines-en-drogers/wasmachines/f4wx859y/,Belgium,제품 상세 (PDP),84
https://www.lg.com/be/televisies-soundbars/oled-evo/oled77g68lw-dsg10ty/,Belgium,제품 상세 (PDP),84
https://www.lg.com/be/televisies-soundbars/oled-evo/oled77m49la/,Belgium,제품 상세 (PDP),84
https://www.lg.com/be/koelkasten/koel-vries-combinaties/gbbw322aev/,Belgium,제품 상세 (PDP),81
https://www.lg.com/be/televisies-soundbars/oled-evo/oled83g45lw/,Belgium,제품 상세 (PDP),84
https://www.lg.com/be/koelkasten/koel-vries-combinaties/gbbsj1ccsw/,Belgium,제품 상세 (PDP),84
https://www.lg.com/be/koelkasten/koel-vries-combinaties/gbbsj20dsw/,Belgium,제품 상세 (PDP),78
https://www.lg.com/be/wasmachines-en-drogers/wasmachines/f4x5009twb/,Belgium,제품 상세 (PDP),81
https://www.lg.com/be/wasmachines-en-drogers/wasmachines/f4x5011thb/,Belgium,제품 상세 (PDP),84
https://www.lg.com/be/televisies-soundbars/oled-evo/oled83g55lw-27lx6/,Belgium,제품 상세 (PDP),84
https://www.lg.com/be/televisies-soundbars/oled-evo/oled83m49la/,Belgium,제품 상세 (PDP),84
https://www.lg.com/be/televisies-soundbars/oled-evo/oled83c56la/,Belgium,제품 상세 (PDP),84
https://www.lg.com/be/televisies-soundbars/oled-evo/oled83g68lw-dsg10ty/,Belgium,제품 상세 (PDP),84
https://www.lg.com/be/koelkasten/koel-vries-combinaties/gbgs514cev/,Belgium,제품 상세 (PDP),84
https://www.lg.com/be/koelkasten/koel-vries-combinaties/gbg5160cev/,Belgium,제품 상세 (PDP),84
https://www.lg.com/be/wasmachines-en-drogers/wasmachines/f4x5011twb/,Belgium,제품 상세 (PDP),84
https://www.lg.com/be/wasmachines-en-drogers/wasmachines/f4x5013thb/,Belgium,제품 상세 (PDP),88
https://www.lg.com/be/televisies-soundbars/oled-evo/oled83g68lw/,Belgium,제품 상세 (PDP),84
https://www.lg.com/be/wasmachines-en-drogers/wasmachines/f4x5009thbu/,Belgium,제품 상세 (PDP),84
https://www.lg.com/be/wasmachines-en-drogers/wasmachines/f4x5009thb/,Belgium,제품 상세 (PDP),84
https://www.lg.com/be/koelkasten/koel-vries-combinaties/gbbsj1ccep/,Belgium,제품 상세 (PDP),78
https://www.lg.com/be/koelkasten/koel-vries-combinaties/gbbsj1ccpy/,Belgium,제품 상세 (PDP),84
https://www.lg.com/be/wasmachines-en-drogers/wasmachines/f4x1009nwk/,Belgium,제품 상세 (PDP),84
https://www.lg.com/be/televisies-soundbars/oled-evo/oled77w69la/,Belgium,제품 상세 (PDP),84
https://www.lg.com/be/wasmachines-en-drogers/wasmachines/f4x5509tbb/,Belgium,제품 상세 (PDP),81
https://www.lg.com/be/televisies-soundbars/oled-evo/oled83c5ela/,Belgium,제품 상세 (PDP),84
https://www.lg.com/be/koelkasten/koelkast-vriezer/glm71mccsf/,Belgium,제품 상세 (PDP),88
https://www.lg.com/be/wasmachines-en-drogers/wasmachines/gc3r709s1-rh9av3n/,Belgium,제품 상세 (PDP),81
https://www.lg.com/be/televisies-soundbars/oled-evo/oled97g54lw/,Belgium,제품 상세 (PDP),84
https://www.lg.com/be/wasmachines-en-drogers/wasmachines/gc3r709s1-rh5av6n/,Belgium,제품 상세 (PDP),84
https://www.lg.com/be/koelkasten/koelkast-aanbiendingen/gbbs726aev/,Belgium,제품 상세 (PDP),84
https://www.lg.com/be/koelkasten/koelkast-vriezer/gfm61mccsf/,Belgium,제품 상세 (PDP),88
https://www.lg.com/be/televisies-soundbars/oled/oled48b68la/,Belgium,제품 상세 (PDP),84
https://www.lg.com/be/koelkasten/koelkast-vriezer/glt71swcsf/,Belgium,제품 상세 (PDP),84
https://www.lg.com/be/koelkasten/koelkast-vriezer/gft61swcsf/,Belgium,제품 상세 (PDP),84
https://www.lg.com/be/wasmachines-en-drogers/wasmachines/gc3r709s1-rh9av4n/,Belgium,제품 상세 (PDP),84
https://www.lg.com/be/wasmachines-en-drogers/wasmachines/gc3r709s1/,Belgium,제품 상세 (PDP),84
https://www.lg.com/be/televisies-soundbars/oled/oled48b56la-ds60t/,Belgium,제품 상세 (PDP),84
https://www.lg.com/be/televisies-soundbars/oled/oled48b46la/,Belgium,제품 상세 (PDP),84
https://www.lg.com/be/televisies-soundbars/oled-evo/oled97g45lw/,Belgium,제품 상세 (PDP),84
https://www.lg.com/be/wasmachines-en-drogers/wasmachines/f4x5511thb/,Belgium,제품 상세 (PDP),84
https://www.lg.com/be/wasmachines-en-drogers/wasmachines/f4x5509thb/,Belgium,제품 상세 (PDP),81
https://www.lg.com/be/televisies-soundbars/oled-evo/oled83w69la/,Belgium,제품 상세 (PDP),84
https://www.lg.com/be/televisies-soundbars/oled/oled48b56la/,Belgium,제품 상세 (PDP),84
https://www.lg.com/be/televisies-soundbars/oled/oled83b56la/,Belgium,제품 상세 (PDP),84
https://www.lg.com/be/televisies-soundbars/oled/oled97m49la/,Belgium,제품 상세 (PDP),84
https://www.lg.com/be/televisies-soundbars/oled/oled77t49la/,Belgium,제품 상세 (PDP),81
https://www.lg.com/be/televisies-soundbars/oled/oled65b56la/,Belgium,제품 상세 (PDP),84
https://www.lg.com/be/televisies-soundbars/oled/oled77b42la/,Belgium,제품 상세 (PDP),84
https://www.lg.com/be/televisies-soundbars/oled/oled77b68la/,Belgium,제품 상세 (PDP),84
https://www.lg.com/be/televisies-soundbars/oled/oled65b68la-ds70ty/,Belgium,제품 상세 (PDP),84
https://www.lg.com/be/televisies-soundbars/oled/oled77m59la/,Belgium,제품 상세 (PDP),84
https://www.lg.com/be/televisies-soundbars/oled/oled77b46la/,Belgium,제품 상세 (PDP),84
https://www.lg.com/be/televisies-soundbars/qned-evo/55qned82b6b/,Belgium,제품 상세 (PDP),84
https://www.lg.com/be/televisies-soundbars/qned-evo/55qned87a6b/,Belgium,제품 상세 (PDP),84
https://www.lg.com/be/televisies-soundbars/qned-evo/55qned86b6b/,Belgium,제품 상세 (PDP),84
https://www.lg.com/be/televisies-soundbars/qned-evo/100qned87b6/,Belgium,제품 상세 (PDP),84
https://www.lg.com/be/televisies-soundbars/qned-evo/50qned86b6b/,Belgium,제품 상세 (PDP),84
https://www.lg.com/be/televisies-soundbars/qned-evo/50qned87a6d/,Belgium,제품 상세 (PDP),84
https://www.lg.com/be/televisies-soundbars/qned-evo/43qned87a6d/,Belgium,제품 상세 (PDP),84
https://www.lg.com/be/televisies-soundbars/qned-evo/55qned92a6a/,Belgium,제품 상세 (PDP),84
https://www.lg.com/be/televisies-soundbars/oled/oled65b46la/,Belgium,제품 상세 (PDP),84
https://www.lg.com/be/televisies-soundbars/oled/oled65b42la/,Belgium,제품 상세 (PDP),84
https://www.lg.com/be/wasmachines-en-drogers/wasmachines/rhx1009nwk/,Belgium,제품 상세 (PDP),88
https://www.lg.com/be/televisies-soundbars/qned-evo/55qned93a6a/,Belgium,제품 상세 (PDP),84
https://www.lg.com/be/televisies-soundbars/oled/oled55b68la-ds70ty/,Belgium,제품 상세 (PDP),84
https://www.lg.com/be/wasmachines-en-drogers/wasmachines/w4x1095nwb/,Belgium,제품 상세 (PDP),88
https://www.lg.com/be/televisies-soundbars/qned-evo/100qned86a6/,Belgium,제품 상세 (PDP),84
https://www.lg.com/be/televisies-soundbars/qned-evo/65qned93b6a/,Belgium,제품 상세 (PDP),84
https://www.lg.com/be/televisies-soundbars/qned-evo/86qned86b6b-ds80tr/,Belgium,제품 상세 (PDP),84
https://www.lg.com/be/televisies-soundbars/qned/43qned70a6a/,Belgium,제품 상세 (PDP),84
https://www.lg.com/be/televisies-soundbars/qned-evo/85qned93a6a-ds80tr/,Belgium,제품 상세 (PDP),75
https://www.lg.com/be/televisies-soundbars/qned/43qned80a6a/,Belgium,제품 상세 (PDP),81
https://www.lg.com/be/televisies-soundbars/qned/43qned86a6c-ds40t/,Belgium,제품 상세 (PDP),84
https://www.lg.com/be/televisies-soundbars/qned-evo/75qned87a6b/,Belgium,제품 상세 (PDP),84
https://www.lg.com/be/televisies-soundbars/qned/43qned84a6c/,Belgium,제품 상세 (PDP),84
https://www.lg.com/be/televisies-soundbars/qned-evo/86qned85a6c/,Belgium,제품 상세 (PDP),84
https://www.lg.com/be/televisies-soundbars/qned/43qned82a6b/,Belgium,제품 상세 (PDP),84
https://www.lg.com/be/televisies-soundbars/qned-evo/65qned93a6a/,Belgium,제품 상세 (PDP),84
https://www.lg.com/be/televisies-soundbars/qned-evo/65qned82b6b/,Belgium,제품 상세 (PDP),84
https://www.lg.com/be/televisies-soundbars/qned-evo/86qned86b6b/,Belgium,제품 상세 (PDP),84
https://www.lg.com/be/televisies-soundbars/qned-evo/65qned86b6b/,Belgium,제품 상세 (PDP),84
https://www.lg.com/be/televisies-soundbars/qned-evo/65qned86a6a/,Belgium,제품 상세 (PDP),84
https://www.lg.com/be/televisies-soundbars/qned-evo/86qned86a6a/,Belgium,제품 상세 (PDP),84
https://www.lg.com/be/televisies-soundbars/qned-evo/75qned86a6a/,Belgium,제품 상세 (PDP),84
https://www.lg.com/be/televisies-soundbars/qned-evo/75qned8mb6a/,Belgium,제품 상세 (PDP),84
https://www.lg.com/be/televisies-soundbars/qned-evo/75qned86b6b/,Belgium,제품 상세 (PDP),84
https://www.lg.com/be/televisies-soundbars/qned-evo/85qned93a6a/,Belgium,제품 상세 (PDP),84
https://www.lg.com/be/televisies-soundbars/qned/55qned82a6b/,Belgium,제품 상세 (PDP),81
https://www.lg.com/be/televisies-soundbars/qned/55qned70a6a/,Belgium,제품 상세 (PDP),84
https://www.lg.com/be/televisies-soundbars/qned/55qned80a6a/,Belgium,제품 상세 (PDP),84
https://www.lg.com/be/televisies-soundbars/qned/55qned71b6b/,Belgium,제품 상세 (PDP),84
https://www.lg.com/be/televisies-soundbars/qned/65qned70a6a/,Belgium,제품 상세 (PDP),84
https://www.lg.com/be/televisies-soundbars/qned/65qned82a6b/,Belgium,제품 상세 (PDP),84
https://www.lg.com/be/televisies-soundbars/qned/50qned82a6b/,Belgium,제품 상세 (PDP),81
https://www.lg.com/be/televisies-soundbars/qned/50qned84a6c/,Belgium,제품 상세 (PDP),84
https://www.lg.com/be/televisies-soundbars/qned/65qned80a6a/,Belgium,제품 상세 (PDP),81
https://www.lg.com/be/televisies-soundbars/qned/65qned71b6b/,Belgium,제품 상세 (PDP),84
https://www.lg.com/be/televisies-soundbars/qned/65qned84a6c/,Belgium,제품 상세 (PDP),84
https://www.lg.com/be/televisies-soundbars/qned/55qned84a6c/,Belgium,제품 상세 (PDP),84
https://www.lg.com/be/televisies-soundbars/qned/50qned70a6a/,Belgium,제품 상세 (PDP),84
https://www.lg.com/be/televisies-soundbars/qned/50qned80a6a/,Belgium,제품 상세 (PDP),81
https://www.lg.com/be/televisies-soundbars/qned/43qned86a6c/,Belgium,제품 상세 (PDP),84
https://www.lg.com/be/televisies-soundbars/oled-evo/oled42c68la/,Belgium,제품 상세 (PDP),84
https://www.lg.com/be/televisies-soundbars/nanocell-tv/65nano82t6b/,Belgium,제품 상세 (PDP),84
https://www.lg.com/be/televisies-soundbars/oled-evo/oled42c54la/,Belgium,제품 상세 (PDP),84
https://www.lg.com/be/televisies-soundbars/nanocell-tv/75nano82t6b/,Belgium,제품 상세 (PDP),84
https://www.lg.com/be/televisies-soundbars/nanocell-tv/55nano82t6b/,Belgium,제품 상세 (PDP),84
https://www.lg.com/be/televisies-soundbars/oled-evo/oled42c54la-ds40t/,Belgium,제품 상세 (PDP),84
https://www.lg.com/be/televisies-soundbars/nanocell-tv/50nano82t6b/,Belgium,제품 상세 (PDP),84
https://www.lg.com/be/televisies-soundbars/oled-evo/oled48c55la/,Belgium,제품 상세 (PDP),84
https://www.lg.com/be/televisies-soundbars/oled-evo/oled42c55la/,Belgium,제품 상세 (PDP),84
https://www.lg.com/be/televisies-soundbars/mini-rgb-evo/65mrgb86b9a/,Belgium,제품 상세 (PDP),84
https://www.lg.com/be/televisies-soundbars/mini-rgb-evo/75mrgb86b9a/,Belgium,제품 상세 (PDP),84
https://www.lg.com/be/televisies-soundbars/nanocell-tv/43nano82t6b/,Belgium,제품 상세 (PDP),84
https://www.lg.com/be/televisies-soundbars/oled-evo/oled42c5elb/,Belgium,제품 상세 (PDP),84
https://www.lg.com/be/televisies-soundbars/oled-evo/oled48c54la/,Belgium,제품 상세 (PDP),84
https://www.lg.com/be/televisies-soundbars/oled-evo/OLED65G56LS-H7W7/,Belgium,제품 상세 (PDP),84
https://www.lg.com/be/televisies-soundbars/oled-evo/oled55g56ls/,Belgium,제품 상세 (PDP),84
https://www.lg.com/be/televisies-soundbars/oled-evo/oled55g68lw-tf09tws/,Belgium,제품 상세 (PDP),84
https://www.lg.com/be/audio/soundbars/ds60tr/,Belgium,제품 상세 (PDP),84
https://www.lg.com/be/televisies-soundbars/oled-evo/oled55g55lw-dsg10ty/,Belgium,제품 상세 (PDP),84
https://www.lg.com/be/televisies-soundbars/oled-evo/oled55g55lw/,Belgium,제품 상세 (PDP),84
https://www.lg.com/be/audio/soundbars/ds60t/,Belgium,제품 상세 (PDP),81
https://www.lg.com/be/audio/soundbars/ds40t/,Belgium,제품 상세 (PDP),81
https://www.lg.com/be/televisies-soundbars/oled-evo/oled55g68lw-ds80tr/,Belgium,제품 상세 (PDP),84
https://www.lg.com/be/zakelijke-monitoren/cloud-monitoren/24cq651n-2p/,Belgium,제품 상세 (PDP),77
https://www.lg.com/be/audio/soundbars/dsg10ty/,Belgium,제품 상세 (PDP),81
https://www.lg.com/be/audio/soundbars/spt8-s/,Belgium,제품 상세 (PDP),84
https://www.lg.com/be/audio/soundbars/ds70ty/,Belgium,제품 상세 (PDP),81
https://www.lg.com/be/audio/soundbars/dsc9s/,Belgium,제품 상세 (PDP),84
https://www.lg.com/be/monitoren/full-hd-qhd-monitoren/24ba450-b/,Belgium,제품 상세 (PDP),78
https://www.lg.com/be/audio/soundbars/ds95tr/,Belgium,제품 상세 (PDP),81
https://www.lg.com/be/audio/soundbars/ds80tr/,Belgium,제품 상세 (PDP),81
https://www.lg.com/be/audio/soundbars/ds70tr/,Belgium,제품 상세 (PDP),81
https://www.lg.com/be/witgoedaccessoires/koelkast/fss-002/,Belgium,제품 상세 (PDP),84
https://www.lg.com/be/wasmachines-en-drogers/drogers/rh18u8avcw/,Belgium,제품 상세 (PDP),84
https://www.lg.com/be/lifestyle-screens/objet-collection-easel/65art90e6qa/,Belgium,제품 상세 (PDP),84
https://www.lg.com/be/koelkasten/amerikaanse-koelkasten/gsgv80epld/,Belgium,제품 상세 (PDP),84
https://www.lg.com/be/monitoren/ultrafine-uhd-4k-5k-monitoren/40U990A-W/,Belgium,제품 상세 (PDP),81
https://www.lg.com/be/lifestyle-screens/objet-collection-pose/42lx1q6la/,Belgium,제품 상세 (PDP),81
https://www.lg.com/be/koelkasten/amerikaanse-koelkasten/gslc40eppe/,Belgium,제품 상세 (PDP),84
https://www.lg.com/be/combi-magnetrons/mj3965acs/,Belgium,제품 상세 (PDP),87
https://www.lg.com/be/combi-magnetrons/mj3965bib/,Belgium,제품 상세 (PDP),87
https://www.lg.com/be/monitoren/ultrafine-uhd-4k-5k-monitoren/40u990a-27us550/,Belgium,제품 상세 (PDP),81
https://www.lg.com/be/lucht-water-warmtepompen/hn0916t/,Belgium,제품 상세 (PDP),84
https://www.lg.com/be/lucht-water-warmtepompen/wh20s/,Belgium,제품 상세 (PDP),87
https://www.lg.com/be/televisies-soundbars/oled-evo/oled55g68lw/,Belgium,제품 상세 (PDP),84
https://www.lg.com/be/projectoren/PU615U/,Belgium,제품 상세 (PDP),84
https://www.lg.com/be/residentiele-airconditioners/p12snd/,Belgium,제품 상세 (PDP),81
https://www.lg.com/be/projectoren/pu615u-grab/,Belgium,제품 상세 (PDP),84
https://www.lg.com/be/residentiele-airconditioners/p09snd/,Belgium,제품 상세 (PDP),81
https://www.lg.com/be/lifestyle-screens/objet-collection-pose/55lx1q6la/,Belgium,제품 상세 (PDP),81
https://www.lg.com/be/wasmachines-en-drogers/drogers/rh90v5av6n/,Belgium,제품 상세 (PDP),90
https://www.lg.com/be/koelkasten/amerikaanse-koelkasten/gslc41eppe/,Belgium,제품 상세 (PDP),84
https://www.lg.com/be/witgoedaccessoires/wasmachine/dk2w/,Belgium,제품 상세 (PDP),84
https://www.lg.com/be/monitoren/ultragear-gaming-monitoren/27g610a-b/,Belgium,제품 상세 (PDP),84
https://www.lg.com/be/lifestyle-screens/objet-collection-pose/48lx1q6la/,Belgium,제품 상세 (PDP),81
https://www.lg.com/be/lucht-water-warmtepompen/wh27s/,Belgium,제품 상세 (PDP),87
https://www.lg.com/be/combi-magnetrons/ms2082h/,Belgium,제품 상세 (PDP),81
https://www.lg.com/be/residentiele-airconditioners/pc09st/,Belgium,제품 상세 (PDP),81
https://www.lg.com/be/televisies-soundbars/oled-evo/oled55g69ls-tf09tws/,Belgium,제품 상세 (PDP),84
https://www.lg.com/be/koelkasten/amerikaanse-koelkasten/gslc41pype/,Belgium,제품 상세 (PDP),84
https://www.lg.com/be/televisies-soundbars/oled-evo/oled55g69ls/,Belgium,제품 상세 (PDP),84
https://www.lg.com/be/monitoren/ultragear-gaming-monitoren/27gm950b-b/,Belgium,제품 상세 (PDP),81
https://www.lg.com/be/lifestyle-screens/stanbyme/27lx6tdga-fc25hs2ws/,Belgium,제품 상세 (PDP),81
https://www.lg.com/be/residentiele-airconditioners/pc18sk/,Belgium,제품 상세 (PDP),81
https://www.lg.com/be/residentiele-airconditioners/pc12st/,Belgium,제품 상세 (PDP),81
https://www.lg.com/be/combi-magnetrons/ms2082f/,Belgium,제품 상세 (PDP),84
https://www.lg.com/be/wasmachines-en-drogers/drogers/rh90v9av3n/,Belgium,제품 상세 (PDP),87
https://www.lg.com/be/monitoren/ultragear-gaming-monitoren/27g810a-b/,Belgium,제품 상세 (PDP),84
https://www.lg.com/be/soundsuite/h7-m7m7w7001/,Belgium,제품 상세 (PDP),78
https://www.lg.com/be/buying-guides/monitor-spec-library/,Belgium,구매 가이드,82
https://www.lg.com/be/buying-guide/,Belgium,구매 가이드,63
https://www.lg.com/be/buying-guides/,Belgium,구매 가이드,67
https://www.lg.com/be/microsite-article/ms/it/monitor/ultragear-buying-guide/buying-guide/,Belgium,구매 가이드,67
https://www.lg.com/be/buying-guides/refrigerator-spec-library/,Belgium,구매 가이드,82
https://www.lg.com/be/buying-guides/laundry-spec-library/,Belgium,구매 가이드,82
https://www.lg.com/be/televisies-soundbars/tv-buying-guide/,Belgium,구매 가이드,81
https://www.lg.com/be/televisies-soundbars/tv-buying-guide/home-cinema/,Belgium,구매 가이드,82
https://www.lg.com/be/televisies-soundbars/tv-buying-guide/tv-technology/what-is-4k-tv/,Belgium,구매 가이드,82
https://www.lg.com/be/televisies-soundbars/tv-buying-guide/what-is-a-smart-tv-ai-tv/,Belgium,구매 가이드,81
https://www.lg.com/be/televisies-soundbars/tv-buying-guide/tv-design/,Belgium,구매 가이드,82
https://www.lg.com/be/televisies-soundbars/tv-buying-guide/gaming-tv/,Belgium,구매 가이드,82
https://www.lg.com/be/televisies-soundbars/tv-buying-guide/tv-size/,Belgium,구매 가이드,79
https://www.lg.com/be/televisies-soundbars/tv-buying-guide/sport-tv/,Belgium,구매 가이드,79
https://www.lg.com/be/buying-guides/monitor-lineup-guide/,Belgium,구매 가이드,93
https://www.lg.com/be/televisies-soundbars/tv-buying-guide/lifestyle/,Belgium,구매 가이드,79
https://www.lg.com/be/microsite-article/ms/it/monitor/ultragear-buying-guide/,Belgium,구매 가이드,86
https://www.lg.com/be/buying-guides/tv-spec-library/,Belgium,구매 가이드,82
https://www.lg.com/be/buying-guides/tv-lineup-guide/,Belgium,구매 가이드,93
https://www.lg.com/be/televisies-soundbars/tv-buying-guide/tv-technology/oled-vs-qned/,Belgium,구매 가이드,82
https://www.lg.com/be/lg-experience/handige-tips/,Belgium,LG Experience,81
https://www.lg.com/be/lg-experience/,Belgium,LG Experience,81
https://www.lg.com/be/lg-experience/handige-tips/gids-voor-beschikbare-8k-content/,Belgium,LG Experience,86
https://www.lg.com/be/lg-experience/handige-tips/AI-technologie/,Belgium,LG Experience,79
https://www.lg.com/be/lg-experience/handige-tips/hoe-maak-ik-mijn-wasmachinefilter-schoon/,Belgium,LG Experience,86
https://www.lg.com/be/lg-experience/handige-tips/cadeau-ideeen-kerst-sfeer/,Belgium,LG Experience,86
https://www.lg.com/be/lg-experience/handige-tips/hoe-maak-je-een-tv-scherm-schoon/,Belgium,LG Experience,79
https://www.lg.com/be/lg-experience/handige-tips/beste-koelkast-merk-2025-lg/,Belgium,LG Experience,79
https://www.lg.com/be/lg-experience/handige-tips/de-creatieve-vonk-voor-droomprojecten/,Belgium,LG Experience,79
https://www.lg.com/be/lg-experience/handige-tips/amerikaanse-koelkast-gids/,Belgium,LG Experience,82
https://www.lg.com/be/lg-experience/handige-tips/gezond-eten-lg-apparatuur/,Belgium,LG Experience,79
https://www.lg.com/be/lg-experience/handige-tips/hoe-kan-oordopjes-schoonmaken/,Belgium,LG Experience,79
https://www.lg.com/be/lg-experience/handige-tips/hoe-verwijder-je-vlekken-uit-witte-kleding/,Belgium,LG Experience,86
https://www.lg.com/be/lg-experience/handige-tips/beste-droger-zelfreinigend-2025-lg/,Belgium,LG Experience,82
https://www.lg.com/be/lg-experience/handige-tips/correct-fridge-freezer-temperature/,Belgium,LG Experience,86
https://www.lg.com/be/lg-experience/handige-tips/het-meten-en-begrijpen-van-tv-afmetingen/,Belgium,LG Experience,86
https://www.lg.com/be/lg-experience/handige-tips/9-ways-to-use-a-360-rotating-touchscreen-monitor/,Belgium,LG Experience,82
https://www.lg.com/be/lg-experience/handige-tips/gids-voor-koelkastmaten/,Belgium,LG Experience,86
https://www.lg.com/be/lg-experience/handige-tips/hoe-koop-ik-een-gamingmonitor/,Belgium,LG Experience,86
https://www.lg.com/be/lg-experience/handige-tips/handleiding-voor-warmtepompdroger/,Belgium,LG Experience,86
https://www.lg.com/be/lg-experience/handige-tips/how-to-make-ice-balls/,Belgium,LG Experience,82
https://www.lg.com/be/lg-experience/handige-tips/neochef-gezond-en-makkelijk-quinoa-ontbijt/,Belgium,LG Experience,79
https://www.lg.com/be/lg-experience/handige-tips/lg-smart-tv-channels/,Belgium,LG Experience,89
https://www.lg.com/be/lg-experience/handige-tips/koelvrieshoogte/,Belgium,LG Experience,75
https://www.lg.com/be/lg-experience/handige-tips/is-a-combo-washer-dryer-good/,Belgium,LG Experience,86
https://www.lg.com/be/lg-experience/handige-tips/lg-appareils-electromenagers-resultats-de-tests-de-testachats/,Belgium,LG Experience,79
https://www.lg.com/be/lg-experience/handige-tips/hygienetips-voor-je-huis-met-lg/,Belgium,LG Experience,86
https://www.lg.com/be/lg-experience/handige-tips/kalibreer-jouw-tv-voor-sport/,Belgium,LG Experience,86
https://www.lg.com/be/lg-experience/handige-tips/ideaen-voor-perfecte-bioscoopruimte/,Belgium,LG Experience,86
https://www.lg.com/be/lg-experience/handige-tips/monitor-reinigen/,Belgium,LG Experience,79
https://www.lg.com/be/lg-experience/inspiratie/,Belgium,LG Experience,81
https://www.lg.com/be/lg-experience/hue-instellen/,Belgium,LG Experience,78
https://www.lg.com/be/lg-experience/hue-instellen/hue-instellen/,Belgium,LG Experience,72
https://www.lg.com/be/lg-experience/handige-tips/nieuwe-hombot-square-turbo/,Belgium,LG Experience,82
https://www.lg.com/be/lg-experience/handige-tips/welke-lg-tv-past-het-beste-bij-jou-aankoopgids/,Belgium,LG Experience,86
https://www.lg.com/be/lg-experience/handige-tips/strandinpaklijst-g7thinq-pk3/,Belgium,LG Experience,79
https://www.lg.com/be/lg-experience/handige-tips/ultieme-party-planning-handleiding-lg-instaview/,Belgium,LG Experience,82
https://www.lg.com/be/lg-experience/inspiratie/10jaar-lg-oled/,Belgium,LG Experience,82
https://www.lg.com/be/lg-experience/handige-tips/setup-gids-voor-soundbar/,Belgium,LG Experience,82
https://www.lg.com/be/lg-experience/inspiratie/8k-lg-ifa-tvs/,Belgium,LG Experience,86
https://www.lg.com/be/lg-experience/handige-tips/schermhoogte/,Belgium,LG Experience,86
https://www.lg.com/be/lg-experience/handige-tips/verbeter-productiviteit-werk-vanuit-huis/,Belgium,LG Experience,79
https://www.lg.com/be/lg-experience/handige-tips/smart-washing-machine-spring-cleaning-with-steam/,Belgium,LG Experience,79
https://www.lg.com/be/lg-experience/handige-tips/overheerlijke-appelcrumble-vers-gemaakt-met-de-lg-neochef/,Belgium,LG Experience,79
https://www.lg.com/be/lg-experience/handige-tips/verbeter-je-opstelling-met-twee-schermen/,Belgium,LG Experience,82
https://www.lg.com/be/lg-experience/handige-tips/wat-u-moet-weten-over-het-bewaren-in-de-koelkast/,Belgium,LG Experience,82
https://www.lg.com/be/lg-experience/handige-tips/wat-is-een-hdr-tv/,Belgium,LG Experience,86
https://www.lg.com/be/lg-experience/handige-tips/ultimate-guide-v40-thinq-camera/,Belgium,LG Experience,79
https://www.lg.com/be/lg-experience/handige-tips/welke-wasdroger-past-bij-mij/,Belgium,LG Experience,86
https://www.lg.com/be/lg-experience/inspiratie/10-miljoen-verkochte-lg-oled-tvs/,Belgium,LG Experience,86
https://www.lg.com/be/lg-experience/inspiratie/ai-en-duurzame-technologie/,Belgium,LG Experience,82
https://www.lg.com/be/lg-experience/inspiratie/lg-ces-2019-highlights/,Belgium,LG Experience,82
https://www.lg.com/be/lg-experience/inspiratie/care-for-where-you-live/,Belgium,LG Experience,82
https://www.lg.com/be/lg-experience/inspiratie/beste-wasmachine-turbowash/,Belgium,LG Experience,86
https://www.lg.com/be/lg-experience/inspiratie/john-legend-lg-signature-samenwerking/,Belgium,LG Experience,82
https://www.lg.com/be/lg-experience/inspiratie/advanced-smart-home-devices/,Belgium,LG Experience,86
https://www.lg.com/be/lg-experience/inspiratie/ifa-2018-keynote-toespraak-evolutie-verbinden-open/,Belgium,LG Experience,86
https://www.lg.com/be/lg-experience/inspiratie/kerstcadeau-gids/,Belgium,LG Experience,82
https://www.lg.com/be/lg-experience/inspiratie/de-kracht-van-verpakking/,Belgium,LG Experience,86
https://www.lg.com/be/lg-experience/inspiratie/initiatieven-voor-het-beheer-van-elektronisch-afval/,Belgium,LG Experience,75
https://www.lg.com/be/lg-experience/inspiratie/levensstijl-met-LG-OLED-tvs/,Belgium,LG Experience,82
https://www.lg.com/be/lg-experience/inspiratie/huizen-worden-kunstwerken-met-lg-signature-stefan-diez-en-hadi-teherani/,Belgium,LG Experience,79
https://www.lg.com/be/lg-experience/inspiratie/laat-je-apparaten-langer-meegaan/,Belgium,LG Experience,82
https://www.lg.com/be/lg-experience/inspiratie/alles-over-amerikaanse-koelkasten-met-vriesvak/,Belgium,LG Experience,82
https://www.lg.com/be/lg-experience/inspiratie/ecodesign-en-duurzame-producten/,Belgium,LG Experience,86
https://www.lg.com/be/lg-experience/inspiratie/het-milieubewustzijn-van-consumenten-verhogen/,Belgium,LG Experience,82
https://www.lg.com/be/lg-experience/inspiratie/ifa-2018-lg-ultrawide-gaming-monitoren-in-de-spotlight/,Belgium,LG Experience,86
https://www.lg.com/be/lg-experience/inspiratie/ces-2021-lg-innovatie/,Belgium,LG Experience,86
https://www.lg.com/be/lg-experience/inspiratie/duurzame-samenwerkingen/,Belgium,LG Experience,82
https://www.lg.com/be/lg-experience/inspiratie/ifa-2019-lg-onthult-een-groot-aantal-nieuwe-producten/,Belgium,LG Experience,86
https://www.lg.com/be/lg-experience/inspiratie/lg-v30-de-onthulling-van-een-nieuwe-smartphone-revolutie/,Belgium,LG Experience,79
https://www.lg.com/be/lg-experience/inspiratie/lg-velvet-met-revolutionair-camerasysteem/,Belgium,LG Experience,82
https://www.lg.com/be/lg-experience/inspiratie/lg-oled-history-tv/,Belgium,LG Experience,86
https://www.lg.com/be/lg-experience/inspiratie/maak-kennis-met-de-lg-velvet/,Belgium,LG Experience,86
https://www.lg.com/be/lg-experience/inspiratie/milieuvriendelijke-smart-home-apparaten/,Belgium,LG Experience,86
https://www.lg.com/be/lg-experience/inspiratie/oled-display/,Belgium,LG Experience,79
https://www.lg.com/be/lg-experience/inspiratie/oprolbare-tv-ifa-lifestyle/,Belgium,LG Experience,82
https://www.lg.com/be/lg-experience/inspiratie/ondersteunende-technologie/,Belgium,LG Experience,82
https://www.lg.com/be/lg-experience/inspiratie/lg-signature-oled-ontwerpweek/,Belgium,LG Experience,79
https://www.lg.com/be/lg-experience/inspiratie/mobile-g8x-ifa-guide/,Belgium,LG Experience,86
https://www.lg.com/be/lg-experience/tech-hub/,Belgium,LG Experience,81
https://www.lg.com/be/lg-experience/onze-verhalen/,Belgium,LG Experience,81
https://www.lg.com/be/lg-experience/search-result/,Belgium,LG Experience,74
https://www.lg.com/be/lg-experience/onze-verhalen/life-is-good/,Belgium,LG Experience,79
https://www.lg.com/be/lg-experience/onze-verhalen/een-revolutionaire-monitor/,Belgium,LG Experience,82
https://www.lg.com/be/lg-experience/inspiratie/thermav_r290_monobloc_ifa2024/,Belgium,LG Experience,82
https://www.lg.com/be/lg-experience/inspiratie/schone-technologie-processen-en-materialen/,Belgium,LG Experience,86
https://www.lg.com/be/lg-experience/inspiratie/slimme-koelkast-ifa-2019-instaview/,Belgium,LG Experience,82
https://www.lg.com/be/lg-experience/onze-verhalen/lg-electronics-door-de-jaren-heen/,Belgium,LG Experience,82
https://www.lg.com/be/lg-experience/inspiratie/smart-home-gym/,Belgium,LG Experience,79
https://www.lg.com/be/lg-experience/inspiratie/verrijk-je-dagelijkse-leven-met-de-mobiele-beeldschermen/,Belgium,LG Experience,79
https://www.lg.com/be/lg-experience/tech-hub/11-coole-thinq-toepassingen-om-naar-uit-te-zien-tijdens-ifa/,Belgium,LG Experience,82
https://www.lg.com/be/lg-experience/onze-verhalen/life-is-better/,Belgium,LG Experience,82
https://www.lg.com/be/lg-experience/onze-verhalen/koelen-nl/,Belgium,LG Experience,79
https://www.lg.com/be/lg-experience/onze-verhalen/carbon-neutrality/,Belgium,LG Experience,86
https://www.lg.com/be/lg-experience/inspiratie/upcycling-vs-recycling/,Belgium,LG Experience,86
https://www.lg.com/be/lg-experience/inspiratie/slimme-wasmachine-ai-dd/,Belgium,LG Experience,82
https://www.lg.com/be/lg-experience/inspiratie/topwedstrijden-kijken-met-tv-en-soundbars/,Belgium,LG Experience,82
https://www.lg.com/be/lg-experience/onze-verhalen/ultragear-gaming/,Belgium,LG Experience,82
https://www.lg.com/be/lg-experience/onze-verhalen/environment-and-sustainability/,Belgium,LG Experience,82
https://www.lg.com/be/televisies/why-lgoled/2023-oled-lineup/,Belgium,Microsite,74
https://www.lg.com/be/blog/slimmer-leven-met-lg-thinq-jouw-airco-in-de-palm-van-je-hand/,Belgium,Microsite,81
https://www.lg.com/be/lg-experience-coding/inspiratie/upcycling-vs-recycling/,Belgium,Microsite,79
https://www.lg.com/be/lg-experience-coding/tech-hub/best-monitor-for-eye-strain/,Belgium,Microsite,72
https://www.lg.com/be/televisies-soundbars/why-true-wireless/,Belgium,Microsite,86
https://www.lg.com/be/televisies/why-lgoled/sustainability/,Belgium,Microsite,75
https://www.lg.com/be/qned-tvs/2022/why-lg-qned/,Belgium,Microsite,75
https://www.lg.com/be/lg-experience-coding/handige-tips/how-to-make-ice-balls/,Belgium,Microsite,75
https://www.lg.com/be/lg-experience-coding/tech-hub/ultrawide-vs-dual-monitoren/,Belgium,Microsite,75
https://www.lg.com/be/televisies/why-lgoled/10years-world-no1-oled/,Belgium,Microsite,75
https://www.lg.com/be/televisies-soundbars/why-qned-evo/,Belgium,Microsite,82
https://www.lg.com/be/blog/slim-comfort-op-maat-met-lg-ai-air-in-combinatie-met-lg-thinq-app/,Belgium,Microsite,78
https://www.lg.com/be/blog/,Belgium,Microsite,78
https://www.lg.com/be/oled/,Belgium,Microsite,67
https://www.lg.com/be/oled-tv/2021/gaming/,Belgium,Microsite,71
https://www.lg.com/be/qned-tvs/2021/large-screen/,Belgium,Microsite,85
https://www.lg.com/be/televisies/2022/smart/,Belgium,Microsite,68
https://www.lg.com/be/why-lgoled/cinema/,Belgium,Microsite,79
https://www.lg.com/be/qned-tvs/2021/technology-remove/,Belgium,Microsite,75
https://www.lg.com/be/why-lgoled/design/,Belgium,Microsite,79
https://www.lg.com/be/televisies/2023/entertainment/,Belgium,Microsite,74
https://www.lg.com/be/oled-tv/2021/self-lit-pixels/,Belgium,Microsite,75
https://www.lg.com/be/nanocell-tv/2021/pure-color/,Belgium,Microsite,75
https://www.lg.com/be/nanocell-tv/2021/ultra-large-screen/,Belgium,Microsite,74
https://www.lg.com/be/audio/soundbars-special/,Belgium,Microsite,67
https://www.lg.com/be/soundbars/eco-minded-soundbars/,Belgium,Microsite,85
https://www.lg.com/be/thunderbolt-monitor/,Belgium,Microsite,74
https://www.lg.com/be/webos-smart-tv/promotion/,Belgium,Microsite,78
https://www.lg.com/be/ultragear-monitoren/,Belgium,Microsite,81
https://www.lg.com/be/monitor/ultragear-oled/,Belgium,Microsite,79
https://www.lg.com/be/zakelijke-ultrawide-monitoren/,Belgium,Microsite,74
https://www.lg.com/be/airconditioner-tips/,Belgium,Microsite,71
https://www.lg.com/be/washing-machines/lg-turbowash/,Belgium,Microsite,70
https://www.lg.com/be/klimaat/air-conditioning/inverter/,Belgium,Microsite,85
https://www.lg.com/be/washing-machines/lg-aidd/,Belgium,Microsite,71
https://www.lg.com/be/airconditioner-tips/energie/,Belgium,Microsite,81
https://www.lg.com/be/washing-machines/steam/,Belgium,Microsite,74
https://www.lg.com/be/airconditioning/temperatuur/,Belgium,Microsite,74
https://www.lg.com/be/klimaat/air-conditioning/energie/,Belgium,Microsite,85
https://www.lg.com/be/AIWash/,Belgium,Microsite,74
https://www.lg.com/be/klimaat/lgallstars/,Belgium,Microsite,82
https://www.lg.com/be/airconditioner-tips/inverter/,Belgium,Microsite,81
https://www.lg.com/be/klimaat/warmtepomp/waarom-bedrijven-overstappen-op-een-warmtepomp/,Belgium,Microsite,81
https://www.lg.com/be/klimaat/warmtepomp/,Belgium,Microsite,75
https://www.lg.com/be/airconditioner-tips/temperatuur/,Belgium,Microsite,78
https://www.lg.com/be/klimaat/verwarmingsoplossing/watertank/,Belgium,Microsite,74
https://www.lg.com/be/klimaat/warmtepomp/installeren-van-een-lucht-water-warmtepomp/,Belgium,Microsite,78
https://www.lg.com/be/klimaat/warmtepomp/wat-is-een-lucht-water-warmtepomp/,Belgium,Microsite,81
https://www.lg.com/be/airconditioner-tips/koopgids/,Belgium,Microsite,82
https://www.lg.com/be/best/,Belgium,Microsite,70
https://www.lg.com/be/algemene-voorwaarden/,Belgium,Microsite,63
https://www.lg.com/be/doorcooling-story/,Belgium,Microsite,75
https://www.lg.com/be/algemene-verkoopvoorwaarden/,Belgium,Microsite,78
https://www.lg.com/be/activevoorwaarden/,Belgium,Microsite,63
https://www.lg.com/be/black-friday-2025/dankje/,Belgium,Microsite,70
https://www.lg.com/be/BestGetest/,Belgium,Microsite,74
https://www.lg.com/be/compare-results/,Belgium,Microsite,63
https://www.lg.com/be/aanraders/,Belgium,Microsite,70
https://www.lg.com/be/doorcooling-usagevideo/,Belgium,Microsite,74
https://www.lg.com/be/beamers/cinebeam-technologie/,Belgium,Microsite,71
https://www.lg.com/be/featured-pages/,Belgium,Microsite,67
https://www.lg.com/be/doorcooling-usefultips/,Belgium,Microsite,75
https://www.lg.com/be/healthy-home-solution/,Belgium,Microsite,68
https://www.lg.com/be/faq/,Belgium,Microsite,75
https://www.lg.com/be/ice-solution/,Belgium,Microsite,82
https://www.lg.com/be/hoog-temperatuur/,Belgium,Microsite,74
https://www.lg.com/be/klimaat/warmtepomp/welk-type-warmtepomp-is-geschikt-voor-mij/,Belgium,Microsite,78
https://www.lg.com/be/ergo/,Belgium,Microsite,79
https://www.lg.com/be/tvs-soundbars/nanocell/,Belgium,제품 카테고리 (PLP),82
https://www.lg.com/be/televisies-soundbars/,Belgium,제품 카테고리 (PLP),76
https://www.lg.com/be/tvs-soundbars/,Belgium,제품 카테고리 (PLP),82
https://www.lg.com/be/webos-smart-tv/lg-streaming-week/,Belgium,제품 카테고리 (PLP),79
https://www.lg.com/be/audio/soundbars/,Belgium,제품 카테고리 (PLP),82
https://www.lg.com/be/audio/,Belgium,제품 카테고리 (PLP),75
https://www.lg.com/be/zakelijke-monitoren/,Belgium,제품 카테고리 (PLP),82
https://www.lg.com/be/audio/hometheatersoundbar/,Belgium,제품 카테고리 (PLP),71
https://www.lg.com/be/audio/sound-suite/,Belgium,제품 카테고리 (PLP),68
https://www.lg.com/be/audio/soundbars-with-subwoofer/,Belgium,제품 카테고리 (PLP),71
https://www.lg.com/be/audio/alle-audio/,Belgium,제품 카테고리 (PLP),82
https://www.lg.com/be/zakelijke-monitoren/cloud-monitoren/,Belgium,제품 카테고리 (PLP),82
https://www.lg.com/be/audio/all-in-one-soundbars/,Belgium,제품 카테고리 (PLP),71
https://www.lg.com/be/monitoren/alle-monitoren/,Belgium,제품 카테고리 (PLP),79
https://www.lg.com/be/monitoren/,Belgium,제품 카테고리 (PLP),76
https://www.lg.com/be/residentiele-airconditioners/,Belgium,제품 카테고리 (PLP),79
https://www.lg.com/be/monitoren/full-hd-qhd-monitoren/,Belgium,제품 카테고리 (PLP),79
https://www.lg.com/be/refrigerators/bottom-freezer/,Belgium,제품 카테고리 (PLP),82
https://www.lg.com/be/monitoren/ultragear-gaming-oled/,Belgium,제품 카테고리 (PLP),71
https://www.lg.com/be/monitoren/monitoren-aanbiedingen/,Belgium,제품 카테고리 (PLP),79
https://www.lg.com/be/zakelijke-monitoren/medische-monitoren/,Belgium,제품 카테고리 (PLP),82
https://www.lg.com/be/monitoren/ultragear-evo-gaming/,Belgium,제품 카테고리 (PLP),79
https://www.lg.com/be/monitoren/tv-monitoren/,Belgium,제품 카테고리 (PLP),79
https://www.lg.com/be/monitoren/ultragear-gaming-monitoren/,Belgium,제품 카테고리 (PLP),79
https://www.lg.com/be/refrigerators/,Belgium,제품 카테고리 (PLP),72
https://www.lg.com/be/monitoren/myview-smart-monitoren/,Belgium,제품 카테고리 (PLP),79
https://www.lg.com/be/residentiele-airconditioners/site-plp-page/,Belgium,제품 카테고리 (PLP),64
https://www.lg.com/be/combi-magnetrons/,Belgium,제품 카테고리 (PLP),82
https://www.lg.com/be/account-integration-old/,Belgium,제품 카테고리 (PLP),68
https://www.lg.com/be/data-opslag/,Belgium,제품 카테고리 (PLP),61
https://www.lg.com/be/account-integration-copy/,Belgium,제품 카테고리 (PLP),68
https://www.lg.com/be/account-integration/,Belgium,제품 카테고리 (PLP),54
https://www.lg.com/be/config/,Belgium,제품 카테고리 (PLP),57
https://www.lg.com/be/ces2023/homey-pro-old/,Belgium,제품 카테고리 (PLP),71
https://www.lg.com/be/checkout/,Belgium,제품 카테고리 (PLP),59
https://www.lg.com/be/cart/,Belgium,제품 카테고리 (PLP),66
https://www.lg.com/be/guest-checkout/,Belgium,제품 카테고리 (PLP),68
https://www.lg.com/be/huishoudelijk/,Belgium,제품 카테고리 (PLP),64
https://www.lg.com/be/draadloze-oordopjes/alle-draadloze-oordopjes/,Belgium,제품 카테고리 (PLP),82
https://www.lg.com/be/dvd-branders/,Belgium,제품 카테고리 (PLP),61
https://www.lg.com/be/hi-fi-systems/,Belgium,제품 카테고리 (PLP),71
https://www.lg.com/be/homey-pro/,Belgium,제품 카테고리 (PLP),71
https://www.lg.com/be/ondersteuning/product-ondersteuning/troubleshoot/help-library/cs-CT11000024-20154159918488/,Belgium,Support - Troubleshoot,75
https://www.lg.com/be/ondersteuning/product-ondersteuning/troubleshoot/help-library/cs-CT11000025-20154858035912/,Belgium,Support - Troubleshoot,75
https://www.lg.com/be/ondersteuning/product-ondersteuning/troubleshoot/help-library/cs-CT11000025-20154862064181/,Belgium,Support - Troubleshoot,75
https://www.lg.com/be/ondersteuning/product-ondersteuning/troubleshoot/help-library/cs-CT11000025-20154861978790/,Belgium,Support - Troubleshoot,75
https://www.lg.com/be/ondersteuning/product-ondersteuning/troubleshoot/help-library/cs-CT11000025-20155019542821/,Belgium,Support - Troubleshoot,75
https://www.lg.com/be/ondersteuning/product-ondersteuning/troubleshoot/help-library/cs-CT11000025-20155104837840/,Belgium,Support - Troubleshoot,75
https://www.lg.com/be/ondersteuning/product-ondersteuning/troubleshoot/help-library/cs-CT11000026-20154381191808/,Belgium,Support - Troubleshoot,75
https://www.lg.com/be/ondersteuning/product-ondersteuning/troubleshoot/help-library/cs-CT11000025-20155410254730/,Belgium,Support - Troubleshoot,75
https://www.lg.com/be/ondersteuning/product-ondersteuning/troubleshoot/help-library/cs-CT11000025-20155014962834/,Belgium,Support - Troubleshoot,75
https://www.lg.com/be/ondersteuning/product-ondersteuning/troubleshoot/help-library/cs-CT11000025-20154863556687/,Belgium,Support - Troubleshoot,75
https://www.lg.com/be/ondersteuning/product-ondersteuning/troubleshoot/help-library/cs-CT11000025-20155394436163/,Belgium,Support - Troubleshoot,75
https://www.lg.com/be/ondersteuning/product-ondersteuning/troubleshoot/help-library/cs-CT11000025-20155069776686/,Belgium,Support - Troubleshoot,75
https://www.lg.com/be/ondersteuning/product-ondersteuning/troubleshoot/help-library/cs-CT11000025-20154886000599/,Belgium,Support - Troubleshoot,75
https://www.lg.com/be/ondersteuning/product-ondersteuning/troubleshoot/help-library/cs-CT11000025-20154863568601/,Belgium,Support - Troubleshoot,75
https://www.lg.com/be/ondersteuning/product-ondersteuning/troubleshoot/help-library/cs-CT11000025-20154862078389/,Belgium,Support - Troubleshoot,75
https://www.lg.com/be/ondersteuning/product-ondersteuning/troubleshoot/help-library/cs-CT11000025-20155410291184/,Belgium,Support - Troubleshoot,75
https://www.lg.com/be/ondersteuning/product-ondersteuning/troubleshoot/help-library/cs-CT11000025-20154861457348/,Belgium,Support - Troubleshoot,75
https://www.lg.com/be/ondersteuning/product-ondersteuning/troubleshoot/help-library/cs-CT11000025-20154863603838/,Belgium,Support - Troubleshoot,75
https://www.lg.com/be/ondersteuning/product-ondersteuning/troubleshoot/help-library/cs-CT11000025-20155394484227/,Belgium,Support - Troubleshoot,75
https://www.lg.com/be/ondersteuning/product-ondersteuning/troubleshoot/help-library/cs-CT11000026-20154381195371/,Belgium,Support - Troubleshoot,75
https://www.lg.com/be/ondersteuning/product-ondersteuning/troubleshoot/help-library/cs-CT11000024-20154381210790/,Belgium,Support - Troubleshoot,75
https://www.lg.com/be/ondersteuning/product-ondersteuning/troubleshoot/help-library/cs-CT11000026-20154381192411/,Belgium,Support - Troubleshoot,75
https://www.lg.com/be/ondersteuning/product-ondersteuning/troubleshoot/help-library/cs-CT11000025-20154381210153/,Belgium,Support - Troubleshoot,75
https://www.lg.com/be/ondersteuning/product-ondersteuning/troubleshoot/help-library/cs-CT11000026-20154381194308/,Belgium,Support - Troubleshoot,75
https://www.lg.com/be/ondersteuning/product-ondersteuning/troubleshoot/help-library/cs-CT11000026-20154381193861/,Belgium,Support - Troubleshoot,75
https://www.lg.com/be/ondersteuning/product-ondersteuning/troubleshoot/help-library/cs-CT11000026-20154381191846/,Belgium,Support - Troubleshoot,75
https://www.lg.com/be/ondersteuning/product-ondersteuning/troubleshoot/help-library/cs-CT11000026-20154381195392/,Belgium,Support - Troubleshoot,75
https://www.lg.com/be/ondersteuning/product-ondersteuning/troubleshoot/help-library/cs-CT11000026-20154381195416/,Belgium,Support - Troubleshoot,75
https://www.lg.com/be/ondersteuning/product-ondersteuning/troubleshoot/help-library/cs-CT11000026-20154381192420/,Belgium,Support - Troubleshoot,75
https://www.lg.com/be/ondersteuning/product-ondersteuning/troubleshoot/help-library/cs-CT11000026-20154381194237/,Belgium,Support - Troubleshoot,75
https://www.lg.com/be/ondersteuning/product-ondersteuning/troubleshoot/help-library/cs-CT11000026-20154381193804/,Belgium,Support - Troubleshoot,75
https://www.lg.com/be/ondersteuning/product-ondersteuning/troubleshoot/help-library/cs-CT11000026-20154381199395/,Belgium,Support - Troubleshoot,75
https://www.lg.com/be/ondersteuning/product-ondersteuning/troubleshoot/help-library/cs-CT11000026-20154381197837/,Belgium,Support - Troubleshoot,75
https://www.lg.com/be/ondersteuning/product-ondersteuning/troubleshoot/help-library/cs-CT11000026-20154381197780/,Belgium,Support - Troubleshoot,75
https://www.lg.com/be/ondersteuning/product-ondersteuning/troubleshoot/help-library/cs-CT11000026-20154381199409/,Belgium,Support - Troubleshoot,75
https://www.lg.com/be/ondersteuning/product-ondersteuning/troubleshoot/help-library/cs-CT11000026-20154381213441/,Belgium,Support - Troubleshoot,75
https://www.lg.com/be/ondersteuning/product-ondersteuning/troubleshoot/help-library/cs-CT11000026-20154381211940/,Belgium,Support - Troubleshoot,75
https://www.lg.com/be/ondersteuning/product-ondersteuning/troubleshoot/help-library/cs-CT11000026-20154381210938/,Belgium,Support - Troubleshoot,75
https://www.lg.com/be/ondersteuning/product-ondersteuning/troubleshoot/help-library/cs-CT11000026-20154381211141/,Belgium,Support - Troubleshoot,75
https://www.lg.com/be/ondersteuning/product-ondersteuning/troubleshoot/help-library/cs-CT11000026-20154381213986/,Belgium,Support - Troubleshoot,75
https://www.lg.com/be/ondersteuning/product-ondersteuning/troubleshoot/help-library/cs-CT11000026-20154381210320/,Belgium,Support - Troubleshoot,75
https://www.lg.com/be/ondersteuning/product-ondersteuning/troubleshoot/help-library/cs-CT11000026-20154381213677/,Belgium,Support - Troubleshoot,75
https://www.lg.com/be/ondersteuning/product-ondersteuning/troubleshoot/help-library/cs-CT11000026-20154381199463/,Belgium,Support - Troubleshoot,75
https://www.lg.com/be/ondersteuning/product-ondersteuning/troubleshoot/help-library/cs-CT11000026-20154381213368/,Belgium,Support - Troubleshoot,75
https://www.lg.com/be/ondersteuning/product-ondersteuning/troubleshoot/help-library/cs-CT11000026-20154381213714/,Belgium,Support - Troubleshoot,75
https://www.lg.com/be/ondersteuning/product-ondersteuning/troubleshoot/help-library/cs-CT11000026-20154381211457/,Belgium,Support - Troubleshoot,75
https://www.lg.com/be/ondersteuning/product-ondersteuning/troubleshoot/help-library/cs-CT11000026-20154381210222/,Belgium,Support - Troubleshoot,75
https://www.lg.com/be/ondersteuning/product-ondersteuning/troubleshoot/help-library/cs-CT11000026-20154381199499/,Belgium,Support - Troubleshoot,75
https://www.lg.com/be/ondersteuning/product-ondersteuning/troubleshoot/help-library/cs-CT11000026-20154381210357/,Belgium,Support - Troubleshoot,75
https://www.lg.com/be/ondersteuning/product-ondersteuning/troubleshoot/help-library/cs-CT11000026-20154381214150/,Belgium,Support - Troubleshoot,75
https://www.lg.com/be/ondersteuning/product-ondersteuning/troubleshoot/help-library/cs-CT11000026-20154381209978/,Belgium,Support - Troubleshoot,75
https://www.lg.com/be/ondersteuning/product-ondersteuning/troubleshoot/help-library/cs-CT11000026-20154381216266/,Belgium,Support - Troubleshoot,75
https://www.lg.com/be/ondersteuning/product-ondersteuning/troubleshoot/help-library/cs-CT11000026-20154381217380/,Belgium,Support - Troubleshoot,75
https://www.lg.com/be/ondersteuning/product-ondersteuning/troubleshoot/help-library/cs-CT11000026-20154381217197/,Belgium,Support - Troubleshoot,75
https://www.lg.com/be/ondersteuning/product-ondersteuning/troubleshoot/help-library/cs-CT11000026-20154381217624/,Belgium,Support - Troubleshoot,75
https://www.lg.com/be/ondersteuning/product-ondersteuning/troubleshoot/help-library/cs-CT11000026-20154381214392/,Belgium,Support - Troubleshoot,75
https://www.lg.com/be/ondersteuning/product-ondersteuning/troubleshoot/help-library/cs-CT11000026-20154381214758/,Belgium,Support - Troubleshoot,75
https://www.lg.com/be/ondersteuning/product-ondersteuning/troubleshoot/help-library/cs-CT11000026-20154381214357/,Belgium,Support - Troubleshoot,75
https://www.lg.com/be/ondersteuning/product-ondersteuning/troubleshoot/help-library/cs-CT11000026-20154381214171/,Belgium,Support - Troubleshoot,75
https://www.lg.com/be/ondersteuning/product-ondersteuning/troubleshoot/help-library/cs-CT11000026-20154381216400/,Belgium,Support - Troubleshoot,75
https://www.lg.com/be/ondersteuning/product-ondersteuning/troubleshoot/help-library/cs-CT11000026-20154381218384/,Belgium,Support - Troubleshoot,75
https://www.lg.com/be/ondersteuning/product-ondersteuning/troubleshoot/help-library/cs-CT11000026-20154381217649/,Belgium,Support - Troubleshoot,75
https://www.lg.com/be/ondersteuning/product-ondersteuning/troubleshoot/help-library/cs-CT11000026-20154381215772/,Belgium,Support - Troubleshoot,79
https://www.lg.com/be/ondersteuning/product-ondersteuning/troubleshoot/help-library/cs-CT11000026-20154381214808/,Belgium,Support - Troubleshoot,75
https://www.lg.com/be/ondersteuning/product-ondersteuning/troubleshoot/help-library/cs-CT11000026-20154381216317/,Belgium,Support - Troubleshoot,75
https://www.lg.com/be/ondersteuning/product-ondersteuning/troubleshoot/help-library/cs-CT11000026-20154381218398/,Belgium,Support - Troubleshoot,75
https://www.lg.com/be/ondersteuning/product-ondersteuning/troubleshoot/help-library/cs-CT11000026-20154381215799/,Belgium,Support - Troubleshoot,75
https://www.lg.com/be/ondersteuning/product-ondersteuning/troubleshoot/help-library/cs-CT11000026-20154381217303/,Belgium,Support - Troubleshoot,79
https://www.lg.com/be/ondersteuning/product-ondersteuning/troubleshoot/help-library/cs-CT11000026-20154381214703/,Belgium,Support - Troubleshoot,75
https://www.lg.com/be/ondersteuning/product-ondersteuning/troubleshoot/help-library/cs-CT11000026-20154381214672/,Belgium,Support - Troubleshoot,75
https://www.lg.com/be/ondersteuning/product-ondersteuning/troubleshoot/help-library/cs-CT11000026-20154381217401/,Belgium,Support - Troubleshoot,75
https://www.lg.com/be/ondersteuning/product-ondersteuning/troubleshoot/help-library/cs-CT11000026-20154381219316/,Belgium,Support - Troubleshoot,75
https://www.lg.com/be/ondersteuning/product-ondersteuning/troubleshoot/help-library/cs-CT11000026-20154381219288/,Belgium,Support - Troubleshoot,75
https://www.lg.com/be/ondersteuning/product-ondersteuning/troubleshoot/help-library/cs-CT11000026-20154381218676/,Belgium,Support - Troubleshoot,75
https://www.lg.com/be/ondersteuning/product-ondersteuning/troubleshoot/help-library/cs-CT11000026-20154381219027/,Belgium,Support - Troubleshoot,75
https://www.lg.com/be/ondersteuning/product-ondersteuning/troubleshoot/help-library/cs-CT11000026-20154381218962/,Belgium,Support - Troubleshoot,75
https://www.lg.com/be/ondersteuning/product-ondersteuning/troubleshoot/help-library/cs-CT11000026-20154381218668/,Belgium,Support - Troubleshoot,75
https://www.lg.com/be/ondersteuning/product-ondersteuning/troubleshoot/help-library/cs-CT11000026-20154381219041/,Belgium,Support - Troubleshoot,75
https://www.lg.com/be/ondersteuning/product-ondersteuning/troubleshoot/help-library/cs-CT11000026-20154381219374/,Belgium,Support - Troubleshoot,75
https://www.lg.com/be/ondersteuning/product-ondersteuning/troubleshoot/help-library/cs-CT11000026-20154710699132/,Belgium,Support - Troubleshoot,75
https://www.lg.com/be/ondersteuning/product-ondersteuning/troubleshoot/help-library/cs-CT11000026-20154381218948/,Belgium,Support - Troubleshoot,75
https://www.lg.com/be/ondersteuning/product-ondersteuning/troubleshoot/help-library/cs-CT11000026-20155117721711/,Belgium,Support - Troubleshoot,75
https://www.lg.com/be/ondersteuning/product-ondersteuning/troubleshoot/help-library/cs-CT11000026-20155396793304/,Belgium,Support - Troubleshoot,75
https://www.lg.com/be/ondersteuning/product-ondersteuning/troubleshoot/help-library/cs-CT11000026-20154710785856/,Belgium,Support - Troubleshoot,75
https://www.lg.com/be/ondersteuning/product-ondersteuning/troubleshoot/help-library/cs-CT11000026-20154861464212/,Belgium,Support - Troubleshoot,75
https://www.lg.com/be/ondersteuning/product-ondersteuning/troubleshoot/help-library/cs-CT11000026-20154839620424/,Belgium,Support - Troubleshoot,75
https://www.lg.com/be/ondersteuning/product-ondersteuning/troubleshoot/help-library/cs-CT11000026-20154856474605/,Belgium,Support - Troubleshoot,75
https://www.lg.com/be/ondersteuning/product-ondersteuning/troubleshoot/help-library/cs-CT11000026-20154860410643/,Belgium,Support - Troubleshoot,75
https://www.lg.com/be/ondersteuning/product-ondersteuning/troubleshoot/help-library/cs-CT11000026-20154844385332/,Belgium,Support - Troubleshoot,75
https://www.lg.com/be/ondersteuning/product-ondersteuning/troubleshoot/help-library/cs-CT11000026-20155363578794/,Belgium,Support - Troubleshoot,75
https://www.lg.com/be/ondersteuning/product-ondersteuning/troubleshoot/help-library/cs-CT11000027-20153079495584/,Belgium,Support - Troubleshoot,75
https://www.lg.com/be/ondersteuning/product-ondersteuning/troubleshoot/help-library/cs-CT11000027-20153078579233/,Belgium,Support - Troubleshoot,75
https://www.lg.com/be/ondersteuning/product-ondersteuning/troubleshoot/help-library/cs-CT11000026-20154710808592/,Belgium,Support - Troubleshoot,75
https://www.lg.com/be/ondersteuning/product-ondersteuning/troubleshoot/help-library/cs-CT11000026-20154844247392/,Belgium,Support - Troubleshoot,75
https://www.lg.com/be/ondersteuning/product-ondersteuning/troubleshoot/help-library/cs-CT11000027-20152909169940/,Belgium,Support - Troubleshoot,75
https://www.lg.com/be/ondersteuning/product-ondersteuning/troubleshoot/help-library/cs-CT11000027-1373011051469/,Belgium,Support - Troubleshoot,75
https://www.lg.com/be/ondersteuning/product-ondersteuning/troubleshoot/help-library/cs-CT11000026-20155060984903/,Belgium,Support - Troubleshoot,75
https://www.lg.com/be/ondersteuning/product-ondersteuning/troubleshoot/help-library/cs-CT11000026-20155060984636/,Belgium,Support - Troubleshoot,75
https://www.lg.com/be/ondersteuning/product-ondersteuning/troubleshoot/help-library/cs-CT11000026-20154844389128/,Belgium,Support - Troubleshoot,75
https://www.lg.com/be/ondersteuning/product-ondersteuning/troubleshoot/help-library/cs-CT11000026-20155363578505/,Belgium,Support - Troubleshoot,75
https://www.lg.com/nl/televisies-soundbars/micro-rgb-evo/86mrgb96b9b/,Netherlands,제품 상세 (PDP),84
https://www.lg.com/nl/televisies-soundbars/gallery-tv-with-frame/65lx7b6la/,Netherlands,제품 상세 (PDP),84
https://www.lg.com/nl/televisies-soundbars/micro-rgb-evo/75mrgb96b9b/,Netherlands,제품 상세 (PDP),81
https://www.lg.com/nl/tvs-soundbars/oled-evo/oled55c5elb-dsc9s/,Netherlands,제품 상세 (PDP),84
https://www.lg.com/nl/tvs-soundbars/oled-evo/oled77c5elb-dsc9s/,Netherlands,제품 상세 (PDP),84
https://www.lg.com/nl/tvs-soundbars/oled-evo/oled65c5elb-dsc9s/,Netherlands,제품 상세 (PDP),84
https://www.lg.com/nl/televisies-soundbars/micro-rgb-evo/100mrgb96b9/,Netherlands,제품 상세 (PDP),84
https://www.lg.com/nl/tvs-soundbars/oled-evo/oled42c5elb-ds60t/,Netherlands,제품 상세 (PDP),84
https://www.lg.com/nl/televisies-soundbars/mini-rgb-evo/75mrgb87b9b/,Netherlands,제품 상세 (PDP),84
https://www.lg.com/nl/televisies-soundbars/mini-rgb-evo/86mrgb88b9b/,Netherlands,제품 상세 (PDP),84
https://www.lg.com/nl/televisies-soundbars/mini-rgb-evo/75mrgb86b9a/,Netherlands,제품 상세 (PDP),84
https://www.lg.com/nl/televisies-soundbars/mini-rgb-evo/75mrgb86b9a-ds80tr/,Netherlands,제품 상세 (PDP),84
https://www.lg.com/nl/televisies-soundbars/nano-4k-uhd/43nu800b6lc/,Netherlands,제품 상세 (PDP),84
https://www.lg.com/nl/televisies-soundbars/mini-rgb-evo/75mrgb88b9b/,Netherlands,제품 상세 (PDP),84
https://www.lg.com/nl/televisies-soundbars/mini-rgb-evo/50mrgb87b9b/,Netherlands,제품 상세 (PDP),84
https://www.lg.com/nl/tvs-soundbars/qned-evo/43qned87b6a/,Netherlands,제품 상세 (PDP),84
https://www.lg.com/nl/televisies-soundbars/mini-rgb-evo/86mrgb87b9b/,Netherlands,제품 상세 (PDP),84
https://www.lg.com/nl/televisies-soundbars/mini-rgb-evo/55mrgb87b9b/,Netherlands,제품 상세 (PDP),84
https://www.lg.com/nl/televisies-soundbars/mini-rgb-evo/55mrgb86b9a/,Netherlands,제품 상세 (PDP),84
https://www.lg.com/nl/tvs-soundbars/qned-evo/50qned86b6b/,Netherlands,제품 상세 (PDP),84
https://www.lg.com/nl/tvs-soundbars/qned-evo/86qned86b6b/,Netherlands,제품 상세 (PDP),84
https://www.lg.com/nl/televisies-soundbars/mini-rgb-evo/65mrgb86b9a/,Netherlands,제품 상세 (PDP),84
https://www.lg.com/nl/televisies-soundbars/mini-rgb-evo/50mrgb88b9b/,Netherlands,제품 상세 (PDP),84
https://www.lg.com/nl/tvs-soundbars/qned-evo/55qned86b6b/,Netherlands,제품 상세 (PDP),84
https://www.lg.com/nl/televisies-soundbars/mini-rgb-evo/65mrgb87b9b/,Netherlands,제품 상세 (PDP),84
https://www.lg.com/nl/televisies-soundbars/mini-rgb-evo/65mrgb88b9b/,Netherlands,제품 상세 (PDP),84
https://www.lg.com/nl/televisies-soundbars/nano-4k-uhd/55nu800b6la/,Netherlands,제품 상세 (PDP),84
https://www.lg.com/nl/televisies-soundbars/nano-4k-uhd/43nu900b6la/,Netherlands,제품 상세 (PDP),84
https://www.lg.com/nl/televisies-soundbars/nano-4k-uhd/55nu900b6la/,Netherlands,제품 상세 (PDP),84
https://www.lg.com/nl/televisies-soundbars/nano-4k-uhd/75nu800b6la-ds70tr/,Netherlands,제품 상세 (PDP),84
https://www.lg.com/nl/televisies-soundbars/nano-4k-uhd/65nu900b6la/,Netherlands,제품 상세 (PDP),84
https://www.lg.com/nl/televisies-soundbars/nano-4k-uhd/65nu800b6la/,Netherlands,제품 상세 (PDP),84
https://www.lg.com/nl/televisies-soundbars/mini-rgb-evo/50mrgb86b9a/,Netherlands,제품 상세 (PDP),84
https://www.lg.com/nl/televisies-soundbars/nano-4k-uhd/65nu800b6la-ds40t/,Netherlands,제품 상세 (PDP),84
https://www.lg.com/nl/tvs-soundbars/qned-evo/100qned87b6/,Netherlands,제품 상세 (PDP),84
https://www.lg.com/nl/televisies-soundbars/nano-4k-uhd/50nu900b6la/,Netherlands,제품 상세 (PDP),84
https://www.lg.com/nl/televisies-soundbars/nano-4k-uhd/50nu800b6lc/,Netherlands,제품 상세 (PDP),84
https://www.lg.com/nl/televisies-soundbars/nano-4k-uhd/55NU800B6LA-DS40T/,Netherlands,제품 상세 (PDP),84
https://www.lg.com/nl/televisies-soundbars/nano-4k-uhd/75nu900b6la/,Netherlands,제품 상세 (PDP),84
https://www.lg.com/nl/audio/soundbars/ds60tr/,Netherlands,제품 상세 (PDP),84
https://www.lg.com/nl/audio/soundbars/ds80tr/,Netherlands,제품 상세 (PDP),81
https://www.lg.com/nl/televisies-soundbars/nano-4k-uhd/75nu800b6la/,Netherlands,제품 상세 (PDP),84
https://www.lg.com/nl/audio/soundbars/ds60t/,Netherlands,제품 상세 (PDP),81
https://www.lg.com/nl/audio/soundbars/ds40t/,Netherlands,제품 상세 (PDP),81
https://www.lg.com/nl/audio/soundbars/ds70tr/,Netherlands,제품 상세 (PDP),81
https://www.lg.com/nl/audio/soundbars/spt8-s/,Netherlands,제품 상세 (PDP),87
https://www.lg.com/nl/audio/soundbars/ds70ty/,Netherlands,제품 상세 (PDP),81
https://www.lg.com/nl/zakelijke-monitoren/cloud-monitoren/24cq651n-2p/,Netherlands,제품 상세 (PDP),81
https://www.lg.com/nl/televisies-soundbars/nano-4k-uhd/85nu800b6la-ds80tr/,Netherlands,제품 상세 (PDP),84
https://www.lg.com/nl/audio/soundbars/dsg10ty/,Netherlands,제품 상세 (PDP),81
https://www.lg.com/nl/audio/soundbars/dsc9s/,Netherlands,제품 상세 (PDP),84
https://www.lg.com/nl/televisies-soundbars/nano-4k-uhd/85nu900b6la/,Netherlands,제품 상세 (PDP),84
https://www.lg.com/nl/audio/soundbars/ds95tr/,Netherlands,제품 상세 (PDP),81
https://www.lg.com/nl/televisies-soundbars/nano-4k-uhd/85nu800b6la/,Netherlands,제품 상세 (PDP),84
https://www.lg.com/nl/zakelijke-monitoren/cloud-monitoren/34cr651n-6p/,Netherlands,제품 상세 (PDP),84
https://www.lg.com/nl/zakelijke-monitoren/cloud-monitoren/34cr651w-bp/,Netherlands,제품 상세 (PDP),84
https://www.lg.com/nl/monitoren/full-hd-qhd-monitoren/24ba750-b/,Netherlands,제품 상세 (PDP),78
https://www.lg.com/nl/zakelijke-monitoren/cloud-monitoren/24cr671w-bp/,Netherlands,제품 상세 (PDP),84
https://www.lg.com/nl/zakelijke-monitoren/cloud-monitoren/24cr671n-2p/,Netherlands,제품 상세 (PDP),87
https://www.lg.com/nl/monitoren/full-hd-qhd-monitoren/24ba560-b/,Netherlands,제품 상세 (PDP),78
https://www.lg.com/nl/monitoren/full-hd-qhd-monitoren/24ba850-b/,Netherlands,제품 상세 (PDP),78
https://www.lg.com/nl/monitoren/full-hd-qhd-monitoren/24ba650-b/,Netherlands,제품 상세 (PDP),78
https://www.lg.com/nl/zakelijke-monitoren/cloud-monitoren/27cq650n-6p/,Netherlands,제품 상세 (PDP),84
https://www.lg.com/nl/monitoren/full-hd-qhd-monitoren/27ba560-b/,Netherlands,제품 상세 (PDP),78
https://www.lg.com/nl/zakelijke-monitoren/cloud-monitoren/cq601n-2p/,Netherlands,제품 상세 (PDP),81
https://www.lg.com/nl/zakelijke-monitoren/cloud-monitoren/24cq651n-6n/,Netherlands,제품 상세 (PDP),87
https://www.lg.com/nl/zakelijke-monitoren/cloud-monitoren/cq600n-6p/,Netherlands,제품 상세 (PDP),81
https://www.lg.com/nl/zakelijke-monitoren/cloud-monitoren/cq600i-6p/,Netherlands,제품 상세 (PDP),87
https://www.lg.com/nl/zakelijke-monitoren/cloud-monitoren/cq600n-6n/,Netherlands,제품 상세 (PDP),87
https://www.lg.com/nl/monitoren/full-hd-qhd-monitoren/27ba550-b/,Netherlands,제품 상세 (PDP),78
https://www.lg.com/nl/monitoren/full-hd-qhd-monitoren/27U411A-B/,Netherlands,제품 상세 (PDP),81
https://www.lg.com/nl/monitoren/full-hd-qhd-monitoren/27ba450-b/,Netherlands,제품 상세 (PDP),78
https://www.lg.com/nl/zakelijke-monitoren/cloud-monitoren/cq601n-6p/,Netherlands,제품 상세 (PDP),81
https://www.lg.com/nl/monitoren/full-hd-qhd-monitoren/24br550y-c/,Netherlands,제품 상세 (PDP),87
https://www.lg.com/nl/monitoren/full-hd-qhd-monitoren/34bq77qc-b/,Netherlands,제품 상세 (PDP),84
https://www.lg.com/nl/monitoren/full-hd-qhd-monitoren/27br650b-c/,Netherlands,제품 상세 (PDP),84
https://www.lg.com/nl/zakelijke-monitoren/medische-monitoren/27hj713c-b/,Netherlands,제품 상세 (PDP),81
https://www.lg.com/nl/monitoren/full-hd-qhd-monitoren/27br550y-c/,Netherlands,제품 상세 (PDP),87
https://www.lg.com/nl/monitoren/full-hd-qhd-monitoren/32mr50c-b/,Netherlands,제품 상세 (PDP),81
https://www.lg.com/nl/monitoren/full-hd-qhd-monitoren/27ba850-b/,Netherlands,제품 상세 (PDP),78
https://www.lg.com/nl/zakelijke-monitoren/cloud-monitoren/cq601w-bp/,Netherlands,제품 상세 (PDP),84
https://www.lg.com/nl/zakelijke-monitoren/medische-monitoren/27hj710s/,Netherlands,제품 상세 (PDP),81
https://www.lg.com/nl/zakelijke-monitoren/medische-monitoren/21hq513d-b/,Netherlands,제품 상세 (PDP),75
https://www.lg.com/nl/zakelijke-monitoren/medische-monitoren/27hq710s-w/,Netherlands,제품 상세 (PDP),78
https://www.lg.com/nl/zakelijke-monitoren/medische-monitoren/24hr513c-b/,Netherlands,제품 상세 (PDP),81
https://www.lg.com/nl/zakelijke-monitoren/medische-monitoren/21hq613d-b/,Netherlands,제품 상세 (PDP),78
https://www.lg.com/nl/zakelijke-monitoren/medische-monitoren/27hj712c/,Netherlands,제품 상세 (PDP),84
https://www.lg.com/nl/monitoren/full-hd-qhd-monitoren/27ba650-b/,Netherlands,제품 상세 (PDP),78
https://www.lg.com/nl/monitoren/full-hd-qhd-monitoren/27ba750-b/,Netherlands,제품 상세 (PDP),78
https://www.lg.com/nl/monitoren/full-hd-qhd-monitoren/27ba65qb-b/,Netherlands,제품 상세 (PDP),78
https://www.lg.com/nl/residentiele-airconditioners/ap12rk/,Netherlands,제품 상세 (PDP),81
https://www.lg.com/nl/residentiele-airconditioners/ac12bk/,Netherlands,제품 상세 (PDP),81
https://www.lg.com/nl/residentiele-airconditioners/ap09rk/,Netherlands,제품 상세 (PDP),81
https://www.lg.com/nl/residentiele-airconditioners/ac18bk/,Netherlands,제품 상세 (PDP),81
https://www.lg.com/nl/residentiele-airconditioners/ac24bk/,Netherlands,제품 상세 (PDP),81
https://www.lg.com/nl/residentiele-airconditioners/ab24bk/,Netherlands,제품 상세 (PDP),81
https://www.lg.com/nl/residentiele-airconditioners/ab18bk/,Netherlands,제품 상세 (PDP),81
https://www.lg.com/nl/residentiele-airconditioners/ab12bk/,Netherlands,제품 상세 (PDP),81
https://www.lg.com/nl/residentiele-airconditioners/ac09bk/,Netherlands,제품 상세 (PDP),81
https://www.lg.com/nl/residentiele-airconditioners/ab09bk/,Netherlands,제품 상세 (PDP),81
https://www.lg.com/nl/residentiele-airconditioners/h09s1p/,Netherlands,제품 상세 (PDP),88
https://www.lg.com/nl/residentiele-airconditioners/h09s1da/,Netherlands,제품 상세 (PDP),81
https://www.lg.com/nl/residentiele-airconditioners/dc18rk/,Netherlands,제품 상세 (PDP),81
https://www.lg.com/nl/residentiele-airconditioners/h09s1pa/,Netherlands,제품 상세 (PDP),81
https://www.lg.com/nl/residentiele-airconditioners/dc09rk/,Netherlands,제품 상세 (PDP),81
https://www.lg.com/nl/residentiele-airconditioners/a12ga2/,Netherlands,제품 상세 (PDP),84
https://www.lg.com/nl/residentiele-airconditioners/h12s1d/,Netherlands,제품 상세 (PDP),88
https://www.lg.com/nl/residentiele-airconditioners/h09s1d/,Netherlands,제품 상세 (PDP),88
https://www.lg.com/nl/residentiele-airconditioners/h12s1da/,Netherlands,제품 상세 (PDP),81
https://www.lg.com/nl/residentiele-airconditioners/dc24rk/,Netherlands,제품 상세 (PDP),81
https://www.lg.com/nl/residentiele-airconditioners/aa09sp/,Netherlands,제품 상세 (PDP),81
https://www.lg.com/nl/residentiele-airconditioners/aa12sp/,Netherlands,제품 상세 (PDP),84
https://www.lg.com/nl/residentiele-airconditioners/a09ga2/,Netherlands,제품 상세 (PDP),84
https://www.lg.com/nl/residentiele-airconditioners/aa18sp/,Netherlands,제품 상세 (PDP),84
https://www.lg.com/nl/residentiele-airconditioners/dc12rk/,Netherlands,제품 상세 (PDP),81
https://www.lg.com/nl/residentiele-airconditioners/p09snd/,Netherlands,제품 상세 (PDP),81
https://www.lg.com/nl/residentiele-airconditioners/h24s1d/,Netherlands,제품 상세 (PDP),88
https://www.lg.com/nl/residentiele-airconditioners/p12snd-u12a/,Netherlands,제품 상세 (PDP),77
https://www.lg.com/nl/residentiele-airconditioners/h12s1pa/,Netherlands,제품 상세 (PDP),81
https://www.lg.com/nl/laptops/gram-plusview/16mr70/,Netherlands,제품 상세 (PDP),77
https://www.lg.com/nl/residentiele-airconditioners/h18s1d/,Netherlands,제품 상세 (PDP),88
https://www.lg.com/nl/combi-magnetrons/mj3965acs/,Netherlands,제품 상세 (PDP),87
https://www.lg.com/nl/residentiele-airconditioners/pc18st/,Netherlands,제품 상세 (PDP),81
https://www.lg.com/nl/lifestyle-screens/objet-collection-easel/65art90e6qa/,Netherlands,제품 상세 (PDP),84
https://www.lg.com/nl/residentiele-airconditioners/pc24st/,Netherlands,제품 상세 (PDP),81
https://www.lg.com/nl/residentiele-airconditioners/pc12st/,Netherlands,제품 상세 (PDP),81
https://www.lg.com/nl/residentiele-airconditioners/h12s1p/,Netherlands,제품 상세 (PDP),88
https://www.lg.com/nl/koelkasten/amerikaanse-koelkasten/gsgv80epld/,Netherlands,제품 상세 (PDP),84
https://www.lg.com/nl/residentiele-airconditioners/h24s1da/,Netherlands,제품 상세 (PDP),81
https://www.lg.com/nl/residentiele-airconditioners/p12snd/,Netherlands,제품 상세 (PDP),81
https://www.lg.com/nl/residentiele-airconditioners/pc09st/,Netherlands,제품 상세 (PDP),81
https://www.lg.com/nl/residentiele-airconditioners/h18s1da/,Netherlands,제품 상세 (PDP),81
https://www.lg.com/nl/soundsuite/h7-w7001/,Netherlands,제품 상세 (PDP),84
https://www.lg.com/nl/zakelijke-monitoren/medische-monitoren/32hl512d-b/,Netherlands,제품 상세 (PDP),81
https://www.lg.com/nl/lucht-water-warmtepompen/hm071hf-ub40-hn1616hc-nk0/,Netherlands,제품 상세 (PDP),84
https://www.lg.com/nl/combi-magnetrons/mj3965bib/,Netherlands,제품 상세 (PDP),87
https://www.lg.com/nl/lifestyle-screens/objet-collection-pose/42lx1q6la/,Netherlands,제품 상세 (PDP),84
https://www.lg.com/nl/koelkasten/amerikaanse-koelkasten/gslc40eppe/,Netherlands,제품 상세 (PDP),84
https://www.lg.com/nl/wasmachines-en-drogers/drogers/rh80v9av4n/,Netherlands,제품 상세 (PDP),90
https://www.lg.com/nl/televisies-soundbars/nano-4k-uhd/98nu900b6lb/,Netherlands,제품 상세 (PDP),84
https://www.lg.com/nl/monitoren/myview-smart-monitoren/32u889sa-w/,Netherlands,제품 상세 (PDP),84
https://www.lg.com/nl/warmtepomp/hn1616hy-nk0/,Netherlands,제품 상세 (PDP),77
https://www.lg.com/nl/witgoedaccessoires/wasmachine/dk2b/,Netherlands,제품 상세 (PDP),84
https://www.lg.com/nl/televisies-soundbars/nano-4k-uhd/98nu900b6lb-ds80tr/,Netherlands,제품 상세 (PDP),84
https://www.lg.com/nl/warmtepomp/hn1639hy/,Netherlands,제품 상세 (PDP),74
https://www.lg.com/nl/lucht-water-warmtepompen/hm071hf-ub40-phcs0-encxleu/,Netherlands,제품 상세 (PDP),84
https://www.lg.com/nl/monitoren/ultrafine-uhd-4k-5k-monitoren/27u710b-b/,Netherlands,제품 상세 (PDP),81
https://www.lg.com/nl/lifestyle-screens/objet-collection-pose/48lx1q6la/,Netherlands,제품 상세 (PDP),84
https://www.lg.com/nl/soundsuite/h7/,Netherlands,제품 상세 (PDP),78
https://www.lg.com/nl/televisies-soundbars/nanocell-tv/43nano82t6b/,Netherlands,제품 상세 (PDP),84
https://www.lg.com/nl/wasmachines-en-drogers/drogers/rh90v5av6n/,Netherlands,제품 상세 (PDP),90
https://www.lg.com/nl/witgoedaccessoires/wasmachine/dk2w/,Netherlands,제품 상세 (PDP),84
https://www.lg.com/nl/lucht-water-warmtepompen/hm051mr-u44/,Netherlands,제품 상세 (PDP),84
https://www.lg.com/nl/warmtepomp/hm091hf-ub40/,Netherlands,제품 상세 (PDP),84
https://www.lg.com/nl/combi-magnetrons/ms2082f/,Netherlands,제품 상세 (PDP),84
https://www.lg.com/nl/koelkasten/amerikaanse-koelkasten/gslc40pype/,Netherlands,제품 상세 (PDP),81
https://www.lg.com/nl/monitoren/myview-smart-monitoren/32u850sa-w/,Netherlands,제품 상세 (PDP),84
https://www.lg.com/nl/wasmachines-en-drogers/drogers/rh18u8avcw/,Netherlands,제품 상세 (PDP),84
https://www.lg.com/nl/projectoren/PU615U/,Netherlands,제품 상세 (PDP),84
https://www.lg.com/nl/soundsuite/immersive-suite-5-pro/,Netherlands,제품 상세 (PDP),81
https://www.lg.com/nl/koelkasten/amerikaanse-koelkasten/gslc41eppe/,Netherlands,제품 상세 (PDP),84
https://www.lg.com/nl/combi-magnetrons/ms2082h/,Netherlands,제품 상세 (PDP),81
https://www.lg.com/nl/zakelijke-monitoren/medische-monitoren/32hq713d-b/,Netherlands,제품 상세 (PDP),81
https://www.lg.com/nl/lifestyle-screens/stanbyme/27lx6tdga-fc25hs2ws/,Netherlands,제품 상세 (PDP),81
https://www.lg.com/nl/televisies-soundbars/nanocell-tv/55nano82t6b/,Netherlands,제품 상세 (PDP),84
https://www.lg.com/nl/lucht-water-warmtepompen/hm073hf-ub40-hn1639hc-nk0/,Netherlands,제품 상세 (PDP),84
https://www.lg.com/nl/warmtepomp/therma-v-r290-monobloc/hm051mrs/,Netherlands,제품 상세 (PDP),81
https://www.lg.com/nl/warmtepomp/phdcla0/,Netherlands,제품 상세 (PDP),77
https://www.lg.com/nl/lucht-water-warmtepompen/hm071mr-u44/,Netherlands,제품 상세 (PDP),84
https://www.lg.com/nl/soundsuite/immersive-quad-suite-7-pro/,Netherlands,제품 상세 (PDP),84
https://www.lg.com/nl/monitoren/ultrafine-uhd-4k-5k-monitoren/27u711b-b/,Netherlands,제품 상세 (PDP),78
https://www.lg.com/nl/lifestyle-screens/objet-collection-pose/55lx1q6la/,Netherlands,제품 상세 (PDP),84
https://www.lg.com/nl/televisies-soundbars/nanocell-tv/50nano82t6b/,Netherlands,제품 상세 (PDP),84
https://www.lg.com/nl/koelkasten/amerikaanse-koelkasten/gslc41pype/,Netherlands,제품 상세 (PDP),84
https://www.lg.com/nl/wasmachines-en-drogers/drogers/rh90v9zven/,Netherlands,제품 상세 (PDP),90
https://www.lg.com/nl/monitoren/ultrafine-uhd-4k-5k-monitoren/27u730a-b/,Netherlands,제품 상세 (PDP),81
https://www.lg.com/nl/koelkasten/amerikaanse-koelkasten/gsle81pybc/,Netherlands,제품 상세 (PDP),84
https://www.lg.com/nl/lifestyle-screens/stanbyme/27lx6tdga/,Netherlands,제품 상세 (PDP),81
https://www.lg.com/nl/wasmachines-en-drogers/drogers/rh90v9av3n/,Netherlands,제품 상세 (PDP),87
https://www.lg.com/nl/soundsuite/immersive-suite-7/,Netherlands,제품 상세 (PDP),81
https://www.lg.com/nl/wasmachines-en-drogers/drogers/rhx1009nwk/,Netherlands,제품 상세 (PDP),88
https://www.lg.com/nl/warmtepomp/therma-v-r290-monobloc/hm073hf-ub40/,Netherlands,제품 상세 (PDP),77
https://www.lg.com/nl/warmtepomp/therma-v-r290-monobloc/hm071mrs-ua40/,Netherlands,제품 상세 (PDP),81
https://www.lg.com/nl/lucht-water-warmtepompen/hm091hf-ub40-phcs0-encxleu/,Netherlands,제품 상세 (PDP),84
https://www.lg.com/nl/soundsuite/m5/,Netherlands,제품 상세 (PDP),81
https://www.lg.com/nl/koelkasten/amerikaanse-koelkasten/gsle91evab/,Netherlands,제품 상세 (PDP),84
https://www.lg.com/nl/monitoren/ultrafine-uhd-4k-5k-monitoren/27us550-w/,Netherlands,제품 상세 (PDP),84
https://www.lg.com/nl/televisies-soundbars/nanocell-tv/75nano82t6b/,Netherlands,제품 상세 (PDP),84
https://www.lg.com/nl/wasmachines-en-drogers/drogers/rhx1009nwb/,Netherlands,제품 상세 (PDP),88
https://www.lg.com/nl/televisies-soundbars/nanocell-tv/65nu850b6la/,Netherlands,제품 상세 (PDP),84
https://www.lg.com/nl/soundsuite/m7-m7w7001/,Netherlands,제품 상세 (PDP),84
https://www.lg.com/nl/warmtepomp/therma-v-r290-monobloc/hm091mrs-ua40/,Netherlands,제품 상세 (PDP),81
https://www.lg.com/nl/lucht-water-warmtepompen/hm093hf-ub40-hn1639hc-nk0/,Netherlands,제품 상세 (PDP),84
https://www.lg.com/nl/monitoren/ultrafine-uhd-4k-5k-monitoren/32U990A-S/,Netherlands,제품 상세 (PDP),84
https://www.lg.com/nl/koelkasten/amerikaanse-koelkasten/gsxe81evbd/,Netherlands,제품 상세 (PDP),84
https://www.lg.com/nl/wasmachines-en-drogers/drogers/rhx5008thb/,Netherlands,제품 상세 (PDP),88
https://www.lg.com/nl/monitoren/ultrafine-uhd-4k-5k-monitoren/32u720a-b/,Netherlands,제품 상세 (PDP),84
https://www.lg.com/nl/televisies-soundbars/oled-evo/oled42c54la-ds40t/,Netherlands,제품 상세 (PDP),84
https://www.lg.com/nl/warmtepomp/therma-v-r290-monobloc/hm071hf-ub40/,Netherlands,제품 상세 (PDP),77
https://www.lg.com/nl/wasmachines-en-drogers/drogers/rhx1008nwh/,Netherlands,제품 상세 (PDP),88
https://www.lg.com/nl/koelkasten/amerikaanse-koelkasten/gsle91evac/,Netherlands,제품 상세 (PDP),88
https://www.lg.com/nl/televisies-soundbars/nanocell-tv/65nano82t6b/,Netherlands,제품 상세 (PDP),84
https://www.lg.com/nl/lucht-water-warmtepompen/hm091mr-u44/,Netherlands,제품 상세 (PDP),84
https://www.lg.com/nl/televisies-soundbars/oled-evo/oled42c5elb/,Netherlands,제품 상세 (PDP),84
https://www.lg.com/nl/monitoren/ultrafine-uhd-4k-5k-monitoren/32uq850v-w/,Netherlands,제품 상세 (PDP),84
https://www.lg.com/nl/televisies-soundbars/oled-evo/oled42c55la/,Netherlands,제품 상세 (PDP),84
https://www.lg.com/nl/wasmachines-en-drogers/drogers/rhx5009twb/,Netherlands,제품 상세 (PDP),88
https://www.lg.com/nl/warmtepomp/wh10esf0-ha/,Netherlands,제품 상세 (PDP),77
https://www.lg.com/nl/warmtepomp/wh15esf0-ha/,Netherlands,제품 상세 (PDP),77
https://www.lg.com/nl/warmtepomp/wh20esf0-ca/,Netherlands,제품 상세 (PDP),77
https://www.lg.com/nl/lucht-water-warmtepompen/hm093hf-ub40/,Netherlands,제품 상세 (PDP),81
https://www.lg.com/nl/lucht-water-warmtepompen/hm093hfx-ub60-phcs0-encxleu/,Netherlands,제품 상세 (PDP),84
https://www.lg.com/nl/soundsuite/stereo-suite-5/,Netherlands,제품 상세 (PDP),81
https://www.lg.com/nl/lucht-water-warmtepompen/hm093hf-ub40-phcs0-encxleu/,Netherlands,제품 상세 (PDP),84
https://www.lg.com/nl/soundsuite/stereo-suite-7/,Netherlands,제품 상세 (PDP),81
https://www.lg.com/nl/soundsuite/m7/,Netherlands,제품 상세 (PDP),81
https://www.lg.com/nl/televisies-soundbars/oled-evo/oled42c54la/,Netherlands,제품 상세 (PDP),84
https://www.lg.com/nl/koelkasten/amerikaanse-koelkasten/gsxe91evad/,Netherlands,제품 상세 (PDP),84
https://www.lg.com/nl/monitoren/ultrafine-uhd-4k-5k-monitoren/32un880k-b/,Netherlands,제품 상세 (PDP),84
https://www.lg.com/nl/koelkasten/amerikaanse-koelkasten/gsxe90evdd/,Netherlands,제품 상세 (PDP),84
https://www.lg.com/nl/koelkasten/amerikaanse-koelkasten/gsxv80pzle/,Netherlands,제품 상세 (PDP),81
https://www.lg.com/nl/wasmachines-en-drogers/drogers/rhx5009thb/,Netherlands,제품 상세 (PDP),88
https://www.lg.com/nl/wasmachines-en-drogers/drogers/rhx5010thb/,Netherlands,제품 상세 (PDP),88
https://www.lg.com/nl/koelkasten/french-door/gmg960evee/,Netherlands,제품 상세 (PDP),84
https://www.lg.com/nl/wasmachines-en-drogers/styler/s3mfc/,Netherlands,제품 상세 (PDP),84
https://www.lg.com/nl/lucht-water-warmtepompen/hm121hf-ub60-hn1616hy-nk0/,Netherlands,제품 상세 (PDP),84
https://www.lg.com/nl/lucht-water-warmtepompen/hm121hf-ub60-phcs0-encxleu/,Netherlands,제품 상세 (PDP),84
https://www.lg.com/nl/wasmachines-en-drogers/drogers/rt90x8/,Netherlands,제품 상세 (PDP),84
https://www.lg.com/nl/koelkasten/french-door/gmbs30sdpy/,Netherlands,제품 상세 (PDP),84
https://www.lg.com/nl/wasmachines-en-drogers/drogers/rt90x8yb/,Netherlands,제품 상세 (PDP),84
https://www.lg.com/nl/televisies-soundbars/oled-evo/oled48c55la/,Netherlands,제품 상세 (PDP),84
https://www.lg.com/nl/monitoren/ultragear-gaming-monitoren/27g850a-b/,Netherlands,제품 상세 (PDP),84
https://www.lg.com/nl/koelkasten/french-door/gmg860epbe/,Netherlands,제품 상세 (PDP),84
https://www.lg.com/nl/televisies-soundbars/oled-evo/oled48c54la/,Netherlands,제품 상세 (PDP),84
https://www.lg.com/nl/monitoren/ultragear-gaming-monitoren/27g810a-b/,Netherlands,제품 상세 (PDP),84
https://www.lg.com/nl/televisies-soundbars/oled-evo/oled42c68la/,Netherlands,제품 상세 (PDP),84
https://www.lg.com/nl/monitoren/ultrafine-uhd-4k-5k-monitoren/40U990A-W/,Netherlands,제품 상세 (PDP),81
https://www.lg.com/nl/wasmachines-en-drogers/drogers/rt10x8b/,Netherlands,제품 상세 (PDP),84
https://www.lg.com/nl/lucht-water-warmtepompen/hm121hf-ub60/,Netherlands,제품 상세 (PDP),81
https://www.lg.com/nl/televisies-soundbars/oled-evo/oled48c68la/,Netherlands,제품 상세 (PDP),84
https://www.lg.com/nl/monitoren/ultragear-gaming-monitoren/27gr83q-b/,Netherlands,제품 상세 (PDP),84
https://www.lg.com/nl/lucht-water-warmtepompen/hm121mr-u34/,Netherlands,제품 상세 (PDP),84
https://www.lg.com/nl/soundsuite/w7/,Netherlands,제품 상세 (PDP),75
https://www.lg.com/nl/koelkasten/koel-vries-combinaties/gbbs312apy/,Netherlands,제품 상세 (PDP),84
https://www.lg.com/nl/koelkasten/koel-vries-combinaties/gbbs312aev/,Netherlands,제품 상세 (PDP),84
https://www.lg.com/nl/wasmachines-en-drogers/was-droogcombi/f4dr3096n3w/,Netherlands,제품 상세 (PDP),87
https://www.lg.com/nl/wasmachines-en-drogers/was-droogcombi/f4dr9537s2w/,Netherlands,제품 상세 (PDP),84
https://www.lg.com/nl/monitoren/ultragear-gaming-monitoren/27g610a-b/,Netherlands,제품 상세 (PDP),84
https://www.lg.com/nl/televisies-soundbars/oled-evo/oled42c67la/,Netherlands,제품 상세 (PDP),84
https://www.lg.com/nl/lucht-water-warmtepompen/hm093mr-u44/,Netherlands,제품 상세 (PDP),84
https://www.lg.com/nl/koelkasten/french-door/gmbs30sdep/,Netherlands,제품 상세 (PDP),84
https://www.lg.com/nl/monitoren/ultragear-gaming-monitoren/27gm950b-b/,Netherlands,제품 상세 (PDP),81
https://www.lg.com/nl/televisies-soundbars/oled-evo/oled48c56lb/,Netherlands,제품 상세 (PDP),84
https://www.lg.com/nl/lucht-water-warmtepompen/hm123hf-ub60-hn1639hy-nk0/,Netherlands,제품 상세 (PDP),84
https://www.lg.com/nl/koelkasten/koel-vries-combinaties/gbbs312bev/,Netherlands,제품 상세 (PDP),84
https://www.lg.com/nl/televisies-soundbars/oled-evo/oled48g56ls-ds60tr/,Netherlands,제품 상세 (PDP),84
https://www.lg.com/nl/lucht-water-warmtepompen/hm123hf-ub60-phcs0-encxleu/,Netherlands,제품 상세 (PDP),84
https://www.lg.com/nl/lucht-water-warmtepompen/hm121mrs-ub40/,Netherlands,제품 상세 (PDP),77
https://www.lg.com/nl/monitoren/ultragear-gaming-monitoren/32gx850a-b/,Netherlands,제품 상세 (PDP),81
https://www.lg.com/nl/lucht-water-warmtepompen/hm123hf-ub60/,Netherlands,제품 상세 (PDP),81
https://www.lg.com/nl/televisies-soundbars/oled-evo/oled48g69ls-ds60tr/,Netherlands,제품 상세 (PDP),84
https://www.lg.com/nl/televisies-soundbars/oled-evo/oled48g69ls/,Netherlands,제품 상세 (PDP),84
https://www.lg.com/nl/wasmachines-en-drogers/wasmachines-en-drogers-aanbiedingen/f4wx803yb-rt10x8b/,Netherlands,제품 상세 (PDP),84
https://www.lg.com/nl/koelkasten/koel-vries-combinaties/gbbs312cev/,Netherlands,제품 상세 (PDP),84
https://www.lg.com/nl/monitoren/ultragear-gaming-monitoren/34g600a-b/,Netherlands,제품 상세 (PDP),84
https://www.lg.com/nl/wasmachines-en-drogers/was-droogcombi/hpwd116a/,Netherlands,제품 상세 (PDP),84
https://www.lg.com/nl/monitoren/ultragear-gaming-monitoren/32gx870a-b/,Netherlands,제품 상세 (PDP),81
https://www.lg.com/nl/koelkasten/koel-vries-combinaties/gbbs322aev/,Netherlands,제품 상세 (PDP),84
https://www.lg.com/nl/wasmachines-en-drogers/wasmachines-en-drogers-aanbiedingen/f4wx809y-dk2w/,Netherlands,제품 상세 (PDP),84
https://www.lg.com/nl/wasmachines-en-drogers/was-droogcombi/gd3r509s0/,Netherlands,제품 상세 (PDP),87
https://www.lg.com/nl/koelkasten/koel-vries-combinaties/gbbs312cpy/,Netherlands,제품 상세 (PDP),84
https://www.lg.com/nl/monitoren/ultragear-gaming-monitoren/27gx704a-b/,Netherlands,제품 상세 (PDP),84
https://www.lg.com/nl/televisies-soundbars/oled-evo/oled48g56ls/,Netherlands,제품 상세 (PDP),84
https://www.lg.com/nl/koelkasten/koel-vries-combinaties/gbbs322cev/,Netherlands,제품 상세 (PDP),84
https://www.lg.com/nl/monitoren/ultragear-gaming-monitoren/39gx950b-b/,Netherlands,제품 상세 (PDP),81
https://www.lg.com/nl/wasmachines-en-drogers/wasmachines-en-drogers-aanbiedingen/f4x5009twb-rhxtwb/,Netherlands,제품 상세 (PDP),84
https://www.lg.com/nl/lucht-water-warmtepompen/hm141hf-ub60-phcs0-encxleu/,Netherlands,제품 상세 (PDP),84
https://www.lg.com/nl/lucht-water-warmtepompen/hm141hf-ub60-hn1616hy-nk0/,Netherlands,제품 상세 (PDP),84
https://www.lg.com/nl/koelkasten/koel-vries-combinaties/gbbs322bpy/,Netherlands,제품 상세 (PDP),84
https://www.lg.com/nl/wasmachines-en-drogers/wasmachines-en-drogers-aanbiedingen/f4x1009nwk-rhxnwk/,Netherlands,제품 상세 (PDP),84
https://www.lg.com/nl/televisies-soundbars/oled-evo/oled55c56lb/,Netherlands,제품 상세 (PDP),84
https://www.lg.com/nl/monitoren/ultragear-gaming-monitoren/39gx900a-b/,Netherlands,제품 상세 (PDP),84
https://www.lg.com/nl/televisies-soundbars/oled-evo/oled55c67la/,Netherlands,제품 상세 (PDP),84
https://www.lg.com/nl/koelkasten/koel-vries-combinaties/gbbs514amb/,Netherlands,제품 상세 (PDP),84
https://www.lg.com/nl/lucht-water-warmtepompen/hm141mr-u34/,Netherlands,제품 상세 (PDP),84
https://www.lg.com/nl/wasmachines-en-drogers/wasmachines-en-drogers-aanbiedingen/f4x5511thb-RH5008/,Netherlands,제품 상세 (PDP),84
https://www.lg.com/nl/koelkasten/koel-vries-combinaties/gbbs322cpy/,Netherlands,제품 상세 (PDP),84
https://www.lg.com/nl/monitoren/ultragear-gaming-monitoren/45gx950a-b/,Netherlands,제품 상세 (PDP),84
https://www.lg.com/nl/televisies-soundbars/oled-evo/oled55c68la/,Netherlands,제품 상세 (PDP),84
https://www.lg.com/nl/lucht-water-warmtepompen/hm141hf-ub60/,Netherlands,제품 상세 (PDP),81
https://www.lg.com/nl/koelkasten/koel-vries-combinaties/gbbs322bev/,Netherlands,제품 상세 (PDP),84
https://www.lg.com/nl/koelkasten/koel-vries-combinaties/gbbs322apy/,Netherlands,제품 상세 (PDP),84
https://www.lg.com/nl/televisies-soundbars/oled-evo/oled55c55la/,Netherlands,제품 상세 (PDP),84
https://www.lg.com/nl/televisies-soundbars/oled-evo/oled55c54la/,Netherlands,제품 상세 (PDP),84
https://www.lg.com/nl/lucht-water-warmtepompen/hm123mrs-ub40/,Netherlands,제품 상세 (PDP),77
https://www.lg.com/nl/wasmachines-en-drogers/wasmachines-en-drogers-aanbiedingen/f4wx851y-dk2w/,Netherlands,제품 상세 (PDP),84
https://www.lg.com/nl/televisies-soundbars/oled-evo/oled55c68la-dsc9s/,Netherlands,제품 상세 (PDP),84
https://www.lg.com/nl/monitoren/ultragear-gaming-monitoren/45gx900a-b/,Netherlands,제품 상세 (PDP),84
https://www.lg.com/nl/lucht-water-warmtepompen/hm141mrs-ub40/,Netherlands,제품 상세 (PDP),77
https://www.lg.com/nl/lucht-water-warmtepompen/hm143hf-ub60-hn1639hy-nk0/,Netherlands,제품 상세 (PDP),84
https://www.lg.com/nl/monitoren/ultrawide-monitoren/29u511a-b/,Netherlands,제품 상세 (PDP),84
https://www.lg.com/nl/televisies-soundbars/oled-evo/oled55c69lb/,Netherlands,제품 상세 (PDP),84
https://www.lg.com/nl/koelkasten/koel-vries-combinaties/gbbs524apy/,Netherlands,제품 상세 (PDP),84
https://www.lg.com/nl/televisies-soundbars/oled-evo/oled55g55lw/,Netherlands,제품 상세 (PDP),84
https://www.lg.com/nl/televisies-soundbars/oled-evo/oled55g67lw/,Netherlands,제품 상세 (PDP),84
https://www.lg.com/nl/wasmachines-en-drogers/wasmachines/f4a1009nwk/,Netherlands,제품 상세 (PDP),84
https://www.lg.com/nl/monitoren/ultragear-gaming-oled/27gx790b-b/,Netherlands,제품 상세 (PDP),81
https://www.lg.com/nl/monitoren/ultragear-gaming-monitoren/52g930b-b/,Netherlands,제품 상세 (PDP),84
https://www.lg.com/nl/wasmachines-en-drogers/wasmachines/f4wr7011syb-rh9zven/,Netherlands,제품 상세 (PDP),78
https://www.lg.com/nl/lucht-water-warmtepompen/hm143hf-ub60/,Netherlands,제품 상세 (PDP),81
https://www.lg.com/nl/koelkasten/koel-vries-combinaties/gbbs524aev/,Netherlands,제품 상세 (PDP),84
https://www.lg.com/nl/monitoren/ultrawide-monitoren/34ba75qe-b/,Netherlands,제품 상세 (PDP),84
https://www.lg.com/nl/wasmachines-en-drogers/wasmachines/f4wr7011syb/,Netherlands,제품 상세 (PDP),88
https://www.lg.com/nl/wasmachines-en-drogers/wasmachines/f4wx801y/,Netherlands,제품 상세 (PDP),84
https://www.lg.com/nl/koelkasten/koel-vries-combinaties/gbbs514cpy/,Netherlands,제품 상세 (PDP),78
https://www.lg.com/nl/lucht-water-warmtepompen/hm143hf-ub60-phcs0-encxleu/,Netherlands,제품 상세 (PDP),84
https://www.lg.com/nl/koelkasten/koel-vries-combinaties/gbbs525cpy/,Netherlands,제품 상세 (PDP),84
https://www.lg.com/nl/televisies-soundbars/oled-evo/oled55g56ls/,Netherlands,제품 상세 (PDP),84
https://www.lg.com/nl/lucht-water-warmtepompen/hm161hf-ub60-phcs0-encxleu/,Netherlands,제품 상세 (PDP),84
https://www.lg.com/nl/koelkasten/koel-vries-combinaties/gbbs726cev/,Netherlands,제품 상세 (PDP),84
https://www.lg.com/nl/wasmachines-en-drogers/wasmachines/f4wx809y-rt90x8/,Netherlands,제품 상세 (PDP),84
https://www.lg.com/nl/koelkasten/koel-vries-combinaties/gbbsj10dpy/,Netherlands,제품 상세 (PDP),84
https://www.lg.com/nl/wasmachines-en-drogers/wasmachines/f4wx809y/,Netherlands,제품 상세 (PDP),84
https://www.lg.com/nl/lucht-water-warmtepompen/hm161hf-ub60-hn1616hy-nk0/,Netherlands,제품 상세 (PDP),84
https://www.lg.com/nl/monitoren/ultrawide-monitoren/34u640b-b/,Netherlands,제품 상세 (PDP),84
https://www.lg.com/nl/monitoren/ultrawide-monitoren/34u601b-b/,Netherlands,제품 상세 (PDP),81
https://www.lg.com/nl/koelkasten/koel-vries-combinaties/gbbs726aev/,Netherlands,제품 상세 (PDP),88
https://www.lg.com/nl/wasmachines-en-drogers/wasmachines/f4wx803yb/,Netherlands,제품 상세 (PDP),84
https://www.lg.com/nl/televisies-soundbars/oled-evo/oled65c55la/,Netherlands,제품 상세 (PDP),84
https://www.lg.com/nl/televisies-soundbars/oled-evo/oled55g69ls-ds80tr/,Netherlands,제품 상세 (PDP),84
https://www.lg.com/nl/televisies-soundbars/oled-evo/oled55g69ls/,Netherlands,제품 상세 (PDP),84
https://www.lg.com/nl/monitoren/ultrawide-monitoren/34u511a-b/,Netherlands,제품 상세 (PDP),84
https://www.lg.com/nl/wasmachines-en-drogers/wasmachines/f4wx851y-rt90x8/,Netherlands,제품 상세 (PDP),84
https://www.lg.com/nl/lucht-water-warmtepompen/hm161mr-u34/,Netherlands,제품 상세 (PDP),84
https://www.lg.com/nl/koelkasten/koel-vries-combinaties/gbbsj10eep/,Netherlands,제품 상세 (PDP),88
https://www.lg.com/nl/monitoren/ultrawide-monitoren/34wk95up-w/,Netherlands,제품 상세 (PDP),77
https://www.lg.com/nl/televisies-soundbars/oled-evo/oled65c5elb/,Netherlands,제품 상세 (PDP),84
https://www.lg.com/nl/monitoren/ultrawide-monitoren/34u650a-b/,Netherlands,제품 상세 (PDP),81
https://www.lg.com/nl/koelkasten/koel-vries-combinaties/gbbsj10dsw/,Netherlands,제품 상세 (PDP),84
https://www.lg.com/nl/televisies-soundbars/oled-evo/oled65c56lb/,Netherlands,제품 상세 (PDP),84
https://www.lg.com/nl/wasmachines-en-drogers/wasmachines/f4wx809yba/,Netherlands,제품 상세 (PDP),84
https://www.lg.com/nl/lucht-water-warmtepompen/hm143mrs-ub40/,Netherlands,제품 상세 (PDP),77
https://www.lg.com/nl/lucht-water-warmtepompen/hm161hf-ub60/,Netherlands,제품 상세 (PDP),81
https://www.lg.com/nl/lucht-water-warmtepompen/hm143mr-u34/,Netherlands,제품 상세 (PDP),84
https://www.lg.com/nl/wasmachines-en-drogers/wasmachines/f4wx801yb/,Netherlands,제품 상세 (PDP),84
https://www.lg.com/nl/televisies-soundbars/oled-evo/oled55g68lw/,Netherlands,제품 상세 (PDP),84
https://www.lg.com/nl/koelkasten/koel-vries-combinaties/gbbs716cpy/,Netherlands,제품 상세 (PDP),84
https://www.lg.com/nl/monitoren/ultrawide-monitoren/34ba85qe-b/,Netherlands,제품 상세 (PDP),84
https://www.lg.com/nl/koelkasten/koel-vries-combinaties/gbbsj1ccep/,Netherlands,제품 상세 (PDP),78
https://www.lg.com/nl/koelkasten/koel-vries-combinaties/gbbsj10esw/,Netherlands,제품 상세 (PDP),84
https://www.lg.com/nl/wasmachines-en-drogers/wasmachines/f4x1008nwh/,Netherlands,제품 상세 (PDP),88
https://www.lg.com/nl/lucht-water-warmtepompen/hm163hf-ub60-hn1639hy-nk0/,Netherlands,제품 상세 (PDP),84
https://www.lg.com/nl/wasmachines-en-drogers/wasmachines/f4wx851y/,Netherlands,제품 상세 (PDP),84
https://www.lg.com/nl/wasmachines-en-drogers/wasmachines/f4wx859y-rt90x8/,Netherlands,제품 상세 (PDP),84
https://www.lg.com/nl/lucht-water-warmtepompen/hm161mrs-ub40/,Netherlands,제품 상세 (PDP),77
https://www.lg.com/nl/televisies-soundbars/oled-evo/oled65c68la-dsc9s/,Netherlands,제품 상세 (PDP),84
https://www.lg.com/nl/lucht-water-warmtepompen/hm163hf-ub60-phcs0-encxleu/,Netherlands,제품 상세 (PDP),84
https://www.lg.com/nl/televisies-soundbars/oled-evo/oled65c69lb/,Netherlands,제품 상세 (PDP),84
https://www.lg.com/nl/koelkasten/koel-vries-combinaties/gbbsj11dep/,Netherlands,제품 상세 (PDP),84
https://www.lg.com/nl/televisies-soundbars/oled-evo/oled65g55lw-dsg10ty/,Netherlands,제품 상세 (PDP),84
https://www.lg.com/nl/televisies-soundbars/oled-evo/oled65c68la/,Netherlands,제품 상세 (PDP),84
https://www.lg.com/nl/monitoren/ultrawide-monitoren/34wq73a-b/,Netherlands,제품 상세 (PDP),84
https://www.lg.com/nl/televisies-soundbars/oled-evo/oled65g46ls/,Netherlands,제품 상세 (PDP),84
https://www.lg.com/nl/lucht-water-warmtepompen/hm163mr-u34/,Netherlands,제품 상세 (PDP),84
https://www.lg.com/nl/lucht-water-warmtepompen/hm163hf-ub60/,Netherlands,제품 상세 (PDP),81
https://www.lg.com/nl/wasmachines-en-drogers/wasmachines/f4wx859y/,Netherlands,제품 상세 (PDP),84
https://www.lg.com/nl/koelkasten/koel-vries-combinaties/gbbsj1ccsw/,Netherlands,제품 상세 (PDP),84
https://www.lg.com/nl/monitoren/ultrawide-monitoren/49u950a-w/,Netherlands,제품 상세 (PDP),81
https://www.lg.com/nl/koelkasten/koel-vries-combinaties/gbgs514cev/,Netherlands,제품 상세 (PDP),84
https://www.lg.com/nl/lucht-water-warmtepompen/hn0613t-nk0-hu041mr-u20/,Netherlands,제품 상세 (PDP),81
https://www.lg.com/nl/lucht-water-warmtepompen/hn0613m/,Netherlands,제품 상세 (PDP),77
https://www.lg.com/nl/lucht-water-warmtepompen/hn0613m-nk5-hu061mr-u20/,Netherlands,제품 상세 (PDP),81
https://www.lg.com/nl/koelkasten/koelkast-aanbiendingen/gbbs312aev/,Netherlands,제품 상세 (PDP),84
https://www.lg.com/nl/wasmachines-en-drogers/wasmachines/f4x5009thbu/,Netherlands,제품 상세 (PDP),84
https://www.lg.com/nl/koelkasten/koel-vries-combinaties/gbg5160cev/,Netherlands,제품 상세 (PDP),84
https://www.lg.com/nl/televisies-soundbars/oled-evo/oled65g67lw/,Netherlands,제품 상세 (PDP),84
https://www.lg.com/nl/televisies-soundbars/oled-evo/oled65g56ls-dsg10ty/,Netherlands,제품 상세 (PDP),84
https://www.lg.com/nl/wasmachines-en-drogers/wasmachines/f4x5009thb/,Netherlands,제품 상세 (PDP),84
https://www.lg.com/nl/wasmachines-en-drogers/wasmachines/f4x5009twb/,Netherlands,제품 상세 (PDP),84
https://www.lg.com/nl/televisies-soundbars/oled-evo/oled65g56ls/,Netherlands,제품 상세 (PDP),84
https://www.lg.com/nl/televisies-soundbars/oled-evo/oled65g68lw-dsg10ty/,Netherlands,제품 상세 (PDP),84
https://www.lg.com/nl/televisies-soundbars/oled-evo/oled65g68lw/,Netherlands,제품 상세 (PDP),84
https://www.lg.com/nl/lucht-water-warmtepompen/hn0613t/,Netherlands,제품 상세 (PDP),77
https://www.lg.com/nl/koelkasten/koelkast-aanbiendingen/gbbs514amb/,Netherlands,제품 상세 (PDP),84
https://www.lg.com/nl/koelkasten/koelkast-aanbiendingen/gbbs524aev/,Netherlands,제품 상세 (PDP),84
https://www.lg.com/nl/wasmachines-en-drogers/wasmachines/f4x5011twb/,Netherlands,제품 상세 (PDP),84
https://www.lg.com/nl/wasmachines-en-drogers/wasmachines/f4x5013thb/,Netherlands,제품 상세 (PDP),84
https://www.lg.com/nl/koelkasten/koel-vries-combinaties/gbbsj20dsw/,Netherlands,제품 상세 (PDP),78
https://www.lg.com/nl/lucht-water-warmtepompen/hn0613t-nk0-hu061mr-u20/,Netherlands,제품 상세 (PDP),81
https://www.lg.com/nl/televisies-soundbars/oled-evo/oled65g55lw/,Netherlands,제품 상세 (PDP),84
https://www.lg.com/nl/televisies-soundbars/oled-evo/oled65g56ls-ds80tr/,Netherlands,제품 상세 (PDP),84
https://www.lg.com/nl/lucht-water-warmtepompen/hm163mrs-ub40/,Netherlands,제품 상세 (PDP),77
https://www.lg.com/nl/koelkasten/koel-vries-combinaties/gbbw322aev/,Netherlands,제품 상세 (PDP),81
https://www.lg.com/nl/wasmachines-en-drogers/wasmachines/f4x1009nwk/,Netherlands,제품 상세 (PDP),84
https://www.lg.com/nl/koelkasten/koelkast-aanbiendingen/gbbs322apy/,Netherlands,제품 상세 (PDP),84
https://www.lg.com/nl/wasmachines-en-drogers/wasmachines/f4x5011thb/,Netherlands,제품 상세 (PDP),84
https://www.lg.com/nl/koelkasten/koelkast-aanbiendingen/gbbs524apy/,Netherlands,제품 상세 (PDP),84
https://www.lg.com/nl/lucht-water-warmtepompen/hn0913t-nk0-hu071mr-u44/,Netherlands,제품 상세 (PDP),81
https://www.lg.com/nl/televisies-soundbars/oled-evo/oled77c55la/,Netherlands,제품 상세 (PDP),84
https://www.lg.com/nl/lucht-water-warmtepompen/hn0913t-nk0-hu051mr-u44/,Netherlands,제품 상세 (PDP),81
https://www.lg.com/nl/televisies-soundbars/oled-evo/oled77c54la/,Netherlands,제품 상세 (PDP),84
https://www.lg.com/nl/lucht-water-warmtepompen/hn0913t/,Netherlands,제품 상세 (PDP),81
https://www.lg.com/nl/koelkasten/koelkast-vriezer/gft61swcsf/,Netherlands,제품 상세 (PDP),84
https://www.lg.com/nl/koelkasten/koelkast-aanbiendingen/gft61glt71-wcsf/,Netherlands,제품 상세 (PDP),84
https://www.lg.com/nl/wasmachines-en-drogers/wasmachines/f4x5511thb/,Netherlands,제품 상세 (PDP),84
https://www.lg.com/nl/koelkasten/koelkast-aanbiendingen/gbbs726aev/,Netherlands,제품 상세 (PDP),84
https://www.lg.com/nl/wasmachines-en-drogers/wasmachines/f4x5509tbb/,Netherlands,제품 상세 (PDP),81
https://www.lg.com/nl/televisies-soundbars/oled-evo/oled77c5elb/,Netherlands,제품 상세 (PDP),84
https://www.lg.com/nl/lucht-water-warmtepompen/hn0916t/,Netherlands,제품 상세 (PDP),84
https://www.lg.com/nl/koelkasten/koelkast-vriezer/gfm61mccsf/,Netherlands,제품 상세 (PDP),88
https://www.lg.com/nl/wasmachines-en-drogers/wasmachines/gc3r709s1-rh5av6n/,Netherlands,제품 상세 (PDP),84
https://www.lg.com/nl/lucht-water-warmtepompen/hn0913t-nk0-hu091mr-u44/,Netherlands,제품 상세 (PDP),81
https://www.lg.com/nl/wasmachines-en-drogers/wasmachines/f4x5509thb/,Netherlands,제품 상세 (PDP),84
https://www.lg.com/nl/televisies-soundbars/oled-evo/oled65g69ls-ds95tr/,Netherlands,제품 상세 (PDP),84
https://www.lg.com/nl/wasmachines-en-drogers/wasmachines/gc3r709s1-rh9av3n/,Netherlands,제품 상세 (PDP),81
https://www.lg.com/nl/televisies-soundbars/oled-evo/oled65g69ls/,Netherlands,제품 상세 (PDP),84
https://www.lg.com/nl/wasmachines-en-drogers/wasmachines/w4x1085nwb/,Netherlands,제품 상세 (PDP),88
https://www.lg.com/nl/televisies-soundbars/oled-evo/oled77g55lw/,Netherlands,제품 상세 (PDP),84
https://www.lg.com/nl/wasmachines-en-drogers/wasmachines/w4x1095nwb/,Netherlands,제품 상세 (PDP),88
https://www.lg.com/nl/wasmachines-en-drogers/wasmachines/lc0r2n2-rh8avcw/,Netherlands,제품 상세 (PDP),81
https://www.lg.com/nl/lucht-water-warmtepompen/hn1600mc-nk1-hu123mrb-u30/,Netherlands,제품 상세 (PDP),81
https://www.lg.com/nl/lucht-water-warmtepompen/hn1600mc-nk1-hu141mrb-u30/,Netherlands,제품 상세 (PDP),81
https://www.lg.com/nl/lucht-water-warmtepompen/hn1600mc-nk1-hu121mrb-u30/,Netherlands,제품 상세 (PDP),81
https://www.lg.com/nl/wasmachines-en-drogers/wasmachines/lc0r2n2/,Netherlands,제품 상세 (PDP),81
https://www.lg.com/nl/televisies-soundbars/oled-evo/oled77g68lw-dsg10ty/,Netherlands,제품 상세 (PDP),84
https://www.lg.com/nl/televisies-soundbars/oled-evo/oled77g67lw/,Netherlands,제품 상세 (PDP),84
https://www.lg.com/nl/lucht-water-warmtepompen/hn1610h-nk3-hu161ha-u33/,Netherlands,제품 상세 (PDP),81
https://www.lg.com/nl/televisies-soundbars/oled-evo/oled77w69la/,Netherlands,제품 상세 (PDP),84
https://www.lg.com/nl/lucht-water-warmtepompen/hn1600mc-nk1/,Netherlands,제품 상세 (PDP),81
https://www.lg.com/nl/lucht-water-warmtepompen/hn1600mc-nk1-hu163mrb-u30/,Netherlands,제품 상세 (PDP),81
https://www.lg.com/nl/televisies-soundbars/oled-evo/oled83c54la/,Netherlands,제품 상세 (PDP),84
https://www.lg.com/nl/televisies-soundbars/oled-evo/oled83c56la/,Netherlands,제품 상세 (PDP),84
https://www.lg.com/nl/lucht-water-warmtepompen/hn1600mc-nk1-hu161mrb-u30/,Netherlands,제품 상세 (PDP),81
https://www.lg.com/nl/televisies-soundbars/oled-evo/oled77c68la/,Netherlands,제품 상세 (PDP),84
https://www.lg.com/nl/lucht-water-warmtepompen/hn1600mc-nk1-hu143mrb-u30/,Netherlands,제품 상세 (PDP),81
https://www.lg.com/nl/lucht-water-warmtepompen/hn091mr-nk5-hu091mr-u44/,Netherlands,제품 상세 (PDP),81
https://www.lg.com/nl/wasmachines-en-drogers/wasmachines/gc3r709s1/,Netherlands,제품 상세 (PDP),88
https://www.lg.com/nl/televisies-soundbars/oled-evo/oled77c67la/,Netherlands,제품 상세 (PDP),84
https://www.lg.com/nl/wasmachines-en-drogers/wasmachines/gc3r709s1-rh9av4n/,Netherlands,제품 상세 (PDP),84
https://www.lg.com/nl/lucht-water-warmtepompen/hn091mr-nk5-hu051mr-u44/,Netherlands,제품 상세 (PDP),81
https://www.lg.com/nl/koelkasten/koelkast-vriezer/glm71mccsf/,Netherlands,제품 상세 (PDP),88
https://www.lg.com/nl/televisies-soundbars/oled-evo/oled77m49la/,Netherlands,제품 상세 (PDP),84
https://www.lg.com/nl/lucht-water-warmtepompen/hn091mr-nk5-hu071mr-u44/,Netherlands,제품 상세 (PDP),81
https://www.lg.com/nl/koelkasten/koelkast-vriezer/glt71swcsf/,Netherlands,제품 상세 (PDP),84
https://www.lg.com/nl/televisies-soundbars/oled-evo/oled77g68lw/,Netherlands,제품 상세 (PDP),84
https://www.lg.com/nl/televisies-soundbars/oled-evo/oled77c69lb/,Netherlands,제품 상세 (PDP),84
https://www.lg.com/nl/lucht-water-warmtepompen/hn1616hc-nk0-hm141hf-ub60/,Netherlands,제품 상세 (PDP),84
https://www.lg.com/nl/lucht-water-warmtepompen/hn1616hc-nk0-hm121hf-ub60/,Netherlands,제품 상세 (PDP),84
https://www.lg.com/nl/lucht-water-warmtepompen/hn1616hc-nk0-hm161hf-ub60/,Netherlands,제품 상세 (PDP),84
https://www.lg.com/nl/televisies-soundbars/oled-evo/oled83c5ela/,Netherlands,제품 상세 (PDP),81
https://www.lg.com/nl/televisies-soundbars/oled-evo/oled83c67la/,Netherlands,제품 상세 (PDP),84
https://www.lg.com/nl/appliances/buying-guide/old-buying-guide/,Netherlands,구매 가이드,59
https://www.lg.com/nl/buying-guides/,Netherlands,구매 가이드,63
https://www.lg.com/nl/buying-guide/,Netherlands,구매 가이드,59
https://www.lg.com/nl/appliances/buying-guide/,Netherlands,구매 가이드,78
https://www.lg.com/nl/appliances/buying-guide/fridge-freezers/type/,Netherlands,구매 가이드,76
https://www.lg.com/nl/appliances/buying-guide/fridge-freezers/size-volume/,Netherlands,구매 가이드,79
https://www.lg.com/nl/appliances/buying-guide/washing-machines/size-capacity/,Netherlands,구매 가이드,89
https://www.lg.com/nl/appliances/buying-guide/old-buying-guide/washing-machines/,Netherlands,구매 가이드,82
https://www.lg.com/nl/appliances/buying-guide/old-buying-guide/fridge-freezers1/,Netherlands,구매 가이드,86
https://www.lg.com/nl/buying-guides/laundry-spec-library/,Netherlands,구매 가이드,86
https://www.lg.com/nl/appliances/buying-guide/fridge-freezers/feature-performance/,Netherlands,구매 가이드,79
https://www.lg.com/nl/appliances/buying-guide/washing-machines/feature-performance/,Netherlands,구매 가이드,86
https://www.lg.com/nl/appliances/buying-guide/washing-machines/type/,Netherlands,구매 가이드,83
https://www.lg.com/nl/buying-guides/monitor-spec-library/,Netherlands,구매 가이드,86
https://www.lg.com/nl/appliances/buying-guide/old-buying-guide/fridge-freezers/,Netherlands,구매 가이드,86
https://www.lg.com/nl/appliances/buying-guide/old-buying-guide/washing-machines1/,Netherlands,구매 가이드,83
https://www.lg.com/nl/appliances/buying-guide/old-buying-guide/washing-machines-new/,Netherlands,구매 가이드,83
https://www.lg.com/nl/buying-guides/monitor-lineup-guide/,Netherlands,구매 가이드,93
https://www.lg.com/nl/appliances/buying-guide/old-buying-guide/Fridge-Freezer/,Netherlands,구매 가이드,74
https://www.lg.com/nl/appliances/buying-guide/old-buying-guide/Washing-Machine/,Netherlands,구매 가이드,67
https://www.lg.com/nl/microsite-article/ms/it/monitor/ultragear-buying-guide/buying-guide/,Netherlands,구매 가이드,63
https://www.lg.com/nl/televisies-soundbars/tv-buying-guide/,Netherlands,구매 가이드,81
https://www.lg.com/nl/televisies-soundbars/tv-buying-guide/sport-tv/,Netherlands,구매 가이드,79
https://www.lg.com/nl/televisies-soundbars/tv-buying-guide/tv-technology/what-is-4k-tv/,Netherlands,구매 가이드,82
https://www.lg.com/nl/televisies-soundbars/tv-buying-guide/what-is-a-smart-tv-ai-tv/,Netherlands,구매 가이드,81
https://www.lg.com/nl/televisies-soundbars/tv-buying-guide/gaming-tv/,Netherlands,구매 가이드,82
https://www.lg.com/nl/televisies-soundbars/tv-buying-guide/tv-design/,Netherlands,구매 가이드,82
https://www.lg.com/nl/televisies-soundbars/tv-buying-guide/home-cinema/,Netherlands,구매 가이드,82
https://www.lg.com/nl/televisies-soundbars/tv-buying-guide/tv-technology/oled-vs-qned/,Netherlands,구매 가이드,82
https://www.lg.com/nl/microsite-article/ms/it/monitor/ultragear-buying-guide/,Netherlands,구매 가이드,86
https://www.lg.com/nl/buying-guides/tv-lineup-guide/,Netherlands,구매 가이드,93
https://www.lg.com/nl/televisies-soundbars/tv-buying-guide/tv-size/,Netherlands,구매 가이드,79
https://www.lg.com/nl/buying-guides/refrigerator-spec-library/,Netherlands,구매 가이드,86
https://www.lg.com/nl/buying-guides/tv-spec-library/,Netherlands,구매 가이드,86
https://www.lg.com/nl/televisies-soundbars/tv-buying-guide/lifestyle/,Netherlands,구매 가이드,82
https://www.lg.com/nl/lg-experience/handige-tips/,Netherlands,LG Experience,78
https://www.lg.com/nl/lg-experience/,Netherlands,LG Experience,78
https://www.lg.com/nl/lg-experience/handige-tips/amerikaanse-koelkast-gids/,Netherlands,LG Experience,82
https://www.lg.com/nl/lg-experience/handige-tips/AI-technologie/,Netherlands,LG Experience,75
https://www.lg.com/nl/lg-experience/handige-tips/9-ways-to-use-a-360-rotating-touchscreen-monitor/,Netherlands,LG Experience,82
https://www.lg.com/nl/lg-experience/handige-tips/beste-droger-zelfreinigend-2025-lg/,Netherlands,LG Experience,82
https://www.lg.com/nl/lg-experience/handige-tips/de-verrassende-bakken-techniek-lg-neochef/,Netherlands,LG Experience,75
https://www.lg.com/nl/lg-experience/handige-tips/beste-koelkast-merk-2025-lg/,Netherlands,LG Experience,75
https://www.lg.com/nl/lg-experience/handige-tips/de-creatieve-vonk-voor-droomprojecten/,Netherlands,LG Experience,79
https://www.lg.com/nl/lg-experience/handige-tips/gids-voor-beschikbare-8k-content/,Netherlands,LG Experience,82
https://www.lg.com/nl/lg-experience/handige-tips/handleiding-voor-warmtepompdroger/,Netherlands,LG Experience,86
https://www.lg.com/nl/lg-experience/handige-tips/gezond-eten-lg-apparatuur/,Netherlands,LG Experience,75
https://www.lg.com/nl/lg-experience/handige-tips/cadeau-ideeen-kerst-sfeer/,Netherlands,LG Experience,86
https://www.lg.com/nl/lg-experience/handige-tips/correct-fridge-freezer-temperature/,Netherlands,LG Experience,86
https://www.lg.com/nl/lg-experience/handige-tips/gids-voor-koelkastmaten/,Netherlands,LG Experience,82
https://www.lg.com/nl/lg-experience/handige-tips/neochef-gezond-en-makkelijk-quinoa-ontbijt/,Netherlands,LG Experience,79
https://www.lg.com/nl/lg-experience/handige-tips/monitor-reinigen/,Netherlands,LG Experience,75
https://www.lg.com/nl/lg-experience/handige-tips/nieuwe-hombot-square-turbo/,Netherlands,LG Experience,79
https://www.lg.com/nl/lg-experience/handige-tips/setup-gids-voor-soundbar/,Netherlands,LG Experience,82
https://www.lg.com/nl/lg-experience/handige-tips/how-to-make-ice-balls/,Netherlands,LG Experience,79
https://www.lg.com/nl/lg-experience/handige-tips/koelvrieshoogte/,Netherlands,LG Experience,75
https://www.lg.com/nl/lg-experience/handige-tips/schermhoogte/,Netherlands,LG Experience,86
https://www.lg.com/nl/lg-experience/handige-tips/overheerlijke-appelcrumble-vers-gemaakt-met-de-lg-neochef/,Netherlands,LG Experience,75
https://www.lg.com/nl/lg-experience/handige-tips/hoe-maak-je-een-honing-granaatappel-polentacake-met-de-lg-neochef/,Netherlands,LG Experience,79
https://www.lg.com/nl/lg-experience/handige-tips/hoe-maak-je-een-tv-scherm-schoon/,Netherlands,LG Experience,79
https://www.lg.com/nl/lg-experience/handige-tips/hoe-verwijder-je-vlekken-uit-witte-kleding/,Netherlands,LG Experience,86
https://www.lg.com/nl/lg-experience/handige-tips/lg-smart-tv-channels/,Netherlands,LG Experience,89
https://www.lg.com/nl/lg-experience/handige-tips/hygienetips-voor-je-huis-met-lg/,Netherlands,LG Experience,82
https://www.lg.com/nl/lg-experience/handige-tips/hoe-kan-oordopjes-schoonmaken/,Netherlands,LG Experience,79
https://www.lg.com/nl/lg-experience/handige-tips/hoe-koop-ik-een-gamingmonitor/,Netherlands,LG Experience,86
https://www.lg.com/nl/lg-experience/handige-tips/kalibreer-jouw-tv-voor-sport/,Netherlands,LG Experience,86
https://www.lg.com/nl/lg-experience/handige-tips/ideaen-voor-perfecte-bioscoopruimte/,Netherlands,LG Experience,82
https://www.lg.com/nl/lg-experience/handige-tips/hoe-maak-ik-mijn-wasmachinefilter-schoon/,Netherlands,LG Experience,86
https://www.lg.com/nl/lg-experience/handige-tips/is-a-combo-washer-dryer-good/,Netherlands,LG Experience,86
https://www.lg.com/nl/lg-experience/handige-tips/het-meten-en-begrijpen-van-tv-afmetingen/,Netherlands,LG Experience,86
https://www.lg.com/nl/lg-experience/hue-instellen/,Netherlands,LG Experience,74
https://www.lg.com/nl/lg-experience/inspiratie/,Netherlands,LG Experience,78
https://www.lg.com/nl/lg-experience/hue-instellen/hue-instellen/,Netherlands,LG Experience,69
https://www.lg.com/nl/lg-experience/inspiratie/alles-over-amerikaanse-koelkasten-met-vriesvak/,Netherlands,LG Experience,82
https://www.lg.com/nl/lg-experience/inspiratie/10jaar-lg-oled/,Netherlands,LG Experience,79
https://www.lg.com/nl/lg-experience/inspiratie/8k-lg-ifa-tvs/,Netherlands,LG Experience,82
https://www.lg.com/nl/lg-experience/handige-tips/smart-washing-machine-spring-cleaning-with-steam/,Netherlands,LG Experience,75
https://www.lg.com/nl/lg-experience/handige-tips/strandinpaklijst-g7thinq-pk3/,Netherlands,LG Experience,75
https://www.lg.com/nl/lg-experience/inspiratie/advanced-smart-home-devices/,Netherlands,LG Experience,86
https://www.lg.com/nl/lg-experience/handige-tips/ultimate-guide-v40-thinq-camera/,Netherlands,LG Experience,75
https://www.lg.com/nl/lg-experience/handige-tips/verbeter-je-opstelling-met-twee-schermen/,Netherlands,LG Experience,82
https://www.lg.com/nl/lg-experience/handige-tips/wat-is-een-hdr-tv/,Netherlands,LG Experience,86
https://www.lg.com/nl/lg-experience/handige-tips/welke-lg-tv-past-het-beste-bij-jou-aankoopgids/,Netherlands,LG Experience,82
https://www.lg.com/nl/lg-experience/handige-tips/verbeter-productiviteit-werk-vanuit-huis/,Netherlands,LG Experience,75
https://www.lg.com/nl/lg-experience/handige-tips/ultieme-party-planning-handleiding-lg-instaview/,Netherlands,LG Experience,79
https://www.lg.com/nl/lg-experience/inspiratie/2017-mwc-lg-new-g6-onthulling/,Netherlands,LG Experience,79
https://www.lg.com/nl/lg-experience/handige-tips/wat-u-moet-weten-over-het-bewaren-in-de-koelkast/,Netherlands,LG Experience,82
https://www.lg.com/nl/lg-experience/inspiratie/ai-en-duurzame-technologie/,Netherlands,LG Experience,82
https://www.lg.com/nl/lg-experience/handige-tips/welke-wasdroger-past-bij-mij/,Netherlands,LG Experience,86
https://www.lg.com/nl/lg-experience/inspiratie/10-miljoen-verkochte-lg-oled-tvs/,Netherlands,LG Experience,86
https://www.lg.com/nl/lg-experience/inspiratie/ifa-2018-keynote-toespraak-evolutie-verbinden-open/,Netherlands,LG Experience,86
https://www.lg.com/nl/lg-experience/inspiratie/care-for-where-you-live/,Netherlands,LG Experience,79
https://www.lg.com/nl/lg-experience/inspiratie/het-milieubewustzijn-van-consumenten-verhogen/,Netherlands,LG Experience,79
https://www.lg.com/nl/lg-experience/inspiratie/ecodesign-en-duurzame-producten/,Netherlands,LG Experience,86
https://www.lg.com/nl/lg-experience/inspiratie/huizen-worden-kunstwerken-met-lg-signature-stefan-diez-en-hadi-teherani/,Netherlands,LG Experience,79
https://www.lg.com/nl/lg-experience/inspiratie/de-nieuwste-lg-tv-updates-uw-handleiding-voor-het-beste-van-het-beste/,Netherlands,LG Experience,82
https://www.lg.com/nl/lg-experience/inspiratie/duurzame-samenwerkingen/,Netherlands,LG Experience,79
https://www.lg.com/nl/lg-experience/inspiratie/beste-wasmachine-turbowash/,Netherlands,LG Experience,86
https://www.lg.com/nl/lg-experience/inspiratie/de-kracht-van-verpakking/,Netherlands,LG Experience,86
https://www.lg.com/nl/lg-experience/inspiratie/ces-2021-lg-innovatie/,Netherlands,LG Experience,82
https://www.lg.com/nl/lg-experience/inspiratie/maak-kennis-met-de-lg-velvet/,Netherlands,LG Experience,82
https://www.lg.com/nl/lg-experience/inspiratie/oled-display/,Netherlands,LG Experience,75
https://www.lg.com/nl/lg-experience/inspiratie/ifa-2019-lg-onthult-een-groot-aantal-nieuwe-producten/,Netherlands,LG Experience,86
https://www.lg.com/nl/lg-experience/inspiratie/slimme-koelkast-ifa-2019-instaview/,Netherlands,LG Experience,79
https://www.lg.com/nl/lg-experience/inspiratie/oprolbare-tv-ifa-lifestyle/,Netherlands,LG Experience,82
https://www.lg.com/nl/lg-experience/inspiratie/levensstijl-met-LG-OLED-tvs/,Netherlands,LG Experience,79
https://www.lg.com/nl/lg-experience/inspiratie/initiatieven-voor-het-beheer-van-elektronisch-afval/,Netherlands,LG Experience,71
https://www.lg.com/nl/lg-experience/inspiratie/kerstcadeau-gids/,Netherlands,LG Experience,82
https://www.lg.com/nl/lg-experience/inspiratie/john-legend-lg-signature-samenwerking/,Netherlands,LG Experience,79
https://www.lg.com/nl/lg-experience/inspiratie/ifa-2018-lg-ultrawide-gaming-monitoren-in-de-spotlight/,Netherlands,LG Experience,82
https://www.lg.com/nl/lg-experience/inspiratie/lg-oled-history-tv/,Netherlands,LG Experience,82
https://www.lg.com/nl/lg-experience/inspiratie/lg-velvet-met-revolutionair-camerasysteem/,Netherlands,LG Experience,79
https://www.lg.com/nl/lg-experience/inspiratie/milieuvriendelijke-smart-home-apparaten/,Netherlands,LG Experience,86
https://www.lg.com/nl/lg-experience/inspiratie/lg-signature-oled-ontwerpweek/,Netherlands,LG Experience,79
https://www.lg.com/nl/lg-experience/inspiratie/mobile-g8x-ifa-guide/,Netherlands,LG Experience,82
https://www.lg.com/nl/lg-experience/inspiratie/ondersteunende-technologie/,Netherlands,LG Experience,82
https://www.lg.com/nl/lg-experience/inspiratie/laat-je-apparaten-langer-meegaan/,Netherlands,LG Experience,79
https://www.lg.com/nl/lg-experience/inspiratie/lg-ces-2019-highlights/,Netherlands,LG Experience,82
https://www.lg.com/nl/lg-experience/inspiratie/schone-technologie-processen-en-materialen/,Netherlands,LG Experience,86
https://www.lg.com/nl/lg-experience/inspiratie/lg-v30-de-onthulling-van-een-nieuwe-smartphone-revolutie/,Netherlands,LG Experience,79
https://www.lg.com/nl/lg-experience/onze-verhalen/,Netherlands,LG Experience,78
https://www.lg.com/nl/lg-experience/onze-verhalen/life-is-good/,Netherlands,LG Experience,75
https://www.lg.com/nl/lg-experience/onze-verhalen/een-revolutionaire-monitor/,Netherlands,LG Experience,79
https://www.lg.com/nl/lg-experience/onze-verhalen/ultragear-gaming/,Netherlands,LG Experience,79
https://www.lg.com/nl/lg-experience/onze-verhalen/lg-electronics-door-de-jaren-heen/,Netherlands,LG Experience,79
https://www.lg.com/nl/lg-experience/onze-verhalen/life-is-better/,Netherlands,LG Experience,79
https://www.lg.com/nl/lg-experience/onze-verhalen/koelen-nl/,Netherlands,LG Experience,75
https://www.lg.com/nl/lg-experience/inspiratie/verrijk-je-dagelijkse-leven-met-de-mobiele-beeldschermen/,Netherlands,LG Experience,75
https://www.lg.com/nl/lg-experience/onze-verhalen/carbon-neutrality/,Netherlands,LG Experience,86
https://www.lg.com/nl/lg-experience/onze-verhalen/environment-and-sustainability/,Netherlands,LG Experience,79
https://www.lg.com/nl/lg-experience/inspiratie/topwedstrijden-kijken-met-tv-en-soundbars/,Netherlands,LG Experience,79
https://www.lg.com/nl/lg-experience/inspiratie/slimme-wasmachine-ai-dd/,Netherlands,LG Experience,82
https://www.lg.com/nl/lg-experience/inspiratie/thermav_r290_monobloc_ifa2024/,Netherlands,LG Experience,82
https://www.lg.com/nl/lg-experience/inspiratie/upcycling-vs-recycling/,Netherlands,LG Experience,86
https://www.lg.com/nl/blog/slim-comfort-op-maat-met-lg-ai-air-in-combinatie-met-lg-thinq-app/,Netherlands,Microsite,74
https://www.lg.com/nl/blog/slimmer-leven-met-lg-thinq-jouw-airco-in-de-palm-van-je-hand/,Netherlands,Microsite,78
https://www.lg.com/nl/blog/,Netherlands,Microsite,74
https://www.lg.com/nl/lg-experience-coding/handige-tips/how-to-make-ice-balls/,Netherlands,Microsite,71
https://www.lg.com/nl/qned-tvs/2022/why-lg-qned/,Netherlands,Microsite,71
https://www.lg.com/nl/televisies-soundbars/why-lg-art-tv/,Netherlands,Microsite,75
https://www.lg.com/nl/lg-experience-coding/tech-hub/best-monitor-for-eye-strain/,Netherlands,Microsite,72
https://www.lg.com/nl/lg-experience-coding/tech-hub/ultrawide-vs-dual-monitoren/,Netherlands,Microsite,71
https://www.lg.com/nl/televisies-soundbars/why-lg-micro-rgb-evo/,Netherlands,Microsite,79
https://www.lg.com/nl/televisies-soundbars/why-qned-evo/,Netherlands,Microsite,82
https://www.lg.com/nl/televisies-soundbars/why-lg-qned-evo-mini-led/,Netherlands,Microsite,82
https://www.lg.com/nl/televisies-soundbars/why-lg-oled-evo/,Netherlands,Microsite,79
https://www.lg.com/nl/lg-experience-coding/inspiratie/upcycling-vs-recycling/,Netherlands,Microsite,79
https://www.lg.com/nl/televisies/why-lgoled/2023-oled-lineup/,Netherlands,Microsite,70
https://www.lg.com/nl/televisies/why-lgoled/10years-world-no1-oled/,Netherlands,Microsite,71
https://www.lg.com/nl/televisies/why-lgoled/sustainability/,Netherlands,Microsite,71
https://www.lg.com/nl/televisies-soundbars/why-true-wireless-tv/,Netherlands,Microsite,75
https://www.lg.com/nl/televisies-soundbars/why-true-wireless/,Netherlands,Microsite,82
https://www.lg.com/nl/webos-smart-tv/promotion/,Netherlands,Microsite,74
https://www.lg.com/nl/qned-tvs/2021/large-screen/,Netherlands,Microsite,81
https://www.lg.com/nl/nanocell-tv/2021/ultra-large-screen/,Netherlands,Microsite,70
https://www.lg.com/nl/televisies/2023/entertainment/,Netherlands,Microsite,70
https://www.lg.com/nl/oled/,Netherlands,Microsite,63
https://www.lg.com/nl/nanocell-tv/2021/pure-color/,Netherlands,Microsite,71
https://www.lg.com/nl/oled-tv/2021/self-lit-pixels/,Netherlands,Microsite,71
https://www.lg.com/nl/televisies/2022/smart/,Netherlands,Microsite,64
https://www.lg.com/nl/why-lgoled/design/,Netherlands,Microsite,75
https://www.lg.com/nl/why-lgoled/cinema/,Netherlands,Microsite,75
https://www.lg.com/nl/oled-tv/2021/gaming/,Netherlands,Microsite,68
https://www.lg.com/nl/qned-tvs/2021/technology-remove/,Netherlands,Microsite,71
https://www.lg.com/nl/audio/soundbars-special/,Netherlands,Microsite,63
https://www.lg.com/nl/thunderbolt-monitor/,Netherlands,Microsite,70
https://www.lg.com/nl/zakelijke-ultrawide-monitoren/,Netherlands,Microsite,70
https://www.lg.com/nl/soundbars/eco-minded-soundbars/,Netherlands,Microsite,81
https://www.lg.com/nl/ultragear-monitoren/,Netherlands,Microsite,78
https://www.lg.com/nl/monitor/ultragear-oled/,Netherlands,Microsite,75
https://www.lg.com/nl/televisies-soundbars/ai-tv/,Netherlands,Microsite,82
https://www.lg.com/nl/washing-machines/lg-turbowash/,Netherlands,Microsite,70
https://www.lg.com/nl/washing-machines/lg-aidd/,Netherlands,Microsite,71
https://www.lg.com/nl/fridge-freezers/fridge-freezers-new-category/,Netherlands,Microsite,71
https://www.lg.com/nl/washing-machines/steam/,Netherlands,Microsite,70
https://www.lg.com/nl/AIWash/,Netherlands,Microsite,70
https://www.lg.com/nl/fridge-freezers/moodup/,Netherlands,Microsite,68
https://www.lg.com/nl/residentiele-airconditioners/lg-dualcool-ai/,Netherlands,Microsite,79
https://www.lg.com/nl/residential-air-conditioner/,Netherlands,Microsite,63
https://www.lg.com/nl/airconditioner-tips/inverter/,Netherlands,Microsite,81
https://www.lg.com/nl/airconditioner-tips/,Netherlands,Microsite,68
https://www.lg.com/nl/klimaat/air-conditioning/energie/,Netherlands,Microsite,85
https://www.lg.com/nl/airconditioner-tips/koopgids/,Netherlands,Microsite,82
https://www.lg.com/nl/klimaat/verwarmingsoplossing/watertank/,Netherlands,Microsite,70
https://www.lg.com/nl/laundry/washtower/,Netherlands,Microsite,67
https://www.lg.com/nl/klimaat/air-conditioning/inverter/,Netherlands,Microsite,85
https://www.lg.com/nl/airconditioning/temperatuur/,Netherlands,Microsite,74
https://www.lg.com/nl/klimaat/lgallstars/,Netherlands,Microsite,82
https://www.lg.com/nl/airconditioner-tips/energie/,Netherlands,Microsite,81
https://www.lg.com/nl/aanraders/,Netherlands,Microsite,67
https://www.lg.com/nl/activevoorwaarden/,Netherlands,Microsite,59
https://www.lg.com/nl/algemene-voorwaarden/,Netherlands,Microsite,59
https://www.lg.com/nl/airconditioner-tips/temperatuur/,Netherlands,Microsite,78
https://www.lg.com/nl/klimaat/warmtepomp/,Netherlands,Microsite,75
https://www.lg.com/nl/algemene-verkoopvoorwaarden/,Netherlands,Microsite,74
https://www.lg.com/nl/best/,Netherlands,Microsite,67
https://www.lg.com/nl/black-friday-2025/dankje/,Netherlands,Microsite,67
https://www.lg.com/nl/BestGetest/,Netherlands,Microsite,70
https://www.lg.com/nl/appliances/,Netherlands,Microsite,59
https://www.lg.com/nl/beamers/cinebeam-technologie/,Netherlands,Microsite,68
https://www.lg.com/nl/tvs-soundbars/nanocell/,Netherlands,제품 카테고리 (PLP),79
https://www.lg.com/nl/televisies-soundbars/,Netherlands,제품 카테고리 (PLP),76
https://www.lg.com/nl/tvs-soundbars/,Netherlands,제품 카테고리 (PLP),79
https://www.lg.com/nl/zakelijke-monitoren/,Netherlands,제품 카테고리 (PLP),79
https://www.lg.com/nl/audio/all-in-one-soundbars/,Netherlands,제품 카테고리 (PLP),68
https://www.lg.com/nl/audio/hometheatersoundbar/,Netherlands,제품 카테고리 (PLP),68
https://www.lg.com/nl/audio/soundbars-with-subwoofer/,Netherlands,제품 카테고리 (PLP),68
https://www.lg.com/nl/audio/alle-audio/,Netherlands,제품 카테고리 (PLP),79
https://www.lg.com/nl/audio/,Netherlands,제품 카테고리 (PLP),71
https://www.lg.com/nl/audio/sound-suite/,Netherlands,제품 카테고리 (PLP),64
https://www.lg.com/nl/audio/soundbars/,Netherlands,제품 카테고리 (PLP),79
https://www.lg.com/nl/monitoren/alle-monitoren/,Netherlands,제품 카테고리 (PLP),75
https://www.lg.com/nl/monitoren/,Netherlands,제품 카테고리 (PLP),72
https://www.lg.com/nl/zakelijke-monitoren/cloud-monitoren/,Netherlands,제품 카테고리 (PLP),79
https://www.lg.com/nl/monitoren/monitoren-aanbiedingen/,Netherlands,제품 카테고리 (PLP),75
https://www.lg.com/nl/monitoren/myview-smart-monitoren/,Netherlands,제품 카테고리 (PLP),75
https://www.lg.com/nl/monitoren/hyper-mini-led-gaming-monitor/,Netherlands,제품 카테고리 (PLP),86
https://www.lg.com/nl/monitoren/tv-monitoren/,Netherlands,제품 카테고리 (PLP),75
https://www.lg.com/nl/zakelijke-monitoren/medische-monitoren/,Netherlands,제품 카테고리 (PLP),79
https://www.lg.com/nl/monitoren/lifestyle-monitor---swing/,Netherlands,제품 카테고리 (PLP),75
https://www.lg.com/nl/monitoren/professional-monitor/,Netherlands,제품 카테고리 (PLP),75
https://www.lg.com/nl/monitoren/full-hd-qhd-monitoren/,Netherlands,제품 카테고리 (PLP),75
https://www.lg.com/nl/refrigerators/,Netherlands,제품 카테고리 (PLP),69
https://www.lg.com/nl/fridge-freezers/,Netherlands,제품 카테고리 (PLP),76
https://www.lg.com/nl/refrigerators/bottom-freezer/,Netherlands,제품 카테고리 (PLP),79
https://www.lg.com/nl/fridge-freezers/multi-door-fridge-freezers/,Netherlands,제품 카테고리 (PLP),80
https://www.lg.com/nl/lg-heat-pump-laundry-solution/,Netherlands,제품 카테고리 (PLP),73
https://www.lg.com/nl/laundry/bundles/,Netherlands,제품 카테고리 (PLP),79
https://www.lg.com/nl/fridge-freezers/all-fridge-freezers/,Netherlands,제품 카테고리 (PLP),83
https://www.lg.com/nl/laundry/,Netherlands,제품 카테고리 (PLP),69
https://www.lg.com/nl/fridge-freezers/bottom-freezer/,Netherlands,제품 카테고리 (PLP),61
https://www.lg.com/nl/fridge-freezers/tall-fridge-freezers/,Netherlands,제품 카테고리 (PLP),80
https://www.lg.com/nl/fridge-freezers/american-style-fridge-freezers/,Netherlands,제품 카테고리 (PLP),80
https://www.lg.com/nl/laundry/all-laundry/,Netherlands,제품 카테고리 (PLP),83
https://www.lg.com/nl/fridge-freezers/multi-door/,Netherlands,제품 카테고리 (PLP),64
https://www.lg.com/nl/fridge-freezers/fridge-freezers-old/,Netherlands,제품 카테고리 (PLP),69
https://www.lg.com/nl/laundry/new-laundry/,Netherlands,제품 카테고리 (PLP),72
https://www.lg.com/nl/laundry/old-laundry/,Netherlands,제품 카테고리 (PLP),71
https://www.lg.com/nl/laundry/styler/,Netherlands,제품 카테고리 (PLP),82
https://www.lg.com/nl/residentiele-airconditioners/,Netherlands,제품 카테고리 (PLP),76
https://www.lg.com/nl/residentiele-airconditioners/site-category-landing-page-test/,Netherlands,제품 카테고리 (PLP),61
https://www.lg.com/nl/residential-air-conditioner/portable-air-conditioners/,Netherlands,제품 카테고리 (PLP),61
https://www.lg.com/nl/residentiele-airconditioners/site-plp-page/,Netherlands,제품 카테고리 (PLP),61
https://www.lg.com/nl/account-integration/,Netherlands,제품 카테고리 (PLP),54
https://www.lg.com/nl/account-integration-copy/,Netherlands,제품 카테고리 (PLP),64
https://www.lg.com/nl/account-integration-old/,Netherlands,제품 카테고리 (PLP),64
https://www.lg.com/nl/laundry/washer-dryers/,Netherlands,제품 카테고리 (PLP),83
https://www.lg.com/nl/laundry/washing-machines/,Netherlands,제품 카테고리 (PLP),83
https://www.lg.com/nl/laundry/tumble-dryers/,Netherlands,제품 카테고리 (PLP),86
https://www.lg.com/nl/ondersteuning/product-ondersteuning/troubleshoot/help-library/cs-CT52008609-20153409029261/,Netherlands,Support - Troubleshoot,75
https://www.lg.com/nl/ondersteuning/product-ondersteuning/troubleshoot/help-library/cs-CT52008609-20153323969355/,Netherlands,Support - Troubleshoot,75
https://www.lg.com/nl/ondersteuning/product-ondersteuning/troubleshoot/help-library/cs-CT52008609-20153409033255OLT/,Netherlands,Support - Troubleshoot,75
https://www.lg.com/nl/ondersteuning/product-ondersteuning/troubleshoot/help-library/cs-CT52008609-20153409036702LST/,Netherlands,Support - Troubleshoot,75
https://www.lg.com/nl/ondersteuning/product-ondersteuning/troubleshoot/help-library/cs-CT52008609-20153409035414LST/,Netherlands,Support - Troubleshoot,75
https://www.lg.com/nl/ondersteuning/product-ondersteuning/troubleshoot/help-library/cs-CT52008609-20153409037535/,Netherlands,Support - Troubleshoot,75
https://www.lg.com/nl/ondersteuning/product-ondersteuning/troubleshoot/help-library/cs-CT52008609-20153409037061/,Netherlands,Support - Troubleshoot,75
https://www.lg.com/nl/ondersteuning/product-ondersteuning/troubleshoot/help-library/cs-CT52008609-20153409037188/,Netherlands,Support - Troubleshoot,75
https://www.lg.com/nl/ondersteuning/product-ondersteuning/troubleshoot/help-library/cs-CT52008609-20153409032302LST/,Netherlands,Support - Troubleshoot,75
https://www.lg.com/nl/ondersteuning/product-ondersteuning/troubleshoot/help-library/cs-CT52008609-20153409037447LST/,Netherlands,Support - Troubleshoot,75
https://www.lg.com/nl/ondersteuning/product-ondersteuning/troubleshoot/help-library/cs-CT52008609-20153409037624OLT/,Netherlands,Support - Troubleshoot,75
https://www.lg.com/nl/ondersteuning/product-ondersteuning/troubleshoot/help-library/cs-CT52008609-20153409036992/,Netherlands,Support - Troubleshoot,75
https://www.lg.com/nl/ondersteuning/product-ondersteuning/troubleshoot/help-library/cs-CT52008609-20153409032475OLT/,Netherlands,Support - Troubleshoot,75
https://www.lg.com/nl/ondersteuning/product-ondersteuning/troubleshoot/help-library/cs-CT52008609-20153409036992LST/,Netherlands,Support - Troubleshoot,75
https://www.lg.com/nl/ondersteuning/product-ondersteuning/troubleshoot/help-library/cs-CT52008609-20153409037544/,Netherlands,Support - Troubleshoot,75
https://www.lg.com/nl/ondersteuning/product-ondersteuning/troubleshoot/help-library/cs-CT52008609-20153409032742/,Netherlands,Support - Troubleshoot,75
https://www.lg.com/nl/ondersteuning/product-ondersteuning/troubleshoot/help-library/cs-CT52008609-20153409037061LST/,Netherlands,Support - Troubleshoot,75
https://www.lg.com/nl/ondersteuning/product-ondersteuning/troubleshoot/help-library/cs-CT52008609-20153409038566/,Netherlands,Support - Troubleshoot,75
https://www.lg.com/nl/ondersteuning/product-ondersteuning/troubleshoot/help-library/cs-CT52008609-20153409037624LST/,Netherlands,Support - Troubleshoot,75
https://www.lg.com/nl/ondersteuning/product-ondersteuning/troubleshoot/help-library/cs-CT52008609-20153409036702/,Netherlands,Support - Troubleshoot,75
https://www.lg.com/nl/ondersteuning/product-ondersteuning/troubleshoot/help-library/cs-CT52008609-20153409038535OLT/,Netherlands,Support - Troubleshoot,75
https://www.lg.com/nl/ondersteuning/product-ondersteuning/troubleshoot/help-library/cs-CT52008609-20153409037447OLT/,Netherlands,Support - Troubleshoot,75
https://www.lg.com/nl/ondersteuning/product-ondersteuning/troubleshoot/help-library/cs-CT52008609-20153409038794LST/,Netherlands,Support - Troubleshoot,75
https://www.lg.com/nl/ondersteuning/product-ondersteuning/troubleshoot/help-library/cs-CT52008609-20153409039561OLT/,Netherlands,Support - Troubleshoot,75
https://www.lg.com/nl/ondersteuning/product-ondersteuning/troubleshoot/help-library/cs-CT52008609-20153409039106/,Netherlands,Support - Troubleshoot,75
https://www.lg.com/nl/ondersteuning/product-ondersteuning/troubleshoot/help-library/cs-CT52008609-20153409039106LST/,Netherlands,Support - Troubleshoot,75
https://www.lg.com/nl/ondersteuning/product-ondersteuning/troubleshoot/help-library/cs-CT52008609-20153409038794OLT/,Netherlands,Support - Troubleshoot,75
https://www.lg.com/nl/ondersteuning/product-ondersteuning/troubleshoot/help-library/cs-CT52008609-20153409039308OLT/,Netherlands,Support - Troubleshoot,75
https://www.lg.com/nl/ondersteuning/product-ondersteuning/troubleshoot/help-library/cs-CT52008609-20153409039452/,Netherlands,Support - Troubleshoot,75
https://www.lg.com/nl/ondersteuning/product-ondersteuning/troubleshoot/help-library/cs-CT52008609-20153409039561LST/,Netherlands,Support - Troubleshoot,75
https://www.lg.com/nl/ondersteuning/product-ondersteuning/troubleshoot/help-library/cs-CT52008609-20153409039376OLT/,Netherlands,Support - Troubleshoot,75
https://www.lg.com/nl/ondersteuning/product-ondersteuning/troubleshoot/help-library/cs-CT52008609-20153409039486/,Netherlands,Support - Troubleshoot,75
https://www.lg.com/nl/ondersteuning/product-ondersteuning/troubleshoot/help-library/cs-CT52008609-20153409039314/,Netherlands,Support - Troubleshoot,75
https://www.lg.com/nl/ondersteuning/product-ondersteuning/troubleshoot/help-library/cs-CT52008609-20153409038987/,Netherlands,Support - Troubleshoot,75
https://www.lg.com/nl/ondersteuning/product-ondersteuning/troubleshoot/help-library/cs-CT52008609-20153409038987OLT/,Netherlands,Support - Troubleshoot,75
https://www.lg.com/nl/ondersteuning/product-ondersteuning/troubleshoot/help-library/cs-CT52008609-20153409039418/,Netherlands,Support - Troubleshoot,75
https://www.lg.com/nl/ondersteuning/product-ondersteuning/troubleshoot/help-library/cs-CT52008609-20153409038979OLT/,Netherlands,Support - Troubleshoot,75
https://www.lg.com/nl/ondersteuning/product-ondersteuning/troubleshoot/help-library/cs-CT52008609-20153409038710LST/,Netherlands,Support - Troubleshoot,75
https://www.lg.com/nl/ondersteuning/product-ondersteuning/troubleshoot/help-library/cs-CT52008609-20154381190024/,Netherlands,Support - Troubleshoot,75
https://www.lg.com/nl/ondersteuning/product-ondersteuning/troubleshoot/help-library/cs-CT52008609-20154159919578/,Netherlands,Support - Troubleshoot,75
https://www.lg.com/nl/ondersteuning/product-ondersteuning/troubleshoot/help-library/cs-CT52008609-20154159918741/,Netherlands,Support - Troubleshoot,75
https://www.lg.com/nl/ondersteuning/product-ondersteuning/troubleshoot/help-library/cs-CT52008609-20153409040758OLT/,Netherlands,Support - Troubleshoot,75
https://www.lg.com/nl/ondersteuning/product-ondersteuning/troubleshoot/help-library/cs-CT52008609-20154159918609/,Netherlands,Support - Troubleshoot,75
https://www.lg.com/nl/ondersteuning/product-ondersteuning/troubleshoot/help-library/cs-CT52008609-20153409040609/,Netherlands,Support - Troubleshoot,75
https://www.lg.com/nl/ondersteuning/product-ondersteuning/troubleshoot/help-library/cs-CT52008609-20153409039614LST/,Netherlands,Support - Troubleshoot,75
https://www.lg.com/nl/ondersteuning/product-ondersteuning/troubleshoot/help-library/cs-CT52008609-20153409039811OLT/,Netherlands,Support - Troubleshoot,75
https://www.lg.com/nl/ondersteuning/product-ondersteuning/troubleshoot/help-library/cs-CT52008609-20153409039634/,Netherlands,Support - Troubleshoot,75
https://www.lg.com/nl/ondersteuning/product-ondersteuning/troubleshoot/help-library/cs-CT52008609-20153409038736/,Netherlands,Support - Troubleshoot,75
https://www.lg.com/nl/ondersteuning/product-ondersteuning/troubleshoot/help-library/cs-CT52008609-20153409038584/,Netherlands,Support - Troubleshoot,75
https://www.lg.com/nl/ondersteuning/product-ondersteuning/troubleshoot/help-library/cs-CT52008609-20153409038584LST/,Netherlands,Support - Troubleshoot,75
https://www.lg.com/nl/ondersteuning/product-ondersteuning/troubleshoot/help-library/cs-CT52008609-20153409038710OLT/,Netherlands,Support - Troubleshoot,75
https://www.lg.com/nl/ondersteuning/product-ondersteuning/troubleshoot/help-library/cs-CT52008609-20153409039614/,Netherlands,Support - Troubleshoot,75
https://www.lg.com/nl/ondersteuning/product-ondersteuning/troubleshoot/help-library/cs-CT52008609-20154381206923/,Netherlands,Support - Troubleshoot,75
https://www.lg.com/nl/ondersteuning/product-ondersteuning/troubleshoot/help-library/cs-CT52008609-20154683397522/,Netherlands,Support - Troubleshoot,75
https://www.lg.com/nl/ondersteuning/product-ondersteuning/troubleshoot/help-library/cs-CT52008609-20154698948987/,Netherlands,Support - Troubleshoot,79
https://www.lg.com/nl/ondersteuning/product-ondersteuning/troubleshoot/help-library/cs-CT52008609-20154710793653/,Netherlands,Support - Troubleshoot,75
https://www.lg.com/nl/ondersteuning/product-ondersteuning/troubleshoot/help-library/cs-CT52008609-20154381206949/,Netherlands,Support - Troubleshoot,75
https://www.lg.com/nl/ondersteuning/product-ondersteuning/troubleshoot/help-library/cs-CT52008609-20154381213396/,Netherlands,Support - Troubleshoot,75
https://www.lg.com/nl/ondersteuning/product-ondersteuning/troubleshoot/help-library/cs-CT52008609-20154381197532/,Netherlands,Support - Troubleshoot,75
https://www.lg.com/nl/ondersteuning/product-ondersteuning/troubleshoot/help-library/cs-CT52008609-20154710940177/,Netherlands,Support - Troubleshoot,75
https://www.lg.com/nl/ondersteuning/product-ondersteuning/troubleshoot/help-library/cs-CT52008609-20154381216555/,Netherlands,Support - Troubleshoot,75
https://www.lg.com/nl/ondersteuning/product-ondersteuning/troubleshoot/help-library/cs-CT52008609-20154381213464/,Netherlands,Support - Troubleshoot,75
https://www.lg.com/nl/ondersteuning/product-ondersteuning/troubleshoot/help-library/cs-CT52008609-20154381216652/,Netherlands,Support - Troubleshoot,75
https://www.lg.com/nl/ondersteuning/product-ondersteuning/troubleshoot/help-library/cs-CT52008609-20154381216456/,Netherlands,Support - Troubleshoot,75
https://www.lg.com/nl/ondersteuning/product-ondersteuning/troubleshoot/help-library/cs-CT52008609-20154685392755/,Netherlands,Support - Troubleshoot,75
https://www.lg.com/nl/ondersteuning/product-ondersteuning/troubleshoot/help-library/cs-CT52008609-20154381215978/,Netherlands,Support - Troubleshoot,75
https://www.lg.com/nl/ondersteuning/product-ondersteuning/troubleshoot/help-library/cs-CT52008609-20154381197078/,Netherlands,Support - Troubleshoot,75
https://www.lg.com/nl/ondersteuning/product-ondersteuning/troubleshoot/help-library/cs-CT52008609-20154706576844/,Netherlands,Support - Troubleshoot,75
https://www.lg.com/nl/ondersteuning/product-ondersteuning/troubleshoot/help-library/cs-CT52008609-20154634930547/,Netherlands,Support - Troubleshoot,75
https://www.lg.com/nl/ondersteuning/product-ondersteuning/troubleshoot/help-library/cs-CT52008609-20154683488837/,Netherlands,Support - Troubleshoot,75
https://www.lg.com/nl/ondersteuning/product-ondersteuning/troubleshoot/help-library/cs-CT52008609-20154419448289/,Netherlands,Support - Troubleshoot,75
https://www.lg.com/nl/ondersteuning/product-ondersteuning/troubleshoot/help-library/cs-CT52008609-20154710830899/,Netherlands,Support - Troubleshoot,75
https://www.lg.com/nl/ondersteuning/product-ondersteuning/troubleshoot/help-library/cs-CT52008609-20154720147358/,Netherlands,Support - Troubleshoot,75
https://www.lg.com/nl/ondersteuning/product-ondersteuning/troubleshoot/help-library/cs-CT52008609-20154720359404/,Netherlands,Support - Troubleshoot,75
https://www.lg.com/nl/ondersteuning/product-ondersteuning/troubleshoot/help-library/cs-CT52008609-20154720359831/,Netherlands,Support - Troubleshoot,75
https://www.lg.com/nl/ondersteuning/product-ondersteuning/troubleshoot/help-library/cs-CT52008609-20154720323497/,Netherlands,Support - Troubleshoot,75
https://www.lg.com/nl/ondersteuning/product-ondersteuning/troubleshoot/help-library/cs-CT52008609-20154767016792/,Netherlands,Support - Troubleshoot,75
https://www.lg.com/nl/ondersteuning/product-ondersteuning/troubleshoot/help-library/cs-CT52008609-20154720146961/,Netherlands,Support - Troubleshoot,75
https://www.lg.com/nl/ondersteuning/product-ondersteuning/troubleshoot/help-library/cs-CT52008609-20154713314139/,Netherlands,Support - Troubleshoot,75
https://www.lg.com/nl/ondersteuning/product-ondersteuning/troubleshoot/help-library/cs-CT52008609-20154713309305/,Netherlands,Support - Troubleshoot,75
https://www.lg.com/nl/ondersteuning/product-ondersteuning/troubleshoot/help-library/cs-CT52008609-20154752576586/,Netherlands,Support - Troubleshoot,75
https://www.lg.com/nl/ondersteuning/product-ondersteuning/troubleshoot/help-library/cs-CT52008609-20154713285070/,Netherlands,Support - Troubleshoot,75
https://www.lg.com/nl/ondersteuning/product-ondersteuning/troubleshoot/help-library/cs-CT52008609-20154720331664/,Netherlands,Support - Troubleshoot,75
https://www.lg.com/nl/ondersteuning/product-ondersteuning/troubleshoot/help-library/cs-CT52008609-20154713393079/,Netherlands,Support - Troubleshoot,75
https://www.lg.com/nl/ondersteuning/product-ondersteuning/troubleshoot/help-library/cs-CT52008609-20154713366045/,Netherlands,Support - Troubleshoot,75
https://www.lg.com/nl/ondersteuning/product-ondersteuning/troubleshoot/help-library/cs-CT52008609-20154713355590/,Netherlands,Support - Troubleshoot,75
https://www.lg.com/nl/ondersteuning/product-ondersteuning/troubleshoot/help-library/cs-CT52008609-20154713273395/,Netherlands,Support - Troubleshoot,75
https://www.lg.com/nl/ondersteuning/product-ondersteuning/troubleshoot/help-library/cs-CT52008609-20154712949694/,Netherlands,Support - Troubleshoot,75
https://www.lg.com/nl/ondersteuning/product-ondersteuning/troubleshoot/help-library/cs-CT52008609-20154713306112/,Netherlands,Support - Troubleshoot,75
https://www.lg.com/nl/ondersteuning/product-ondersteuning/troubleshoot/help-library/cs-CT52008609-20154713267735/,Netherlands,Support - Troubleshoot,75
https://www.lg.com/nl/ondersteuning/product-ondersteuning/troubleshoot/help-library/cs-CT52008609-20154713222255/,Netherlands,Support - Troubleshoot,75
https://www.lg.com/nl/ondersteuning/product-ondersteuning/troubleshoot/help-library/cs-CT52008609-20154857935730/,Netherlands,Support - Troubleshoot,75
https://www.lg.com/nl/ondersteuning/product-ondersteuning/troubleshoot/help-library/cs-CT52008609-20154857920210/,Netherlands,Support - Troubleshoot,75
https://www.lg.com/nl/ondersteuning/product-ondersteuning/troubleshoot/help-library/cs-CT52008609-20154767045751/,Netherlands,Support - Troubleshoot,75
https://www.lg.com/nl/ondersteuning/product-ondersteuning/troubleshoot/help-library/cs-CT52008609-20154857851300/,Netherlands,Support - Troubleshoot,75
https://www.lg.com/nl/ondersteuning/product-ondersteuning/troubleshoot/help-library/cs-CT52008609-20154857972202/,Netherlands,Support - Troubleshoot,75
https://www.lg.com/nl/ondersteuning/product-ondersteuning/troubleshoot/help-library/cs-CT52008609-20154857812685/,Netherlands,Support - Troubleshoot,75
https://www.lg.com/nl/ondersteuning/product-ondersteuning/troubleshoot/help-library/cs-CT52008609-20154712848230/,Netherlands,Support - Troubleshoot,75
https://www.lg.com/nl/ondersteuning/product-ondersteuning/troubleshoot/help-library/cs-CT52008609-20154857844891/,Netherlands,Support - Troubleshoot,75
https://www.lg.com/nl/ondersteuning/product-ondersteuning/troubleshoot/help-library/cs-CT52008609-20154857827512/,Netherlands,Support - Troubleshoot,75
