url,country,page_type,score
https://www.lg.com/au/about-lg/press-and-media/,Australia,Global Newsroom,79
https://www.lg.com/au/about-lg/,Australia,Global Newsroom,79
https://www.lg.com/au/about-lg/our-brand/,Australia,Microsite,73
https://www.lg.com/au/about-lg/press-and-media/lg-electronics-australia-ushers-in-new-era-of-entertainment/,Australia,Global Newsroom,79
https://www.lg.com/au/about-lg/press-and-media/lg-australia-launches-2026-tv---sound-suite-lineup/,Australia,Global Newsroom,79
https://www.lg.com/au/about-lg/press-and-media/lg-electronics-gathers-experts-to-unpack-the-modern-media-dilemm/,Australia,Global Newsroom,76
https://www.lg.com/au/about-lg/press-and-media/lg-electronics-announces--designed-for-lg-gaming-portal--certifi/,Australia,Global Newsroom,72
https://www.lg.com/au/about-lg/press-and-media/lg-electronics-showcases-affectionate-intelligence-in-action-at-/,Australia,Global Newsroom,72
https://www.lg.com/au/about-lg/press-and-media/lg-electronics-unveils-its-approach-to--ai-in-action-/,Australia,Global Newsroom,72
https://www.lg.com/au/about-lg/press-and-media/lg-unveils-the-wallpaper-tv--the-world-s-thinnest--true-wireless/,Australia,Global Newsroom,72
https://www.lg.com/au/about-lg/press-and-media/lg-electronics-presents-lg-cloid-home-robot-to-demonstrate--zero/,Australia,Global Newsroom,72
https://www.lg.com/au/about-lg/press-and-media/lg-sound-suite--the-world-s-first-soundbar-audio-system-powered-/,Australia,Global Newsroom,72
https://www.lg.com/au/about-lg/press-and-media/lg-micro-rgb-evo--lg-s-most-advanced-lcd-tv-powered-by-the-preci/,Australia,Global Newsroom,72
https://www.lg.com/au/about-lg/press-and-media/lg-electronics-introduces-2026-lg-gram-lineup-elevated-by-aeromi/,Australia,Global Newsroom,72
https://www.lg.com/au/about-lg/press-and-media/lg-electronics-expands-xboom-by-will-i-am-lineup-for-every-lifes/,Australia,Global Newsroom,72
https://www.lg.com/au/about-lg/press-and-media/lg-unveils-ultragear-evo--redefining-5k-gaming-with-world-s-firs/,Australia,Global Newsroom,72
https://www.lg.com/au/about-lg/press-and-media/lg-electronics-expands-its-lifestyle-screen-lineup-with-the-new-/,Australia,Global Newsroom,72
https://www.lg.com/au/about-lg/press-and-media/lg-nova-unveils-next-generation-of-ai-first-ventures-at-ces-2026/,Australia,Global Newsroom,72
https://www.lg.com/au/about-lg/press-and-media/lg-to-unveil-home-robot-at-ces-2026--sharing-vision-for-the--zer/,Australia,Global Newsroom,72
https://www.lg.com/au/about-lg/press-and-media/lg-signature-evolves-with-ai--redefining-premium-home-appliances/,Australia,Global Newsroom,76
https://www.lg.com/au/about-lg/press-and-media/lg-to-showcase-next-generation-mobility-technology-powered-by-ge/,Australia,Global Newsroom,79
https://www.lg.com/au/about-lg/press-and-media/lg-to-showcase--innovation-in-tune-with-you--at-ces-2026-/,Australia,Global Newsroom,72
https://www.lg.com/au/about-lg/press-and-media/lg-honoured-with-multiple-ces-2026-innovation-awards/,Australia,Global Newsroom,79
https://www.lg.com/au/about-lg/press-and-media/lg-debuts-its-latest-cordzero--handstick-vaccuum-lineup-designed/,Australia,Global Newsroom,72
https://www.lg.com/au/about-lg/press-and-media/lg-electronics-australia-named-choice--best-brand-across-multipl/,Australia,Global Newsroom,76
https://www.lg.com/au/about-lg/press-and-media/lg-electronics-australia-wins-at-finder-awards-2025/,Australia,Global Newsroom,79
https://www.lg.com/au/about-lg/press-and-media/lg-electronics-australia-showcases-advanced-medical-display-solu/,Australia,Global Newsroom,76
https://www.lg.com/au/about-lg/press-and-media/lg-electronics-australia-elevates-the-guest-experience-at-novaca/,Australia,Global Newsroom,79
https://www.lg.com/au/about-lg/press-and-media/lg-worlds-first-transparent-true-wireless/,Australia,Global Newsroom,76
https://www.lg.com/au/about-lg/press-and-media/lg-launches-truesteam--styler-with-built-in-handysteamer--to-rev/,Australia,Global Newsroom,76
https://www.lg.com/au/about-lg/press-and-media/lg-reaffirms-universal-value-of-life-through-ai-powered-brand-ca/,Australia,Global Newsroom,79
https://www.lg.com/au/about-lg/press-and-media/lg-presents-new-space-and-energy-efficient-refrigerator-lineup-a/,Australia,Global Newsroom,79
https://www.lg.com/au/about-lg/press-and-media/lg-unveils-ai-driven-energy-efficient-laundry-solutions-at-ifa-2/,Australia,Global Newsroom,79
https://www.lg.com/au/about-lg/press-and-media/lg-electronics-australia-launches-stanbyme-2-the-next-evolution-/,Australia,Global Newsroom,79
https://www.lg.com/au/about-lg/press-and-media/lg-to-introduce-advanced-ai-powered-living-with-lg-ai-home-at-if/,Australia,Global Newsroom,79
https://www.lg.com/au/about-lg/press-and-media/lg-launches-cinebeam-s-redefining-portability-and-transforming-t/,Australia,Global Newsroom,79
https://www.lg.com/au/about-lg/press-and-media/lg-unveils-australias-largest-washing-machine-new-washtower-line/,Australia,Global Newsroom,76
https://www.lg.com/au/about-lg/press-and-media/lg-presents-a-taste-of-the-good-life-with-masterchef-australia-/,Australia,Global Newsroom,79
https://www.lg.com/au/about-lg/press-and-media/lg-redefines-portability-and-performance-with-2025-ai-gram-laptop/,Australia,Global Newsroom,83
https://www.lg.com/au/about-lg/press-and-media/lg-electronics-australia-unveils-latest-audio-products-in-collaboration-with-music-visionary-will-i-am/,Australia,Global Newsroom,83
https://www.lg.com/au/about-lg/press-and-media/northern-rivers-startup-owls-eat-rats-named-winner-of-taronga-2025-hatch-accelerator-program/,Australia,Global Newsroom,83
https://www.lg.com/au/about-lg/press-and-media/lg-launches--radio-optimism--campaign-to-spread--life-s-good--th/,Australia,Global Newsroom,76
https://www.lg.com/au/about-lg/press-and-media/LG-strengthens-EdTech-leadership-with-expanded-LG-CreateBoard-lineup/,Australia,Global Newsroom,83
https://www.lg.com/au/about-lg/press-and-media/lg-launches-2025-qned-evo--new-premium-lcd-tvs-with-enhanced-visuals-and-ai-personalisation/,Australia,Global Newsroom,83
https://www.lg.com/au/about-lg/press-and-media/new-lg-smart-monitor-swing-boosts-productivity-with-flexible-stand-and-touchscreen/,Australia,Global Newsroom,83
https://www.lg.com/au/about-lg/press-and-media/LG-showcased-digital-transformation-innovations-at-food-and-display-technology-expo-2025/,Australia,Global Newsroom,83
https://www.lg.com/au/about-lg/press-and-media/lg-oled-x-steven-harrington-at-frieze/,Australia,Global Newsroom,79
https://www.lg.com/au/about-lg/press-and-media/lg-and-masterchef-australia-cook-up-a-partnership-to-inspire-cul/,Australia,Global Newsroom,72
https://www.lg.com/au/about-lg/press-and-media/lg-brings-xbox-cloud-gaming--beta--experience-directly-to-lg-sma/,Australia,Global Newsroom,79
https://www.lg.com/au/about-lg/press-and-media/lg-lauded-for-latest-design-innovations-at-the-2025-red-dot-desi/,Australia,Global Newsroom,79
https://www.lg.com/au/about-lg/press-and-media/lg-introduces-its-quietest-dishwasher-yet-in-australia/,Australia,Global Newsroom,79
https://www.lg.com/au/about-lg/press-and-media/lg-supplies-commercial-display-solutions-to-boston-red-sox-ballp/,Australia,Global Newsroom,76
https://www.lg.com/au/about-lg/press-and-media/lg-electronics-australia-elevates-home-entertainment-with-new-20/,Australia,Global Newsroom,76
https://www.lg.com/au/about-lg/press-and-media/lg-acquires-athom-to-advance-ai-enabled-intelligent-space-business/,Australia,Global Newsroom,79
https://www.lg.com/au/about-lg/press-and-media/lg-accelerates-smart-factory-solutions-business-integrating-ai-with-66-year-manufacturing-expertise/,Australia,Global Newsroom,79
https://www.lg.com/au/about-lg/press-and-media/lg-releases-third-quarter-2024-financial-results/,Australia,Global Newsroom,76
https://www.lg.com/au/about-lg/press-and-media/lg-releases-second-quarter-2024-final-results/,Australia,Global Newsroom,79
https://www.lg.com/au/about-lg/press-and-media/lg-gram-ready-to-define-the-next-gen-ai-laptop-with-new-intel--c/,Australia,Global Newsroom,69
https://www.lg.com/au/about-lg/press-and-media/lg-announces-fourth-quarter-and-full-year-2024-financial-results/,Australia,Global Newsroom,79
https://www.lg.com/au/about-lg/press-and-media/lg-extends-instaview-technology-to-bottom-mount-fridge-range/,Australia,Global Newsroom,76
https://www.lg.com/au/about-lg/press-and-media/lg-electronics-australia-announces-promotions-and-new-roles-with/,Australia,Global Newsroom,76
https://www.lg.com/au/about-lg/press-and-media/lg-electronics-australia-business-solutions-showcases-cutting-ed/,Australia,Global Newsroom,79
https://www.lg.com/au/about-lg/press-and-media/lg-introduces-new-all-in-one-vacuum-cleaning-solutions-with-next-level-versatility-at-ifa-2024/,Australia,Global Newsroom,83
https://www.lg.com/au/about-lg/press-and-media/lg-opens-new-chapter-in-connected-home-living-with-thinq-on-ai-home-hub-at-ifa-2024/,Australia,Global Newsroom,83
https://www.lg.com/au/about-lg/press-and-media/lg-smallest-4k-projector-cinebeam-q-to-feature-at-ifa-2024-in-berlin/,Australia,Global Newsroom,76
https://www.lg.com/au/about-lg/press-and-media/lg-ceo-william-cho-highligts-consistent-progress-towards-future-/,Australia,Global Newsroom,76
https://www.lg.com/au/about-lg/press-and-media/lg-ultragear-at-the-forefront-of-esports-culture-with-ongoing-gen-g-partnership/,Australia,Global Newsroom,83
https://www.lg.com/au/about-lg/press-and-media/lg-reveals-expanded-washer-lineup-with-new-category-for-enhanced-capacity-at-ifa-2024/,Australia,Global Newsroom,76
https://www.lg.com/au/about-lg/press-and-media/lg-launches-global-campaign-optimism-your-feed-to-help-bring-more-balance-to-social-media-feeds/,Australia,Global Newsroom,83
https://www.lg.com/au/about-lg/press-and-media/lg-commitment-to-innovation-is-recognised-with-numerous-awards-at-ces-2024/,Australia,Global Newsroom,79
https://www.lg.com/au/about-lg/press-and-media/lg-to-introduce-vision-for-future-living-with-lg-ai-home-innovations-at-ifa-2024/,Australia,Global Newsroom,83
https://www.lg.com/au/about-lg/press-and-media/lg-anti-discolouration-tech-for-outdoor-digital-signage-first-to-receive-ul-verification/,Australia,Global Newsroom,76
https://www.lg.com/au/about-lg/press-and-media/lg-magna-acquires-cyber-security-management-system-certification/,Australia,Global Newsroom,79
https://www.lg.com/au/about-lg/press-and-media/lg-amplifies-positive-influence-of-the-life-s-good-campaign-via-social-media-challenge/,Australia,Global Newsroom,83
https://www.lg.com/au/about-lg/press-and-media/lg-australia-announces-local-availability-of-2024-ultrageartm-oled-monitor-range/,Australia,Global Newsroom,76
https://www.lg.com/au/about-lg/press-and-media/lg-electronics-australia-and-sky-news-australia-partner-to-launch-fast-tv-offering-sky-news-now/,Australia,Global Newsroom,83
https://www.lg.com/au/about-lg/press-and-media/lg-electronics-australia-unveils-latest-portable-audio-lineup-boasting-powerful-performance-and-durability/,Australia,Global Newsroom,79
https://www.lg.com/au/about-lg/press-and-media/lg-introduces-essence-matte-white-colourway-to-french-door-fridge-range/,Australia,Global Newsroom,76
https://www.lg.com/au/about-lg/press-and-media/lg-electronics-australia-brings-big-entertainment-home-with-launch-of-2024-tv-range/,Australia,Global Newsroom,76
https://www.lg.com/au/about-lg/press-and-media/lg-electronics-australia-bolsters-marketing-team-with-expansion-and-new-appointments/,Australia,Global Newsroom,79
https://www.lg.com/au/about-lg/press-and-media/lg-oled-and-shepard-fairey-take-street-art-into-the-digital-realm/,Australia,Global Newsroom,76
https://www.lg.com/au/about-lg/press-and-media/lg-electronics-australia-announces-local-availability-of-2024-sound-bar-range0/,Australia,Global Newsroom,83
https://www.lg.com/au/about-lg/press-and-media/lg-electronics-australia-announces-local-availability-of-2024-sound-bar-range/,Australia,Global Newsroom,76
https://www.lg.com/au/about-lg/press-and-media/lg-enters-cooking-category-with-new-built-in-range/,Australia,Global Newsroom,76
https://www.lg.com/au/about-lg/press-and-media/lg-cordzero-auto-emptying-handstick-robot-vac-all-in-one-tower-c/,Australia,Global Newsroom,76
https://www.lg.com/au/about-lg/press-and-media/lg-s-new-washing-machines-go-big-on-laundry-not-on-space/,Australia,Global Newsroom,72
https://www.lg.com/au/about-lg/press-and-media/lg-introduces-slim-french-door-fridge-range-with-focus-on-space-efficiency/,Australia,Global Newsroom,76
https://www.lg.com/au/about-lg/press-and-media/lg-celebrates-prolific-wins-for-season-2-of-its-original-series/,Australia,Global Newsroom,72
https://www.lg.com/au/about-lg/press-and-media/lg-streaming-week-marks-the-celebration-of-a-decade-of-webos/,Australia,Global Newsroom,76
https://www.lg.com/au/about-lg/press-and-media/lg-announces-winners-of-2024-webos-hackathon/,Australia,Global Newsroom,76
https://www.lg.com/au/about-lg/press-and-media/lg-offers-three-month-free-trial-for-apple-tv-to-smart-tv-and-lifestyle-screen-owners0/,Australia,Global Newsroom,76
https://www.lg.com/au/about-lg/press-and-media/lg-strengthens-wireless-oled-leadership-with-the-new-lg-oled-evo-m4/,Australia,Global Newsroom,76
https://www.lg.com/au/about-lg/press-and-media/lg-calls-for-developers-to-participate-in-lg-webos-hackathon-2024/,Australia,Global Newsroom,76
https://www.lg.com/au/about-lg/press-and-media/lg-introduces-stanbyme-speaker-to-global-market-for-more-personalsied-entertainment-experience/,Australia,Global Newsroom,76
https://www.lg.com/au/about-lg/press-and-media/lg-launches-disney-on-its-content-platform-in-select-vehicles/,Australia,Global Newsroom,76
https://www.lg.com/au/about-lg/press-and-media/lg-showcases-its-google-cast-hotel-tvs-at-ise-2025/,Australia,Global Newsroom,79
https://www.lg.com/au/about-lg/press-and-media/2025-lg-qned-evo-transforms-with-core-oled-tv-innovations/,Australia,Global Newsroom,76
https://www.lg.com/au/about-lg/press-and-media/lg-unveils-worlds-first-bendable-5k2k-gaming-monitor/,Australia,Global Newsroom,76
https://www.lg.com/au/about-lg/press-and-media/lg-elevates-webos-gaming-experience-with-lg-magic-remote-optimized-games/,Australia,Global Newsroom,76
https://www.lg.com/au/appliances/buying-guide/fridge-freezers/type/,Australia,구매 가이드,75
https://www.lg.com/au/appliances/buying-guide/fridge-freezers/size-volume/,Australia,구매 가이드,81
https://www.lg.com/au/appliances/buying-guide/fridge-freezers/feature-performance/,Australia,구매 가이드,78
https://www.lg.com/au/appliances/buying-guide/washing-machines/type/,Australia,구매 가이드,81
https://www.lg.com/au/appliances/buying-guide/washing-machines/feature-performance/,Australia,구매 가이드,81
https://www.lg.com/au/appliances/buying-guide/washing-machines/size-capacity/,Australia,구매 가이드,81
https://www.lg.com/au/buying-guide/,Australia,구매 가이드,65
https://www.lg.com/au/microsite-article/ms/it/monitor/buying-guide/,Australia,구매 가이드,61
https://www.lg.com/au/tv-soundbars/tv-buying-guide/tv-size/,Australia,구매 가이드,69
https://www.lg.com/au/tv-soundbars/tv-buying-guide/lifestyle/,Australia,구매 가이드,66
https://www.lg.com/au/tv-soundbars/tv-buying-guide/what-is-a-smart-tv-ai-tv/,Australia,구매 가이드,71
https://www.lg.com/au/tv-soundbars/tv-buying-guide/tv-technology/what-is-4k-tv/,Australia,구매 가이드,74
https://www.lg.com/au/tv-soundbars/tv-buying-guide/tv-technology/oled-vs-qned/,Australia,구매 가이드,71
https://www.lg.com/au/tv-soundbars/tv-buying-guide/,Australia,구매 가이드,71
https://www.lg.com/au/tv-soundbars/qned-buying-guide/,Australia,구매 가이드,74
https://www.lg.com/au/air-conditioning/air-conditioner-buying-guide/,Australia,구매 가이드,71
https://www.lg.com/au/nanocell-tv/buying-guide/,Australia,구매 가이드,74
https://www.lg.com/au/lg-experience/helpful-hints/dishwasher-maintenance/,Australia,LG Experience,73
https://www.lg.com/au/lg-experience/buying-guides/projector-buying-guide/,Australia,LG Experience,80
https://www.lg.com/au/lg-experience/gaming-monitor-size-guide/,Australia,LG Experience,83
https://www.lg.com/au/lg-experience/helpful-hints/budget-friendly-monitors/,Australia,LG Experience,77
https://www.lg.com/au/lg-experience/buying-guides/notebook-laptop-buying-guide/,Australia,LG Experience,80
https://www.lg.com/au/lg-experience/helpful-hints/magic-remote-user-guide/,Australia,LG Experience,77
https://www.lg.com/au/lg-experience/11-years-of-lg-oled-tvs/,Australia,LG Experience,80
https://www.lg.com/au/lg-experience/helpful-hints/webos-user-guide/,Australia,LG Experience,73
https://www.lg.com/au/lg-experience/helpful-hints/laptop-cybersecurity-guide/,Australia,LG Experience,77
https://www.lg.com/au/lg-experience/helpful-hints/laptop-battery-health/,Australia,LG Experience,80
https://www.lg.com/au/lg-experience/travel-gadgets-road-trip-essentials/,Australia,LG Experience,77
https://www.lg.com/au/lg-experience/helpful-hints/small-living-room-ideas/,Australia,LG Experience,77
https://www.lg.com/au/lg-experience/helpful-hints/pro-gaming-setup/,Australia,LG Experience,77
https://www.lg.com/au/lg-experience/family-movie-night-with-lg-tv/,Australia,LG Experience,77
https://www.lg.com/au/lg-experience/lg-home-office-setup/,Australia,LG Experience,77
https://www.lg.com/au/lg-experience/home-automation-smart-home/,Australia,LG Experience,77
https://www.lg.com/au/lg-experience/luxury-tech-gifts-gadgets-for-her/,Australia,LG Experience,77
https://www.lg.com/au/lg-experience/helpful-hints/high-end-gifts-for-him/,Australia,LG Experience,77
https://www.lg.com/au/lg-experience/lg-camping-gadgets/,Australia,LG Experience,77
https://www.lg.com/au/lg-experience/changes-in-technology/,Australia,LG Experience,77
https://www.lg.com/au/lg-experience/man-cave-gaming-room/,Australia,LG Experience,77
https://www.lg.com/au/lg-experience/buying-guides/washing-machine-buying-guide/,Australia,LG Experience,77
https://www.lg.com/au/lg-experience/buying-guides/tv-size-buying-guide/,Australia,LG Experience,77
https://www.lg.com/au/lg-experience/helpful-hints/tv-screen-resolution-explained/,Australia,LG Experience,77
https://www.lg.com/au/lg-experience/buying-guides/tv-cleaning-guide/,Australia,LG Experience,77
https://www.lg.com/au/lg-experience/helpful-hints/sound-bars-explained/,Australia,LG Experience,77
https://www.lg.com/au/lg-experience/buying-guides/projector-selection-guide/,Australia,LG Experience,77
https://www.lg.com/au/lg-experience/helpful-hints/monitor-types-explained/,Australia,LG Experience,77
https://www.lg.com/au/lg-experience/buying-guides/microwave-buying-guide/,Australia,LG Experience,77
https://www.lg.com/au/lg-experience/helpful-hints/lg-screen-technology-explained/,Australia,LG Experience,77
https://www.lg.com/au/lg-experience/helpful-hints/laundry-tips/,Australia,LG Experience,73
https://www.lg.com/au/lg-experience/buying-guides/laptop-buying-guide/,Australia,LG Experience,77
https://www.lg.com/au/lg-experience/helpful-hints/how-to-pick-energy-efficient-washing-machine/,Australia,LG Experience,77
https://www.lg.com/au/lg-experience/helpful-hints/how-to-choose-energy-efficient-fridges/,Australia,LG Experience,77
https://www.lg.com/au/lg-experience/buying-guides/guide-to-energy-efficient-heaters-and-air-conditioners/,Australia,LG Experience,77
https://www.lg.com/au/lg-experience/helpful-hints/flat-vs-curved-monitors/,Australia,LG Experience,77
https://www.lg.com/au/lg-experience/buying-guides/dishwasher-buying-guide/,Australia,LG Experience,77
https://www.lg.com/au/lg-experience/buying-guides/clothes-dryer-buying-guide/,Australia,LG Experience,77
https://www.lg.com/au/lg-experience/helpful-hints/choosing-the-best-refrigerator-for-your-kitchen/,Australia,LG Experience,77
https://www.lg.com/au/lg-experience/buying-guides/air-conditioner-buying-guide/,Australia,LG Experience,77
https://www.lg.com/au/lg-experience/,Australia,LG Experience,77
https://www.lg.com/au/lg-experience/helpful-hints/,Australia,LG Experience,77
https://www.lg.com/au/lg-experience/buying-guides/,Australia,LG Experience,77
https://www.lg.com/au/lg-experience/,Australia,LG Experience,77
https://www.lg.com/au/lg-experience/helpful-hints/,Australia,LG Experience,77
https://www.lg.com/au/lg-experience/buying-guides/,Australia,LG Experience,77
https://www.lg.com/au/discover/ultrawide/,Australia,Global Newsroom,73
https://www.lg.com/au/discover/ultrafine/,Australia,Global Newsroom,73
https://www.lg.com/au/discover/cloud/,Australia,Global Newsroom,73
https://www.lg.com/au/discover/discover-washer-dryers/,Australia,Global Newsroom,74
https://www.lg.com/au/discover/discover-fridge-freezers/,Australia,Global Newsroom,71
https://www.lg.com/au/discover/discover-cooking/,Australia,Global Newsroom,73
https://www.lg.com/au/discover/cloud/,Australia,Global Newsroom,73
https://www.lg.com/au/discover/ultrafine/,Australia,Global Newsroom,73
https://www.lg.com/au/discover/ultrawide/,Australia,Global Newsroom,73
https://www.lg.com/au/discover/,Australia,Global Newsroom,63
https://www.lg.com/au/monthly-lg/3-refreshing-aussie-mocktail-recipes-with-lg/,Australia,Global Newsroom,68
https://www.lg.com/au/monthly-lg/,Australia,Global Newsroom,77
https://www.lg.com/au/lg-experience/best-portable-party-speakers/,Australia,LG Experience,77
https://www.lg.com/au/lg-experience/maintain-clean-air-conditioner/,Australia,LG Experience,80
https://www.lg.com/au/lg-experience/what-is-a-smart-tv/,Australia,LG Experience,77
https://www.lg.com/au/lg-experience/travel-gadgets-road-trip-essentials/,Australia,LG Experience,77
https://www.lg.com/au/lg-experience/11-years-of-lg-oled-tvs/,Australia,LG Experience,80
https://www.lg.com/au/lg-experience/gaming-monitor-size-guide/,Australia,LG Experience,83
https://www.lg.com/au/lg-experience/home-automation-smart-home/,Australia,LG Experience,77
https://www.lg.com/au/lg-experience/man-cave-gaming-room/,Australia,LG Experience,77
https://www.lg.com/au/lg-experience/family-movie-night-with-lg-tv/,Australia,LG Experience,77
https://www.lg.com/au/lg-experience/lg-home-office-setup/,Australia,LG Experience,77
https://www.lg.com/au/lg-experience/luxury-tech-gifts-gadgets-for-her/,Australia,LG Experience,77
https://www.lg.com/au/lg-experience/lg-camping-gadgets/,Australia,LG Experience,77
https://www.lg.com/au/lg-experience/changes-in-technology/,Australia,LG Experience,77
https://www.lg.com/au/lg-experience/helpful-hints/best-home-appliances-gifts-for-mothers-day/,Australia,LG Experience,73
https://www.lg.com/au/lg-experience/helpful-hints/earth-day-at-home/,Australia,LG Experience,77
https://www.lg.com/au/lg-experience/helpful-hints/washing-machine-cleaning-maintenance-guide/,Australia,LG Experience,73
https://www.lg.com/au/lg-experience/helpful-hints/which-lg-soundbar-is-right-for-you-lg/,Australia,LG Experience,77
https://www.lg.com/au/lg-experience/helpful-hints/ai-tv-for-sound-and-vision/,Australia,LG Experience,77
https://www.lg.com/au/lg-experience/helpful-hints/qned-vs-oled-tvs/,Australia,LG Experience,77
https://www.lg.com/au/lg-experience/helpful-hints/debunking-slim-washers-capacity-truths/,Australia,LG Experience,77
https://www.lg.com/au/lg-experience/helpful-hints/smart-laundry-ideas-smart-dry/,Australia,LG Experience,77
https://www.lg.com/au/lg-experience/helpful-hints/ai-productivity-best-ai-laptops/,Australia,LG Experience,77
https://www.lg.com/au/lg-experience/helpful-hints/what-is-a-heat-pump/,Australia,LG Experience,80
https://www.lg.com/au/lg-experience/helpful-hints/how-to-clean-your-fridge/,Australia,LG Experience,73
https://www.lg.com/au/lg-experience/helpful-hints/history-of-refrigerators/,Australia,LG Experience,77
https://www.lg.com/au/lg-experience/helpful-hints/wine-guide-beginners/,Australia,LG Experience,73
https://www.lg.com/au/washer-dryers/top-load-washing-machines/wtl9-14w/,Australia,Microsite,80
https://www.lg.com/au/washer-dryers/top-load-washing-machines/wtl9-12b/,Australia,Microsite,77
https://www.lg.com/au/washer-dryers/top-load-washing-machines/wtl3-09g/,Australia,Microsite,80
https://www.lg.com/au/washer-dryers/top-load-washing-machines/wtl5-10w/,Australia,Microsite,80
https://www.lg.com/au/washer-dryers/top-load-washing-machines/wtl3-09w/,Australia,Microsite,77
https://www.lg.com/au/fridge-freezers/top-mount/gt-5w/,Australia,Microsite,77
https://www.lg.com/au/fridge-freezers/top-mount/gt-5s/,Australia,Microsite,77
https://www.lg.com/au/fridge-freezers/top-mount/gt-1s/,Australia,Microsite,77
https://www.lg.com/au/fridge-freezers/top-mount/gt-4s/,Australia,Microsite,80
https://www.lg.com/au/fridge-freezers/top-mount/gt-3s/,Australia,Microsite,77
https://www.lg.com/au/washer-dryers/top-load-washing-machines/wtg1434whf/,Australia,Microsite,80
https://www.lg.com/au/washer-dryers/top-load-washing-machines/wtg1034wf/,Australia,Microsite,80
https://www.lg.com/au/fridge-freezers/top-mount/gt-279bwl/,Australia,Microsite,80
https://www.lg.com/au/washer-dryers/top-load-washing-machines/wtg9034wf/,Australia,Microsite,77
https://www.lg.com/au/washer-dryers/top-load-washing-machines/wtg1434bhf/,Australia,Microsite,80
https://www.lg.com/au/washer-dryers/top-load-washing-machines/wtr1234wf/,Australia,Microsite,80
https://www.lg.com/au/fridge-freezers/top-mount/gt-l471pdc/,Australia,Microsite,80
https://www.lg.com/au/washer-dryers/top-load-washing-machines/wtg7520/,Australia,Microsite,80
https://www.lg.com/au/washer-dryers/top-load-washing-machines/wtg1234wf/,Australia,Microsite,80
https://www.lg.com/au/fridge-freezers/top-mount/gk-c219pl/,Australia,Microsite,80
https://www.lg.com/au/washer-dryers/top-load-washing-machines/wtg8521/,Australia,Microsite,80
https://www.lg.com/au/fridge-freezers/top-mount/gt-332sdc/,Australia,Microsite,80
https://www.lg.com/au/fridge-freezers/top-mount/gt-427hple/,Australia,Microsite,80
https://www.lg.com/au/washer-dryers/top-load-washing-machines/wtg6520/,Australia,Microsite,80
https://www.lg.com/au/washer-dryers/top-load-washing-machines/wtg1032wf/,Australia,Microsite,80
https://www.lg.com/au/washer-dryers/top-load-washing-machines/wtg1032vf/,Australia,Microsite,80
https://www.lg.com/au/washer-dryers/top-load-washing-machines/wtg9032wf/,Australia,Microsite,77
https://www.lg.com/au/fridge-freezers/top-mount/gt-442sdc/,Australia,Microsite,80
https://www.lg.com/au/washer-dryers/top-load-washing-machines/wtg8520/,Australia,Microsite,80
https://www.lg.com/au/washer-dryers/top-load-washing-machines/wtg6530w/,Australia,Microsite,77
https://www.lg.com/au/fridge-freezers/top-mount/gt-442bpl/,Australia,Microsite,80
https://www.lg.com/au/fridge-freezers/top-mount/gt-279mpl/,Australia,Microsite,80
https://www.lg.com/au/washer-dryers/top-load-washing-machines/wtg7532w/,Australia,Microsite,77
https://www.lg.com/au/fridge-freezers/top-mount/gn-407gwl/,Australia,Microsite,80
https://www.lg.com/au/fridge-freezers/top-mount/gn-407gsl/,Australia,Microsite,80
https://www.lg.com/au/fridge-freezers/top-mount/gn-w407gsl/,Australia,Microsite,80
https://www.lg.com/au/washer-dryers/top-load-washing-machines/wt-h7506/,Australia,Microsite,80
https://www.lg.com/au/washer-dryers/top-load-washing-machines/wt-r10806/,Australia,Microsite,80
https://www.lg.com/au/washer-dryers/top-load-washing-machines/wt-r10856/,Australia,Microsite,80
https://www.lg.com/au/washer-dryers/top-load-washing-machines/wt-h750/,Australia,Microsite,80
https://www.lg.com/au/washer-dryers/top-load-washing-machines/wt-h650/,Australia,Microsite,80
https://www.lg.com/au/washer-dryers/top-load-washing-machines/wt-h550/,Australia,Microsite,80
https://www.lg.com/au/washer-dryers/top-load-washing-machines/wf-t556/,Australia,Microsite,80
https://www.lg.com/au/washer-dryers/top-load-washing-machines/wf-t857/,Australia,Microsite,80
https://www.lg.com/au/washer-dryers/top-load-washing-machines/wf-t657/,Australia,Microsite,80
https://www.lg.com/au/washer-dryers/top-load-washing-machines/wt-r107/,Australia,Microsite,80
https://www.lg.com/au/washer-dryers/top-load-washing-machines/wt-r854/,Australia,Microsite,80
https://www.lg.com/au/fridge-freezers/top-mount/gn-346fs/,Australia,Microsite,80
https://www.lg.com/au/fridge-freezers/top-mount/gn-253vw/,Australia,Microsite,80
https://www.lg.com/au/fridge-freezers/top-mount/gn-234vw/,Australia,Microsite,80
https://www.lg.com/au/fridge-freezers/top-mount/gn-346fw/,Australia,Microsite,80
https://www.lg.com/au/fridge-freezers/top-mount/gn-315fw/,Australia,Microsite,80
https://www.lg.com/au/fridge-freezers/top-mount/gn-422fw/,Australia,Microsite,80
https://www.lg.com/au/fridge-freezers/top-mount/,Australia,Microsite,77
https://www.lg.com/au/washer-dryers/top-load-washing-machines/,Australia,Microsite,83
https://www.lg.com/au/washer-dryers/top-load-washing-machines/wtx3-08w/,Australia,Microsite,81
https://www.lg.com/au/washer-dryers/top-load-washing-machines/wtx5-12w/,Australia,Microsite,81
https://www.lg.com/au/washer-dryers/top-load-washing-machines/wtx9-14w/,Australia,Microsite,81
https://www.lg.com/au/washer-dryers/top-load-washing-machines/wtx10-16g/,Australia,Microsite,81
https://www.lg.com/au/washer-dryers/top-load-washing-machines/wtg85211/,Australia,Microsite,80
https://www.lg.com/au/washer-dryers/top-load-washing-machines/wtl1-85w/,Australia,Microsite,77
https://www.lg.com/au/washer-dryers/top-load-washing-machines/wts6520/,Australia,Microsite,80
https://www.lg.com/au/washer-dryers/top-load-washing-machines/wtr1234wf/,Australia,Microsite,80
https://www.lg.com/au/washer-dryers/top-load-washing-machines/wtr1132wf/,Australia,Microsite,80
https://www.lg.com/au/washer-dryers/top-load-washing-machines/wtr1132bf/,Australia,Microsite,80
https://www.lg.com/au/washer-dryers/top-load-washing-machines/wtl9-14w/,Australia,Microsite,80
https://www.lg.com/au/washer-dryers/top-load-washing-machines/wtl9-12b/,Australia,Microsite,77
https://www.lg.com/au/washer-dryers/top-load-washing-machines/wtl5-10w/,Australia,Microsite,80
https://www.lg.com/au/washer-dryers/top-load-washing-machines/wtl3-09w/,Australia,Microsite,77
https://www.lg.com/au/washer-dryers/top-load-washing-machines/wtl3-09g/,Australia,Microsite,80
https://www.lg.com/au/washer-dryers/top-load-washing-machines/wt-h756/,Australia,Microsite,80
https://www.lg.com/au/washer-dryers/top-load-washing-machines/wtg9532wh/,Australia,Microsite,77
https://www.lg.com/au/washer-dryers/top-load-washing-machines/wtg9532vh/,Australia,Microsite,77
https://www.lg.com/au/washer-dryers/top-load-washing-machines/wtg9530s/,Australia,Microsite,77
https://www.lg.com/au/washer-dryers/top-load-washing-machines/wtg9034wf/,Australia,Microsite,77
https://www.lg.com/au/washer-dryers/top-load-washing-machines/wtg9032wf/,Australia,Microsite,77
https://www.lg.com/au/washer-dryers/top-load-washing-machines/wtg9020v/,Australia,Microsite,80
https://www.lg.com/au/washer-dryers/top-load-washing-machines/wtg8532wh/,Australia,Microsite,77
https://www.lg.com/au/washer-dryers/top-load-washing-machines/wtg8521/,Australia,Microsite,80
https://www.lg.com/au/washer-dryers/top-load-washing-machines/wtg8520/,Australia,Microsite,80
https://www.lg.com/au/washer-dryers/top-load-washing-machines/wtg7532w/,Australia,Microsite,77
https://www.lg.com/au/washer-dryers/top-load-washing-machines/wtg7520/,Australia,Microsite,80
https://www.lg.com/au/washer-dryers/top-load-washing-machines/wtg6534w/,Australia,Microsite,80
https://www.lg.com/au/washer-dryers/top-load-washing-machines/wtg6532w/,Australia,Microsite,77
https://www.lg.com/au/washer-dryers/top-load-washing-machines/wtg6530w/,Australia,Microsite,77
https://www.lg.com/au/washer-dryers/top-load-washing-machines/wtg6520/,Australia,Microsite,80
https://www.lg.com/au/washer-dryers/top-load-washing-machines/wtg1434whf/,Australia,Microsite,80
https://www.lg.com/au/washer-dryers/top-load-washing-machines/wtg1434vhf/,Australia,Microsite,80
https://www.lg.com/au/washer-dryers/top-load-washing-machines/wtg1434bhf/,Australia,Microsite,80
https://www.lg.com/au/washer-dryers/top-load-washing-machines/wtg1432wh/,Australia,Microsite,77
https://www.lg.com/au/washer-dryers/top-load-washing-machines/wtg1432whf/,Australia,Microsite,80
https://www.lg.com/au/washer-dryers/top-load-washing-machines/wtg1432vh/,Australia,Microsite,77
https://www.lg.com/au/washer-dryers/top-load-washing-machines/wtg1432vhf/,Australia,Microsite,80
https://www.lg.com/au/washer-dryers/top-load-washing-machines/wtg1234wf/,Australia,Microsite,80
https://www.lg.com/au/washer-dryers/top-load-washing-machines/wtg1034wf/,Australia,Microsite,80
https://www.lg.com/au/washer-dryers/top-load-washing-machines/wtg1034bf/,Australia,Microsite,80
https://www.lg.com/au/washer-dryers/top-load-washing-machines/wtg1032wf/,Australia,Microsite,80
https://www.lg.com/au/washer-dryers/top-load-washing-machines/wtg1032vf/,Australia,Microsite,80
https://www.lg.com/au/washer-dryers/top-load-washing-machines/wtg1030sf/,Australia,Microsite,80
https://www.lg.com/au/washer-dryers/top-load-washing-machines/wt-r854/,Australia,Microsite,80
https://www.lg.com/au/vacuum-cleaners/bagless-vacuum-cleaners/vr94070ncaq/,Australia,제품 상세 (PDP),81
https://www.lg.com/au/vacuum-cleaners/robot-vacuum-cleaners/vr5943l/,Australia,제품 상세 (PDP),81
https://www.lg.com/au/vacuum-cleaners/robot-vacuum-cleaners/vr6270lvmb/,Australia,제품 상세 (PDP),81
https://www.lg.com/au/vacuum-cleaners/robot-vacuum-cleaners/vr6340lv/,Australia,제품 상세 (PDP),81
https://www.lg.com/au/vacuum-cleaners/bagless-vacuum-cleaners/vc74070ncaq/,Australia,제품 상세 (PDP),81
https://www.lg.com/au/microwave-ovens/ms2042d/,Australia,제품 상세 (PDP),81
https://www.lg.com/au/home-appliance-accessories/fridge-accessories/adq73613410/,Australia,제품 상세 (PDP),81
https://www.lg.com/au/monitors/e1911t/,Australia,제품 상세 (PDP),81
https://www.lg.com/au/monitors/e2050t-pn/,Australia,제품 상세 (PDP),81
https://www.lg.com/au/monitors/ultragear-gaming/27gs93qe-b/,Australia,제품 상세 (PDP),79
https://www.lg.com/au/home-appliance-accessories/fridge-accessories/adq36006121/,Australia,제품 상세 (PDP),81
https://www.lg.com/au/home-appliance-accessories/fridge-accessories/adq73334011/,Australia,제품 상세 (PDP),81
https://www.lg.com/au/home-appliance-accessories/fridge-accessories/adq74793513/,Australia,제품 상세 (PDP),81
https://www.lg.com/au/home-appliance-accessories/fridge-accessories/adq74793510/,Australia,제품 상세 (PDP),78
https://www.lg.com/au/microwave-ovens/ms2540sr/,Australia,제품 상세 (PDP),81
https://www.lg.com/au/medical-displays/24hr513c-b/,Australia,제품 상세 (PDP),79
https://www.lg.com/au/tv-soundbars/oled-evo-tv/oled77c4psa-sc9s/,Australia,제품 상세 (PDP),73
https://www.lg.com/au/tv-soundbars/oled-evo-tv/oled65c4psa-sc9s/,Australia,제품 상세 (PDP),73
https://www.lg.com/au/tv-soundbars/uhd-4k-tv/70uh635t/,Australia,제품 상세 (PDP),81
https://www.lg.com/au/speakers/home-theatre-systems/hb966tzw/,Australia,제품 상세 (PDP),81
https://www.lg.com/au/speakers/portable-speakers/lpc12/,Australia,제품 상세 (PDP),81
https://www.lg.com/au/cloud-devices/27cn650w-ap/,Australia,제품 상세 (PDP),81
https://www.lg.com/au/cloud-devices/cl600w-ap/,Australia,제품 상세 (PDP),81
https://www.lg.com/au/monitors/19mb35p/,Australia,제품 상세 (PDP),81
https://www.lg.com/au/tv-soundbars/led-tvs/m2431d/,Australia,제품 상세 (PDP),81
https://www.lg.com/au/monitors/e2210p/,Australia,제품 상세 (PDP),81
https://www.lg.com/au/home-appliance-accessories/fridge-accessories/man62288601/,Australia,제품 상세 (PDP),81
https://www.lg.com/au/home-appliance-accessories/fridge-accessories/man62288702/,Australia,제품 상세 (PDP),81
https://www.lg.com/au/tv-soundbars/lcd-tvs/22cs460/,Australia,제품 상세 (PDP),81
https://www.lg.com/au/monitors/full-hd-qhd/22mb35d/,Australia,제품 상세 (PDP),81
https://www.lg.com/au/monitors/ultrawide/29eb93/,Australia,제품 상세 (PDP),81
https://www.lg.com/au/monitors/t1910b-bn/,Australia,제품 상세 (PDP),81
https://www.lg.com/au/monitors/full-hd-qhd/e2711t-bn/,Australia,제품 상세 (PDP),81
https://www.lg.com/au/monitors/l1942h-bf/,Australia,제품 상세 (PDP),81
https://www.lg.com/au/vacuum-cleaners/vacuum-cleaner-accessories/agb74492525/,Australia,제품 상세 (PDP),81
https://www.lg.com/au/monitors/full-hd-qhd/24mb35d/,Australia,제품 상세 (PDP),81
https://www.lg.com/au/tv-soundbars/fhd/26lu50fd/,Australia,제품 상세 (PDP),81
https://www.lg.com/au/tv-soundbars/fhd/22lu50fd/,Australia,제품 상세 (PDP),81
https://www.lg.com/au/tv-soundbars/qned-tv/75qned96tpa/,Australia,제품 상세 (PDP),81
https://www.lg.com/au/tv-soundbars/qned-tv/65qned96tpa/,Australia,제품 상세 (PDP),81
https://www.lg.com/au/tv-soundbars/nanocell-tv/86nano86tpa/,Australia,제품 상세 (PDP),81
https://www.lg.com/au/tv-soundbars/oled-tv/oled65w9pta/,Australia,제품 상세 (PDP),78
https://www.lg.com/au/tv-soundbars/uhd-4k-tv/50um7600pta/,Australia,제품 상세 (PDP),78
https://www.lg.com/au/tv-soundbars/uhd-4k-tv/65sm8100pta/,Australia,제품 상세 (PDP),81
https://www.lg.com/au/tv-soundbars/uhd-4k-tv/65um7600pta/,Australia,제품 상세 (PDP),81
https://www.lg.com/au/tv-soundbars/oled-tv/oled65b9pta/,Australia,제품 상세 (PDP),81
https://www.lg.com/au/tv-soundbars/oled-tv/oled55b9pta/,Australia,제품 상세 (PDP),81
https://www.lg.com/au/tv-soundbars/uhd-4k-tv/50uk6540ptd/,Australia,제품 상세 (PDP),81
https://www.lg.com/au/tv-soundbars/uhd-4k-tv/55uk6540ptd/,Australia,제품 상세 (PDP),81
https://www.lg.com/au/tv-soundbars/uhd-4k-tv/65uk6540ptd/,Australia,제품 상세 (PDP),81
https://www.lg.com/au/tv-soundbars/uhd-4k-tv/65sk8000pta/,Australia,제품 상세 (PDP),81
https://www.lg.com/au/tv-soundbars/oled-tv/oled77c8pta/,Australia,제품 상세 (PDP),81
https://www.lg.com/au/tv-soundbars/smart-tvs/32lj550d/,Australia,제품 상세 (PDP),81
https://www.lg.com/au/tv-soundbars/smart-tvs/42la6910/,Australia,제품 상세 (PDP),81
https://www.lg.com/au/tv-soundbars/smart-tvs/55la6910/,Australia,제품 상세 (PDP),81
https://www.lg.com/au/vacuum-cleaners/vacuum-cleaner-accessories/agm76949501/,Australia,제품 상세 (PDP),81
https://www.lg.com/au/dvd-burners-drives/gp30nb20/,Australia,제품 상세 (PDP),81
https://www.lg.com/au/monitors/full-hd-qhd/27ms530b-b/,Australia,제품 상세 (PDP),79
https://www.lg.com/au/monitors/full-hd-qhd/27ms570b-b/,Australia,제품 상세 (PDP),79
https://www.lg.com/au/monitors/full-hd-qhd/24ms530b-b/,Australia,제품 상세 (PDP),79
https://www.lg.com/au/monitors/full-hd-qhd/24ms570b-b/,Australia,제품 상세 (PDP),79
https://www.lg.com/au/vacuum-cleaners/handstick-vacuum-cleaners/vs8402scw/,Australia,제품 상세 (PDP),81
https://www.lg.com/au/tv-accessories/lsw630b/,Australia,제품 상세 (PDP),81
https://www.lg.com/au/monitors/full-hd-qhd/e2211t-bn/,Australia,제품 상세 (PDP),81
https://www.lg.com/au/monitors/full-hd-qhd/e2411t-bn/,Australia,제품 상세 (PDP),81
https://www.lg.com/au/monitors/full-hd-qhd/e2211pu-bn/,Australia,제품 상세 (PDP),81
https://www.lg.com/au/monitors/full-hd-qhd/ips206t-pn/,Australia,제품 상세 (PDP),81
https://www.lg.com/au/monitors/full-hd-qhd/m3704ccba/,Australia,제품 상세 (PDP),81
https://www.lg.com/au/monitors/e2060t-pn/,Australia,제품 상세 (PDP),81
https://www.lg.com/au/monitors/full-hd-qhd/w2600h-pf/,Australia,제품 상세 (PDP),81
https://www.lg.com/au/speakers/soundbars/s77s/,Australia,제품 상세 (PDP),81
https://www.lg.com/au/monitors/ultragear-gaming/24gq50f/,Australia,제품 상세 (PDP),81
https://www.lg.com/au/monitors/full-hd-qhd/27mp37hq/,Australia,제품 상세 (PDP),81
https://www.lg.com/au/vacuum-cleaners/vacuum-cleaner-accessories/agf78838401/,Australia,제품 상세 (PDP),81
https://www.lg.com/au/vacuum-cleaners/vacuum-cleaner-accessories/agf78838451/,Australia,제품 상세 (PDP),81
https://www.lg.com/au/tv-soundbars/oled-tv/oled55bxpta/,Australia,제품 상세 (PDP),81
https://www.lg.com/au/tv-soundbars/nanocell-tv/75nano86tpa/,Australia,제품 상세 (PDP),78
https://www.lg.com/au/tv-soundbars/uhd-4k-tv/50un7300ptc/,Australia,제품 상세 (PDP),81
https://www.lg.com/au/tv-soundbars/oled-tv/oled65bxpta/,Australia,제품 상세 (PDP),81
https://www.lg.com/au/tv-soundbars/uhd-4k-tv/55sm8600pta/,Australia,제품 상세 (PDP),81
https://www.lg.com/au/tv-soundbars/oled-tv/oled55c9pta/,Australia,제품 상세 (PDP),81
https://www.lg.com/au/tv-soundbars/uhd-4k-tv/55um7600pta/,Australia,제품 상세 (PDP),81
https://www.lg.com/au/tv-soundbars/uhd-4k-tv/49sm8100pta/,Australia,제품 상세 (PDP),81
https://www.lg.com/au/tv-soundbars/uhd-4k-tv/55sm8100pta/,Australia,제품 상세 (PDP),81
https://www.lg.com/au/tv-soundbars/uhd-4k-tv/60uk6200pta/,Australia,제품 상세 (PDP),81
https://www.lg.com/au/tv-soundbars/uhd-4k-tv/70uk6540pta/,Australia,제품 상세 (PDP),81
https://www.lg.com/au/tv-soundbars/oled-tv/oled65e8pta/,Australia,제품 상세 (PDP),81
https://www.lg.com/au/tv-soundbars/oled-tv/oled77w8pta/,Australia,제품 상세 (PDP),78
https://www.lg.com/au/tv-soundbars/oled-tv/oled65w8pta/,Australia,제품 상세 (PDP),78
https://www.lg.com/au/tv-soundbars/ultra-big-tv/75sk8000pta/,Australia,제품 상세 (PDP),81
https://www.lg.com/au/tv-soundbars/uhd-4k-tv/55sk8000pta/,Australia,제품 상세 (PDP),81
https://www.lg.com/au/tv-soundbars/ultra-big-tv/75uj657t/,Australia,제품 상세 (PDP),81
https://www.lg.com/au/tv-soundbars/smart-tvs/43lj550t/,Australia,제품 상세 (PDP),81
https://www.lg.com/au/tv-soundbars/uhd-4k-tv/60sj850t/,Australia,제품 상세 (PDP),81
https://www.lg.com/au/tv-soundbars/ultra-big-tv/75sj955t/,Australia,제품 상세 (PDP),81
https://www.lg.com/au/tv-soundbars/smart-tvs/55lh600t/,Australia,제품 상세 (PDP),81
https://www.lg.com/au/tv-soundbars/ultra-big-tv/75uh656t/,Australia,제품 상세 (PDP),81
https://www.lg.com/au/monitors/w1943s-pf/,Australia,제품 상세 (PDP),81
https://www.lg.com/au/microwave-ovens/ms2347gr/,Australia,제품 상세 (PDP),81
https://www.lg.com/au/vacuum-cleaners/bagless-vacuum-cleaners/kv-core/,Australia,제품 카테고리 (PLP),80
https://www.lg.com/au/home-appliance-accessories/washing-machine-accessories/stkit-bk-v/,Australia,제품 카테고리 (PLP),80
https://www.lg.com/au/home-appliance-accessories/washing-machine-accessories/stkit-wh/,Australia,제품 카테고리 (PLP),80
https://www.lg.com/au/vacuum-cleaners/vacuum-cleaner-accessories/v-dustbag/,Australia,제품 카테고리 (PLP),80
https://www.lg.com/au/air-conditioning/download-brochures/,Australia,제품 카테고리 (PLP),73
https://www.lg.com/au/projectors/cinebeam-q/,Australia,제품 카테고리 (PLP),77
https://www.lg.com/au/projectors/cinebeam/,Australia,제품 카테고리 (PLP),80
https://www.lg.com/au/laptops/gram-pro/,Australia,제품 카테고리 (PLP),80
https://www.lg.com/au/tv-soundbars/oled-tv/,Australia,제품 카테고리 (PLP),83
https://www.lg.com/au/tv-soundbars/qned-tv/,Australia,제품 카테고리 (PLP),83
https://www.lg.com/au/tv-soundbars/nanocell-tv/,Australia,제품 카테고리 (PLP),80
https://www.lg.com/au/tv-soundbars/,Australia,제품 카테고리 (PLP),73
https://www.lg.com/au/tv-soundbars/tv-accessories/,Australia,제품 카테고리 (PLP),80
https://www.lg.com/au/speakers/soundbars/,Australia,제품 카테고리 (PLP),83
https://www.lg.com/au/lifestyle-screens/,Australia,제품 카테고리 (PLP),80
https://www.lg.com/au/tv-soundbars/ultra-big-tv/,Australia,제품 카테고리 (PLP),77
https://www.lg.com/au/monitors/ultrawide/,Australia,제품 카테고리 (PLP),77
https://www.lg.com/au/washer-dryers/dryers/,Australia,제품 카테고리 (PLP),80
https://www.lg.com/au/fridge-freezers/side-by-side/,Australia,제품 카테고리 (PLP),77
https://www.lg.com/au/monitors/,Australia,제품 카테고리 (PLP),73
https://www.lg.com/au/fridge-freezers/,Australia,제품 카테고리 (PLP),74
https://www.lg.com/au/washer-dryers/washer-dryer-combos/,Australia,제품 카테고리 (PLP),80
https://www.lg.com/au/monitors/ultragear-gaming/,Australia,제품 카테고리 (PLP),80
https://www.lg.com/au/washer-dryers/,Australia,제품 카테고리 (PLP),71
https://www.lg.com/au/tv-soundbars/all-tv-soundbars/,Australia,제품 카테고리 (PLP),83
https://www.lg.com/au/tv-soundbars/oled-evo-tv/,Australia,제품 카테고리 (PLP),77
https://www.lg.com/au/washer-dryers/clothes-styler/,Australia,제품 카테고리 (PLP),87
https://www.lg.com/au/residential-air-conditioner/,Australia,제품 카테고리 (PLP),73
https://www.lg.com/au/explore-appliances/,Australia,제품 카테고리 (PLP),71
https://www.lg.com/au/dishwashers/,Australia,제품 카테고리 (PLP),77
https://www.lg.com/au/monitors/all-monitors/,Australia,제품 카테고리 (PLP),77
https://www.lg.com/au/fridge-freezers/all-fridge-freezers/,Australia,제품 카테고리 (PLP),87
https://www.lg.com/au/monitors/full-hd-qhd/,Australia,제품 카테고리 (PLP),77
https://www.lg.com/au/ergo-monitors/,Australia,제품 카테고리 (PLP),71
https://www.lg.com/au/projectors/all-projectors/,Australia,제품 카테고리 (PLP),80
https://www.lg.com/au/lg-signature/,Australia,제품 카테고리 (PLP),74
https://www.lg.com/au/dealer-locator/,Australia,제품 카테고리 (PLP),67
https://www.lg.com/au/vacuum-cleaners/,Australia,제품 카테고리 (PLP),80
https://www.lg.com/au/washer-dryers/front-load-washing-machines/,Australia,제품 카테고리 (PLP),87
https://www.lg.com/au/lifestyle-screens/objet-collection-pose/,Australia,제품 카테고리 (PLP),80
https://www.lg.com/au/microwave-ovens/,Australia,제품 카테고리 (PLP),80
https://www.lg.com/au/fridge-freezers/pigeon-pairs/,Australia,제품 카테고리 (PLP),80
https://www.lg.com/au/speakers/hi-fi-systems/,Australia,제품 카테고리 (PLP),80
https://www.lg.com/au/lifestyle-screens/flex/,Australia,제품 카테고리 (PLP),80
https://www.lg.com/au/washer-dryers/washtower/,Australia,제품 카테고리 (PLP),87
https://www.lg.com/au/fridge-freezers/french-door/,Australia,제품 카테고리 (PLP),80
https://www.lg.com/au/wireless-earbuds/,Australia,제품 카테고리 (PLP),73
https://www.lg.com/au/wireless-earbuds/tone-free/,Australia,제품 카테고리 (PLP),80
https://www.lg.com/au/speakers/all-speakers/,Australia,제품 카테고리 (PLP),80
https://www.lg.com/au/washer-dryers/all-washer-dryers/,Australia,제품 카테고리 (PLP),87
https://www.lg.com/au/wireless-earbuds/all-wireless-earbuds/,Australia,제품 카테고리 (PLP),80
https://www.lg.com/au/video/,Australia,제품 카테고리 (PLP),80
https://www.lg.com/au/shop-the-latest/,Australia,제품 카테고리 (PLP),73
https://www.lg.com/au/laptops/,Australia,제품 카테고리 (PLP),73
https://www.lg.com/au/lifestyle-screens/stanbyme/,Australia,제품 카테고리 (PLP),80
https://www.lg.com/au/lifestyle-screens/objet-collection-easel/,Australia,제품 카테고리 (PLP),80
https://www.lg.com/au/fridge-freezers/bottom-mount/,Australia,제품 카테고리 (PLP),80
https://www.lg.com/au/vacuum-cleaners/all-vacuum-cleaners/,Australia,제품 카테고리 (PLP),80
https://www.lg.com/au/cooking/,Australia,제품 카테고리 (PLP),73
https://www.lg.com/au/laptops/gram/,Australia,제품 카테고리 (PLP),77
https://www.lg.com/au/wireless-earbuds/sport-earbuds/,Australia,제품 카테고리 (PLP),80
https://www.lg.com/au/laptops/all-laptops/,Australia,제품 카테고리 (PLP),77
https://www.lg.com/au/video/dvd-blu-ray-players/,Australia,제품 카테고리 (PLP),80
https://www.lg.com/au/monitors/myview-smart-monitors/,Australia,제품 카테고리 (PLP),63
https://www.lg.com/au/fridge-freezers/freezers/,Australia,제품 카테고리 (PLP),87
https://www.lg.com/au/cloud-devices/,Australia,제품 카테고리 (PLP),80
https://www.lg.com/au/fridge-freezers/wine-fridges/,Australia,제품 카테고리 (PLP),74
https://www.lg.com/au/home-appliance-accessories/,Australia,제품 카테고리 (PLP),77
https://www.lg.com/au/business-monitors/,Australia,제품 카테고리 (PLP),77
https://www.lg.com/au/residential-air-conditioner/multi-split-inverter-air-conditioners/,Australia,제품 카테고리 (PLP),77
https://www.lg.com/au/cooking/cooktops/,Australia,제품 카테고리 (PLP),87
https://www.lg.com/au/cooking/rangehoods/,Australia,제품 카테고리 (PLP),87
https://www.lg.com/au/vacuum-cleaners/handstick-vacuum-cleaners/,Australia,제품 카테고리 (PLP),80
https://www.lg.com/au/residential-air-conditioner/single-split-inverter-air-conditioners/,Australia,제품 카테고리 (PLP),83
https://www.lg.com/au/cooking/all-cooking/,Australia,제품 카테고리 (PLP),87
https://www.lg.com/au/laptops/gram-plus-view-portable-monitor/,Australia,제품 카테고리 (PLP),80
https://www.lg.com/au/medical-displays/,Australia,제품 카테고리 (PLP),80
https://www.lg.com/au/lifestyle-screens/all-lifestyle-screens/,Australia,제품 카테고리 (PLP),80
https://www.lg.com/au/laptops/ultra-pc/,Australia,제품 카테고리 (PLP),80
https://www.lg.com/au/speakers/portable-speakers/,Australia,제품 카테고리 (PLP),87
https://www.lg.com/au/home-appliance-accessories/vacuum-accessories/,Australia,제품 카테고리 (PLP),77
https://www.lg.com/au/vacuum-cleaners/bagless-vacuum-cleaners/,Australia,제품 카테고리 (PLP),80
https://www.lg.com/au/speakers/,Australia,제품 카테고리 (PLP),73
https://www.lg.com/au/home-appliance-accessories/fridge-accessories/,Australia,제품 카테고리 (PLP),77
https://www.lg.com/au/vacuum-cleaners/robot-vacuum-cleaners/,Australia,제품 카테고리 (PLP),80
https://www.lg.com/au/residential-air-conditioner/ducted-systems/,Australia,제품 카테고리 (PLP),77
https://www.lg.com/au/cooking/ovens/,Australia,제품 카테고리 (PLP),87
https://www.lg.com/au/home-appliance-accessories/clothes-styler-accessories/,Australia,제품 카테고리 (PLP),77
https://www.lg.com/au/residential-air-conditioner/all-residential-air-conditioners/,Australia,제품 카테고리 (PLP),80
https://www.lg.com/au/dvd-burners-drives/,Australia,제품 카테고리 (PLP),80
https://www.lg.com/au/home-appliance-accessories/washing-machine-accessories/,Australia,제품 카테고리 (PLP),77
https://www.lg.com/au/lg-benefits-program/education-hub/,Australia,제품 카테고리 (PLP),73
https://www.lg.com/au/air-conditioning/download-ebook/,Australia,제품 카테고리 (PLP),67
https://www.lg.com/au/membership/,Australia,제품 카테고리 (PLP),70
https://www.lg.com/au/air-conditioning/cooler-classrooms/,Australia,제품 카테고리 (PLP),73
https://www.lg.com/au/PSQ-x-LG-Competition/,Australia,제품 카테고리 (PLP),67
https://www.lg.com/au/myrenorules/products/,Australia,제품 카테고리 (PLP),63
https://www.lg.com/au/myrenorules/,Australia,제품 카테고리 (PLP),70
https://www.lg.com/au/support/,Australia,Support - 일반,82
https://www.lg.com/au/support/warranty/,Australia,Support - 일반,79
https://www.lg.com/au/support/product-support/product-registration/,Australia,Support - 일반,71
https://www.lg.com/au/support/announcement/,Australia,Support - 일반,79
https://www.lg.com/au/support/contact-us/locate-repair-center/,Australia,Support - 일반,82
https://www.lg.com/au/support/contact-us/web-survey/,Australia,Support - 일반,82
https://www.lg.com/au/support/lg-thinq/,Australia,Support - 일반,75
https://www.lg.com/au/support/order-support/track-my-order/,Australia,Support - 일반,79
https://www.lg.com/au/support/product-support/manuals-software/,Australia,Support - 일반,75
https://www.lg.com/au/support/order-support/frequently-asked-questions/,Australia,Support - 일반,79
https://www.lg.com/au/support/contact-us/,Australia,Support - 일반,86
https://www.lg.com/au/support/contact-us/document-upload/,Australia,Support - 일반,89
https://www.lg.com/au/support/contact/whatsapp/,Australia,Support - 일반,79
https://www.lg.com/au/support/glossary/,Australia,Support - 일반,82
https://www.lg.com/au/support/product-support/repair-request/,Australia,Support - 일반,75
https://www.lg.com/au/support/smart-share/,Australia,Support - 일반,82
https://www.lg.com/au/support/customer-complaints-procedure/,Australia,Support - 일반,82
https://www.lg.com/au/support/whistleblower/,Australia,Support - 일반,82
https://www.lg.com/au/support/recalls/,Australia,Support - 일반,76
https://www.lg.com/au/support/warranty-terms/,Australia,Support - 일반,82
https://www.lg.com/au/support/product-support/cs-B55AWYU3G6.ANWBLAP/,Australia,Support - 일반,79
https://www.lg.com/au/support/product-support/cs-DR165.AA2ALL/,Australia,Support - 일반,79
https://www.lg.com/au/support/product-support/cs-LGE612.ABOOWH/,Australia,Support - 일반,79
https://www.lg.com/au/support/product-support/cs-ARNU15GL2G4.ANWALAP/,Australia,Support - 일반,79
https://www.lg.com/au/support/product-support/cs-55XS4P-B.AAU/,Australia,Support - 일반,79
https://www.lg.com/au/support/product-support/cs-22LD350.ANR/,Australia,Support - 일반,79
https://www.lg.com/au/support/product-support/cs-VR66800VWP.ABORLAP/,Australia,Support - 일반,79
https://www.lg.com/au/support/product-support/cs-LSNT186AEL.AMBZLAW/,Australia,Support - 일반,79
https://www.lg.com/au/support/product-support/cs-LGH340Y.AOPTKT/,Australia,Support - 일반,79
https://www.lg.com/au/support/product-support/cs-75UP7550PVC.ANR/,Australia,Support - 일반,79
https://www.lg.com/au/support/product-support/cs-GW370.AATTRR/,Australia,Support - 일반,79
https://www.lg.com/au/support/product-support/cs-GS-L600MBL.AEPRGAP/,Australia,Support - 일반,79
https://www.lg.com/au/support/product-support/cs-V-CC162NTU.AXRRLAP/,Australia,Support - 일반,79
https://www.lg.com/au/support/product-support/cs-XD4B24UPS.APZREAP/,Australia,Support - 일반,79
https://www.lg.com/au/support/product-support/cs-GRAB.AAUSLBK/,Australia,Support - 일반,79
https://www.lg.com/au/support/product-support/cs-L1942H-BF.AAU/,Australia,Support - 일반,79
https://www.lg.com/au/support/product-support/cs-CK43.DAUSLLK/,Australia,Support - 일반,79
https://www.lg.com/au/support/product-support/cs-OLED42C54LA.ANR/,Australia,Support - 일반,79
https://www.lg.com/au/support/product-support/cs-LMQ630EAW.AAUSTNS/,Australia,Support - 일반,79
https://www.lg.com/au/support/product-support/cs-55LV355H.AAU/,Australia,Support - 일반,79
https://www.lg.com/au/support/product-support/cs-PMBD7220.ENCXLEU/,Australia,Support - 일반,79
https://www.lg.com/au/support/product-support/cs-ARNU18GSCL2.AMBALAP/,Australia,Support - 일반,79
https://www.lg.com/au/support/product-support/cs-43UN731C0TC.AAU/,Australia,Support - 일반,79
https://www.lg.com/au/support/product-support/cs-LGD320.AOPTBK/,Australia,Support - 일반,79
https://www.lg.com/au/support/product-support/cs-LAS012DB9-F.AAU/,Australia,Support - 일반,79
https://www.lg.com/au/support/product-support/cs-FFH-786A.AA2ALLA/,Australia,Support - 일반,79
https://www.lg.com/au/support/product-support/cs-32LB563B.AAU/,Australia,Support - 일반,79
https://www.lg.com/au/support/product-support/cs-32GK650F-B.AAU/,Australia,Support - 일반,79
https://www.lg.com/au/support/product-support/cs-UBN36R.ANWBLAP/,Australia,Support - 일반,79
https://www.lg.com/au/support/product-support/cs-27UL550-W.AUS/,Australia,Support - 일반,79
https://www.lg.com/au/support/product-support/cs-LW40-M6MA.A6MA/,Australia,Support - 일반,79
https://www.lg.com/au/support/product-support/cs-ARWN080LAS4.EWGBLEU/,Australia,Support - 일반,79
https://www.lg.com/au/support/product-support/cs-W09UHM-MB61.AWYALAP/,Australia,Support - 일반,79
https://www.lg.com/au/support/product-support/cs-WH09SKN-18.AT6GLAP/,Australia,Support - 일반,79
https://www.lg.com/au/support/product-support/cs-B24AHF-NH5.ANWBLAP/,Australia,Support - 일반,79
https://www.lg.com/au/support/product-support/cs-65UT8050PSB.AAU/,Australia,Support - 일반,79
https://www.lg.com/au/support/product-support/cs-E2040T-PN.AAU/,Australia,Support - 일반,79
https://www.lg.com/au/support/product-support/cs-KT-T650.AL/,Australia,Support - 일반,79
https://www.lg.com/au/support/product-support/cs-LMK520YMW.AAUSBL/,Australia,Support - 일반,79
https://www.lg.com/au/support/product-support/cs-LT-E2460EA.ANWZLAP/,Australia,Support - 일반,79
https://www.lg.com/au/support/product-support/cs-34GP63A-B.AAU/,Australia,Support - 일반,79
https://www.lg.com/au/support/product-support/cs-LS-K1862HL.*/,Australia,Support - 일반,79
https://www.lg.com/au/support/product-support/cs-LGD380.AAUSWH/,Australia,Support - 일반,79
https://www.lg.com/au/support/product-support/cs-42LV355C.AAU/,Australia,Support - 일반,79
https://www.lg.com/au/support/product-support/cs-OLED55G46LA.ANR/,Australia,Support - 일반,79
https://www.lg.com/au/support/product-support/cs-29WL500-B.AAU/,Australia,Support - 일반,79
https://www.lg.com/au/support/product-support/cs-WX10-1412W.AGWREAP/,Australia,Support - 일반,79
https://www.lg.com/au/support/product-support/cs-GF-141SF.ASWRGAP/,Australia,Support - 일반,79
https://www.lg.com/au/support/product-support/cs-LGX230YK.ATELBNS/,Australia,Support - 일반,79
https://www.lg.com/au/support/product-support/cs-49UM5N-H.AAU/,Australia,Support - 일반,79
https://www.lg.com/au/support/product-support/cs-LWG070AC-2.AWYZLAP/,Australia,Support - 일반,79
https://www.lg.com/au/support/product-support/cs-ST-G4WR8377.AAU/,Australia,Support - 일반,79
https://www.lg.com/au/support/product-support/cs-OLED65A1PVA.ANR/,Australia,Support - 일반,79
https://www.lg.com/au/support/product-support/cs-ARNU18GM1A4.ANCSLAP/,Australia,Support - 일반,79
https://www.lg.com/au/support/product-support/cs-T12AWN-NM17.AT6GLAP/,Australia,Support - 일반,79
https://www.lg.com/au/support/product-support/cs-55SVM5F-H.AAU/,Australia,Support - 일반,79
https://www.lg.com/au/support/product-support/cs-ARNU07GSF12.ANCALAP/,Australia,Support - 일반,79
https://www.lg.com/au/support/product-support/cs-60LM6450.AAU/,Australia,Support - 일반,79
https://www.lg.com/au/support/product-support/cs-ARNU21GTQB4.ANWBASE/,Australia,Support - 일반,79
https://www.lg.com/au/support/product-support/cs-MS2548XR.CSS7LAP/,Australia,Support - 일반,79
https://www.lg.com/au/support/product-support/cs-WXLS-1014WX.AEWREAP/,Australia,Support - 일반,79
https://www.lg.com/au/support/product-support/cs-WV10-1410B.ABLREAP/,Australia,Support - 일반,79
https://www.lg.com/au/support/product-support/cs-OLED65W9PTA.AAU/,Australia,Support - 일반,79
https://www.lg.com/au/support/product-support/cs-86QNED87B6A.ANR/,Australia,Support - 일반,79
https://www.lg.com/au/support/product-support/cs-ARNU09GSEA0.AMBALAP/,Australia,Support - 일반,79
https://www.lg.com/au/support/product-support/cs-MS3446VRW.CWH7LAP/,Australia,Support - 일반,79
https://www.lg.com/au/support/product-support/cs-OLED97G4PSA.AAU/,Australia,Support - 일반,79
https://www.lg.com/au/support/product-support/cs-F700B.*/,Australia,Support - 일반,79
https://www.lg.com/au/support/product-support/cs-G1500.VDASV/,Australia,Support - 일반,79
https://www.lg.com/au/support/product-support/cs-IPS237L-BN.AAU/,Australia,Support - 일반,79
https://www.lg.com/au/support/product-support/cs-BH10LS30.AYBU10B/,Australia,Support - 일반,79
https://www.lg.com/au/support/product-support/cs-ARNU36GBGA4.ANCBASE/,Australia,Support - 일반,79
https://www.lg.com/au/support/product-support/cs-W1-DTV1A.ATV1A/,Australia,Support - 일반,79
https://www.lg.com/au/support/product-support/cs-50UQ901C0SD.AAU/,Australia,Support - 일반,79
https://www.lg.com/au/support/product-support/cs-LGT320.AVIRTL/,Australia,Support - 일반,79
https://www.lg.com/au/support/product-support/cs-45GX950A-B.AAU/,Australia,Support - 일반,79
https://www.lg.com/au/support/product-support/cs-LH-T250SC.AA2ALLA/,Australia,Support - 일반,79
https://www.lg.com/au/support/product-support/cs-LGV500.AAUSBK/,Australia,Support - 일반,79
https://www.lg.com/au/support/product-support/cs-55SM8600PTA.AAU/,Australia,Support - 일반,79
https://www.lg.com/au/support/product-support/troubleshoot/,Australia,Support - Troubleshoot,72
https://www.lg.com/au/support/product-support/troubleshoot/help-library/cs-CT52001892-20153054705114/,Australia,Support - Troubleshoot,76
https://www.lg.com/au/support/product-support/troubleshoot/help-library/cs-CT52001892-20155102966592/,Australia,Support - Troubleshoot,79
https://www.lg.com/au/support/product-support/troubleshoot/help-library/cs-CT52001891-20153293684084LST/,Australia,Support - Troubleshoot,79
https://www.lg.com/au/support/product-support/troubleshoot/help-library/cs-CT52001892-20153121331957/,Australia,Support - Troubleshoot,79
https://www.lg.com/au/support/product-support/troubleshoot/help-library/cs-CT52001891-20153207248731LST/,Australia,Support - Troubleshoot,79
https://www.lg.com/au/support/product-support/troubleshoot/help-library/cs-CT52001892-20150159861185TWW/,Australia,Support - Troubleshoot,79
https://www.lg.com/au/support/product-support/troubleshoot/help-library/cs-CT52001891-20150160195848OLT/,Australia,Support - Troubleshoot,79
https://www.lg.com/au/support/product-support/troubleshoot/help-library/cs-CT52001894-20150152748634/,Australia,Support - Troubleshoot,79
https://www.lg.com/au/support/product-support/troubleshoot/help-library/cs-CT52001893-20154710739705/,Australia,Support - Troubleshoot,79
https://www.lg.com/au/support/product-support/troubleshoot/help-library/cs-CT52001891-20153208879183/,Australia,Support - Troubleshoot,79
https://www.lg.com/au/support/product-support/troubleshoot/help-library/cs-CT52001892-20153123691186/,Australia,Support - Troubleshoot,79
https://www.lg.com/au/support/product-support/troubleshoot/help-library/cs-CT52001892-20150159861185/,Australia,Support - Troubleshoot,79
https://www.lg.com/au/support/product-support/troubleshoot/help-library/cs-CT52001892-20155102794819/,Australia,Support - Troubleshoot,79
https://www.lg.com/au/support/product-support/troubleshoot/help-library/cs-CT52001891-20153303229603/,Australia,Support - Troubleshoot,79
https://www.lg.com/au/support/product-support/troubleshoot/help-library/cs-CT52001891-20153194091674OLT/,Australia,Support - Troubleshoot,79
https://www.lg.com/au/support/product-support/troubleshoot/help-library/cs-CT52001891-20153175705947/,Australia,Support - Troubleshoot,79
https://www.lg.com/au/support/product-support/troubleshoot/help-library/cs-CT52001894-20154863200445/,Australia,Support - Troubleshoot,79
https://www.lg.com/au/support/product-support/troubleshoot/help-library/cs-CT52001892-20153147863993/,Australia,Support - Troubleshoot,79
https://www.lg.com/au/support/product-support/troubleshoot/help-library/cs-CT52001894-20153339765958/,Australia,Support - Troubleshoot,79
https://www.lg.com/au/support/product-support/troubleshoot/help-library/cs-CT52001892-20155130213807/,Australia,Support - Troubleshoot,79
https://www.lg.com/au/support/product-support/troubleshoot/help-library/cs-CT52001894-20153424570214/,Australia,Support - Troubleshoot,79
https://www.lg.com/au/support/product-support/troubleshoot/help-library/cs-CT52001891-20153287227442/,Australia,Support - Troubleshoot,79
https://www.lg.com/au/support/product-support/troubleshoot/help-library/cs-CT52001891-20154860103670/,Australia,Support - Troubleshoot,79
https://www.lg.com/au/support/product-support/troubleshoot/help-library/cs-CT52001891-20153122639240/,Australia,Support - Troubleshoot,79
https://www.lg.com/au/support/product-support/troubleshoot/help-library/cs-CT52001892-20153054700700/,Australia,Support - Troubleshoot,79
https://www.lg.com/au/support/product-support/troubleshoot/help-library/cs-CT52001891-20150162090428/,Australia,Support - Troubleshoot,79
https://www.lg.com/au/support/product-support/troubleshoot/help-library/cs-CT52001892-20153193914744ELR/,Australia,Support - Troubleshoot,79
https://www.lg.com/au/support/product-support/troubleshoot/help-library/cs-CT52001891-20154860403890/,Australia,Support - Troubleshoot,79
https://www.lg.com/au/support/product-support/troubleshoot/help-library/cs-CT52001891-20153551757766LST/,Australia,Support - Troubleshoot,79
https://www.lg.com/au/support/product-support/troubleshoot/help-library/cs-CT52001894-20154860308228/,Australia,Support - Troubleshoot,79
https://www.lg.com/au/support/product-support/troubleshoot/help-library/cs-CT52001891-1425987947495LST/,Australia,Support - Troubleshoot,79
https://www.lg.com/au/support/product-support/troubleshoot/help-library/cs-CT52001891-20154860349744/,Australia,Support - Troubleshoot,79
https://www.lg.com/au/support/product-support/troubleshoot/help-library/cs-CT32010282-20151536754533/,Australia,Support - Troubleshoot,79
https://www.lg.com/au/support/product-support/troubleshoot/help-library/cs-CT32010282-20153185256082/,Australia,Support - Troubleshoot,79
https://www.lg.com/au/support/product-support/troubleshoot/help-library/cs-CT52001891-20153290825789OLT/,Australia,Support - Troubleshoot,79
https://www.lg.com/au/support/product-support/troubleshoot/help-library/cs-CT52001894-20155091574871/,Australia,Support - Troubleshoot,79
https://www.lg.com/au/support/product-support/troubleshoot/help-library/cs-CT52008056-20150162469173/,Australia,Support - Troubleshoot,79
https://www.lg.com/au/support/product-support/troubleshoot/help-library/cs-CT52001891-20150162467277/,Australia,Support - Troubleshoot,79
https://www.lg.com/au/support/product-support/troubleshoot/help-library/cs-CT20088076-20154613153974/,Australia,Support - Troubleshoot,79
https://www.lg.com/au/support/product-support/troubleshoot/help-library/cs-CT52001894-20150152747568/,Australia,Support - Troubleshoot,79
https://www.lg.com/au/support/product-support/troubleshoot/help-library/cs-CT52001891-20150155133503/,Australia,Support - Troubleshoot,79
https://www.lg.com/au/support/product-support/troubleshoot/help-library/cs-CT52001892-20152904968250/,Australia,Support - Troubleshoot,79
https://www.lg.com/au/support/product-support/troubleshoot/help-library/cs-CT52001891-20153290407894/,Australia,Support - Troubleshoot,79
https://www.lg.com/au/support/product-support/troubleshoot/help-library/cs-CT52001892-20153062736240/,Australia,Support - Troubleshoot,79
https://www.lg.com/au/support/product-support/troubleshoot/help-library/cs-CT52001891-20154860308740/,Australia,Support - Troubleshoot,79
https://www.lg.com/au/support/product-support/troubleshoot/help-library/cs-CT32010282-20154861674804/,Australia,Support - Troubleshoot,79
https://www.lg.com/au/support/product-support/troubleshoot/help-library/cs-CT52001893-20154612924558/,Australia,Support - Troubleshoot,79
https://www.lg.com/au/support/product-support/troubleshoot/help-library/cs-CT52001892-20153066407067TWW/,Australia,Support - Troubleshoot,79
https://www.lg.com/au/support/product-support/troubleshoot/help-library/cs-CT52001894-20153424543987/,Australia,Support - Troubleshoot,79
https://www.lg.com/au/support/product-support/troubleshoot/help-library/cs-CT52001892-20153121297970/,Australia,Support - Troubleshoot,79
https://www.lg.com/au/support/product-support/troubleshoot/help-library/cs-CT32010282-20153183582634/,Australia,Support - Troubleshoot,79
https://www.lg.com/au/support/product-support/troubleshoot/help-library/cs-CT52001894-20150154745934/,Australia,Support - Troubleshoot,79
https://www.lg.com/au/support/product-support/troubleshoot/help-library/cs-CT52001891-20153174119457/,Australia,Support - Troubleshoot,79
https://www.lg.com/au/support/product-support/troubleshoot/help-library/cs-CT52001892-20153123687574/,Australia,Support - Troubleshoot,79
https://www.lg.com/au/support/product-support/troubleshoot/help-library/cs-CT52001892-20152593581371/,Australia,Support - Troubleshoot,79
https://www.lg.com/au/support/product-support/troubleshoot/help-library/cs-CT52001894-20153192451611/,Australia,Support - Troubleshoot,79
https://www.lg.com/au/support/product-support/troubleshoot/help-library/cs-CT20088076-20154863438892/,Australia,Support - Troubleshoot,79
https://www.lg.com/au/support/product-support/troubleshoot/help-library/cs-CT52001894-20153292356409/,Australia,Support - Troubleshoot,79
https://www.lg.com/au/support/product-support/troubleshoot/help-library/cs-CT52001891-20153290390648OLT/,Australia,Support - Troubleshoot,79
https://www.lg.com/au/support/product-support/troubleshoot/help-library/cs-CT52001892-20155027706084/,Australia,Support - Troubleshoot,79
https://www.lg.com/au/support/product-support/troubleshoot/help-library/cs-CT32010282-20153819321979/,Australia,Support - Troubleshoot,79
https://www.lg.com/au/support/product-support/troubleshoot/help-library/cs-CT52001894-20155104837507/,Australia,Support - Troubleshoot,79
https://www.lg.com/au/support/product-support/troubleshoot/help-library/cs-CT32010282-20153187941978/,Australia,Support - Troubleshoot,79
https://www.lg.com/au/support/product-support/troubleshoot/help-library/cs-CT52001894-20153292372862/,Australia,Support - Troubleshoot,79
https://www.lg.com/au/support/product-support/troubleshoot/help-library/cs-CT52001892-20151290077702/,Australia,Support - Troubleshoot,79
https://www.lg.com/au/support/product-support/troubleshoot/help-library/cs-CT52001891-20150160180373OLT/,Australia,Support - Troubleshoot,79
https://www.lg.com/au/support/product-support/troubleshoot/help-library/cs-CT52001891-20154710939950/,Australia,Support - Troubleshoot,79
https://www.lg.com/au/support/product-support/troubleshoot/help-library/cs-CT52001891-20153300156095/,Australia,Support - Troubleshoot,79
https://www.lg.com/au/support/product-support/troubleshoot/help-library/cs-CT52001894-20154860021367/,Australia,Support - Troubleshoot,79
https://www.lg.com/au/support/product-support/troubleshoot/help-library/cs-CT52001891-20153109222828/,Australia,Support - Troubleshoot,79
https://www.lg.com/au/support/product-support/troubleshoot/help-library/cs-CT52001891-20153110680719/,Australia,Support - Troubleshoot,79
https://www.lg.com/au/support/product-support/troubleshoot/help-library/cs-CT52001891-20153300166142/,Australia,Support - Troubleshoot,79
https://www.lg.com/au/support/product-support/troubleshoot/help-library/cs-CT52001893-20154612924689/,Australia,Support - Troubleshoot,79
https://www.lg.com/au/support/product-support/troubleshoot/help-library/cs-CT52001893-20154612924556/,Australia,Support - Troubleshoot,79
https://www.lg.com/au/support/product-support/troubleshoot/help-library/cs-CT52001892-20152500920023/,Australia,Support - Troubleshoot,79
https://www.lg.com/au/support/product-support/troubleshoot/help-library/cs-CT32010282-20153185261113/,Australia,Support - Troubleshoot,79
https://www.lg.com/au/support/product-support/troubleshoot/help-library/cs-CT52001891-20154861715057/,Australia,Support - Troubleshoot,79
https://www.lg.com/au/support/product-support/troubleshoot/help-library/cs-CT52001891-20153207342525/,Australia,Support - Troubleshoot,79
https://www.lg.com/au/support/product-support/troubleshoot/help-library/cs-CT52001891-20154860326851/,Australia,Support - Troubleshoot,79
https://www.lg.com/au/support/product-support/troubleshoot/help-library/cs-CT32010282-20151536747806/,Australia,Support - Troubleshoot,79
https://www.lg.com/au/support/product-support/troubleshoot/help-library/cs-CT52001894-20154862034944/,Australia,Support - Troubleshoot,79
https://www.lg.com/au/support/product-support/troubleshoot/help-library/cs-CT52001892-20150235386515/,Australia,Support - Troubleshoot,79
https://www.lg.com/au/support/product-support/troubleshoot/help-library/cs-CT52001891-20154860392442/,Australia,Support - Troubleshoot,79
https://www.lg.com/au/support/product-support/troubleshoot/help-library/cs-CT52001892-20152228079581/,Australia,Support - Troubleshoot,79
https://www.lg.com/au/support/product-support/troubleshoot/help-library/cs-CT52001892-20153109511931/,Australia,Support - Troubleshoot,79
https://www.lg.com/au/support/product-support/troubleshoot/help-library/cs-CT52001892-20155101717167/,Australia,Support - Troubleshoot,79
https://www.lg.com/au/support/product-support/troubleshoot/help-library/cs-CT52001892-20154710932315/,Australia,Support - Troubleshoot,79
https://www.lg.com/au/support/product-support/troubleshoot/help-library/cs-CT52001891-20153130464833OLT/,Australia,Support - Troubleshoot,79
https://www.lg.com/au/support/product-support/troubleshoot/help-library/cs-CT32010282-20154861736210/,Australia,Support - Troubleshoot,79
https://www.lg.com/au/support/product-support/troubleshoot/help-library/cs-CT52001891-20153123685708LST/,Australia,Support - Troubleshoot,79
https://www.lg.com/au/support/product-support/troubleshoot/help-library/cs-CT52001891-20153290390648LST/,Australia,Support - Troubleshoot,79
https://www.lg.com/au/support/product-support/troubleshoot/help-library/cs-CT52001891-20153454569725/,Australia,Support - Troubleshoot,79
https://www.lg.com/au/support/product-support/troubleshoot/help-library/cs-CT52001892-20153067157379TWW/,Australia,Support - Troubleshoot,79
https://www.lg.com/au/support/product-support/troubleshoot/help-library/cs-CT20088076-20154863439341/,Australia,Support - Troubleshoot,79
https://www.lg.com/au/support/product-support/troubleshoot/help-library/cs-CT52001891-1425041305046OLT/,Australia,Support - Troubleshoot,79
https://www.lg.com/au/support/product-support/troubleshoot/help-library/cs-CT52001893-20154292859008/,Australia,Support - Troubleshoot,79
https://www.lg.com/au/support/product-support/troubleshoot/help-library/cs-CT52001891-20150161595649/,Australia,Support - Troubleshoot,79
https://www.lg.com/au/support/product-support/troubleshoot/help-library/cs-CT52001891-1428560414400OLT/,Australia,Support - Troubleshoot,79
https://www.lg.com/au/support/product-support/troubleshoot/help-library/cs-CT52001892-20153054806482/,Australia,Support - Troubleshoot,79
https://www.lg.com/br/sobre-a-lg/,Brazil,Global Newsroom,76
https://www.lg.com/br/sobre-a-lg/our-brand/,Brazil,Microsite,77
https://www.lg.com/br/sobre-a-lg/sustentabilidade/,Brazil,Global Newsroom,76
https://www.lg.com/br/sobre-a-lg/sustentabilidade/,Brazil,Global Newsroom,76
https://www.lg.com/br/sobre-a-lg/trabalhe-conosco/,Brazil,Global Newsroom,76
https://www.lg.com/br/sobre-a-lg/trabalhe-conosco/,Brazil,Global Newsroom,76
https://www.lg.com/br/sobre-a-lg/our-brand/index/,Brazil,Global Newsroom,76
https://www.lg.com/br/sobre-a-lg/media-center/,Brazil,Global Newsroom,79
https://www.lg.com/br/sobre-a-lg/contatos-imprensa/,Brazil,Global Newsroom,76
https://www.lg.com/br/sobre-a-lg/,Brazil,Global Newsroom,76
https://www.lg.com/br/sobre-a-lg/politica-ambiental/,Brazil,Global Newsroom,79
https://www.lg.com/br/sobre-a-lg/index/,Brazil,Global Newsroom,79
https://www.lg.com/br/sobre-a-lg/politica-ambiental/index/,Brazil,Global Newsroom,76
https://www.lg.com/br/home-appliances/buying-guide/fridge-freezer/type/,Brazil,구매 가이드,81
https://www.lg.com/br/home-appliances/buying-guide/fridge-freezer/feature-performance/,Brazil,구매 가이드,81
https://www.lg.com/br/home-appliances/buying-guide/washing-machine/type/,Brazil,구매 가이드,84
https://www.lg.com/br/home-appliances/buying-guide/washing-machine/feature-performance/,Brazil,구매 가이드,78
https://www.lg.com/br/home-appliances/buying-guide/washing-machine/size-capacity/,Brazil,구매 가이드,84
https://www.lg.com/br/home-appliances/buying-guide/fridge-freezer/size-volume/,Brazil,구매 가이드,84
https://www.lg.com/br/buying-guides/laundry-spec-library/,Brazil,구매 가이드,75
https://www.lg.com/br/home-appliances/buying-guide/,Brazil,구매 가이드,74
https://www.lg.com/br/tvs-e-soundbars/tv-buying-guide/,Brazil,구매 가이드,77
https://www.lg.com/br/tvs-e-soundbars/tv-buying-guide/tv-size/,Brazil,구매 가이드,69
https://www.lg.com/br/tvs-e-soundbars/tv-buying-guide/sport-tv/,Brazil,구매 가이드,69
https://www.lg.com/br/lg-experience/dicas-uteis/como-usar-lava-louca/,Brazil,LG Experience,77
https://www.lg.com/br/buying-guides/refrigerator-spec-library/,Brazil,구매 가이드,72
https://www.lg.com/br/tvs-e-soundbars/tv-buying-guide/home-cinema/,Brazil,구매 가이드,66
https://www.lg.com/br/tvs-e-soundbars/tv-buying-guide/tv-technology/oled-vs-qned/,Brazil,구매 가이드,69
https://www.lg.com/br/tvs-e-soundbars/tv-buying-guide/what-is-a-smart-tv-ai-tv/,Brazil,구매 가이드,71
https://www.lg.com/br/tvs-e-soundbars/tv-buying-guide/tv-design/,Brazil,구매 가이드,66
https://www.lg.com/br/tvs-e-soundbars/tv-buying-guide/lifestyle/,Brazil,구매 가이드,66
https://www.lg.com/br/buying-guides/monitor-lineup-guide/,Brazil,구매 가이드,77
https://www.lg.com/br/buying-guides/monitor-spec-library/,Brazil,구매 가이드,72
https://www.lg.com/br/buying-guides/tv-lineup-guide/,Brazil,구매 가이드,81
https://www.lg.com/br/buying-guides/tv-spec-library/,Brazil,구매 가이드,75
https://www.lg.com/br/tv/2022/buying-guide/,Brazil,구매 가이드,71
https://www.lg.com/br/televisores-e-colunas-de-som/2022/buying-guide/,Brazil,구매 가이드,74
https://www.lg.com/br/tvs-e-soundbars/tv-buying-guide/tv-technology/what-is-4k-tv/,Brazil,구매 가이드,72
https://www.lg.com/br/tvs-e-soundbars/tv-buying-guide/gaming-tv/,Brazil,구매 가이드,66
https://www.lg.com/br/lg-experience/dicas-uteis/monitores-smart/,Brazil,LG Experience,77
https://www.lg.com/br/lg-experience/dicas-uteis/diferenca-tvs-qned-oled/,Brazil,LG Experience,77
https://www.lg.com/br/lg-experience/dicas-uteis/secadora-bomba-calor-ou-condensacao/,Brazil,LG Experience,73
https://www.lg.com/br/lg-experience/laboratorio-lg/o-que-sao-smart-tvs/,Brazil,LG Experience,73
https://www.lg.com/br/lg-experience/dicas-uteis/verdade-sobre-capacidade-lavadoras/,Brazil,LG Experience,80
https://www.lg.com/br/lg-experience/dicas-uteis/como-manter-alimentos-frescos/,Brazil,LG Experience,77
https://www.lg.com/br/lg-experience/laboratorio-lg/melhores-soundbars-lg-para-voce/,Brazil,LG Experience,80
https://www.lg.com/br/lg-experience/dicas-uteis/tv-lg-ideal-para-voce/,Brazil,LG Experience,80
https://www.lg.com/br/lg-experience/dicas-uteis/o-que-kimchi-como-armazenar/,Brazil,LG Experience,77
https://www.lg.com/br/lg-experience/dicas-uteis/multitarefa-com-dois-monitores/,Brazil,LG Experience,77
https://www.lg.com/br/lg-experience/dicas-uteis/tv-ia-melhora-som-imagem/,Brazil,LG Experience,77
https://www.lg.com/br/lg-experience/inspiracao/11-anos-da-lg-oled/,Brazil,LG Experience,77
https://www.lg.com/br/lg-experience/laboratorio-lg/como-usar-controle-smart-magic/,Brazil,LG Experience,77
https://www.lg.com/br/lg-experience/laboratorio-lg/manual-webos/,Brazil,LG Experience,77
https://www.lg.com/br/lg-experience/dicas-uteis/guia-ciberseguranca-notebook/,Brazil,LG Experience,77
https://www.lg.com/br/lg-experience/dicas-uteis/bomba-calor/,Brazil,LG Experience,73
https://www.lg.com/br/lg-experience/guia-compras/como-escolher-projetor/,Brazil,LG Experience,70
https://www.lg.com/br/lg-experience/laboratorio-lg/soundbars-para-tvs-lg/,Brazil,LG Experience,77
https://www.lg.com/br/lg-experience/dicas-uteis/monitor-curvo-melhor/,Brazil,LG Experience,73
https://www.lg.com/br/lg-experience/dicas-uteis/como-medir-tamanhos-de-tv/,Brazil,LG Experience,80
https://www.lg.com/br/lg-experience/dicas-uteis/guia-tamanhos-monitor-gamer/,Brazil,LG Experience,73
https://www.lg.com/br/lg-experience/dicas-uteis/dicas-cuidado-lavagem-roupas-lg-styler/,Brazil,LG Experience,73
https://www.lg.com/br/lg-experience/inspiracao/design-tvs-modernas/,Brazil,LG Experience,77
https://www.lg.com/br/lg-experience/dicas-uteis/como-limpar-sua-lava-loucas/,Brazil,LG Experience,77
https://www.lg.com/br/lg-experience/laboratorio-lg/soundbar-ideal-para-voce-lg/,Brazil,LG Experience,77
https://www.lg.com/br/lg-experience/guia-compras/monitores-baratos/,Brazil,LG Experience,73
https://www.lg.com/br/lg-experience/dicas-uteis/como-limpar-sua-geladeira/,Brazil,LG Experience,77
https://www.lg.com/br/lg-experience/inspiracao/lavagens-eficientes-ia-lg/,Brazil,LG Experience,77
https://www.lg.com/br/lg-experience/dicas-uteis/melhor-notebook-produtividade-ia/,Brazil,LG Experience,73
https://www.lg.com/br/lg-experience/dicas-uteis/escolher-lavadora-abertura-frontal-superior/,Brazil,LG Experience,80
https://www.lg.com/br/lg-experience/dicas-uteis/lava-seca-inteligente-wifi-ia/,Brazil,LG Experience,77
https://www.lg.com/br/lg-experience/inspiracao/automacao-residencial-casa-inteligente/,Brazil,LG Experience,80
https://www.lg.com/br/lg-experience/inspiracao/presentes-tecnologicos-para-mulheres/,Brazil,LG Experience,77
https://www.lg.com/br/lg-experience/inspiracao/mudancas-tecnologia/,Brazil,LG Experience,73
https://www.lg.com/br/lg-experience/inspiracao/melhor-notebook-para-escritores/,Brazil,LG Experience,80
https://www.lg.com/br/lg-experience/inspiracao/automacao-residencial-thinq/,Brazil,LG Experience,77
https://www.lg.com/br/lg-experience/dicas-uteis/bateria-notebook/,Brazil,LG Experience,80
https://www.lg.com/br/lg-experience/inspiracao/itens-essenciais-viagem/,Brazil,LG Experience,73
https://www.lg.com/br/lg-experience/dicas-uteis/presentes-tecnologicos-para-homens/,Brazil,LG Experience,77
https://www.lg.com/br/lg-experience/dicas-uteis/ideias-para-salas-pequenas/,Brazil,LG Experience,80
https://www.lg.com/br/lg-experience/#inspiracao,Brazil,LG Experience,80
https://www.lg.com/br/lg-experience/#dicas-uteis,Brazil,LG Experience,80
https://www.lg.com/br/lg-experience/guia-compras/monitores-baratos/,Brazil,LG Experience,73
https://www.lg.com/br/lg-experience/caixa-de-som-para-festa/,Brazil,LG Experience,80
https://www.lg.com/br/lg-experience/guia-compras/como-escolher-projetor/,Brazil,LG Experience,70
https://www.lg.com/br/lg-experience/laboratorio-lg/o-que-sao-smart-tvs/,Brazil,LG Experience,73
https://www.lg.com/br/lg-experience/o-que-e-uma-tv-4k/,Brazil,LG Experience,77
https://www.lg.com/br/lg-experience/,Brazil,LG Experience,80
https://www.lg.com/br/lg-experience/nossas-historias/historia-das-geladeiras/,Brazil,LG Experience,77
https://www.lg.com/br/lg-experience/nossas-historias/historia-das-geladeiras/,Brazil,LG Experience,77
https://www.lg.com/br/lg-experience/dicas-uteis/como-medir-tamanhos-de-tv/,Brazil,LG Experience,80
https://www.lg.com/br/lg-experience/inspiracao/area-de-lazer-quarto-gamer/,Brazil,LG Experience,77
https://www.lg.com/br/lg-experience/inspiracao/cinema-em-familia-com-tv-lg/,Brazil,LG Experience,80
https://www.lg.com/br/lg-experience/dicas-uteis/aspirador-vertical-ou-robo/,Brazil,LG Experience,73
https://www.lg.com/br/lg-experience/dicas-uteis/dicas-e-ideias-para-espacos-gamer/,Brazil,LG Experience,80
https://www.lg.com/br/lg-experience/inspiracao/home-office-lg-trabalho-remoto/,Brazil,LG Experience,80
https://www.lg.com/br/lg-experience/inspiracao/dispositivos-lg-para-acampamento/,Brazil,LG Experience,80
https://www.lg.com/br/lg-experience/dicas-uteis/guia-compra-notebook/,Brazil,LG Experience,77
https://www.lg.com/br/lg-experience/dicas-uteis/como-manter-ar-condicionado-limpo/,Brazil,LG Experience,77
https://www.lg.com/br/lg-experience/laboratorio-lg/,Brazil,LG Experience,67
https://www.lg.com/br/lg-experience/laboratorio-lg/como-usar-controle-smart-magic/,Brazil,LG Experience,77
https://www.lg.com/br/lg-experience/dicas-uteis/como-usar-lava-louca/,Brazil,LG Experience,77
https://www.lg.com/br/lg-experience/dicas-uteis/guia-tamanhos-monitor-gamer/,Brazil,LG Experience,73
https://www.lg.com/br/lg-experience/dicas-uteis/dicas-cuidado-lavagem-roupas-lg-styler/,Brazil,LG Experience,73
https://www.lg.com/br/lg-experience/dicas-uteis/como-medir-tamanhos-de-tv/,Brazil,LG Experience,80
https://www.lg.com/br/lg-experience/laboratorio-lg/soundbar-ideal-para-voce-lg/,Brazil,LG Experience,77
https://www.lg.com/br/lg-experience/dicas-uteis/monitores-smart/,Brazil,LG Experience,77
https://www.lg.com/br/lg-experience/laboratorio-lg/manual-webos/,Brazil,LG Experience,77
https://www.lg.com/br/lg-experience/dicas-uteis/verdade-sobre-capacidade-lavadoras/,Brazil,LG Experience,80
https://www.lg.com/br/lg-experience/laboratorio-lg/soundbars-para-tvs-lg/,Brazil,LG Experience,77
https://www.lg.com/br/lg-experience/dicas-uteis/diferenca-tvs-qned-oled/,Brazil,LG Experience,77
https://www.lg.com/br/lg-experience/dicas-uteis/secadora-bomba-calor-ou-condensacao/,Brazil,LG Experience,73
https://www.lg.com/br/lg-experience/dicas-uteis/como-limpar-sua-lava-loucas/,Brazil,LG Experience,77
https://www.lg.com/br/lg-experience/dicas-uteis/tv-ia-melhora-som-imagem/,Brazil,LG Experience,77
https://www.lg.com/br/lg-experience/dicas-uteis/lava-seca-inteligente-wifi-ia/,Brazil,LG Experience,77
https://www.lg.com/br/lg-experience/dicas-uteis/multitarefa-com-dois-monitores/,Brazil,LG Experience,77
https://www.lg.com/br/lg-experience/dicas-uteis/guia-ciberseguranca-notebook/,Brazil,LG Experience,77
https://www.lg.com/br/lg-experience/dicas-uteis/,Brazil,LG Experience,67
https://www.lg.com/br/lg-experience/dicas-uteis/escolher-lavadora-abertura-frontal-superior/,Brazil,LG Experience,80
https://www.lg.com/br/lg-experience/dicas-uteis/presentes-tecnologicos-para-homens/,Brazil,LG Experience,77
https://www.lg.com/br/lg-experience/dicas-uteis/bomba-calor/,Brazil,LG Experience,73
https://www.lg.com/br/lg-experience/dicas-uteis/melhor-notebook-produtividade-ia/,Brazil,LG Experience,73
https://www.lg.com/br/lg-experience/dicas-uteis/bateria-notebook/,Brazil,LG Experience,80
https://www.lg.com/br/lg-experience/dicas-uteis/monitor-curvo-melhor/,Brazil,LG Experience,73
https://www.lg.com/br/lg-experience/dicas-uteis/como-limpar-sua-geladeira/,Brazil,LG Experience,77
https://www.lg.com/br/lg-experience/dicas-uteis/guia-vinhos-para-iniciantes/,Brazil,LG Experience,77
https://www.lg.com/br/lg-experience/dicas-uteis/guia-compra-notebook/,Brazil,LG Experience,77
https://www.lg.com/br/qr-code/top-freezer/b392pxgb/,Brazil,Microsite,70
https://www.lg.com/br/qr-code/top-freezer/b452pffq/,Brazil,Microsite,67
https://www.lg.com/br/qr-code/top-gun/wd16wnt/,Brazil,Microsite,70
https://www.lg.com/br/qr-code/top-gun/,Brazil,Microsite,73
https://www.lg.com/br/lg-thinq/magazine/how-to-make-sure-your-home-is-ready-for-summer/,Brazil,Microsite,77
https://www.lg.com/br/lg-experience/inspiracao/11-anos-da-lg-oled/,Brazil,LG Experience,77
https://www.lg.com/br/qr-code/top-gun/wd18gnt/,Brazil,Microsite,70
https://www.lg.com/br/lg-experience/inspiracao/design-tvs-modernas/,Brazil,LG Experience,77
https://www.lg.com/br/lg-experience/inspiracao/lavagens-eficientes-ia-lg/,Brazil,LG Experience,77
https://www.lg.com/br/lg-experience/inspiracao/itens-essenciais-viagem/,Brazil,LG Experience,73
https://www.lg.com/br/lg-experience/dicas-uteis/tv-lg-ideal-para-voce/,Brazil,LG Experience,80
https://www.lg.com/br/lg-experience/dicas-uteis/aspirador-vertical-ou-robo/,Brazil,LG Experience,73
https://www.lg.com/br/qr-code/top-freezer/b372pqw2/,Brazil,Microsite,67
https://www.lg.com/br/qr-code/top-freezer/b372pfmb/,Brazil,Microsite,70
https://www.lg.com/br/lg-experience/dicas-uteis/dicas-e-ideias-para-espacos-gamer/,Brazil,LG Experience,80
https://www.lg.com/br/lg-experience/dicas-uteis/ideias-para-salas-pequenas/,Brazil,LG Experience,80
https://www.lg.com/br/lg-experience/laboratorio-lg/melhores-soundbars-lg-para-voce/,Brazil,LG Experience,80
https://www.lg.com/br/lg-experience/dicas-uteis/como-manter-alimentos-frescos/,Brazil,LG Experience,77
https://www.lg.com/br/lg-experience/dicas-uteis/o-que-kimchi-como-armazenar/,Brazil,LG Experience,77
https://www.lg.com/br/qr-code/top-freezer/,Brazil,Microsite,67
https://www.lg.com/br/sobre-a-lg/press-media/,Brazil,Global Newsroom,83
https://www.lg.com/br/tvs-e-soundbars/why-qned-evo/,Brazil,Microsite,71
https://www.lg.com/br/sobre-a-lg/press-media/por-que-o-cassete-1-via/,Brazil,Global Newsroom,86
https://www.lg.com/br/sobre-a-lg/press-media/tv-lg-quando-vale-a-pena-trocar-sua-tv/,Brazil,Global Newsroom,83
https://www.lg.com/br/qr-code/top-freezer-gn-b392pxg/,Brazil,Microsite,68
https://www.lg.com/br/sobre-a-lg/press-media/o-que-e-qned-e-qned-evo/,Brazil,Global Newsroom,83
https://www.lg.com/br/sobre-a-lg/press-media/monitores-medicos-lg-tecnologia-que-aumenta-a-precisao/,Brazil,Global Newsroom,86
https://www.lg.com/br/sobre-a-lg/press-media/lg-xboom-por-que-se-tornaram-protagonistas-das-festas-no-brasil/,Brazil,Global Newsroom,83
https://www.lg.com/br/qr-code/top-freezer-gn-b392pqd/,Brazil,Microsite,68
https://www.lg.com/br/sobre-a-lg/press-media/o-que-e-aidd-nas-lava-e-secas-lg/,Brazil,Global Newsroom,79
https://www.lg.com/br/sobre-a-lg/press-media/hdr-em-monitores-o-que-e-por-que-essa-tecnologia-melhora-a-imagem/,Brazil,Global Newsroom,79
https://www.lg.com/br/sobre-a-lg/press-media/como-escolher-caixa-de-som-para-ambientes-internos/,Brazil,Global Newsroom,83
https://www.lg.com/br/sobre-a-lg/press-media/como-escolher-o-display-profissional-ideal-para-cada-tipo-de-negocio/,Brazil,Global Newsroom,83
https://www.lg.com/br/qr-code/top-freezer-gn-b392plm/,Brazil,Microsite,63
https://www.lg.com/br/sobre-a-lg/press-media/por-que-o-audio-e-o-proximo-passo-para-evoluir-sua-experiencia-com-a-tv/,Brazil,Global Newsroom,83
https://www.lg.com/br/sobre-a-lg/press-media/climatizacao-de-ambientes-grandes-como-escolher-o-ar-condicionado-ideal/,Brazil,Global Newsroom,83
https://www.lg.com/br/sobre-a-lg/press-media/quarto-multifuncional/,Brazil,Global Newsroom,83
https://www.lg.com/br/sobre-a-lg/press-media/lg-procentric-cloud-hotelaria/,Brazil,Global Newsroom,83
https://www.lg.com/br/televisores-e-colunas-de-som/qned/2022/why-lg-qned-old/,Brazil,Microsite,74
https://www.lg.com/br/sobre-a-lg/press-media/como-funciona-a-tecnologia-lg-ai-dd-e-por-que-ela-ajuda/,Brazil,Global Newsroom,83
https://www.lg.com/br/sobre-a-lg/press-media/smart-monitor-lg-produtividade-e-entretenimento-em-um-unico-monitor-inteligente/,Brazil,Global Newsroom,83
https://www.lg.com/br/sobre-a-lg/press-media/lava-e-seca-lg-o-que-funciona-e-o-que-e-mito-na-lavagem-e-secagem-de-roupas/,Brazil,Global Newsroom,86
https://www.lg.com/br/sobre-a-lg/press-media/o-que-e-qned-e-por-que-a-tecnologia-das-tvs-lg-entrega-brilho-superior/,Brazil,Global Newsroom,83
https://www.lg.com/br/sobre-a-lg/press-media/da-sala-de-reuniao-ao-varejo-como-a-climatizacao-comercial/,Brazil,Global Newsroom,83
https://www.lg.com/br/sobre-a-lg/press-media/tv-lg-na-ces-2026/,Brazil,Global Newsroom,83
https://www.lg.com/br/sobre-a-lg/press-media/lifes-good-tecnologia-gestao-de-tempo-bem-estar/,Brazil,Global Newsroom,83
https://www.lg.com/br/sobre-a-lg/press-media/geladeira-lg-erros-comuns-que-diminuem-a-vida-util-e-como-evitar/,Brazil,Global Newsroom,79
https://www.lg.com/br/sobre-a-lg/press-media/cozinha-planejada-como-escolher-geladeira-e-micro-ondas/,Brazil,Global Newsroom,83
https://www.lg.com/br/sobre-a-lg/press-media/lg-ultragear-45/,Brazil,Global Newsroom,86
https://www.lg.com/br/sobre-a-lg/press-media/lg-xboom-ces-2026-bluetooth-ai-sound-karaoke-som-adaptativo/,Brazil,Global Newsroom,83
https://www.lg.com/br/sobre-a-lg/press-media/tv-oled-lg-a-evolucao-dos-paineis-oled/,Brazil,Global Newsroom,83
https://www.lg.com/br/sobre-a-lg/press-media/geladeira-lg-como-conservar-frutas-verduras-e-carnes-por-mais-tempo/,Brazil,Global Newsroom,83
https://www.lg.com/br/sobre-a-lg/press-media/caixa-de-som-para-carnaval/,Brazil,Global Newsroom,83
https://www.lg.com/br/sobre-a-lg/press-media/como-a-tecnologia-pode-ajudar-a-desacelerar-a-rotina/,Brazil,Global Newsroom,83
https://www.lg.com/br/sobre-a-lg/press-media/lg-ultragear-o-que-um-monitor-gamer-precisa-ter/,Brazil,Global Newsroom,83
https://www.lg.com/br/sobre-a-lg/press-media/como-gastar-menos-energia-utilizando-a-maquina-de-lavar-da-lg/,Brazil,Global Newsroom,83
https://www.lg.com/br/sobre-a-lg/press-media/tvs-lg-para-esportes-e-games/,Brazil,Global Newsroom,83
https://www.lg.com/br/sobre-a-lg/press-media/porque-escolher-lg-magnit-para-paineis-de-led/,Brazil,Global Newsroom,83
https://www.lg.com/br/sobre-a-lg/press-media/como-reduzir-o-desperdicio-de-alimentos-geladeira-inteligente-lg/,Brazil,Global Newsroom,76
https://www.lg.com/br/sobre-a-lg/press-media/como-escolher-a-tv-ideal-para-filmes/,Brazil,Global Newsroom,83
https://www.lg.com/br/sobre-a-lg/press-media/a-nova-era-do-lg-webos/,Brazil,Global Newsroom,83
https://www.lg.com/br/sobre-a-lg/press-media/lg-ultragear-o-que-um-monitor-gamer-precisa-ter-para-conquistar-o-publico-que-joga/,Brazil,Global Newsroom,83
https://www.lg.com/br/sobre-a-lg/press-media/guia-de-compra-projetores-portateis/,Brazil,Global Newsroom,86
https://www.lg.com/br/sobre-a-lg/press-media/como-alcancar-a-produtividade-maxima-com-um-monitor-ultrawide-lg/,Brazil,Global Newsroom,79
https://www.lg.com/br/sobre-a-lg/press-media/o-que-e-qned/,Brazil,Global Newsroom,83
https://www.lg.com/br/sobre-a-lg/press-media/da-sala-de-reuniao-ao-varejo/,Brazil,Global Newsroom,79
https://www.lg.com/br/sobre-a-lg/press-media/como-funciona-a-tecnologia-lg-ai-dd/,Brazil,Global Newsroom,83
https://www.lg.com/br/sobre-a-lg/press-media/smart-monitor-lg-produtividade-e-entretenimento/,Brazil,Global Newsroom,83
https://www.lg.com/br/sobre-a-lg/press-media/sistemas-de-ar-condicionado-comercial/,Brazil,Global Newsroom,83
https://www.lg.com/br/sobre-a-lg/press-media/lg-thinq-o-que-e-e-como-a-casa-inteligente-lg-facilita-a-rotina/,Brazil,Global Newsroom,79
https://www.lg.com/br/sobre-a-lg/press-media/ar-condicionado-lg-dual-inverter-motor-inverter-garante-mais-conforto/,Brazil,Global Newsroom,86
https://www.lg.com/br/sobre-a-lg/press-media/as-tecnologias-de-ar-condicionado-da-lg0/,Brazil,Global Newsroom,86
https://www.lg.com/br/sobre-a-lg/press-media/lg-dual-inverter-ai-air-quando-a-climatizacao-aprende-com-voce/,Brazil,Global Newsroom,76
https://www.lg.com/br/sobre-a-lg/press-media/como-o-ar-condicionado-deixou-de-ser-o-vilao-da-conta-de-luz/,Brazil,Global Newsroom,86
https://www.lg.com/br/sobre-a-lg/press-media/temperatura-ideal-do-ar-condicionado-no-ano-novo-boas-praticas-para-casas-cheias/,Brazil,Global Newsroom,76
https://www.lg.com/br/sobre-a-lg/press-media/como-funciona-o-motor-inverter/,Brazil,Global Newsroom,83
https://www.lg.com/br/sobre-a-lg/press-media/lava-e-seca-lg-guia-completo/,Brazil,Global Newsroom,79
https://www.lg.com/br/sobre-a-lg/press-media/como-calcular-btus-por-m-e-escolher-o-ar-condicionado-ideal/,Brazil,Global Newsroom,76
https://www.lg.com/br/sobre-a-lg/press-media/micro-ondas-alem-do-esquentar/,Brazil,Global Newsroom,79
https://www.lg.com/br/sobre-a-lg/press-media/lg-apresenta-robo-domestico/,Brazil,Global Newsroom,79
https://www.lg.com/br/sobre-a-lg/press-media/como-calcular-a-potencia-ideal-do-ar-condicionado/,Brazil,Global Newsroom,79
https://www.lg.com/br/sobre-a-lg/press-media/meta-do-ano-novo/,Brazil,Global Newsroom,76
https://www.lg.com/br/sobre-a-lg/press-media/lg-leva-solucoes-hvac-a-ahr-expo-2026/,Brazil,Global Newsroom,79
https://www.lg.com/br/sobre-a-lg/press-media/geladeira-duplex-vale-a-pena/,Brazil,Global Newsroom,79
https://www.lg.com/br/sobre-a-lg/press-media/como-escolher-a-melhor-tv-para-esportes/,Brazil,Global Newsroom,76
https://www.lg.com/br/sobre-a-lg/press-media/ar-condicionado-com-ia-como-o-lg-dual-inverter-aprende-seus-habitos/,Brazil,Global Newsroom,79
https://www.lg.com/br/sobre-a-lg/press-media/5-dicas-para-escolher-a-smart-tv-ideal-para-a-sua-casa-em-2026/,Brazil,Global Newsroom,76
https://www.lg.com/br/sobre-a-lg/press-media/qual-tv-lg-escolher/,Brazil,Global Newsroom,83
https://www.lg.com/br/sobre-a-lg/press-media/lg-apresenta-o-ultragear-evo/,Brazil,Global Newsroom,79
https://www.lg.com/br/sobre-a-lg/press-media/lg-dual-inverter/,Brazil,Global Newsroom,86
https://www.lg.com/br/sobre-a-lg/press-media/climatizacao-para-lojas-e-escritorios/,Brazil,Global Newsroom,79
https://www.lg.com/br/sobre-a-lg/press-media/lg-multi-v-climatizacao-inteligente-para-grandes-ambientes-com-menor-consumo-de-energia/,Brazil,Global Newsroom,83
https://www.lg.com/br/sobre-a-lg/press-media/dicas-para-usar-melhor-sua-lava-e-seca/,Brazil,Global Newsroom,79
https://www.lg.com/br/sobre-a-lg/press-media/lg-round-cassete/,Brazil,Global Newsroom,86
https://www.lg.com/br/sobre-a-lg/press-media/radio-optimism-lg-transforma-dedicatorias-e-sentimentos-em-musicas-criadas-com-ia/,Brazil,Global Newsroom,79
https://www.lg.com/br/sobre-a-lg/press-media/o-que-pode-colocar-na-porta-da-geladeira/,Brazil,Global Newsroom,83
https://www.lg.com/br/sobre-a-lg/press-media/mitos-e-verdades-sobre-micro-ondas/,Brazil,Global Newsroom,83
https://www.lg.com/br/sobre-a-lg/press-media/ar-condicionado-lg-dual-inverter-ai-como-economizar-energia-sem-abrir-mao-do-conforto/,Brazil,Global Newsroom,76
https://www.lg.com/br/sobre-a-lg/press-media/como-manter-sua-lava-e-seca-sempre-nova/,Brazil,Global Newsroom,83
https://www.lg.com/br/sobre-a-lg/press-media/monitores-gamers-lg-ultragear/,Brazil,Global Newsroom,86
https://www.lg.com/br/sobre-a-lg/press-media/lg-apresentara-inovacao-em-sintonia-com-voce-na-ces-2026/,Brazil,Global Newsroom,79
https://www.lg.com/br/sobre-a-lg/press-media/situacoes-que-a-lg-xboom-transforma-o-ambiente/,Brazil,Global Newsroom,79
https://www.lg.com/br/sobre-a-lg/press-media/como-transformar-sua-sala-em-um-cinema-com-tvs-e-soundbars-lg/,Brazil,Global Newsroom,83
https://www.lg.com/br/sobre-a-lg/press-media/monitor-para-edicao-de-foto-e-video-profissional/,Brazil,Global Newsroom,83
https://www.lg.com/br/sobre-a-lg/press-media/lg-washtower/,Brazil,Global Newsroom,86
https://www.lg.com/br/sobre-a-lg/press-media/guia-lg-para-gamers/,Brazil,Global Newsroom,86
https://www.lg.com/br/sobre-a-lg/press-media/lg-ultragear-24g411a-b-monitor-gamer-de-144hz-e-1ms-para-jogos-competitivos/,Brazil,Global Newsroom,79
https://www.lg.com/br/sobre-a-lg/press-media/como-montar-setup-de-home-office/,Brazil,Global Newsroom,83
https://www.lg.com/br/sobre-a-lg/press-media/soundbar-lg-com-dolby-atmos-som-imersivo-que-transformam-sua-casa/,Brazil,Global Newsroom,79
https://www.lg.com/br/sobre-a-lg/press-media/sistema-operacional-webos/,Brazil,Global Newsroom,83
https://www.lg.com/br/sobre-a-lg/press-media/porque-tv-oled-oferece-melhor-imagem/,Brazil,Global Newsroom,83
https://www.lg.com/br/sobre-a-lg/press-media/guia-completo-geladeiras/,Brazil,Global Newsroom,83
https://www.lg.com/br/sobre-a-lg/press-media/paineis-profissionais-led/,Brazil,Global Newsroom,86
https://www.lg.com/br/sobre-a-lg/press-media/geladeira-lg-insta-viewa-a-geladeira-que-preserva-alimentos-por-mais-tempo/,Brazil,Global Newsroom,76
https://www.lg.com/br/sobre-a-lg/press-media/displays-comerciais-lg/,Brazil,Global Newsroom,83
https://www.lg.com/br/sobre-a-lg/press-media/soundbar/,Brazil,Global Newsroom,79
https://www.lg.com/br/sobre-a-lg/press-media/black-friday-tvs-oled-e-qned/,Brazil,Global Newsroom,83
https://www.lg.com/br/sobre-a-lg/press-media/monitores-gamers/,Brazil,Global Newsroom,83
https://www.lg.com/br/sobre-a-lg/press-media/lg-xboom/,Brazil,Global Newsroom,83
https://www.lg.com/br/acessorios-para-eletrodomesticos/pecas-e-acessorios-de-cozinha/5989jq1001h/,Brazil,제품 상세 (PDP),81
https://www.lg.com/br/acessorios-para-eletrodomesticos/pecas-e-acessorios-de-lavanderia/mds38265301/,Brazil,제품 상세 (PDP),78
https://www.lg.com/br/sobre-a-lg/press-media/tecnologia-inteligente/,Brazil,Global Newsroom,76
https://www.lg.com/br/sobre-a-lg/press-media/caixas-de-som-bluetooth-com-ai/,Brazil,Global Newsroom,83
https://www.lg.com/br/sobre-a-lg/press-media/inteligencia-artificial-nas-maquinas-de-lavar-lg/,Brazil,Global Newsroom,86
https://www.lg.com/br/sobre-a-lg/press-media/casa-conectada-lg/,Brazil,Global Newsroom,79
https://www.lg.com/br/sobre-a-lg/press-media/diferenca-entre-qned-e-oled/,Brazil,Global Newsroom,83
https://www.lg.com/br/sobre-a-lg/press-media/monitor-touch-lg-swing/,Brazil,Global Newsroom,83
https://www.lg.com/br/acessorios-para-eletrodomesticos/pecas-e-acessorios-de-lavanderia/aeg73309901/,Brazil,제품 상세 (PDP),81
https://www.lg.com/br/pecas-e-acessorios-para-tv-audio/eat64897302/,Brazil,제품 상세 (PDP),81
https://www.lg.com/br/pecas-e-acessorios-para-tv-audio/ebx64329206/,Brazil,제품 상세 (PDP),81
https://www.lg.com/br/telemoveis-lg/smartphones/d100/,Brazil,제품 상세 (PDP),81
https://www.lg.com/br/acessorios-para-eletrodomesticos/pecas-e-acessorios-de-cozinha/adh73150210/,Brazil,제품 상세 (PDP),81
https://www.lg.com/br/acessorios-para-eletrodomesticos/pecas-e-acessorios-de-lavanderia/6322fr2046q/,Brazil,제품 상세 (PDP),81
https://www.lg.com/br/acessorios-para-eletrodomesticos/pecas-e-acessorios-de-lavanderia/aeg73309903/,Brazil,제품 상세 (PDP),78
https://www.lg.com/br/acessorios-para-eletrodomesticos/pecas-e-acessorios-de-lavanderia/4417ea1002w/,Brazil,제품 상세 (PDP),81
https://www.lg.com/br/pecas-e-acessorios-para-tv-audio/fab31740203/,Brazil,제품 상세 (PDP),81
https://www.lg.com/br/acessorios-para-eletrodomesticos/pecas-e-acessorios-de-lavanderia/mar62542002/,Brazil,제품 상세 (PDP),81
https://www.lg.com/br/acessorios-para-eletrodomesticos/pecas-e-acessorios-de-cozinha/aeq32178402/,Brazil,제품 상세 (PDP),81
https://www.lg.com/br/pecas-e-acessorios-de-ar-condicionado/adq73273301/,Brazil,제품 상세 (PDP),78
https://www.lg.com/br/pecas-e-acessorios-para-tv-audio/agf78860201/,Brazil,제품 상세 (PDP),81
https://www.lg.com/br/acessorios-para-eletrodomesticos/pecas-e-acessorios-de-lavanderia/mds55242601/,Brazil,제품 상세 (PDP),81
https://www.lg.com/br/monitores/monitores-de-tv/m2550a/,Brazil,제품 상세 (PDP),81
https://www.lg.com/br/pecas-e-acessorios-para-tv-audio/agf78400001/,Brazil,제품 상세 (PDP),81
https://www.lg.com/br/monitores/monitores-de-tv/m1950a/,Brazil,제품 상세 (PDP),81
https://www.lg.com/br/acessorios-para-eletrodomesticos/pecas-e-acessorios-de-lavanderia/mds63916501/,Brazil,제품 상세 (PDP),81
https://www.lg.com/br/telemoveis-lg/telefones-com-recursos/gm630/,Brazil,제품 상세 (PDP),81
https://www.lg.com/br/pecas-e-acessorios-informatica/eay62990913/,Brazil,제품 상세 (PDP),81
https://www.lg.com/br/telemoveis-lg/telefones-com-recursos/kb775/,Brazil,제품 상세 (PDP),81
https://www.lg.com/br/geladeiras/geladeiras-french-door/gm86sddb/,Brazil,제품 상세 (PDP),78
https://www.lg.com/br/monitores/e1641s/,Brazil,제품 상세 (PDP),81
https://www.lg.com/br/pecas-e-acessorios-para-tv-audio/eat63377302/,Brazil,제품 상세 (PDP),81
https://www.lg.com/br/monitores/monitores-de-tv/m2380af/,Brazil,제품 상세 (PDP),81
https://www.lg.com/br/pecas-e-acessorios-para-tv-audio/agf78402101/,Brazil,제품 상세 (PDP),81
https://www.lg.com/br/audio/cinema-em-casa/hb966tzw/,Brazil,제품 상세 (PDP),81
https://www.lg.com/br/monitores/monitores-de-tv/m2431d/,Brazil,제품 상세 (PDP),81
https://www.lg.com/br/tvs-e-soundbars/plasma-tvs/21fu1rl/,Brazil,제품 상세 (PDP),81
https://www.lg.com/br/tvs-e-soundbars/plasma-tvs/21fu6tl/,Brazil,제품 상세 (PDP),81
https://www.lg.com/br/audio/cinema-em-casa/hb954tzw/,Brazil,제품 상세 (PDP),81
https://www.lg.com/br/telemoveis-lg/telefones-com-recursos/a270/,Brazil,제품 상세 (PDP),81
https://www.lg.com/br/monitores/monitores-de-tv/m2241a/,Brazil,제품 상세 (PDP),81
https://www.lg.com/br/monitores/w1642s/,Brazil,제품 상세 (PDP),81
https://www.lg.com/br/telemoveis-lg/smartphones/ms25/,Brazil,제품 상세 (PDP),81
https://www.lg.com/br/monitores/monitores-de-tv/m2280a/,Brazil,제품 상세 (PDP),81
https://www.lg.com/br/pecas-e-acessorios-para-tv-audio/aan76548806/,Brazil,제품 상세 (PDP),81
https://www.lg.com/br/pecas-e-acessorios-de-ar-condicionado/adq74834320/,Brazil,제품 상세 (PDP),81
https://www.lg.com/br/audio/cinema-em-casa/ht806thw/,Brazil,제품 상세 (PDP),81
https://www.lg.com/br/acessorios-para-eletrodomesticos/pecas-e-acessorios-de-lavanderia/aem73612905/,Brazil,제품 상세 (PDP),81
https://www.lg.com/br/pecas-e-acessorios-para-tv-audio/aan76669101/,Brazil,제품 상세 (PDP),78
https://www.lg.com/br/tvs-e-soundbars/oled-evo/oled83c3-sc9s/,Brazil,제품 상세 (PDP),78
https://www.lg.com/br/acessorios-para-eletrodomesticos/pecas-e-acessorios-de-cozinha/3390w1a044b/,Brazil,제품 상세 (PDP),81
https://www.lg.com/br/telemoveis-lg/telefones-com-recursos/c199/,Brazil,제품 상세 (PDP),81
https://www.lg.com/br/pecas-e-acessorios-de-ar-condicionado/akb73598011/,Brazil,제품 상세 (PDP),81
https://www.lg.com/br/acionamentos-do-queimador/gp10nw20/,Brazil,제품 상세 (PDP),81
https://www.lg.com/br/monitores/l1942p/,Brazil,제품 상세 (PDP),81
https://www.lg.com/br/acessorios-para-eletrodomesticos/pecas-e-acessorios-de-lavanderia/aem73433305/,Brazil,제품 상세 (PDP),81
https://www.lg.com/br/acessorios-para-eletrodomesticos/pecas-e-acessorios-de-cozinha/aht74413801/,Brazil,제품 상세 (PDP),81
https://www.lg.com/br/acessorios-para-eletrodomesticos/pecas-e-acessorios-de-cozinha/6912w3b002d/,Brazil,제품 상세 (PDP),81
https://www.lg.com/br/pecas-e-acessorios-para-tv-audio/akb73775802/,Brazil,제품 상세 (PDP),81
https://www.lg.com/br/pecas-e-acessorios-para-tv-audio/aan76548805/,Brazil,제품 상세 (PDP),81
https://www.lg.com/br/pecas-e-acessorios-de-ar-condicionado/mdj66064301/,Brazil,제품 상세 (PDP),78
https://www.lg.com/br/pecas-e-acessorios-para-tv-audio/akb37026858/,Brazil,제품 상세 (PDP),81
https://www.lg.com/br/telemoveis-lg/telefones-com-recursos/p525/,Brazil,제품 상세 (PDP),81
https://www.lg.com/br/acessorios-para-eletrodomesticos/pecas-e-acessorios-de-cozinha/3b74133q/,Brazil,제품 상세 (PDP),81
https://www.lg.com/br/acessorios-para-eletrodomesticos/pecas-e-acessorios-de-cozinha/3b74133p/,Brazil,제품 상세 (PDP),78
https://www.lg.com/br/tvs-e-soundbars/smart-tvs/43lr6700psa/,Brazil,제품 상세 (PDP),73
https://www.lg.com/br/acessorios-para-eletrodomesticos/pecas-e-acessorios-de-lavanderia/383eer3001j/,Brazil,제품 상세 (PDP),81
https://www.lg.com/br/pecas-e-acessorios-informatica/eaj64411501/,Brazil,제품 상세 (PDP),81
https://www.lg.com/br/acessorios-para-eletrodomesticos/pecas-e-acessorios-de-lavanderia/mds64854101/,Brazil,제품 상세 (PDP),81
https://www.lg.com/br/acessorios-para-eletrodomesticos/pecas-e-acessorios-de-lavanderia/4400el2001f/,Brazil,제품 상세 (PDP),81
https://www.lg.com/br/pecas-e-acessorios-para-tv-audio/agf80318301/,Brazil,제품 상세 (PDP),81
https://www.lg.com/br/acessorios-para-eletrodomesticos/pecas-e-acessorios-de-cozinha/4370w1a004c/,Brazil,제품 상세 (PDP),81
https://www.lg.com/br/acessorios-para-eletrodomesticos/pecas-e-acessorios-de-lavanderia/mar62541901/,Brazil,제품 상세 (PDP),81
https://www.lg.com/br/acessorios-para-eletrodomesticos/pecas-e-acessorios-de-lavanderia/eau61383518/,Brazil,제품 상세 (PDP),81
https://www.lg.com/br/acessorios-para-eletrodomesticos/pecas-e-acessorios-de-lavanderia/5215ea4001k/,Brazil,제품 상세 (PDP),81
https://www.lg.com/br/acessorios-para-eletrodomesticos/pecas-e-acessorios-de-cozinha/eaf36358310/,Brazil,제품 상세 (PDP),81
https://www.lg.com/br/acessorios-para-eletrodomesticos/pecas-e-acessorios-de-lavanderia/map61913707/,Brazil,제품 상세 (PDP),81
https://www.lg.com/br/acessorios-para-eletrodomesticos/pecas-e-acessorios-de-cozinha/5901jq1007a/,Brazil,제품 상세 (PDP),81
https://www.lg.com/br/pecas-e-acessorios-de-ar-condicionado/5901a10032a/,Brazil,제품 상세 (PDP),81
https://www.lg.com/br/acessorios-para-eletrodomesticos/pecas-e-acessorios-de-cozinha/tca37071511/,Brazil,제품 상세 (PDP),81
https://www.lg.com/br/pecas-e-acessorios-de-ar-condicionado/5901a10029a/,Brazil,제품 상세 (PDP),81
https://www.lg.com/br/acessorios-para-eletrodomesticos/pecas-e-acessorios-de-lavanderia/aem75473002/,Brazil,제품 상세 (PDP),81
https://www.lg.com/br/acessorios-para-eletrodomesticos/pecas-e-acessorios-de-cozinha/ebr87145110/,Brazil,제품 상세 (PDP),81
https://www.lg.com/br/acessorios-para-eletrodomesticos/pecas-e-acessorios-de-lavanderia/ajq74954101/,Brazil,제품 상세 (PDP),81
https://www.lg.com/br/acessorios-para-eletrodomesticos/pecas-e-acessorios-de-cozinha/tca35493206/,Brazil,제품 상세 (PDP),81
https://www.lg.com/br/pecas-e-acessorios-de-ar-condicionado/tbz37416201/,Brazil,제품 상세 (PDP),81
https://www.lg.com/br/pecas-e-acessorios-de-ar-condicionado/tbz35837701/,Brazil,제품 상세 (PDP),81
https://www.lg.com/br/pecas-e-acessorios-de-ar-condicionado/ebr88543215/,Brazil,제품 상세 (PDP),81
https://www.lg.com/br/acessorios-para-eletrodomesticos/pecas-e-acessorios-de-lavanderia/4681ea2001t/,Brazil,제품 상세 (PDP),81
https://www.lg.com/br/acessorios-para-eletrodomesticos/pecas-e-acessorios-de-cozinha/adh73150208/,Brazil,제품 상세 (PDP),81
https://www.lg.com/br/acessorios-para-eletrodomesticos/pecas-e-acessorios-de-cozinha/tca35173603/,Brazil,제품 상세 (PDP),81
https://www.lg.com/br/pecas-e-acessorios-de-ar-condicionado/tbz37400101/,Brazil,제품 상세 (PDP),81
https://www.lg.com/br/acessorios-para-eletrodomesticos/pecas-e-acessorios-de-cozinha/3219ja3001p/,Brazil,제품 상세 (PDP),81
https://www.lg.com/br/acessorios-para-eletrodomesticos/pecas-e-acessorios-de-cozinha/tca36811409/,Brazil,제품 상세 (PDP),81
https://www.lg.com/br/pecas-e-acessorios-de-ar-condicionado/ebr80090811/,Brazil,제품 상세 (PDP),81
https://www.lg.com/br/tvs-e-soundbars/,Brazil,제품 카테고리 (PLP),74
https://www.lg.com/br/tvs-e-soundbars/oled/,Brazil,제품 카테고리 (PLP),87
https://www.lg.com/br/tvs-e-soundbars/qned/,Brazil,제품 카테고리 (PLP),90
https://www.lg.com/br/audio/soundbars/gx/,Brazil,제품 카테고리 (PLP),83
https://www.lg.com/br/lavanderia/todas-lavadoras/?ec_ft_06516862=TurboWash,Brazil,제품 카테고리 (PLP),83
https://www.lg.com/br/lavanderia/todas-lavadoras/?ec_ft_06516862=TurboWash360˚,Brazil,제품 카테고리 (PLP),83
https://www.lg.com/br/lavanderia/todas-lavadoras/?ec_ft_05739626=Gama_Blanca,Brazil,제품 카테고리 (PLP),83
https://www.lg.com/br/lavanderia/todas-lavadoras/?ec_ft_06516862=Vapor,Brazil,제품 카테고리 (PLP),83
https://www.lg.com/br/lavanderia/todas-lavadoras/?ec_ft_06516862=TurboDrum,Brazil,제품 카테고리 (PLP),83
https://www.lg.com/br/lavanderia/todas-lavadoras/?ec_ft_06512632=ThinQ_(Wi-Fi),Brazil,제품 카테고리 (PLP),83
https://www.lg.com/br/lavanderia/todas-lavadoras/?ec_ft_05739626=Gama_Negra,Brazil,제품 카테고리 (PLP),83
https://www.lg.com/br/lavanderia/todas-lavadoras/?ec_ft_05739626=Gama_Plata,Brazil,제품 카테고리 (PLP),83
https://www.lg.com/br/audio/soundbars/,Brazil,제품 카테고리 (PLP),87
https://www.lg.com/br/tvs-e-soundbars/nanocell/,Brazil,제품 카테고리 (PLP),87
https://www.lg.com/br/pecas-e-acessorios-de-ar-condicionado/aeb75244510/,Brazil,제품 상세 (PDP),81
https://www.lg.com/br/pecas-e-acessorios-de-ar-condicionado/aha75113315/,Brazil,제품 상세 (PDP),78
https://www.lg.com/br/pecas-e-acessorios-de-ar-condicionado/tbz37115801/,Brazil,제품 상세 (PDP),81
https://www.lg.com/br/pecas-e-acessorios-de-ar-condicionado/acg73444956/,Brazil,제품 상세 (PDP),81
https://www.lg.com/br/lavanderia/,Brazil,제품 카테고리 (PLP),77
https://www.lg.com/br/geladeiras/todas-geladeiras/,Brazil,제품 카테고리 (PLP),83
https://www.lg.com/br/audio/,Brazil,제품 카테고리 (PLP),80
https://www.lg.com/br/lavanderia/lava-e-seca/,Brazil,제품 카테고리 (PLP),83
https://www.lg.com/br/lavanderia/lavadoras/,Brazil,제품 카테고리 (PLP),83
https://www.lg.com/br/purificador-de-ar/,Brazil,제품 카테고리 (PLP),83
https://www.lg.com/br/tvs-telas-lifestyle/,Brazil,제품 카테고리 (PLP),77
https://www.lg.com/br/audio/todos-audios/,Brazil,제품 카테고리 (PLP),83
https://www.lg.com/br/monitores/todos-monitores/,Brazil,제품 카테고리 (PLP),83
https://www.lg.com/br/lavanderia/styler/,Brazil,제품 카테고리 (PLP),83
https://www.lg.com/br/geladeiras/,Brazil,제품 카테고리 (PLP),74
https://www.lg.com/br/geladeiras/geladeiras-duplex/,Brazil,제품 카테고리 (PLP),83
https://www.lg.com/br/tvs-e-soundbars/todas-tvs-soundbars/,Brazil,제품 카테고리 (PLP),87
https://www.lg.com/br/tvs-e-soundbars/oled-evo/,Brazil,제품 카테고리 (PLP),87
https://www.lg.com/br/monitores/monitores-full-hd-qhd/,Brazil,제품 카테고리 (PLP),83
https://www.lg.com/br/lavanderia/washtower/,Brazil,제품 카테고리 (PLP),83
https://www.lg.com/br/geladeiras/geladeiras-french-door/,Brazil,제품 카테고리 (PLP),83
https://www.lg.com/br/tvs-e-soundbars/smart-tvs/,Brazil,제품 카테고리 (PLP),83
https://www.lg.com/br/tvs-telas-lifestyle/flex/,Brazil,제품 카테고리 (PLP),83
https://www.lg.com/br/cooktop/,Brazil,제품 카테고리 (PLP),73
https://www.lg.com/br/fones-sem-fio/fones-uv-nano/,Brazil,제품 카테고리 (PLP),83
https://www.lg.com/br/geladeiras/geladeiras-side-by-side/,Brazil,제품 카테고리 (PLP),83
https://www.lg.com/br/monitores/monitores-ultrawide/,Brazil,제품 카테고리 (PLP),83
https://www.lg.com/br/projetores/,Brazil,제품 카테고리 (PLP),83
https://www.lg.com/br/monitores/,Brazil,제품 카테고리 (PLP),74
https://www.lg.com/br/audio/caixa-de-som-bluetooth/,Brazil,제품 카테고리 (PLP),87
https://www.lg.com/br/tvs-e-soundbars/tele-gigantes/,Brazil,제품 카테고리 (PLP),87
https://www.lg.com/br/monitores/monitores-ultragear/,Brazil,제품 카테고리 (PLP),87
https://www.lg.com/br/audio/xboom/,Brazil,제품 카테고리 (PLP),80
https://www.lg.com/br/computadores/,Brazil,제품 카테고리 (PLP),70
https://www.lg.com/br/guia-compra-ar-condicionado/dicas-sobre-ar-condicionado/,Brazil,제품 카테고리 (PLP),80
https://www.lg.com/br/pecas-e-acessorios-informatica/,Brazil,제품 카테고리 (PLP),77
https://www.lg.com/br/virtualshowroom/,Brazil,제품 카테고리 (PLP),77
https://www.lg.com/br/fones-sem-fio/todos-fones/,Brazil,제품 카테고리 (PLP),83
https://www.lg.com/br/audio/caixas-de-som-gamer-ultragear/,Brazil,제품 카테고리 (PLP),80
https://www.lg.com/br/fones-sem-fio/fones/,Brazil,제품 카테고리 (PLP),83
https://www.lg.com/br/micro-ondas/,Brazil,제품 카테고리 (PLP),77
https://www.lg.com/br/tvs-telas-lifestyle/stanbyme/,Brazil,제품 카테고리 (PLP),83
https://www.lg.com/br/ar-condicionado-residencial/,Brazil,제품 카테고리 (PLP),80
https://www.lg.com/br/audio/xboom-go/,Brazil,제품 카테고리 (PLP),80
https://www.lg.com/br/micro-ondas/micro-ondas-solo/,Brazil,제품 카테고리 (PLP),87
https://www.lg.com/br/ar-condicionado-residencial/ar-condicionado-portatil/,Brazil,제품 카테고리 (PLP),83
https://www.lg.com/br/monitores/smart-monitors/,Brazil,제품 카테고리 (PLP),83
https://www.lg.com/br/acessorios-para-eletrodomesticos/pecas-e-acessorios-de-lavanderia/,Brazil,제품 카테고리 (PLP),80
https://www.lg.com/br/micro-ondas/micro-ondas-grill/,Brazil,제품 카테고리 (PLP),87
https://www.lg.com/br/geladeiras/geladeiras-inverse/,Brazil,제품 카테고리 (PLP),83
https://www.lg.com/br/pecas-e-acessorios-de-ar-condicionado/,Brazil,제품 카테고리 (PLP),80
https://www.lg.com/br/eletrodomesticos/lg-studio/,Brazil,제품 카테고리 (PLP),67
https://www.lg.com/br/tv/lg-instala/,Brazil,제품 카테고리 (PLP),80
https://www.lg.com/br/guia-compra-ar-condicionado/,Brazil,제품 카테고리 (PLP),73
https://www.lg.com/br/shop/terms-conditions-br/,Brazil,제품 카테고리 (PLP),67
https://www.lg.com/br/tvs-telas-lifestyle/todas-telas-lifestyle/,Brazil,제품 카테고리 (PLP),83
https://www.lg.com/br/acessorios-para-eletrodomesticos/pecas-e-acessorios-de-cozinha/,Brazil,제품 카테고리 (PLP),80
https://www.lg.com/br/pecas-e-acessorios-para-tv-audio/,Brazil,제품 카테고리 (PLP),80
https://www.lg.com/br/ultimas-novidades/,Brazil,제품 카테고리 (PLP),77
https://www.lg.com/br/ar-condicionado-residencial/dual-inverter-split/,Brazil,제품 카테고리 (PLP),83
https://www.lg.com/br/micro-ondas/todos-micro-ondas/,Brazil,제품 카테고리 (PLP),87
https://www.lg.com/br/led-cinema/,Brazil,제품 카테고리 (PLP),80
https://www.lg.com/br/ar-condicionado-residencial/todos-ares-condicionados/,Brazil,제품 카테고리 (PLP),83
https://www.lg.com/br/guia-compra-notebook/,Brazil,제품 카테고리 (PLP),67
https://www.lg.com/br/tvs-telas-lifestyle/objet-collection-pose/,Brazil,제품 카테고리 (PLP),83
https://www.lg.com/br/guia-compra-projetor/,Brazil,제품 카테고리 (PLP),73
https://www.lg.com/br/acessorios-para-eletrodomesticos/todos-acessorios-para-eletrodomesticos/,Brazil,제품 카테고리 (PLP),83
https://www.lg.com/br/lavanderia/todas-lavadoras/,Brazil,제품 카테고리 (PLP),83
https://www.lg.com/br/videoconferencia-interativa/one-quick-works/,Brazil,제품 카테고리 (PLP),83
https://www.lg.com/br/avalie-sua-instalacao/,Brazil,제품 카테고리 (PLP),70
https://www.lg.com/br/lousa-digital/,Brazil,제품 카테고리 (PLP),83
https://www.lg.com/br/lg-instala-seu-produto/,Brazil,제품 카테고리 (PLP),67
https://www.lg.com/br/videoconferencia-interativa/,Brazil,제품 카테고리 (PLP),83
https://www.lg.com/br/tvs-por-tamanho-de-tela/,Brazil,제품 카테고리 (PLP),77
https://www.lg.com/br/ar-condicionado-residencial/ar-condicionado-multi-split/,Brazil,제품 카테고리 (PLP),83
https://www.lg.com/br/parceiros/,Brazil,제품 카테고리 (PLP),70
https://www.lg.com/br/monitores/monitores-pc/,Brazil,제품 카테고리 (PLP),80
https://www.lg.com/br/guia-compra-monitor/,Brazil,제품 카테고리 (PLP),73
https://www.lg.com/br/videoconferencia-interativa/one-quick-flex/,Brazil,제품 카테고리 (PLP),83
https://www.lg.com/br/sc-account/,Brazil,제품 카테고리 (PLP),73
https://www.lg.com/br/sso-confirm/,Brazil,제품 카테고리 (PLP),63
https://www.lg.com/br/futebol-lg/,Brazil,제품 카테고리 (PLP),81
https://www.lg.com/br/home-appliances/installlation-guide/,Brazil,제품 카테고리 (PLP),73
https://www.lg.com/br/home-appliances/installlation-guide/refrigerator/,Brazil,제품 카테고리 (PLP),81
https://www.lg.com/br/home-appliances/installlation-guide/washing-machine/,Brazil,제품 카테고리 (PLP),77
https://www.lg.com/br/suporte/garantia/,Brazil,Support - 일반,82
https://www.lg.com/br/suporte/,Brazil,Support - 일반,79
https://www.lg.com/br/suporte/lg-thinq/,Brazil,Support - 일반,79
https://www.lg.com/br/suporte/servicos-e-seguros/acompanhar-meu-pedido/,Brazil,Support - 일반,79
https://www.lg.com/br/suporte/servicos-e-seguros/perguntas-frequentes/,Brazil,Support - 일반,86
https://www.lg.com/br/suporte/anuncios/,Brazil,Support - 일반,82
https://www.lg.com/br/suporte/suporte-ao-producto/cadastro-de-produtos/,Brazil,Support - 일반,79
https://www.lg.com/br/suporte/suporte-ao-producto/solucionar-problemas/,Brazil,Support - 일반,82
https://www.lg.com/br/suporte/suporte-ao-producto/manuais/,Brazil,Support - 일반,82
https://www.lg.com/br/suporte/suporte-ao-producto/solicitar-reparo/,Brazil,Support - 일반,79
https://www.lg.com/br/suporte/reparo-garantia/solicitar-reparo/,Brazil,Support - 일반,79
https://www.lg.com/br/suporte/fale-conosco/localizar-assistencia-tecnica/,Brazil,Support - 일반,79
https://www.lg.com/br/suporte/fale-conosco/,Brazil,Support - 일반,86
https://www.lg.com/br/suporte/suporte-ao-producto/solicitar-instalacao/,Brazil,Support - 일반,79
https://www.lg.com/br/suporte/suporte-ao-producto/cs-28LB650B-PC.AWZ/,Brazil,Support - 일반,82
https://www.lg.com/br/suporte/suporte-ao-producto/solicitar-reparo-celular/,Brazil,Support - 일반,86
https://www.lg.com/br/suporte/assistencia-tecnica-lg/,Brazil,Support - 일반,71
https://www.lg.com/br/suporte/suporte-ao-producto/cs-55EA9850.AWZ/,Brazil,Support - 일반,82
https://www.lg.com/br/suporte/suporte-ao-producto/cs-TSNC1825MA2.AMBFLAZ/,Brazil,Support - 일반,82
https://www.lg.com/br/suporte/suporte-ao-producto/cs-E200-A.BPBRP1/,Brazil,Support - 일반,82
https://www.lg.com/br/suporte/fale-conosco/anexar-documento/,Brazil,Support - 일반,93
https://www.lg.com/br/suporte/suporte-ao-producto/cs-ARNU18GTLC2.ANWALAT/,Brazil,Support - 일반,82
https://www.lg.com/br/suporte/suporte-ao-producto/cs-55LY540S.AWZ/,Brazil,Support - 일반,82
https://www.lg.com/br/suporte/manutencao-preventiva/,Brazil,Support - 일반,66
https://www.lg.com/br/suporte/loja-online-lg/,Brazil,Support - 일반,75
https://www.lg.com/br/suporte/coleta-seletiva/,Brazil,Support - 일반,79
https://www.lg.com/br/suporte/sac/seja-assistencia/,Brazil,Support - 일반,75
https://www.lg.com/br/suporte/garantia-estendida/,Brazil,Support - 일반,76
https://www.lg.com/br/suporte/suporte-ao-producto/cs-FFH-786A.ACBBLLA/,Brazil,Support - 일반,82
https://www.lg.com/br/suporte/sac/lg-distribuidores/,Brazil,Support - 일반,75
https://www.lg.com/br/suporte/suporte-ao-producto/cs-ARNU09GSEL2.AMBALAT/,Brazil,Support - 일반,82
https://www.lg.com/br/suporte/suporte-ao-producto/cs-43LR6700PSA.AWR/,Brazil,Support - 일반,82
https://www.lg.com/br/suporte/suporte-ao-producto/cs-LMG710EMW.ABRABK/,Brazil,Support - 일반,82
https://www.lg.com/br/suporte/suporte-ao-producto/cs-32LN536B.AWZ/,Brazil,Support - 일반,82
https://www.lg.com/br/suporte/suporte-ao-producto/cs-TSNH182C4A0.AMBBLAZ/,Brazil,Support - 일반,82
https://www.lg.com/br/suporte/suporte-ao-producto/cs-X130-L.A7BLB8/,Brazil,Support - 일반,82
https://www.lg.com/br/suporte/suporte-ao-producto/cs-C400-G.BC23P1/,Brazil,Support - 일반,82
https://www.lg.com/br/suporte/suporte-ao-producto/cs-LGA180B.ABRADG/,Brazil,Support - 일반,82
https://www.lg.com/br/suporte/suporte-ao-producto/cs-R400-5.RHGP1/,Brazil,Support - 일반,82
https://www.lg.com/br/suporte/suporte-ao-producto/cs-KP265C.ATMGBL/,Brazil,Support - 일반,82
https://www.lg.com/br/suporte/suporte-ao-producto/cs-ATUW60GMLP1.AWGZBRZ/,Brazil,Support - 일반,82
https://www.lg.com/br/suporte/suporte-ao-producto/cs-32SL80YD.AWZ/,Brazil,Support - 일반,82
https://www.lg.com/br/suporte/suporte-ao-producto/cs-OLED48C3PSA.AWZ/,Brazil,Support - 일반,82
https://www.lg.com/br/suporte/suporte-ao-producto/cs-43UP751C0SF.BWZ/,Brazil,Support - 일반,82
https://www.lg.com/br/suporte/suporte-ao-producto/cs-OLED77C3PSA.AWZ/,Brazil,Support - 일반,82
https://www.lg.com/br/suporte/suporte-ao-producto/cs-LZ-H050GBA4.ENWALEU/,Brazil,Support - 일반,82
https://www.lg.com/br/suporte/suporte-ao-producto/cs-LGX350.ABRAPK/,Brazil,Support - 일반,82
https://www.lg.com/br/suporte/suporte-ao-producto/cs-PB60G.AWZZ/,Brazil,Support - 일반,82
https://www.lg.com/br/suporte/suporte-ao-producto/cs-55VSH7J-H.AWM/,Brazil,Support - 일반,82
https://www.lg.com/br/suporte/suporte-ao-producto/cs-42WL10MS-B.AWZ/,Brazil,Support - 일반,82
https://www.lg.com/br/suporte/suporte-ao-producto/cs-OLED65C2PSA.AWZ/,Brazil,Support - 일반,82
https://www.lg.com/br/suporte/suporte-ao-producto/cs-TVUC242BLA0.ANWBLAZ/,Brazil,Support - 일반,82
https://www.lg.com/br/suporte/suporte-ao-producto/cs-E770S.LGEBCN/,Brazil,Support - 일반,82
https://www.lg.com/br/suporte/suporte-ao-producto/cs-LTNC60BDLA0.ANWAIBR/,Brazil,Support - 일반,82
https://www.lg.com/br/suporte/suporte-ao-producto/cs-AUUQ24GH2.AWGBBRZ/,Brazil,Support - 일반,82
https://www.lg.com/br/suporte/suporte-ao-producto/cs-R590-U.BE53P1/,Brazil,Support - 일반,82
https://www.lg.com/br/suporte/suporte-ao-producto/cs-LGC300.AALGWO/,Brazil,Support - 일반,82
https://www.lg.com/br/suporte/suporte-ao-producto/cs-27GL650F-B.AWZM/,Brazil,Support - 일반,82
https://www.lg.com/br/suporte/suporte-ao-producto/cs-GT360.AUANRD/,Brazil,Support - 일반,82
https://www.lg.com/br/suporte/suporte-ao-producto/cs-45GS95QE-B.AWZM/,Brazil,Support - 일반,82
https://www.lg.com/br/suporte/suporte-ao-producto/cs-GM205.AARGRD/,Brazil,Support - 일반,82
https://www.lg.com/br/suporte/suporte-ao-producto/cs-DX535.AMA/,Brazil,Support - 일반,82
https://www.lg.com/br/suporte/suporte-ao-producto/cs-PT-HD0.ANWXLEU/,Brazil,Support - 일반,79
https://www.lg.com/br/suporte/suporte-ao-producto/cs-M2250D-PS.AWZ/,Brazil,Support - 일반,82
https://www.lg.com/br/suporte/suporte-ao-producto/cs-ASNW092WSA0.AMBBLAZ/,Brazil,Support - 일반,82
https://www.lg.com/br/suporte/suporte-ao-producto/cs-AG161BWC0.AMZ/,Brazil,Support - 일반,82
https://www.lg.com/br/suporte/suporte-ao-producto/cs-86NANO80TSA.AWZZ/,Brazil,Support - 일반,82
https://www.lg.com/br/suporte/suporte-ao-producto/cs-ASUW122BSA1.AMBBLSP/,Brazil,Support - 일반,82
https://www.lg.com/br/suporte/suporte-ao-producto/cs-WGE106FGA.AWYBLAZ/,Brazil,Support - 일반,82
https://www.lg.com/br/suporte/suporte-ao-producto/cs-ASUW092B4A0.AMBBLAZ/,Brazil,Support - 일반,82
https://www.lg.com/br/suporte/suporte-ao-producto/cs-ARWN60GA0.AWGBBRZ/,Brazil,Support - 일반,79
https://www.lg.com/br/suporte/suporte-ao-producto/cs-AMNW09GTUC0.ANWALAT/,Brazil,Support - 일반,82
https://www.lg.com/br/suporte/suporte-ao-producto/cs-WD-1403FD.BBWFBRS/,Brazil,Support - 일반,82
https://www.lg.com/br/suporte/suporte-ao-producto/cs-LMNC482BEG0.ANWALAT/,Brazil,Support - 일반,82
https://www.lg.com/br/suporte/suporte-ao-producto/cs-55LV75A-4B.AWZ/,Brazil,Support - 일반,82
https://www.lg.com/br/suporte/suporte-ao-producto/cs-TSUH072YMA0.AMBBLAZ/,Brazil,Support - 일반,82
https://www.lg.com/br/suporte/suporte-ao-producto/cs-GN-B372PQWB.DSWFSBS/,Brazil,Support - 일반,82
https://www.lg.com/br/suporte/suporte-ao-producto/cs-LGH870.AVIVWH/,Brazil,Support - 일반,82
https://www.lg.com/br/suporte/suporte-ao-producto/cs-CM4640.DCOLLLK/,Brazil,Support - 일반,82
https://www.lg.com/br/suporte/suporte-ao-producto/cs-L4UC602FA0.AMBBLAT/,Brazil,Support - 일반,82
https://www.lg.com/br/suporte/suporte-ao-producto/cs-ATNW60GMLP0.ANWZBRZ/,Brazil,Support - 일반,82
https://www.lg.com/br/suporte/suporte-ao-producto/cs-TSUH122YNW0.AMBBLAZ/,Brazil,Support - 일반,82
https://www.lg.com/br/suporte/suporte-ao-producto/cs-ARUV200BTS4.AWGBBRZ/,Brazil,Support - 일반,82
https://www.lg.com/br/suporte/suporte-ao-producto/cs-60UQ8050PSB.AWZ/,Brazil,Support - 일반,82
https://www.lg.com/br/suporte/suporte-ao-producto/cs-FC931B.KCBBLL/,Brazil,Support - 일반,82
https://www.lg.com/br/suporte/suporte-ao-producto/cs-34GP63A-B.AWZM/,Brazil,Support - 일반,82
https://www.lg.com/br/suporte/suporte-ao-producto/cs-24TQ520S-PS.AWZ/,Brazil,Support - 일반,82
https://www.lg.com/br/suporte/suporte-ao-producto/solucionar-problemas/help-library/,Brazil,Support - Troubleshoot,69
https://www.lg.com/br/suporte/suporte-ao-producto/cs-GT540G.ATFSBK/,Brazil,Support - 일반,82
https://www.lg.com/br/suporte/suporte-ao-producto/cs-SW560N.ACEBCG/,Brazil,Support - 일반,82
https://www.lg.com/br/suporte/suporte-ao-producto/cs-BP06LU10.AVAR12B/,Brazil,Support - 일반,82
https://www.lg.com/ca_en/tv-soundbars/tv-buying-guide/lifestyle/,Canada,구매 가이드,69
https://www.lg.com/ca_en/about-lg/press-and-media/LG-ELECTRONICS-CANADA-CELEBRATES-FIVE-CONSECUTIVE-YEARS-AS-CANADAS--1-MAJOR-APPPLIANCE-BRAND-WITH-NATIONAL-SWEEPSTAKES/,Canada,Global Newsroom,76
https://www.lg.com/ca_en/microsite-article/ms/it/monitor/buying-guide/,Canada,구매 가이드,65
https://www.lg.com/ca_en/about-lg/press-and-media/LG-CANADA-ANNOUNCES-PRICING-AND-AVAILABILITY-FOR-2026-ULTRAGEAR-GAMING-MONITORS-AND-OLED-EVO-W6-WALLPAPER-TV-/,Canada,Global Newsroom,79
https://www.lg.com/ca_en/tv-soundbars/tv-buying-guide/tv-design/,Canada,구매 가이드,69
https://www.lg.com/ca_en/tv-soundbars/tv-buying-guide/gaming-tv/,Canada,구매 가이드,72
https://www.lg.com/ca_en/tv-soundbars/tv-buying-guide/,Canada,구매 가이드,74
https://www.lg.com/ca_en/monitors/buying-guides/multi-monitor/,Canada,구매 가이드,72
https://www.lg.com/ca_en/tv-soundbars/tv-buying-guide/home-cinema/,Canada,구매 가이드,72
https://www.lg.com/ca_en/buying-guides/laundry-spec-library/,Canada,구매 가이드,75
https://www.lg.com/ca_en/buying-guides/monitor-lineup-guide/,Canada,구매 가이드,77
https://www.lg.com/ca_en/buying-guides/refrigerator-spec-library/,Canada,구매 가이드,72
https://www.lg.com/ca_en/microsite-article/ms/it/monitor/ultragear-buying-guide/,Canada,구매 가이드,72
https://www.lg.com/ca_en/tv-soundbars/tv-buying-guide/tv-buying-guide1/,Canada,구매 가이드,65
https://www.lg.com/ca_en/buying-guides/monitor-spec-library/,Canada,구매 가이드,72
https://www.lg.com/ca_en/buying-guides/tv-spec-library/,Canada,구매 가이드,75
https://www.lg.com/ca_en/buying-guides/tv-lineup-guide/,Canada,구매 가이드,81
https://www.lg.com/ca_en/laptop-buying-guide/,Canada,구매 가이드,74
https://www.lg.com/ca_en/monitor-buying-guide/,Canada,구매 가이드,68
https://www.lg.com/ca_en/tv-soundbars/tv-buying-guide/sport-tv/,Canada,구매 가이드,72
https://www.lg.com/ca_en/refrigerators/top-freezer/lt18so000v/,Canada,Microsite,83
https://www.lg.com/ca_en/dishwashers/top-control/ldth7972d/,Canada,Microsite,83
https://www.lg.com/ca_en/tv-soundbars/tv-buying-guide/what-is-a-smart-tv-ai-tv/,Canada,구매 가이드,74
https://www.lg.com/ca_en/tv-soundbars/tv-buying-guide/tv-size/,Canada,구매 가이드,69
https://www.lg.com/ca_en/dishwashers/top-control/ldps6762s/,Canada,Microsite,80
https://www.lg.com/ca_en/dishwashers/top-control/ldnph654s/,Canada,Microsite,84
https://www.lg.com/ca_en/lg-experience/4k-ultra-hd-tv-buying-guide/,Canada,LG Experience,80
https://www.lg.com/ca_en/lg-experiencing-entertainment-suspend/8-creative-ways-to-use-your-hd-projector/,Canada,제품 상세 (PDP),66
https://www.lg.com/ca_en/cooking-appliances/what-is-induction-cooking/,Canada,Microsite,74
https://www.lg.com/ca_en/experience/why-lg-soundbars/,Canada,LG Experience,77
https://www.lg.com/ca_en/shop/all-promotions/12-days-of-holiday-deals-raffle-terms-and-conditions-2024/,Canada,제품 상세 (PDP),72
https://www.lg.com/ca_en/lg-experience/lg-lab/which-soundbar-is-right-for-you-lg/,Canada,LG Experience,83
https://www.lg.com/ca_en/tv-soundbars/tv-buying-guide/tv-technology/what-is-4k-tv/,Canada,구매 가이드,72
https://www.lg.com/ca_en/lg-experience/lg-lab/lg-studio/kitchen/lsis3018ss/,Canada,LG Experience,83
https://www.lg.com/ca_en/dishwashers/top-control/ldnpq555d/,Canada,Microsite,81
https://www.lg.com/ca_en/lg-experience/lg-lab/lg-studio/laundry/,Canada,LG Experience,80
https://www.lg.com/ca_en/lg-experience/lg-lab/lg-studio/kitchen/,Canada,LG Experience,80
https://www.lg.com/ca_en/tv-soundbars/tv-buying-guide/tv-technology/oled-vs-qned/,Canada,구매 가이드,72
https://www.lg.com/ca_en/appliance-accessories/laundry-accessories/kstk2/,Canada,제품 상세 (PDP),81
https://www.lg.com/ca_en/shop/all-promotions/2025-oled-savings-may-15-2026/,Canada,제품 상세 (PDP),69
https://www.lg.com/ca_en/shop/all-promotions/2026-oled-launch-offer/,Canada,제품 상세 (PDP),62
https://www.lg.com/ca_en/appliance-accessories/vacuum-accessories/eay64470407/,Canada,제품 상세 (PDP),81
https://www.lg.com/ca_en/appliance-accessories/kitchen-accessories/ahb73129108/,Canada,제품 상세 (PDP),81
https://www.lg.com/ca_en/appliance-accessories/vacuum-accessories/adq74773921/,Canada,제품 상세 (PDP),81
https://www.lg.com/ca_en/appliance-accessories/kitchen-accessories/5230w1a003a/,Canada,제품 상세 (PDP),78
https://www.lg.com/ca_en/appliance-accessories/kitchen-accessories/mk2030nst/,Canada,제품 상세 (PDP),78
https://www.lg.com/ca_en/shop/all-promotions/stanbyme2-the-screen-that-moves-with-you-terms-and-conditions-2025/,Canada,제품 상세 (PDP),75
https://www.lg.com/ca_en/cooking-appliances/microwave-ovens/mvem1825d/,Canada,제품 상세 (PDP),78
https://www.lg.com/ca_en/cooking-appliances/ranges/lrin6323ye/,Canada,제품 상세 (PDP),79
https://www.lg.com/ca_en/dishwashers/ldp6809ss/,Canada,제품 상세 (PDP),81
https://www.lg.com/ca_en/cooking-appliances/microwave-ovens/lmv2257bm/,Canada,제품 상세 (PDP),81
https://www.lg.com/ca_en/cell-phones/lgm320g/,Canada,제품 상세 (PDP),81
https://www.lg.com/ca_en/heating-and-cooling/portable-air-conditioner/lp1021gsb/,Canada,제품 상세 (PDP),78
https://www.lg.com/ca_en/cell-phones/eac62858501/,Canada,제품 상세 (PDP),81
https://www.lg.com/ca_en/computer/gh22ns50/,Canada,제품 상세 (PDP),78
https://www.lg.com/ca_en/care-accessories/dryers/rack-stacking-kit/3750el0001c/,Canada,제품 상세 (PDP),78
https://www.lg.com/ca_en/cooking-appliances/microwave-ovens/lmv2085ss/,Canada,제품 상세 (PDP),81
https://www.lg.com/ca_en/computer/gp08nu20/,Canada,제품 상세 (PDP),78
https://www.lg.com/ca_en/cell-phones/lgp925g/,Canada,제품 상세 (PDP),81
https://www.lg.com/ca_en/dishwashers/ldf8922st/,Canada,제품 상세 (PDP),81
https://www.lg.com/ca_en/cooking-appliances/microwave-ovens/lmv1680db/,Canada,제품 상세 (PDP),81
https://www.lg.com/ca_en/cooking-appliances/microwave-ovens/lms1271ss/,Canada,제품 상세 (PDP),81
https://www.lg.com/ca_en/computer/gp08lu30/,Canada,제품 상세 (PDP),78
https://www.lg.com/ca_en/dishwashers/lds5811ww/,Canada,제품 상세 (PDP),81
https://www.lg.com/ca_en/laundry/dryers/dlex8000v/,Canada,제품 상세 (PDP),81
https://www.lg.com/ca_en/laundry/washers/wm4370hka/,Canada,제품 상세 (PDP),78
https://www.lg.com/ca_en/heating-and-cooling/residential-solutions/lan120hyv3/,Canada,제품 상세 (PDP),78
https://www.lg.com/ca_en/laundry/dryers/dlgx3471v/,Canada,제품 상세 (PDP),81
https://www.lg.com/ca_en/laundry/laundry-bundles/wd8900b-b/,Canada,제품 상세 (PDP),81
https://www.lg.com/ca_en/laundry/dryers/dle3733w/,Canada,제품 상세 (PDP),81
https://www.lg.com/ca_en/laundry/washers/wt7305cw/,Canada,제품 상세 (PDP),78
https://www.lg.com/ca_en/lifestyle-packages/mhbb27lx/,Canada,제품 상세 (PDP),79
https://www.lg.com/ca_en/laundry/dryers/dlhc8402w/,Canada,제품 상세 (PDP),82
https://www.lg.com/ca_en/laundry/dryers/dlhc1455v/,Canada,제품 상세 (PDP),81
https://www.lg.com/ca_en/laundry/dryers/dlex4070v/,Canada,제품 상세 (PDP),78
https://www.lg.com/ca_en/lg-mobile-phones/smartphones/lmg850um2x/,Canada,제품 상세 (PDP),81
https://www.lg.com/ca_en/lifestyle-packages/mhbb27lxs3m/,Canada,제품 상세 (PDP),79
https://www.lg.com/ca_en/laundry/dryers/dle4901w/,Canada,제품 상세 (PDP),81
https://www.lg.com/ca_en/massage-recliner/mh21bb/,Canada,제품 상세 (PDP),79
https://www.lg.com/ca_en/monitors/gaming/27g64na-b/,Canada,제품 상세 (PDP),81
https://www.lg.com/ca_en/monitors/fhd-qhd/22mp41w-b/,Canada,제품 상세 (PDP),78
https://www.lg.com/ca_en/monitors/gaming/24gn60r-b/,Canada,제품 상세 (PDP),78
https://www.lg.com/ca_en/monitors/gaming/24gs60f-b/,Canada,제품 상세 (PDP),78
https://www.lg.com/ca_en/monitors/fhd-qhd/27gn800-b/,Canada,제품 상세 (PDP),78
https://www.lg.com/ca_en/microwave-ovens/over-the-range/lmv2055st/,Canada,제품 상세 (PDP),78
https://www.lg.com/ca_en/microwave-ovens/countertop/lmc2075bd/,Canada,제품 상세 (PDP),81
https://www.lg.com/ca_en/monitors/fhd-qhd/w2252tg-tf/,Canada,제품 상세 (PDP),81
https://www.lg.com/ca_en/lifestyle-screens/stanbyme/27art10akpl/,Canada,제품 상세 (PDP),81
https://www.lg.com/ca_en/refrigerators/bottom-freezer/lbnc12251v/,Canada,제품 상세 (PDP),81
https://www.lg.com/ca_en/monitors/uhd-4k-5k/32u990a-s/,Canada,제품 상세 (PDP),76
https://www.lg.com/ca_en/refrigerators/french-door/lryxc2606d/,Canada,제품 상세 (PDP),79
https://www.lg.com/ca_en/monitors/uhd-4k-5k/40u990a-w/,Canada,제품 상세 (PDP),76
https://www.lg.com/ca_en/monitors/gaming/32gp83b-b/,Canada,제품 상세 (PDP),81
https://www.lg.com/ca_en/monitors/ultrawide/27uk600-w/,Canada,제품 상세 (PDP),81
https://www.lg.com/ca_en/speakers/hi-fi-systems/on5/,Canada,제품 상세 (PDP),78
https://www.lg.com/ca_en/refrigerators/french-door/lrmvc2306s/,Canada,제품 상세 (PDP),81
https://www.lg.com/ca_en/speakers/soundbars/las950m/,Canada,제품 상세 (PDP),81
https://www.lg.com/ca_en/speakers/soundbars/sj4y/,Canada,제품 상세 (PDP),78
https://www.lg.com/ca_en/monitors/smart-monitors/27sr50f-e/,Canada,제품 상세 (PDP),79
https://www.lg.com/ca_en/speakers/soundbars/lac7/,Canada,제품 상세 (PDP),81
https://www.lg.com/ca_en/monitors/ultrawide/24gn650-b/,Canada,제품 상세 (PDP),78
https://www.lg.com/ca_en/speakers/soundbars/nb5540/,Canada,제품 상세 (PDP),81
https://www.lg.com/ca_en/refrigerators/french-door/lfc23969st/,Canada,제품 상세 (PDP),78
https://www.lg.com/ca_en/refrigerators/bottom-freezer/ltn19315st/,Canada,제품 상세 (PDP),78
https://www.lg.com/ca_en/refrigerators/french-door/lsc24971st/,Canada,제품 상세 (PDP),78
https://www.lg.com/ca_en/refrigerators/bottom-freezer/ldc22738sb/,Canada,제품 상세 (PDP),78
https://www.lg.com/ca_en/refrigerators/fridge-freezers-accessory/mk2030nbd/,Canada,제품 상세 (PDP),75
https://www.lg.com/ca_en/refrigerators/bottom-freezer/ldc22778sw/,Canada,제품 상세 (PDP),81
https://www.lg.com/ca_en/speakers/xboom/on7/,Canada,제품 상세 (PDP),78
https://www.lg.com/ca_en/tv-soundbars/oled-evo/oled97g5wua/,Canada,제품 상세 (PDP),81
https://www.lg.com/ca_en/ces-2025/myview-smart-monitor/,Canada,제품 카테고리 (PLP),77
https://www.lg.com/ca_en/tv-soundbars/oled-evo/oled55c2pua/,Canada,제품 상세 (PDP),78
https://www.lg.com/ca_en/tv-soundbars/nanocell/50nano75upa/,Canada,제품 상세 (PDP),81
https://www.lg.com/ca_en/best-seats/rules/,Canada,제품 카테고리 (PLP),73
https://www.lg.com/ca_en/tv-soundbars/nanocell/65nano80una/,Canada,제품 상세 (PDP),81
https://www.lg.com/ca_en/tv-soundbars/4k-uhd-tvs/50uq9000pud/,Canada,제품 상세 (PDP),78
https://www.lg.com/ca_en/tv-soundbars/oled/oled65g7p/,Canada,제품 상세 (PDP),78
https://www.lg.com/ca_en/lg-innovation-stories/index/,Canada,제품 카테고리 (PLP),73
https://www.lg.com/ca_en/lgneochef/spaghetti-arabiatta/,Canada,제품 카테고리 (PLP),71
https://www.lg.com/ca_en/gaming/gaming-equipment-and-peripherals/,Canada,제품 카테고리 (PLP),67
https://www.lg.com/ca_en/laundry-appliances/coretech/washing-machine/,Canada,제품 카테고리 (PLP),71
https://www.lg.com/ca_en/lgneochef/lgoven/,Canada,제품 카테고리 (PLP),74
https://www.lg.com/ca_en/information-display/detail/,Canada,제품 카테고리 (PLP),67
https://www.lg.com/ca_en/offers/all-appliances-deals/,Canada,제품 카테고리 (PLP),80
https://www.lg.com/ca_en/computer-products/,Canada,제품 카테고리 (PLP),74
https://www.lg.com/ca_en/lg-sustainable-living/eight-ways-to-live-more-green/,Canada,제품 카테고리 (PLP),73
https://www.lg.com/ca_en/lge-terms/,Canada,제품 카테고리 (PLP),67
https://www.lg.com/ca_en/tv-soundbars/4k-uhd-tvs/55un7300aud/,Canada,제품 상세 (PDP),78
https://www.lg.com/ca_en/tv-soundbars/4k-uhd-tvs/oled77c1aub/,Canada,제품 상세 (PDP),81
https://www.lg.com/ca_en/tv-soundbars/4k-uhd-tvs/86uq7070zud/,Canada,제품 상세 (PDP),78
https://www.lg.com/ca_en/tumble-dryers/dlgx4201b/,Canada,제품 상세 (PDP),78
https://www.lg.com/ca_en/tumble-dryers/dlex7250w/,Canada,제품 상세 (PDP),81
https://www.lg.com/ca_en/tv-soundbars/4k-uhd-tvs/55up8000pua/,Canada,제품 상세 (PDP),81
https://www.lg.com/ca_en/appliance-accessories/laundry-accessories/,Canada,제품 카테고리 (PLP),83
https://www.lg.com/ca_en/webos-smart-tv/promotion/,Canada,제품 카테고리 (PLP),77
https://www.lg.com/ca_en/washing-machines/twinwash/story/,Canada,제품 카테고리 (PLP),71
https://www.lg.com/ca_en/soundbars/eco-minded-soundbars/,Canada,제품 카테고리 (PLP),73
https://www.lg.com/ca_en/shop/all-promotions/clearance-sales-on-a-select-monitor-laptop/,Canada,제품 카테고리 (PLP),80
https://www.lg.com/ca_en/rebates-and-offers/,Canada,제품 카테고리 (PLP),77
https://www.lg.com/ca_en/shop/all-promotions/speed-into-the-new-year/,Canada,제품 카테고리 (PLP),77
https://www.lg.com/ca_en/shop-reliable-home-appliances/,Canada,제품 카테고리 (PLP),77
https://www.lg.com/ca_en/shop/all-promotions/buy-more-save-more-on-qualifying-lg-appliances/,Canada,제품 카테고리 (PLP),80
https://www.lg.com/ca_en/sitemap/,Canada,제품 카테고리 (PLP),77
https://www.lg.com/ca_en/washtower/story/,Canada,제품 카테고리 (PLP),77
https://www.lg.com/ca_en/ultimatelaundryroom/,Canada,제품 카테고리 (PLP),70
https://www.lg.com/ca_en/shop/all-promotions/price-match-guarantee/,Canada,제품 카테고리 (PLP),83
https://www.lg.com/ca_en/air-solutions-accessories/air-purifier-accessories/,Canada,제품 카테고리 (PLP),83
https://www.lg.com/ca_en/appliance-accessories/other-appliance-accessories/,Canada,제품 카테고리 (PLP),80
https://www.lg.com/ca_en/cooking-appliances/hoods/,Canada,제품 카테고리 (PLP),80
https://www.lg.com/ca_en/heating-and-cooling/window-air-conditioner/,Canada,제품 카테고리 (PLP),80
https://www.lg.com/ca_en/cooking-appliances/microwave-ovens/,Canada,제품 카테고리 (PLP),83
https://www.lg.com/ca_en/heating-and-cooling/water-heating-solutions/,Canada,제품 카테고리 (PLP),77
https://www.lg.com/ca_en/heating-and-cooling/residential-solutions/,Canada,제품 카테고리 (PLP),83
https://www.lg.com/ca_en/dishwashers/front-control/,Canada,제품 카테고리 (PLP),83
https://www.lg.com/ca_en/cooktops/gas-cooktops/,Canada,제품 카테고리 (PLP),73
https://www.lg.com/ca_en/cooktops/electric-cooktops/,Canada,제품 카테고리 (PLP),73
https://www.lg.com/ca_en/care-accessories/vacuum-cleaners/filter-dust-bag/,Canada,제품 카테고리 (PLP),80
https://www.lg.com/ca_en/dishwashers/all-dishwashers/,Canada,제품 카테고리 (PLP),77
https://www.lg.com/ca_en/kitchen-packages/platinum-package/,Canada,제품 카테고리 (PLP),83
https://www.lg.com/ca_en/care-accessories/refrigerators/shelf/,Canada,제품 카테고리 (PLP),83
https://www.lg.com/ca_en/kitchen-packages/,Canada,제품 카테고리 (PLP),80
https://www.lg.com/ca_en/care-accessories/vacuum-cleaners/battery-adapter-charger/,Canada,제품 카테고리 (PLP),83
https://www.lg.com/ca_en/laundry/styler/,Canada,제품 카테고리 (PLP),80
https://www.lg.com/ca_en/laundry/front-load-washers/,Canada,제품 카테고리 (PLP),67
https://www.lg.com/ca_en/laundry/discover-ai-dd/,Canada,제품 카테고리 (PLP),67
https://www.lg.com/ca_en/laundry/discover-the-lg-connected-home/,Canada,제품 카테고리 (PLP),63
https://www.lg.com/ca_en/laundry/discover-lg-styler/,Canada,제품 카테고리 (PLP),67
https://www.lg.com/ca_en/laundry/electric-dryers/,Canada,제품 카테고리 (PLP),63
https://www.lg.com/ca_en/laundry/gas-dryers/,Canada,제품 카테고리 (PLP),63
https://www.lg.com/ca_en/laundry/all-in-one-washer-dryer-combo/,Canada,제품 카테고리 (PLP),63
https://www.lg.com/ca_en/care-accessories/range-oven-cooktops/knob/,Canada,제품 카테고리 (PLP),83
https://www.lg.com/ca_en/laptops/all-laptops/,Canada,제품 카테고리 (PLP),80
https://www.lg.com/ca_en/kitchen-packages/titanium-package/,Canada,제품 카테고리 (PLP),83
https://www.lg.com/ca_en/lifestyle-screens/stanbyme/,Canada,제품 카테고리 (PLP),80
https://www.lg.com/ca_en/monitors/gaming/,Canada,제품 카테고리 (PLP),87
https://www.lg.com/ca_en/laundry/wash-tower/,Canada,제품 카테고리 (PLP),80
https://www.lg.com/ca_en/refrigerators/side-by-side/,Canada,제품 카테고리 (PLP),77
https://www.lg.com/ca_en/monitors/qhd/,Canada,제품 카테고리 (PLP),83
https://www.lg.com/ca_en/lifestyle-screens/flex/,Canada,제품 카테고리 (PLP),80
https://www.lg.com/ca_en/monitors/fhd-qhd/,Canada,제품 카테고리 (PLP),77
https://www.lg.com/ca_en/monitors/all-monitors/,Canada,제품 카테고리 (PLP),77
https://www.lg.com/ca_en/monitors/ultragear-evo/,Canada,제품 카테고리 (PLP),87
https://www.lg.com/ca_en/lg-studio/laundry/,Canada,제품 카테고리 (PLP),83
https://www.lg.com/ca_en/monitors/smart/,Canada,제품 카테고리 (PLP),83
https://www.lg.com/ca_en/refrigerators/door-in-door/,Canada,제품 카테고리 (PLP),67
https://www.lg.com/ca_en/lg-mobile-phones/smartphones/,Canada,제품 카테고리 (PLP),67
https://www.lg.com/ca_en/refrigerators/instaview-door-in-door/,Canada,제품 카테고리 (PLP),67
https://www.lg.com/ca_en/lifestyle-screens/pose/,Canada,제품 카테고리 (PLP),83
https://www.lg.com/ca_en/microwave-ovens/microwaves/,Canada,제품 카테고리 (PLP),70
https://www.lg.com/ca_en/laundry/tumble-dryers/,Canada,제품 카테고리 (PLP),80
https://www.lg.com/ca_en/monitors/full-hd/,Canada,제품 카테고리 (PLP),83
https://www.lg.com/ca_en/projectors/portable-lifestyle-projectors/,Canada,제품 카테고리 (PLP),73
https://www.lg.com/ca_en/laundry/washing-machines/,Canada,제품 카테고리 (PLP),77
https://www.lg.com/ca_en/tv-soundbars/oled/?ec_ft_07543752=77_-_85_inch,Canada,제품 카테고리 (PLP),87
https://www.lg.com/ca_en/tv-soundbars/oled-evo/,Canada,제품 카테고리 (PLP),77
https://www.lg.com/ca_en/support/announcement/CANTC20220601152390/,Canada,Support - 일반,75
https://www.lg.com/ca_en/support/smart-thinq-alexa-voice-control/,Canada,Support - 일반,72
https://www.lg.com/ca_en/tv-soundbars/qned-evo/,Canada,제품 카테고리 (PLP),80
https://www.lg.com/ca_en/tv-soundbars/all-tv-soundbars/?ec_ft_07543752=70_-_75_inch,Canada,제품 카테고리 (PLP),80
https://www.lg.com/ca_en/tv-soundbars/all-tv-soundbars/?ec_ft_07543752=42_-_48_inch,Canada,제품 카테고리 (PLP),77
https://www.lg.com/ca_en/tv-soundbars/oled/?ec_ft_07543752=42_-_48_inch,Canada,제품 카테고리 (PLP),90
https://www.lg.com/ca_en/tv-soundbars/nanocell/?ec_ft_07543752=55_inch,Canada,제품 카테고리 (PLP),83
https://www.lg.com/ca_en/tv-soundbars/nanocell/,Canada,제품 카테고리 (PLP),80
https://www.lg.com/ca_en/tv-soundbars/oled-evo/?ec_ft_07543752=42_-_48_inch,Canada,제품 카테고리 (PLP),80
https://www.lg.com/ca_en/tv-soundbars/oled/?ec_ft_07543752=55_inch,Canada,제품 카테고리 (PLP),90
https://www.lg.com/ca_en/support/contact-us/,Canada,Support - 일반,89
https://www.lg.com/ca_en/support/,Canada,Support - 일반,82
https://www.lg.com/ca_en/support/contact-us/complaints/,Canada,Support - 일반,82
https://www.lg.com/ca_en/support/additional-support/,Canada,Support - 일반,64
https://www.lg.com/ca_en/support/contact-us/email-to-ceo/failure/,Canada,Support - 일반,79
https://www.lg.com/ca_en/support/contact-us/document-upload/success/,Canada,Support - 일반,75
https://www.lg.com/ca_en/support/adobe_qa/,Canada,Support - 일반,68
https://www.lg.com/ca_en/support/contact-us/document-upload/failure/,Canada,Support - 일반,79
https://www.lg.com/ca_en/support/contact-us/document-upload/,Canada,Support - 일반,93
https://www.lg.com/ca_en/support/contact-us/email-to-ceo/,Canada,Support - 일반,86
https://www.lg.com/ca_en/refrigerators/specialty-kimchi-fridges/,Canada,제품 카테고리 (PLP),67
https://www.lg.com/ca_en/speakers/gaming-speakers/,Canada,제품 카테고리 (PLP),83
https://www.lg.com/ca_en/support/contact-us/lg-customer-care-number-call-lg-support/,Canada,Support - 일반,79
https://www.lg.com/ca_en/support/contact-us/email-us/failure/,Canada,Support - 일반,79
https://www.lg.com/ca_en/support/contact-us/service-via-whatsapp/,Canada,Support - 일반,82
https://www.lg.com/ca_en/support/contact-us/inquiry-status/failure/,Canada,Support - 일반,75
https://www.lg.com/ca_en/support/contact-us/share-your-feedback/,Canada,Support - 일반,86
https://www.lg.com/ca_en/support/contactus/document-upload/,Canada,Support - 일반,75
https://www.lg.com/ca_en/support/contact-us/share-your-feedback/failure/,Canada,Support - 일반,75
https://www.lg.com/ca_en/support/contact-us/inquiry-status/,Canada,Support - 일반,82
https://www.lg.com/ca_en/support/contact-us/share-your-feedback/success/,Canada,Support - 일반,79
https://www.lg.com/ca_en/support/contact-us/remote-service-appointment/request-failed/,Canada,Support - 일반,75
https://www.lg.com/ca_en/support/contact-us/email-to-ceo/success/,Canada,Support - 일반,79
https://www.lg.com/ca_en/support/contactus/chat-with-us/,Canada,Support - 일반,71
https://www.lg.com/ca_en/support/contact-us/email-us/success/,Canada,Support - 일반,79
https://www.lg.com/ca_en/support/contact-us/find-service-centre/,Canada,Support - 일반,82
https://www.lg.com/ca_en/support/contact-us/email-us/,Canada,Support - 일반,79
https://www.lg.com/ca_en/support/contactus/call-us/,Canada,Support - 일반,71
https://www.lg.com/ca_en/support/contact-us/remote-service-appointment/request-complete/,Canada,Support - 일반,79
https://www.lg.com/ca_en/support/contact-us/inquiry-status/inquiry-result/,Canada,Support - 일반,89
https://www.lg.com/ca_en/support/contact-us/notice/,Canada,Support - 일반,79
https://www.lg.com/ca_en/support/contact-us/remote-service-appointment/,Canada,Support - 일반,86
https://www.lg.com/ca_en/support/product-support/manuals-software/,Canada,Support - 일반,82
https://www.lg.com/ca_en/support/order-support/,Canada,Support - 일반,79
https://www.lg.com/ca_en/support/product-support/fota/,Canada,Support - 일반,82
https://www.lg.com/ca_en/support/contactus/inquiry-status/inquiry-result/,Canada,Support - 일반,71
https://www.lg.com/ca_en/support/lgcanada-directservice/,Canada,Support - 일반,82
https://www.lg.com/ca_en/support/lgthinq-with-voice-assistant/,Canada,Support - 일반,82
https://www.lg.com/ca_en/support/product-support/,Canada,Support - 일반,82
https://www.lg.com/ca_en/support/contactus/your-voice-to-the-president/,Canada,Support - 일반,68
https://www.lg.com/ca_en/support/order-support/frequently-asked-questions/,Canada,Support - 일반,82
https://www.lg.com/ca_en/support/contactus/lg-best-Shop/,Canada,Support - 일반,68
https://www.lg.com/ca_en/support/order-support/track-my-order/,Canada,Support - 일반,79
https://www.lg.com/ca_en/support/contactus/share-your-feedback/,Canada,Support - 일반,71
https://www.lg.com/ca_en/support/product-support/extended-warranty/,Canada,Support - 일반,68
https://www.lg.com/ca_en/support/nee-a-unblock-code/,Canada,Support - 일반,64
https://www.lg.com/ca_en/support/contactus/service-center/,Canada,Support - 일반,71
https://www.lg.com/ca_en/support/contactus/share-your-feedback/success/,Canada,Support - 일반,68
https://www.lg.com/ca_en/support/contactus/share-your-feedback/failure/,Canada,Support - 일반,71
https://www.lg.com/ca_en/support/contactus/live-remote-service-appointment/,Canada,Support - 일반,68
https://www.lg.com/ca_en/support/contactus/whatsapp/,Canada,Support - 일반,71
https://www.lg.com/ca_en/support/glossary/,Canada,Support - 일반,86
https://www.lg.com/ca_en/support/product-support/product-registration/,Canada,Support - 일반,79
https://www.lg.com/ca_en/support/product-support/right-to-repair/,Canada,Support - 일반,82
https://www.lg.com/ca_en/support/product-support/product-registration/registration-complete/,Canada,Support - 일반,82
https://www.lg.com/ca_en/support/product-support/repair-request/form/,Canada,Support - 일반,71
https://www.lg.com/ca_en/support/product-support/repair-request/track-repair-detail/,Canada,Support - 일반,86
https://www.lg.com/ca_en/support/product-support/product-registration/registration-failed/,Canada,Support - 일반,79
https://www.lg.com/ca_en/support/product-support/reservation/,Canada,Support - 일반,64
https://www.lg.com/ca_en/support/product-support/repair-request/,Canada,Support - 일반,82
https://www.lg.com/ca_en/support/warranty-terms/,Canada,Support - 일반,89
https://www.lg.com/ca_en/support/product-support/troubleshoot/,Canada,Support - Troubleshoot,76
https://www.lg.com/ca_en/support/product-support/scan-qr-Code/,Canada,Support - 일반,68
https://www.lg.com/ca_en/support/warranty-terms/promotion-disclaimer/,Canada,Support - 일반,82
https://www.lg.com/ca_en/support/warranty-terms/installation-parts/,Canada,Support - 일반,86
https://www.lg.com/ca_en/support/product-support/track-my-repair/,Canada,Support - 일반,71
https://www.lg.com/ca_en/support/product-support/warranty/,Canada,Support - 일반,82
https://www.lg.com/ca_en/support/product-support/select-model-number/,Canada,Support - 일반,68
https://www.lg.com/ca_en/support/product-support/warranty-coverage-program/,Canada,Support - 일반,71
https://www.lg.com/ca_en/support/product-support/troubleshoot/help-library/,Canada,Support - Troubleshoot,79
https://www.lg.com/ca_en/support/thinq/,Canada,Support - 일반,69
https://www.lg.com/ca_en/support/product-support/warranty-information/,Canada,Support - 일반,86
https://www.lg.com/ca_en/support/repair-support/track-a-repair/request-repair-form/form/,Canada,Support - 일반,82
https://www.lg.com/ca_en/support/sign-language-support/,Canada,Support - 일반,79
https://www.lg.com/de/uber-lg/presse-and-medien/pressekontakt/,Germany,Global Newsroom,83
https://www.lg.com/de/uber-lg/unsere-marke/,Germany,Microsite,77
https://www.lg.com/de/uber-lg/karriere/stellenangebote/,Germany,Global Newsroom,83
https://www.lg.com/de/uber-lg/karriere/,Germany,Global Newsroom,83
https://www.lg.com/de/uber-lg/stellenangebote/,Germany,Global Newsroom,83
https://www.lg.com/de/uber-lg/stellenangebote/Assistant-Order-Fulfillment-m-w-d/,Germany,Global Newsroom,72
https://www.lg.com/de/uber-lg/soziale-verantwortung/umweltsicherheit/,Germany,Global Newsroom,72
https://www.lg.com/de/uber-lg/nachhaltigkeit/,Germany,Global Newsroom,83
https://www.lg.com/de/uber-lg/soziale-verantwortung/,Germany,Global Newsroom,83
https://www.lg.com/de/uber-lg/soziale-verantwortung/,Germany,Global Newsroom,83
https://www.lg.com/de/uber-lg/stellenangebote/Accountant-AP-m-w-d/,Germany,Global Newsroom,72
https://www.lg.com/de/uber-lg/,Germany,Global Newsroom,83
https://www.lg.com/de/uber-lg/soziale-verantwortung/klimawandel-energie/,Germany,Global Newsroom,76
https://www.lg.com/de/uber-lg/stellenangebote/Automotive-Sale-Assistant-m-w-d/,Germany,Global Newsroom,76
https://www.lg.com/de/uber-lg/index/,Germany,Global Newsroom,72
https://www.lg.com/de/uber-lg/presse-and-medien/pressekontakt/presse/,Germany,Global Newsroom,76
https://www.lg.com/de/uber-lg/presse-and-medien/pressekontakt/,Germany,Global Newsroom,83
https://www.lg.com/de/uber-lg/presse-and-medien/,Germany,Global Newsroom,79
https://www.lg.com/de/uber-lg/,Germany,Global Newsroom,83
https://www.lg.com/de/buying-guides/monitor-lineup-guide/,Germany,구매 가이드,77
https://www.lg.com/de/tvs-und-soundbars/tv-buying-guide/tv-size/,Germany,구매 가이드,72
https://www.lg.com/de/tvs-und-soundbars/tv-buying-guide/lifestyle/,Germany,구매 가이드,69
https://www.lg.com/de/monitore/monitore-buying-guide/monitor-spec-wiki_qa/,Germany,구매 가이드,71
https://www.lg.com/de/tv/oled-tv/2021/oled-buying-guide/,Germany,구매 가이드,74
https://www.lg.com/de/buying-guide/,Germany,구매 가이드,74
https://www.lg.com/de/buying-guides/ultragear-buying-guide/,Germany,구매 가이드,72
https://www.lg.com/de/tvs-und-soundbars/tv-buying-guide/tv-technology/what-is-4k-tv/,Germany,구매 가이드,75
https://www.lg.com/de/tvs-und-soundbars/tv-buying-guide/what-is-a-smart-tv-ai-tv/,Germany,구매 가이드,74
https://www.lg.com/de/monitore/monitore-buying-guide/monitor-lineup_qa/,Germany,구매 가이드,74
https://www.lg.com/de/tvs-und-soundbars/tv-buying-guide/tv-spec-wiki_qa/,Germany,구매 가이드,71
https://www.lg.com/de/buying-guides/refrigerator-spec-library/,Germany,구매 가이드,75
https://www.lg.com/de/buying-guide/washing-machines-type/,Germany,구매 가이드,84
https://www.lg.com/de/buying-guides/laundry-spec-library/,Germany,구매 가이드,75
https://www.lg.com/de/tvs-und-soundbars/tv-buying-guide/tv-technology/oled-vs-qned/,Germany,구매 가이드,69
https://www.lg.com/de/buying-guides/monitor-spec-library/,Germany,구매 가이드,75
https://www.lg.com/de/buying-guides/tv-lineup-guide/,Germany,구매 가이드,84
https://www.lg.com/de/buying-guides/tv-spec-library/,Germany,구매 가이드,78
https://www.lg.com/de/buying-guide/washing-machines-size-capacity/,Germany,구매 가이드,87
https://www.lg.com/de/lg-experience/inspiration/kaufberatung-beamer,Germany,LG Experience,67
https://www.lg.com/de/lg-experience/hilfreiche-tipps/spuelmaschine-reinigen,Germany,LG Experience,67
https://www.lg.com/de/lg-experience/inspiration/ai-tvs-fuer-bild-und-sound,Germany,LG Experience,67
https://www.lg.com/de/lg-experience/hilfreiche-tipps/was-ist-eine-warmepumpe,Germany,LG Experience,67
https://www.lg.com/de/lg-experience/inspiration/moderne-fernseher-und-tv-designs,Germany,LG Experience,67
https://www.lg.com/de/lg-experience/hilfreiche-tipps/waesche-waschen-kleidung-pflegen,Germany,LG Experience,67
https://www.lg.com/de/tvs-und-soundbars/tv-buying-guide/,Germany,구매 가이드,77
https://www.lg.com/de/lg-experience/hilfreiche-tipps/welchen-laptop-kaufen,Germany,LG Experience,67
https://www.lg.com/de/lg-experience/hilfreiche-tipps/edelstahl-kuehlschrank-reinigen,Germany,LG Experience,67
https://www.lg.com/de/lg-experience/hilfreiche-tipps/sind-curved-monitore-sinnvoll,Germany,LG Experience,67
https://www.lg.com/de/lg-experience/inspiration/budgetfreundliche-monitore,Germany,LG Experience,67
https://www.lg.com/de/lg-experience/hilfreiche-tipps/laptop-schuetzen-leitfaden-cybersecurity,Germany,LG Experience,67
https://www.lg.com/de/lg-experience/hilfreiche-tipps/toplader-oder-frontlader,Germany,LG Experience,70
https://www.lg.com/de/lg-experience/inspiration/geschichte-des-kuehlschranks,Germany,LG Experience,67
https://www.lg.com/de/lg-experience/hilfreiche-tipps/saugroboter-oder-akkusauger,Germany,LG Experience,67
https://www.lg.com/de/lg-experience/tech-hub/magic-remote-bedienungsanleitung,Germany,LG Experience,67
https://www.lg.com/de/lg-experience/tech-hub/webos-tv-bedienungsanleitung,Germany,LG Experience,67
https://www.lg.com/de/lg-experience/hilfreiche-tipps/welche-groesse-fuer-gaming-monitor,Germany,LG Experience,67
https://www.lg.com/de/lg-experience/hilfreiche-tipps/produktivit-t-steigern-mit-ki,Germany,LG Experience,67
https://www.lg.com/de/lg-experience/inspiration/laptop-zum-schreiben,Germany,LG Experience,70
https://www.lg.com/de/lg-experience/inspiration/beste-reise-gadgets,Germany,LG Experience,67
https://www.lg.com/de/lg-experience/inspiration/11-jahre-lg-oled,Germany,LG Experience,67
https://www.lg.com/de/lg-experience/hilfreiche-tipps/laptop-akku-schonen,Germany,LG Experience,70
https://www.lg.com/de/lg-experience/tech-hub/soundbars-f-r-lg-fernseher,Germany,LG Experience,67
https://www.lg.com/de/lg-experience/hilfreiche-tipps/multitasking-mit-dual-monitoren,Germany,LG Experience,67
https://www.lg.com/de/lg-experience/hilfreiche-tipps/smart-home-automation-thinq-effizientes-wohnen,Germany,LG Experience,67
https://www.lg.com/de/lg-experience/inspiration/stilvolle-technik-geschenke-fuer-frauen,Germany,LG Experience,70
https://www.lg.com/de/lg-experience/unsere-stories/lg-wing,Germany,LG Experience,65
https://www.lg.com/de/lg-experience/inspiration/technischer-fortschritt,Germany,LG Experience,67
https://www.lg.com/de/lg-experience/inspiration/lg-camping-zubehoer,Germany,LG Experience,67
https://www.lg.com/de/lg-experience/neuigkeiten/lg-software-upgrade-center-halt-smartphones-auf-dem-neuesten-stand,Germany,LG Experience,70
https://www.lg.com/de/lg-experience/inspiration/heimkino-einrichten,Germany,LG Experience,67
https://www.lg.com/de/lg-experience/inspiration/gaming-zimmer-ideen,Germany,LG Experience,67
https://www.lg.com/de/lg-experience/inspiration/man-cave-ideen,Germany,LG Experience,70
https://www.lg.com/de/lg-experience/neuigkeiten/lg-ces-2019-highlights,Germany,LG Experience,68
https://www.lg.com/de/lg-experience/inspiration/ifa-2018-keynote-rede-entwickeln-verbinden-oeffnen,Germany,LG Experience,65
https://www.lg.com/de/lg-experience/neuigkeiten/erfahren-sie-mehr-ueber-lg-velvet,Germany,LG Experience,70
https://www.lg.com/de/lg-experience/inspiration/homeoffice-einrichten,Germany,LG Experience,67
https://www.lg.com/de/lg-experience/neuigkeiten/weihnachts-wunderland-mit-dem-lg-v30,Germany,LG Experience,68
https://www.lg.com/de/lg-experience/neuigkeiten/ifa-2018-lg-technologie-micro-led-commercial-displays,Germany,LG Experience,68
https://www.lg.com/de/lg-experience/inspiration/smart-home-ideen,Germany,LG Experience,70
https://www.lg.com/de/lg-experience/hilfreiche-tipps/hochwertige-geschenke-fuer-maenner,Germany,LG Experience,67
https://www.lg.com/de/lg-experience/neuigkeiten/was-ist-5g-lg-mobil-mobile-plaene,Germany,LG Experience,67
https://www.lg.com/de/lg-experience/inspiration/smartphone-g8x-ifa-guide,Germany,LG Experience,67
https://www.lg.com/de/lg-experience/neuigkeiten/smarter-kuhlschrank-ifa-2019-instaview,Germany,LG Experience,67
https://www.lg.com/de/lg-experience/inspiration/ifa-2019-alle-blickfaenge-von-lg-im-ueberblick,Germany,LG Experience,67
https://www.lg.com/de/lg-experience/hilfreiche-tipps/lg-wing-handy-schwingfunktion-dual-display,Germany,LG Experience,65
https://www.lg.com/de/lg-experience/hilfreiche-tipps/geschenkeratgeber-f-r-weihnachten,Germany,LG Experience,67
https://www.lg.com/de/lg-experience/hilfreiche-tipps/lg-webos-macht-aus-ihrem-tv-einen-smart-tv,Germany,LG Experience,67
https://www.lg.com/de/lg-experience/neuigkeiten/die-ankuendigung-der-smartphone-revolution,Germany,LG Experience,70
https://www.lg.com/de/lg-experience/neuigkeiten/lg-velvet-mit-revolutionaerem-kamerasystem,Germany,LG Experience,70
https://www.lg.com/de/lg-experience/neuigkeiten/ifa-2018-signature-kitchen-suite-setzt-neue-massstaebe,Germany,LG Experience,68
https://www.lg.com/de/lg-experience/tech-hub/welche-soundbar-ist-die-richtige-fuer-sie-lg,Germany,LG Experience,67
https://www.lg.com/de/lg-experience/tech-hub/lg-entertainment-8k-oled-tvs,Germany,LG Experience,67
https://www.lg.com/de/lg-experience/inspiration/smarte-waschmaschine-ai-dd,Germany,LG Experience,70
https://www.lg.com/de/lg-experience/tech-hub/der-beste-oled-tv-f-r-das-ultimative-sehvergn-gen,Germany,LG Experience,65
https://www.lg.com/de/lg-experience/inspiration/life-is-good-wenn-man-den-ganzen-tag-fruehstueckt-mit-lg-v30-und-neochef,Germany,LG Experience,65
https://www.lg.com/de/lg-experience/unsere-stories/lgxsge,Germany,LG Experience,63
https://www.lg.com/de/lg-experience/tech-hub/smarte-serviceroboter-von-lg,Germany,LG Experience,70
https://www.lg.com/de/lg-experience/tech-hub/evolution-des-fernsehens-die-neue-lg-oled-evo-technologie,Germany,LG Experience,70
https://www.lg.com/de/lg-experience/neuigkeiten/rollable-tv-ifa-lifestyle,Germany,LG Experience,67
https://www.lg.com/de/lg-experience/hilfreiche-tipps/k-hles-rundes-craft-ice-aus-dem-lg-instaview-side-by-side,Germany,LG Experience,67
https://www.lg.com/de/lg-experience/hilfreiche-tipps/lg-ger-te-gesund-essen,Germany,LG Experience,70
https://www.lg.com/de/lg-experience/hilfreiche-tipps/bluetooth-kopfh-rer-und-lautsprecher-f-r-unterwegs,Germany,LG Experience,67
https://www.lg.com/de/lg-experience/hilfreiche-tipps/lg-wing-smartphone-gimbal-kamera,Germany,LG Experience,67
https://www.lg.com/de/lg-experience/hilfreiche-tipps/kreativitaet-fuer-herzensprojekte-entfesseln,Germany,LG Experience,67
https://www.lg.com/de/lg-experience/hilfreiche-tipps/filmspass-fuer-zu-hause-das-eigene-heimkino-einrichten,Germany,LG Experience,67
https://www.lg.com/de/lg-experience/neuigkeiten/lg-gram-notebook-erfahrung,Germany,LG Experience,70
https://www.lg.com/de/lg-experience/hilfreiche-tipps/die-wahrheit-ueber-waermepumpen,Germany,LG Experience,70
https://www.lg.com/de/lg-experience/tech-hub/geschenkideen-von-lg,Germany,LG Experience,67
https://www.lg.com/de/lg-experience/inspiration/lg-signature-oled-design-week,Germany,LG Experience,65
https://www.lg.com/de/lg-experience/tech-hub/augenschonender-monitor,Germany,LG Experience,67
https://www.lg.com/de/lg-experience/hilfreiche-tipps/weltern-hrungstag,Germany,LG Experience,67
https://www.lg.com/de/lg-experience/neuigkeiten/true-wireless-in-ear-kopfhoerer,Germany,LG Experience,67
https://www.lg.com/de/lg-experience/hilfreiche-tipps/waermepumpen-fuer-eine-gruenere-zukunft,Germany,LG Experience,67
https://www.lg.com/de/lg-experience/unsere-stories/umwelt-und-nachhaltigkeit,Germany,LG Experience,70
https://www.lg.com/de/lg-experience/hilfreiche-tipps/veganer-apple-crumble-leicht-und-schnell-mit-dem-lg-neochef,Germany,LG Experience,68
https://www.lg.com/de/lg-experience/hilfreiche-tipps/gaming-fernseher-von-lg-die-beste-art-zu-zocken,Germany,LG Experience,67
https://www.lg.com/de/lg-experience/hilfreiche-tipps/tipps-und-tricks-fuer-lg-smart-tv-besitzer-neue-moeglichkeiten-durch-versteckte-smart-tv-funktionen,Germany,LG Experience,67
https://www.lg.com/de/lg-experience/hilfreiche-tipps/die-besten-fernseher-fuer-live-sport,Germany,LG Experience,67
https://www.lg.com/de/lg-experience/neuigkeiten/lg-geschenkeratgeber,Germany,LG Experience,67
https://www.lg.com/de/lg-experience/tech-hub/das-geheimnis-der-bildqualit-t-von-lg-tv,Germany,LG Experience,70
https://www.lg.com/de/lg-experience/hilfreiche-tipps/geschenkideen-weihnachtsstimmung,Germany,LG Experience,67
https://www.lg.com/de/lg-experience/neuigkeiten/lg-oled-tv-erlebe-eine-welt-ohne-grenzen,Germany,LG Experience,67
https://www.lg.com/de/lg-experience/hilfreiche-tipps/bleiben-sie-in-diesem-winter-gesund-und-halten-sie-sich-warm-mit-lg-thinq,Germany,LG Experience,67
https://www.lg.com/de/lg-experience/tech-hub/lg-home-entertainment-technologie-ifa,Germany,LG Experience,68
https://www.lg.com/de/lg-experience/tech-hub/wichtige-fragen-zu-lg-waschmaschinen-beantwortet,Germany,LG Experience,67
https://www.lg.com/de/lg-experience/hilfreiche-tipps/einf-hrung-hombot-the-robot-vacuum,Germany,LG Experience,70
https://www.lg.com/de/lg-experience/hilfreiche-tipps/hygienetipps-fuer-ihr-zuhause-mit-lg,Germany,LG Experience,68
https://www.lg.com/de/lg-experience/hilfreiche-tipps/ultimate-guide-v40-thinq-camera,Germany,LG Experience,65
https://www.lg.com/de/microsite-article/hs/laundry/article-contents/heat-pump-vs-condenser-dryer/,Germany,Microsite,81
https://www.lg.com/de/tvs-und-soundbars/why-qned-evo/,Germany,Microsite,74
https://www.lg.com/de/tvs-und-soundbars/why-true-wireless/,Germany,Microsite,77
https://www.lg.com/de/microsite-article/hs/laundry/article-contents/how-to-clean-washing-machine/,Germany,Microsite,83
https://www.lg.com/de/lg-experience/neuigkeiten/8k-lg-ifa-fernseher,Germany,LG Experience,70
https://www.lg.com/de/lg-experience/inspiration/life-s-good-wenn-musik-in-der-luft-liegt,Germany,LG Experience,65
https://www.lg.com/de/lg-experience/hilfreiche-tipps/produktivitaet-erhoehen-im-homeoffice-arbeiten,Germany,LG Experience,67
https://www.lg.com/de/lg-experience/inspiration/life-s-good-in-berlin,Germany,LG Experience,65
https://www.lg.com/de/lg-experience/inspiration/life-is-good-when-you-care-more,Germany,LG Experience,65
https://www.lg.com/de/newsroom/Premiere-des-neuen-OLED-TV-Line-ups-auf-der-LG-Convention-2026/,Germany,Global Newsroom,79
https://www.lg.com/de/haushaltsgeraete/haushaltsgeraete-tipps-und-anleitungen/waeschepflege/how-to-clean-washing-machine/,Germany,Microsite,87
https://www.lg.com/de/newsroom/LG-zeigt-neue-UltraGear-Monitore-auf-der-LG-Convention-2026/,Germany,Global Newsroom,79
https://www.lg.com/de/haushaltsgeraete/haushaltsgeraete-tipps-und-anleitungen/waeschepflege/waermepumpen-vs-kondensationstrockner/,Germany,Microsite,81
https://www.lg.com/de/newsroom/Tomas-Oubailis-ist-neuer-Sales-Director-bei-LG-IT-Solutions/,Germany,Global Newsroom,79
https://www.lg.com/de/newsroom/LG-bringt-LG-Professional-Laundry-nach-Deutschland/,Germany,Global Newsroom,79
https://www.lg.com/de/newsroom/--LG-praesentiert-Micro-RGB-evo-TV-auf-der-LG-Convention-2026/,Germany,Global Newsroom,79
https://www.lg.com/de/newsroom/LG-Electronics-Deutschland--Harry-Kim-kehrt-als-CEO-zurueck/,Germany,Global Newsroom,79
https://www.lg.com/de/newsroom/LG-stellt-auf-der-SHK-E-neue-Warmwasserspeicher-und-elektrische-Warmwasserbereiter-fuer-nachhaltige-Heizsysteme-vor/,Germany,Global Newsroom,79
https://www.lg.com/de/newsroom/LG-erhaelt-zum-neunten-Mal-in-Folge-AHRI-Performance-Award/,Germany,Global Newsroom,79
https://www.lg.com/de/newsroom/LG-THERMA-V-R290-Monobloc-Premiere-der-neuen-Innengeraete-auf-der-SHK-E-2026/,Germany,Global Newsroom,79
https://www.lg.com/de/newsroom/LG-erhaelt-weltweit-erste-True-Wireless-Lossless-Vision-Zertifizierung-fuer-kabellose-TVs/,Germany,Global Newsroom,79
https://www.lg.com/de/newsroom/LG-praesentiert-neue-Audio-Produkte-auf-der-LG-Convention-2026/,Germany,Global Newsroom,79
https://www.lg.com/de/newsroom/LG-WashTower-jetzt-in-neuen-Farben-in-Deutschland-erhaeltlich/,Germany,Global Newsroom,79
https://www.lg.com/de/newsroom/LG-Electronics-verstaerkt-Business-Development-fuer-LG-Information-Display/,Germany,Global Newsroom,79
https://www.lg.com/de/newsroom/LG-2026-TV-Line-up-unterstreicht-Nachhaltigkeits-Engagement-mit-zahlreichen-Eco-Zertifizierungen/,Germany,Global Newsroom,79
https://www.lg.com/de/newsroom/LG-Electronics-treibt-vorkonfigurierte-Digital-Signage-Loesungen-weiter-voran/,Germany,Global Newsroom,79
https://www.lg.com/de/newsroom/LG-stellt-neue-gram-Modelle-auf-der-LG-Convention-2026-vor/,Germany,Global Newsroom,79
https://www.lg.com/de/newsroom/LG-Electronics-praesentiert-auf-der-LG-Convention-das-Produktportfolio-fuer-2026/,Germany,Global Newsroom,79
https://www.lg.com/de/newsroom/LG-bringt-actiongeladenen-Arcade-Basketball-NBA-Bounce-auf-LG-Smart-TVs/,Germany,Global Newsroom,79
https://www.lg.com/de/newsroom/LG-UltraGear-evo-Modelle-werden-auf-CES-2026-vorgestellt/,Germany,Global Newsroom,79
https://www.lg.com/de/newsroom/LG-IT-Solutions-kooperiert-mit-Systeam-bei-Distribution-von-Monitoren-und-LG-gram-Notebooks-/,Germany,Global Newsroom,79
https://www.lg.com/de/newsroom/LG-stellt-auf-der-CES-2026-bahnbrechenden-LG-Micro-RGB-evo-Fernseher-vor/,Germany,Global Newsroom,79
https://www.lg.com/de/newsroom/LG-ernennt-neuen-CEO-und-ordnet-Konzernstruktur-fuer-2026-neu/,Germany,Global Newsroom,79
https://www.lg.com/de/newsroom/LG-praesentiert-den-Wallpaper-TV--Ultraduenner-OLED-Fernseher-mit-kabelloser-Technologie/,Germany,Global Newsroom,79
https://www.lg.com/de/newsroom/LG-intensiviert-internationale-Forschung-im-Bereich-Waermepumpen/,Germany,Global Newsroom,79
https://www.lg.com/de/newsroom/LG-unterzeichnet-Lizenzvereinbarung-fuer-WLAN-Standardpatente-mit-Amazon/,Germany,Global Newsroom,79
https://www.lg.com/de/newsroom/LG-Electronics-praesentiert-kundenspezifische-Display--und-Softwareloesungen-fuer-den-Fachhandel/,Germany,Global Newsroom,79
https://www.lg.com/de/newsroom/LG-stellt-neuen-Gaming-Controller-sowie-Zertifizierungsprogramm--Designed-for-LG-Gaming-Portal--vor/,Germany,Global Newsroom,79
https://www.lg.com/de/newsroom/LG-praesentiert-neuen-Gallery-TV-auf-CES-2026/,Germany,Global Newsroom,79
https://www.lg.com/de/newsroom/LG-SIGNATURE-praesentiert-neues-Line-up-von-Premium-Haushaltsgeraeten-auf-der-CES-2026/,Germany,Global Newsroom,79
https://www.lg.com/de/newsroom/LG-erweitert-xboom-by-will-i-am--Bluetooth-Speaker-Serie-zur-CES-2026/,Germany,Global Newsroom,79
https://www.lg.com/de/newsroom/LG-Channels-Update-mit-verfeinerter-Benutzeroberflaeche-und-fortschrittlicher-Personalisierung/,Germany,Global Newsroom,79
https://www.lg.com/de/newsroom/CES-2026-save-the-date/,Germany,Global Newsroom,79
https://www.lg.com/de/newsroom/LG-Electronics-praesentiert-Haushaltsroboter-LG-CLOiD-auf-der-CES-2026/,Germany,Global Newsroom,79
https://www.lg.com/de/newsroom/LG-Electronics-praesentiert-LG-gram-Lineup-2026-mit-innovativem-Aerominum/,Germany,Global Newsroom,79
https://www.lg.com/de/newsroom/LG-erhaelt-VdS-Zertifizierung-fuer-brandschutzkonforme-Display-Loesung/,Germany,Global Newsroom,79
https://www.lg.com/de/newsroom/Immersiver-Dolby-Atmos-Klang-fuer-zuhause--Neue-LG-Sound-Suite-feiert-auf-CES-2026-Premiere/,Germany,Global Newsroom,79
https://www.lg.com/de/newsroom/LG-Electronics-praesentiert-weiterentwickelte-Affectionate-Intelligence-auf-der-CES-2026/,Germany,Global Newsroom,79
https://www.lg.com/de/newsroom/LG-Electronics-praesentiert-neues-LG-MAGNIT-Micro-LED-Display-auf-der-ISE-2026/,Germany,Global Newsroom,79
https://www.lg.com/de/newsroom/LG-SIGNATURE-OLED-T-wird-bei-den-Communitys-Choice-Awards-2025-ausgezeichnet/,Germany,Global Newsroom,79
https://www.lg.com/de/newsroom/LG-praesentiert-beeindruckende-Zahlen-zu-globaler-Radio-Optimism-Kampagne/,Germany,Global Newsroom,79
https://www.lg.com/de/newsroom/LG-mit-mehreren-CES-2026-Innovation-Awards-ausgezeichnet/,Germany,Global Newsroom,79
https://www.lg.com/de/newsroom/LG-erweitert-xboom-Buds-Reihe-um-zwei-neue-Modelle-/,Germany,Global Newsroom,79
https://www.lg.com/de/newsroom/Start-der-LG-Streaming-Deals-mit-exklusiven-Inhalten-und-attraktiven-Angeboten-fuer-Smart-TV-Nutzer/,Germany,Global Newsroom,79
https://www.lg.com/de/newsroom/LG-stattet-neue-Roig-Arena-in-Valencia-mit-Digital-Signage-auf-ueber-1700-Quadratmetern-aus/,Germany,Global Newsroom,79
https://www.lg.com/de/newsroom/Zusammenarbeit-mit-Stingray-Music-LG-Radio-plus-bietet-riesige-Musikauswahl-und-nahtloses-Audio-Streaming/,Germany,Global Newsroom,79
https://www.lg.com/de/newsroom/LG-und-Flex-kooperieren-bei-Erweiterung-des-globalen-Geschaefts-fuer-AI-Datenzentren/,Germany,Global Newsroom,79
https://www.lg.com/de/newsroom/LG-spendet-zum-Weltkindertag-1000-exklusive-Playmobilfiguren/,Germany,Global Newsroom,79
https://www.lg.com/de/newsroom/Optimale-Loesung-fuer-Content-Creator--LG-praesentiert-weltweit-ersten-6K-Monitor-mit-Thunderbolt-5/,Germany,Global Newsroom,79
https://www.lg.com/de/newsroom/LG-Information-Display-staerkt-Fuehrungsteam-in-Deutschland---Befoerderungen-von-Christoph-Spahn-und-Robert-Bergner/,Germany,Global Newsroom,79
https://www.lg.com/de/newsroom/LG-Standfuehrung-auf-der-IFA-2025/,Germany,Global Newsroom,79
https://www.lg.com/de/newsroom/LG-kuendigt-Verfuegbarkeit-fuer-TV-Spitzenmodell-OLED-evo-M5-an/,Germany,Global Newsroom,79
https://www.lg.com/de/newsroom/OLED-Beschilderung-und-Ultra-Premium-Micro-LED-Displays-von-LG-praegen-neuen-Einkaufskomplex-in-Tokio/,Germany,Global Newsroom,79
https://www.lg.com/de/newsroom/LG-praesentiert-neueste-Kuehlschrank-Serie-auf-der-IFA-2025/,Germany,Global Newsroom,79
https://www.lg.com/de/newsroom/LG-stellt-gram-Pro-Geraete-mit-NVIDIA-GeForce-RTX-5050-vor/,Germany,Global Newsroom,79
https://www.lg.com/de/newsroom/Neuer-4K-Chirurgiebildschirm-von-LG-verbessert-Ablaeufe-bei-Operationen/,Germany,Global Newsroom,79
https://www.lg.com/de/newsroom/Berliner-Buergermeister-besucht-LG-auf-der-IFA-2025/,Germany,Global Newsroom,79
https://www.lg.com/de/newsroom/Kooperation-mit-Octopus-Energy-Group--LG-baut-Fuehrungsrolle-in-Europa-im-Bereich-Cleantech-weiter-aus/,Germany,Global Newsroom,79
https://www.lg.com/de/newsroom/Waschmaschinen-und-Kuehlschraenke--LG-bringt-ThinQ--AI-fuer-nahtlose-Smart-Home-Erlebnisse-nach-Europa/,Germany,Global Newsroom,79
https://www.lg.com/de/newsroom/LG-AI-HOME--Technologiekonzern-macht-seine-Vision-von-KI-gestuetztem-Alltag-auf-IFA-2025-erlebbar/,Germany,Global Newsroom,79
https://www.lg.com/de/newsroom/LG-raeumt-bei-den-IFA-Innovation-Awards-2025-ab--17-Auszeichnungen-inklusive--Best-of-IFA-/,Germany,Global Newsroom,79
https://www.lg.com/de/newsroom/Neuer-LG-CineBeam-S--Grosses-Heimkinoerlebnis-auch-in-kleinen-Raeumen/,Germany,Global Newsroom,79
https://www.lg.com/de/newsroom/LG-baut-sein-Gaming-oekosystem-mit-Gaming-Portal-und-innovativen-Cloud-Loesungen-weiter-aus/,Germany,Global Newsroom,79
https://www.lg.com/de/newsroom/LG-praesentiert-neues-Staubsauger-Quartett-auf-der-IFA-2025/,Germany,Global Newsroom,79
https://www.lg.com/de/newsroom/LG-kuendigt-Einfuehrung-des-mobilen-Bildschirms-StanbyME-2-in-Deutschland-an/,Germany,Global Newsroom,79
https://www.lg.com/de/newsroom/Steffen-Thomas-ist-neuer-Sales-Director-bei-LG-Eco-Solution/,Germany,Global Newsroom,79
https://www.lg.com/de/newsroom/LG-praesentiert-KI-gesteuerte-energieeffiziente-Waschmaschinen-und-Trockner-Loesungen-auf-der-IFA-2025/,Germany,Global Newsroom,79
https://www.lg.com/de/newsroom/LG-erweitert-Sortiment-seiner-neuesten-Inverter-Scroll-Chiller/,Germany,Global Newsroom,79
https://www.lg.com/de/newsroom/Startschuss-fuer-das-kompakte-Heimkino-LG-CineBeam-S-ab-sofort-vorbestellbar/,Germany,Global Newsroom,79
https://www.lg.com/de/newsroom/Optimiert-f-r-den-Finanz--und-IT-Bereich--LG-stellt-ersten-Thunderbolt-5-5K2K-Monitor-vor/,Germany,Global Newsroom,79
https://www.lg.com/de/newsroom/xboom-by-will-i-am---die-neuen-LG-xboom-Audiomodelle-mit-AI-Funktionen-/,Germany,Global Newsroom,79
https://www.lg.com/de/newsroom/LG-Home-Appliance-Solution-baut-Fuehrungsteam-in-Deutschland-aus/,Germany,Global Newsroom,79
https://www.lg.com/de/newsroom/Neuer-Markenfilm-von-LG-zeigt-der-Mensch-zaehlt-nicht-der-Algorithmus/,Germany,Global Newsroom,79
https://www.lg.com/de/newsroom/Premiere-fuer-neues-OLED-evo-TV-Line-up--auf-der-LG-Convention-2025/,Germany,Global Newsroom,79
https://www.lg.com/de/newsroom/LG-festigt-Marktfuehrerschaft-im-OLED-Segment/,Germany,Global Newsroom,79
https://www.lg.com/de/newsroom/lg-zeigt-neues-waermepumpen-portfolio-auf-ish-2025/,Germany,Global Newsroom,79
https://www.lg.com/de/newsroom/Transparenter-LG-SIGNATURE-OLED-T-in-77-Zoll-exklusiv-bei-ausgewaehlten-Haendlern-in-Deutschland-erhaeltlich/,Germany,Global Newsroom,79
https://www.lg.com/de/newsroom/LG-kuendigt-Verfuegbarkeit-des-neuen-Smart-Monitors-Swing-32U889SA-W-an/,Germany,Global Newsroom,79
https://www.lg.com/de/newsroom/LG-uebernimmt-OSO-und-staerkt-Heiztechnik-Portfolio-fuer-den-europaeischen-Markt/,Germany,Global Newsroom,79
https://www.lg.com/de/newsroom/Start-der-LG-Streaming-Week-mit-vielen-attraktiven-Inhalten/,Germany,Global Newsroom,79
https://www.lg.com/de/newsroom/LG-Smart-Monitor-Swing/,Germany,Global Newsroom,79
https://www.lg.com/de/newsroom/Marktfuehrerschaft-untermauert--LG-verkauft-als-erste-Marke-zehn-Millionen-OLED-TVs-in-Europa-/,Germany,Global Newsroom,79
https://www.lg.com/de/newsroom/LG-OLED-Modelle-erhalten-renommierte-Umweltzertifizierungen/,Germany,Global Newsroom,79
"https://www.lg.com/de/newsroom/Neues-Klimageraet-mit-kuenstlicher-Intelligenz-von-LG-ARTCOOL-AI-Air-verbindet-stilvolles-Design,-Komfort-und-hohe-Energieeffizienz/",Germany,Global Newsroom,79
https://www.lg.com/de/newsroom/LG-bringt-Xbox-Cloud-Gaming-auf-LG-Smart-TVs/,Germany,Global Newsroom,79
https://www.lg.com/de/newsroom/LG-strebt-weltweite-Spitzenposition-im-HLK-Markt-an/,Germany,Global Newsroom,79
https://www.lg.com/de/newsroom/Radio-Optimism-Mit-Musik-Freude-schenken-und-Verbindungen-staerken-LG-startet-neue-Kampagne/,Germany,Global Newsroom,79
https://www.lg.com/de/newsroom/LG-sorgt-mit-innovativen-Zukunftsloesungen-fuer-Aufmerksamkeit-auf-der-ISH-2025/,Germany,Global Newsroom,79
https://www.lg.com/de/newsroom/Home-Run-fuer-noch-mehr-Entertainment-LG-stattet-Kultstadion-mit-modernen-Displays-aus/,Germany,Global Newsroom,79
https://www.lg.com/de/newsroom/Weltweit-erster-transparenter-4K-OLED-TV-feiert-auf--LG-Convention-Deutschland-Premiere/,Germany,Global Newsroom,79
https://www.lg.com/de/newsroom/LG-Convention-2025--Buehne-frei-fuer-Premium-Waeschepflege-von-LG/,Germany,Global Newsroom,79
https://www.lg.com/de/newsroom/LG-gibt-Finanzergebnisse-fuer-das-Geschaeftsjahr-2024-bekannt/,Germany,Global Newsroom,79
https://www.lg.com/de/newsroom/ISE-2025--LG-PRAESENTIERT-HOTEL-TV-MIT-GOOGLE-CAST-1/,Germany,Global Newsroom,79
https://www.lg.com/de/newsroom/LG-IT-Solutions-zeigt-neue-gram-Notebooks-und-OLED-Gaming-Monitore-auf-LG-Convention-2025/,Germany,Global Newsroom,79
https://www.lg.com/de/newsroom/Wohlfuehlklima-dank-AI--LG-Air-Solution-stellt-neues-DUALCOOL-Modell-vor/,Germany,Global Newsroom,79
"https://www.lg.com/de/newsroom/Edles-Design,-intelligente-Funktionen--LG-pr-sentiert-neues-Kuehl--und-Gefriergeraete-Line-up-auf-der-LG-Convention/",Germany,Global Newsroom,79
https://www.lg.com/de/newsroom/LG-praesentiert-fortschrittliche-Werbeloesungen-fuer-B2B-Displays/,Germany,Global Newsroom,79
https://www.lg.com/de/newsroom/Mit-Zero-Connect-Technologie--LG-praesentiert-2025er-QNED-TV-Portfolio/,Germany,Global Newsroom,79
https://www.lg.com/de/newsroom/ISE-2025--LG-PRAESENTIERT-HOTEL-TV-MIT-GOOGLE-CAST-/,Germany,Global Newsroom,79
https://www.lg.com/de/waeschepflege/waschtrockner/w4wr70e61/,Germany,제품 상세 (PDP),82
https://www.lg.com/de/waeschepflege/trockner/v9a2xt/,Germany,제품 상세 (PDP),84
https://www.lg.com/de/waeschepflege/waschmaschinen/f6wv710p2s/,Germany,제품 상세 (PDP),81
https://www.lg.com/de/waeschepflege/waschtrockner/v5wd85slim/,Germany,제품 상세 (PDP),79
https://www.lg.com/de/waeschepflege/waschmaschinen/f4wv509s1/,Germany,제품 상세 (PDP),84
https://www.lg.com/de/waeschepflege/waschmaschinen/f4wb3095/,Germany,제품 상세 (PDP),88
https://www.lg.com/de/waeschepflege/waschtrockner/v4wd85s0/,Germany,제품 상세 (PDP),84
https://www.lg.com/de/waeschepflege/waschtrockner/w4wr42966/,Germany,제품 상세 (PDP),82
https://www.lg.com/de/kuehlschraenke-gefrierschraenke/side-by-side-kuehlschraenke/gslv31dsxm/,Germany,제품 상세 (PDP),84
https://www.lg.com/de/waeschepflege/waschtrockner/f14wd85en0/,Germany,제품 상세 (PDP),84
https://www.lg.com/de/newsroom/Handelsunternehmen-UFP-wird-offizieller-Distributor-von-LG-IT-Solutions/,Germany,Global Newsroom,83
https://www.lg.com/de/newsroom/CES--LG-stellt-Strategie-2025-fuer-strukturelle-Wettbewerbsfaehigkeit-und-qualitatives-Wachstum-vor-/,Germany,Global Newsroom,79
https://www.lg.com/de/waeschepflege/waschmaschinen/f14wm10tt6/,Germany,제품 상세 (PDP),81
https://www.lg.com/de/waeschepflege/waschmaschinen/f4wv409s1/,Germany,제품 상세 (PDP),84
https://www.lg.com/de/waeschepflege/waschtrockner/rt8dihp/,Germany,제품 상세 (PDP),84
https://www.lg.com/de/waeschepflege/waschmaschinen/f6wr701y/,Germany,제품 상세 (PDP),82
https://www.lg.com/de/waeschepflege/waschmaschinen/f14u2qcn2h/,Germany,제품 상세 (PDP),81
https://www.lg.com/de/waeschepflege/waschmaschinen/f1495bdn2h/,Germany,제품 상세 (PDP),81
https://www.lg.com/de/staubsauger/vr64701lvmp/,Germany,제품 상세 (PDP),84
https://www.lg.com/de/waeschepflege/waschmaschinen/f4wv512p0/,Germany,제품 상세 (PDP),84
https://www.lg.com/de/waeschepflege/waschtrockner/w4wb3095y/,Germany,제품 상세 (PDP),82
https://www.lg.com/de/waeschepflege/trockner/rt80v9w/,Germany,제품 상세 (PDP),84
https://www.lg.com/de/waeschepflege/waschmaschinen/f14b8chrom/,Germany,제품 상세 (PDP),84
https://www.lg.com/de/staubsauger/vr94070ncaq/,Germany,제품 상세 (PDP),84
https://www.lg.com/de/waeschepflege/waschmaschinen/f14wm8ts1/,Germany,제품 상세 (PDP),81
https://www.lg.com/de/waeschepflege/waschmaschinen/f14wm10es0/,Germany,제품 상세 (PDP),84
https://www.lg.com/de/waeschepflege/waschtrockner/f14g6tdm2nh/,Germany,제품 상세 (PDP),84
https://www.lg.com/de/waeschepflege/waschtrockner/f14wd96th2/,Germany,제품 상세 (PDP),81
https://www.lg.com/de/waeschepflege/waschmaschinen/f14wm8ln0b/,Germany,제품 상세 (PDP),81
https://www.lg.com/de/waeschepflege/waschtrockner/v3rt8/,Germany,제품 상세 (PDP),84
https://www.lg.com/de/waeschepflege/waschmaschinen/f14wm9ts2/,Germany,제품 상세 (PDP),78
https://www.lg.com/de/waeschepflege/waschmaschinen/f12wm6ts1/,Germany,제품 상세 (PDP),84
https://www.lg.com/de/kuehlschraenke-gefrierschraenke/side-by-side-kuehlschraenke/gsx960neaz/,Germany,제품 상세 (PDP),84
https://www.lg.com/de/waeschepflege/waschmaschinen/f14wm9en0/,Germany,제품 상세 (PDP),81
https://www.lg.com/de/waeschepflege/waschtrockner/lswd099x/,Germany,제품 상세 (PDP),88
https://www.lg.com/de/waeschepflege/waschtrockner/f14u2tdh1nh/,Germany,제품 상세 (PDP),81
https://www.lg.com/de/waeschepflege/waschmaschinen/f1296ndah/,Germany,제품 상세 (PDP),81
https://www.lg.com/de/waeschepflege/waschtrockner/f1695rd/,Germany,제품 상세 (PDP),84
https://www.lg.com/de/kuehlschraenke-gefrierschraenke/multi-door-kuehlschraenke/gsj760pzuz/,Germany,제품 상세 (PDP),84
https://www.lg.com/de/kuehlschraenke-gefrierschraenke/kuehl-gefrierkombination/gbv7280bev/,Germany,제품 상세 (PDP),84
https://www.lg.com/de/kuehlschraenke-gefrierschraenke/kuehl-gefrierkombination/gbp62mcncc1/,Germany,제품 상세 (PDP),84
https://www.lg.com/de/waeschepflege/waschtrockner/rc7055ah2z/,Germany,제품 상세 (PDP),84
https://www.lg.com/de/kuehlschraenke-gefrierschraenke/multi-door-kuehlschraenke/gsj761pzuz/,Germany,제품 상세 (PDP),84
https://www.lg.com/de/kuehlschraenke-gefrierschraenke/side-by-side-kuehlschraenke/gsx971neae/,Germany,제품 상세 (PDP),84
https://www.lg.com/de/waeschepflege/waschmaschinen/f4wr701y/,Germany,제품 상세 (PDP),82
https://www.lg.com/de/waeschepflege/waschmaschinen/f4wv308s0/,Germany,제품 상세 (PDP),84
https://www.lg.com/de/kuehlschraenke-gefrierschraenke/side-by-side-kuehlschraenke/lsr200b/,Germany,제품 상세 (PDP),81
https://www.lg.com/de/waeschepflege/waschmaschinen/f2v7slim8/,Germany,제품 상세 (PDP),84
https://www.lg.com/de/waeschepflege/trockner/rt8dih1q/,Germany,제품 상세 (PDP),84
https://www.lg.com/de/waeschepflege/waschmaschinen/f4vt4w9kg/,Germany,제품 상세 (PDP),84
https://www.lg.com/de/kuehlschraenke-gefrierschraenke/side-by-side-kuehlschraenke/gsl461icez/,Germany,제품 상세 (PDP),84
https://www.lg.com/de/kuehlschraenke-gefrierschraenke/side-by-side-kuehlschraenke/gsx960nece/,Germany,제품 상세 (PDP),84
https://www.lg.com/de/waeschepflege/waschtrockner/f14wd85tn1/,Germany,제품 상세 (PDP),84
https://www.lg.com/de/waeschepflege/waschmaschinen/f4wv308sb/,Germany,제품 상세 (PDP),84
https://www.lg.com/de/waeschepflege/waschtrockner/w4wr70e6y/,Germany,제품 상세 (PDP),85
https://www.lg.com/de/waeschepflege/waschtrockner/v4wd850/,Germany,제품 상세 (PDP),84
https://www.lg.com/de/waeschepflege/waschmaschinen/f6wv710p1/,Germany,제품 상세 (PDP),81
https://www.lg.com/de/kuehlschraenke-gefrierschraenke/side-by-side-kuehlschraenke/gsl361icev/,Germany,제품 상세 (PDP),84
https://www.lg.com/de/waeschepflege/waschmaschinen/f1296nda/,Germany,제품 상세 (PDP),84
https://www.lg.com/de/waeschepflege/waschmaschinen/f1447td01/,Germany,제품 상세 (PDP),84
https://www.lg.com/de/waeschepflege/waschmaschinen/f1255fdh/,Germany,제품 상세 (PDP),84
https://www.lg.com/de/waeschepflege/waschmaschinen/f4wv508s1/,Germany,제품 상세 (PDP),84
https://www.lg.com/de/waeschepflege/waschtrockner/f14wd84en0/,Germany,제품 상세 (PDP),84
https://www.lg.com/de/kuehlschraenke-gefrierschraenke/kuehl-gefrierkombination/gbb72pzecn/,Germany,제품 상세 (PDP),84
https://www.lg.com/de/waeschepflege/waschmaschinen/f4wv708p1r/,Germany,제품 상세 (PDP),84
https://www.lg.com/de/waeschepflege/waschtrockner/v5wd95slimb/,Germany,제품 상세 (PDP),85
https://www.lg.com/de/waeschepflege/waschtrockner/w4wr7096yb/,Germany,제품 상세 (PDP),85
https://www.lg.com/de/waeschepflege/waschtrockner/w4wr70e6yb/,Germany,제품 상세 (PDP),82
https://www.lg.com/de/waeschepflege/waschmaschinen/f14wm8ln0/,Germany,제품 상세 (PDP),81
https://www.lg.com/de/waeschepflege/waschtrockner/v7wd906a/,Germany,제품 상세 (PDP),84
https://www.lg.com/de/waeschepflege/waschtrockner/f14wd107th6/,Germany,제품 상세 (PDP),84
https://www.lg.com/de/waeschepflege/waschmaschinen/f4wr4911p/,Germany,제품 상세 (PDP),88
https://www.lg.com/de/waeschepflege/waschmaschinen/f14wm8kn1/,Germany,제품 상세 (PDP),81
https://www.lg.com/de/waeschepflege/waschtrockner/f14u1jbh6nh/,Germany,제품 상세 (PDP),81
https://www.lg.com/de/waeschepflege/waschtrockner/f14wd85tn1e/,Germany,제품 상세 (PDP),84
https://www.lg.com/de/waeschepflege/waschmaschinen/f4wv910p2/,Germany,제품 상세 (PDP),84
https://www.lg.com/de/waeschepflege/waschmaschinen/f4wv4a8s0/,Germany,제품 상세 (PDP),84
https://www.lg.com/de/waeschepflege/waschmaschinen/f14wm8ln0e/,Germany,제품 상세 (PDP),84
https://www.lg.com/de/waeschepflege/waschmaschinen/f14wm9en0e/,Germany,제품 상세 (PDP),84
https://www.lg.com/de/waeschepflege/trockner/rt80v9c/,Germany,제품 상세 (PDP),88
https://www.lg.com/de/waeschepflege/waschmaschinen/f14wm8en0/,Germany,제품 상세 (PDP),81
https://www.lg.com/de/kuehlschraenke-gefrierschraenke/side-by-side-kuehlschraenke/gbb59pzmzs/,Germany,제품 상세 (PDP),81
https://www.lg.com/de/waeschepflege/waschmaschinen/f1494qd/,Germany,제품 상세 (PDP),84
https://www.lg.com/de/waeschepflege/waschmaschinen/f14u2v9kg/,Germany,제품 상세 (PDP),81
https://www.lg.com/de/waeschepflege/trockner/v3r08t/,Germany,제품 상세 (PDP),84
https://www.lg.com/de/waeschepflege/waschtrockner/rt8dih2/,Germany,제품 상세 (PDP),84
https://www.lg.com/de/waeschepflege/waschtrockner/rt9dih2/,Germany,제품 상세 (PDP),81
https://www.lg.com/de/kuehlschraenke-gefrierschraenke/kuehl-gefrierkombination/gsl461icee/,Germany,제품 상세 (PDP),84
https://www.lg.com/de/waeschepflege/waschtrockner/v6wd85s2/,Germany,제품 상세 (PDP),84
https://www.lg.com/de/waeschepflege/waschmaschinen/f4wn3098m/,Germany,제품 상세 (PDP),84
https://www.lg.com/de/haushaltsgeraete-zubehoer/dstbk/,Germany,제품 카테고리 (PLP),87
https://www.lg.com/de/waeschepflege/waschmaschinen/f11wm15ts2/,Germany,제품 상세 (PDP),84
https://www.lg.com/de/waeschepflege/waschmaschinen/f4wr703y/,Germany,제품 상세 (PDP),82
https://www.lg.com/de/lg-mobiltelefone/smartphones/l-bello/,Germany,제품 카테고리 (PLP),83
https://www.lg.com/de/waeschepflege/trockner/dstwh/,Germany,제품 카테고리 (PLP),83
https://www.lg.com/de/lg-mobiltelefone/smartphones/g-flex/,Germany,제품 카테고리 (PLP),83
https://www.lg.com/de/lg-mobiltelefone/smartphones/q-stylus/,Germany,제품 카테고리 (PLP),83
https://www.lg.com/de/waeschepflege/trockner/dstwh/,Germany,제품 카테고리 (PLP),83
https://www.lg.com/de/lautsprecher/soundbars/gx/,Germany,제품 카테고리 (PLP),83
https://www.lg.com/de/tvs-und-soundbars/oled/,Germany,제품 카테고리 (PLP),87
https://www.lg.com/de/beamer/portable-und-lifestyle-projektoren/hecto/,Germany,제품 카테고리 (PLP),83
https://www.lg.com/de/lg-mobiltelefone/smartphones/cam-plus/,Germany,제품 카테고리 (PLP),83
https://www.lg.com/de/staubsauger/v-dustbag/,Germany,제품 카테고리 (PLP),83
https://www.lg.com/de/lg-mobiltelefone/smartphones/x-mach/,Germany,제품 카테고리 (PLP),83
https://www.lg.com/de/lg-mobiltelefone/smartphones/spirit-lte/,Germany,제품 카테고리 (PLP),83
https://www.lg.com/de/lg-mobiltelefone/smartphones/g-watch/,Germany,제품 카테고리 (PLP),83
https://www.lg.com/de/lg-mobiltelefone/smartphones/leon/,Germany,제품 카테고리 (PLP),83
https://www.lg.com/de/lg-mobiltelefone/smartphones/x-power/,Germany,제품 카테고리 (PLP),83
https://www.lg.com/de/lg-mobiltelefone/smartphones/l-fino/,Germany,제품 카테고리 (PLP),83
https://www.lg.com/de/lg-mobiltelefone/smartphones/hi-fi-plus/,Germany,제품 카테고리 (PLP),83
https://www.lg.com/de/klimaanlagen/,Germany,제품 카테고리 (PLP),80
https://www.lg.com/de/lautsprecher/,Germany,제품 카테고리 (PLP),77
https://www.lg.com/de/waeschepflege/waschtrockner/,Germany,제품 카테고리 (PLP),83
https://www.lg.com/de/kuehlschraenke-gefrierschraenke/,Germany,제품 카테고리 (PLP),81
https://www.lg.com/de/tvs-und-soundbars/nanocell/,Germany,제품 카테고리 (PLP),83
https://www.lg.com/de/waeschepflege/trockner/,Germany,제품 카테고리 (PLP),83
https://www.lg.com/de/tvs-und-soundbars/qned/,Germany,제품 카테고리 (PLP),87
https://www.lg.com/de/tvs-und-soundbars/oled-evo/,Germany,제품 카테고리 (PLP),90
https://www.lg.com/de/tvs-und-soundbars/alle-tvs-und-soundbars/,Germany,제품 카테고리 (PLP),80
https://www.lg.com/de/waeschepflege/waschmaschinen/,Germany,제품 카테고리 (PLP),83
https://www.lg.com/de/monitore/gaming/,Germany,제품 카테고리 (PLP),90
https://www.lg.com/de/lautsprecher/soundbars/,Germany,제품 카테고리 (PLP),90
https://www.lg.com/de/waeschepflege/styler/,Germany,제품 카테고리 (PLP),83
https://www.lg.com/de/monitore/,Germany,제품 카테고리 (PLP),74
https://www.lg.com/de/monitore/ultrawide/,Germany,제품 카테고리 (PLP),83
https://www.lg.com/de/tvs-und-soundbars/,Germany,제품 카테고리 (PLP),80
https://www.lg.com/de/lifestyle-tvs/,Germany,제품 카테고리 (PLP),80
https://www.lg.com/de/haushaltsgeraete/thinq/,Germany,제품 카테고리 (PLP),77
https://www.lg.com/de/kuehlschraenke-gefrierschraenke/alle-kuehlschraenke-gefrierschraenke/,Germany,제품 카테고리 (PLP),83
https://www.lg.com/de/monitore/alle-monitore/,Germany,제품 카테고리 (PLP),83
https://www.lg.com/de/lautsprecher/alle-lautsprecher/,Germany,제품 카테고리 (PLP),83
https://www.lg.com/de/monitore/fhd-qhd/,Germany,제품 카테고리 (PLP),83
https://www.lg.com/de/monitore/ergo-monitore/,Germany,제품 카테고리 (PLP),80
https://www.lg.com/de/kuehlschraenke-gefrierschraenke/side-by-side-kuehlschraenke/,Germany,제품 카테고리 (PLP),83
https://www.lg.com/de/tvs-und-soundbars/grossbild-tvs/,Germany,제품 카테고리 (PLP),80
https://www.lg.com/de/tvs-und-soundbars/tv-zubehoer/,Germany,제품 카테고리 (PLP),83
https://www.lg.com/de/waeschepflege/,Germany,제품 카테고리 (PLP),77
https://www.lg.com/de/wireless-earbuds/,Germany,제품 카테고리 (PLP),73
https://www.lg.com/de/haushaltsgerate-entdecken/,Germany,제품 카테고리 (PLP),74
https://www.lg.com/de/video/blu-ray-und-dvd-player/,Germany,제품 카테고리 (PLP),83
https://www.lg.com/de/kuehlschraenke-gefrierschraenke/multi-door-kuehlschraenke/,Germany,제품 카테고리 (PLP),83
https://www.lg.com/de/lautsprecher/bluetooth-lautsprecher/,Germany,제품 카테고리 (PLP),83
https://www.lg.com/de/lg-signature,Germany,제품 카테고리 (PLP),61
https://www.lg.com/de/lifestyle-tvs/oled-evo-flex/,Germany,제품 카테고리 (PLP),80
https://www.lg.com/de/lautsprecher/hi-fi-systeme/,Germany,제품 카테고리 (PLP),83
https://www.lg.com/de/tvs-und-soundbars/smart-tvs/,Germany,제품 카테고리 (PLP),83
https://www.lg.com/de/kuehlschraenke-gefrierschraenke/kuehl-gefrierkombination/,Germany,제품 카테고리 (PLP),83
https://www.lg.com/de/lautsprecher/gaming-lautsprecher/,Germany,제품 카테고리 (PLP),83
https://www.lg.com/de/mikrowellen/,Germany,제품 카테고리 (PLP),83
https://www.lg.com/de/beamer/,Germany,제품 카테고리 (PLP),83
https://www.lg.com/de/staubsauger/,Germany,제품 카테고리 (PLP),83
https://www.lg.com/de/lautsprecher/party-lautsprecher/,Germany,제품 카테고리 (PLP),87
https://www.lg.com/de/lifestyle-tvs/objet-collection-pose/,Germany,제품 카테고리 (PLP),83
https://www.lg.com/de/wireless-earbuds/tone-free/,Germany,제품 카테고리 (PLP),83
https://www.lg.com/de/wireless-earbuds/uvnano-earbuds/,Germany,제품 카테고리 (PLP),80
https://www.lg.com/de/waeschepflege/alle-waschgeraete/,Germany,제품 카테고리 (PLP),83
https://www.lg.com/de/wireless-earbuds/noise-cancelling-earbuds/,Germany,제품 카테고리 (PLP),80
https://www.lg.com/de/wireless-earbuds/alle-earbuds/,Germany,제품 카테고리 (PLP),83
https://www.lg.com/de/weinkuehlschrank/,Germany,제품 카테고리 (PLP),77
https://www.lg.com/de/mikrowellen/solo-mikrowellen,Germany,제품 카테고리 (PLP),83
https://www.lg.com/de/virtual-showroom/,Germany,제품 카테고리 (PLP),77
https://www.lg.com/de/ultragear-monitore/,Germany,제품 카테고리 (PLP),77
https://www.lg.com/de/lautsprecher/xboom-go/,Germany,제품 카테고리 (PLP),83
https://www.lg.com/de/notebooks/alle-notebooks/,Germany,제품 카테고리 (PLP),83
https://www.lg.com/de/beamer/portable-und-lifestyle-projektoren/,Germany,제품 카테고리 (PLP),83
https://www.lg.com/de/wireless-earbuds/tone-free-fit/,Germany,제품 카테고리 (PLP),83
https://www.lg.com/de/video/,Germany,제품 카테고리 (PLP),80
https://www.lg.com/de/mikrowellen/mikrowellen-mit-grill/,Germany,제품 카테고리 (PLP),83
https://www.lg.com/de/computer-zubehoer/,Germany,제품 카테고리 (PLP),80
https://www.lg.com/de/wireless-earbuds/sport-earbuds/,Germany,제품 카테고리 (PLP),83
https://www.lg.com/de/beamer/heimkinoprojektoren/,Germany,제품 카테고리 (PLP),83
https://www.lg.com/de/lautsprecher/xboom/,Germany,제품 카테고리 (PLP),83
https://www.lg.com/de/einkaufsratgeber/home-air-conditioners/,Germany,제품 카테고리 (PLP),83
https://www.lg.com/de/lifestyle-tvs/stanbyme/,Germany,제품 카테고리 (PLP),83
https://www.lg.com/de/tvs-und-soundbars/signature-oled/,Germany,제품 카테고리 (PLP),83
https://www.lg.com/de/notebooks/,Germany,제품 카테고리 (PLP),74
https://www.lg.com/de/computer-zubehoer/gram-plus-view/,Germany,제품 카테고리 (PLP),80
https://www.lg.com/de/notebooks/gram/,Germany,제품 카테고리 (PLP),83
https://www.lg.com/de/sc-account/,Germany,제품 카테고리 (PLP),73
https://www.lg.com/de/learn-more/gram-plus/,Germany,제품 카테고리 (PLP),80
https://www.lg.com/de/sso-confirm/,Germany,제품 카테고리 (PLP),67
https://www.lg.com/de/android-updates/,Germany,제품 카테고리 (PLP),80
https://www.lg.com/de/soundsuite/howtovideo-qna/,Germany,제품 카테고리 (PLP),80
https://www.lg.com/de/soundsuite/,Germany,제품 카테고리 (PLP),77
https://www.lg.com/de/installation-guide/kuhlschranke/,Germany,제품 카테고리 (PLP),81
https://www.lg.com/de/soundsuite/alle-soundsuite/,Germany,제품 카테고리 (PLP),83
https://www.lg.com/de/tv/qned-tvs/2022/warum-qned/,Germany,제품 카테고리 (PLP),87
https://www.lg.com/de/installation-guide/,Germany,제품 카테고리 (PLP),70
https://www.lg.com/de/installation-guide/waschgeraete/,Germany,제품 카테고리 (PLP),81
https://www.lg.com/de/teilnahmebedingungen/tnb-bereit-fuer-groesseres/,Germany,제품 카테고리 (PLP),80
https://www.lg.com/de/support/ersatzteile-zubehoer/,Germany,Support - 일반,86
https://www.lg.com/de/support/,Germany,Support - 일반,86
https://www.lg.com/de/support/bestellsupport/track-my-order/,Germany,Support - 일반,86
https://www.lg.com/de/support/produkt-hilfe/handbuecher/,Germany,Support - 일반,82
https://www.lg.com/de/support/kontaktieren-sie-uns/,Germany,Support - 일반,86
https://www.lg.com/de/support/produkt-hilfe/reparatur-garantie/,Germany,Support - 일반,82
https://www.lg.com/de/support/produkt-hilfe/produktregistrierung/,Germany,Support - 일반,82
https://www.lg.com/de/support/produkt-hilfe/fehlerbehebung/,Germany,Support - 일반,82
https://www.lg.com/de/support/ankuendigungen/,Germany,Support - 일반,79
https://www.lg.com/de/support/garantie/,Germany,Support - 일반,82
https://www.lg.com/de/support/altgeraete-rueckgabe/,Germany,Support - 일반,79
https://www.lg.com/de/support/bestellsupport/frequently-asked-questions/,Germany,Support - 일반,86
https://www.lg.com/de/support/produkt-hilfe/cs-35WN75CN-B.AMA/,Germany,Support - 일반,86
https://www.lg.com/de/support/produkt-hilfe/cs-RC7055AH1Z.ABWQEDG/,Germany,Support - 일반,86
https://www.lg.com/de/support/produkt-hilfe/cs-24MB37PY-B.AEN/,Germany,Support - 일반,86
https://www.lg.com/de/support/produkt-hilfe/cs-19LG3050.AEU/,Germany,Support - 일반,86
https://www.lg.com/de/support/produkt-hilfe/right-to-repair/,Germany,Support - 일반,86
https://www.lg.com/de/support/produkt-hilfe/cs-ARNU24GS5A0.EMBALEU/,Germany,Support - 일반,86
https://www.lg.com/de/support/produkt-hilfe/cs-P18RK.UE1/,Germany,Support - 일반,86
https://www.lg.com/de/support/produkt-hilfe/cs-GSP545PVYZ8.APZQEDG/,Germany,Support - 일반,86
https://www.lg.com/de/support/produkt-hilfe/cs-V-C4440HTR.*******/,Germany,Support - 일반,86
https://www.lg.com/de/support/produkt-hilfe/cs-PTPKM0.ENCXLEU/,Germany,Support - 일반,86
https://www.lg.com/de/support/produkt-hilfe/cs-GR-P227SUBV.ALSQLGD/,Germany,Support - 일반,86
https://www.lg.com/de/support/produkt-hilfe/cs-F4WV4085.ABWQWDG/,Germany,Support - 일반,86
https://www.lg.com/de/support/produkt-hilfe/cs-MS18AWV.NC0/,Germany,Support - 일반,86
https://www.lg.com/de/support/produkt-hilfe/cs-KC910.AVD2TN/,Germany,Support - 일반,86
https://www.lg.com/de/support/produkt-hilfe/cs-42LY750H.AEN/,Germany,Support - 일반,86
https://www.lg.com/de/support/produkt-hilfe/cs-MZ-42PZ42S.ABLLKS/,Germany,Support - 일반,86
https://www.lg.com/de/support/produkt-hilfe/cs-OLED42C31LA.AEU/,Germany,Support - 일반,86
https://www.lg.com/de/support/produkt-hilfe/cs-55US662H9ZC.AEK/,Germany,Support - 일반,86
https://www.lg.com/de/support/produkt-hilfe/cs-60UF695V.AEU/,Germany,Support - 일반,86
https://www.lg.com/de/support/produkt-hilfe/cs-32LS350S.AEU/,Germany,Support - 일반,86
https://www.lg.com/de/support/produkt-hilfe/cs-DC09RK.UL2/,Germany,Support - 일반,86
https://www.lg.com/de/support/produkt-hilfe/cs-M3202C-BA.AEK/,Germany,Support - 일반,86
https://www.lg.com/de/support/produkt-hilfe/cs-FB44.BDEULL/,Germany,Support - 일반,86
https://www.lg.com/de/support/produkt-hilfe/cs-GSJ471DIDZ.APZQEUT/,Germany,Support - 일반,86
https://www.lg.com/de/support/produkt-hilfe/cs-GD550.ASWSTG/,Germany,Support - 일반,86
https://www.lg.com/de/support/produkt-hilfe/cs-MZ-42TH93.ABLMKD/,Germany,Support - 일반,86
https://www.lg.com/de/support/produkt-hilfe/cs-ARUM180LTE6.EWGBLEU/,Germany,Support - 일반,86
https://www.lg.com/de/support/produkt-hilfe/cs-F1496QD3H.ABWQWDG/,Germany,Support - 일반,86
https://www.lg.com/de/support/produkt-hilfe/cs-27CQ651I-6P.AEU/,Germany,Support - 일반,82
https://www.lg.com/de/support/produkt-hilfe/cs-UB18.NHD/,Germany,Support - 일반,86
https://www.lg.com/de/support/produkt-hilfe/cs-LS-J0960CL.*******/,Germany,Support - 일반,86
https://www.lg.com/de/support/produkt-hilfe/cs-OLED42C5ELB.AEU/,Germany,Support - 일반,86
https://www.lg.com/de/support/produkt-hilfe/cs-LGH850.AVDSSV/,Germany,Support - 일반,86
https://www.lg.com/de/support/produkt-hilfe/cs-55UF671V.AEE/,Germany,Support - 일반,86
https://www.lg.com/de/support/produkt-hilfe/cs-LGH791.A3POBK/,Germany,Support - 일반,86
https://www.lg.com/de/support/produkt-hilfe/cs-LGX210.AITABK/,Germany,Support - 일반,86
https://www.lg.com/de/support/produkt-hilfe/cs-LGH850.AVD2SV/,Germany,Support - 일반,86
https://www.lg.com/de/support/produkt-hilfe/cs-OLED55C37LA.AEU/,Germany,Support - 일반,86
https://www.lg.com/de/support/produkt-hilfe/cs-W2240S-PN.AEU/,Germany,Support - 일반,86
https://www.lg.com/de/support/produkt-hilfe/cs-ARNU42GBGA2.ENWALEU/,Germany,Support - 일반,86
https://www.lg.com/de/support/produkt-hilfe/cs-F4WV3284.ABWQWDG/,Germany,Support - 일반,86
https://www.lg.com/de/support/produkt-hilfe/cs-E2260S-PN.AEU/,Germany,Support - 일반,86
https://www.lg.com/de/support/produkt-hilfe/cs-UB18.NHC/,Germany,Support - 일반,86
https://www.lg.com/de/support/produkt-hilfe/cs-RHT497H.BESPLLK/,Germany,Support - 일반,86
https://www.lg.com/de/support/produkt-hilfe/cs-OLED97G29LA.AEU/,Germany,Support - 일반,86
https://www.lg.com/de/support/produkt-hilfe/cs-50PY2R.ABG/,Germany,Support - 일반,86
https://www.lg.com/de/support/produkt-hilfe/cs-ARUN050LSS0.EWGBLEU/,Germany,Support - 일반,86
https://www.lg.com/de/support/produkt-hilfe/cs-LM-2163H2L.*******/,Germany,Support - 일반,86
https://www.lg.com/de/support/produkt-hilfe/cs-L222WS-BN.*/,Germany,Support - 일반,86
https://www.lg.com/de/support/produkt-hilfe/cs-LGH850.AHUKTN/,Germany,Support - 일반,86
https://www.lg.com/de/support/produkt-hilfe/cs-NP8340.BDEULLK/,Germany,Support - 일반,86
https://www.lg.com/de/support/produkt-hilfe/cs-43UM7450PLA.AEK/,Germany,Support - 일반,86
https://www.lg.com/de/support/produkt-hilfe/cs-43UQ91009LA.AEU/,Germany,Support - 일반,86
https://www.lg.com/de/support/produkt-hilfe/cs-49UM7000PLA.AEU/,Germany,Support - 일반,86
https://www.lg.com/de/support/produkt-hilfe/cs-LGP920.ANLDML/,Germany,Support - 일반,86
https://www.lg.com/de/support/produkt-hilfe/cs-LGH815.APRTLR/,Germany,Support - 일반,86
https://www.lg.com/de/support/produkt-hilfe/cs-E1910PM-GN.AEU/,Germany,Support - 일반,86
https://www.lg.com/de/support/produkt-hilfe/cs-MC-8084NTC.ASLQLGD/,Germany,Support - 일반,86
https://www.lg.com/de/support/produkt-hilfe/cs-49UW961H.AEK/,Germany,Support - 일반,86
https://www.lg.com/de/support/produkt-hilfe/cs-42LX3Q9LA.AEU/,Germany,Support - 일반,86
https://www.lg.com/de/support/produkt-hilfe/cs-M2262DP-PZ.AEU/,Germany,Support - 일반,86
https://www.lg.com/de/support/produkt-hilfe/cs-CRNN486TDA0.ANWALEU/,Germany,Support - 일반,86
https://www.lg.com/de/support/produkt-hilfe/cs-FB84-BS.ADEULLK/,Germany,Support - 일반,86
https://www.lg.com/de/support/produkt-hilfe/cs-E2350V-WN.AEU/,Germany,Support - 일반,86
https://www.lg.com/de/support/produkt-hilfe/cs-32LD420.AEU/,Germany,Support - 일반,86
https://www.lg.com/de/support/produkt-hilfe/cs-X120-G.C7LTG/,Germany,Support - 일반,86
https://www.lg.com/de/support/produkt-hilfe/cs-42LV375S.AEU/,Germany,Support - 일반,86
https://www.lg.com/de/support/produkt-hilfe/cs-LGK350N.AESPKU/,Germany,Support - 일반,86
https://www.lg.com/de/support/produkt-hilfe/cs-LGD855.A6PLTN/,Germany,Support - 일반,86
https://www.lg.com/de/support/produkt-hilfe/cs-GBB530NSQFE.ANSQEUR/,Germany,Support - 일반,86
https://www.lg.com/de/support/produkt-hilfe/cs-M4712C-BAP.AEU/,Germany,Support - 일반,86
https://www.lg.com/de/support/produkt-hilfe/cs-MJ24PC.NSK0/,Germany,Support - 일반,86
https://www.lg.com/de/support/produkt-hilfe/cs-42LA6130.AEE/,Germany,Support - 일반,86
https://www.lg.com/de/support/produkt-hilfe/cs-LGD405.ANEUWY/,Germany,Support - 일반,86
https://www.lg.com/de/support/produkt-hilfe/cs-32HL512D-B.AEU/,Germany,Support - 일반,86
https://www.lg.com/de/support/produkt-hilfe/cs-40WP95X-W.AEU/,Germany,Support - 일반,86
https://www.lg.com/de/support/produkt-hilfe/cs-A12GA1.NSE/,Germany,Support - 일반,86
https://www.lg.com/de/support/produkt-hilfe/cs-43LV661H.AEU/,Germany,Support - 일반,86
https://www.lg.com/de/support/produkt-hilfe/cs-GM750.AVDGTN/,Germany,Support - 일반,86
https://www.lg.com/de/support/produkt-hilfe/cs-KP500.ASWSWA/,Germany,Support - 일반,86
https://www.lg.com/de/support/produkt-hilfe/cs-47LA6136.AEU/,Germany,Support - 일반,86
https://www.lg.com/de/support/produkt-hilfe/cs-FA164.DDEULL/,Germany,Support - 일반,86
https://www.lg.com/de/support/produkt-hilfe/cs-32LV355H.AEU/,Germany,Support - 일반,86
https://www.lg.com/de/support/produkt-hilfe/cs-RH7822JP1L.AA3GQU/,Germany,Support - 일반,86
https://www.lg.com/de/support/produkt-hilfe/cs-LZ-H080GBA1.ENWALEU/,Germany,Support - 일반,86
https://www.lg.com/de/support/produkt-hilfe/cs-KE970GO.ATMDSS/,Germany,Support - 일반,86
https://www.lg.com/de/support/produkt-hilfe/fehlerbehebung/help-library/cs-CT52000817-20153806394520/,Germany,Support - Troubleshoot,79
https://www.lg.com/de/support/produkt-hilfe/fehlerbehebung/help-library/cs-CT52000814-20154381258412/,Germany,Support - Troubleshoot,79
https://www.lg.com/de/support/produkt-hilfe/fehlerbehebung/help-library/cs-CT52000815-20154713349536/,Germany,Support - Troubleshoot,79
https://www.lg.com/de/support/produkt-hilfe/cs-GR-372SF.ASWQLGD/,Germany,Support - 일반,86
https://www.lg.com/de/support/produkt-hilfe/cs-55LX1Q9LA.AVS/,Germany,Support - 일반,86
https://www.lg.com/de/support/produkt-hilfe/fehlerbehebung/help-library/cs-CT52000816-20154861464943/,Germany,Support - Troubleshoot,79
https://www.lg.com/de/support/produkt-hilfe/fehlerbehebung/help-library/cs-CT52000817-20154858050454/,Germany,Support - Troubleshoot,79
https://www.lg.com/de/support/produkt-hilfe/fehlerbehebung/help-library/cs-CT52000816-20154856446772/,Germany,Support - Troubleshoot,79
https://www.lg.com/de/support/produkt-hilfe/fehlerbehebung/help-library/cs-CT52000816-20154381264121/,Germany,Support - Troubleshoot,79
https://www.lg.com/de/support/produkt-hilfe/fehlerbehebung/help-library/cs-CT52000815-20154856575178/,Germany,Support - Troubleshoot,79
https://www.lg.com/de/support/produkt-hilfe/fehlerbehebung/help-library/cs-CT52000815-20155103091985/,Germany,Support - Troubleshoot,79
https://www.lg.com/de/support/produkt-hilfe/fehlerbehebung/help-library/cs-CT52000817-20154863580158/,Germany,Support - Troubleshoot,79
https://www.lg.com/de/support/produkt-hilfe/fehlerbehebung/help-library/cs-CT52000814-20154857982545/,Germany,Support - Troubleshoot,79
https://www.lg.com/de/support/produkt-hilfe/fehlerbehebung/help-library/cs-CT52000815-20155101719456/,Germany,Support - Troubleshoot,79
https://www.lg.com/de/support/produkt-hilfe/fehlerbehebung/help-library/cs-CT52000817-20154863581356/,Germany,Support - Troubleshoot,79
https://www.lg.com/de/support/produkt-hilfe/fehlerbehebung/help-library/cs-CT52000819-20155140646426/,Germany,Support - Troubleshoot,79
https://www.lg.com/de/support/produkt-hilfe/fehlerbehebung/help-library/cs-CT52000816-20154381265457/,Germany,Support - Troubleshoot,79
https://www.lg.com/de/support/produkt-hilfe/fehlerbehebung/help-library/cs-CT52000816-20154381265323/,Germany,Support - Troubleshoot,79
https://www.lg.com/de/support/produkt-hilfe/fehlerbehebung/help-library/cs-CT52000816-20155115898980/,Germany,Support - Troubleshoot,79
https://www.lg.com/de/support/produkt-hilfe/fehlerbehebung/help-library/cs-CT52000815-20154261812461/,Germany,Support - Troubleshoot,79
https://www.lg.com/de/support/produkt-hilfe/fehlerbehebung/help-library/cs-CT52000815-20154683502529/,Germany,Support - Troubleshoot,79
https://www.lg.com/de/support/produkt-hilfe/fehlerbehebung/help-library/cs-CT52000817-20154752577865/,Germany,Support - Troubleshoot,79
https://www.lg.com/de/support/produkt-hilfe/fehlerbehebung/help-library/cs-CT52000816-20154381261751/,Germany,Support - Troubleshoot,79
https://www.lg.com/de/support/produkt-hilfe/fehlerbehebung/help-library/cs-CT52000814-20154884330079/,Germany,Support - Troubleshoot,79
https://www.lg.com/de/support/produkt-hilfe/fehlerbehebung/help-library/cs-CT00001737-20154743177299/,Germany,Support - Troubleshoot,79
https://www.lg.com/de/support/produkt-hilfe/fehlerbehebung/help-library/cs-CT52000814-20154860328057/,Germany,Support - Troubleshoot,79
https://www.lg.com/de/support/produkt-hilfe/fehlerbehebung/help-library/cs-CT52000818-20154863556558/,Germany,Support - Troubleshoot,79
https://www.lg.com/de/support/produkt-hilfe/fehlerbehebung/help-library/cs-CT52000814-20154700767119/,Germany,Support - Troubleshoot,79
https://www.lg.com/de/support/produkt-hilfe/fehlerbehebung/help-library/cs-CT00001737-20154844389948/,Germany,Support - Troubleshoot,79
https://www.lg.com/de/support/produkt-hilfe/fehlerbehebung/help-library/cs-CT52000817-20154858044314/,Germany,Support - Troubleshoot,79
https://www.lg.com/de/support/produkt-hilfe/fehlerbehebung/help-library/cs-CT52000815-20153791444382ELR/,Germany,Support - Troubleshoot,79
https://www.lg.com/de/support/produkt-hilfe/fehlerbehebung/help-library/cs-CT52000816-20154381260691/,Germany,Support - Troubleshoot,79
https://www.lg.com/de/support/produkt-hilfe/fehlerbehebung/help-library/cs-CT52000817-20154863247911/,Germany,Support - Troubleshoot,79
https://www.lg.com/de/support/produkt-hilfe/fehlerbehebung/help-library/cs-CT52000814-20154860026181/,Germany,Support - Troubleshoot,79
https://www.lg.com/de/support/produkt-hilfe/fehlerbehebung/help-library/cs-CT52000819-20154860300071/,Germany,Support - Troubleshoot,79
https://www.lg.com/de/support/produkt-hilfe/fehlerbehebung/help-library/cs-CT52000817-20154861676048/,Germany,Support - Troubleshoot,79
https://www.lg.com/de/support/produkt-hilfe/fehlerbehebung/help-library/cs-CT00001737-20154381265549/,Germany,Support - Troubleshoot,79
https://www.lg.com/de/support/produkt-hilfe/fehlerbehebung/help-library/cs-CT52000815-20154381246839/,Germany,Support - Troubleshoot,79
https://www.lg.com/de/support/produkt-hilfe/fehlerbehebung/help-library/cs-CT52000817-20154861590552/,Germany,Support - Troubleshoot,79
https://www.lg.com/de/support/produkt-hilfe/fehlerbehebung/help-library/cs-CT52000817-20154502934024/,Germany,Support - Troubleshoot,79
https://www.lg.com/de/support/produkt-hilfe/fehlerbehebung/help-library/cs-CT52000815-20154848020408/,Germany,Support - Troubleshoot,79
https://www.lg.com/de/support/produkt-hilfe/fehlerbehebung/help-library/cs-CT52000814-20154712646291/,Germany,Support - Troubleshoot,79
https://www.lg.com/de/support/produkt-hilfe/fehlerbehebung/help-library/cs-CT52000817-20154735192155/,Germany,Support - Troubleshoot,79
https://www.lg.com/de/support/produkt-hilfe/fehlerbehebung/help-library/cs-CT52000814-20154863289175/,Germany,Support - Troubleshoot,79
https://www.lg.com/de/support/produkt-hilfe/fehlerbehebung/help-library/cs-CT52000817-20154861624392/,Germany,Support - Troubleshoot,79
https://www.lg.com/de/support/produkt-hilfe/fehlerbehebung/help-library/cs-CT52000814-20154713383093/,Germany,Support - Troubleshoot,79
https://www.lg.com/de/support/produkt-hilfe/fehlerbehebung/help-library/cs-CT52000814-20154700617971/,Germany,Support - Troubleshoot,79
https://www.lg.com/de/support/produkt-hilfe/fehlerbehebung/help-library/cs-CT52000814-20154523929305/,Germany,Support - Troubleshoot,79
https://www.lg.com/de/support/produkt-hilfe/fehlerbehebung/help-library/cs-CT00001737-20154381264350/,Germany,Support - Troubleshoot,79
https://www.lg.com/de/support/produkt-hilfe/fehlerbehebung/help-library/cs-CT52000815-20154856005863/,Germany,Support - Troubleshoot,79
https://www.lg.com/de/support/produkt-hilfe/fehlerbehebung/help-library/cs-CT52000817-20154858151689/,Germany,Support - Troubleshoot,79
https://www.lg.com/de/support/produkt-hilfe/fehlerbehebung/help-library/cs-CT52000815-20154715023859/,Germany,Support - Troubleshoot,79
https://www.lg.com/de/support/produkt-hilfe/fehlerbehebung/help-library/cs-CT52000815-20154856512353/,Germany,Support - Troubleshoot,79
https://www.lg.com/de/support/produkt-hilfe/fehlerbehebung/help-library/cs-CT52000814-20154713237124/,Germany,Support - Troubleshoot,79
https://www.lg.com/de/support/produkt-hilfe/fehlerbehebung/help-library/cs-CT52000814-20154712696768/,Germany,Support - Troubleshoot,79
https://www.lg.com/de/support/produkt-hilfe/fehlerbehebung/help-library/cs-CT52000816-20154175983648/,Germany,Support - Troubleshoot,79
https://www.lg.com/de/support/produkt-hilfe/fehlerbehebung/help-library/cs-CT52000814-20154743172348/,Germany,Support - Troubleshoot,79
https://www.lg.com/de/support/produkt-hilfe/fehlerbehebung/help-library/cs-CT52000815-20154381257607/,Germany,Support - Troubleshoot,79
https://www.lg.com/de/support/produkt-hilfe/fehlerbehebung/help-library/cs-CT00001362-20153722363245/,Germany,Support - Troubleshoot,79
https://www.lg.com/de/support/produkt-hilfe/fehlerbehebung/help-library/cs-CT52000815-20154046040499/,Germany,Support - Troubleshoot,79
https://www.lg.com/de/support/produkt-hilfe/fehlerbehebung/help-library/cs-CT52000817-20154858373194/,Germany,Support - Troubleshoot,79
https://www.lg.com/de/support/produkt-hilfe/fehlerbehebung/help-library/cs-CT52000817-20154992568097/,Germany,Support - Troubleshoot,79
https://www.lg.com/de/support/produkt-hilfe/fehlerbehebung/help-library/cs-CT52000817-20155047765264/,Germany,Support - Troubleshoot,79
https://www.lg.com/de/support/produkt-hilfe/fehlerbehebung/help-library/cs-CT52000815-20154713206496/,Germany,Support - Troubleshoot,79
https://www.lg.com/de/support/produkt-hilfe/fehlerbehebung/help-library/cs-CT52000814-20154381253788/,Germany,Support - Troubleshoot,79
https://www.lg.com/de/support/produkt-hilfe/fehlerbehebung/help-library/cs-CT52000814-20154713344109/,Germany,Support - Troubleshoot,79
https://www.lg.com/de/support/produkt-hilfe/fehlerbehebung/help-library/cs-CT52000817-20154159923201/,Germany,Support - Troubleshoot,79
https://www.lg.com/de/support/produkt-hilfe/fehlerbehebung/help-library/cs-CT00001737-20154381254635/,Germany,Support - Troubleshoot,79
https://www.lg.com/de/support/produkt-hilfe/fehlerbehebung/help-library/cs-CT52000815-20155115971640/,Germany,Support - Troubleshoot,79
https://www.lg.com/de/support/produkt-hilfe/fehlerbehebung/help-library/cs-CT52000816-20154844414702/,Germany,Support - Troubleshoot,79
https://www.lg.com/de/support/produkt-hilfe/fehlerbehebung/help-library/cs-CT52000814-20154860350879/,Germany,Support - Troubleshoot,79
https://www.lg.com/de/support/produkt-hilfe/fehlerbehebung/help-library/cs-CT52000816-20154381262815/,Germany,Support - Troubleshoot,79
https://www.lg.com/de/support/produkt-hilfe/fehlerbehebung/help-library/cs-CT52000815-20154713282112/,Germany,Support - Troubleshoot,79
https://www.lg.com/de/support/produkt-hilfe/fehlerbehebung/help-library/cs-CT52000814-20154768396281/,Germany,Support - Troubleshoot,79
https://www.lg.com/de/support/produkt-hilfe/fehlerbehebung/help-library/cs-CT52000818-20154859968914/,Germany,Support - Troubleshoot,79
https://www.lg.com/de/support/produkt-hilfe/fehlerbehebung/help-library/cs-CT52000815-20154712708099/,Germany,Support - Troubleshoot,79
https://www.lg.com/de/support/produkt-hilfe/fehlerbehebung/help-library/cs-CT52000814-20154861728602/,Germany,Support - Troubleshoot,79
https://www.lg.com/de/support/produkt-hilfe/fehlerbehebung/help-library/cs-CT52000816-20154710800336/,Germany,Support - Troubleshoot,79
https://www.lg.com/de/support/produkt-hilfe/fehlerbehebung/help-library/cs-CT52000814-20154861513490/,Germany,Support - Troubleshoot,79
https://www.lg.com/de/support/produkt-hilfe/fehlerbehebung/help-library/cs-CT52000814-20154789222840/,Germany,Support - Troubleshoot,79
https://www.lg.com/de/support/produkt-hilfe/fehlerbehebung/help-library/cs-CT52000815-20154858507712/,Germany,Support - Troubleshoot,79
https://www.lg.com/de/support/produkt-hilfe/fehlerbehebung/help-library/cs-CT52000816-20154381253469/,Germany,Support - Troubleshoot,79
https://www.lg.com/de/support/produkt-hilfe/fehlerbehebung/help-library/cs-CT52000817-20154159922394/,Germany,Support - Troubleshoot,79
https://www.lg.com/de/support/produkt-hilfe/fehlerbehebung/help-library/cs-CT00001737-20154381260798/,Germany,Support - Troubleshoot,79
https://www.lg.com/de/support/produkt-hilfe/fehlerbehebung/help-library/cs-CT52000817-20154785641099/,Germany,Support - Troubleshoot,79
https://www.lg.com/de/support/produkt-hilfe/fehlerbehebung/help-library/cs-CT52000817-20154175968547/,Germany,Support - Troubleshoot,79
https://www.lg.com/de/support/produkt-hilfe/fehlerbehebung/help-library/cs-CT52000817-20154782512750/,Germany,Support - Troubleshoot,79
https://www.lg.com/de/support/produkt-hilfe/fehlerbehebung/help-library/cs-CT52000815-20154711026510/,Germany,Support - Troubleshoot,79
https://www.lg.com/de/support/produkt-hilfe/fehlerbehebung/help-library/cs-CT52000815-20154712620076/,Germany,Support - Troubleshoot,79
https://www.lg.com/de/support/produkt-hilfe/fehlerbehebung/help-library/cs-CT52000819-20154159923164/,Germany,Support - Troubleshoot,79
https://www.lg.com/de/support/produkt-hilfe/fehlerbehebung/help-library/cs-CT52000815-20154856107071/,Germany,Support - Troubleshoot,79
https://www.lg.com/de/support/produkt-hilfe/fehlerbehebung/help-library/cs-CT52000817-20154381258507/,Germany,Support - Troubleshoot,79
https://www.lg.com/de/support/produkt-hilfe/fehlerbehebung/help-library/cs-CT52000814-20154768379494/,Germany,Support - Troubleshoot,79
https://www.lg.com/de/support/produkt-hilfe/fehlerbehebung/help-library/cs-CT52000815-20154858514904/,Germany,Support - Troubleshoot,79
https://www.lg.com/de/support/produkt-hilfe/fehlerbehebung/help-library/cs-CT52000815-20154858015993/,Germany,Support - Troubleshoot,79
https://www.lg.com/de/support/produkt-hilfe/fehlerbehebung/help-library/cs-CT52000816-20154844248095/,Germany,Support - Troubleshoot,79
https://www.lg.com/de/support/produkt-hilfe/fehlerbehebung/help-library/cs-CT52000815-20155102796750/,Germany,Support - Troubleshoot,79
https://www.lg.com/de/support/produkt-hilfe/fehlerbehebung/help-library/cs-CT52000816-20154381262949/,Germany,Support - Troubleshoot,79
https://www.lg.com/de/support/produkt-hilfe/fehlerbehebung/help-library/cs-CT52000815-20154381246716/,Germany,Support - Troubleshoot,79
https://www.lg.com/de/support/produkt-hilfe/fehlerbehebung/help-library/cs-CT52000815-20154159923659/,Germany,Support - Troubleshoot,79
https://www.lg.com/de/support/produkt-hilfe/fehlerbehebung/help-library/cs-CT52000815-20154848294069/,Germany,Support - Troubleshoot,79
https://www.lg.com/de/support/produkt-hilfe/fehlerbehebung/help-library/cs-CT00001737-20154381252382/,Germany,Support - Troubleshoot,79
https://www.lg.com/es/acerca-de-lg/prensa-y-medios/contactos-de-prensa/,Spain,Global Newsroom,79
https://www.lg.com/es/acerca-de-lg/,Spain,Global Newsroom,79
https://www.lg.com/es/acerca-de-lg/index/,Spain,Global Newsroom,76
https://www.lg.com/es/acerca-de-lg/comunicados-de-prensa/lg-anuncia-los-resultados-financieros-del-primer-trimestre-de-2026/,Spain,Global Newsroom,76
https://www.lg.com/es/acerca-de-lg/comunicados-de-prensa/lg-celebra-su-30-aniversario-en-espana-con-una-nueva-edicion-de-life-s-good-cuando-compras-en-tu-barrio/,Spain,Global Newsroom,76
https://www.lg.com/es/acerca-de-lg/comunicados-de-prensa/lg-eleva-la-experiencia-sonora-en-casa-con-una-solucion-mas-libre-inteligente-e-inmersiva/,Spain,Global Newsroom,76
https://www.lg.com/es/acerca-de-lg/comunicados-de-prensa/los-if-design-award-2026-premian-la-tecnologia-y-sostenibilidad-de-las-soluciones-de-climatizacion-lg/,Spain,Global Newsroom,76
https://www.lg.com/es/acerca-de-lg/comunicados-de-prensa/lg-electronics-impulsa-la-eficiencia-de-los-centros-de-datos-de-ia-con-soluciones-de-refrigeracion-integradas-y-gestion-energetica-avanzada/,Spain,Global Newsroom,76
https://www.lg.com/es/acerca-de-lg/comunicados-de-prensa/la-tecnolog-a-led-de-lg-transforma-la-experiencia-del-viajero-de-la-terminal-de-las-palmas-cruise-port-/,Spain,Global Newsroom,76
https://www.lg.com/es/acerca-de-lg/comunicados-de-prensa/lg-redefine-el-hogar-del-futuro-electrodom-sticos-hasta-un-60--mas-eficientes-que-la-clase-a-y-con-garantia-de-por-vida/,Spain,Global Newsroom,76
https://www.lg.com/es/acerca-de-lg/comunicados-de-prensa/lg-electronics-presenta-la-nueva-gama-qned-evo-mini-led-2026-y-un-modelo-de-115-pulgadas/,Spain,Global Newsroom,72
https://www.lg.com/es/acerca-de-lg/comunicados-de-prensa/lg-desvelara-el-futuro-de-la-cocina-europea-en-la-milan-desing-week-2026/,Spain,Global Newsroom,76
https://www.lg.com/es/acerca-de-lg/comunicados-de-prensa/lg-y-asindown-unen-deporte-y-tecnolog-a-para-contagiar-sonrisas-en-el-roig-arena/,Spain,Global Newsroom,76
https://www.lg.com/es/acerca-de-lg/comunicados-de-prensa/lg-trae-de-eurocucina-2026-las-ultimas-tendencias-en-cocinas/,Spain,Global Newsroom,76
https://www.lg.com/es/acerca-de-lg/comunicados-de-prensa/lg-presenta-nuevos-disenos-de-cocinas-y-una-nueva-gama-de--lavavillas-con-ia-en-eurocucina-2026/,Spain,Global Newsroom,76
https://www.lg.com/es/acerca-de-lg/comunicados-de-prensa/lg-presenta-una-solucion-hibrida-para-llamadas-de-emergencia-que-mejora-la-seguridad-en-carretera-y-compatible-con-la-normativa/,Spain,Global Newsroom,76
https://www.lg.com/es/acerca-de-lg/comunicados-de-prensa/Llega-a-espana-el-monitor-5k2k-mas-grande-del-mundo-que-redefinira-la-experiencia-gaming/,Spain,Global Newsroom,76
https://www.lg.com/es/acerca-de-lg/comunicados-de-prensa/lg-sound-suite-revoluciona-el-cine-en-casa--un-sonido-envolvente-inal-mbrico-que-se-adapta-a-cada-sal-n/,Spain,Global Newsroom,76
https://www.lg.com/es/acerca-de-lg/comunicados-de-prensa/lg-washtower--triunfa-a-nivel-global-gracias-a-la-innovacion-y-la-eficiencia/,Spain,Global Newsroom,76
https://www.lg.com/es/acerca-de-lg/comunicados-de-prensa/lg-extiende-su-garant-a-de-por-vida-a-su-gama-completa-de-hogar-y-climatizaci-n/,Spain,Global Newsroom,76
https://www.lg.com/es/acerca-de-lg/comunicados-de-prensa/los-if-design-award-2026-premian-el-diseno-la-calidad-de-imagen-y-la-innovacion-de-las-tecnologias-lg/,Spain,Global Newsroom,76
https://www.lg.com/es/acerca-de-lg/comunicados-de-prensa/lg-gallery--escaparate-de-las-obras-de-arte-digital-de-sedition-incluidas-varias-piezas-exclusivas/,Spain,Global Newsroom,76
https://www.lg.com/es/acerca-de-lg/comunicados-de-prensa/lg-gram-2026-consigue-una-portabilidad-extrema-gracias-a-aerominum/,Spain,Global Newsroom,76
https://www.lg.com/es/acerca-de-lg/comunicados-de-prensa/lg-thinq-pro-nueva-soluci-n-de-lg-para-facilitar-la-gestion-profesional-de-hogares-conectados/,Spain,Global Newsroom,76
"https://www.lg.com/es/acerca-de-lg/comunicados-de-prensa/el-optimismo,-la-herramienta-de-los-espa-oles-seg-n-un-estudio-de-lg-para-alcanzar-los-prop-sitos-de-a-o-nuevo-/",Spain,Global Newsroom,76
"https://www.lg.com/es/acerca-de-lg/comunicados-de-prensa/lg-renueva-xboom-by-will-i-am-con-sonido-portatil-con-ia,-mas-bateria-y-un-diseno-mas-resistente/",Spain,Global Newsroom,72
https://www.lg.com/es/acerca-de-lg/comunicados-de-prensa/lg-muestra-la-inteligencia-afectiva-en-acci-n-para-el-hogar-y-los-veh-culos-del-futuro/,Spain,Global Newsroom,72
https://www.lg.com/es/acerca-de-lg/comunicados-de-prensa/lg-presenta-oled-evo-w6--el-televisor-oled-true-wireless-m-s-delgado-del-mundo/,Spain,Global Newsroom,76
https://www.lg.com/es/acerca-de-lg/comunicados-de-prensa/lg-gallery-tv--la-fusi-n-perfecta-entre-arte-y-tecnologia/,Spain,Global Newsroom,76
https://www.lg.com/es/acerca-de-lg/comunicados-de-prensa/lg-revoluciona-la-experiencia-gaming-en-sus-televisores-con-el-programa--designed-for-lg-gaming-portal-/,Spain,Global Newsroom,76
https://www.lg.com/es/acerca-de-lg/comunicados-de-prensa/lg-electronics-presenta-su-nueva-gama-de-soluciones-de-pantallas-personalizadas-para-clientes-b2b-/,Spain,Global Newsroom,76
https://www.lg.com/es/acerca-de-lg/comunicados-de-prensa/lg-recibe-el-ahri-performance-award-por-noveno-a-o-consecutivo/,Spain,Global Newsroom,76
https://www.lg.com/es/acerca-de-lg/comunicados-de-prensa/dia-mundial-de-la-reducci-n-de-emisiones/,Spain,Global Newsroom,76
https://www.lg.com/es/acerca-de-lg/comunicados-de-prensa/un-60--de-los-usuarios-posiciona-a-lg-como-el-servicio-t-cnico-l-der-en-espa-a-/,Spain,Global Newsroom,76
https://www.lg.com/es/acerca-de-lg/comunicados-de-prensa/lg-ultragear-evo--el-primer-monitor-del-mundo-con-tecnolog-a-de-reescalado-por-ia-en-5k/,Spain,Global Newsroom,72
https://www.lg.com/es/acerca-de-lg/comunicados-de-prensa/lg-refuerza-su-apuesta-por-el-canal-distribuidor-con-dos-nuevos-perfiles-estrat-gicos/,Spain,Global Newsroom,76
https://www.lg.com/es/acerca-de-lg/comunicados-de-prensa/lg-cloid--redefinir--la-vida-dom-stica-gracias-a-la-ai-afectiva/,Spain,Global Newsroom,76
https://www.lg.com/es/acerca-de-lg/comunicados-de-prensa/lg-mejora-la-conectividad-en-vehiculos-con-una-nueva-solucion-inteligente/,Spain,Global Newsroom,76
https://www.lg.com/es/acerca-de-lg/comunicados-de-prensa/lg-electronics-anuncia-sus-resultados-financieros-del-ejercicio-2025/,Spain,Global Newsroom,76
https://www.lg.com/es/acerca-de-lg/comunicados-de-prensa/lg-apuesta-por-la-calidad-de-imagen-y-la-durabilidad-con-la-nueva-generaci-n-de-lg-magnit/,Spain,Global Newsroom,76
https://www.lg.com/es/acerca-de-lg/comunicados-de-prensa/lg-y-gesab-modernizan-el-centro-de-control-de-movilidad-de-gran-canaria/,Spain,Global Newsroom,76
https://www.lg.com/es/acerca-de-lg/comunicados-de-prensa/lg-sound-suite-estrena-la-primera-barra-de-sonido-con-dolby-atmo/,Spain,Global Newsroom,72
https://www.lg.com/es/acerca-de-lg/comunicados-de-prensa/lg-apuesta-por-la-ia-afectiva-para-los-vehiculos-del-futuro/,Spain,Global Newsroom,79
https://www.lg.com/es/acerca-de-lg/comunicados-de-prensa/----las-ultimas-tecnologias-led-de-lg-deslumbran-en-el-mayor-est/,Spain,Global Newsroom,79
https://www.lg.com/es/acerca-de-lg/comunicados-de-prensa/lg-consolida-su-compromiso-en-navidad--servicio-postventa-agil-y/,Spain,Global Newsroom,76
https://www.lg.com/es/acerca-de-lg/comunicados-de-prensa/lg-consolida-su-compromiso-en-navidad--servicio-postventa-agil-y/ces-2026-----lg-signature-redefine-la-experiencia-en-el-hogar-co/,Spain,Global Newsroom,79
https://www.lg.com/es/acerca-de-lg/comunicados-de-prensa/lg-micro-rgb-evo--el-televisor-lcd-mas-avanzado-con-procesador-d/,Spain,Global Newsroom,76
https://www.lg.com/es/acerca-de-lg/comunicados-de-prensa/-----lg-business-cloud--la-plataforma-en-la-nube-que-centraliza-/,Spain,Global Newsroom,79
https://www.lg.com/es/acerca-de-lg/comunicados-de-prensa/ces-2026-----lg-presentara-una-tecnologia-de-movilidad-de-ultima/,Spain,Global Newsroom,76
https://www.lg.com/es/acerca-de-lg/comunicados-de-prensa/lg-y-econocom-impulsan-la-experiencia-inmersiva-de-plaza-mahou-c/lg-y-ubisoft-se-unen-para-traer-de-vuelta-el-iconico-juego-just-/,Spain,Global Newsroom,76
https://www.lg.com/es/acerca-de-lg/comunicados-de-prensa/lg-y-econocom-impulsan-la-experiencia-inmersiva-de-plaza-mahou-c/tecnologia-life-s-good-de-lg--diseno-de-soluciones--servicio-sup/,Spain,Global Newsroom,76
https://www.lg.com/es/acerca-de-lg/comunicados-de-prensa/lg-channels-amplia-su-presencia-con-nueva-identidad--interfaz-op/,Spain,Global Newsroom,79
https://www.lg.com/es/acerca-de-lg/comunicados-de-prensa/lg-y-econocom-impulsan-la-experiencia-inmersiva-de-plaza-mahou-c/lg-anuncia-los-resultados-financieros-del-tercer-trimestre-de-20/,Spain,Global Newsroom,76
https://www.lg.com/es/acerca-de-lg/comunicados-de-prensa/lg-xboom-hace-vibrar-la-fms-en-el-roig-arena-/,Spain,Global Newsroom,79
https://www.lg.com/es/acerca-de-lg/comunicados-de-prensa/lg-y-econocom-impulsan-la-experiencia-inmersiva-de-plaza-mahou-c/,Spain,Global Newsroom,76
https://www.lg.com/es/acerca-de-lg/comunicados-de-prensa/los-innovation-awards-ces-2026-reconocen-la-calidad-de-imagen--l/,Spain,Global Newsroom,79
https://www.lg.com/es/acerca-de-lg/comunicados-de-prensa/lg-se-alia-con-amazon-para-la-cesion-de-licencias-de-patentes-es/,Spain,Global Newsroom,79
https://www.lg.com/es/acerca-de-lg/comunicados-de-prensa/NP_LG-se-asocia-con-Flex-para-ampliar-su-negocio-global-de-centros-de-datos-a-escala-gigavatios/,Spain,Global Newsroom,76
https://www.lg.com/es/acerca-de-lg/comunicados-de-prensa/microsoft-se-une-a-lg-en-su-proyecto-de-recuperacion-de-posidonia-oceanica/,Spain,Global Newsroom,79
https://www.lg.com/es/acerca-de-lg/comunicados-de-prensa/lg-muestra-su-liderazgo-en-la-feria-de-climatizacion-c-r-con-inn/,Spain,Global Newsroom,79
https://www.lg.com/es/acerca-de-lg/comunicados-de-prensa/lg---go--la-nueva-gama-de-smart-tv-que-se-mueve-contigo-a-cualqu/,Spain,Global Newsroom,76
https://www.lg.com/es/acerca-de-lg/comunicados-de-prensa/lg-stanbyme-2--el-nuevo-smart-tv-webos-m-s-vers-til-con-total-libertad-de-movimiento/,Spain,Global Newsroom,79
https://www.lg.com/es/acerca-de-lg/comunicados-de-prensa/lg-y-mercedes-benz-inician-conversaciones-para-ampliar-su-alianza-estrategica-one-lg-solution/,Spain,Global Newsroom,76
https://www.lg.com/es/acerca-de-lg/comunicados-de-prensa/lg-transforma-la-experiencia-del-aficionado-del-baskonia-con-un-/,Spain,Global Newsroom,79
https://www.lg.com/es/acerca-de-lg/comunicados-de-prensa/lg-presenta--smart-green-minerals---el-primer-proyecto-urbano-de/,Spain,Global Newsroom,76
https://www.lg.com/es/acerca-de-lg/comunicados-de-prensa/lg-impulsa-la-innovacion-en-bombas-de-calor-con-pruebas-reales-en-diversas-condiciones-climaticas/,Spain,Global Newsroom,79
https://www.lg.com/es/acerca-de-lg/comunicados-de-prensa/lg-refuerza-su-atencion-al-cliente-en-epocas-de-alta-demanda--as/,Spain,Global Newsroom,79
https://www.lg.com/es/acerca-de-lg/comunicados-de-prensa/lg-oled-y-j-a--bayona-redefinen-la-experiencia-del-cine-en-casa-/,Spain,Global Newsroom,79
https://www.lg.com/es/acerca-de-lg/comunicados-de-prensa/lg-vuelve-a-contar-con-andres-montes-y-su-iconica-pajarita-para-/,Spain,Global Newsroom,76
https://www.lg.com/es/acerca-de-lg/comunicados-de-prensa/lg-anade-nuevos-modelos-a-su-gama-lg-gram-pro---gran-portabilida/,Spain,Global Newsroom,83
https://www.lg.com/es/acerca-de-lg/comunicados-de-prensa/-lg-lanza-en-espana--radio-optimism--para-transmitir-el-mensaje-/,Spain,Global Newsroom,79
https://www.lg.com/es/acerca-de-lg/comunicados-de-prensa/lg-redefine-la-experiencia-a-bordo-del-vehiculo--xbox-gaming-y-r/,Spain,Global Newsroom,79
https://www.lg.com/es/acerca-de-lg/comunicados-de-prensa/lg-presenta-el-primer-monitor-6k-del-mundo-con-thunderbolt--5/,Spain,Global Newsroom,79
https://www.lg.com/es/acerca-de-lg/comunicados-de-prensa/mas-que-inteligentes--los-nuevos-electrodomesticos-lg-con-thinq-/,Spain,Global Newsroom,79
https://www.lg.com/es/acerca-de-lg/comunicados-de-prensa/lg-muestra--lg-ai-home---el-hogar-del-futuro-mas-avanzado-e-inte/,Spain,Global Newsroom,79
https://www.lg.com/es/acerca-de-lg/comunicados-de-prensa/lg-lidera-el-servicio-postventa-y-acompana-a-los-hogares-espanol/,Spain,Global Newsroom,79
https://www.lg.com/es/acerca-de-lg/comunicados-de-prensa/lg-oled-evo-m5--el-primer-televisor-oled-inalambrico-del-mundo--/,Spain,Global Newsroom,83
https://www.lg.com/es/acerca-de-lg/comunicados-de-prensa/la-nueva-tecnologia-lg-skyribbon--unica-en-el-mundo--redefine-la/,Spain,Global Newsroom,76
https://www.lg.com/es/acerca-de-lg/comunicados-de-prensa/lg-incorpora-a-ricardo-calvo-en-la-division-de-home-solution/,Spain,Global Newsroom,79
https://www.lg.com/es/acerca-de-lg/comunicados-de-prensa/lg-consigue-17-galardones-en-los-ifa-2025-innovation-awards/,Spain,Global Newsroom,79
https://www.lg.com/es/acerca-de-lg/comunicados-de-prensa/lg-presenta-su-nuevo-monitor-quirurgico-4k--optimizacion-del-tra/,Spain,Global Newsroom,76
https://www.lg.com/es/acerca-de-lg/comunicados-de-prensa/lg-apuesta-por-las-funciones-inteligentes-y-la-eficiencia-en-sus/,Spain,Global Newsroom,79
https://www.lg.com/es/acerca-de-lg/comunicados-de-prensa/lg-cinebeam-s--el-proyector-4k-de-tiro-ultra-corto-que-transform/,Spain,Global Newsroom,79
https://www.lg.com/es/acerca-de-lg/comunicados-de-prensa/lg-qned-evo-miniled--el-smart-tv-de-alma-gamer-que-aporta-flexib/,Spain,Global Newsroom,79
https://www.lg.com/es/acerca-de-lg/comunicados-de-prensa/lg-ultragear----los-monitores-de-rendimiento-profesional-que-imp/,Spain,Global Newsroom,79
https://www.lg.com/es/acerca-de-lg/comunicados-de-prensa/vinseum--museo-de-las-culturas-del-vino-de-cataluna--confia-en-l/,Spain,Global Newsroom,79
https://www.lg.com/es/acerca-de-lg/comunicados-de-prensa/lg-ampli_a-la-disponibilidad-en-espana-de-su-bomba-de-calor-inve/,Spain,Global Newsroom,76
https://www.lg.com/es/acerca-de-lg/comunicados-de-prensa/los-premios-de-diseno-industrial-mas-prestigiosos-del-mundo-reco/,Spain,Global Newsroom,79
https://www.lg.com/es/acerca-de-lg/comunicados-de-prensa/lg-anuncia-los-resultados-financieros-del-segundo-trimestre-de-2/,Spain,Global Newsroom,86
"https://www.lg.com/es/acerca-de-lg/comunicados-de-prensa/LG-presenta-su-nueva-linea-de-frigorificos--Funciones-inteligentes,-maxima-eficiencia-y-diseno-renovado/",Spain,Global Newsroom,79
https://www.lg.com/es/acerca-de-lg/comunicados-de-prensa/lg-channels-impulsa-su-expansion-global-con-alianzas-estrategica/,Spain,Global Newsroom,86
https://www.lg.com/es/acerca-de-lg/comunicados-de-prensa/lg-potencia-su-ecosistema-gamer-con-la-renovacion-de-la-platafor/,Spain,Global Newsroom,79
https://www.lg.com/es/acerca-de-lg/comunicados-de-prensa/LG-utiliza-innovaciones-sostenibles-en-la-fabricacion-de-su-aire-acondicionado-de-4-vias/,Spain,Global Newsroom,79
https://www.lg.com/es/acerca-de-lg/comunicados-de-prensa/de-setup-caotico-a-uno-de-elite---lg-ultragear-muestra-como-cons/,Spain,Global Newsroom,86
https://www.lg.com/es/acerca-de-lg/comunicados-de-prensa/lg-gallery---diseno-y-tecnologia--para-personalizar-cualquier-es/,Spain,Global Newsroom,79
https://www.lg.com/es/acerca-de-lg/comunicados-de-prensa/uno-de-cada-dos-espanoles-utiliza-las-redes-sociales-como-fuente/,Spain,Global Newsroom,86
https://www.lg.com/es/acerca-de-lg/comunicados-de-prensa/lg-electronics-traza-su-camino-hacia-el-liderazgo-global-en-solu/,Spain,Global Newsroom,86
https://www.lg.com/es/acerca-de-lg/comunicados-de-prensa/nueva-gama-de-aspiracion-de-lg--innovacion-para-una-limpieza-aun/,Spain,Global Newsroom,76
https://www.lg.com/es/acerca-de-lg/comunicados-de-prensa/LG-APUESTA-POR-LA-ALTA-EFICIENCIA-CON-SUS-NUEVOS-AEROTERMOS-R290--LA-ALTERNATIVA-ECOL-GICA-A-LOS-CALENTADORES-EL-CTRICOS/,Spain,Global Newsroom,72
https://www.lg.com/es/buying-guides/monitor-lineup-guide/,Spain,구매 가이드,77
https://www.lg.com/es/buying-guides/tv-lineup-guide/,Spain,구매 가이드,84
https://www.lg.com/es/computing/buying-guides/multi-monitor/,Spain,구매 가이드,72
https://www.lg.com/es/buying-guides/tv-spec-library/,Spain,구매 가이드,78
https://www.lg.com/es/buying-guide/,Spain,구매 가이드,65
https://www.lg.com/es/microsite-article/hs/laundry/buying-guide/,Spain,구매 가이드,74
https://www.lg.com/es/microsite-article/ms/it/monitor/ultragear-buying-guide/productividad-y-entretenimiento/,Spain,구매 가이드,75
https://www.lg.com/es/microsite-article/ms/it/monitor/ultragear-buying-guide/,Spain,구매 가이드,75
https://www.lg.com/es/microsite-article/ms/it/monitor/ultragear-buying-guide/tamano-de-pantalla/,Spain,구매 가이드,77
https://www.lg.com/es/microsite-article/ms/it/monitor/ultragear-buying-guide/resolucion/,Spain,구매 가이드,77
https://www.lg.com/es/microsite-article/hs/laundry/buying-guide/fridge-freezer-type/,Spain,구매 가이드,81
https://www.lg.com/es/buying-guides/refrigerator-spec-library/,Spain,구매 가이드,75
https://www.lg.com/es/buying-guides/laundry-spec-library/,Spain,구매 가이드,75
https://www.lg.com/es/buying-guides/monitor-spec-library/,Spain,구매 가이드,72
https://www.lg.com/es/microsite-article/hs/laundry/buying-guide/fridge-freezer-feature/,Spain,구매 가이드,81
https://www.lg.com/es/microsite-article/ms/it/monitor/ultragear-buying-guide/tasa-de-refresco/,Spain,구매 가이드,77
https://www.lg.com/es/microsite-article/hs/laundry/buying-guide/fridge-freezer-size-capacity/,Spain,구매 가이드,87
https://www.lg.com/es/microsite-article/hs/laundry/buying-guide/washing-machines-type/,Spain,구매 가이드,84
https://www.lg.com/es/microsite-article/hs/laundry/buying-guide/washing-machines-size-capacity/,Spain,구매 가이드,87
https://www.lg.com/es/microsite-article/hs/laundry/buying-guide/washing-machines-feature/,Spain,구매 가이드,81
https://www.lg.com/es/lg-experience/tech-hub/8k-oled-tv-tu-guia-mas-completa,Spain,LG Experience,70
https://www.lg.com/es/lg-experience/tech-hub/robots-cloi-ces-2019,Spain,LG Experience,70
https://www.lg.com/es/lg-experience/proximamente/participa-en-nuestr-concurso-smart-green,Spain,LG Experience,68
https://www.lg.com/es/lg-experience/tech-hub/tv-enrrollable-ces-2019,Spain,LG Experience,70
https://www.lg.com/es/lg-experience/proximamente/presume-de-movil-y-hazte-con-uno-lg-esconde-5-moviles-lg-v30-por-barcelona-con-motivo-del-mwc,Spain,LG Experience,70
https://www.lg.com/es/lg-experience/tech-hub/ifa-2018-crea-una-cocina-inteligente-con-thinq-lg,Spain,LG Experience,68
https://www.lg.com/es/lg-experience/consejos-utiles/easy-set-up-lg-smart-tv-thanks-to-bean-bird,Spain,LG Experience,68
https://www.lg.com/es/lg-experience/proximamente/el-v30-en-ces-2018-empieza-el-2018-con-una-explosion-de-color,Spain,LG Experience,68
https://www.lg.com/es/lg-experience/consejos-utiles/tazon-de-quinoa-facil-y-sano,Spain,LG Experience,68
https://www.lg.com/es/lg-experience/proximamente/lg-se-une-al-club-penguins-para-impulsar-el-futuro-de-los-esports,Spain,LG Experience,70
https://www.lg.com/es/lg-experience/proximamente/ifa-2018-tecnologia-microled-carteleria-digital,Spain,LG Experience,68
https://www.lg.com/es/lg-experience/tech-hub/lg-ces-2018-inteligencia-artificial-diseno-inteligente-soluciones-inteligentes,Spain,LG Experience,68
https://www.lg.com/es/lg-experience/tech-hub/lg-entretenimiento-8k-oled-tv,Spain,LG Experience,70
https://www.lg.com/es/lg-experience/proximamente/lg-ces-2019-destacados,Spain,LG Experience,68
https://www.lg.com/es/tv-y-barras-de-sonido/tv-buying-guide/what-is-a-smart-tv-ai-tv/,Spain,구매 가이드,71
https://www.lg.com/es/lg-experience/inspiracion/productos-destacados-ifa-2019,Spain,LG Experience,70
https://www.lg.com/es/lg-experience/proximamente/discursos-goya-lg-oled,Spain,LG Experience,70
https://www.lg.com/es/lg-experience/proximamente/ifa-2018-linea-de-cocina-signature,Spain,LG Experience,68
https://www.lg.com/es/lg-experience/tech-hub/lg-v30-actualizaci-n-software-nuevo-tel-fono,Spain,LG Experience,70
https://www.lg.com/es/lg-experience/proximamente/las-ultimas-mejoras-del-los-tv-lg,Spain,LG Experience,68
https://www.lg.com/es/lg-experience/proximamente/que-es-el-5g-lg-movil-planes-moviles,Spain,LG Experience,70
https://www.lg.com/es/lg-experience/proximamente/8k-lg-ifa-tvs,Spain,LG Experience,70
https://www.lg.com/es/lg-experience/tech-hub/major-equipo-para-jugar,Spain,LG Experience,70
https://www.lg.com/es/lg-experience/inspiracion/semana-diseno-oled-lg-signature,Spain,LG Experience,68
https://www.lg.com/es/lg-experience/inspiracion/guia-movil-g8x-ifa,Spain,LG Experience,70
https://www.lg.com/es/lg-experience/proximamente/concurso-lgfresh-frescura-lg-g8-smart-green,Spain,LG Experience,68
https://www.lg.com/es/lg-experience/inspiracion/ifa-2017-la-experiencia-de-la-esencia-del-arte,Spain,LG Experience,70
https://www.lg.com/es/lg-experience/tech-hub/el-televisor-lg-adecuado-para-usted,Spain,LG Experience,68
https://www.lg.com/es/lg-experience/inspiracion/convertir-los-hogares-en-obras-de-arte-con-lg-signature-stefan-diez-y-hadi-teherani,Spain,LG Experience,70
https://www.lg.com/es/lg-experience/proximamente/hbo-ya-disponible-televisores-lg,Spain,LG Experience,70
https://www.lg.com/es/lg-experience/tech-hub/lg-signature-twin-wash-revolutionary-washing-machine,Spain,LG Experience,70
https://www.lg.com/es/lg-experience/proximamente/tv-enrollable-estilo-de-vida-ifa,Spain,LG Experience,70
https://www.lg.com/es/lg-experience/inspiracion/ifa-2018-apertura-evolucion-conectividad-transparencia,Spain,LG Experience,68
https://www.lg.com/es/lg-experience/tech-hub/hogar-inteligente-sistema-thinq-ces-2019,Spain,LG Experience,68
https://www.lg.com/es/lg-experience/tech-hub/ultimas-caracteristicas-moviles-del-mwc-2019,Spain,LG Experience,68
https://www.lg.com/es/lg-experience/proximamente/guia-lg-de-regalos-para-navidad,Spain,LG Experience,70
https://www.lg.com/es/lg-experience/nuestras-historias/medioambiente-y-sostenibilidad,Spain,LG Experience,68
https://www.lg.com/es/lg-experience/tech-hub/vital-lavadora-lg-preguntas-respondidas,Spain,LG Experience,70
https://www.lg.com/es/lg-experience/tech-hub/the-secret-of-the-picture-quality-of-lg-tv,Spain,LG Experience,70
https://www.lg.com/es/lg-experience/tech-hub/caracteristicas-importantes-thinq-ifa,Spain,LG Experience,68
https://www.lg.com/es/lg-experience/proximamente/figorifico-inteligente-ifa-2019-instaview,Spain,LG Experience,70
https://www.lg.com/es/lg-experience/proximamente/lg-y-dazn-contenido-deportivo-smart-tv,Spain,LG Experience,70
https://www.lg.com/es/lg-experience/nuestras-historias/lg-velvet,Spain,LG Experience,70
https://www.lg.com/es/lg-experience/consejos-utiles/ayudas-para-la-instalacion-de-aerotermia-en-madrid-plan-cambia-360,Spain,LG Experience,70
https://www.lg.com/es/lg-experience/inspiracion/lavadora-inteligente-ai-dd,Spain,LG Experience,70
https://www.lg.com/es/lg-experience/consejos-utiles/lg-wing-tel-fono-pantalla-giratoria-dual,Spain,LG Experience,68
https://www.lg.com/es/lg-experience/nuestras-historias/lg-wing,Spain,LG Experience,68
https://www.lg.com/es/lg-experience/proximamente/lg-proveedor-oficial-valencia-cf,Spain,LG Experience,70
https://www.lg.com/es/lg-experience/ecotecnologia-productos,Spain,LG Experience,67
https://www.lg.com/es/lg-experience/proximamente/toca-dos-veces-y-mira-en-el-interior-la-puerta-door-in-door-instaview-totalmente-nueva,Spain,LG Experience,68
https://www.lg.com/es/lg-experience/proximamente/vicente-del-bosque-apadrina-nuestra-campa-a-siente-los-colores-como-nunca-para-apoyar-a-la-selecci-n,Spain,LG Experience,70
https://www.lg.com/es/lg-experience/consejos-utiles/mejorar-productividad-trabajar-desde-casa,Spain,LG Experience,70
https://www.lg.com/es/lg-experience/consejos-utiles/mejorar-productividad-trabajar-desde-casa/ideas-regalo-espiritu-navide-o,Spain,LG Experience,70
https://www.lg.com/es/lg-experience/tech-hub/oled-tv-preguntas,Spain,LG Experience,70
https://www.lg.com/es/lg-experience/proximamente/llegan-a-espa-a-los-paneles-lg-neon-bifacial,Spain,LG Experience,70
https://www.lg.com/es/lg-experience/consejos-utiles/lg-wing-telefono-camara-gimbal,Spain,LG Experience,68
https://www.lg.com/es/lg-experience/tech-hub/la-mejor-barra-de-sonido-lg-para-ti,Spain,LG Experience,70
https://www.lg.com/es/lg-experience/proximamente/the-better-life-you-deserve-at-ces-2022,Spain,LG Experience,68
https://www.lg.com/es/lg-experience/tech-hub/el-mejor-tv-oled-para-disfrutar-de-la-ltima-experiencia-de-visualizaci-n,Spain,LG Experience,68
https://www.lg.com/es/lg-experience/inspiracion/lg-oled-historia-del-tv,Spain,LG Experience,70
https://www.lg.com/es/lg-experience/tech-hub/trucos-y-consejos-de-la-gu-a-smart-tv,Spain,LG Experience,70
https://www.lg.com/es/lg-experience/nuestras-historias/g8x-thinq-pantalla-dual,Spain,LG Experience,65
https://www.lg.com/es/lg-experience/consejos-utiles/consejos-de-higiene-para-tu-hogar-con-lg,Spain,LG Experience,70
https://www.lg.com/es/lg-experience/proximamente/lg-gram-experiencia-portatil,Spain,LG Experience,70
https://www.lg.com/es/lg-experience/tech-hub/ifa-2018-tu-guia-definitiva-para-los-robots-cloi-lg,Spain,LG Experience,70
https://www.lg.com/es/lg-experience/consejos-utiles/ifa-2018-tu-mejor-itinerario-en-berlin,Spain,LG Experience,70
https://www.lg.com/es/lg-experience/tech-hub/ifa-2018-viaje-inteligente-con-inteligencia-artificial-y-thinq-lg,Spain,LG Experience,68
https://www.lg.com/es/lg-experience/tech-hub/el-altavoz-boombox-la-bomba-del-lg-g7-thinq,Spain,LG Experience,68
https://www.lg.com/es/lg-experience/consejos-utiles/introduccion-de-hombot-square-turbo,Spain,LG Experience,70
https://www.lg.com/es/lg-experience/consejos-utiles/tu-guia-mas-completa-camara-v40-thinq,Spain,LG Experience,68
https://www.lg.com/es/lg-experience/consejos-utiles/ideas-definitivas-para-salas-de-cine,Spain,LG Experience,68
https://www.lg.com/es/lg-experience/inspiracion/pantalla-oled,Spain,LG Experience,68
https://www.lg.com/es/lg-experience/consejos-utiles/cual-es-el-lg-tv-perfecto-para-ti,Spain,LG Experience,68
https://www.lg.com/es/lg-experience/consejos-utiles/la-guia-definitiva-para-organizar-fiestas-lg-instaview,Spain,LG Experience,68
https://www.lg.com/es/lg-experience/consejos-utiles/descubra-como-sacar-mas-a-su-tv-oled,Spain,LG Experience,68
https://www.lg.com/es/lg-experience/tech-hub/oled-vs-qled-vs-nanocell-8k,Spain,LG Experience,70
https://www.lg.com/es/lg-experience/tech-hub/tech-story-the-50-years-of-lg-tv-history-and-its-timeline,Spain,LG Experience,67
https://www.lg.com/es/lg-experience/proximamente/tunel-oled-espacio-artistico-mas-alla-de-la-pantalla-y-la-imaginacion,Spain,LG Experience,65
https://www.lg.com/es/lg-experience/tech-hub/lg-twinwash-ahorra-tiempo-y-energia,Spain,LG Experience,70
https://www.lg.com/es/lg-experience/tech-hub/ifa-2018-viaje-inteligente-con-inteligencia-artificial-y-thinq-lg,Spain,LG Experience,68
https://www.lg.com/es/lg-experience/proximamente/lg-twinwash-giving-you-back-your-free-time,Spain,LG Experience,70
https://www.lg.com/es/lg-experience/inspiracion/la-mejor-lavadora-turbowash,Spain,LG Experience,70
https://www.lg.com/es/lg-experience/tech-hub/esta-primavera-llega-truesteam,Spain,LG Experience,68
https://www.lg.com/es/lg-experience/proximamente/lg-tv-y-dolby-te-llevan-el-cine-en-casa-con-rakuten-tv,Spain,LG Experience,70
https://www.lg.com/es/lg-experience/proximamente/lg-ces-2018-el-futuro-es-ahora-y-estas-invitado,Spain,LG Experience,68
https://www.lg.com/es/lg-experience/tech-hub/lg-smart-home-iot-toc-toc-una-vida-inteligente-en-tu-hogar,Spain,LG Experience,70
https://www.lg.com/es/lg-experience/tech-hub/lg-twinwash-una-autentica-joya,Spain,LG Experience,70
https://www.lg.com/es/lg-experience/proximamente/recorrido-por-el-hogar-inteligente-thinq,Spain,LG Experience,68
https://www.lg.com/es/lg-experience/tech-hub/se-creativo-con-la-camara-lg-g6,Spain,LG Experience,70
https://www.lg.com/es/lg-experience/proximamente/milan-ideas-inspiradoras-para-el-hogar,Spain,LG Experience,70
https://www.lg.com/es/lg-experience/tech-hub/los-mejores-altavoces-de-audio-primavera-wk7-pk7-pk5-pk3,Spain,LG Experience,70
https://www.lg.com/es/lg-experience/proximamente/mwc-2018-nuevo-lg-v30s-thinq,Spain,LG Experience,70
https://www.lg.com/es/lg-experience/proximamente/mwc-2017-lg-g6-la-presentacion-oficial,Spain,LG Experience,70
https://www.lg.com/es/lg-experience/proximamente/guia-nuevo-lg-signature,Spain,LG Experience,68
https://www.lg.com/es/lg-experience/proximamente/los-mejores-monitores-gaming-ultrawide-lg,Spain,LG Experience,70
https://www.lg.com/es/lg-experience/inspiracion/consigue-que-tus-aparatos-duren-mas,Spain,LG Experience,70
https://www.lg.com/es/lg-experience/inspiracion/aumentar-la-conciencia-ecologica-de-los-consumidores,Spain,LG Experience,70
https://www.lg.com/es/lg-experience/consejos-utiles/auriculares-para-correr,Spain,LG Experience,70
https://www.lg.com/es/lg-experience/consejos-utiles/consejos-practicos-para-tu-lavadora,Spain,LG Experience,70
https://www.lg.com/es/qned-tvs/2022/why-lg-qned/,Spain,Microsite,67
https://www.lg.com/es/tvs-soundbars/qned/2022/why-lg-qned/,Spain,Microsite,67
https://www.lg.com/es/qned-tvs/2022/why-lg-qned/,Spain,Microsite,67
https://www.lg.com/es/tv-y-barras-de-sonido/qned/2022/why-lg-qned/,Spain,Microsite,67
https://www.lg.com/es/tvs-soundbars/why-true-wireless/,Spain,Microsite,74
https://www.lg.com/es/electrodomesticos-guias-consejos/lavadoras-y-secadoras/heat-pump-vs-condenser-dryer/,Spain,Microsite,81
https://www.lg.com/es/tvs-soundbars/why-qned-evo/,Spain,Microsite,74
https://www.lg.com/es/tv-y-barras-de-sonido/why-true-wireless/,Spain,Microsite,74
https://www.lg.com/es/tv-y-barras-de-sonido/why-qned-evo/,Spain,Microsite,65
https://www.lg.com/es/electrodomesticos-guias-consejos/lavadoras-y-secadoras/how-to-clean-washing-machine/,Spain,Microsite,80
https://www.lg.com/es/frigorificos/frigorificos-congeladores-altos/gbb72pzvcn1/,Spain,제품 상세 (PDP),84
https://www.lg.com/es/frigorificos/frigorificos-american-combi/gslv31dsxm/,Spain,제품 상세 (PDP),84
https://www.lg.com/es/lg-experience/proximamente/auriculares-inal-mbricos-lg-tone-free,Spain,LG Experience,70
https://www.lg.com/es/lg-experience/proximamente/guia-lg-homebrew,Spain,LG Experience,70
https://www.lg.com/es/frigorificos/frigorificos-combi/gbv3200cep/,Spain,제품 상세 (PDP),84
https://www.lg.com/es/frigorificos/frigorificos-americanos/gsxv90mcde/,Spain,제품 상세 (PDP),82
https://www.lg.com/es/frigorificos/frigorificos-combi/gbg7190cev/,Spain,제품 상세 (PDP),84
https://www.lg.com/es/frigorificos/frigorificos-combi/gbb62pzggn/,Spain,제품 상세 (PDP),84
https://www.lg.com/es/frigorificos/frigorificos-combi/gbb92stabp/,Spain,제품 상세 (PDP),84
https://www.lg.com/es/frigorificos/frigorificos-combi/gbv3100cep/,Spain,제품 상세 (PDP),84
https://www.lg.com/es/lavadoras-y-secadoras/washtower/wt1210bbf/,Spain,제품 상세 (PDP),85
https://www.lg.com/es/frigorificos/frigorificos-combi/lsr200b/,Spain,제품 상세 (PDP),81
https://www.lg.com/es/frigorificos/frigorificos-combi/gbp31dslzn/,Spain,제품 상세 (PDP),84
https://www.lg.com/es/frigorificos/frigorificos-americanos/gsl361icez/,Spain,제품 상세 (PDP),84
https://www.lg.com/es/frigorificos/frigorificos-american-combi/lsr100/,Spain,제품 상세 (PDP),81
https://www.lg.com/es/frigorificos/frigorificos-americanos/gsj361didv/,Spain,제품 상세 (PDP),84
https://www.lg.com/es/frigorificos/frigorificos-american-combi/gsxv90bsae/,Spain,제품 상세 (PDP),84
https://www.lg.com/es/frigorificos/frigorificos-americanos/gsxv91bsae/,Spain,제품 상세 (PDP),82
https://www.lg.com/es/frigorificos/frigorificos-combi/gbb72swvcn/,Spain,제품 상세 (PDP),84
https://www.lg.com/es/frigorificos/frigorificos-combi/gbg719mdnn/,Spain,제품 상세 (PDP),84
https://www.lg.com/es/frigorificos/frigorificos-american-combi/gml861pype/,Spain,제품 상세 (PDP),85
https://www.lg.com/es/frigorificos-congeladores/frigorificos-combi-de-puertas-multiples/gmx945mc9f/,Spain,제품 상세 (PDP),84
https://www.lg.com/es/lavadoras-y-secadoras/s3wf/,Spain,제품 상세 (PDP),84
https://www.lg.com/es/frigorificos/frigorificos-americanos/gmg960evee/,Spain,제품 상세 (PDP),85
https://www.lg.com/es/lavavajillas1/lavadora-secadoras/lswd100e/,Spain,제품 상세 (PDP),81
https://www.lg.com/es/frigorificos-congeladores/frigorificos-combi-de-puertas-multiples/gml643pz6f/,Spain,제품 상세 (PDP),84
https://www.lg.com/es/frigorificos/frigorificos-congeladores-estilo-americano/gsjv31dsxf/,Spain,제품 상세 (PDP),84
https://www.lg.com/es/frigorificos-congeladores/frigorificos-congeladores-estilo-americano/gslv51pzxe/,Spain,제품 상세 (PDP),84
https://www.lg.com/es/microondas/hornos-microondas-conveccion/mj3965acs/,Spain,제품 상세 (PDP),81
https://www.lg.com/es/frigorificos/frigorificos-americanos/gsbv70pzte/,Spain,제품 상세 (PDP),84
https://www.lg.com/es/frigorificos/frigorificos-combi/gmm41msbem/,Spain,제품 상세 (PDP),88
https://www.lg.com/es/microondas-lg-smart-inverter/mh6565cps/,Spain,제품 상세 (PDP),84
https://www.lg.com/es/frigorificos/frigorificos-americanos/gslc41pype/,Spain,제품 상세 (PDP),84
https://www.lg.com/es/frigorificos/frigorificos-american-combi/gmv960nnme/,Spain,제품 상세 (PDP),84
https://www.lg.com/es/lg-telefonos-moviles/smartphones/k50/,Spain,제품 상세 (PDP),84
https://www.lg.com/es/frigorificos/frigorificos-combi/gbv5240apy/,Spain,제품 상세 (PDP),88
https://www.lg.com/es/aspiradoras/a9t-prime1c/,Spain,제품 상세 (PDP),79
https://www.lg.com/es/aspiradoras/a9c-slim1c/,Spain,제품 상세 (PDP),82
https://www.lg.com/es/frigorificos/frigorificos-americanos/gsxe80pybd/,Spain,제품 상세 (PDP),82
https://www.lg.com/es/proyectores/pu700r/,Spain,제품 상세 (PDP),79
https://www.lg.com/es/frigorificos/frigorificos-americanos/gsqv90pzae/,Spain,제품 상세 (PDP),84
https://www.lg.com/es/tv-y-barras-de-sonido/qned/75qned776rb/,Spain,제품 상세 (PDP),79
https://www.lg.com/es/frigorificos/frigorificos-combi/gbv7280aev/,Spain,제품 상세 (PDP),84
https://www.lg.com/es/frigorificos/frigorificos-combi/gbb62pzgcc/,Spain,제품 상세 (PDP),84
https://www.lg.com/es/aspiradoras/a9k-core3s/,Spain,제품 상세 (PDP),84
https://www.lg.com/es/frigorificos/frigorificos-combi/gbb62pzgcc1/,Spain,제품 상세 (PDP),84
https://www.lg.com/es/monitores/full-hd-qhd/24mb37py-w/,Spain,제품 상세 (PDP),84
https://www.lg.com/es/tv-y-barras-de-sonido/accesorios-tv/akb76039901acc/,Spain,제품 상세 (PDP),84
https://www.lg.com/es/tv-y-barras-de-sonido/qned/65qned776rb/,Spain,제품 상세 (PDP),79
https://www.lg.com/es/frigorificos/frigorificos-combi/gbp61dspgn/,Spain,제품 상세 (PDP),84
https://www.lg.com/es/frigorificos/frigorificos-combi/gbb72pzvcn/,Spain,제품 상세 (PDP),84
https://www.lg.com/es/frigorificos/frigorificos-combi/gbp62pznac/,Spain,제품 상세 (PDP),88
https://www.lg.com/es/frigorificos/frigorificos-combi/gbp62pznbc/,Spain,제품 상세 (PDP),84
https://www.lg.com/es/electrodomesticos-integrables/hornos/WSED7667M-CBIZ7/,Spain,제품 상세 (PDP),84
https://www.lg.com/es/lavavajillas/df030fl/,Spain,제품 상세 (PDP),79
https://www.lg.com/es/electrodomesticos-integrables/hornos/wsed7612b/,Spain,제품 상세 (PDP),82
https://www.lg.com/es/frigorificos/frigorificos-combi/gnm12vwhn/,Spain,제품 상세 (PDP),82
https://www.lg.com/es/lavadoras-y-secadoras/lavadoras/f4wr6010agw/,Spain,제품 상세 (PDP),81
https://www.lg.com/es/electrodomesticos-integrables/hornos/wsed7666m/,Spain,제품 상세 (PDP),82
https://www.lg.com/es/electrodomesticos-integrables/hornos/wsed7613b/,Spain,제품 상세 (PDP),82
https://www.lg.com/es/electrodomesticos-integrables/placas-de-induccion/cbiz2432b/,Spain,제품 상세 (PDP),85
https://www.lg.com/es/electrodomesticos-integrables/hornos/wsed7664s/,Spain,제품 상세 (PDP),82
https://www.lg.com/es/microondas-lg-smart-inverter/mh6535gisa/,Spain,제품 상세 (PDP),84
https://www.lg.com/es/microondas-lg-smart-inverter/mh7235gps/,Spain,제품 상세 (PDP),84
https://www.lg.com/es/tv-y-barras-de-sonido/nanocell/55nano796pc/,Spain,제품 상세 (PDP),84
https://www.lg.com/es/lavavajillas/df365fws/,Spain,제품 상세 (PDP),84
https://www.lg.com/es/frigorificos/frigorificos-combi/gbp62pzncn/,Spain,제품 상세 (PDP),84
https://www.lg.com/es/electrodomesticos-integrables/hornos/ws7d7631wb/,Spain,제품 상세 (PDP),79
https://www.lg.com/es/lavadoras-y-secadoras/lavadoras/f1p1cn4wc/,Spain,제품 상세 (PDP),84
https://www.lg.com/es/monitores/monitores-ultragear-gaming/32gn650-b-beu/,Spain,제품 상세 (PDP),82
https://www.lg.com/es/frigorificos/frigorificos-combi/gbb92mbacp/,Spain,제품 상세 (PDP),84
https://www.lg.com/es/tv-y-barras-de-sonido/accesorios-tv/akb76036501acc/,Spain,제품 상세 (PDP),84
https://www.lg.com/es/frigorificos/frigorificos-combi/gbb72mbvcn/,Spain,제품 상세 (PDP),84
https://www.lg.com/es/frigorificos/frigorificos-combi/gbb72mbvcn1/,Spain,제품 상세 (PDP),84
https://www.lg.com/es/frigorificos/frigorificos-combi/gbb72tw9cq1/,Spain,제품 상세 (PDP),84
https://www.lg.com/es/lavavajillas/df141fv/,Spain,제품 상세 (PDP),84
https://www.lg.com/es/frigorificos/frigorificos-combi/gbb72nsvgn/,Spain,제품 상세 (PDP),84
https://www.lg.com/es/monitores/full-hd-qhd/27mk60mp-b/,Spain,제품 상세 (PDP),84
https://www.lg.com/es/lavadoras-y-secadoras/lavadoras/f4wr9009a2w/,Spain,제품 상세 (PDP),84
https://www.lg.com/es/lavavajillas/df242fp/,Spain,제품 상세 (PDP),81
https://www.lg.com/es/lavadoras-y-secadoras/lavadoras/f4wr7010agw/,Spain,제품 상세 (PDP),85
https://www.lg.com/es/lavadoras-y-secadoras/lavadoras/f4wr9513a2w/,Spain,제품 상세 (PDP),84
https://www.lg.com/es/lavavajillas/df242fw/,Spain,제품 상세 (PDP),84
https://www.lg.com/es/lavadoras-y-secadoras/accesorios-lavadoras-y-secadoras/dstwh/,Spain,제품 카테고리 (PLP),83
https://www.lg.com/es/lavavajillas1/dstwh/,Spain,제품 카테고리 (PLP),83
https://www.lg.com/es/lavavajillas/df355fw/,Spain,제품 상세 (PDP),82
https://www.lg.com/es/lavadoras-y-secadoras/lavadoras/f4wr7013agw/,Spain,제품 상세 (PDP),85
https://www.lg.com/es/lavavajillas/df455hss/,Spain,제품 상세 (PDP),84
https://www.lg.com/es/lavavajillas/df355fp/,Spain,제품 상세 (PDP),82
https://www.lg.com/es/lavadoras-y-secadoras/lavadoras/f4wr7011agw/,Spain,제품 상세 (PDP),82
https://www.lg.com/es/tv-y-barras-de-sonido/qned/75qned966qa/,Spain,제품 상세 (PDP),82
https://www.lg.com/es/electrodomesticos-integrables/campanas-de-cocina/hcez2426s/,Spain,제품 상세 (PDP),88
https://www.lg.com/es/electrodomesticos-integrables/campanas-de-cocina/hcez2428b/,Spain,제품 상세 (PDP),88
https://www.lg.com/es/electrodomesticos-integrables/placas-de-induccion/cbiz3035b/,Spain,제품 상세 (PDP),85
https://www.lg.com/es/electrodomesticos-integrables/campanas-de-cocina/hcez3626s/,Spain,제품 상세 (PDP),88
https://www.lg.com/es/electrodomesticos-integrables/hornos/wsed7612s/,Spain,제품 상세 (PDP),82
https://www.lg.com/es/frigorificos/frigorificos-american-combi/gml960pybe/,Spain,제품 상세 (PDP),85
https://www.lg.com/es/lavavajillas/accesorios-lavavajillas/,Spain,제품 카테고리 (PLP),83
https://www.lg.com/es/outlet/outlet-informatica/monitores/,Spain,제품 카테고리 (PLP),83
https://www.lg.com/es/servicios-climatizacion/,Spain,제품 카테고리 (PLP),67
https://www.lg.com/es/barras-de-sonido/gx/,Spain,제품 카테고리 (PLP),83
https://www.lg.com/es/servicios-electrodomesticos/,Spain,제품 카테고리 (PLP),83
https://www.lg.com/es/electrodomesticos-integrables/placas-de-induccion/cbiz2437b/,Spain,제품 상세 (PDP),85
https://www.lg.com/es/servicios-tv-lifestyle-audio-video/,Spain,제품 카테고리 (PLP),83
https://www.lg.com/es/servicios-informatica/,Spain,제품 카테고리 (PLP),80
https://www.lg.com/es/lifestyle/myview-smart-tv-monitor/,Spain,제품 카테고리 (PLP),83
https://www.lg.com/es/altavoces/xboom-la-bestia/,Spain,제품 카테고리 (PLP),83
https://www.lg.com/es/portatiles/gram-pro/,Spain,제품 카테고리 (PLP),83
https://www.lg.com/es/outlet/outlet-electrodomesticos/frigorificos/,Spain,제품 카테고리 (PLP),83
https://www.lg.com/es/lavadoras-y-secadoras/secadoras/,Spain,제품 카테고리 (PLP),83
https://www.lg.com/es/tv-y-barras-de-sonido/nanocell/,Spain,제품 카테고리 (PLP),83
https://www.lg.com/es/tv-y-barras-de-sonido/oled/,Spain,제품 카테고리 (PLP),90
https://www.lg.com/es/outlet/outlet-electrodomesticos/,Spain,제품 카테고리 (PLP),83
https://www.lg.com/es/lifestyle/,Spain,제품 카테고리 (PLP),80
https://www.lg.com/es/tv-y-barras-de-sonido/ultra-hd/,Spain,제품 카테고리 (PLP),83
https://www.lg.com/es/frigorificos/,Spain,제품 카테고리 (PLP),74
https://www.lg.com/es/outlet/,Spain,제품 카테고리 (PLP),80
https://www.lg.com/es/outlet/outlet-electrodomesticos/lavado-y-secado/,Spain,제품 카테고리 (PLP),83
https://www.lg.com/es/outlet/outlet-imagen/,Spain,제품 카테고리 (PLP),83
https://www.lg.com/es/monitores/monitores-ultrawide/,Spain,제품 카테고리 (PLP),83
https://www.lg.com/es/tv-y-barras-de-sonido/qned/,Spain,제품 카테고리 (PLP),90
https://www.lg.com/es/frigorificos/frigorificos-americanos/,Spain,제품 카테고리 (PLP),83
https://www.lg.com/es/outlet/outlet-climatizacion/,Spain,제품 카테고리 (PLP),83
https://www.lg.com/es/outlet/outlet-imagen/led-tv/,Spain,제품 카테고리 (PLP),83
https://www.lg.com/es/outlet/outlet-electrodomesticos/microondas/,Spain,제품 카테고리 (PLP),83
https://www.lg.com/es/outlet/outlet-imagen/oled-tv/,Spain,제품 카테고리 (PLP),83
https://www.lg.com/es/outlet/outlet-electrodomesticos/lavavajillas/,Spain,제품 카테고리 (PLP),83
https://www.lg.com/es/tv-y-barras-de-sonido/accesorios-tv/,Spain,제품 카테고리 (PLP),83
https://www.lg.com/es/tv-y-barras-de-sonido/smart-tv-y-tv-pequena-pulgada/,Spain,제품 카테고리 (PLP),80
https://www.lg.com/es/posventa/servicio-tecnico-online/consultar-estado-reparacion/,Spain,제품 카테고리 (PLP),67
https://www.lg.com/es/auriculares-inalambricos/,Spain,제품 카테고리 (PLP),77
https://www.lg.com/es/proyectores/,Spain,제품 카테고리 (PLP),77
https://www.lg.com/es/monitores/todos-los-monitores/,Spain,제품 카테고리 (PLP),83
https://www.lg.com/es/lavadoras-y-secadoras/lava-secadoras/,Spain,제품 카테고리 (PLP),83
https://www.lg.com/es/aspiradoras/,Spain,제품 카테고리 (PLP),80
https://www.lg.com/es/monitores/full-hd-qhd/,Spain,제품 카테고리 (PLP),80
https://www.lg.com/es/frigorificos/todos-los-frigorificos/,Spain,제품 카테고리 (PLP),83
https://www.lg.com/es/altavoces/altavoces-bluetooth/,Spain,제품 카테고리 (PLP),87
https://www.lg.com/es/frigorificos/frigorificos-american-combi/,Spain,제품 카테고리 (PLP),83
https://www.lg.com/es/altavoces/altavoces-para-fiestas/,Spain,제품 카테고리 (PLP),90
https://www.lg.com/es/altavoces/todos-los-altavoces/,Spain,제품 카테고리 (PLP),83
https://www.lg.com/es/lifestyle/flex/,Spain,제품 카테고리 (PLP),83
https://www.lg.com/es/lavadoras-y-secadoras/torres-de-lavado-y-secado/,Spain,제품 카테고리 (PLP),83
https://www.lg.com/es/auriculares-inalambricos/todos-los-auriculares-inalambricos/,Spain,제품 카테고리 (PLP),83
https://www.lg.com/es/altavoces/,Spain,제품 카테고리 (PLP),77
https://www.lg.com/es/television/,Spain,제품 카테고리 (PLP),67
https://www.lg.com/es/contacto/atencion-al-cliente/,Spain,제품 카테고리 (PLP),73
https://www.lg.com/es/portatiles/,Spain,제품 카테고리 (PLP),74
https://www.lg.com/es/lavadoras-y-secadoras/lavadoras/,Spain,제품 카테고리 (PLP),83
https://www.lg.com/es/tv-y-barras-de-sonido/todos-los-tvs-y-barras-de-sonido/,Spain,제품 카테고리 (PLP),83
https://www.lg.com/es/video/reproductores-blu-ray-dvd/,Spain,제품 카테고리 (PLP),83
https://www.lg.com/es/aire-acondicionado-domestico/,Spain,제품 카테고리 (PLP),77
https://www.lg.com/es/auriculares-inalambricos/tone-free/,Spain,제품 카테고리 (PLP),83
https://www.lg.com/es/tv-y-barras-de-sonido/lg-signature-oled/,Spain,제품 카테고리 (PLP),83
https://www.lg.com/es/lavadoras-y-secadoras/todas-las-lavadoras-y-secadoras/,Spain,제품 카테고리 (PLP),83
https://www.lg.com/es/lavadoras-y-secadoras/,Spain,제품 카테고리 (PLP),77
https://www.lg.com/es/tv-y-barras-de-sonido/oled-evo/,Spain,제품 카테고리 (PLP),83
https://www.lg.com/es/monitores/monitores-ultragear-gaming/,Spain,제품 카테고리 (PLP),87
https://www.lg.com/es/tv-y-barras-de-sonido/,Spain,제품 카테고리 (PLP),77
https://www.lg.com/es/monitores/,Spain,제품 카테고리 (PLP),74
https://www.lg.com/es/tv-y-barras-de-sonido/full-hd/,Spain,제품 카테고리 (PLP),83
https://www.lg.com/es/electrodomesticos/,Spain,제품 카테고리 (PLP),71
https://www.lg.com/es/altavoces/xboom-go/,Spain,제품 카테고리 (PLP),80
https://www.lg.com/es/monitores/accesorios-monitores/,Spain,제품 카테고리 (PLP),83
https://www.lg.com/es/why-lgoled/overview/,Spain,제품 카테고리 (PLP),65
https://www.lg.com/es/portatiles/todos-los-portatiles/,Spain,제품 카테고리 (PLP),80
https://www.lg.com/es/lifestyle/stanbyme-go/,Spain,제품 카테고리 (PLP),83
https://www.lg.com/es/proyectores/proyectores-cinebeam-portatiles/,Spain,제품 카테고리 (PLP),83
https://www.lg.com/es/video/,Spain,제품 카테고리 (PLP),77
https://www.lg.com/es/microondas-lg-smart-inverter/,Spain,제품 카테고리 (PLP),83
https://www.lg.com/es/aire-acondicionado-domestico/multi-split/,Spain,제품 카테고리 (PLP),80
https://www.lg.com/es/lavadoras-y-secadoras/accesorios-lavadoras-y-secadoras/,Spain,제품 카테고리 (PLP),83
https://www.lg.com/es/monitores/myview-smart-monitor/,Spain,제품 카테고리 (PLP),83
https://www.lg.com/es/portatiles/gram/,Spain,제품 카테고리 (PLP),80
https://www.lg.com/es/altavoces/xboom/,Spain,제품 카테고리 (PLP),90
https://www.lg.com/es/lifestyle/stanbyme/,Spain,제품 카테고리 (PLP),83
https://www.lg.com/es/electrodomesticos-integrables/lavavajillas-integrables/,Spain,제품 카테고리 (PLP),83
https://www.lg.com/es/lifestyle/objet-collection-easel-pose/,Spain,제품 카테고리 (PLP),80
https://www.lg.com/es/auriculares-inalambricos/tone-free-fit/,Spain,제품 카테고리 (PLP),83
https://www.lg.com/es/electrodomesticos-integrables/,Spain,제품 카테고리 (PLP),77
https://www.lg.com/es/monitores/monitores-ultragear-oled-gaming/,Spain,제품 카테고리 (PLP),90
https://www.lg.com/es/portatiles/accesorios-portatiles/,Spain,제품 카테고리 (PLP),83
https://www.lg.com/es/lifestyle/toda-la-gama-lifestyle/,Spain,제품 카테고리 (PLP),77
https://www.lg.com/es/calculadora-therma-v/,Spain,제품 카테고리 (PLP),70
https://www.lg.com/es/proyectores/todos-los-proyectores/,Spain,제품 카테고리 (PLP),83
https://www.lg.com/es/servicio-premium/,Spain,제품 카테고리 (PLP),73
https://www.lg.com/es/electrodomesticos-integrables/hornos/,Spain,제품 카테고리 (PLP),83
https://www.lg.com/es/portatiles/ultra-pc/,Spain,제품 카테고리 (PLP),83
https://www.lg.com/es/proyectores/proyectores-cinebeam-smart-tv/,Spain,제품 카테고리 (PLP),83
https://www.lg.com/es/frigorificos/accesorios-frigorificos/,Spain,제품 카테고리 (PLP),83
https://www.lg.com/es/aspiradoras/accesorios-aspiradoras/,Spain,제품 카테고리 (PLP),83
https://www.lg.com/es/electrodomesticos-integrables/todos-los-electrodomesticos-integrables/,Spain,제품 카테고리 (PLP),83
https://www.lg.com/es/lavavajillas/,Spain,제품 카테고리 (PLP),83
https://www.lg.com/es/electrodomesticos-integrables/placas-de-induccion/,Spain,제품 카테고리 (PLP),83
https://www.lg.com/es/barras-de-sonido/todas-las-barras-de-sonido/,Spain,제품 카테고리 (PLP),90
https://www.lg.com/es/soporte/,Spain,Support - 일반,82
https://www.lg.com/es/soporte/microsites/index-guias-faq/,Spain,Support - 일반,82
https://www.lg.com/es/soporte/soporte-pedidos/estado-pedido/,Spain,Support - 일반,82
https://www.lg.com/es/soporte/soporte-pedidos/preguntas-frecuentes/,Spain,Support - 일반,86
https://www.lg.com/es/soporte/soporte-producto/registrar-producto/,Spain,Support - 일반,79
https://www.lg.com/es/soporte/contacto/subir-documento/,Spain,Support - 일반,93
https://www.lg.com/es/soporte/contacto/,Spain,Support - 일반,82
https://www.lg.com/es/soporte/contacto/localizador-sat/,Spain,Support - 일반,86
https://www.lg.com/es/soporte/soporte-producto/manuales-software/,Spain,Support - 일반,82
https://www.lg.com/es/soporte/soporte-producto/right-to-repair/,Spain,Support - 일반,86
https://www.lg.com/es/soporte/soporte-producto/resolucion-problemas/,Spain,Support - 일반,82
https://www.lg.com/es/soporte/extension-de-garantia/,Spain,Support - 일반,89
https://www.lg.com/es/soporte/microsites/lg-premium-care/,Spain,Support - 일반,82
https://www.lg.com/es/soporte/additional-support/thinq/,Spain,Support - 일반,76
https://www.lg.com/es/soporte/condiciones-de-garantia/,Spain,Support - 일반,75
https://www.lg.com/es/soporte/soporte-producto/cs-29BN650-B.AEU/,Spain,Support - 일반,82
https://www.lg.com/es/soporte/soporte-producto/cs-98UM3E-B.AEU/,Spain,Support - 일반,82
https://www.lg.com/es/soporte/anuncios/,Spain,Support - 일반,82
https://www.lg.com/es/soporte/soporte-producto/cs-S12LH.UR0/,Spain,Support - 일반,82
https://www.lg.com/es/soporte/soporte-producto/cs-65UH6509.AEU/,Spain,Support - 일반,82
https://www.lg.com/es/soporte/soporte-producto/cs-15Z90N-V.AA78B/,Spain,Support - 일반,82
https://www.lg.com/es/soporte/soporte-producto/cs-42LE5300.AEU/,Spain,Support - 일반,82
https://www.lg.com/es/soporte/soporte-producto/cs-F2WV3S70S3W.ABWQWES/,Spain,Support - 일반,82
https://www.lg.com/es/soporte/soporte-producto/cs-55UR73006LA.AEUQ/,Spain,Support - 일반,82
https://www.lg.com/es/soporte/servicios-lg-care/,Spain,Support - 일반,82
https://www.lg.com/es/soporte/soporte-producto/cs-GR-P2075LX.ATIQGSS/,Spain,Support - 일반,82
https://www.lg.com/es/soporte/soporte-producto/cs-47LY95.AEU/,Spain,Support - 일반,82
https://www.lg.com/es/soporte/soporte-producto/cs-S18ET.NSK/,Spain,Support - 일반,82
https://www.lg.com/es/soporte/soporte-producto/cs-BU60RG.AEU/,Spain,Support - 일반,82
https://www.lg.com/es/soporte/soporte-producto/cs-OLW480B.AEU/,Spain,Support - 일반,82
https://www.lg.com/es/soporte/soporte-producto/cs-BL40.AHUNBK/,Spain,Support - 일반,82
https://www.lg.com/es/soporte/soporte-producto/cs-WK7.DITALLK/,Spain,Support - 일반,82
https://www.lg.com/es/soporte/soporte-producto/cs-PQNUD1S00.ENCXLEU/,Spain,Support - 일반,82
https://www.lg.com/es/soporte/soporte-producto/cs-GS9167AVPV.AAVQEUR/,Spain,Support - 일반,82
https://www.lg.com/es/soporte/soporte-producto/cs-MC07AHR.NE0/,Spain,Support - 일반,82
https://www.lg.com/es/soporte/soporte-producto/cs-86BH5F-B.AEU/,Spain,Support - 일반,82
https://www.lg.com/es/soporte/soporte-producto/cs-OLED77B56LA.AEU/,Spain,Support - 일반,82
https://www.lg.com/es/soporte/soporte-producto/cs-27MP35HQ-B.AEU/,Spain,Support - 일반,82
https://www.lg.com/es/soporte/soporte-producto/cs-GB5240TICW.ATIQGSS/,Spain,Support - 일반,82
https://www.lg.com/es/soporte/soporte-producto/cs-GSCA039-GN.AEUQ/,Spain,Support - 일반,82
https://www.lg.com/es/soporte/soporte-producto/cs-GSL545NSQZ.ANSQEUT/,Spain,Support - 일반,82
https://www.lg.com/es/soporte/soporte-producto/cs-DTH-7970.AAES-1/,Spain,Support - 일반,82
https://www.lg.com/es/soporte/soporte-producto/cs-V-CA241NTBP.LGEPT/,Spain,Support - 일반,82
https://www.lg.com/es/soporte/soporte-producto/cs-17Z90T-G.AA78B/,Spain,Support - 일반,82
https://www.lg.com/es/soporte/soporte-producto/cs-43UW761H.AEU/,Spain,Support - 일반,82
https://www.lg.com/es/soporte/soporte-producto/cs-27MP55HQ-P.AEU/,Spain,Support - 일반,82
https://www.lg.com/es/soporte/soporte-producto/cs-LGD320N.APRTBK/,Spain,Support - 일반,82
https://www.lg.com/es/soporte/soporte-producto/cs-S18EC.NSK/,Spain,Support - 일반,82
https://www.lg.com/es/soporte/soporte-producto/cs-42LB582V.AEU/,Spain,Support - 일반,82
https://www.lg.com/es/soporte/soporte-producto/cs-OLED48C56LB.AEU/,Spain,Support - 일반,82
https://www.lg.com/es/soporte/soporte-producto/cs-65LS33A-5B.AEU/,Spain,Support - 일반,82
https://www.lg.com/es/soporte/soporte-producto/cs-MC07AHR.NE1/,Spain,Support - 일반,82
https://www.lg.com/es/soporte/soporte-producto/cs-22LV255C.AEUQ/,Spain,Support - 일반,82
https://www.lg.com/es/soporte/soporte-producto/cs-GBV3200DSW.ASWQEUZ/,Spain,Support - 일반,82
https://www.lg.com/es/soporte/soporte-producto/cs-42LN549E.AEU/,Spain,Support - 일반,82
https://www.lg.com/es/soporte/soporte-producto/cs-65QNED92A6A.AEUQ/,Spain,Support - 일반,82
https://www.lg.com/es/soporte/soporte-producto/cs-50UQ70006LB.AEUQ/,Spain,Support - 일반,82
https://www.lg.com/es/soporte/soporte-producto/cs-LAC-M5600R.AA6SLLN/,Spain,Support - 일반,82
https://www.lg.com/es/soporte/soporte-producto/cs-UU48W.U3D/,Spain,Support - 일반,82
https://www.lg.com/es/soporte/soporte-producto/cs-32LF2510.AEU/,Spain,Support - 일반,82
https://www.lg.com/es/soporte/soporte-producto/cs-75SM9900PLA.AVS/,Spain,Support - 일반,82
https://www.lg.com/es/soporte/soporte-producto/cs-LB641058S.ASTZGPA/,Spain,Support - 일반,82
https://www.lg.com/es/soporte/soporte-producto/cs-HM121MRS.UB40/,Spain,Support - 일반,82
https://www.lg.com/es/soporte/soporte-producto/cs-55LX541H.AEU/,Spain,Support - 일반,82
https://www.lg.com/es/soporte/soporte-producto/cs-42WL30MS-D.AEU/,Spain,Support - 일반,82
https://www.lg.com/es/soporte/soporte-producto/cs-GSB325SWQV.AWBQEUT/,Spain,Support - 일반,82
https://www.lg.com/es/soporte/soporte-producto/cs-42SH7DB-B.AEU/,Spain,Support - 일반,82
https://www.lg.com/es/soporte/soporte-producto/cs-DP542H.AESPLLX/,Spain,Support - 일반,82
https://www.lg.com/es/soporte/soporte-producto/cs-SL4Y.DEUSLLK/,Spain,Support - 일반,82
https://www.lg.com/es/soporte/soporte-producto/cs-27UK650-W.AEU/,Spain,Support - 일반,82
https://www.lg.com/es/soporte/soporte-producto/cs-20MP38HQ-B.AEU/,Spain,Support - 일반,82
https://www.lg.com/es/soporte/soporte-producto/cs-M31A3H.N514/,Spain,Support - 일반,82
https://www.lg.com/es/soporte/soporte-producto/cs-MV24AH.NB0/,Spain,Support - 일반,82
https://www.lg.com/es/soporte/soporte-producto/cs-X110-L.A7W2V/,Spain,Support - 일반,82
https://www.lg.com/es/soporte/soporte-producto/cs-42LB679V.AEU/,Spain,Support - 일반,82
https://www.lg.com/es/soporte/soporte-producto/cs-MH6043HAS.BWHQPA/,Spain,Support - 일반,82
https://www.lg.com/es/soporte/soporte-producto/cs-49UB830V.AEE/,Spain,Support - 일반,82
https://www.lg.com/es/soporte/soporte-producto/cs-DVD6353.AA3FLL/,Spain,Support - 일반,82
https://www.lg.com/es/soporte/soporte-producto/cs-E200-A.CP22B/,Spain,Support - 일반,82
https://www.lg.com/es/soporte/soporte-producto/cs-26LH250C.AEUB/,Spain,Support - 일반,82
https://www.lg.com/es/soporte/soporte-producto/cs-BH7240B.BEUSLLK/,Spain,Support - 일반,82
https://www.lg.com/es/soporte/soporte-producto/cs-LMK510EMW.APOCTN/,Spain,Support - 일반,82
https://www.lg.com/es/soporte/soporte-producto/cs-S18ACP.LOTE1/,Spain,Support - 일반,82
https://www.lg.com/es/soporte/soporte-producto/cs-50UR75006LK.AEU/,Spain,Support - 일반,82
https://www.lg.com/es/soporte/soporte-producto/cs-43NANO776PA.AEU/,Spain,Support - 일반,82
https://www.lg.com/es/soporte/soporte-producto/cs-43LX321H.AEU/,Spain,Support - 일반,82
https://www.lg.com/es/soporte/soporte-producto/cs-EZ18CSN.CSK1/,Spain,Support - 일반,82
https://www.lg.com/es/soporte/soporte-producto/cs-LMG710EM.AVDSBL/,Spain,Support - 일반,82
https://www.lg.com/es/soporte/soporte-producto/cs-W201P.*******/,Spain,Support - 일반,82
https://www.lg.com/es/soporte/soporte-producto/cs-55LM860V.APF/,Spain,Support - 일반,82
https://www.lg.com/es/soporte/soporte-producto/cs-GSA-4160RBB.ALEB07/,Spain,Support - 일반,82
https://www.lg.com/es/soporte/soporte-producto/cs-GBB60MCYXS.AMCQEUZ/,Spain,Support - 일반,82
https://www.lg.com/es/soporte/soporte-producto/cs-LGM250N.AIBRGK/,Spain,Support - 일반,82
https://www.lg.com/es/soporte/soporte-producto/cs-MH6337ASK.CS1QGPA/,Spain,Support - 일반,82
https://www.lg.com/es/soporte/soporte-producto/cs-27GR95QL-B.AEU/,Spain,Support - 일반,82
https://www.lg.com/es/soporte/soporte-producto/cs-47LF66.AEU/,Spain,Support - 일반,82
https://www.lg.com/es/soporte/soporte-producto/cs-MF-FM15W.AA6SLLW/,Spain,Support - 일반,82
https://www.lg.com/es/soporte/soporte-producto/resolucion-problemas/help-library/cs-CT52002101-20154713205374/,Spain,Support - Troubleshoot,79
https://www.lg.com/es/soporte/soporte-producto/resolucion-problemas/help-library/cs-CT40007081-20154863571831/,Spain,Support - Troubleshoot,79
https://www.lg.com/es/soporte/soporte-producto/resolucion-problemas/help-library/cs-CT52002103-20154861524448/,Spain,Support - Troubleshoot,79
https://www.lg.com/es/soporte/soporte-producto/resolucion-problemas/help-library/cs-CT52002105-20154992568995/,Spain,Support - Troubleshoot,79
https://www.lg.com/es/soporte/soporte-producto/resolucion-problemas/help-library/cs-CT52002100-20154381287656/,Spain,Support - Troubleshoot,79
https://www.lg.com/es/soporte/soporte-producto/cs-RZ-27LZ55.AES/,Spain,Support - 일반,82
https://www.lg.com/es/soporte/soporte-producto/cs-40UF675V.AEU/,Spain,Support - 일반,82
https://www.lg.com/es/soporte/soporte-producto/resolucion-problemas/help-library/cs-CT52002100-20154381287783/,Spain,Support - Troubleshoot,79
https://www.lg.com/es/soporte/soporte-producto/cs-P530-K.AE23B/,Spain,Support - 일반,82
https://www.lg.com/es/soporte/soporte-producto/resolucion-problemas/help-library/cs-CT52002100-20154381331835/,Spain,Support - Troubleshoot,79
https://www.lg.com/es/soporte/soporte-producto/resolucion-problemas/help-library/cs-CT52002101-20154579800155/,Spain,Support - Troubleshoot,79
https://www.lg.com/es/soporte/soporte-producto/resolucion-problemas/help-library/cs-CT52002103-20154861729166/,Spain,Support - Troubleshoot,79
https://www.lg.com/es/soporte/soporte-producto/resolucion-problemas/help-library/cs-CT40007083-20154381331861/,Spain,Support - Troubleshoot,79
https://www.lg.com/es/soporte/soporte-producto/resolucion-problemas/help-library/cs-CT52002100-20154860303830/,Spain,Support - Troubleshoot,79
https://www.lg.com/es/soporte/soporte-producto/resolucion-problemas/help-library/cs-CT52002101-20154381331134/,Spain,Support - Troubleshoot,79
https://www.lg.com/es/soporte/soporte-producto/resolucion-problemas/help-library/cs-CT52002101-20155102968715/,Spain,Support - Troubleshoot,79
https://www.lg.com/es/soporte/soporte-producto/resolucion-problemas/help-library/cs-CT40007083-20154381348999/,Spain,Support - Troubleshoot,79
https://www.lg.com/es/soporte/soporte-producto/resolucion-problemas/help-library/cs-CT52002101-20154432246722/,Spain,Support - Troubleshoot,79
https://www.lg.com/es/soporte/soporte-producto/resolucion-problemas/help-library/cs-CT52002100-20154381324623/,Spain,Support - Troubleshoot,79
https://www.lg.com/es/soporte/soporte-producto/resolucion-problemas/help-library/cs-CT52002103-20154980589110/,Spain,Support - Troubleshoot,79
https://www.lg.com/es/soporte/soporte-producto/resolucion-problemas/help-library/cs-CT52002103-20154862012029/,Spain,Support - Troubleshoot,79
https://www.lg.com/es/soporte/soporte-producto/resolucion-problemas/help-library/cs-CT52002101-20154856630479/,Spain,Support - Troubleshoot,79
https://www.lg.com/es/soporte/soporte-producto/resolucion-problemas/help-library/cs-CT52002103-20154381331937/,Spain,Support - Troubleshoot,79
https://www.lg.com/es/soporte/soporte-producto/resolucion-problemas/help-library/cs-CT52002101-20154713297911/,Spain,Support - Troubleshoot,79
https://www.lg.com/es/soporte/soporte-producto/resolucion-problemas/help-library/cs-CT52002103-20154381330996/,Spain,Support - Troubleshoot,79
https://www.lg.com/es/soporte/soporte-producto/resolucion-problemas/help-library/cs-CT52002100-20154381287528/,Spain,Support - Troubleshoot,79
https://www.lg.com/es/soporte/soporte-producto/resolucion-problemas/help-library/cs-CT52002100-20154860265533/,Spain,Support - Troubleshoot,79
https://www.lg.com/es/soporte/soporte-producto/resolucion-problemas/help-library/cs-CT52002102-20154844249393/,Spain,Support - Troubleshoot,79
https://www.lg.com/es/soporte/soporte-producto/resolucion-problemas/help-library/cs-CT52002101-20154713219614/,Spain,Support - Troubleshoot,79
https://www.lg.com/es/soporte/soporte-producto/resolucion-problemas/help-library/cs-CT52002101-20154848002776/,Spain,Support - Troubleshoot,79
https://www.lg.com/es/soporte/soporte-producto/resolucion-problemas/help-library/cs-CT40007081-20154861542530/,Spain,Support - Troubleshoot,79
https://www.lg.com/es/soporte/soporte-producto/resolucion-problemas/help-library/cs-CT52002100-20154768956881/,Spain,Support - Troubleshoot,79
https://www.lg.com/es/soporte/soporte-producto/resolucion-problemas/help-library/cs-CT52002100-20154712824003/,Spain,Support - Troubleshoot,79
https://www.lg.com/es/soporte/soporte-producto/resolucion-problemas/help-library/cs-CT52002101-20154848519192/,Spain,Support - Troubleshoot,79
https://www.lg.com/es/soporte/soporte-producto/resolucion-problemas/help-library/cs-CT52002100-20154634887783/,Spain,Support - Troubleshoot,79
https://www.lg.com/es/soporte/soporte-producto/resolucion-problemas/help-library/cs-CT52002101-20154856632872/,Spain,Support - Troubleshoot,79
https://www.lg.com/es/soporte/soporte-producto/resolucion-problemas/help-library/cs-CT40007081-20154863549272/,Spain,Support - Troubleshoot,79
https://www.lg.com/es/soporte/soporte-producto/resolucion-problemas/help-library/cs-CT52002101-20154381246930/,Spain,Support - Troubleshoot,79
https://www.lg.com/es/soporte/soporte-producto/resolucion-problemas/help-library/cs-CT52002100-20154713259020/,Spain,Support - Troubleshoot,79
https://www.lg.com/es/soporte/soporte-producto/resolucion-problemas/help-library/cs-CT52002103-20154647131316/,Spain,Support - Troubleshoot,79
https://www.lg.com/es/soporte/soporte-producto/resolucion-problemas/help-library/cs-CT52002103-20154381288820/,Spain,Support - Troubleshoot,79
https://www.lg.com/es/soporte/soporte-producto/resolucion-problemas/help-library/cs-CT52002103-20154381329888/,Spain,Support - Troubleshoot,79
https://www.lg.com/es/soporte/soporte-producto/resolucion-problemas/help-library/cs-CT52002102-20154844395814/,Spain,Support - Troubleshoot,79
https://www.lg.com/es/soporte/soporte-producto/resolucion-problemas/help-library/cs-CT52002103-20154381330865/,Spain,Support - Troubleshoot,79
https://www.lg.com/es/soporte/soporte-producto/resolucion-problemas/help-library/cs-CT40007083-20154381330405/,Spain,Support - Troubleshoot,79
https://www.lg.com/es/soporte/soporte-producto/resolucion-problemas/help-library/cs-CT40007083-20154381349803/,Spain,Support - Troubleshoot,79
https://www.lg.com/es/soporte/soporte-producto/resolucion-problemas/help-library/cs-CT52002103-20154535289282/,Spain,Support - Troubleshoot,79
https://www.lg.com/es/soporte/soporte-producto/resolucion-problemas/help-library/cs-CT52002100-20154523929520/,Spain,Support - Troubleshoot,79
https://www.lg.com/es/soporte/soporte-producto/resolucion-problemas/help-library/cs-CT52002101-20154549248160/,Spain,Support - Troubleshoot,79
https://www.lg.com/es/soporte/soporte-producto/resolucion-problemas/help-library/cs-CT40007081-20154381329842/,Spain,Support - Troubleshoot,79
https://www.lg.com/es/soporte/soporte-producto/resolucion-problemas/help-library/cs-CT52002101-20154847963735/,Spain,Support - Troubleshoot,79
https://www.lg.com/es/soporte/soporte-producto/resolucion-problemas/help-library/cs-CT52002103-20154381349292/,Spain,Support - Troubleshoot,79
https://www.lg.com/es/soporte/soporte-producto/resolucion-problemas/help-library/cs-CT52002101-20155101747496/,Spain,Support - Troubleshoot,79
https://www.lg.com/es/soporte/soporte-producto/resolucion-problemas/help-library/cs-CT40007081-20154863557408/,Spain,Support - Troubleshoot,79
https://www.lg.com/es/soporte/soporte-producto/resolucion-problemas/help-library/cs-CT52002101-20154743173199/,Spain,Support - Troubleshoot,79
https://www.lg.com/es/soporte/soporte-producto/resolucion-problemas/help-library/cs-CT52002101-20154711050719/,Spain,Support - Troubleshoot,79
https://www.lg.com/es/soporte/soporte-producto/resolucion-problemas/help-library/cs-CT52002101-20154858248220/,Spain,Support - Troubleshoot,79
https://www.lg.com/es/soporte/soporte-producto/resolucion-problemas/help-library/cs-CT52002103-20154647130243/,Spain,Support - Troubleshoot,79
https://www.lg.com/es/soporte/soporte-producto/resolucion-problemas/help-library/cs-CT52002103-20154859968987/,Spain,Support - Troubleshoot,79
https://www.lg.com/es/soporte/soporte-producto/resolucion-problemas/help-library/cs-CT52002101-20155049072093/,Spain,Support - Troubleshoot,79
https://www.lg.com/es/soporte/soporte-producto/resolucion-problemas/help-library/cs-CT52002100-20154683397814/,Spain,Support - Troubleshoot,79
https://www.lg.com/es/soporte/soporte-producto/resolucion-problemas/help-library/cs-CT52002103-20154861582235/,Spain,Support - Troubleshoot,79
https://www.lg.com/es/soporte/soporte-producto/resolucion-problemas/help-library/cs-CT52002100-20154713387713/,Spain,Support - Troubleshoot,79
https://www.lg.com/es/soporte/soporte-producto/resolucion-problemas/help-library/cs-CT40007081-20154381349387/,Spain,Support - Troubleshoot,79
https://www.lg.com/es/soporte/soporte-producto/resolucion-problemas/help-library/cs-CT52002100-20154768381642/,Spain,Support - Troubleshoot,79
https://www.lg.com/es/soporte/soporte-producto/resolucion-problemas/help-library/cs-CT52002101-20154713254528/,Spain,Support - Troubleshoot,79
https://www.lg.com/es/soporte/soporte-producto/resolucion-problemas/help-library/cs-CT52002102-20154710572024/,Spain,Support - Troubleshoot,79
https://www.lg.com/es/soporte/soporte-producto/resolucion-problemas/help-library/cs-CT52002101-20154381245864/,Spain,Support - Troubleshoot,79
https://www.lg.com/es/soporte/soporte-producto/resolucion-problemas/help-library/cs-CT52002100-20154381324890/,Spain,Support - Troubleshoot,79
https://www.lg.com/es/soporte/soporte-producto/resolucion-problemas/help-library/cs-CT52002103-20155080469465/,Spain,Support - Troubleshoot,79
https://www.lg.com/es/soporte/soporte-producto/resolucion-problemas/help-library/cs-CT52002101-20154647139005/,Spain,Support - Troubleshoot,79
https://www.lg.com/es/soporte/soporte-producto/resolucion-problemas/help-library/cs-CT52002101-20155114216041/,Spain,Support - Troubleshoot,79
https://www.lg.com/es/soporte/soporte-producto/resolucion-problemas/help-library/cs-CT52002103-20154860119900/,Spain,Support - Troubleshoot,79
https://www.lg.com/es/soporte/soporte-producto/resolucion-problemas/help-library/cs-CT52002103-20154861976843/,Spain,Support - Troubleshoot,79
https://www.lg.com/es/soporte/soporte-producto/resolucion-problemas/help-library/cs-CT52002100-20154381329791/,Spain,Support - Troubleshoot,79
https://www.lg.com/es/soporte/soporte-producto/resolucion-problemas/help-library/cs-CT52002103-20155061006132/,Spain,Support - Troubleshoot,79
https://www.lg.com/es/soporte/soporte-producto/resolucion-problemas/help-library/cs-CT52002103-20154381331086/,Spain,Support - Troubleshoot,79
https://www.lg.com/es/soporte/soporte-producto/resolucion-problemas/help-library/cs-CT40007083-20154381350067/,Spain,Support - Troubleshoot,79
https://www.lg.com/es/soporte/soporte-producto/resolucion-problemas/help-library/cs-CT52002100-20155140917699/,Spain,Support - Troubleshoot,79
https://www.lg.com/es/soporte/soporte-producto/resolucion-problemas/help-library/cs-CT52002100-20155052622252/,Spain,Support - Troubleshoot,79
https://www.lg.com/es/soporte/soporte-producto/resolucion-problemas/help-library/cs-CT52002103-20154862040936/,Spain,Support - Troubleshoot,79
https://www.lg.com/es/soporte/soporte-producto/resolucion-problemas/help-library/cs-CT52002101-20154713206438/,Spain,Support - Troubleshoot,79
https://www.lg.com/es/soporte/soporte-producto/resolucion-problemas/help-library/cs-CT40007081-20154859966543/,Spain,Support - Troubleshoot,79
https://www.lg.com/es/soporte/soporte-producto/resolucion-problemas/help-library/cs-CT52002101-20154713282463/,Spain,Support - Troubleshoot,79
https://www.lg.com/es/soporte/soporte-producto/resolucion-problemas/help-library/cs-CT40007083-20154381349081/,Spain,Support - Troubleshoot,79
https://www.lg.com/es/soporte/soporte-producto/resolucion-problemas/help-library/cs-CT52002103-20154860352361/,Spain,Support - Troubleshoot,79
https://www.lg.com/es/soporte/soporte-producto/resolucion-problemas/help-library/cs-CT52002102-20154710711576/,Spain,Support - Troubleshoot,79
https://www.lg.com/es/soporte/soporte-producto/resolucion-problemas/help-library/cs-CT52002101-20154647127290/,Spain,Support - Troubleshoot,79
https://www.lg.com/es/soporte/soporte-producto/resolucion-problemas/help-library/cs-CT52002101-20154381246802/,Spain,Support - Troubleshoot,79
https://www.lg.com/es/soporte/soporte-producto/resolucion-problemas/help-library/cs-CT52002103-20155019527212/,Spain,Support - Troubleshoot,79
https://www.lg.com/es/soporte/soporte-producto/resolucion-problemas/help-library/cs-CT52002103-20154381327212/,Spain,Support - Troubleshoot,79
https://www.lg.com/es/soporte/soporte-producto/resolucion-problemas/help-library/cs-CT52002103-20154857837231/,Spain,Support - Troubleshoot,79
https://www.lg.com/es/soporte/soporte-producto/resolucion-problemas/help-library/cs-CT52002101-20155102808505/,Spain,Support - Troubleshoot,79
https://www.lg.com/es/soporte/soporte-producto/resolucion-problemas/help-library/cs-CT52002101-20154752040599/,Spain,Support - Troubleshoot,79
https://www.lg.com/es/soporte/soporte-producto/resolucion-problemas/help-library/cs-CT52002101-20154381117037/,Spain,Support - Troubleshoot,79
https://www.lg.com/es/soporte/soporte-producto/resolucion-problemas/help-library/cs-CT52002101-20154847936250/,Spain,Support - Troubleshoot,79
https://www.lg.com/es/soporte/soporte-producto/resolucion-problemas/help-library/cs-CT52002101-20154713314628/,Spain,Support - Troubleshoot,79
https://www.lg.com/es/soporte/soporte-producto/resolucion-problemas/help-library/cs-CT40007081-20154381350109/,Spain,Support - Troubleshoot,79
https://www.lg.com/es/soporte/soporte-producto/resolucion-problemas/help-library/cs-CT52002101-20155101730118/,Spain,Support - Troubleshoot,79
https://www.lg.com/es/soporte/soporte-producto/resolucion-problemas/help-library/cs-CT52002103-20154381288702/,Spain,Support - Troubleshoot,79
https://www.lg.com/es/soporte/soporte-producto/resolucion-problemas/help-library/cs-CT52002100-20154720168223/,Spain,Support - Troubleshoot,79
https://www.lg.com/es/soporte/soporte-producto/resolucion-problemas/help-library/cs-CT52002101-20154381118360/,Spain,Support - Troubleshoot,79
https://www.lg.com/es/soporte/soporte-producto/resolucion-problemas/help-library/cs-CT52002103-20154381350027/,Spain,Support - Troubleshoot,79
https://www.lg.com/in/about-lg/press-and-media/,India,Global Newsroom,76
https://www.lg.com/in/about-lg/,India,Global Newsroom,76
https://www.lg.com/in/about-lg/press-and-media/media-contacts/,India,Global Newsroom,72
https://www.lg.com/in/about-lg/our-brand/,India,Global Newsroom,76
https://www.lg.com/in/about-lg/career/,India,Global Newsroom,72
https://www.lg.com/in/about-lg/press-and-media/lg-electronics-india-limited-leads-the-industry-among-the-first-to-launch-2026-bee-star-rated-air-conditioners-in-india/,India,Global Newsroom,79
https://www.lg.com/in/about-lg/press-and-media/lg-electronics-india-marks-ipo-milestone-with-thank-you-india-nationwide-consumer-initiative/,India,Global Newsroom,79
https://www.lg.com/in/about-lg/press-and-media/lg-maharashtra-press-release/,India,Global Newsroom,79
https://www.lg.com/in/about-lg/press-and-media/lg-unveils-cloud-gaming-revolution-in-india-with-xbox-app-on-its-smart-tvs/,India,Global Newsroom,79
https://www.lg.com/in/about-lg/press-and-media/lg-electronics-india-unveils-the-next-generation-ai-powered-oledevo-and-qnedevo-tv-line-up-for-2025/,India,Global Newsroom,79
https://www.lg.com/in/about-lg/press-and-media/lg-launches-radio-optimism-campaign-to-spread-lifes-good-through-music/,India,Global Newsroom,79
https://www.lg.com/in/about-lg/press-and-media/lg-india-expands-blood-donation-initiative-across-india/,India,Global Newsroom,79
https://www.lg.com/in/about-lg/press-and-media/lg-launches-premium-flagship-soundbars-in-india/,India,Global Newsroom,79
https://www.lg.com/in/about-lg/press-and-media/lg-launches-the-nation-calls-for-celebration-campaign/,India,Global Newsroom,79
https://www.lg.com/in/about-lg/press-and-media/lifes-good-when-lifes-shared/,India,Global Newsroom,79
https://www.lg.com/in/about-lg/press-and-media/lg-electronics-brings-early-festive-cheer/,India,Global Newsroom,79
https://www.lg.com/in/about-lg/press-and-media/lgs-2024-soundbars-deliver-complete-at-home-entertainment-with-rich-audio/,India,Global Newsroom,79
https://www.lg.com/in/about-lg/press-and-media/lg-electronics-india-partners-with-skyesports-to-revolutionize-gaming-in-india/,India,Global Newsroom,79
https://www.lg.com/in/about-lg/press-and-media/this-world-cancer-day-lg-electronics-india-announces-csr-program/,India,Global Newsroom,79
https://www.lg.com/in/about-lg/press-and-media/lg-electronics-launched-month-long-breakthelabel-campaign-to-celebrate-women-breaking-stereotypes/,India,Global Newsroom,79
https://www.lg.com/in/about-lg/press-and-media/picture-perfect-lgs-qned-83-series-raises-the-bar-for-led-tv/,India,Global Newsroom,79
https://www.lg.com/in/about-lg/press-and-media/managing-director-of-lg-electronics-india-travels-to-hubli-marking-his-51st-visit-across-the-country-in-1-year/,India,Global Newsroom,79
https://www.lg.com/in/about-lg/press-and-media/under-lets-build-a-house-initiative-lg-electronics-and-habitat-for-humanity-india-handover-18-homes-and-40-sanitation-units/,India,Global Newsroom,79
https://www.lg.com/in/about-lg/press-and-media/lg-electronics-felicitated-as-the-best-washing-machine-brand-at-ndtv-gadgets-360-awards/,India,Global Newsroom,79
https://www.lg.com/in/about-lg/press-and-media/no-1-ac-brand-lg-electronics-sets-new-benchmark-with-the-launch-of-indias-1st-energy-manager-ac/,India,Global Newsroom,79
https://www.lg.com/in/about-lg/press-and-media/lg-electronics-unveils-lg-objet-collection-with-moodup-refrigerator/,India,Global Newsroom,79
https://www.lg.com/in/about-lg/press-and-media/lg-electronics-launches-myview-smart-monitors/,India,Global Newsroom,79
https://www.lg.com/in/about-lg/press-and-media/lg-india-marks-26-glorious-years-with-exclusive-republic-day-off/,India,Global Newsroom,79
https://www.lg.com/in/about-lg/press-and-media/lg-now-great-place-to-work-certified/,India,Global Newsroom,79
https://www.lg.com/in/about-lg/press-and-media/lg-launches-its-new-super-convertible-6-in-1-al-air-conditioners-range/,India,Global Newsroom,79
https://www.lg.com/in/about-lg/press-and-media/sing-with-the-nation/,India,Global Newsroom,79
https://www.lg.com/in/about-lg/press-and-media/lg-launches-new-ergo-monitor-next-level-ergonomics-efficiency-ultra-fine-display/,India,Global Newsroom,83
https://www.lg.com/in/about-lg/press-and-media/lgs-ceiling-fan-raises-industry-bar-with-natural-airflow-and-cutting-edge-features/,India,Global Newsroom,72
https://www.lg.com/in/about-lg/press-and-media/lg-launches-the-best-of-g-series-with-the-new-lg-g8s-thinq-smartphone/,India,Global Newsroom,72
https://www.lg.com/in/about-lg/press-and-media/lg-electronics-elevates-audio-experience-with-xboom-series-and-tone-free-launch/,India,Global Newsroom,79
https://www.lg.com/in/about-lg/press-and-media/lg-and-bajaj-finserv-partner/,India,Global Newsroom,72
https://www.lg.com/in/about-lg/press-and-media/lg-introduces-volte-vowifi-enabled-4g-handsets/,India,Global Newsroom,72
https://www.lg.com/in/about-lg/press-and-media/lg-q6-brings-fullvision-display/,India,Global Newsroom,72
https://www.lg.com/in/about-lg/press-and-media/lg-announces-its-latest--freedom-is-good--independence-day-offers0/,India,Global Newsroom,79
https://www.lg.com/in/about-lg/press-and-media/press-release-lg-one-quick-a-unified-collaboration-and-display-solution-for-home-and-office/,India,Global Newsroom,72
https://www.lg.com/in/about-lg/press-and-media/lg-delivers-both-innovation-and-intelligence-in-new-television-range-images/,India,Global Newsroom,72
https://www.lg.com/in/about-lg/press-and-media/lg-electronics-develops-lg-oxy-zone/,India,Global Newsroom,72
https://www.lg.com/in/about-lg/press-and-media/lg-launches-new-4k-jazz-tv-at-hyderabad/,India,Global Newsroom,72
https://www.lg.com/in/about-lg/press-and-media/lg-recognized-by-united-nations-for-emission-reduction-efforts/,India,Global Newsroom,76
https://www.lg.com/in/about-lg/press-and-media/guinness-world-records/,India,Global Newsroom,72
https://www.lg.com/in/about-lg/press-and-media/linear-top-freezer-refrigerators/,India,Global Newsroom,72
https://www.lg.com/in/about-lg/press-and-media/lg-launches-g7-smartphone-with-thinq-in-india/,India,Global Newsroom,72
https://www.lg.com/in/about-lg/press-and-media/8th-edition-of-global-it-challenge-starts-in-india/,India,Global Newsroom,72
https://www.lg.com/in/about-lg/press-and-media/lg-launches-25-ai-tv-models/,India,Global Newsroom,72
https://www.lg.com/in/about-lg/press-and-media/press-release-lg-launches-freedom-is-good-campaign-on-independence-day-12-aug/,India,Global Newsroom,72
https://www.lg.com/in/about-lg/press-and-media/lg-electronics-launches-2022-range-of-ai-dual-inverter-air-conditioners/,India,Global Newsroom,79
https://www.lg.com/in/about-lg/press-and-media/lg-electronics-launches-lg-magnit/,India,Global Newsroom,79
https://www.lg.com/in/about-lg/press-and-media/lg-electronics-introduces-ganesh-chaturthi-special-limited-edition-tonefree-earbuds/,India,Global Newsroom,79
https://www.lg.com/in/about-lg/press-and-media/lg-to-unveil-new-version-of-popular-webos-smart-tv-platform-at-ces-2016/,India,Global Newsroom,72
https://www.lg.com/in/about-lg/press-and-media/lg-tech-show-2016-comes-to-the-city-of-nawabs-lucknow/,India,Global Newsroom,72
https://www.lg.com/in/about-lg/press-and-media/lg-tech-show-2016-comes-to-the-city-of-surat/,India,Global Newsroom,72
https://www.lg.com/in/about-lg/press-and-media/lg-introduces-game-shifting-technology-with-2022-oled-tv-lineup-in-india/,India,Global Newsroom,76
https://www.lg.com/in/about-lg/press-and-media/lg-delivers-both-innovation-and-intelligence-in-its-new-television-range/,India,Global Newsroom,72
https://www.lg.com/in/about-lg/press-and-media/lg-joins-hands-with-hotstar-to-provide-an-unmatched-tv-viewing-experience/,India,Global Newsroom,72
https://www.lg.com/in/about-lg/press-and-media/lg-launches-khwahishon-se-khushiyon-tak-season-2-lucky-draw-with-prizes-worth-5-crores/,India,Global Newsroom,79
https://www.lg.com/in/about-lg/press-and-media/popular-lg-tone-infinimsuptmsup-headset-gets-updated-for-2016/,India,Global Newsroom,72
https://www.lg.com/in/about-lg/press-and-media/lg-electronics-organize-blood-donation-drive-across-the-country/,India,Global Newsroom,72
https://www.lg.com/in/about-lg/press-and-media/first-micro-led-display-from-lg-sets-new-standard-for-commercial-display-technology/,India,Global Newsroom,76
https://www.lg.com/in/about-lg/press-and-media/lg-emerged-as-the-most-trusted-brand-across-categories-in-tra-survey-2022/,India,Global Newsroom,79
https://www.lg.com/in/about-lg/press-and-media/lg-begins-rollout-of-2023-soundbar-lineup-in-india/,India,Global Newsroom,79
https://www.lg.com/in/about-lg/press-and-media/lg-launches-new-range-of-dual-cool-inverter-air-conditioners/,India,Global Newsroom,72
https://www.lg.com/in/about-lg/press-and-media/lg-celebrates-20-years-in-india/,India,Global Newsroom,72
https://www.lg.com/in/about-lg/press-and-media/lg-launches-new-gram-laptops-in-india/,India,Global Newsroom,76
https://www.lg.com/in/about-lg/press-and-media/lgs-stunning-new-monitors-and-pcs-turn-dreams-into-reality/,India,Global Newsroom,72
https://www.lg.com/in/about-lg/press-and-media/five-factors-to-keep-in-mind-while-comparing-microwave-prices/,India,Global Newsroom,79
https://www.lg.com/in/about-lg/press-and-media/lg-introduces-next-generation-of-laundry-with-new-ai-powered-washer/,India,Global Newsroom,79
https://www.lg.com/in/about-lg/press-and-media/lg-electronics-named-as-the-most-attractive-brand-in-india/,India,Global Newsroom,72
https://www.lg.com/in/about-lg/press-and-media/new-lg-super-uhd-tv-lineup-sure-to-impress-2016-ces-attendees/,India,Global Newsroom,72
https://www.lg.com/in/about-lg/press-and-media/lg-ranks-in-top100-companies/,India,Global Newsroom,72
https://www.lg.com/in/about-lg/press-and-media/tnc-draft/,India,제품 카테고리 (PLP),73
https://www.lg.com/in/about-lg/press-and-media/led-signage-featuring-non-contact-connectors-delivers-better-images-easier-installation/,India,Global Newsroom,79
https://www.lg.com/in/about-lg/press-and-media/lg-to-unveil-lg-signature-premium-lineup-at-ces-2016/,India,Global Newsroom,72
https://www.lg.com/in/about-lg/press-and-media/lg-electronics-under-its-csr-initiative-karein-roshni-will-support-8700-cataract-surgeries/,India,Global Newsroom,83
https://www.lg.com/in/about-lg/press-and-media/worlds-most-sustainable-corporations/,India,Global Newsroom,72
https://www.lg.com/in/about-lg/press-and-media/lg-india-launches-lifes-good-nutrition-program-to-nourish-young-minds-nationwide/,India,Global Newsroom,79
https://www.lg.com/in/about-lg/press-and-media/lg-electronics-india-celebrates-republic-day-hyd/,India,Global Newsroom,79
https://www.lg.com/in/about-lg/press-and-media/lg-expands-display-signage-with-flexible-63-curved-oled-panels/,India,Global Newsroom,72
https://www.lg.com/in/about-lg/press-and-media/lg-electronics-debuts-worlds-largest-oled-display/,India,Global Newsroom,72
https://www.lg.com/in/about-lg/press-and-media/lg-lifes-good-happiness-study-ranks/,India,Global Newsroom,72
https://www.lg.com/in/about-lg/press-and-media/lg-k42-military-grade-durability-mil-std-810g-certification-redefine-durability-standard-smartphones/,India,Global Newsroom,79
https://www.lg.com/in/about-lg/press-and-media/lg-introduces-game-shifting-technology-with-2022-oled-tv-lineup-in-india-hindi-1/,India,Global Newsroom,79
https://www.lg.com/in/about-lg/press-and-media/lg-pledges-rs-1-crore-to-support-indian-armed-forces/,India,Global Newsroom,79
https://www.lg.com/in/about-lg/press-and-media/lg-launches-new-super-convertible-5-in-1-air-conditioners-range-that-delivers-unique-health-hygiene-related-smart-benefits/,India,Global Newsroom,83
https://www.lg.com/in/about-lg/press-and-media/lgs-grand-tech-seminar-brings-the-worlds-finest-technology-for-businesses-b2b/,India,Global Newsroom,76
https://www.lg.com/in/about-lg/press-and-media/tone-for-hygienic-earbuds-launches-the-new-lg-tonefree-wireless-earbuds-with-innovative-uv-nano-technology/,India,Global Newsroom,83
https://www.lg.com/in/about-lg/press-and-media/lg-unveils-latest-w41-series-smartphones-for-a-compelling-multimedia-experience/,India,Global Newsroom,79
https://www.lg.com/in/about-lg/press-and-media/lg-electronics-urges-everyone-to-follow-covid-19-norms-through-its-new-digital-video-campaign/,India,Global Newsroom,79
https://www.lg.com/in/about-lg/press-and-media/lg-introduces-a-new-solution-for-laundry-with-the-lg-dual-inverter-heat-pump-dryer/,India,Global Newsroom,79
https://www.lg.com/in/about-lg/press-and-media/lg-electronics-launches-the-4k-oled-television-in-india/,India,Global Newsroom,72
https://www.lg.com/in/about-lg/press-and-media/lg-announces-its-latest-freedom-is-good-independence-day-offers/,India,Global Newsroom,76
https://www.lg.com/in/about-lg/press-and-media/lg-electronics-india-starts-local-manufacturing-of-premium-side-by-side-refrigerators/,India,Global Newsroom,79
https://www.lg.com/in/about-lg/press-and-media/lgs-2015-mallika-e-kitchen-cooking-queen-crowned/,India,Global Newsroom,72
https://www.lg.com/in/about-lg/press-and-media/climber-harnesses-power-of-lg-cordzero-to-scale-office-tower/,India,Global Newsroom,72
https://www.lg.com/in/about-lg/press-and-media/lg-is-the-most-desired-tv-brand-in-india-in-2021/,India,Global Newsroom,79
https://www.lg.com/in/microsite-article/ms/it/monitor/ultragear-buying-guide/,India,구매 가이드,69
https://www.lg.com/in/washing-machine-buying-guide/,India,구매 가이드,65
https://www.lg.com/in/qned-tvs/2021/qned-buying-guide/,India,구매 가이드,61
https://www.lg.com/in/tv-soundbars/tv-buying-guide/gaming-tv/,India,구매 가이드,62
https://www.lg.com/in/tv-soundbars/tv-buying-guide/what-is-a-smart-tv-ai-tv/,India,구매 가이드,62
https://www.lg.com/in/tv-soundbars/tv-buying-guide/tv-size/,India,구매 가이드,62
https://www.lg.com/in/tv-soundbars/tv-buying-guide/tv-technology/what-is-4k-tv/,India,구매 가이드,66
https://www.lg.com/in/tv-soundbars/tv-buying-guide/,India,구매 가이드,66
https://www.lg.com/in/air-conditioners/ac-tips/air-conditioner-buying-guide/,India,구매 가이드,58
https://www.lg.com/in/air-conditioners/rac-product-buying-guide/,India,구매 가이드,68
https://www.lg.com/in/laundry/laundry-tips/lg-washing-machine-buying-guide/,India,구매 가이드,74
https://www.lg.com/in/magazine/earth-day-at-home/,India,Global Newsroom,77
https://www.lg.com/in/magazine/fully-automatic-vs-semi-automatic-washing-machines-an-honest-guide-for-buyers/,India,Global Newsroom,77
https://www.lg.com/in/magazine/turbowash-turbodrum-faster-cycles-in-lg-washing-machines/,India,Global Newsroom,80
https://www.lg.com/in/magazine/best-home-appliances-gifts-for-mothers-day/,India,Global Newsroom,73
https://www.lg.com/in/magazine/side-by-side-vs-french-door/,India,Global Newsroom,83
https://www.lg.com/in/magazine/wash-steam-cycles/,India,Global Newsroom,83
https://www.lg.com/in/magazine/french-door-refrigerators/,India,Global Newsroom,77
https://www.lg.com/in/magazine/why-multi-door-refrigerators/,India,Global Newsroom,73
https://www.lg.com/in/magazine/ai-precool-your-home-starts-cooling-before-you-reach-it/,India,Global Newsroom,73
https://www.lg.com/in/magazine/most-popular-choice-for-indian-homes/,India,Global Newsroom,73
https://www.lg.com/in/magazine/diet-mode-how-lg-acs-cool-efficiently-during-peak/,India,Global Newsroom,73
https://www.lg.com/in/magazine/onsite-wash-ai-dd-2-0/,India,Global Newsroom,73
https://www.lg.com/in/magazine/replacing-your-old-tv/,India,Global Newsroom,70
https://www.lg.com/in/magazine/all-rounder-tv-for-your-home-watch-sports-cinema-and-web-series-with-ultimate-clarity/,India,Global Newsroom,73
https://www.lg.com/in/magazine/how-to-reduce-electricity-bills-with-energy-efficient-acs/,India,Global Newsroom,70
https://www.lg.com/in/magazine/lg-microwave-ovens-scan-to-cook/,India,Global Newsroom,73
https://www.lg.com/in/magazine/multiple-cuisines-locked-in-lg-microwaves/,India,Global Newsroom,73
https://www.lg.com/in/magazine/energy-manager-explained/,India,Global Newsroom,73
https://www.lg.com/in/magazine/dishwasher-reality-check/,India,Global Newsroom,73
https://www.lg.com/in/magazine/sparkling-clean-dishes-with-lg-dishwashers/,India,Global Newsroom,80
https://www.lg.com/in/magazine/oled-tvs-transforming-your-room-into-a-theatre/,India,Global Newsroom,73
https://www.lg.com/in/magazine/6-best-uhd-tvs-you-can-buy-in-2026/,India,Global Newsroom,80
https://www.lg.com/in/magazine/make-way-for-lg-oled/,India,Global Newsroom,80
https://www.lg.com/in/magazine/how-do-lg-air-purifiers-help-you-combat-increasing-air-pollution/,India,Global Newsroom,77
https://www.lg.com/in/magazine/cool-summers-warm-winters-with-lg-hot-and-cold-ac/,India,Global Newsroom,83
https://www.lg.com/in/magazine/how-a-hot-and-cold-ac-is-an-all-weather-investment/,India,Global Newsroom,77
https://www.lg.com/in/magazine/top-lg-washing-machine-models-of-2026/,India,Global Newsroom,83
https://www.lg.com/in/magazine/2026-guide-to-lg-air-purifiers-exploring-the-features-and-advantages/,India,Global Newsroom,77
https://www.lg.com/in/magazine/why-should-you-buy-an-ac-in-winter/,India,Global Newsroom,73
https://www.lg.com/in/magazine/invest-in-your-health-with-lg-air-purifiers/,India,Global Newsroom,71
https://www.lg.com/in/magazine/top-reasons-to-choose-a-bottom-freezer-refrigerator/,India,Global Newsroom,73
https://www.lg.com/in/magazine/cant-buy-grocery-daily-these-fridges-can-help-you-keep-bulk-groceries-fresh/,India,Global Newsroom,80
https://www.lg.com/in/magazine/no-space-left-in-the-fridge-use-these-smart-hacks-for-storage/,India,Global Newsroom,80
https://www.lg.com/in/magazine/essential-and-easy-tips-to-keep-your-lg-ac-running-like-new-amc-plug-in/,India,Global Newsroom,80
https://www.lg.com/in/magazine/choosing-an-lg-water-purifier-tank-capacity-filtration-stages-and-beyond/,India,Global Newsroom,73
https://www.lg.com/in/magazine/how-to-keep-your-lg-washing-machine-odour-free-and-running-smoothly/,India,Global Newsroom,73
https://www.lg.com/in/magazine/get-rid-of-the-plastic-tank-and-choose-a-stainless-steel-water-purifier-tank/,India,Global Newsroom,73
https://www.lg.com/in/magazine/why-should-you-buy-a-qned-tv-for-your-home/,India,Global Newsroom,73
https://www.lg.com/in/magazine/what-to-know-before-buying-a-smart-tv-a-buyers-checklist/,India,Global Newsroom,73
https://www.lg.com/in/magazine/immersion-viewing-a-new-age-way-to-consume-content/,India,Global Newsroom,73
https://www.lg.com/in/magazine/lg-washtower-the-stylish-2-in-1-washing-and-drying-powerhouse/,India,Global Newsroom,73
https://www.lg.com/in/magazine/delicate-to-woven-every-fabric-is-protected-with-lg-washing-machines/,India,Global Newsroom,73
https://www.lg.com/in/magazine/from-school-spills-to-playdate-dirt/,India,Global Newsroom,73
https://www.lg.com/in/magazine/curry-to-clean-how-lg-dishwashers-tackle-masala-stains-effortlessly/,India,Global Newsroom,73
https://www.lg.com/in/magazine/debunking-dishwasher-myths-is-conventional-washing-better/,India,Global Newsroom,73
https://www.lg.com/in/magazine/7-top-tips-to-set-up-your-laundromat-business/,India,Global Newsroom,73
https://www.lg.com/in/magazine/9-lesser-known-features-of-lg-ac/,India,Global Newsroom,73
https://www.lg.com/in/magazine/from-summers-to-rains-how-air-conditioners-are-transforming-indian-family-life/,India,Global Newsroom,77
https://www.lg.com/in/magazine/be-summer-ready-with-lg-washing-machines-hygiene-protection/,India,Global Newsroom,70
https://www.lg.com/in/magazine/tired-of-stains-easy-solutions-to-make-them-disappear/,India,Global Newsroom,70
https://www.lg.com/in/magazine/introducing-lgs-new-bottom-freezer-refrigerator-built-for-easy-access/,India,Global Newsroom,70
https://www.lg.com/in/magazine/combat-55-degree-celsius-heat-with-lg-bheem/,India,Global Newsroom,77
https://www.lg.com/in/magazine/make-way-for-new-lg-acs-plush-points-of-innovation/,India,Global Newsroom,73
https://www.lg.com/in/magazine/energy-manager-you-decide-your-bill/,India,Global Newsroom,73
https://www.lg.com/in/magazine/step-up-your-home-entertainment-with-audio-upgrade/,India,Global Newsroom,70
https://www.lg.com/in/magazine/maximizing-comfort-and-minimizing-costs-how-lgs-diet-mode-strikes-the-perfect-balance/,India,Global Newsroom,73
https://www.lg.com/in/magazine/the-utility-and-usefulness-of-lg-commercial-dryers/,India,Global Newsroom,73
https://www.lg.com/in/magazine/front-load-washing-machines-a-complete-guide-to-pros-cons-and-buying-tips/,India,Global Newsroom,73
https://www.lg.com/in/magazine/why-is-it-essential-to-set-up-an-air-purifier-in-your-home/,India,Global Newsroom,73
https://www.lg.com/in/magazine/illuminate-your-diwali-with-lgs-ai-powered-oled-evo-and-qned-tvs/,India,Global Newsroom,73
https://www.lg.com/in/magazine/lgs-next-gen-ai-tvs-the-power-of-oled-evo-and-qned-technology/,India,Global Newsroom,77
https://www.lg.com/in/magazine/how-lg-window-acs-low-noise-design-promotes-better-sleep-quality/,India,Global Newsroom,73
https://www.lg.com/in/magazine/introducing-energy-manager-your-solution-to-air-conditioners-energy-efficiency-during-monsoon/,India,Global Newsroom,73
https://www.lg.com/in/magazine/why-should-you-buy-an-lg-washer-and-dryer/,India,Global Newsroom,73
https://www.lg.com/in/magazine/5-must-have-features-in-modern-refrigerators/,India,Global Newsroom,73
https://www.lg.com/in/magazine/unpacking-the-features-of-the-lg-oled-c4-what-makes-it-stand-out/,India,Global Newsroom,73
https://www.lg.com/in/magazine/demystifying-uhd-4k-and-5k-monitors-what-you-need-to-know/,India,Global Newsroom,73
https://www.lg.com/in/magazine/traditional-hand-washing-vs-dishwasher-a-comparison-of-efficiency-and-hygiene/,India,Global Newsroom,73
https://www.lg.com/in/magazine/how-lg-purifiers-retain-healthy-minerals-in-water/,India,Global Newsroom,73
https://www.lg.com/in/magazine/uv-vs-ro-water-purification-a-detailed-breakdown-for-the-discerning-drinker/,India,Global Newsroom,77
https://www.lg.com/in/magazine/lg-commercial-washing-machine-a-game-changer-in-laundry-solutions/,India,Global Newsroom,73
https://www.lg.com/in/magazine/why-you-should-buy-an-lg-dishwasher/,India,Global Newsroom,73
https://www.lg.com/in/magazine/how-to-choose-the-best-lg-portable-lifestyle-projector-for-you/,India,Global Newsroom,73
https://www.lg.com/in/magazine/the-future-of-cooling-innovations-in-energy-efficient-air-conditioning/,India,Global Newsroom,73
https://www.lg.com/in/magazine/easing-laundry-with-ezdispense/,India,Global Newsroom,70
https://www.lg.com/in/magazine/lg-washtower-the-ultimate-spacesaving-laundry-solution/,India,Global Newsroom,73
https://www.lg.com/in/magazine/what-is-aqi-and-the-role-of-lg-purifiers-in-maintaining-iaq/,India,Global Newsroom,73
https://www.lg.com/in/magazine/10-best-lg-washing-machines-of-2024/,India,Global Newsroom,73
https://www.lg.com/in/magazine/unlocking-the-brilliance-6-features-that-make-lg-oled-tv-the-best-in-the-market/,India,Global Newsroom,73
https://www.lg.com/in/magazine/understanding-the-impact-of-air-conditioner-energy-consumption-on-household-bills/,India,Global Newsroom,73
https://www.lg.com/in/magazine/front-load-vs-topload-washing-machines-which-is-right-for-you/,India,Global Newsroom,70
https://www.lg.com/in/magazine/10-maintenance-hacks-to-keep-your-washing-machine-spinning-like-a-superhero-a-guide-to-optimal-performance/,India,Global Newsroom,73
https://www.lg.com/in/magazine/upgrading-your-kitchen-choosing-the-best-microwave-oven-for-your-needs/,India,Global Newsroom,73
https://www.lg.com/in/magazine/beyond-boundaries-lg-grams-impact-on-remote-work-and-productivity/,India,Global Newsroom,73
https://www.lg.com/in/magazine/conquer-fridge-chaos-maximise-storage-in-your-lg-refrigerator-with-these-genius-organizing-hacks/,India,Global Newsroom,70
https://www.lg.com/in/magazine/lg-xboom-xl7s-the-ultimate-outdoor-party-speaker/,India,Global Newsroom,73
https://www.lg.com/in/magazine/xl7s-xboom-faq/,India,Global Newsroom,67
https://www.lg.com/in/magazine/stay-cool-and-comfortable-yearround-with-lgs-hot-and-cold-acs/,India,Global Newsroom,73
https://www.lg.com/in/magazine/why-buy-many-when-one-microwave-does-it-all/,India,Global Newsroom,73
https://www.lg.com/in/magazine/no-more-microwave-myths-live-with-the-facts-at-ease/,India,Global Newsroom,73
https://www.lg.com/in/magazine/the-lg-gram-the-perfect-laptop-for-students-and-business-professionals/,India,Global Newsroom,77
https://www.lg.com/in/magazine/what-factors-to-keep-in-mind-before-you-buy-an-air-purifier-in-india/,India,Global Newsroom,70
https://www.lg.com/in/magazine/why-should-we-use-a-clothes-dryer/,India,Global Newsroom,73
https://www.lg.com/in/laundry/top-loading-washing-machines/t80sjmb1z/,India,Microsite,77
https://www.lg.com/in/laundry/top-loading-washing-machines/,India,Microsite,77
https://www.lg.com/in/qned-tvs/2022/why-lg-qned/,India,Microsite,71
https://www.lg.com/in/tvs/why-lgoled/2023-oled-lineup/,India,Microsite,67
https://www.lg.com/in/tvs/why-lgoled/10years-world-no1-oled/,India,Microsite,68
https://www.lg.com/in/tvs/why-lgoled/,India,제품 카테고리 (PLP),87
https://www.lg.com/in/tv-soundbars/why-qned-evo/,India,Microsite,65
https://www.lg.com/in/lg-magazine/how-lg-old-tv-promises-to-redefine-your-home-entertainment-experience/,India,Microsite,73
https://www.lg.com/in/laundry/top-loading-washing-machines/tx511nwo/,India,Microsite,77
https://www.lg.com/in/laundry/top-loading-washing-machines/tx511swp/,India,Microsite,77
https://www.lg.com/in/laundry/top-loading-washing-machines/tx311nwo/,India,Microsite,77
https://www.lg.com/in/laundry/top-loading-washing-machines/tx310nwo/,India,Microsite,77
https://www.lg.com/in/laundry/top-loading-washing-machines/tx311swo/,India,Microsite,77
https://www.lg.com/in/laundry/top-loading-washing-machines/t90kmob1z/,India,Microsite,77
https://www.lg.com/in/laundry/top-loading-washing-machines/t90kmmb3z/,India,Microsite,77
https://www.lg.com/in/laundry/top-loading-washing-machines/t80kmob1z/,India,Microsite,77
https://www.lg.com/in/laundry/top-loading-washing-machines/tx510swp/,India,Microsite,77
https://www.lg.com/in/laundry/top-loading-washing-machines/tx510swo/,India,Microsite,77
https://www.lg.com/in/laundry/top-loading-washing-machines/t80kmmb3z/,India,Microsite,77
https://www.lg.com/in/laundry/top-loading-washing-machines/t80vbsf1z/,India,Microsite,80
https://www.lg.com/in/laundry/top-loading-washing-machines/tx511swo/,India,Microsite,77
https://www.lg.com/in/laundry/top-loading-washing-machines/t90v4ob1s/,India,Microsite,80
https://www.lg.com/in/laundry/top-loading-washing-machines/t90v4pb1s/,India,Microsite,80
https://www.lg.com/in/laundry/top-loading-washing-machines/t80v4ob1s/,India,Microsite,80
https://www.lg.com/in/laundry/top-loading-washing-machines/t80v4mb1s/,India,Microsite,83
https://www.lg.com/in/laundry/top-loading-washing-machines/t75vbmb1s/,India,Microsite,80
https://www.lg.com/in/laundry/top-loading-washing-machines/t70vbsf1z/,India,Microsite,77
https://www.lg.com/in/laundry/top-loading-washing-machines/t90v4mb1s/,India,Microsite,83
https://www.lg.com/in/laundry/top-loading-washing-machines/t70vbmb4zd/,India,Microsite,80
https://www.lg.com/in/laundry/top-loading-washing-machines/t70vbmb1z/,India,Microsite,80
https://www.lg.com/in/laundry/top-loading-washing-machines/t75vbmb1z/,India,Microsite,80
https://www.lg.com/in/laundry/top-loading-washing-machines/t80vbmb1z/,India,Microsite,80
https://www.lg.com/in/laundry/top-loading-washing-machines/t75vbsf1z/,India,Microsite,80
https://www.lg.com/in/laundry/top-loading-washing-machines/t80vbmb4z/,India,Microsite,80
https://www.lg.com/in/laundry/top-loading-washing-machines/thd10swm/,India,Microsite,80
https://www.lg.com/in/laundry/top-loading-washing-machines/t80spmb1z/,India,Microsite,80
https://www.lg.com/in/laundry/top-loading-washing-machines/t12sjmb1z/,India,Microsite,80
https://www.lg.com/in/laundry/top-loading-washing-machines/thd12swm/,India,Microsite,80
https://www.lg.com/in/laundry/top-loading-washing-machines/thd13swp/,India,Microsite,80
https://www.lg.com/in/laundry/top-loading-washing-machines/thd08sjm/,India,Microsite,80
https://www.lg.com/in/laundry/top-loading-washing-machines/thd10npm/,India,Microsite,80
https://www.lg.com/in/laundry/top-loading-washing-machines/thd09spm/,India,Microsite,80
https://www.lg.com/in/laundry/top-loading-washing-machines/thd08npm/,India,Microsite,80
https://www.lg.com/in/laundry/top-loading-washing-machines/thd08spm/,India,Microsite,80
https://www.lg.com/in/laundry/top-loading-washing-machines/t85ajmb1z/,India,Microsite,80
https://www.lg.com/in/laundry/top-loading-washing-machines/thd11swm/,India,Microsite,80
https://www.lg.com/in/laundry/top-loading-washing-machines/thd11nwm/,India,Microsite,80
https://www.lg.com/in/laundry/top-loading-washing-machines/t80ajmb1z/,India,Microsite,80
https://www.lg.com/in/laundry/top-loading-washing-machines/t75spsf1z/,India,Microsite,80
https://www.lg.com/in/laundry/top-loading-washing-machines/t70ajmb1z/,India,Microsite,80
https://www.lg.com/in/laundry/top-loading-washing-machines/thd11swp/,India,Microsite,80
https://www.lg.com/in/laundry/top-loading-washing-machines/thd10swp/,India,Microsite,80
https://www.lg.com/in/laundry/top-loading-washing-machines/thd10nwm/,India,Microsite,80
https://www.lg.com/in/laundry/top-loading-washing-machines/thd09swm/,India,Microsite,80
https://www.lg.com/in/laundry/top-loading-washing-machines/thd09nwm/,India,Microsite,80
https://www.lg.com/in/laundry/top-loading-washing-machines/t90ajmb1z/,India,Microsite,80
https://www.lg.com/in/laundry/top-loading-washing-machines/t80snsf1z/,India,Microsite,80
https://www.lg.com/in/laundry/top-loading-washing-machines/t80snmb1z/,India,Microsite,80
https://www.lg.com/in/laundry/top-loading-washing-machines/,India,Microsite,77
https://www.lg.com/in/catalogue/best-care-amc-pdf/,India,Microsite,71
https://www.lg.com/in/appliance-accessories/akb74955624/,India,제품 상세 (PDP),78
https://www.lg.com/in/laundry/washtower/fwt1310bg/,India,제품 상세 (PDP),79
https://www.lg.com/in/tv-soundbars/4k-uhd-tvs/55ur7500psc/,India,제품 상세 (PDP),76
https://www.lg.com/in/tv-soundbars/4k-uhd-tvs/65ur7500psc/,India,제품 상세 (PDP),79
https://www.lg.com/in/tv-soundbars/4k-uhd-tvs/50ur7500psc/,India,제품 상세 (PDP),76
https://www.lg.com/in/tv-soundbars/4k-uhd-tvs/43ur7500psc/,India,제품 상세 (PDP),76
https://www.lg.com/in/tv-soundbars/4k-uhd-tvs/70ur8050psb/,India,제품 상세 (PDP),76
https://www.lg.com/in/monitors/fhd-qhd/27qn850-b/,India,제품 상세 (PDP),81
https://www.lg.com/in/tv-soundbars/4k-uhd-tvs/50ur9050psk/,India,제품 상세 (PDP),75
https://www.lg.com/in/monitors/fhd-qhd/20m39a-b/,India,제품 상세 (PDP),75
https://www.lg.com/in/tv-soundbars/4k-uhd-tvs/86ut80506la/,India,제품 상세 (PDP),79
https://www.lg.com/in/tv-soundbars/oled/oled55g46la/,India,제품 상세 (PDP),76
https://www.lg.com/in/tv-soundbars/4k-uhd-tvs/65ut80506la/,India,제품 상세 (PDP),76
https://www.lg.com/in/tv-soundbars/4k-uhd-tvs/50ut80506la/,India,제품 상세 (PDP),76
https://www.lg.com/in/tv-soundbars/4k-uhd-tvs/43ut80506la/,India,제품 상세 (PDP),76
https://www.lg.com/in/tv-soundbars/4k-uhd-tvs/55ut80506la/,India,제품 상세 (PDP),76
https://www.lg.com/in/tv-soundbars/4k-uhd-tvs/50ur8050psb/,India,제품 상세 (PDP),75
https://www.lg.com/in/monitors/fhd-qhd/20m39h-b/,India,제품 상세 (PDP),78
https://www.lg.com/in/monitors/gaming/32gq750-b/,India,제품 상세 (PDP),78
https://www.lg.com/in/tv-soundbars/oled/oled77b3psa/,India,제품 카테고리 (PLP),87
https://www.lg.com/in/tv-soundbars/4k-uhd-tvs/43ur9050psk/,India,제품 상세 (PDP),75
https://www.lg.com/in/tv-soundbars/4k-uhd-tvs/43ur8050psb/,India,제품 상세 (PDP),75
https://www.lg.com/in/lifestyle-screens/objet-collection-pose/42lx1qpsa/,India,제품 카테고리 (PLP),77
https://www.lg.com/in/tv-soundbars/4k-uhd-tvs/65uq9000psd/,India,제품 상세 (PDP),75
https://www.lg.com/in/tv-soundbars/oled-evo/oled77c2psc/,India,제품 카테고리 (PLP),80
https://www.lg.com/in/tv-soundbars/oled/oled65b2psa/,India,제품 카테고리 (PLP),87
https://www.lg.com/in/tv-soundbars/4k-uhd-tvs/55uq9000psd/,India,제품 상세 (PDP),75
https://www.lg.com/in/tv-soundbars/qned/75qned86sqa/,India,제품 상세 (PDP),76
https://www.lg.com/in/tv-soundbars/qned/55qned81sqa/,India,제품 카테고리 (PLP),77
https://www.lg.com/in/tv-soundbars/qned/65qned81sqa/,India,제품 카테고리 (PLP),77
https://www.lg.com/in/tv-soundbars/qned/75qned81sqa/,India,제품 카테고리 (PLP),77
https://www.lg.com/in/tv-soundbars/oled-evo/oled55c2psc/,India,제품 카테고리 (PLP),80
https://www.lg.com/in/tv-soundbars/oled-evo/oled65c2psc/,India,제품 카테고리 (PLP),80
https://www.lg.com/in/tv-soundbars/4k-uhd-tvs/55ur9050psk/,India,제품 상세 (PDP),75
https://www.lg.com/in/tv-soundbars/ultra-big-tvs/86ur8050psb/,India,제품 카테고리 (PLP),73
https://www.lg.com/in/tv-soundbars/4k-uhd-tvs/55ur8050psb/,India,제품 상세 (PDP),75
https://www.lg.com/in/tv-soundbars/ultra-big-tvs/75ur8050psb/,India,제품 상세 (PDP),76
https://www.lg.com/in/tv-soundbars/4k-uhd-tvs/65ur8050psb/,India,제품 상세 (PDP),75
https://www.lg.com/in/tv-soundbars/ultra-big-tvs/75ur9050psk/,India,제품 카테고리 (PLP),73
https://www.lg.com/in/tv-soundbars/4k-uhd-tvs/65ur9050psk/,India,제품 상세 (PDP),75
https://www.lg.com/in/tv-soundbars/oled/oled65a3psa/,India,제품 카테고리 (PLP),87
https://www.lg.com/in/tv-soundbars/oled/oled55a3psa/,India,제품 카테고리 (PLP),87
https://www.lg.com/in/tv-soundbars/oled/oled48a3psa/,India,제품 카테고리 (PLP),87
https://www.lg.com/in/tv-soundbars/oled-evo/oled97g2psa/,India,제품 카테고리 (PLP),80
https://www.lg.com/in/monitors/ergo-monitors/32qp880n-b/,India,제품 상세 (PDP),79
https://www.lg.com/in/tv-soundbars/qned/86qned99sqb/,India,제품 카테고리 (PLP),77
https://www.lg.com/in/tv-soundbars/smart-tvs/32lq576bpsa/,India,제품 상세 (PDP),76
https://www.lg.com/in/tv-soundbars/signature-oled/oled88z2psa/,India,제품 카테고리 (PLP),70
https://www.lg.com/in/lifestyle-screens/gallery-edition/oled55g2psa/,India,제품 카테고리 (PLP),77
https://www.lg.com/in/microwave-ovens/neochef-smart-inverter-microwave/ms4295dis/,India,제품 카테고리 (PLP),73
https://www.lg.com/in/air-care/air-purifiers/as60ghwg0/,India,제품 상세 (PDP),79
https://www.lg.com/in/projectors/portable-lifestyle-projectors/hf65lg/,India,제품 상세 (PDP),78
https://www.lg.com/in/projectors/home-cinema-projectors/hf85lg/,India,제품 상세 (PDP),78
https://www.lg.com/in/audio/party-speaker-xboom/xl2s/,India,제품 상세 (PDP),78
https://www.lg.com/in/audio/party-speaker-xboom/on2d/,India,제품 상세 (PDP),78
https://www.lg.com/in/tv-soundbars/4k-uhd-tvs/50ur7550psc/,India,제품 상세 (PDP),76
https://www.lg.com/in/tv-soundbars/4k-uhd-tvs/55ur7550psc/,India,제품 상세 (PDP),76
https://www.lg.com/in/tv-soundbars/4k-uhd-tvs/65ur7550psc/,India,제품 상세 (PDP),76
https://www.lg.com/in/tv-soundbars/4k-uhd-tvs/43ur7550psc/,India,제품 상세 (PDP),79
https://www.lg.com/in/water-purifiers/ww151np/,India,제품 상세 (PDP),78
https://www.lg.com/in/water-purifiers/ww140np/,India,제품 상세 (PDP),78
https://www.lg.com/in/monitors/uhd-4k-5k/27uq850-w/,India,제품 상세 (PDP),81
https://www.lg.com/in/monitors/ultrawide/34wp75c-b/,India,제품 상세 (PDP),78
https://www.lg.com/in/tv-soundbars/qned/43qned75sra/,India,제품 상세 (PDP),76
https://www.lg.com/in/tv-soundbars/qned/50qned75sra/,India,제품 카테고리 (PLP),77
https://www.lg.com/in/tv-soundbars/oled-evo/oled55g3psa/,India,제품 상세 (PDP),76
https://www.lg.com/in/tv-soundbars/oled-evo/oled42c3psa/,India,제품 카테고리 (PLP),80
https://www.lg.com/in/tv-soundbars/oled/oled55b3psa/,India,제품 상세 (PDP),76
https://www.lg.com/in/tv-soundbars/oled/oled65b3psa/,India,제품 상세 (PDP),76
https://www.lg.com/in/computer-accessories/ugp90hb-b/,India,제품 상세 (PDP),76
https://www.lg.com/in/lifestyle-screens/42lx3qpsa/,India,제품 카테고리 (PLP),70
https://www.lg.com/in/tv-soundbars/smart-tvs/32lq570bpsa/,India,제품 상세 (PDP),76
https://www.lg.com/in/tv-soundbars/nanocell/43nano75sqa/,India,제품 카테고리 (PLP),73
https://www.lg.com/in/projectors/home-cinema-projectors/bu53pst/,India,제품 상세 (PDP),79
https://www.lg.com/in/computer-accessories/msa2/,India,제품 상세 (PDP),78
https://www.lg.com/in/laptop/16mq70-gram/,India,제품 상세 (PDP),79
https://www.lg.com/in/projectors/portable-lifestyle-projectors/hf60lg/,India,제품 상세 (PDP),78
https://www.lg.com/in/tv-soundbars/qned/65qned80sra/,India,제품 카테고리 (PLP),77
https://www.lg.com/in/tv-soundbars/qned/65qned90sqa/,India,제품 카테고리 (PLP),77
https://www.lg.com/in/tv-soundbars/qned/55qned80sra/,India,제품 카테고리 (PLP),77
https://www.lg.com/in/tv-soundbars/qned/75qned80sra/,India,제품 카테고리 (PLP),77
https://www.lg.com/in/tv-soundbars/qned/65qned75sra/,India,제품 상세 (PDP),76
https://www.lg.com/in/tv-soundbars/qned/55qned75sra/,India,제품 상세 (PDP),76
https://www.lg.com/in/tv-soundbars/oled-evo/oled65c3psa/,India,제품 상세 (PDP),76
https://www.lg.com/in/tv-soundbars/qned/86qned80sra/,India,제품 카테고리 (PLP),77
https://www.lg.com/in/tv-soundbars/nanocell/55nano77sra/,India,제품 상세 (PDP),76
https://www.lg.com/in/tv-soundbars/nanocell/43nano77sra/,India,제품 상세 (PDP),76
https://www.lg.com/in/tv-soundbars/oled-evo/oled65g3psa/,India,제품 상세 (PDP),76
https://www.lg.com/in/tv-soundbars/oled-evo/oled55c3psa/,India,제품 상세 (PDP),76
https://www.lg.com/in/tv-soundbars/oled-evo/oled83c3psa/,India,제품 카테고리 (PLP),80
https://www.lg.com/in/tv-soundbars/oled-evo/oled48c3psa/,India,제품 카테고리 (PLP),80
https://www.lg.com/in/tv-soundbars/oled-evo/oled77g3psa/,India,제품 카테고리 (PLP),80
https://www.lg.com/in/lifestyle-screens/objet-collection-pose/55lx1qpsa/,India,제품 카테고리 (PLP),77
https://www.lg.com/in/tv-soundbars/oled/oled65a2psa/,India,제품 카테고리 (PLP),87
https://www.lg.com/in/tv-soundbars/nanocell/65nano80sqa/,India,제품 카테고리 (PLP),73
https://www.lg.com/in/tv-soundbars/oled/oled55b2psa/,India,제품 카테고리 (PLP),87
https://www.lg.com/in/tv-soundbars/oled-evo/oled83c2psa/,India,제품 카테고리 (PLP),80
https://www.lg.com/in/tv-soundbars/nanocell/75nano75sqa/,India,제품 카테고리 (PLP),73
https://www.lg.com/in/lifestyle-screens/gallery-edition/oled65g2psa/,India,제품 카테고리 (PLP),77
https://www.lg.com/in/audio/soundbars/gx/,India,제품 카테고리 (PLP),77
https://www.lg.com/in/tv-soundbars/oled/,India,제품 카테고리 (PLP),87
https://www.lg.com/in/tv-soundbars/qned/,India,제품 카테고리 (PLP),77
https://www.lg.com/in/tv-soundbars/nanocell/,India,제품 카테고리 (PLP),73
https://www.lg.com/in/tv-soundbars/,India,제품 카테고리 (PLP),73
https://www.lg.com/in/tv-soundbars/tv-accessories/,India,제품 카테고리 (PLP),77
https://www.lg.com/in/audio/soundbars/,India,제품 카테고리 (PLP),73
https://www.lg.com/in/lifestyle-screens/,India,제품 카테고리 (PLP),70
https://www.lg.com/in/tv-soundbars/ultra-big-tvs/,India,제품 카테고리 (PLP),73
https://www.lg.com/in/monitors/ultrawide/,India,제품 카테고리 (PLP),80
https://www.lg.com/in/laundry/dryers/,India,제품 카테고리 (PLP),80
https://www.lg.com/in/refrigerators/side-by-side-refrigerators/,India,제품 카테고리 (PLP),77
https://www.lg.com/in/monitors/,India,제품 카테고리 (PLP),77
https://www.lg.com/in/refrigerators/,India,제품 카테고리 (PLP),74
https://www.lg.com/in/laundry/washer-dryers/,India,제품 카테고리 (PLP),80
https://www.lg.com/in/monitors/gaming/,India,제품 카테고리 (PLP),80
https://www.lg.com/in/laundry/all-washing-machines/,India,제품 카테고리 (PLP),80
https://www.lg.com/in/tv-soundbars/all-tv-soundbars/,India,제품 카테고리 (PLP),73
https://www.lg.com/in/audio/,India,제품 카테고리 (PLP),70
https://www.lg.com/in/tv-soundbars/oled-evo/,India,제품 카테고리 (PLP),80
https://www.lg.com/in/air-conditioners/all-air-conditioners/,India,제품 카테고리 (PLP),80
https://www.lg.com/in/laundry/,India,제품 카테고리 (PLP),77
https://www.lg.com/in/dishwasher/,India,제품 카테고리 (PLP),77
https://www.lg.com/in/wireless-earbuds/,India,제품 카테고리 (PLP),77
https://www.lg.com/in/monitors/all-monitors/,India,제품 카테고리 (PLP),80
https://www.lg.com/in/refrigerators/all-refrigerators/,India,제품 카테고리 (PLP),77
https://www.lg.com/in/monitors/fhd-qhd/,India,제품 카테고리 (PLP),73
https://www.lg.com/in/monitors/ergo-monitors/,India,제품 카테고리 (PLP),77
https://www.lg.com/in/audio/all-audios/,India,제품 카테고리 (PLP),73
https://www.lg.com/in/projectors/,India,제품 카테고리 (PLP),77
https://www.lg.com/in/laundry/front-loading-washing-machines/,India,제품 카테고리 (PLP),80
https://www.lg.com/in/lifestyle-screens/objet-collection-pose/,India,제품 카테고리 (PLP),77
https://www.lg.com/in/refrigerators/single-door-refrigerators/,India,제품 카테고리 (PLP),80
https://www.lg.com/in/audio/party-speaker-xboom/,India,제품 카테고리 (PLP),73
https://www.lg.com/in/tv-soundbars/smart-tvs/,India,제품 카테고리 (PLP),77
https://www.lg.com/in/refrigerators/french-door-refrigerators/,India,제품 카테고리 (PLP),80
https://www.lg.com/in/microwave-ovens/,India,제품 카테고리 (PLP),77
https://www.lg.com/in/wireless-earbuds/tone-free/,India,제품 카테고리 (PLP),77
https://www.lg.com/in/appliances/thinq/,India,제품 카테고리 (PLP),77
https://www.lg.com/in/shop-the-latest/,India,제품 카테고리 (PLP),73
https://www.lg.com/in/laptop/,India,제품 카테고리 (PLP),68
https://www.lg.com/in/tv-soundbars/signature-oled/,India,제품 카테고리 (PLP),73
https://www.lg.com/in/projectors/home-cinema-projectors/,India,제품 카테고리 (PLP),77
https://www.lg.com/in/microwave-ovens/grill-solo-microwave/,India,제품 카테고리 (PLP),73
https://www.lg.com/in/laptop/gram/,India,제품 카테고리 (PLP),73
https://www.lg.com/in/projectors/portable-lifestyle-projectors/,India,제품 카테고리 (PLP),77
https://www.lg.com/in/laptop/all-laptops/,India,제품 카테고리 (PLP),73
https://www.lg.com/in/air-conditioners/,India,제품 카테고리 (PLP),77
https://www.lg.com/in/air-conditioners/ac-tips/,India,제품 카테고리 (PLP),73
https://www.lg.com/in/air-conditioners/split-air-conditioners/,India,제품 카테고리 (PLP),80
https://www.lg.com/in/air-conditioners/window-air-conditioners/,India,제품 카테고리 (PLP),80
https://www.lg.com/in/appliance-accessories/,India,제품 카테고리 (PLP),77
https://www.lg.com/in/computer-accessories/,India,제품 카테고리 (PLP),73
https://www.lg.com/in/wireless-earbuds/tone-free-fit/,India,제품 카테고리 (PLP),77
https://www.lg.com/in/microwave-ovens/all-microwave-ovens/,India,제품 카테고리 (PLP),73
https://www.lg.com/in/laptop/ultra-pc/,India,제품 카테고리 (PLP),73
https://www.lg.com/in/air-care/,India,제품 카테고리 (PLP),77
https://www.lg.com/in/microwave-ovens/charcoal-convection-microwave/,India,제품 카테고리 (PLP),73
https://www.lg.com/in/laundry/semi-automatic-washing-machines/,India,제품 카테고리 (PLP),80
https://www.lg.com/in/laptop/gram-style/,India,제품 카테고리 (PLP),73
https://www.lg.com/in/refrigerators/double-door-refrigerators/,India,제품 카테고리 (PLP),77
https://www.lg.com/in/water-purifiers/,India,제품 카테고리 (PLP),80
https://www.lg.com/in/microwave-ovens/convection-microwave/,India,제품 카테고리 (PLP),73
https://www.lg.com/in/audio/multi-media-speakers/,India,제품 카테고리 (PLP),70
https://www.lg.com/in/lifestyle-screens/gallery-edition/,India,제품 카테고리 (PLP),77
https://www.lg.com/in/commercial-washing-machines/commercial-washer/,India,제품 카테고리 (PLP),73
https://www.lg.com/in/commercial-washing-machines/,India,제품 카테고리 (PLP),70
https://www.lg.com/in/commercial-washing-machines/commercial-dryer/,India,제품 카테고리 (PLP),73
https://www.lg.com/in/lg-premium-care/,India,제품 카테고리 (PLP),70
https://www.lg.com/in/microwave-ovens/wifi-enabled-charcoal-convection-microwave/,India,제품 카테고리 (PLP),73
https://www.lg.com/in/tv-soundbar-combo-offers-tnc/,India,제품 카테고리 (PLP),73
https://www.lg.com/in/tv-soundbar-offers-tnc/,India,제품 카테고리 (PLP),73
https://www.lg.com/in/premium-league-test/,India,제품 카테고리 (PLP),63
https://www.lg.com/in/premium-league/,India,제품 카테고리 (PLP),63
https://www.lg.com/in/indiakapassion-lgkacelebration-tnc/,India,제품 카테고리 (PLP),70
https://www.lg.com/in/sc-account/,India,제품 카테고리 (PLP),67
https://www.lg.com/in/sso-confirm/,India,제품 카테고리 (PLP),60
https://www.lg.com/in/lg-business-shop/,India,제품 카테고리 (PLP),63
https://www.lg.com/in/thank-you-india-enquiry-test/,India,제품 카테고리 (PLP),63
https://www.lg.com/in/air-care-review/terms-and-conditions/,India,제품 카테고리 (PLP),63
https://www.lg.com/in/air-care-review/,India,제품 카테고리 (PLP),63
https://www.lg.com/in/secret-coupon/,India,제품 카테고리 (PLP),63
https://www.lg.com/in/tv-soundbar-sale-tnc/,India,제품 카테고리 (PLP),70
https://www.lg.com/in/navratri-contest-tnc/,India,제품 카테고리 (PLP),70
https://www.lg.com/in/radio-optimism-tnc/,India,제품 카테고리 (PLP),70
https://www.lg.com/in/account-integration/,India,제품 카테고리 (PLP),57
https://www.lg.com/in/signup/verifymail/,India,제품 카테고리 (PLP),60
https://www.lg.com/in/signup/verification-failed/,India,제품 카테고리 (PLP),67
https://www.lg.com/in/signup/email-verification-guide/,India,제품 카테고리 (PLP),67
https://www.lg.com/in/signup/,India,제품 카테고리 (PLP),63
https://www.lg.com/in/login/,India,제품 카테고리 (PLP),60
https://www.lg.com/in/job-disclaimer-and-notification/,India,제품 카테고리 (PLP),70
https://www.lg.com/in/independence-day-contest-tnc/,India,제품 카테고리 (PLP),70
https://www.lg.com/in/service-app-tnc/,India,제품 카테고리 (PLP),70
https://www.lg.com/in/support/,India,Support - 일반,79
https://www.lg.com/in/support/warranty-terms/,India,Support - 일반,82
https://www.lg.com/in/support/product-support/product-registration/,India,Support - 일반,71
https://www.lg.com/in/support/announcement/,India,Support - 일반,75
https://www.lg.com/in/support/product-support/repair-request/,India,Support - 일반,75
https://www.lg.com/in/support/contact-us/locate-repair-center/,India,Support - 일반,79
https://www.lg.com/in/support/product-support/manuals-software/,India,Support - 일반,75
https://www.lg.com/in/support/lg-thinq/,India,Support - 일반,71
https://www.lg.com/in/support/order-support/track-my-order/,India,Support - 일반,79
https://www.lg.com/in/support/order-support/frequently-asked-questions/,India,Support - 일반,82
https://www.lg.com/in/support/contact-us/,India,Support - 일반,82
https://www.lg.com/in/support/smart-share/,India,Support - 일반,75
https://www.lg.com/in/support/business-warranty-terms/,India,Support - 일반,82
https://www.lg.com/in/support/lg-premium-care/,India,Support - 일반,86
https://www.lg.com/in/support/energy-consumption-calculator/,India,Support - 일반,79
https://www.lg.com/in/support/offering/,India,Support - 일반,71
https://www.lg.com/in/support/product-support/cs-USNQ19ENZE1.ANLG/,India,Support - 일반,75
https://www.lg.com/in/support/product-support/cs-MS2025DB.BBKQABN/,India,Support - 일반,75
https://www.lg.com/in/support/product-support/cs-LRNV366TDA0.ANWAIDA/,India,Support - 일반,75
https://www.lg.com/in/support/product-support/cs-GL-266TM.ASIQEBN/,India,Support - 일반,75
https://www.lg.com/in/support/product-support/cs-15Z990-V.AR52A2/,India,Support - 일반,75
https://www.lg.com/in/support/product-support/cs-P7255R3F.BBGPASA/,India,Support - 일반,75
https://www.lg.com/in/support/product-support/cs-OLED55CXPTA.ATR/,India,Support - 일반,75
https://www.lg.com/in/support/product-support/cs-US-Q19QNZE3.AMLG/,India,Support - 일반,75
https://www.lg.com/in/support/product-support/cs-T80SKSF1Z.ASFQEIL/,India,Support - 일반,75
https://www.lg.com/in/support/product-support/cs-GL-B199OSJB.ESJZPST/,India,Support - 일반,75
https://www.lg.com/in/support/product-support/cs-GL-U402JPZX.DPZZEBN/,India,Support - 일반,75
https://www.lg.com/in/support/product-support/cs-F10B5NDP2.ABWPEIL/,India,Support - 일반,75
https://www.lg.com/in/support/product-support/cs-WP600-B.ATR/,India,Support - 일반,75
https://www.lg.com/in/support/product-support/cs-LP-C2863LC0.AEBCLAE/,India,Support - 일반,75
https://www.lg.com/in/support/product-support/cs-LSAB007-T2.ATR/,India,Support - 일반,75
https://www.lg.com/in/support/product-support/cs-LT17CBBWIN.DSWGNGH/,India,Support - 일반,75
https://www.lg.com/in/support/product-support/cs-ST-491X.AL/,India,Support - 일반,75
https://www.lg.com/in/support/product-support/cs-KS360.ASEAPK/,India,Support - 일반,75
https://www.lg.com/in/support/product-support/cs-JSNQ18SUXD.ANLG/,India,Support - 일반,75
https://www.lg.com/in/support/product-support/cs-P7556R3FA.ADBPEIL/,India,Support - 일반,75
https://www.lg.com/in/support/product-support/cs-LH64G.AINDLLK/,India,Support - 일반,75
https://www.lg.com/in/support/product-support/cs-55NANO75SQA.ATR/,India,Support - 일반,75
https://www.lg.com/in/support/product-support/cs-GL-B402RLHR.DPZPLMT/,India,Support - 일반,75
https://www.lg.com/in/support/product-support/cs-GL-B432RQHL.DSWQCIS/,India,Support - 일반,75
https://www.lg.com/in/support/product-support/cs-GR-M650GLDL.DPZQMEA/,India,Support - 일반,75
https://www.lg.com/in/support/product-support/cs-24QP750-B.ATR/,India,Support - 일반,75
https://www.lg.com/in/support/product-support/cs-LGD958.AINDTS/,India,Support - 일반,75
https://www.lg.com/in/support/product-support/cs-86UR640S9TD.ATRD/,India,Support - 일반,75
https://www.lg.com/in/support/product-support/cs-GR-B302SQHL.DSWQMEA/,India,Support - 일반,75
https://www.lg.com/in/support/product-support/cs-GL-258VE5.CPBZEBN/,India,Support - 일반,75
https://www.lg.com/in/support/product-support/cs-65EW961H.ATRZ/,India,Support - 일반,75
https://www.lg.com/in/support/product-support/cs-28LX530H.ATRZ/,India,Support - 일반,75
https://www.lg.com/in/support/product-support/cs-MH6646QP.JSLQEIL/,India,Support - 일반,75
https://www.lg.com/in/support/product-support/cs-USNQ19PNZE3.AMLG/,India,Support - 일반,75
https://www.lg.com/in/support/product-support/cs-LNN1650QCM.ANONE/,India,Support - 일반,75
https://www.lg.com/in/support/product-support/cs-GL-T302QM.DSWQTM/,India,Support - 일반,75
https://www.lg.com/in/support/product-support/cs-LSNQ18GNZA.ANLG/,India,Support - 일반,75
https://www.lg.com/in/support/product-support/cs-SGL-254VMG4.ASIZEBN/,India,Support - 일반,75
https://www.lg.com/in/support/product-support/cs-PSUQ18GWXF1.AMLG/,India,Support - 일반,75
https://www.lg.com/in/support/product-support/cs-LGF200K.AKTRUK/,India,Support - 일반,75
https://www.lg.com/in/support/product-support/cs-42LY960H.ATRZ/,India,Support - 일반,75
https://www.lg.com/in/support/product-support/cs-MS2024D.BBKPETH/,India,Support - 일반,75
https://www.lg.com/in/support/product-support/cs-PCRCUSZ0.ENCXLEU/,India,Support - 일반,75
https://www.lg.com/in/support/product-support/cs-L8UC1008FA3.ANWBIDA/,India,Support - 일반,75
https://www.lg.com/in/support/product-support/cs-GW300.ASEAPK/,India,Support - 일반,75
https://www.lg.com/in/support/product-support/cs-TSNQ18JNXE2.AMLG/,India,Support - 일반,75
https://www.lg.com/in/support/product-support/cs-GL-205KMG5.BCIZEBN/,India,Support - 일반,75
https://www.lg.com/in/support/product-support/cs-T7577TEEL.ABWPEIL/,India,Support - 일반,75
https://www.lg.com/in/support/product-support/cs-GC-X247CSAV.BNSQEBN/,India,Support - 일반,75
https://www.lg.com/in/support/product-support/cs-ED510-L.ADR2A2/,India,Support - 일반,75
https://www.lg.com/in/support/product-support/cs-GL-246LT.ASTQEBN/,India,Support - 일반,75
https://www.lg.com/in/support/product-support/cs-GL-B612GLPL.DPZQGSN/,India,Support - 일반,75
https://www.lg.com/in/support/product-support/cs-43LX310C-TA.BTRYLJL/,India,Support - 일반,75
https://www.lg.com/in/support/product-support/cs-GL-T302RSPX.ASPZEBN/,India,Support - 일반,75
https://www.lg.com/in/support/product-support/cs-GL-318PSK5.ASVZEBN/,India,Support - 일반,75
https://www.lg.com/in/support/product-support/cs-FHT1415ZTM.ABMQEIL/,India,Support - 일반,75
https://www.lg.com/in/support/product-support/cs-GR-H812HLHQ.APZQEBN/,India,Support - 일반,75
https://www.lg.com/in/support/product-support/cs-GL-478YSX5.FSVZEBN/,India,Support - 일반,75
https://www.lg.com/in/support/product-support/cs-GL-D231ABWD.DBWZEBN/,India,Support - 일반,75
https://www.lg.com/in/support/product-support/cs-AUUQ42GH0.AWGBIDA/,India,Support - 일반,75
https://www.lg.com/in/support/product-support/cs-PWFMDD200.ENCXLUS/,India,Support - 일반,75
https://www.lg.com/in/support/product-support/cs-43UJ632T.ATR/,India,Support - 일반,75
https://www.lg.com/in/support/product-support/cs-RS-Q19TNZF.ANLG/,India,Support - 일반,75
https://www.lg.com/in/support/product-support/cs-PSUQ19JNXA1.ANLG/,India,Support - 일반,75
https://www.lg.com/in/support/product-support/cs-LGC310.AINDWO/,India,Support - 일반,75
https://www.lg.com/in/support/product-support/cs-22LB480A-PT.BTRNLPL/,India,Support - 일반,75
https://www.lg.com/in/support/product-support/cs-MCAW010BA12.A/,India,Support - 일반,75
https://www.lg.com/in/support/product-support/cs-GL-C292SDSU.ADSZEBN/,India,Support - 일반,75
https://www.lg.com/in/support/product-support/cs-BSUQ186C4A1.AMBBIDA/,India,Support - 일반,75
https://www.lg.com/in/support/product-support/cs-SGL-181PP4.AREZEBN/,India,Support - 일반,75
https://www.lg.com/in/support/product-support/cs-F2J3HS3W.ABWPCOM/,India,Support - 일반,75
https://www.lg.com/in/support/product-support/cs-T90V4PB1S.APBQEIL/,India,Support - 일반,75
https://www.lg.com/in/support/product-support/cs-PQDSBC.ENCXLEU/,India,Support - 일반,75
https://www.lg.com/in/support/product-support/cs-MSNQ18SNZA.ANLG/,India,Support - 일반,75
https://www.lg.com/in/support/product-support/cs-GL-T492EBMY.DBMZEBN/,India,Support - 일반,75
https://www.lg.com/in/support/product-support/cs-GL-B199OFRB.AFRZEBN/,India,Support - 일반,75
https://www.lg.com/in/support/product-support/cs-MSNQ18ENZA.AMLG/,India,Support - 일반,75
https://www.lg.com/in/support/product-support/cs-ARNU28GBGA2.ANWAASA/,India,Support - 일반,75
https://www.lg.com/in/support/product-support/cs-GL-211NM4.DBSZEBN/,India,Support - 일반,75
https://www.lg.com/in/support/product-support/cs-19MB35D-I.ATR/,India,Support - 일반,75
https://www.lg.com/in/support/product-support/cs-L1960TQ-BF.AEU/,India,Support - 일반,75
https://www.lg.com/in/support/product-support/cs-LAEC015-GN.ATR/,India,Support - 일반,75
https://www.lg.com/in/support/product-support/cs-GL-B241ASRY.DSRZEBN/,India,Support - 일반,75
https://www.lg.com/in/support/product-support/cs-GL-B252VPGY.ACIZEBN/,India,Support - 일반,75
https://www.lg.com/in/support/product-support/troubleshoot/,India,Support - Troubleshoot,69
https://www.lg.com/in/support/product-support/troubleshoot/help-library/cs-CT52006584-20154713383759/,India,Support - Troubleshoot,72
https://www.lg.com/in/support/product-support/troubleshoot/help-library/cs-CT52006899-20154713292666/,India,Support - Troubleshoot,72
https://www.lg.com/in/support/product-support/troubleshoot/help-library/cs-CT52006584-20154860266338/,India,Support - Troubleshoot,72
https://www.lg.com/in/support/product-support/troubleshoot/help-library/cs-CT52006584-20154857945060/,India,Support - Troubleshoot,72
https://www.lg.com/in/support/product-support/troubleshoot/help-library/cs-CT00025179-20154861542773/,India,Support - Troubleshoot,72
https://www.lg.com/in/support/product-support/troubleshoot/help-library/cs-CT52006776-20154725344798/,India,Support - Troubleshoot,72
https://www.lg.com/in/support/product-support/troubleshoot/help-library/cs-CT52006584-20154713292222/,India,Support - Troubleshoot,72
https://www.lg.com/in/support/product-support/troubleshoot/help-library/cs-CT52006899-20154683401148/,India,Support - Troubleshoot,72
https://www.lg.com/in/support/product-support/troubleshoot/help-library/cs-CT52006584-20154860110959/,India,Support - Troubleshoot,72
https://www.lg.com/in/support/product-support/troubleshoot/help-library/cs-CT52006776-20154860302441/,India,Support - Troubleshoot,72
https://www.lg.com/in/support/product-support/troubleshoot/help-library/cs-CT52006627-20154848463306/,India,Support - Troubleshoot,72
https://www.lg.com/in/support/product-support/troubleshoot/help-library/cs-CT52006899-20154710831935/,India,Support - Troubleshoot,72
https://www.lg.com/in/support/product-support/troubleshoot/help-library/cs-CT52006627-20155102808653/,India,Support - Troubleshoot,72
https://www.lg.com/in/support/product-support/troubleshoot/help-library/cs-CT52006584-20154861589024/,India,Support - Troubleshoot,72
https://www.lg.com/in/support/product-support/troubleshoot/help-library/cs-CT52006776-20154862080321/,India,Support - Troubleshoot,72
https://www.lg.com/in/support/product-support/troubleshoot/help-library/cs-CT52006776-20154725344790/,India,Support - Troubleshoot,72
https://www.lg.com/in/support/product-support/troubleshoot/help-library/cs-CT52006627-20154615810861/,India,Support - Troubleshoot,72
https://www.lg.com/in/support/product-support/troubleshoot/help-library/cs-CT52006833-20154710770886/,India,Support - Troubleshoot,72
https://www.lg.com/in/support/product-support/troubleshoot/help-library/cs-CT52006627-20154720656936/,India,Support - Troubleshoot,72
https://www.lg.com/in/support/product-support/troubleshoot/help-library/cs-CT52006627-20154856170614/,India,Support - Troubleshoot,72
https://www.lg.com/in/support/product-support/troubleshoot/help-library/cs-CT52006584-20154858403517/,India,Support - Troubleshoot,72
https://www.lg.com/in/support/product-support/troubleshoot/help-library/cs-CT52006584-20154886451672/,India,Support - Troubleshoot,72
https://www.lg.com/in/support/product-support/troubleshoot/help-library/cs-CT00022939-20154710787342/,India,Support - Troubleshoot,72
https://www.lg.com/in/support/product-support/troubleshoot/help-library/cs-CT52006627-20155102783311/,India,Support - Troubleshoot,72
https://www.lg.com/in/support/product-support/troubleshoot/help-library/cs-CT52006627-20155101733996/,India,Support - Troubleshoot,72
https://www.lg.com/in/support/product-support/troubleshoot/help-library/cs-CT52006627-20154720668061/,India,Support - Troubleshoot,72
https://www.lg.com/in/support/product-support/troubleshoot/help-library/cs-CT52006627-20154971232020/,India,Support - Troubleshoot,72
https://www.lg.com/in/support/product-support/troubleshoot/help-library/cs-CT52006776-20154712937027/,India,Support - Troubleshoot,72
https://www.lg.com/in/support/product-support/troubleshoot/help-library/cs-CT52006584-20154861592541/,India,Support - Troubleshoot,72
https://www.lg.com/in/support/product-support/troubleshoot/help-library/cs-CT52006627-20154712913567/,India,Support - Troubleshoot,72
https://www.lg.com/in/support/product-support/troubleshoot/help-library/cs-CT52006627-20154712921830/,India,Support - Troubleshoot,72
https://www.lg.com/in/support/product-support/troubleshoot/help-library/cs-CT52006584-20154860109978/,India,Support - Troubleshoot,72
https://www.lg.com/in/support/product-support/troubleshoot/help-library/cs-CT52006584-20154860352707/,India,Support - Troubleshoot,72
https://www.lg.com/in/support/product-support/troubleshoot/help-library/cs-CT52006584-20154857821916/,India,Support - Troubleshoot,72
https://www.lg.com/in/support/product-support/troubleshoot/help-library/cs-CT52006833-20154844420188/,India,Support - Troubleshoot,72
https://www.lg.com/in/support/product-support/troubleshoot/help-library/cs-CT52006833-20155048184123/,India,Support - Troubleshoot,72
https://www.lg.com/in/support/product-support/troubleshoot/help-library/cs-CT52006627-20155132593687/,India,Support - Troubleshoot,72
https://www.lg.com/in/support/product-support/troubleshoot/help-library/cs-CT00025179-20154712792021/,India,Support - Troubleshoot,72
https://www.lg.com/in/support/product-support/troubleshoot/help-library/cs-CT52006584-20154857912219/,India,Support - Troubleshoot,72
https://www.lg.com/in/support/product-support/troubleshoot/help-library/cs-CT52006627-20154720165170/,India,Support - Troubleshoot,72
https://www.lg.com/in/support/product-support/troubleshoot/help-library/cs-CT40018301-20154743177035/,India,Support - Troubleshoot,69
https://www.lg.com/in/support/product-support/troubleshoot/help-library/cs-CT52006627-20154856589526/,India,Support - Troubleshoot,72
https://www.lg.com/in/support/product-support/troubleshoot/help-library/cs-CT52006899-20154712792859/,India,Support - Troubleshoot,72
https://www.lg.com/in/support/product-support/troubleshoot/help-library/cs-CT52006833-20155060940302/,India,Support - Troubleshoot,72
https://www.lg.com/in/support/product-support/troubleshoot/help-library/cs-CT52006584-20154860328972/,India,Support - Troubleshoot,72
https://www.lg.com/in/support/product-support/troubleshoot/help-library/cs-CT52006899-20154863259084/,India,Support - Troubleshoot,72
https://www.lg.com/in/support/product-support/troubleshoot/help-library/cs-CT52006627-20154844798430/,India,Support - Troubleshoot,72
https://www.lg.com/in/support/product-support/troubleshoot/help-library/cs-CT52006627-20154856520880/,India,Support - Troubleshoot,72
https://www.lg.com/in/support/product-support/troubleshoot/help-library/cs-CT52006627-20154713047520/,India,Support - Troubleshoot,72
https://www.lg.com/in/support/product-support/troubleshoot/help-library/cs-CT52006899-20154860400196/,India,Support - Troubleshoot,72
https://www.lg.com/in/support/product-support/troubleshoot/help-library/cs-CT52006584-20154720157177/,India,Support - Troubleshoot,72
https://www.lg.com/in/support/product-support/troubleshoot/help-library/cs-CT52006776-20154863555995/,India,Support - Troubleshoot,72
https://www.lg.com/in/support/product-support/troubleshoot/help-library/cs-CT52006627-20154844507137/,India,Support - Troubleshoot,72
https://www.lg.com/in/support/product-support/troubleshoot/help-library/cs-CT52006899-20154820266684/,India,Support - Troubleshoot,72
https://www.lg.com/in/support/product-support/troubleshoot/help-library/cs-CT52006776-20155006104172/,India,Support - Troubleshoot,72
https://www.lg.com/in/support/product-support/troubleshoot/help-library/cs-CT52006627-20154720197663/,India,Support - Troubleshoot,72
https://www.lg.com/in/support/product-support/troubleshoot/help-library/cs-CT52006584-20154763474272/,India,Support - Troubleshoot,72
https://www.lg.com/in/support/product-support/troubleshoot/help-library/cs-CT40018301-20154863558243/,India,Support - Troubleshoot,72
https://www.lg.com/in/support/product-support/troubleshoot/help-library/cs-CT52006776-20154860330268/,India,Support - Troubleshoot,72
https://www.lg.com/in/support/product-support/troubleshoot/help-library/cs-CT52006627-20154848493647/,India,Support - Troubleshoot,72
https://www.lg.com/in/support/product-support/troubleshoot/help-library/cs-CT52006584-20154713237912/,India,Support - Troubleshoot,72
https://www.lg.com/in/support/product-support/troubleshoot/help-library/cs-CT52006584-20154713285397/,India,Support - Troubleshoot,72
https://www.lg.com/in/support/product-support/troubleshoot/help-library/cs-CT52006584-20154725327557/,India,Support - Troubleshoot,72
https://www.lg.com/in/support/product-support/troubleshoot/help-library/cs-CT52006584-20154534146249/,India,Support - Troubleshoot,69
https://www.lg.com/in/support/product-support/troubleshoot/help-library/cs-CT52006833-20154844249465/,India,Support - Troubleshoot,72
https://www.lg.com/in/support/product-support/troubleshoot/help-library/cs-CT52006833-20154860412027/,India,Support - Troubleshoot,72
https://www.lg.com/in/support/product-support/troubleshoot/help-library/cs-CT00025179-20154712939075/,India,Support - Troubleshoot,72
https://www.lg.com/in/support/product-support/troubleshoot/help-library/cs-CT52006776-20154861550538/,India,Support - Troubleshoot,72
https://www.lg.com/in/support/product-support/troubleshoot/help-library/cs-CT00025179-20154860329666/,India,Support - Troubleshoot,72
https://www.lg.com/in/support/product-support/troubleshoot/help-library/cs-CT52006584-20154712836947/,India,Support - Troubleshoot,72
https://www.lg.com/in/support/product-support/troubleshoot/help-library/cs-CT52006584-20154725327559/,India,Support - Troubleshoot,72
https://www.lg.com/in/support/product-support/troubleshoot/help-library/cs-CT52006627-20155114035690/,India,Support - Troubleshoot,72
https://www.lg.com/in/support/product-support/troubleshoot/help-library/cs-CT40018301-20154863550864/,India,Support - Troubleshoot,72
https://www.lg.com/in/support/product-support/troubleshoot/help-library/cs-CT00022939-20154710794544/,India,Support - Troubleshoot,72
https://www.lg.com/in/support/product-support/troubleshoot/help-library/cs-CT52006627-20154712691277/,India,Support - Troubleshoot,72
https://www.lg.com/in/support/product-support/troubleshoot/help-library/cs-CT52006584-20155047327815/,India,Support - Troubleshoot,72
https://www.lg.com/in/support/product-support/troubleshoot/help-library/cs-CT52006584-20154710862903/,India,Support - Troubleshoot,72
https://www.lg.com/in/support/product-support/troubleshoot/help-library/cs-CT52006627-20154856107069/,India,Support - Troubleshoot,72
https://www.lg.com/in/support/product-support/troubleshoot/help-library/cs-CT52006627-20154713336465/,India,Support - Troubleshoot,72
https://www.lg.com/in/support/product-support/troubleshoot/help-library/cs-CT52006899-20154792205724/,India,Support - Troubleshoot,72
https://www.lg.com/in/support/product-support/troubleshoot/help-library/cs-CT52006627-20154712860403/,India,Support - Troubleshoot,72
https://www.lg.com/in/support/product-support/troubleshoot/help-library/cs-CT52006776-20154861676944/,India,Support - Troubleshoot,72
https://www.lg.com/in/support/product-support/troubleshoot/help-library/cs-CT52006899-20154712722978/,India,Support - Troubleshoot,72
https://www.lg.com/in/support/product-support/troubleshoot/help-library/cs-CT52006584-20154725327550/,India,Support - Troubleshoot,72
https://www.lg.com/in/support/product-support/troubleshoot/help-library/cs-CT52006584-20154712571143/,India,Support - Troubleshoot,72
https://www.lg.com/in/support/product-support/troubleshoot/help-library/cs-CT00025179-20154712893248/,India,Support - Troubleshoot,72
https://www.lg.com/in/support/product-support/troubleshoot/help-library/cs-CT52006584-20154725327552/,India,Support - Troubleshoot,72
https://www.lg.com/in/support/product-support/troubleshoot/help-library/cs-CT00025179-20154710890209/,India,Support - Troubleshoot,72
https://www.lg.com/in/support/product-support/troubleshoot/help-library/cs-CT52006584-20154980590707/,India,Support - Troubleshoot,72
https://www.lg.com/in/support/product-support/troubleshoot/help-library/cs-CT52006584-20154860337494/,India,Support - Troubleshoot,72
https://www.lg.com/in/support/product-support/troubleshoot/help-library/cs-CT52006584-20154860309788/,India,Support - Troubleshoot,72
https://www.lg.com/in/support/product-support/troubleshoot/help-library/cs-CT52006899-20155143217755/,India,Support - Troubleshoot,72
https://www.lg.com/in/support/product-support/troubleshoot/help-library/cs-CT52006899-20154713270861/,India,Support - Troubleshoot,72
https://www.lg.com/in/support/product-support/troubleshoot/help-library/cs-CT52006584-20154725327555/,India,Support - Troubleshoot,72
https://www.lg.com/in/support/product-support/troubleshoot/help-library/cs-CT52006584-20154720151063/,India,Support - Troubleshoot,72
https://www.lg.com/in/support/product-support/troubleshoot/help-library/cs-CT52006776-20154861871609/,India,Support - Troubleshoot,72
https://www.lg.com/in/support/product-support/troubleshoot/help-library/cs-CT52006776-20154860311076/,India,Support - Troubleshoot,72
https://www.lg.com/in/support/product-support/troubleshoot/help-library/cs-CT52006627-20154615810849/,India,Support - Troubleshoot,72
https://www.lg.com/in/support/product-support/troubleshoot/help-library/cs-CT52006584-20154861491433/,India,Support - Troubleshoot,72
https://www.lg.com/mx/acerca-de-lg/notas-de-prensa/,Mexico,Global Newsroom,69
https://www.lg.com/mx/acerca-de-lg/press-and-media/,Mexico,Global Newsroom,76
https://www.lg.com/mx/acerca-de-lg/,Mexico,Global Newsroom,76
https://www.lg.com/mx/acerca-de-lg/press-and-media/lg-lanza-en-exclusiva-en-mexico-un-canal-dedicado-a-la-serie-the/,Mexico,Global Newsroom,76
https://www.lg.com/mx/acerca-de-lg/press-and-media/los-televisores-inalambricos-de-lg-electronics-son-los-primeros-/,Mexico,Global Newsroom,76
https://www.lg.com/mx/acerca-de-lg/press-and-media/lg-electronics-reporta-resultados-financieros-preliminares-del-p/,Mexico,Global Newsroom,76
https://www.lg.com/mx/acerca-de-lg/press-and-media/cindie-tv-se-integra-a-lg-channels-/,Mexico,Global Newsroom,76
https://www.lg.com/mx/acerca-de-lg/press-and-media/los-televisores-2026-de-lg-electronics-refuerzan-su-avance-en-su/,Mexico,Global Newsroom,76
https://www.lg.com/mx/acerca-de-lg/press-and-media/lg-electronics-presenta-una-nueva-gama-de-soluciones-de-calentam/,Mexico,Global Newsroom,76
https://www.lg.com/mx/acerca-de-lg/press-and-media/la-linea-mas-exclusiva-de-lg-que-casi-nadie-conoce--pero-que-tod/,Mexico,Global Newsroom,72
https://www.lg.com/mx/acerca-de-lg/press-and-media/lg-electronics-presenta-soluciones-de-enfriamiento-para-centros-/,Mexico,Global Newsroom,72
https://www.lg.com/mx/acerca-de-lg/press-and-media/lg-electronics-presenta-sus-nuevos-televisores-qned-evo-mini-led/,Mexico,Global Newsroom,76
https://www.lg.com/mx/acerca-de-lg/press-and-media/lg-aerocat--cuando-la-tecnologia-permite-convivir-con-los-gatos-/,Mexico,Global Newsroom,76
https://www.lg.com/mx/acerca-de-lg/press-and-media/lg-electronics-destaca-la-innovacion-hecha-a-la-medida-en-lg-inn/,Mexico,Global Newsroom,72
https://www.lg.com/mx/acerca-de-lg/press-and-media/lg-electronics-presenta-su-solucion-telematica-inteligente-de-ul/,Mexico,Global Newsroom,76
https://www.lg.com/mx/acerca-de-lg/press-and-media/el-nuevo-puricare-aeromini-de-lg-electronics-ofrece-una-potente-/,Mexico,Global Newsroom,76
https://www.lg.com/mx/acerca-de-lg/press-and-media/la-lg-washtower--supera-los-3-2-millones-de-unidades-vendidas-en/,Mexico,Global Newsroom,72
https://www.lg.com/mx/acerca-de-lg/press-and-media/lg-electronics-presenta-en-la-mce-2026-una-gama-completa-de-solu/,Mexico,Global Newsroom,72
https://www.lg.com/mx/acerca-de-lg/press-and-media/innofest-2026--lg-electronics-presenta-soluciones-de-lavado-y-re/,Mexico,Global Newsroom,72
https://www.lg.com/mx/acerca-de-lg/press-and-media/lg-electronics-presentara-su-ampliado-portafolio-de-electrodomes/,Mexico,Global Newsroom,76
https://www.lg.com/mx/acerca-de-lg/press-and-media/la-tecnologia-invisible-de-lg-electronics-que-opera-detras-del-c/,Mexico,Global Newsroom,72
https://www.lg.com/mx/acerca-de-lg/press-and-media/lg-electronics-recibe-26-premios-en-los-if-design-award-2026/,Mexico,Global Newsroom,69
https://www.lg.com/mx/acerca-de-lg/press-and-media/THINQ_PRO_KBIS_2026/,Mexico,Global Newsroom,72
https://www.lg.com/mx/acerca-de-lg/press-and-media/LG_ELECTRONICS_PRESENTA_SOLUCIONES_Y_COMPONENTES_CLAVE_EN_AHR_EXPO_2026_QUE_MEJORAN_LA_ALTA_EFICIENCIA-DE-HVAC/,Mexico,Global Newsroom,76
https://www.lg.com/mx/acerca-de-lg/press-and-media/LG_ELECTRONICS_PRESENTA_SOLUCIONES_PERSONALIZADAS_DE_PANTALLAS_Y_SOFTWARE_PARA_CLIENTES_B2B_EN_ISE_2026/,Mexico,Global Newsroom,76
https://www.lg.com/mx/acerca-de-lg/press-and-media/RESULTADOS-FINANCIEROS-DEL-CUARTO-TRIMESTRE-Y-DEL-2025/,Mexico,Global Newsroom,76
https://www.lg.com/mx/acerca-de-lg/press-and-media/lg-gram-2026/,Mexico,Global Newsroom,76
https://www.lg.com/mx/acerca-de-lg/press-and-media/micro-led-lg-magnit-ise-2026/,Mexico,Global Newsroom,76
https://www.lg.com/mx/acerca-de-lg/press-and-media/lg-climatizacion-rooftop-ahr-2026/,Mexico,Global Newsroom,76
https://www.lg.com/mx/acerca-de-lg/press-and-media/lg-electronics-presenta-el-futuro-del-lujo-en-el-hogar-en-kbis-2/,Mexico,Global Newsroom,72
https://www.lg.com/mx/acerca-de-lg/press-and-media/lg-gallery-tv/,Mexico,Global Newsroom,76
https://www.lg.com/mx/acerca-de-lg/press-and-media/lg-solucion-led-studiocube/,Mexico,Global Newsroom,76
https://www.lg.com/mx/acerca-de-lg/press-and-media/ces_2026_ultragear/,Mexico,Global Newsroom,72
https://www.lg.com/mx/acerca-de-lg/press-and-media/lg-cloid-robot-domestico-ces-2026/,Mexico,Global Newsroom,76
https://www.lg.com/mx/acerca-de-lg/press-and-media/ceo-lg-electronics-direccion-estrategica/,Mexico,Global Newsroom,76
https://www.lg.com/mx/acerca-de-lg/press-and-media/lg-micro-rgb-evo/,Mexico,Global Newsroom,76
https://www.lg.com/mx/acerca-de-lg/press-and-media/lg-signature-electrodomesticos-premium-ces-2026/,Mexico,Global Newsroom,76
https://www.lg.com/mx/acerca-de-lg/press-and-media/ces_2026_lg_will_i_am/,Mexico,Global Newsroom,76
https://www.lg.com/mx/acerca-de-lg/press-and-media/wallpaper-tv-lg/,Mexico,Global Newsroom,76
https://www.lg.com/mx/acerca-de-lg/press-and-media/lg-sound-suite-ces-2026/,Mexico,Global Newsroom,76
https://www.lg.com/mx/acerca-de-lg/press-and-media/inteligencia-afectiva-ces-2026/,Mexico,Global Newsroom,76
https://www.lg.com/mx/acerca-de-lg/press-and-media/ia-en-accion-lg/,Mexico,Global Newsroom,76
https://www.lg.com/mx/acerca-de-lg/press-and-media/robot-para-el-hogar/,Mexico,Global Newsroom,72
https://www.lg.com/mx/acerca-de-lg/press-and-media/designed-for-lg-gaming-portal/,Mexico,Global Newsroom,76
https://www.lg.com/mx/acerca-de-lg/press-and-media/lg-tecnologia-de-movilidad-ces-2026/,Mexico,Global Newsroom,76
https://www.lg.com/mx/acerca-de-lg/press-and-media/ces_2026_LG_Nova/,Mexico,Global Newsroom,76
https://www.lg.com/mx/acerca-de-lg/press-and-media/lg-futuro-de-la-movilidad-ces-2026/,Mexico,Global Newsroom,76
https://www.lg.com/mx/acerca-de-lg/press-and-media/lg-expansion-ecosistema-sdv/,Mexico,Global Newsroom,76
https://www.lg.com/mx/acerca-de-lg/press-and-media/lg-gallery-_presentaobrasdelagaleriapioneradeartedigital/,Mexico,Global Newsroom,72
https://www.lg.com/mx/acerca-de-lg/press-and-media/lg-innovacion-ces-2026/,Mexico,Global Newsroom,76
https://www.lg.com/mx/acerca-de-lg/press-and-media/lg-buds-plus-y-buds-lite/,Mexico,Global Newsroom,76
https://www.lg.com/mx/acerca-de-lg/press-and-media/resultados-financieros-tercer-trimestre-2025-lg/,Mexico,Global Newsroom,76
https://www.lg.com/mx/acerca-de-lg/press-and-media/lg-cambio-organizacional-2026/,Mexico,Global Newsroom,76
https://www.lg.com/mx/acerca-de-lg/press-and-media/lg-channels-4fangs/,Mexico,Global Newsroom,76
https://www.lg.com/mx/acerca-de-lg/press-and-media/lg-presenta-monitor-quirurgico-4k/,Mexico,Global Newsroom,76
https://www.lg.com/mx/acerca-de-lg/press-and-media/lg-presenta-lg-magnit-active-micro-led/,Mexico,Global Newsroom,76
https://www.lg.com/mx/acerca-de-lg/press-and-media/lg-marca-num-1-aire-acondicionado-america-latina/,Mexico,Global Newsroom,76
https://www.lg.com/mx/acerca-de-lg/press-and-media/lg-mx-en-design-house-2025/,Mexico,Global Newsroom,76
https://www.lg.com/mx/acerca-de-lg/press-and-media/cinepolis-estrena-canal-en-lg-channels-mx/,Mexico,Global Newsroom,76
https://www.lg.com/mx/acerca-de-lg/press-and-media/lg-hvac-ahr-expo-mx-2025/,Mexico,Global Newsroom,76
https://www.lg.com/mx/acerca-de-lg/press-and-media/lg-radio-optimism-musica-ia/,Mexico,Global Newsroom,76
https://www.lg.com/mx/acerca-de-lg/press-and-media/lg-presenta-primer-monitor-6k/,Mexico,Global Newsroom,76
https://www.lg.com/mx/acerca-de-lg/press-and-media/Contenedores-Design-Week-LG/,Mexico,Global Newsroom,79
https://www.lg.com/mx/acerca-de-lg/press-and-media/lg-innovacion-en-sintonia-contigo-ces-2026/,Mexico,Global Newsroom,76
https://www.lg.com/mx/acerca-de-lg/press-and-media/lg-design-house-mx-2025/,Mexico,Global Newsroom,76
https://www.lg.com/mx/acerca-de-lg/press-and-media/lg-pantalla-led-sky-ribbon-estadio-atletico-de-madrid/,Mexico,Global Newsroom,76
https://www.lg.com/mx/acerca-de-lg/press-and-media/lg-nuevo-socio-tecnologico-seleccion-nacional-mx/,Mexico,Global Newsroom,76
https://www.lg.com/mx/acerca-de-lg/press-and-media/sks-impacta-en-design-week/,Mexico,Global Newsroom,76
https://www.lg.com/mx/acerca-de-lg/press-and-media/lg-channels-actualizacion/,Mexico,Global Newsroom,76
https://www.lg.com/mx/acerca-de-lg/press-and-media/lg-presenta-primer-monitor-oled-cuarta-generacion-gaming/,Mexico,Global Newsroom,76
https://www.lg.com/mx/acerca-de-lg/press-and-media/lg-createboard-regreso-a-clases/,Mexico,Global Newsroom,76
https://www.lg.com/mx/acerca-de-lg/press-and-media/lg-streaming-week-2025/,Mexico,Global Newsroom,76
https://www.lg.com/mx/acerca-de-lg/press-and-media/lg-best-of-ifa-premios-ifa-innovation-awards-2025/,Mexico,Global Newsroom,76
https://www.lg.com/mx/acerca-de-lg/press-and-media/lg-channels-pretemporada-raiders/,Mexico,Global Newsroom,76
https://www.lg.com/mx/acerca-de-lg/press-and-media/lg-xbox-gaming-y-zoom-meetings-a-bordo/,Mexico,Global Newsroom,76
https://www.lg.com/mx/acerca-de-lg/press-and-media/resultados-financieros-segundo-trimestre-2025-lg/,Mexico,Global Newsroom,76
https://www.lg.com/mx/acerca-de-lg/press-and-media/lg-lanzamiento-cinebeam-s/,Mexico,Global Newsroom,76
https://www.lg.com/mx/acerca-de-lg/press-and-media/ricoh-latam-y-lg-electronics-experiencia-audiovisual-america-latina/,Mexico,Global Newsroom,76
https://www.lg.com/mx/acerca-de-lg/press-and-media/lg-celebra-en-panama-edicion-2025-LATAM-exclusivo-consultant-club/,Mexico,Global Newsroom,76
https://www.lg.com/mx/acerca-de-lg/press-and-media/nueva-tendencia-lujo-en-casa-lg/,Mexico,Global Newsroom,76
https://www.lg.com/mx/acerca-de-lg/press-and-media/lg-presenta-linea-refrigeradores-ifa-2025/,Mexico,Global Newsroom,76
https://www.lg.com/mx/acerca-de-lg/press-and-media/lg-maxima-certificacion-ciberseguridad-planta-produccion-componentes-vehiculares/,Mexico,Global Newsroom,76
https://www.lg.com/mx/acerca-de-lg/press-and-media/verano-fresco-y-saludable-lg-aires-acondicionados/,Mexico,Global Newsroom,76
https://www.lg.com/mx/acerca-de-lg/press-and-media/tendencias-tecnologicas-cocina-mexicana-lg/,Mexico,Global Newsroom,76
https://www.lg.com/mx/acerca-de-lg/press-and-media/lg-hogar-inteligente-thinq-ai/,Mexico,Global Newsroom,76
https://www.lg.com/mx/acerca-de-lg/press-and-media/lg-revoluciona-limpieza-inteligente-nuevas-aspiradoras-ifa-2025/,Mexico,Global Newsroom,76
https://www.lg.com/mx/acerca-de-lg/press-and-media/lg-sks-llega-a-guadalajara/,Mexico,Global Newsroom,76
https://www.lg.com/mx/acerca-de-lg/press-and-media/lg-equipos-chiller-scroll-tecnologia-inverter-refrigerante-r32/,Mexico,Global Newsroom,76
https://www.lg.com/mx/acerca-de-lg/press-and-media/stingray-lg-channels-mx/,Mexico,Global Newsroom,76
https://www.lg.com/mx/acerca-de-lg/press-and-media/lg-oled-evo-m5-inalambrico/,Mexico,Global Newsroom,76
https://www.lg.com/mx/acerca-de-lg/press-and-media/lg-gana-premio-global-a-la-innovacion-nissan-2025/,Mexico,Global Newsroom,76
https://www.lg.com/mx/acerca-de-lg/press-and-media/lg-presenta-sks-en-mexico/,Mexico,Global Newsroom,76
https://www.lg.com/mx/acerca-de-lg/press-and-media/lg-gaming-lanzamiento-monitor-oled-5k2k/,Mexico,Global Newsroom,76
https://www.lg.com/mx/acerca-de-lg/press-and-media/lg-streaming-premium-kia-europa/,Mexico,Global Newsroom,76
https://www.lg.com/mx/acerca-de-lg/press-and-media/lg-signature-kitchen-suite-los-cabos/,Mexico,Global Newsroom,76
https://www.lg.com/mx/acerca-de-lg/press-and-media/lg-festival-cine-oled-en-villa-con-3-mil-estudiantes/,Mexico,Global Newsroom,76
https://www.lg.com/mx/acerca-de-lg/press-and-media/lg-lanzamiento-radio-optimism-lifes-good/,Mexico,Global Newsroom,79
https://www.lg.com/mx/acerca-de-lg/press-and-media/lg-metas-ambientales-sostenibilidad-2030/,Mexico,Global Newsroom,79
https://www.lg.com/mx/acerca-de-lg/press-and-media/lg-musica-transforma-mente-cuerpo-espiritu/,Mexico,Global Newsroom,76
https://www.lg.com/mx/tv-soundbars/tv-buying-guide/gaming-tv/,Mexico,구매 가이드,69
https://www.lg.com/mx/home-appliances/buying-guide/,Mexico,구매 가이드,74
https://www.lg.com/mx/tv-soundbars/tv-buying-guide/tv-size/,Mexico,구매 가이드,69
https://www.lg.com/mx/home-appliances/buying-guide/washing-machine/type/,Mexico,구매 가이드,81
https://www.lg.com/mx/buying-guides/refrigerator-spec-library/,Mexico,구매 가이드,72
https://www.lg.com/mx/buying-guides/laundry-spec-library/,Mexico,구매 가이드,72
https://www.lg.com/mx/home-appliances/buying-guide/washing-machine/size-capacity/,Mexico,구매 가이드,84
https://www.lg.com/mx/fridge-freezer-buying-guide/,Mexico,구매 가이드,68
https://www.lg.com/mx/buying-guides/monitor-spec-library/,Mexico,구매 가이드,72
https://www.lg.com/mx/buying-guides/monitor-lineup-guide/,Mexico,구매 가이드,77
https://www.lg.com/mx/buying-guides/tv-lineup-guide/,Mexico,구매 가이드,84
https://www.lg.com/mx/home-appliances/buying-guide/fridge-freezer/type/,Mexico,구매 가이드,81
https://www.lg.com/mx/tv-soundbars/tv-buying-guide/what-is-a-smart-tv-ai-tv/,Mexico,구매 가이드,71
https://www.lg.com/mx/tv-soundbars/tv-buying-guide/buying-guide/,Mexico,구매 가이드,61
https://www.lg.com/mx/home-appliances/buying-guide/fridge-freezer/size-volume/,Mexico,구매 가이드,84
https://www.lg.com/mx/home-appliances/buying-guide/washing-machine/feature-performance/,Mexico,구매 가이드,81
https://www.lg.com/mx/tv-soundbars/tv-buying-guide/tv-design/,Mexico,구매 가이드,69
https://www.lg.com/mx/tv-soundbars/tv-buying-guide/lifestyle/,Mexico,구매 가이드,69
https://www.lg.com/mx/home-appliances/buying-guide/fridge-freezer/feature-performance/,Mexico,구매 가이드,81
https://www.lg.com/mx/buying-guides/tv-spec-library/,Mexico,구매 가이드,78
https://www.lg.com/mx/tv-soundbars/tv-buying-guide/tv-technology/oled-vs-qned/,Mexico,구매 가이드,69
https://www.lg.com/mx/lg-experience/helpful-hints/what-are-energy-efficient-washing-machines/,Mexico,LG Experience,77
https://www.lg.com/mx/tv-soundbars/tv-buying-guide/,Mexico,구매 가이드,71
https://www.lg.com/mx/lg-experience/helpful-hints/washer-dryers-gas-or-electric/,Mexico,LG Experience,77
https://www.lg.com/mx/lg-experience/helpful-hints/how-to-clean-automatic-washing-machine/,Mexico,LG Experience,77
https://www.lg.com/mx/lg-experience/helpful-hints/washing-machine-measurement-and-sizes/,Mexico,LG Experience,80
https://www.lg.com/mx/lg-experience/lg-experience-2026-como-preparar-comidas-rapidas-y-saludables-pa/,Mexico,LG Experience,77
https://www.lg.com/mx/oled-tv/2021/oled-buying-guide/,Mexico,구매 가이드,71
https://www.lg.com/mx/tv-soundbars/tv-buying-guide/tv-technology/what-is-4k-tv/,Mexico,구매 가이드,72
https://www.lg.com/mx/lg-experience/helpful-hints/what-is-smart-washing-and-benefit-with-ai/,Mexico,LG Experience,77
https://www.lg.com/mx/lg-experience/helpful-hints/refrigerator-next-to-gas-stove/,Mexico,LG Experience,77
https://www.lg.com/mx/lg-experience/helpful-hints/best-energy-efficiency-refrigerator/,Mexico,LG Experience,80
https://www.lg.com/mx/lg-experience/helpful-hints/types-of-washing-machine/,Mexico,LG Experience,77
https://www.lg.com/mx/lg-experience/helpful-hints/how-to-adjust-the-temperature/,Mexico,LG Experience,80
https://www.lg.com/mx/lg-experience/helpful-hints/,Mexico,LG Experience,67
https://www.lg.com/mx/lg-experience/helpful-hints/what-is-inverter-technology-and-what-advantages-does-it-offer/,Mexico,LG Experience,80
https://www.lg.com/mx/lg-experience/helpful-hints/best-refrigerator/,Mexico,LG Experience,77
https://www.lg.com/mx/lg-experience/helpful-hints/types-of-refrigerators/,Mexico,LG Experience,77
https://www.lg.com/mx/lg-experience/helpful-hints/how-to-clean-your-refrigerator/,Mexico,LG Experience,80
https://www.lg.com/mx/lg-experience/lg-lab/wich-soundbar-is-right-for-you-lg/,Mexico,LG Experience,80
https://www.lg.com/mx/lg-experience/,Mexico,LG Experience,77
https://www.lg.com/mx/lg-experience/inspiracion/,Mexico,LG Experience,67
https://www.lg.com/mx/lg-experience/tech-hub/,Mexico,LG Experience,67
https://www.lg.com/mx/lg-experience/lg-lab/,Mexico,LG Experience,67
https://www.lg.com/mx/lg-experience/lg-lab/why-lg-soundbars/,Mexico,LG Experience,77
https://www.lg.com/mx/lg-experience/lg-channels/,Mexico,LG Experience,67
https://www.lg.com/mx/lg-experience/tech-hub/guia-usuario-webos/,Mexico,LG Experience,77
https://www.lg.com/mx/lg-experience/lg-lab/4k-ultra-hd-tv-buying-guide/,Mexico,LG Experience,77
https://www.lg.com/mx/historias-con-lg/cuando-la-rutina-se-convierte-en-alegria-con-lg/,Mexico,Global Newsroom,70
https://www.lg.com/mx/historias-con-lg/historias-con-lg1/,Mexico,Global Newsroom,63
https://www.lg.com/mx/lg-experience/lg-lab/las-mejores-bocinas-portatiles-para-fiestas/,Mexico,LG Experience,80
https://www.lg.com/mx/lg-experience/how-to-measure-and-read-tv-sizes/,Mexico,LG Experience,83
https://www.lg.com/mx/lg-experience/lg-lab/what-is-a-smart-tv/,Mexico,LG Experience,80
https://www.lg.com/mx/lg-experience/lg-lab/what-is-4k-television/,Mexico,LG Experience,77
https://www.lg.com/mx/historias-con-lg/reset-de-ano-nuevo-con-lg/,Mexico,Global Newsroom,70
https://www.lg.com/mx/historias-con-lg/nuestro-mundo-perfecto-con-lg/,Mexico,Global Newsroom,70
https://www.lg.com/mx/historias-con-lg/calor-en-casa-con-lg/,Mexico,Global Newsroom,68
https://www.lg.com/mx/historias-con-lg/gran-partido-de-futbol-en-casa-con-lg/,Mexico,Global Newsroom,77
https://www.lg.com/mx/historias-con-lg/,Mexico,Global Newsroom,73
https://www.lg.com/mx/historias-con-lg/black-friday-deseos-con-lg/,Mexico,Global Newsroom,77
https://www.lg.com/mx/historias-con-lg/vida-inteligente-con-lg/,Mexico,Global Newsroom,73
https://www.lg.com/mx/historias-con-lg/navidad-acogedora-con-lg/,Mexico,Global Newsroom,71
https://www.lg.com/mx/historias-con-lg/mejor-santuario-gaming-con-lg/,Mexico,Global Newsroom,77
https://www.lg.com/mx/historias-con-lg/inspiracion-de-interior-con-lg/,Mexico,Global Newsroom,77
https://www.lg.com/mx/historias-con-lg/llevando-el-futbol-a-tu-vida-con-lg/,Mexico,Global Newsroom,77
https://www.lg.com/mx/historias-con-lg/reseteo-dominical-con-lg/,Mexico,Global Newsroom,80
https://www.lg.com/mx/historias-con-lg/ano-nuevo-nuevo-yo-con-lg/,Mexico,Global Newsroom,73
https://www.lg.com/mx/discover/,Mexico,Global Newsroom,63
https://www.lg.com/mx/historias-con-lg/redescubre-lg-con-revisores-reales/,Mexico,Global Newsroom,70
https://www.lg.com/mx/historias-con-lg/oficina-en-casa-con-lg/,Mexico,Global Newsroom,77
https://www.lg.com/mx/historias-con-lg/consejos-refrescantes-con-lg/,Mexico,Global Newsroom,71
https://www.lg.com/mx/historias-con-lg/trabajo-y-diversion-con-lg/,Mexico,Global Newsroom,68
https://www.lg.com/mx/historias-con-lg/pregunta-prueba-comprueba-con-lg/,Mexico,Global Newsroom,68
https://www.lg.com/mx/historias-con-lg/escapada-hanok-armoniosa-con-lg/,Mexico,Global Newsroom,71
https://www.lg.com/mx/historias-con-lg/dia-de-las-madres-con-lg/,Mexico,Global Newsroom,70
https://www.lg.com/mx/historias-con-lg/consultor-a-espacial-con-lg/,Mexico,Global Newsroom,70
https://www.lg.com/mx/historias-con-lg/vida-duradera-con-lg/,Mexico,Global Newsroom,68
https://www.lg.com/mx/accesorios-hornos-estufas/3b74133p/,Mexico,제품 상세 (PDP),81
https://www.lg.com/mx/lg-experience/inspiracion/11-anos-oled-lg/,Mexico,LG Experience,77
https://www.lg.com/mx/lg-thinq/magazine/how-to-make-sure-your-home-is-ready-for-summer/,Mexico,Microsite,73
https://www.lg.com/mx/tvs-qned/2022/why-lg-qned/,Mexico,Microsite,68
https://www.lg.com/mx/accesorios-filtros-lavadoras/mds64854101/,Mexico,제품 상세 (PDP),81
https://www.lg.com/mx/tv-soundbars/why-qned-evo/,Mexico,Microsite,74
https://www.lg.com/mx/accesorios-filtros-lavadoras/ajq74954101/,Mexico,제품 상세 (PDP),81
https://www.lg.com/mx/microsite-article/hs/kitchen/article-contents/latam/what-is-inverter-technology-and-what-advantages-does-it-offer/,Mexico,Microsite,80
https://www.lg.com/mx/tv-soundbars/why-true-wireless/,Mexico,Microsite,74
https://www.lg.com/mx/microsite-article/hs/kitchen/article-contents/latam/best-refrigerator/,Mexico,Microsite,83
https://www.lg.com/mx/accesorios-hornos-estufas/4370w1a004c/,Mexico,제품 상세 (PDP),81
https://www.lg.com/mx/accesorios-filtros-lavadoras/5215ea4001k/,Mexico,제품 상세 (PDP),81
https://www.lg.com/mx/tv-soundbars/smart-tvs/43lr6700psa/,Mexico,제품 상세 (PDP),81
https://www.lg.com/mx/accesorios-para-tv/agf80318301/,Mexico,제품 상세 (PDP),81
https://www.lg.com/mx/accesorios-aire-acondicionado/5901A10032A/,Mexico,제품 상세 (PDP),81
https://www.lg.com/mx/tv-soundbars/4k-uhd-tvs/98ut9050psa/,Mexico,제품 상세 (PDP),79
https://www.lg.com/mx/accesorios-filtros-lavadoras/3921fz3050u/,Mexico,제품 상세 (PDP),81
https://www.lg.com/mx/accesorios-aire-acondicionado/5901a10029a/,Mexico,제품 상세 (PDP),81
https://www.lg.com/mx/accesorios-filtros-lavadoras/4400el2001f/,Mexico,제품 상세 (PDP),81
https://www.lg.com/mx/accesorios-hornos-estufas/eaf36358310/,Mexico,제품 상세 (PDP),81
https://www.lg.com/mx/accesorios-hornos-estufas/3b74133q/,Mexico,제품 상세 (PDP),81
https://www.lg.com/mx/accesorios-para-tv/eaj64411501/,Mexico,제품 상세 (PDP),81
https://www.lg.com/mx/monitores/monitores-smart/27sr50f-p/,Mexico,제품 상세 (PDP),81
https://www.lg.com/mx/accesorios-filtros-refrigeradores/5901jq1007a/,Mexico,제품 상세 (PDP),81
https://www.lg.com/mx/accesorios-filtros-lavadoras/383eer3001j/,Mexico,제품 상세 (PDP),81
https://www.lg.com/mx/accesorios-filtros-lavadoras/eau61383518/,Mexico,제품 상세 (PDP),81
https://www.lg.com/mx/accesorios-filtros-lavadoras/mar62541901/,Mexico,제품 상세 (PDP),81
https://www.lg.com/mx/accesorios-filtros-lavadoras/map61913707/,Mexico,제품 상세 (PDP),81
https://www.lg.com/mx/accesorios-filtros-lavadoras/aem75473002/,Mexico,제품 상세 (PDP),81
https://www.lg.com/mx/accesorios-aire-acondicionado/aeb75244510/,Mexico,제품 상세 (PDP),81
https://www.lg.com/mx/accesorios-filtros-refrigeradores/ebr87145110/,Mexico,제품 상세 (PDP),81
https://www.lg.com/mx/accesorios-filtros-refrigeradores/3219ja3001p/,Mexico,제품 상세 (PDP),81
https://www.lg.com/mx/accesorios-aire-acondicionado/aha75113315/,Mexico,제품 상세 (PDP),81
https://www.lg.com/mx/tv-soundbars/4k-uhd-tvs/50ut7570pub/,Mexico,제품 상세 (PDP),81
https://www.lg.com/mx/accesorios-filtros-lavadoras/4681ea2001t/,Mexico,제품 상세 (PDP),81
https://www.lg.com/mx/accesorios-hornos-estufas/mjs47373302/,Mexico,제품 상세 (PDP),81
https://www.lg.com/mx/accesorios-filtros-refrigeradores/tca35173603/,Mexico,제품 상세 (PDP),81
https://www.lg.com/mx/accesorios-aire-acondicionado/acg73444956/,Mexico,제품 상세 (PDP),81
https://www.lg.com/mx/accesorios-aire-acondicionado/tbz37400101/,Mexico,제품 상세 (PDP),81
https://www.lg.com/mx/tv-soundbars/4k-uhd-tvs/65ut7570pub/,Mexico,제품 상세 (PDP),81
https://www.lg.com/mx/tv-soundbars/4k-uhd-tvs/55ut7570pub/,Mexico,제품 상세 (PDP),81
https://www.lg.com/mx/lavadoras-y-secadoras/lavadoras-de-carga-superior/wt19dvtb/,Mexico,제품 상세 (PDP),84
https://www.lg.com/mx/refrigeradores/refrigeradores-french-door/gm89sxd/,Mexico,제품 상세 (PDP),82
https://www.lg.com/mx/accesorios-filtros-refrigeradores/adh73150208/,Mexico,제품 상세 (PDP),81
https://www.lg.com/mx/lavadoras-y-secadoras/lavadoras-de-carga-frontal/wd300cv/,Mexico,제품 상세 (PDP),84
https://www.lg.com/mx/accesorios-filtros-refrigeradores/tca35493206/,Mexico,제품 상세 (PDP),81
https://www.lg.com/mx/accesorios-aire-acondicionado/ebr88543215/,Mexico,제품 상세 (PDP),81
https://www.lg.com/mx/tv-soundbars/qned/50qned85tsa/,Mexico,제품 상세 (PDP),81
https://www.lg.com/mx/lavadoras-y-secadoras/lavadoras-de-carga-superior/wt19mvtb/,Mexico,제품 상세 (PDP),84
https://www.lg.com/mx/accesorios-aire-acondicionado/akb74675304/,Mexico,제품 상세 (PDP),81
https://www.lg.com/mx/lavadoras-y-secadoras/lavadoras-de-carga-frontal/wdp6v/,Mexico,제품 상세 (PDP),84
https://www.lg.com/mx/lavadoras-y-secadoras/lavadoras-de-carga-frontal/wdp6w/,Mexico,제품 상세 (PDP),84
https://www.lg.com/mx/monitores/monitores-full-hd-qhd/32sr50f-p/,Mexico,제품 상세 (PDP),81
https://www.lg.com/mx/lavadoras-y-secadoras/lavadoras-de-carga-frontal/wdp6b/,Mexico,제품 상세 (PDP),84
https://www.lg.com/mx/accesorios-aire-acondicionado/ebr82870709/,Mexico,제품 상세 (PDP),81
https://www.lg.com/mx/accesorios-filtros-refrigeradores/adx73270509/,Mexico,제품 상세 (PDP),81
https://www.lg.com/mx/accesorios-filtros-lavadoras/4986er0002h/,Mexico,제품 상세 (PDP),81
https://www.lg.com/mx/accesorios-filtros-lavadoras/4970fr2084p/,Mexico,제품 상세 (PDP),81
https://www.lg.com/mx/accesorios-filtros-lavadoras/ebr88873901/,Mexico,제품 상세 (PDP),81
https://www.lg.com/mx/accesorios-filtros-lavadoras/4970fr2084t/,Mexico,제품 상세 (PDP),81
https://www.lg.com/mx/accesorios-aire-acondicionado/ebr71522204/,Mexico,제품 상세 (PDP),81
https://www.lg.com/mx/accesorios-aire-acondicionado/5901a10057a/,Mexico,제품 상세 (PDP),81
https://www.lg.com/mx/accesorios-aire-acondicionado/ebg61285804/,Mexico,제품 상세 (PDP),81
https://www.lg.com/mx/accesorios-filtros-lavadoras/ebr33119165/,Mexico,제품 상세 (PDP),81
https://www.lg.com/mx/accesorios-filtros-lavadoras/ebr33119163/,Mexico,제품 상세 (PDP),81
https://www.lg.com/mx/accesorios-para-tv/ebu66689603/,Mexico,제품 상세 (PDP),81
https://www.lg.com/mx/accesorios-filtros-refrigeradores/adx52752661/,Mexico,제품 상세 (PDP),81
https://www.lg.com/mx/accesorios-filtros-lavadoras/eam62492313/,Mexico,제품 상세 (PDP),81
https://www.lg.com/mx/accesorios-para-tv/eay65895657/,Mexico,제품 상세 (PDP),81
https://www.lg.com/mx/accesorios-filtros-lavadoras/mhy62644802/,Mexico,제품 상세 (PDP),81
https://www.lg.com/mx/accesorios-para-tv/eay65689424/,Mexico,제품 상세 (PDP),81
https://www.lg.com/mx/accesorios-para-tv/ebu66375501/,Mexico,제품 상세 (PDP),81
https://www.lg.com/mx/accesorios-para-tv/eab64370905/,Mexico,제품 상세 (PDP),81
https://www.lg.com/mx/accesorios-filtros-lavadoras/afc72909305/,Mexico,제품 상세 (PDP),81
https://www.lg.com/mx/accesorios-para-tv/eat65167004/,Mexico,제품 상세 (PDP),81
https://www.lg.com/mx/accesorios-para-tv/ebu66689301/,Mexico,제품 상세 (PDP),81
https://www.lg.com/mx/accesorios-para-tv/eay65895632/,Mexico,제품 상세 (PDP),81
https://www.lg.com/mx/accesorios-filtros-lavadoras/mds66651606/,Mexico,제품 상세 (PDP),81
https://www.lg.com/mx/accesorios-para-tv/ead65825825/,Mexico,제품 상세 (PDP),81
https://www.lg.com/mx/accesorios-para-tv/eay65904032/,Mexico,제품 상세 (PDP),81
https://www.lg.com/mx/accesorios-para-tv/aan75851207/,Mexico,제품 상세 (PDP),81
https://www.lg.com/mx/accesorios-para-tv/eay65895564/,Mexico,제품 상세 (PDP),81
https://www.lg.com/mx/accesorios-para-tv/ebu66312901/,Mexico,제품 상세 (PDP),81
https://www.lg.com/mx/accesorios-para-tv/fab30006309/,Mexico,제품 상세 (PDP),81
https://www.lg.com/mx/accesorios-para-tv/eay65895656/,Mexico,제품 상세 (PDP),81
https://www.lg.com/mx/accesorios-para-tv/eay65895412/,Mexico,제품 상세 (PDP),81
https://www.lg.com/mx/accesorios-para-tv/eay65769223/,Mexico,제품 상세 (PDP),81
https://www.lg.com/mx/accesorios-para-tv/eay65895542/,Mexico,제품 상세 (PDP),81
https://www.lg.com/mx/accesorios-para-tv/ebu66395001/,Mexico,제품 상세 (PDP),81
https://www.lg.com/mx/accesorios-para-tv/eab65828101/,Mexico,제품 상세 (PDP),81
https://www.lg.com/mx/accesorios-para-tv/ebr31871501/,Mexico,제품 상세 (PDP),81
https://www.lg.com/mx/tv-soundbars/oled/,Mexico,제품 카테고리 (PLP),83
https://www.lg.com/mx/accesorios-para-tv/ebu67086901/,Mexico,제품 상세 (PDP),81
https://www.lg.com/mx/accesorios-para-tv/ebr83592701/,Mexico,제품 상세 (PDP),81
https://www.lg.com/mx/accesorios-para-tv/eay64548908/,Mexico,제품 상세 (PDP),81
https://www.lg.com/mx/lavadoras-y-secadoras/lavadoras-de-carga-frontal/wd300cb/,Mexico,제품 상세 (PDP),84
https://www.lg.com/mx/accesorios-para-tv/eab65816201/,Mexico,제품 상세 (PDP),81
https://www.lg.com/mx/accesorios-para-tv/ebu66771401/,Mexico,제품 상세 (PDP),81
https://www.lg.com/mx/accesorios-para-tv/ead65387328/,Mexico,제품 상세 (PDP),81
https://www.lg.com/mx/accesorios-para-tv/ebu66689601/,Mexico,제품 상세 (PDP),81
https://www.lg.com/mx/tv-soundbars/qned/,Mexico,제품 카테고리 (PLP),87
https://www.lg.com/mx/accesorios-para-tv/ebu66513201/,Mexico,제품 상세 (PDP),81
https://www.lg.com/mx/accesorios-para-tv/eab65816202/,Mexico,제품 상세 (PDP),81
https://www.lg.com/mx/lifestyle-screens/todas-las-pantallas-lifestyle/,Mexico,제품 카테고리 (PLP),77
https://www.lg.com/mx/monitores/todos-los-monitores/,Mexico,제품 카테고리 (PLP),73
https://www.lg.com/mx/lavadoras-y-secadoras/styler/,Mexico,제품 카테고리 (PLP),77
https://www.lg.com/mx/monitores/monitores-gaming/,Mexico,제품 카테고리 (PLP),80
https://www.lg.com/mx/tv-soundbars/,Mexico,제품 카테고리 (PLP),68
https://www.lg.com/mx/sustentabilidad/,Mexico,제품 카테고리 (PLP),73
https://www.lg.com/mx/refrigeradores/refrigeradores-top-mount-congelador-arriba/,Mexico,제품 카테고리 (PLP),77
https://www.lg.com/mx/refrigeradores/todos-los-refrigeradores/,Mexico,제품 카테고리 (PLP),77
https://www.lg.com/mx/lavadoras-y-secadoras/secadoras/,Mexico,제품 카테고리 (PLP),77
https://www.lg.com/mx/equipos-de-sonido/todos-las-bocinas/,Mexico,제품 카테고리 (PLP),77
https://www.lg.com/mx/equipos-de-sonido/bocina-bluetooth/,Mexico,제품 카테고리 (PLP),77
https://www.lg.com/mx/refrigeradores/refrigeradores-bottom-freezer-congelador-abajo/,Mexico,제품 카테고리 (PLP),77
https://www.lg.com/mx/accesorios-audio-video/,Mexico,제품 카테고리 (PLP),80
https://www.lg.com/mx/refrigeradores/refrigeradores-duplex-side-by-side/,Mexico,제품 카테고리 (PLP),77
https://www.lg.com/mx/monitores/monitores-full-hd-qhd/,Mexico,제품 카테고리 (PLP),73
https://www.lg.com/mx/tv-soundbars/oled-evo/,Mexico,제품 카테고리 (PLP),77
https://www.lg.com/mx/lavadoras-y-secadoras/lavadoras-de-carga-superior/,Mexico,제품 카테고리 (PLP),73
https://www.lg.com/mx/tv-soundbars/nanocell/,Mexico,제품 카테고리 (PLP),77
https://www.lg.com/mx/tv-soundbars/ultra-grandes/,Mexico,제품 카테고리 (PLP),77
https://www.lg.com/mx/monitores/monitores-ultrawide/,Mexico,제품 카테고리 (PLP),73
https://www.lg.com/mx/lavadoras-y-secadoras/todas-las-lavadoras-y-secadoras/,Mexico,제품 카테고리 (PLP),77
https://www.lg.com/mx/refrigeradores/refrigeradores-french-door/,Mexico,제품 카테고리 (PLP),77
https://www.lg.com/mx/auriculares-inalambricos/audifonos-con-cancelacion-activa-de-ruido/,Mexico,제품 카테고리 (PLP),77
https://www.lg.com/mx/lavadoras-y-secadoras/washtower/,Mexico,제품 카테고리 (PLP),77
https://www.lg.com/mx/lifestyle-screens/stanbyme/,Mexico,제품 카테고리 (PLP),77
https://www.lg.com/mx/equipos-de-sonido/xboom/,Mexico,제품 카테고리 (PLP),83
https://www.lg.com/mx/tv-soundbars/smart-tvs/,Mexico,제품 카테고리 (PLP),77
https://www.lg.com/mx/helpful-hints/,Mexico,제품 카테고리 (PLP),73
https://www.lg.com/mx/equipo-de-cocina/microondas/,Mexico,제품 카테고리 (PLP),77
https://www.lg.com/mx/tv-soundbars/lg-signature-oled/,Mexico,제품 카테고리 (PLP),77
https://www.lg.com/mx/lavadoras-y-secadoras/,Mexico,제품 카테고리 (PLP),71
https://www.lg.com/mx/lifestyle-screens/flex/,Mexico,제품 카테고리 (PLP),77
https://www.lg.com/mx/monitores/tv-monitor/,Mexico,제품 카테고리 (PLP),73
https://www.lg.com/mx/auriculares-inalambricos/,Mexico,제품 카테고리 (PLP),73
https://www.lg.com/mx/aire-acondicionado/portatil/,Mexico,제품 카테고리 (PLP),77
https://www.lg.com/mx/equipos-de-sonido/xboom-go/,Mexico,제품 카테고리 (PLP),77
https://www.lg.com/mx/video/,Mexico,제품 카테고리 (PLP),70
https://www.lg.com/mx/aire-acondicionado/,Mexico,제품 카테고리 (PLP),71
https://www.lg.com/mx/equipos-de-sonido/home-theater/,Mexico,제품 카테고리 (PLP),77
https://www.lg.com/mx/refrigeradores/una-puerta/,Mexico,제품 카테고리 (PLP),77
https://www.lg.com/mx/aspiradoras/,Mexico,제품 카테고리 (PLP),77
https://www.lg.com/mx/accesorios-filtros-lavadoras/,Mexico,제품 카테고리 (PLP),77
https://www.lg.com/mx/auriculares-inalambricos/audifonos-deportivos/,Mexico,제품 카테고리 (PLP),77
https://www.lg.com/mx/auriculares-inalambricos/audifono-uvnano/,Mexico,제품 카테고리 (PLP),77
https://www.lg.com/mx/tv-soundbars/todas-las-tvs-y-soundbars/,Mexico,제품 카테고리 (PLP),73
https://www.lg.com/mx/lifestyle-screens/objet-collection-pose/,Mexico,제품 카테고리 (PLP),77
https://www.lg.com/mx/lavadoras-y-secadoras/lavadoras-de-carga-frontal/,Mexico,제품 카테고리 (PLP),74
https://www.lg.com/mx/equipo-de-cocina/estufas/,Mexico,제품 카테고리 (PLP),77
https://www.lg.com/mx/aire-acondicionado/minisplit-inverter/,Mexico,제품 카테고리 (PLP),77
https://www.lg.com/mx/lavavajillas/,Mexico,제품 카테고리 (PLP),77
https://www.lg.com/mx/guia-de-compra-de-lavadora/,Mexico,제품 카테고리 (PLP),73
https://www.lg.com/mx/aire-acondicionado/ventana/,Mexico,제품 카테고리 (PLP),77
https://www.lg.com/mx/equipo-de-cocina/campanas/,Mexico,제품 카테고리 (PLP),77
https://www.lg.com/mx/accesorios-para-aspiradoras/,Mexico,제품 카테고리 (PLP),77
https://www.lg.com/mx/equipos-de-sonido/mini-micro-componentes/,Mexico,제품 카테고리 (PLP),77
https://www.lg.com/mx/aire-acondicionado/multisplit/,Mexico,제품 카테고리 (PLP),77
https://www.lg.com/mx/lifestyle-screens/stanbyme-go/,Mexico,제품 카테고리 (PLP),77
https://www.lg.com/mx/accesorios-aire-acondicionado/,Mexico,제품 카테고리 (PLP),77
https://www.lg.com/mx/equipo-de-cocina/todos-los-equipos-de-cocina-y-electrodomesticos/,Mexico,제품 카테고리 (PLP),77
https://www.lg.com/mx/lifestyle-screens/,Mexico,제품 카테고리 (PLP),70
https://www.lg.com/mx/accesorios-filtros-refrigeradores/,Mexico,제품 카테고리 (PLP),77
https://www.lg.com/mx/equipos-de-sonido/,Mexico,제품 카테고리 (PLP),70
https://www.lg.com/mx/all-soundsuite/,Mexico,제품 카테고리 (PLP),77
https://www.lg.com/mx/sso-confirm/,Mexico,제품 카테고리 (PLP),63
https://www.lg.com/mx/sc-account/,Mexico,제품 카테고리 (PLP),70
https://www.lg.com/mx/sound-suite/,Mexico,제품 카테고리 (PLP),63
https://www.lg.com/mx/boletoslg/,Mexico,제품 카테고리 (PLP),70
https://www.lg.com/mx/tycos-celebra-a-mama-con-lg/,Mexico,제품 카테고리 (PLP),70
https://www.lg.com/mx/pareja-ideal-lg/,Mexico,제품 카테고리 (PLP),73
https://www.lg.com/mx/tycos-boletos-dobles/,Mexico,제품 카테고리 (PLP),70
https://www.lg.com/mx/pausa-el-momento-lg/,Mexico,제품 카테고리 (PLP),73
https://www.lg.com/mx/tycos-todos-de-verde-para-apoyar-a-la-seleccion-nacional-de-mexi/,Mexico,제품 카테고리 (PLP),70
https://www.lg.com/mx/terminosycondicionespromoslg/,Mexico,제품 카테고리 (PLP),70
https://www.lg.com/mx/accesorios-hornos-estufas/,Mexico,제품 카테고리 (PLP),80
https://www.lg.com/mx/innofest/,Mexico,제품 카테고리 (PLP),70
https://www.lg.com/mx/multistore/estudiantes/,Mexico,제품 카테고리 (PLP),70
https://www.lg.com/mx/lg-penafiel/,Mexico,제품 카테고리 (PLP),70
https://www.lg.com/mx/home-appliances/installlation-guide/refrigerators/,Mexico,제품 카테고리 (PLP),81
https://www.lg.com/mx/home-appliances/installlation-guide/washing-machine/,Mexico,제품 카테고리 (PLP),77
https://www.lg.com/mx/home-appliances/installlation-guide/,Mexico,제품 카테고리 (PLP),70
https://www.lg.com/mx/arma-el-rompecabezas/,Mexico,제품 카테고리 (PLP),70
https://www.lg.com/mx/equipos-de-sonido/baffles/,Mexico,제품 카테고리 (PLP),77
https://www.lg.com/mx/equipos-de-sonido/onebody/,Mexico,제품 카테고리 (PLP),77
https://www.lg.com/mx/lg-snm-jersey-autografiado/,Mexico,제품 카테고리 (PLP),73
https://www.lg.com/mx/aire-acondicionado/minisplit-on-off/,Mexico,제품 카테고리 (PLP),77
https://www.lg.com/mx/aire-acondicionado/todos-los-aires-acondicionados/,Mexico,제품 카테고리 (PLP),73
https://www.lg.com/mx/proyectores/,Mexico,제품 카테고리 (PLP),77
https://www.lg.com/mx/soundbars/,Mexico,제품 카테고리 (PLP),83
https://www.lg.com/mx/soporte/,Mexico,Support - 일반,82
https://www.lg.com/mx/soporte/soporte-de-producto/registrar-un-producto/,Mexico,Support - 일반,79
https://www.lg.com/mx/soporte/orden-de-servicio/seguimiento-de-mi-orden/,Mexico,Support - 일반,79
https://www.lg.com/mx/soporte/soporte-de-producto/solucion-de-problemas/,Mexico,Support - 일반,79
https://www.lg.com/mx/soporte/informacion-de-garantia/,Mexico,Support - 일반,82
https://www.lg.com/mx/soporte/soporte-de-producto/manuales-softwares/,Mexico,Support - 일반,79
https://www.lg.com/mx/soporte/soporte-de-producto/solicita-una-reparacion/,Mexico,Support - 일반,75
https://www.lg.com/mx/soporte/centro-de-servicio/,Mexico,Support - 일반,82
https://www.lg.com/mx/soporte/orden-de-servicio/preguntas-frecuentes/,Mexico,Support - 일반,86
https://www.lg.com/mx/soporte/contactanos/estatus-de-la-consulta/,Mexico,Support - 일반,79
https://www.lg.com/mx/soporte/noticias-soporte/,Mexico,Support - 일반,79
https://www.lg.com/mx/soporte/smart-share/,Mexico,Support - 일반,82
https://www.lg.com/mx/soporte/soporte-de-producto/solicitar-una-instalacion/,Mexico,Support - 일반,79
https://www.lg.com/mx/soporte/lg-thinq/,Mexico,Support - 일반,79
https://www.lg.com/mx/soporte/parts-accesorios/,Mexico,Support - 일반,79
https://www.lg.com/mx/soporte/contactanos/,Mexico,Support - 일반,82
https://www.lg.com/mx/soporte/fota/,Mexico,Support - 일반,82
https://www.lg.com/mx/soporte/garantia-extendida/,Mexico,Support - 일반,76
https://www.lg.com/mx/soporte/soporte-de-producto/cs-VH122H7.NMM0/,Mexico,Support - 일반,79
https://www.lg.com/mx/soporte/soporte-de-producto/cs-LGP350G.AUSCTL/,Mexico,Support - 일반,79
https://www.lg.com/mx/soporte/soporte-de-producto/cs-60PG3HFD.AWM/,Mexico,Support - 일반,79
https://www.lg.com/mx/soporte/soporte-de-producto/cs-LGE510F.ATCLWH/,Mexico,Support - 일반,79
https://www.lg.com/mx/soporte/soporte-de-producto/cs-LGM320H.ATPOKU/,Mexico,Support - 일반,79
https://www.lg.com/mx/soporte/soporte-de-producto/cs-24LF4520-WU.AWM/,Mexico,Support - 일반,79
https://www.lg.com/mx/soporte/soporte-de-producto/cs-RP-21FC40G.ADS1/,Mexico,Support - 일반,79
https://www.lg.com/mx/soporte/soporte-de-producto/cs-LMNC242BHA0.ANWALAT/,Mexico,Support - 일반,79
https://www.lg.com/mx/soporte/soporte-de-producto/cs-WT11R.BMEXLLK/,Mexico,Support - 일반,79
https://www.lg.com/mx/soporte/soporte-de-producto/cs-GB40MDP.APZFMXM/,Mexico,Support - 일반,79
https://www.lg.com/mx/soporte/soporte-de-producto/cs-ARWN121BAS4.AWGBLUS/,Mexico,Support - 일반,79
https://www.lg.com/mx/soporte/soporte-de-producto/cs-MG800C.ATCLWA/,Mexico,Support - 일반,79
https://www.lg.com/mx/soporte/soporte-de-producto/cs-20LS7D.AWM/,Mexico,Support - 일반,79
https://www.lg.com/mx/soporte/soporte-de-producto/cs-84LM9600.ACC/,Mexico,Support - 일반,79
https://www.lg.com/mx/soporte/soporte-de-producto/cs-ARUN40GS2A.AWGBLAT/,Mexico,Support - 일반,79
https://www.lg.com/mx/soporte/soporte-de-producto/cs-LMG710AWMH.ATPORP/,Mexico,Support - 일반,79
https://www.lg.com/mx/soporte/soporte-de-producto/cs-55LH400C.AUS/,Mexico,Support - 일반,79
https://www.lg.com/mx/soporte/soporte-de-producto/cs-GM-327QC.ASEFMXM/,Mexico,Support - 일반,79
https://www.lg.com/mx/soporte/soporte-de-producto/cs-65SJ9500.AWM/,Mexico,Support - 일반,79
https://www.lg.com/mx/soporte/soporte-de-producto/cs-MS0740HL.CSBEGSS/,Mexico,Support - 일반,79
https://www.lg.com/mx/soporte/soporte-de-producto/cs-75UQ801C0SB.AWM/,Mexico,Support - 일반,79
https://www.lg.com/mx/soporte/soporte-de-producto/cs-WT21WT6HKA.ABWELAT/,Mexico,Support - 일반,79
https://www.lg.com/mx/soporte/soporte-de-producto/cs-LRNU07GTJA0.ANWBLAT/,Mexico,Support - 일반,79
https://www.lg.com/mx/soporte/soporte-de-producto/cs-27MP38VQ-B.AWM/,Mexico,Support - 일반,79
https://www.lg.com/mx/soporte/soporte-de-producto/cs-VA121H5.USM0/,Mexico,Support - 일반,79
https://www.lg.com/mx/soporte/soporte-de-producto/cs-LGH840.ATPOTN/,Mexico,Support - 일반,79
https://www.lg.com/mx/soporte/soporte-de-producto/cs-LAC3810.DMEXLLR/,Mexico,Support - 일반,79
https://www.lg.com/mx/soporte/soporte-de-producto/cs-OLED65B5PSA.AWM/,Mexico,Support - 일반,79
https://www.lg.com/mx/soporte/soporte-de-producto/cs-W2220P-BF.AEU/,Mexico,Support - 일반,79
https://www.lg.com/mx/soporte/soporte-de-producto/cs-LMNH182D3R0.AMRALAT/,Mexico,Support - 일반,79
https://www.lg.com/mx/soporte/soporte-de-producto/cs-55QNED85TSA.AWM/,Mexico,Support - 일반,79
https://www.lg.com/mx/soporte/soporte-de-producto/cs-65UT7570PUB.AWMQ/,Mexico,Support - 일반,79
https://www.lg.com/mx/soporte/soporte-de-producto/cs-DT25BTSGD.ABLELAT/,Mexico,Support - 일반,79
https://www.lg.com/mx/soporte/soporte-de-producto/cs-GM-T569QVC.ATIFMXM/,Mexico,Support - 일반,79
https://www.lg.com/mx/soporte/soporte-de-producto/cs-ABNQ24GGLA0.ANWBLAT/,Mexico,Support - 일반,79
https://www.lg.com/mx/soporte/soporte-de-producto/cs-RP-44NA21.******/,Mexico,Support - 일반,79
https://www.lg.com/mx/soporte/soporte-de-producto/cs-50QNED70BSA.AWM/,Mexico,Support - 일반,79
https://www.lg.com/mx/soporte/soporte-de-producto/cs-LRNU09GSER0.AMRBLAT/,Mexico,Support - 일반,79
https://www.lg.com/mx/soporte/soporte-de-producto/cs-24MP60G-B.AWM/,Mexico,Support - 일반,79
https://www.lg.com/mx/soporte/soporte-de-producto/cs-LMNC242LTL0.AMBBEMS/,Mexico,Support - 일반,79
https://www.lg.com/mx/soporte/soporte-de-producto/cs-86UH5N-M.AWM/,Mexico,Support - 일반,79
https://www.lg.com/mx/soporte/soporte-de-producto/cs-TBUC242YSA0.ANWBLAT/,Mexico,Support - 일반,79
https://www.lg.com/mx/soporte/soporte-de-producto/cs-AMNW24GSKA0.AMBTLAT/,Mexico,Support - 일반,79
https://www.lg.com/mx/soporte/soporte-de-producto/cs-GR-P264FBA.ASEFMXC/,Mexico,Support - 일반,79
https://www.lg.com/mx/soporte/soporte-de-producto/cs-MS-0847C.CSLEGSS/,Mexico,Support - 일반,79
https://www.lg.com/mx/soporte/soporte-de-producto/cs-PCS500R.AUS/,Mexico,Support - 일반,79
https://www.lg.com/mx/soporte/soporte-de-producto/cs-WM16EWNTS6P.AGWELAT/,Mexico,Support - 일반,79
https://www.lg.com/mx/soporte/soporte-de-producto/cs-S182CT.N50/,Mexico,Support - 일반,79
https://www.lg.com/mx/soporte/soporte-de-producto/cs-60PX950.AKRLLHX/,Mexico,Support - 일반,79
https://www.lg.com/mx/soporte/soporte-de-producto/cs-LMVN360HV.AWHBEMS/,Mexico,Support - 일반,79
https://www.lg.com/mx/soporte/soporte-de-producto/cs-RH274H.AAMS-L1/,Mexico,Support - 일반,79
https://www.lg.com/mx/soporte/soporte-de-producto/cs-DP522.BMEXLLK/,Mexico,Support - 일반,79
https://www.lg.com/mx/soporte/soporte-de-producto/cs-WFSL1742EK.ASFELAT/,Mexico,Support - 일반,79
https://www.lg.com/mx/soporte/soporte-de-producto/cs-47LY570H.AWM/,Mexico,Support - 일반,79
https://www.lg.com/mx/soporte/soporte-de-producto/cs-55LH90.AWM/,Mexico,Support - 일반,79
https://www.lg.com/mx/soporte/soporte-de-producto/cs-BH14NS40.AVGU10B/,Mexico,Support - 일반,79
https://www.lg.com/mx/soporte/soporte-de-producto/cs-DF22VFXS6B.ASSELAT/,Mexico,Support - 일반,79
https://www.lg.com/mx/soporte/soporte-de-producto/cs-65NANO80SPA.AWM/,Mexico,Support - 일반,79
https://www.lg.com/mx/soporte/soporte-de-producto/cs-BH7420P-MM.WMEXCLK/,Mexico,Support - 일반,79
https://www.lg.com/mx/soporte/soporte-de-producto/cs-TONE-FP3.CMEXLLK/,Mexico,Support - 일반,79
https://www.lg.com/mx/soporte/soporte-de-producto/cs-VM122H7.USM0/,Mexico,Support - 일반,79
https://www.lg.com/mx/soporte/soporte-de-producto/cs-42LA6200.AWM/,Mexico,Support - 일반,79
https://www.lg.com/mx/soporte/soporte-de-producto/cs-75SM9970PUA.AUS/,Mexico,Support - 일반,79
https://www.lg.com/mx/soporte/soporte-de-producto/cs-GC23BPW.ASWFMXM/,Mexico,Support - 일반,79
https://www.lg.com/mx/soporte/soporte-de-producto/cs-55LA6205.AWM/,Mexico,Support - 일반,79
https://www.lg.com/mx/soporte/soporte-de-producto/cs-W1943C-PF.AWM/,Mexico,Support - 일반,79
https://www.lg.com/mx/soporte/soporte-de-producto/cs-SJ8.DUSALLK/,Mexico,Support - 일반,79
https://www.lg.com/mx/soporte/soporte-de-producto/cs-LMAN095HVT.AWHBEUS/,Mexico,Support - 일반,79
https://www.lg.com/mx/soporte/soporte-de-producto/cs-TDN12515.ABWELAT/,Mexico,Support - 일반,79
https://www.lg.com/mx/soporte/soporte-de-producto/cs-DV380H.BMEXLLK/,Mexico,Support - 일반,79
https://www.lg.com/mx/soporte/soporte-de-producto/cs-43UD79-B.AWM/,Mexico,Support - 일반,79
https://www.lg.com/mx/soporte/soporte-de-producto/cs-DH4130S-F2.WMEXJLX/,Mexico,Support - 일반,79
https://www.lg.com/mx/soporte/soporte-de-producto/cs-65UR8750PSA.AWM/,Mexico,Support - 일반,79
https://www.lg.com/mx/soporte/soporte-de-producto/cs-GM750H.ATFATN/,Mexico,Support - 일반,79
https://www.lg.com/mx/soporte/soporte-de-producto/cs-GU200A.ATFARD/,Mexico,Support - 일반,79
https://www.lg.com/mx/soporte/soporte-de-producto/cs-AK-Q150BC02.AWGBLAT/,Mexico,Support - 일반,79
https://www.lg.com/mx/soporte/soporte-de-producto/cs-55EH5C-S.AWMC/,Mexico,Support - 일반,79
https://www.lg.com/mx/soporte/soporte-de-producto/cs-32LQ630BPSA.AWM/,Mexico,Support - 일반,79
https://www.lg.com/mx/soporte/soporte-de-producto/cs-ARUV100BT2.AWGBLAT/,Mexico,Support - 일반,79
https://www.lg.com/mx/soporte/soporte-de-producto/solucion-de-problemas/help-library/cs-CT20178056-20154860124155/,Mexico,Support - Troubleshoot,76
https://www.lg.com/mx/soporte/soporte-de-producto/cs-42LH300C.AUS/,Mexico,Support - 일반,79
https://www.lg.com/mx/soporte/soporte-de-producto/cs-WF-T1071TP.AOWFLMS/,Mexico,Support - 일반,79
https://www.lg.com/mx/soporte/soporte-de-producto/cs-BP730.BMEXLLK/,Mexico,Support - 일반,79
https://www.lg.com/mx/soporte/soporte-de-producto/solucion-de-problemas/help-library/cs-CT52001176-20154713280348/,Mexico,Support - Troubleshoot,76
https://www.lg.com/mx/soporte/soporte-de-producto/solucion-de-problemas/help-library/cs-CT52001175-20153413098220OLT/,Mexico,Support - Troubleshoot,76
https://www.lg.com/mx/soporte/soporte-de-producto/solucion-de-problemas/help-library/cs-CT52001177-20154710704134/,Mexico,Support - Troubleshoot,76
https://www.lg.com/mx/soporte/soporte-de-producto/solucion-de-problemas/help-library/cs-CT52001175-20153413079942LST/,Mexico,Support - Troubleshoot,76
https://www.lg.com/mx/soporte/soporte-de-producto/solucion-de-problemas/help-library/cs-CT52001178-20154860124155/,Mexico,Support - Troubleshoot,76
https://www.lg.com/mx/soporte/soporte-de-producto/solucion-de-problemas/help-library/cs-CT52001175-20153425899901/,Mexico,Support - Troubleshoot,76
https://www.lg.com/mx/soporte/soporte-de-producto/solucion-de-problemas/help-library/cs-CT52001177-20153413100114/,Mexico,Support - Troubleshoot,76
https://www.lg.com/mx/soporte/soporte-de-producto/solucion-de-problemas/help-library/cs-CT52001176-20154848461189/,Mexico,Support - Troubleshoot,76
https://www.lg.com/mx/soporte/soporte-de-producto/solucion-de-problemas/help-library/cs-CT52001175-20153413094607/,Mexico,Support - Troubleshoot,76
https://www.lg.com/mx/soporte/soporte-de-producto/solucion-de-problemas/help-library/cs-CT52001178-20154712604069/,Mexico,Support - Troubleshoot,76
https://www.lg.com/mx/soporte/soporte-de-producto/solucion-de-problemas/help-library/cs-CT52001175-20153512880316/,Mexico,Support - Troubleshoot,76
https://www.lg.com/mx/soporte/soporte-de-producto/solucion-de-problemas/help-library/cs-CT32004581-20154863553790/,Mexico,Support - Troubleshoot,76
https://www.lg.com/mx/soporte/soporte-de-producto/solucion-de-problemas/help-library/cs-CT32004581-20154861527207/,Mexico,Support - Troubleshoot,76
https://www.lg.com/mx/soporte/soporte-de-producto/solucion-de-problemas/help-library/cs-CT52001176-20153413008917/,Mexico,Support - Troubleshoot,76
https://www.lg.com/mx/soporte/soporte-de-producto/solucion-de-problemas/help-library/cs-CT52001175-20153514561594LST/,Mexico,Support - Troubleshoot,76
https://www.lg.com/mx/soporte/soporte-de-producto/solucion-de-problemas/help-library/cs-CT52001175-20153413094238LST/,Mexico,Support - Troubleshoot,76
https://www.lg.com/mx/soporte/soporte-de-producto/solucion-de-problemas/help-library/cs-CT52001178-20154863231763/,Mexico,Support - Troubleshoot,76
https://www.lg.com/mx/soporte/soporte-de-producto/solucion-de-problemas/help-library/cs-CT52001175-20153009118175OLT/,Mexico,Support - Troubleshoot,76
https://www.lg.com/mx/soporte/soporte-de-producto/solucion-de-problemas/help-library/cs-CT52001175-20154861503514/,Mexico,Support - Troubleshoot,76
https://www.lg.com/mx/soporte/soporte-de-producto/solucion-de-problemas/help-library/cs-CT52001175-20152717083230OLT/,Mexico,Support - Troubleshoot,76
https://www.lg.com/mx/soporte/soporte-de-producto/solucion-de-problemas/help-library/cs-CT52001176-20154464769336/,Mexico,Support - Troubleshoot,76
https://www.lg.com/mx/soporte/soporte-de-producto/solucion-de-problemas/help-library/cs-CT52001176-20154848496650/,Mexico,Support - Troubleshoot,76
https://www.lg.com/mx/soporte/soporte-de-producto/solucion-de-problemas/help-library/cs-CT52001178-20154712586631/,Mexico,Support - Troubleshoot,76
https://www.lg.com/mx/soporte/soporte-de-producto/solucion-de-problemas/help-library/cs-CT52001178-20154712554630/,Mexico,Support - Troubleshoot,76
https://www.lg.com/mx/soporte/soporte-de-producto/solucion-de-problemas/help-library/cs-CT52001177-20154710687901/,Mexico,Support - Troubleshoot,76
https://www.lg.com/mx/soporte/soporte-de-producto/solucion-de-problemas/help-library/cs-CT52001175-20154863444534/,Mexico,Support - Troubleshoot,76
https://www.lg.com/mx/soporte/soporte-de-producto/solucion-de-problemas/help-library/cs-CT52001178-20154863551265/,Mexico,Support - Troubleshoot,76
https://www.lg.com/mx/soporte/soporte-de-producto/solucion-de-problemas/help-library/cs-CT52001177-20153413075122/,Mexico,Support - Troubleshoot,76
https://www.lg.com/mx/soporte/soporte-de-producto/solucion-de-problemas/help-library/cs-CT32004581-20154863551000/,Mexico,Support - Troubleshoot,76
https://www.lg.com/mx/soporte/soporte-de-producto/solucion-de-problemas/help-library/cs-CT52001178-20154712435180/,Mexico,Support - Troubleshoot,76
https://www.lg.com/mx/soporte/soporte-de-producto/solucion-de-problemas/help-library/cs-CT52001178-20154710761991/,Mexico,Support - Troubleshoot,76
https://www.lg.com/mx/soporte/soporte-de-producto/solucion-de-problemas/help-library/cs-CT32013022-20154710764186/,Mexico,Support - Troubleshoot,76
https://www.lg.com/mx/soporte/soporte-de-producto/solucion-de-problemas/help-library/cs-CT52001177-20153412268015/,Mexico,Support - Troubleshoot,76
https://www.lg.com/mx/soporte/soporte-de-producto/solucion-de-problemas/help-library/cs-CT52001178-20154861460068/,Mexico,Support - Troubleshoot,76
https://www.lg.com/mx/soporte/soporte-de-producto/solucion-de-problemas/help-library/cs-CT52001176-20153413011288DRC/,Mexico,Support - Troubleshoot,76
https://www.lg.com/mx/soporte/soporte-de-producto/solucion-de-problemas/help-library/cs-CT52001176-20153413009890/,Mexico,Support - Troubleshoot,76
https://www.lg.com/mx/soporte/soporte-de-producto/solucion-de-problemas/help-library/cs-CT52001175-20153006459309LST/,Mexico,Support - Troubleshoot,76
https://www.lg.com/mx/soporte/soporte-de-producto/solucion-de-problemas/help-library/cs-CT52001178-20154863551000/,Mexico,Support - Troubleshoot,76
https://www.lg.com/mx/soporte/soporte-de-producto/solucion-de-problemas/help-library/cs-CT52001178-20153006286193/,Mexico,Support - Troubleshoot,76
https://www.lg.com/mx/soporte/soporte-de-producto/solucion-de-problemas/help-library/cs-CT52001178-20153413078279/,Mexico,Support - Troubleshoot,76
https://www.lg.com/mx/soporte/soporte-de-producto/solucion-de-problemas/help-library/cs-CT52001176-20154713200610/,Mexico,Support - Troubleshoot,76
https://www.lg.com/mx/soporte/soporte-de-producto/solucion-de-problemas/help-library/cs-CT52001175-20154712950348/,Mexico,Support - Troubleshoot,76
https://www.lg.com/mx/soporte/soporte-de-producto/solucion-de-problemas/help-library/cs-CT52001177-20154844251221/,Mexico,Support - Troubleshoot,76
https://www.lg.com/mx/soporte/soporte-de-producto/solucion-de-problemas/help-library/cs-CT52001175-20153413094388/,Mexico,Support - Troubleshoot,76
https://www.lg.com/mx/soporte/soporte-de-producto/solucion-de-problemas/help-library/cs-CT52001176-20153518426642TWW/,Mexico,Support - Troubleshoot,76
https://www.lg.com/mx/soporte/soporte-de-producto/solucion-de-problemas/help-library/cs-CT52001178-20154863553790/,Mexico,Support - Troubleshoot,76
https://www.lg.com/mx/soporte/soporte-de-producto/solucion-de-problemas/help-library/cs-CT32004581-20154863231763/,Mexico,Support - Troubleshoot,76
https://www.lg.com/mx/soporte/soporte-de-producto/solucion-de-problemas/help-library/cs-CT32013022-20154708471481/,Mexico,Support - Troubleshoot,76
https://www.lg.com/mx/soporte/soporte-de-producto/solucion-de-problemas/help-library/cs-CT52001176-20154856141747/,Mexico,Support - Troubleshoot,76
https://www.lg.com/mx/soporte/soporte-de-producto/solucion-de-problemas/help-library/cs-CT52001177-20153413097677/,Mexico,Support - Troubleshoot,76
https://www.lg.com/mx/soporte/soporte-de-producto/solucion-de-problemas/help-library/cs-CT52001176-20154630087762/,Mexico,Support - Troubleshoot,76
https://www.lg.com/mx/soporte/soporte-de-producto/solucion-de-problemas/help-library/cs-CT52001178-20154858247110/,Mexico,Support - Troubleshoot,76
https://www.lg.com/mx/soporte/soporte-de-producto/solucion-de-problemas/help-library/cs-CT32013022-20153413080157/,Mexico,Support - Troubleshoot,76
https://www.lg.com/mx/soporte/soporte-de-producto/solucion-de-problemas/help-library/cs-CT52001175-20153425716410LST/,Mexico,Support - Troubleshoot,76
https://www.lg.com/mx/soporte/soporte-de-producto/solucion-de-problemas/help-library/cs-CT52001176-20153413011320/,Mexico,Support - Troubleshoot,76
https://www.lg.com/mx/soporte/soporte-de-producto/solucion-de-problemas/help-library/cs-CT52001176-20153537922620/,Mexico,Support - Troubleshoot,76
https://www.lg.com/mx/soporte/soporte-de-producto/solucion-de-problemas/help-library/cs-CT52001175-20154712866249/,Mexico,Support - Troubleshoot,76
https://www.lg.com/mx/soporte/soporte-de-producto/solucion-de-problemas/help-library/cs-CT52001177-20153873350473/,Mexico,Support - Troubleshoot,76
https://www.lg.com/mx/soporte/soporte-de-producto/solucion-de-problemas/help-library/cs-CT52001176-20153518426642/,Mexico,Support - Troubleshoot,76
https://www.lg.com/mx/soporte/soporte-de-producto/solucion-de-problemas/help-library/cs-CT52001175-20152717083230LST/,Mexico,Support - Troubleshoot,76
https://www.lg.com/mx/soporte/soporte-de-producto/solucion-de-problemas/help-library/cs-CT32013022-20153413100211/,Mexico,Support - Troubleshoot,76
https://www.lg.com/mx/soporte/soporte-de-producto/solucion-de-problemas/help-library/cs-CT52001176-20152939382653/,Mexico,Support - Troubleshoot,76
https://www.lg.com/mx/soporte/soporte-de-producto/solucion-de-problemas/help-library/cs-CT52001175-20153413078178/,Mexico,Support - Troubleshoot,76
https://www.lg.com/mx/soporte/soporte-de-producto/solucion-de-problemas/help-library/cs-CT52001177-20153413100605/,Mexico,Support - Troubleshoot,76
https://www.lg.com/mx/soporte/soporte-de-producto/solucion-de-problemas/help-library/cs-CT32004581-20154860124155/,Mexico,Support - Troubleshoot,76
https://www.lg.com/mx/soporte/soporte-de-producto/solucion-de-problemas/help-library/cs-CT52001176-20153413001401TWW/,Mexico,Support - Troubleshoot,76
https://www.lg.com/mx/soporte/soporte-de-producto/solucion-de-problemas/help-library/cs-CT52001175-20153514561594/,Mexico,Support - Troubleshoot,76
https://www.lg.com/mx/soporte/soporte-de-producto/solucion-de-problemas/help-library/cs-CT52001176-20153413009759/,Mexico,Support - Troubleshoot,76
https://www.lg.com/mx/soporte/soporte-de-producto/solucion-de-problemas/help-library/cs-CT52001176-20154549103967/,Mexico,Support - Troubleshoot,76
https://www.lg.com/mx/soporte/soporte-de-producto/solucion-de-problemas/help-library/cs-CT52001176-20154848462863/,Mexico,Support - Troubleshoot,76
https://www.lg.com/mx/soporte/soporte-de-producto/solucion-de-problemas/help-library/cs-CT52001175-20154860334918/,Mexico,Support - Troubleshoot,76
https://www.lg.com/mx/soporte/soporte-de-producto/solucion-de-problemas/help-library/cs-CT52001178-20154860353838/,Mexico,Support - Troubleshoot,76
https://www.lg.com/mx/soporte/soporte-de-producto/solucion-de-problemas/help-library/cs-CT52001176-20152939382782/,Mexico,Support - Troubleshoot,76
https://www.lg.com/mx/soporte/soporte-de-producto/solucion-de-problemas/help-library/cs-CT52001176-20154848462245/,Mexico,Support - Troubleshoot,76
https://www.lg.com/mx/soporte/soporte-de-producto/solucion-de-problemas/help-library/cs-CT52001178-20154860289622/,Mexico,Support - Troubleshoot,76
https://www.lg.com/mx/soporte/soporte-de-producto/solucion-de-problemas/help-library/cs-CT52001175-20154859979586/,Mexico,Support - Troubleshoot,76
https://www.lg.com/mx/soporte/soporte-de-producto/solucion-de-problemas/help-library/cs-CT52001176-20154720674444/,Mexico,Support - Troubleshoot,76
https://www.lg.com/mx/soporte/soporte-de-producto/solucion-de-problemas/help-library/cs-CT52001175-20154858390234/,Mexico,Support - Troubleshoot,76
https://www.lg.com/mx/soporte/soporte-de-producto/solucion-de-problemas/help-library/cs-CT52001176-20154713241264/,Mexico,Support - Troubleshoot,76
https://www.lg.com/mx/soporte/soporte-de-producto/solucion-de-problemas/help-library/cs-CT52001177-20153413099325/,Mexico,Support - Troubleshoot,76
https://www.lg.com/mx/soporte/soporte-de-producto/solucion-de-problemas/help-library/cs-CT52001177-20153413100997/,Mexico,Support - Troubleshoot,76
https://www.lg.com/mx/soporte/soporte-de-producto/solucion-de-problemas/help-library/cs-CT52001177-20153413075247/,Mexico,Support - Troubleshoot,76
https://www.lg.com/mx/soporte/soporte-de-producto/solucion-de-problemas/help-library/cs-CT52001175-20153413094128/,Mexico,Support - Troubleshoot,76
https://www.lg.com/mx/soporte/soporte-de-producto/solucion-de-problemas/help-library/cs-CT52001176-20153541461921/,Mexico,Support - Troubleshoot,76
https://www.lg.com/mx/soporte/soporte-de-producto/solucion-de-problemas/help-library/cs-CT52001175-20154860266658/,Mexico,Support - Troubleshoot,76
https://www.lg.com/mx/soporte/soporte-de-producto/solucion-de-problemas/help-library/cs-CT52001176-20153592874064/,Mexico,Support - Troubleshoot,76
https://www.lg.com/mx/soporte/soporte-de-producto/solucion-de-problemas/help-library/cs-CT52001175-20153413079510LST/,Mexico,Support - Troubleshoot,76
https://www.lg.com/mx/soporte/soporte-de-producto/solucion-de-problemas/help-library/cs-CT32013022-20154892895532/,Mexico,Support - Troubleshoot,76
https://www.lg.com/mx/soporte/soporte-de-producto/solucion-de-problemas/help-library/cs-CT52001176-20152608445178/,Mexico,Support - Troubleshoot,76
https://www.lg.com/mx/soporte/soporte-de-producto/solucion-de-problemas/help-library/cs-CT52001175-20153413080844/,Mexico,Support - Troubleshoot,76
https://www.lg.com/mx/soporte/soporte-de-producto/solucion-de-problemas/help-library/cs-CT52001175-20154713294452/,Mexico,Support - Troubleshoot,76
https://www.lg.com/mx/soporte/soporte-de-producto/solucion-de-problemas/help-library/cs-CT32004581-20154861678914/,Mexico,Support - Troubleshoot,76
https://www.lg.com/mx/soporte/soporte-de-producto/solucion-de-problemas/help-library/cs-CT52001175-20154861510855/,Mexico,Support - Troubleshoot,76
https://www.lg.com/mx/soporte/soporte-de-producto/solucion-de-problemas/help-library/cs-CT52001176-20153543212876/,Mexico,Support - Troubleshoot,76
https://www.lg.com/mx/soporte/soporte-de-producto/solucion-de-problemas/help-library/cs-CT52001177-20153413095144/,Mexico,Support - Troubleshoot,76
https://www.lg.com/mx/soporte/soporte-de-producto/solucion-de-problemas/help-library/cs-CT52001176-20153413013373/,Mexico,Support - Troubleshoot,76
https://www.lg.com/mx/soporte/soporte-de-producto/solucion-de-problemas/help-library/cs-CT52001175-20154861732235/,Mexico,Support - Troubleshoot,76
https://www.lg.com/mx/soporte/soporte-de-producto/solucion-de-problemas/help-library/cs-CT52001175-20153413094875/,Mexico,Support - Troubleshoot,76
https://www.lg.com/mx/soporte/soporte-de-producto/solucion-de-problemas/help-library/cs-CT52001176-20154630096014/,Mexico,Support - Troubleshoot,76
https://www.lg.com/uk/about-lg/sustainability/,UK,Microsite,77
https://www.lg.com/uk/about-lg/,UK,Global Newsroom,83
https://www.lg.com/uk/about-lg/press-contact/,UK,Global Newsroom,76
https://www.lg.com/uk/about-lg/,UK,Global Newsroom,83
https://www.lg.com/uk/buying-guides/monitor-spec-library/,UK,구매 가이드,72
https://www.lg.com/uk/buying-guides/tv-features-guide/,UK,구매 가이드,78
https://www.lg.com/uk/buying-guides/tv-lineup-guide/,UK,구매 가이드,84
https://www.lg.com/uk/buying-guides/monitor-features-guide/,UK,구매 가이드,72
https://www.lg.com/uk/buying-guides/refrigerator-spec-library/,UK,구매 가이드,72
https://www.lg.com/uk/buying-guides/laundry-spec-library/,UK,구매 가이드,75
https://www.lg.com/uk/buying-guides/laundry-features-guide/,UK,구매 가이드,75
https://www.lg.com/uk/buying-guides/tv-spec-library/,UK,구매 가이드,72
https://www.lg.com/uk/appliances/buying-guide/washing-machines/,UK,구매 가이드,74
https://www.lg.com/uk/tvs-soundbars/tv-buying-guide/lifestyle/,UK,구매 가이드,72
https://www.lg.com/uk/tvs-soundbars/tv-buying-guide/home-cinema/,UK,구매 가이드,69
https://www.lg.com/uk/buying-guides/monitor-lineup-guide/,UK,구매 가이드,77
https://www.lg.com/uk/fridge-freezer-buying-guide/,UK,구매 가이드,77
https://www.lg.com/uk/computing/buying-guides/ultragear/work-and-play/,UK,구매 가이드,72
https://www.lg.com/uk/tvs-soundbars/tv-buying-guide/,UK,구매 가이드,77
https://www.lg.com/uk/tvs-soundbars/tv-buying-guide/tv-size/,UK,구매 가이드,72
https://www.lg.com/uk/computing/buying-guides/ultragear/screen-size/,UK,구매 가이드,77
https://www.lg.com/uk/computing/buying-guides/ultragear/resolution/,UK,구매 가이드,74
https://www.lg.com/uk/tvs-soundbars/tv-buying-guide/what-is-a-smart-tv-ai-tv/,UK,구매 가이드,71
https://www.lg.com/uk/tvs-soundbars/tv-buying-guide/gaming-tv/,UK,구매 가이드,69
https://www.lg.com/uk/computing/buying-guides/ultragear/refresh-rate/,UK,구매 가이드,77
https://www.lg.com/uk/tvs-soundbars/tv-buying-guide/tv-technology/what-is-4k-tv/,UK,구매 가이드,75
https://www.lg.com/uk/heating-cooling/buying-guide/,UK,구매 가이드,68
https://www.lg.com/uk/heating-cooling/buying-guide/residential-air-conditioner/,UK,구매 가이드,68
https://www.lg.com/uk/tvs-soundbars/tv-buying-guide/tv-design/,UK,구매 가이드,69
https://www.lg.com/uk/computing/buying-guides/ultragear/,UK,구매 가이드,75
https://www.lg.com/uk/tvs-soundbars/tv-buying-guide/sport-tv/,UK,구매 가이드,72
https://www.lg.com/uk/tvs-soundbars/tv-buying-guide/tv-technology/oled-vs-qned/,UK,구매 가이드,72
https://www.lg.com/uk/washing-machine-buying-guide/,UK,구매 가이드,77
https://www.lg.com/uk/buying-guide/,UK,구매 가이드,71
https://www.lg.com/uk/appliances/buying-guide/washing-machines/size-capacity/,UK,구매 가이드,87
https://www.lg.com/uk/buying-guide/tv-soundbars/,UK,구매 가이드,74
https://www.lg.com/uk/computing/buying-guide/why-lg-ultragear/,UK,구매 가이드,68
https://www.lg.com/uk/computing/buying-guide/lg-gram/,UK,구매 가이드,68
https://www.lg.com/uk/appliances/buying-guide/washing-machines/type/,UK,구매 가이드,84
https://www.lg.com/uk/air-solution-buying-guide/residential-air-conditioner/,UK,구매 가이드,81
https://www.lg.com/uk/buying-guide/speakers/,UK,구매 가이드,68
https://www.lg.com/uk/buying-guide/earbuds/,UK,구매 가이드,68
https://www.lg.com/uk/appliances/buying-guide/,UK,구매 가이드,74
https://www.lg.com/uk/appliances/buying-guide/fridge-freezers/size-volume/,UK,구매 가이드,87
https://www.lg.com/uk/lg-experience/helpful-hints/keeping-food-fresh-eating-healthy/,UK,LG Experience,83
https://www.lg.com/uk/appliances/buying-guide/fridge-freezers/type/,UK,구매 가이드,81
https://www.lg.com/uk/lg-experience/helpful-hints/wash-maintain-clothes-care-tips-lg-styler/,UK,LG Experience,77
https://www.lg.com/uk/lg-experience/helpful-hints/what-is-kimchi-and-how-to-store-it/,UK,LG Experience,77
https://www.lg.com/uk/lg-experience/helpful-hints/debunking-slim-washers-capacity-truths/,UK,LG Experience,80
https://www.lg.com/uk/lg-experience/helpful-hints/dishwasher-maintenance/,UK,LG Experience,77
https://www.lg.com/uk/lg-experience/lg-lab/why-lg-soundbars/,UK,LG Experience,77
https://www.lg.com/uk/lg-experience/lg-lab/ai-tv-for-sound-and-vision/,UK,LG Experience,80
https://www.lg.com/uk/lg-experience/lg-lab/what-is-a-heat-pump/,UK,LG Experience,77
https://www.lg.com/uk/lg-experience/helpful-hints/dishwasher-ultimate-guide/,UK,LG Experience,80
https://www.lg.com/uk/lg-experience/helpful-hints/what-is-a-smart-monitor/,UK,LG Experience,80
https://www.lg.com/uk/lg-experience/helpful-hints/which-lg-tv-is-right-for-you/,UK,LG Experience,77
https://www.lg.com/uk/lg-experience/lg-lab/which-soundbar-is-right-for-you-lg/,UK,LG Experience,80
https://www.lg.com/uk/appliances/buying-guide/fridge-freezers/feature-performance/,UK,구매 가이드,81
https://www.lg.com/uk/appliances/buying-guide/washing-machines/feature-performance/,UK,구매 가이드,81
https://www.lg.com/uk/lg-experience/lg-lab/what-is-a-smart-tv/,UK,LG Experience,80
https://www.lg.com/uk/lg-experience/helpful-hints/how-to-clean-your-refrigerator/,UK,LG Experience,77
https://www.lg.com/uk/lg-experience/inspiration/smart-home-automation-thinq-efficient-living/,UK,LG Experience,77
https://www.lg.com/uk/lg-experience/helpful-hints/ai-productivity-best-ai-laptops/,UK,LG Experience,77
https://www.lg.com/uk/lg-experience/helpful-hints/stick-vs-robot-vacuum/,UK,LG Experience,77
https://www.lg.com/uk/lg-experience/inspiration/best-lg-laptop-for-writers/,UK,LG Experience,80
https://www.lg.com/uk/lg-experience/lg-lab/webos-user-guide/,UK,LG Experience,77
https://www.lg.com/uk/lg-experience/helpful-hints/laptop-cybersecurity-guide/,UK,LG Experience,77
https://www.lg.com/uk/lg-experience/buying-guide/budget-friendly-monitors/,UK,LG Experience,80
https://www.lg.com/uk/lg-experience/helpful-hints/curved-monitor-better/,UK,LG Experience,80
https://www.lg.com/uk/lg-experience/helpful-hints/laptop-battery-health/,UK,LG Experience,83
https://www.lg.com/uk/lg-experience/inspiration/modern-unique-tv-design/,UK,LG Experience,77
https://www.lg.com/uk/lg-experience/helpful-hints/laptop-buying-guide/,UK,LG Experience,80
https://www.lg.com/uk/lg-experience/lg-lab/soundbars-for-lg-tvs/,UK,LG Experience,80
https://www.lg.com/uk/lg-experience/helpful-hints/picking-top-front-load-washing-machine/,UK,LG Experience,80
https://www.lg.com/uk/lg-experience/lg-lab/magic-remote-user-guide/,UK,LG Experience,77
https://www.lg.com/uk/lg-experience/helpful-hints/multitasking-using-dual-monitors/,UK,LG Experience,77
https://www.lg.com/uk/lg-experience/inspiration/11-years-of-oled/,UK,LG Experience,80
https://www.lg.com/uk/lg-experience/our-stories/history-of-refrigerators/,UK,LG Experience,77
https://www.lg.com/uk/lg-experience/helpful-hints/how-to-measure-and-read-tv-sizes/,UK,LG Experience,83
https://www.lg.com/uk/lg-experience/inspiration/travel-gadgets-road-trip-essentials/,UK,LG Experience,77
https://www.lg.com/uk/lg-experience/helpful-hints/smart-dryer-laundry-days-wifi-control/,UK,LG Experience,77
https://www.lg.com/uk/lg-experience/inspiration/luxury-tech-gifts-gadgets-for-her/,UK,LG Experience,80
https://www.lg.com/uk/lg-experience/helpful-hints/pro-gaming-setup/,UK,LG Experience,77
https://www.lg.com/uk/lg-experience/inspiration/lg-ai-wash-efficient-spins/,UK,LG Experience,77
https://www.lg.com/uk/lg-experience/inspiration/lg-home-office-setup/,UK,LG Experience,77
https://www.lg.com/uk/lg-experience/helpful-hints/small-living-room-ideas/,UK,LG Experience,77
https://www.lg.com/uk/lg-experience/inspiration/family-movie-night-with-lg-tv/,UK,LG Experience,77
https://www.lg.com/uk/lg-experience/inspiration/home-automation-smart-home/,UK,LG Experience,80
https://www.lg.com/uk/lg-experience/helpful-hints/high-end-gifts-for-him/,UK,LG Experience,80
https://www.lg.com/uk/lg-experience/helpful-hints/gift-ideas-christmas-spirit,UK,LG Experience,77
https://www.lg.com/uk/lg-experience/helpful-hints/hotel-towel-feel,UK,LG Experience,80
https://www.lg.com/uk/lg-experience/inspiration/lg-camping-gadgets/,UK,LG Experience,80
https://www.lg.com/uk/lg-experience/helpful-hints/changes-in-technology/,UK,LG Experience,80
https://www.lg.com/uk/lg-experience/helpful-hints/world-food-day,UK,LG Experience,77
https://www.lg.com/uk/lg-experience/helpful-hints/energy-saving-tips-for-your-fridge,UK,LG Experience,80
https://www.lg.com/uk/lg-experience/helpful-hints/washing-machine-water-issues,UK,LG Experience,80
https://www.lg.com/uk/lg-experience/helpful-hints/how-to-clean-washing-machine,UK,LG Experience,80
https://www.lg.com/uk/lg-experience/helpful-hints/levelling-up-your-fridge,UK,LG Experience,80
https://www.lg.com/uk/lg-experience/helpful-hints/stay-cool-save-energy,UK,LG Experience,80
https://www.lg.com/uk/lg-experience/helpful-hints/fridge-freezer-ice-water-dispenser,UK,LG Experience,83
https://www.lg.com/uk/lg-experience/inspiration/man-cave-gaming-room/,UK,LG Experience,80
https://www.lg.com/uk/lg-experience/helpful-hints/stay-warm-and-healthy-this-winter-with-lg-thinq,UK,LG Experience,77
https://www.lg.com/uk/lg-experience/helpful-hints/energy-efficient-washing-machines,UK,LG Experience,80
https://www.lg.com/uk/lg-experience/helpful-hints/best-smart-technologies-lg-washing-machines,UK,LG Experience,80
https://www.lg.com/uk/lg-experience/helpful-hints/best-energy-efficient-fridge-freezer,UK,LG Experience,83
https://www.lg.com/uk/lg-experience/helpful-hints/frost-free-fridge-freezer,UK,LG Experience,83
https://www.lg.com/uk/lg-experience/helpful-hints/using-laundry-detergent-correctly,UK,LG Experience,80
https://www.lg.com/uk/lg-experience/helpful-hints/choosing-the-best-type-of-fridge-freezer,UK,LG Experience,83
https://www.lg.com/uk/lg-experience/helpful-hints/ultimate-guide-v40-thinq-camera,UK,LG Experience,80
https://www.lg.com/uk/lg-experience/helpful-hints/ultimate-party-planning-guide-lg-instaview,UK,LG Experience,77
https://www.lg.com/uk/lg-experience/lg-lab/energy-efficient-garment-care,UK,LG Experience,80
https://www.lg.com/uk/lg-experience/helpful-hints/beach-packing-list-g7thinq-pk3,UK,LG Experience,77
https://www.lg.com/uk/lg-experience/helpful-hints/google-amazon-apple-lg-tv,UK,LG Experience,77
https://www.lg.com/uk/lg-experience/helpful-hints/which-lg-tv-is-right-for-you,UK,LG Experience,77
https://www.lg.com/uk/lg-experience/helpful-hints/best-tv-for-gaming,UK,LG Experience,77
https://www.lg.com/uk/lg-experience/helpful-hints/which-lg-tv-is-perfect-for-you-lg-tv-buying-guide,UK,LG Experience,77
https://www.lg.com/uk/lg-experience/helpful-hints/ultimate-cinema-room-ideas,UK,LG Experience,77
https://www.lg.com/uk/lg-experience/helpful-hints/discover-to-get-more-from-your-oled-tv,UK,LG Experience,77
https://www.lg.com/uk/lg-experience/helpful-hints/8k-content-available-guide,UK,LG Experience,77
https://www.lg.com/uk/lg-experience/lg-lab/get-savvy-with-your-fridge,UK,LG Experience,77
https://www.lg.com/uk/lg-experience/helpful-hints/introducing-hombot-the-robot-vacuum,UK,LG Experience,80
https://www.lg.com/uk/lg-experience/helpful-hints/phone-photography-manual-camera-tips,UK,LG Experience,77
https://www.lg.com/uk/lg-experience/helpful-hints/hygiene-tips-for-your-home-with-lg,UK,LG Experience,77
https://www.lg.com/uk/lg-experience/lg-lab/reinvent-your-space-with-a-tv-that-looks-like-art,UK,LG Experience,77
https://www.lg.com/uk/lg-experience/helpful-hints/improve-productivity-work-from-home,UK,LG Experience,73
https://www.lg.com/uk/lg-experience/helpful-hints/ifa-2019-your-best-berlin-itinerary-from-breakfast-to-sunrise,UK,LG Experience,77
https://www.lg.com/uk/lg-experience/lg-lab/what-is-4k-television,UK,구매 가이드,72
https://www.lg.com/uk/lg-experience/lg-lab/who-are-meridian-audio-,UK,LG Experience,77
https://www.lg.com/uk/lg-experience/lg-lab/which-soundbar-is-right-for-youu,UK,LG Experience,77
https://www.lg.com/uk/lg-experience/lg-lab/introducing-lsaa-led-signage,UK,LG Experience,77
https://www.lg.com/uk/lg-experience/lg-lab/is-oled-worth-it,UK,LG Experience,77
https://www.lg.com/uk/lg-experience/lg-lab/oled-tv-faq,UK,LG Experience,80
https://www.lg.com/uk/lg-experience/lg-lab/best-tv-live-sport-viewing-guide,UK,LG Experience,77
https://www.lg.com/uk/lg-experience/lg-lab/8-ways-ai-makes-tv-better,UK,LG Experience,80
https://www.lg.com/uk/lg-experience/lg-lab/vital-lg-washing-machine-questions-answered,UK,LG Experience,77
https://www.lg.com/uk/blog/,UK,Microsite,67
https://www.lg.com/uk/blog/green-homes-grant/,UK,Microsite,68
https://www.lg.com/uk/blog/types-of-air-to-water-heat-pumps/,UK,Microsite,68
https://www.lg.com/uk/lg-experience-old/lg-experience-renewal-sample/helpful-hints/best-smart-technologies-lg-washing-machines/,UK,Microsite,73
https://www.lg.com/uk/blog/why-are-people-talking-about-heat-pumps/,UK,Microsite,68
https://www.lg.com/uk/tvs-soundbars/why-true-wireless/,UK,Microsite,71
https://www.lg.com/uk/lg-experience-old/lg-experience-renewal-sample/helpful-hints/best-energy-efficient-fridge-freezer/,UK,Microsite,73
https://www.lg.com/uk/air-to-water-heat-pumps/which-heat-pump-type-is-right-for-me/,UK,Microsite,73
https://www.lg.com/uk/lg-experience/lg-lab/what-is-a-tv-processor,UK,LG Experience,77
https://www.lg.com/uk/air-to-water-heat-pumps/why-should-your-business-switch-to-a-heat-pump/,UK,Microsite,77
https://www.lg.com/uk/blog/heat-pump-thought-leadership/,UK,Microsite,68
https://www.lg.com/uk/lg-experience/lg-lab/lg-entertainment-8k-oled-tvs,UK,LG Experience,80
https://www.lg.com/uk/lg-experience/lg-lab/what-is-nanocell-tv,UK,LG Experience,77
https://www.lg.com/uk/lg-experience/lg-lab/epic-gaming-setup-lg,UK,LG Experience,77
https://www.lg.com/uk/blog/heat-pump-and-the-governments-10-point-plan/,UK,Microsite,68
https://www.lg.com/uk/blog/lg-wins-coveted-h-and-a-news-award/,UK,Microsite,68
https://www.lg.com/uk/tvs-soundbars/why-qned-evo/,UK,Microsite,74
https://www.lg.com/uk/about-lg/press-media/press-media/,UK,Global Newsroom,72
https://www.lg.com/uk/about-lg/press-media/new-additions-to-lg-tone-free-lineup-deliver-enhanced-performance/,UK,Global Newsroom,79
https://www.lg.com/uk/about-lg/press-media/lgs-lighting-up-londons-skyline-this-new-years-eve/,UK,Global Newsroom,76
https://www.lg.com/uk/about-lg/press-media/lg-smart-park-named-lighthouse-factory-for-futuristic-manufacturing-technology/,UK,Global Newsroom,80
https://www.lg.com/uk/air-to-water-heat-pumps/what-is-an-air-source-heat-pump/,UK,Microsite,77
https://www.lg.com/uk/about-lg/press-media/slim-stylish-sleek-lcds-have-just-got-sexy/,UK,Global Newsroom,76
https://www.lg.com/uk/about-lg/press-media/press-contact/,UK,Global Newsroom,72
https://www.lg.com/uk/about-lg/press-media/nutritious-healthy-meals-created-in-an-instant-with-lgsbr-all-in-one-solarcube-oven/,UK,Global Newsroom,76
https://www.lg.com/uk/about-lg/press-media/your-kitchen-in-bloom/,UK,Global Newsroom,76
https://www.lg.com/uk/about-lg/press-media/marilyn-monroe-and-elvis-the-uks-favourite-style-icons/,UK,Global Newsroom,76
https://www.lg.com/uk/about-lg/press-media/press-media1/,UK,Global Newsroom,72
https://www.lg.com/uk/about-lg/press-media/triple-your-efficiency-with-lg-kf700/,UK,Global Newsroom,72
https://www.lg.com/uk/about-lg/press-media/lgs-secret-unveiled/,UK,Global Newsroom,76
https://www.lg.com/uk/about-lg/press-media/lg-toughens-up-with-its-new-hard-glass-monitors/,UK,Global Newsroom,76
https://www.lg.com/uk/about-lg/press-media/uk-says-the-mobile-phone-is-the-secret-to-a-perfect-look/,UK,Global Newsroom,76
https://www.lg.com/uk/about-lg/press-media/lg-unveils-world-first-full-touchscreen-8-megapixel-camera-phone/,UK,Global Newsroom,76
https://www.lg.com/uk/about-lg/press-media/lgs-pg6000-takes-it-to-the-edge/,UK,Global Newsroom,76
https://www.lg.com/uk/about-lg/press-media/lg-ultragear-named-league-of-legends-european-championship-official-gaming-monitor-partner/,UK,Global Newsroom,83
https://www.lg.com/uk/about-lg/press-media/stronglg-electronics-strong-to-sponsor-fis-snowboard-world-/,UK,Global Newsroom,76
https://www.lg.com/uk/about-lg/press-media/the-value-of-television/,UK,Global Newsroom,83
https://www.lg.com/uk/about-lg/press-media/lg-launches-the-hit-new-lcd-tv-scarlet/,UK,Global Newsroom,76
https://www.lg.com/uk/about-lg/press-media/lg-launches-its-premium-22-100001-monitor-in-the-uk/,UK,Global Newsroom,76
https://www.lg.com/uk/about-lg/press-media/lg-launches-if-award-winning-monitor/,UK,Global Newsroom,76
https://www.lg.com/uk/about-lg/press-media/lg-named-as-a-business-superbrand/,UK,Global Newsroom,76
https://www.lg.com/uk/about-lg/press-media/lg-launches-kt520/,UK,Global Newsroom,76
https://www.lg.com/uk/about-lg/press-media/lg-shines-a-light-on-darker-days-with-colour-therapy-content-series/,UK,Global Newsroom,79
https://www.lg.com/uk/about-lg/press-media/lg-launches-first-9kg-steam-washing-machine/,UK,Global Newsroom,76
https://www.lg.com/uk/about-lg/press-media/lg-launches-the-kc550-pink/,UK,Global Newsroom,76
https://www.lg.com/uk/about-lg/press-media/lg-returns-to-london-fashion-week-with-its-intelligent-fashion-icons/,UK,Global Newsroom,76
https://www.lg.com/uk/about-lg/press-media/lg-named-which-home-entertainment-brand-of-the-year/,UK,Global Newsroom,83
https://www.lg.com/uk/about-lg/press-media/lg-2021-soundbars-offer-premium-audio-and-ai-features/,UK,Global Newsroom,79
https://www.lg.com/uk/about-lg/press-media/lg-hits-the-road-to-find-the-uks-ultimate-style-icon/,UK,Global Newsroom,76
https://www.lg.com/uk/about-lg/press-media/lg-adds-touch-of-class-to-gsma-world-congress-2008-with-cutting-edge-line-up-of-new-devices/,UK,Global Newsroom,72
https://www.lg.com/uk/about-lg/press-media/get-the-message-with-lgs-new-ks360/,UK,Global Newsroom,76
https://www.lg.com/uk/about-lg/press-media/lg-expands-its-widescreen-monitor-range/,UK,Global Newsroom,76
https://www.lg.com/uk/about-lg/press-media/sky-store-tv-app-now-available-exclusively-on-lg-smart-tvs/,UK,Global Newsroom,72
https://www.lg.com/uk/about-lg/press-media/with-lg-360-cam-and-google-street-view-share-and-enjoy-360-degree-content-with-ease/,UK,Global Newsroom,76
https://www.lg.com/uk/about-lg/press-media/lg-electronics-becomes-a-global-partner-of-formula-1/,UK,Global Newsroom,76
https://www.lg.com/uk/about-lg/press-media/lg-kicks-off-loops-new-football-campaign/,UK,Global Newsroom,76
https://www.lg.com/uk/about-lg/press-media/lg-launches-22-webcam-monitor-in-the-uk/,UK,Global Newsroom,76
https://www.lg.com/uk/about-lg/press-media/inimitable-style-slender-strength/,UK,Global Newsroom,76
https://www.lg.com/uk/about-lg/press-media/popular-lg-tone-infinim-head-set-gets-updated-for-2016/,UK,Global Newsroom,76
https://www.lg.com/uk/about-lg/press-media/lg-brings-new-meaning-to-pc-entertainment/,UK,Global Newsroom,76
https://www.lg.com/uk/about-lg/press-media/lg-electronics-2008-lcd-hdtv-line-includes-eight-series-focus-on-design-superior-performance/,UK,Global Newsroom,72
https://www.lg.com/uk/about-lg/press-media/lg-electronics-renews-multi-million-sponsorship-deal-with-the-fa/,UK,Global Newsroom,83
https://www.lg.com/uk/about-lg/press-media/lg-captures-the-moment-with-the-new-lg-kc550/,UK,Global Newsroom,76
https://www.lg.com/uk/about-lg/press-media/lg-electronics-expands-it-product-portfolio-unveiling-new-lcd-monitors-optical-storage-options/,UK,Global Newsroom,72
https://www.lg.com/uk/about-lg/press-media/lg-electronics-announces-new-symbian-smartphone-with-gps/,UK,Global Newsroom,76
https://www.lg.com/uk/about-lg/press-media/the-jungle-book-revealed-as-the-most-nostalgic-disney-film/,UK,Global Newsroom,79
https://www.lg.com/uk/about-lg/press-media/lg-introduces-mind-reading-interactive-phone/,UK,Global Newsroom,76
https://www.lg.com/uk/about-lg/press-media/lg-watch-urbane-melds-classic-look-with-enhanced-features/,UK,Global Newsroom,76
https://www.lg.com/uk/about-lg/press-media/lg-to-unveillg-signature-premium-lineup-at-ces-2016/,UK,Global Newsroom,76
https://www.lg.com/uk/about-lg/press-media/lg-works-with-instagram-artist-to-showcase-the-worlds-first-wallpaper-tv/,UK,Global Newsroom,76
https://www.lg.com/uk/about-lg/press-media/lg-unveils-eco-city-garden-for-rhs-chelsea-flower-show-2018/,UK,Global Newsroom,76
https://www.lg.com/uk/about-lg/press-media/nexus-5x-lg-and-google-collaborate-on-the-most-advanced-nexus-phone-to-date/,UK,Global Newsroom,76
https://www.lg.com/uk/about-lg/press-media/lg-opens-new-shop-in-shop-in-hulls-hanson-electrical/,UK,Global Newsroom,76
https://www.lg.com/uk/about-lg/press-media/lg-to-unveil-uber-durable-centum-system-front-load-washing-machine-at-ifa-2015/,UK,Global Newsroom,76
https://www.lg.com/uk/about-lg/press-media/lg-supports-local-charity-with-sponsored-cycle-to-south-korea/,UK,Global Newsroom,76
https://www.lg.com/uk/about-lg/press-media/lg-to-introduce-all-new-4k-hdr-enabled-oled-tv-lineup-at-ces-2016/,UK,Global Newsroom,76
https://www.lg.com/uk/about-lg/press-media/lgs-ai-enabled-thinq-devices-take-top-honours/,UK,Global Newsroom,79
https://www.lg.com/uk/about-lg/press-media/lg-to-offer-free-value-pack-upgrade-to-webos-10-smart-tv-owners/,UK,Global Newsroom,76
https://www.lg.com/uk/about-lg/press-media/lg-appliances-awarded-energy-saving-trust-verification/,UK,Global Newsroom,76
https://www.lg.com/uk/about-lg/press-media/lg-unveils-two-groundbreaking-smartphones/,UK,Global Newsroom,79
https://www.lg.com/uk/about-lg/press-media/lg-to-unveil-new-version-of-popular-webos-smart-tv-platform-at-ces-2016/,UK,Global Newsroom,76
https://www.lg.com/uk/about-lg/press-media/lg-unveils-more-human-centric-lg-ux-40/,UK,Global Newsroom,76
https://www.lg.com/uk/about-lg/press-media/lg-unveils-new-g6-with-a-large-fullvision-display-tailored-to-fit-in-one-hand/,UK,Global Newsroom,72
https://www.lg.com/uk/about-lg/press-media/lgs-beautiful-curved-soundbar-sounds-as-good-as-it-looks/,UK,Global Newsroom,76
https://www.lg.com/uk/about-lg/press-media/lgs-firstever-super-bowl-commercial-bolstersbig-oled-tv-marketing-blitz/,UK,Global Newsroom,76
https://www.lg.com/uk/about-lg/press-media/lgs-new-mid-range-smartphone-lineup-delivers-premium-design-and-features/,UK,Global Newsroom,76
https://www.lg.com/uk/about-lg/press-media/newlg-super-uhd-tv-lineup-sure-to-impress-2016-ces-attendees/,UK,Global Newsroom,76
https://www.lg.com/uk/about-lg/press-media/lg-reveals-new-self-cleaning-wireless-earbuds/,UK,Global Newsroom,79
https://www.lg.com/uk/about-lg/press-media/lg-oled-tv-brings-home-if-gold-award-for-design-excellence/,UK,Global Newsroom,83
https://www.lg.com/uk/about-lg/press-media/lg-named-brand-of-the-year-2015-at-red-dot-award/,UK,Global Newsroom,76
https://www.lg.com/uk/about-lg/press-media/lg-to-double-global-oled-tv-offerings-in-2015/,UK,Global Newsroom,76
https://www.lg.com/uk/about-lg/press-media/lg-receives-more-than-140-ces-awards-and-honours-across-various-categories/,UK,Global Newsroom,83
https://www.lg.com/uk/about-lg/press-media/lg-signs-multi-million-sponsorship-deal-with-the-fa/,UK,Global Newsroom,76
https://www.lg.com/uk/about-lg/press-media/lg-signature-collaborates-with-designer-patrick-grant-to-celebrate-a-vision-of-modern-living/,UK,Global Newsroom,76
https://www.lg.com/uk/about-lg/press-media/lg-oled-tv-and-xbox-series-x-unleash-next-gen-console-gaming-experience/,UK,Global Newsroom,83
https://www.lg.com/uk/about-lg/press-media/lg-showcases-real-life-benefits-of-lg-home-at-innofest-europe-2019/,UK,Global Newsroom,83
https://www.lg.com/uk/about-lg/press-media/lg-signature-oled-tv-w-pushes-tv-design-into-a-new-dimension-at-ces-2017/,UK,Global Newsroom,72
https://www.lg.com/uk/about-lg/press-media/exceptional-picture-quality-of-lgs-2017-4k-tvs-certified-by-eurofins/,UK,Global Newsroom,76
https://www.lg.com/uk/about-lg/press-media/lg-advances-smart-home-ecosystem-with-smart-thinq-hub-at-ces-2016/,UK,Global Newsroom,76
https://www.lg.com/uk/about-lg/press-media/lg-kicks-off-global-rollout-of-2019-tv-lineup/,UK,Global Newsroom,83
https://www.lg.com/uk/about-lg/press-media/lg-g3-named-best-smartphone-and-lg-urbane-smart-watches-take-home-9-awards-at-mwc-2015/,UK,Global Newsroom,76
https://www.lg.com/uk/about-lg/press-media/lg-g-flex2-begins-global-rollout/,UK,Global Newsroom,76
https://www.lg.com/uk/about-lg/press-media/lg-leverages-display-expertise-entersmedical-imaging-market/,UK,Global Newsroom,72
https://www.lg.com/uk/about-lg/press-media/lg-electronics-honored-with-four-eisa-awards/,UK,Global Newsroom,76
https://www.lg.com/uk/about-lg/press-media/introducing-a-more-playful-and-innovative-lg-ux-50/,UK,Global Newsroom,72
https://www.lg.com/uk/about-lg/press-media/lg-begins-android-60-marshmallow-rollout-starting-with-g4/,UK,Global Newsroom,76
https://www.lg.com/uk/about-lg/press-media/lg-commits-to-carbon-neutrality-by-2030/,UK,Global Newsroom,83
https://www.lg.com/uk/about-lg/press-media/lg-films-first-tottenham-hotspur-premier-league-game-in-8k/,UK,Global Newsroom,83
https://www.lg.com/uk/about-lg/press-media/introducing-the-g4c-the-newest-member-o-lgs-g4-series/,UK,Global Newsroom,76
https://www.lg.com/uk/about-lg/press-media/lg-begins-uk-rollout-of-2020-tv-lineup-spearheaded-by-award-winning-oled-tvs/,UK,Global Newsroom,83
https://www.lg.com/uk/about-lg/press-media/lg-brings-intelligent-manufacturing-solutions-to-hannover-messe-2019/,UK,Global Newsroom,83
https://www.lg.com/uk/about-lg/press-media/lg-is-bringing-football-home-to-the-streets-of-wembley-with-bumper-home-entertainment-giveaway/,UK,Global Newsroom,83
https://www.lg.com/uk/about-lg/press-media/lg-expands-popular-musicflow-lineup-with-new-wireless-sound-barsand-x-boom-audio-systems/,UK,Global Newsroom,76
https://www.lg.com/uk/about-lg/press-media/lg-electronics-uk-ltd-tax-strategy/,UK,Global Newsroom,79
https://www.lg.com/uk/about-lg/press-media/lg-launches-the-lg-twinwash-football-challenge-in-collaboration-with-the-national-schools-partnership/,UK,Global Newsroom,76
https://www.lg.com/uk/about-lg/press-media/exclusive-bts-content-available-only-on-lg-smartphones/,UK,Global Newsroom,79
https://www.lg.com/uk/about-lg/press-media/lg-emerges-as-big-winner-at-2019-red-dot-design-awards/,UK,Global Newsroom,83
https://www.lg.com/uk/fridge-freezers/american-style-fridge-freezers/gsgv81pyll/,UK,제품 상세 (PDP),79
https://www.lg.com/uk/fridge-freezers/american-style-fridge-freezers/gsle91evab/,UK,제품 상세 (PDP),79
https://www.lg.com/uk/fridge-freezers/tall-fridge-freezers/gbg7190cev/,UK,제품 상세 (PDP),81
https://www.lg.com/uk/fridge-freezers/multi-door-fridge-freezers/gmm41msbem/,UK,제품 상세 (PDP),81
https://www.lg.com/uk/about-lg/press-media/evolution-of-the-eye-revealed-with-lg-oled-tv-and-natural-history-museum/,UK,Global Newsroom,76
https://www.lg.com/uk/fridge-freezers/american-style-fridge-freezers/gsxv90mcde/,UK,제품 상세 (PDP),78
https://www.lg.com/uk/fridge-freezers/door-in-door-fridge-freezers/gsx961mtaz/,UK,제품 상세 (PDP),78
https://www.lg.com/uk/fridge-freezers/tall-fridge-freezers/gbb92stacp/,UK,제품 상세 (PDP),81
https://www.lg.com/uk/laundry/styler/s3wf/,UK,제품 상세 (PDP),81
https://www.lg.com/uk/fridge-freezers/american-style-fridge-freezers/gsxv91bsae/,UK,제품 상세 (PDP),78
https://www.lg.com/uk/fridge-freezers/american-style-fridge-freezers/gsxe90evdd/,UK,제품 상세 (PDP),79
https://www.lg.com/uk/fridge-freezers/american-style-fridge-freezers/gsl361icez/,UK,제품 상세 (PDP),75
https://www.lg.com/uk/fridge-freezers/american-style-fridge-freezers/gsl561pzuz/,UK,제품 상세 (PDP),78
https://www.lg.com/uk/fridge-freezers/gbb59pzfzb/,UK,제품 상세 (PDP),81
https://www.lg.com/uk/fridge-freezers/american-style-fridge-freezers/gmx844mc6f/,UK,제품 상세 (PDP),81
https://www.lg.com/uk/fridge-freezers/american-style-fridge-freezers/gslv71mctd/,UK,제품 상세 (PDP),79
https://www.lg.com/uk/fridge-freezers/tall-fridge-freezers/gbp31dslzn/,UK,제품 상세 (PDP),78
https://www.lg.com/uk/fridge-freezers/multi-door-fridge-freezers/gml945pz8f/,UK,제품 상세 (PDP),78
https://www.lg.com/uk/laundry/washer-dryers/f14a8rd/,UK,제품 상세 (PDP),81
https://www.lg.com/uk/fridge-freezers/tall-fridge-freezers/gb3133pvjw/,UK,제품 상세 (PDP),78
https://www.lg.com/uk/laundry/washer-dryers/f1480yd/,UK,제품 상세 (PDP),81
https://www.lg.com/uk/laundry/washer-dryers/lswd100e/,UK,제품 상세 (PDP),81
https://www.lg.com/uk/washer-dryers/f1496ad1/,UK,제품 상세 (PDP),81
https://www.lg.com/uk/fridge-freezers/tall-fridge-freezers/gbg719mdnn/,UK,제품 상세 (PDP),76
https://www.lg.com/uk/fridge-freezers/tall-fridge-freezers/gbb62pzgfn/,UK,제품 상세 (PDP),78
https://www.lg.com/uk/washer-dryers/f14a8yd5/,UK,제품 상세 (PDP),81
https://www.lg.com/uk/washing-machines/f14a8qdsa/,UK,제품 상세 (PDP),81
https://www.lg.com/uk/washing-machines/f14b9qda/,UK,제품 상세 (PDP),81
https://www.lg.com/uk/washing-machines/6-motion-washing-machines/f1495bds/,UK,제품 상세 (PDP),81
https://www.lg.com/uk/washing-machines/6-motion-washing-machines/f1480qds/,UK,제품 상세 (PDP),81
https://www.lg.com/uk/washer-dryers/f1480rd/,UK,제품 상세 (PDP),81
https://www.lg.com/uk/fridge-freezers/american-style-fridge-freezers/gslc41eppe/,UK,제품 상세 (PDP),81
https://www.lg.com/uk/fridge-freezers/american-style-fridge-freezers/gsxv91mcae1/,UK,제품 상세 (PDP),79
https://www.lg.com/uk/fridge-freezers/american-style-fridge-freezers/gsxe91evad/,UK,제품 상세 (PDP),79
https://www.lg.com/uk/fridge-freezers/american-style-fridge-freezers/gsxv90bsae/,UK,제품 상세 (PDP),78
https://www.lg.com/uk/fridge-freezers/multi-door-fridge-freezers/gmx936sbhv1/,UK,제품 상세 (PDP),81
https://www.lg.com/uk/fridge-freezers/american-style-fridge-freezers/gslc41pype/,UK,제품 상세 (PDP),78
https://www.lg.com/uk/fridge-freezers/door-in-door-fridge-freezers/gsx961mcvz/,UK,제품 상세 (PDP),78
https://www.lg.com/uk/fridge-freezers/multi-door-fridge-freezers/lsr100/,UK,제품 상세 (PDP),78
https://www.lg.com/uk/fridge-freezers/multi-door-fridge-freezers/gml861pype/,UK,제품 상세 (PDP),79
https://www.lg.com/uk/fridge-freezers/multi-door-fridge-freezers/gmg960evje/,UK,제품 상세 (PDP),78
https://www.lg.com/uk/fridge-freezers/tall-fridge-freezers/gbb92staxp/,UK,제품 상세 (PDP),81
https://www.lg.com/uk/washing-machines/turbowash-washing-machines/f14b8qda1h/,UK,제품 상세 (PDP),81
https://www.lg.com/uk/laundry/tumble-dryers/rc8055ah2z/,UK,제품 상세 (PDP),81
https://www.lg.com/uk/fridge-freezers/multi-door-fridge-freezers/gmv960nnme/,UK,제품 상세 (PDP),79
https://www.lg.com/uk/fridge-freezers/multi-door-fridge-freezers/gmx945mc9f/,UK,제품 상세 (PDP),78
https://www.lg.com/uk/laundry/washer-dryers/f14a8yd/,UK,제품 상세 (PDP),81
https://www.lg.com/uk/fridge-freezers/american-style-fridge-freezers/gsb325pvqv/,UK,제품 상세 (PDP),78
https://www.lg.com/uk/vacuum-cleaners/vr62601lv/,UK,제품 상세 (PDP),81
https://www.lg.com/uk/laundry/washing-machines/f1443kd6/,UK,제품 상세 (PDP),81
https://www.lg.com/uk/monitors/gaming/27gs93qe-b/,UK,제품 상세 (PDP),76
https://www.lg.com/uk/mobile-phones/smartphones/lgd100/,UK,제품 상세 (PDP),81
https://www.lg.com/uk/appliance-accessories/ADQ73273301/,UK,제품 상세 (PDP),78
https://www.lg.com/uk/appliance-accessories/AHT744138011/,UK,제품 상세 (PDP),81
https://www.lg.com/uk/monitors/smart-monitors/34sr65qc-b/,UK,제품 상세 (PDP),76
https://www.lg.com/uk/monitors/e2210p-bn/,UK,제품 상세 (PDP),81
https://www.lg.com/uk/appliance-accessories/ADQ73613410/,UK,제품 상세 (PDP),81
https://www.lg.com/uk/monitors/e1911t-bn/,UK,제품 상세 (PDP),81
https://www.lg.com/uk/laundry/washing-machines/f1447td5/,UK,제품 상세 (PDP),81
https://www.lg.com/uk/fridge-freezers/tall-fridge-freezers/gbb539nscfe/,UK,제품 상세 (PDP),78
https://www.lg.com/uk/fridge-freezers/tall-fridge-freezers/gbb62pzgcc1/,UK,제품 상세 (PDP),81
https://www.lg.com/uk/fridge-freezers/tall-fridge-freezers/gbv7280aev/,UK,제품 상세 (PDP),78
https://www.lg.com/uk/tvs-soundbars/qned/50qned85t6b/,UK,제품 상세 (PDP),76
https://www.lg.com/uk/monitors/ultrawide/25um55-p/,UK,제품 상세 (PDP),81
https://www.lg.com/uk/fridge-freezers/american-style-fridge-freezers/gsqv90pzae/,UK,제품 상세 (PDP),78
https://www.lg.com/uk/tvs-soundbars/tv-accessory/AKB76039901/,UK,제품 상세 (PDP),78
https://www.lg.com/uk/appliance-accessories/AHT74413801/,UK,제품 상세 (PDP),81
https://www.lg.com/uk/fridge-freezers/tall-fridge-freezers/gbp62pznbc/,UK,제품 상세 (PDP),81
https://www.lg.com/uk/fridge-freezers/tall-fridge-freezers/gbb530nscfe/,UK,제품 상세 (PDP),78
https://www.lg.com/uk/fridge-freezers/tall-fridge-freezers/gbb530pzcfs/,UK,제품 상세 (PDP),78
https://www.lg.com/uk/fridge-freezers/american-style-fridge-freezers/gsxe90bsad/,UK,제품 상세 (PDP),76
https://www.lg.com/uk/monitors/ultrawide/35wn73ap-b/,UK,제품 상세 (PDP),81
https://www.lg.com/uk/fridge-freezers/tall-fridge-freezers/gbb61dsjen/,UK,제품 상세 (PDP),81
https://www.lg.com/uk/fridge-freezers/american-style-fridge-freezers/gslv70pztf/,UK,제품 상세 (PDP),75
https://www.lg.com/uk/fridge-freezers/american-style-fridge-freezers/gml844pzkv/,UK,제품 상세 (PDP),78
https://www.lg.com/uk/fridge-freezers/tall-fridge-freezers/gbb62pzgcc/,UK,제품 상세 (PDP),81
https://www.lg.com/uk/fridge-freezers/tall-fridge-freezers/gbb61pzjec/,UK,제품 상세 (PDP),81
https://www.lg.com/uk/fridge-freezers/multi-door-fridge-freezers/gmb844pz4e/,UK,제품 상세 (PDP),78
https://www.lg.com/uk/fridge-freezers/american-style-fridge-freezers/gsbv70dstf/,UK,제품 상세 (PDP),78
https://www.lg.com/uk/monitors/ultrawide/38wn75c-b/,UK,제품 상세 (PDP),81
https://www.lg.com/uk/monitors/24mb35pm-b/,UK,제품 상세 (PDP),81
https://www.lg.com/uk/laundry/washing-machines/lsf100/,UK,제품 상세 (PDP),78
https://www.lg.com/uk/fridge-freezers/american-style-fridge-freezers/gsx960mccz/,UK,제품 상세 (PDP),81
https://www.lg.com/uk/monitors/e1910pm-sn/,UK,제품 상세 (PDP),81
https://www.lg.com/uk/monitors/22mb65pm-b/,UK,제품 상세 (PDP),81
https://www.lg.com/uk/speakers/hi-fi-system/bh6620p/,UK,제품 상세 (PDP),78
https://www.lg.com/uk/speakers/xboom/cm4441/,UK,제품 상세 (PDP),81
https://www.lg.com/uk/laundry/washing-machines/f1296tda/,UK,제품 상세 (PDP),81
https://www.lg.com/uk/monitors/22mn430m-b/,UK,제품 상세 (PDP),81
https://www.lg.com/uk/mobile-phones/smartphones/lmq850em/,UK,제품 상세 (PDP),81
https://www.lg.com/uk/video/blu-ray-dvd-players/drt389h/,UK,제품 상세 (PDP),81
https://www.lg.com/uk/monitors/ultrawide/29eb93-p/,UK,제품 상세 (PDP),81
https://www.lg.com/uk/video/blu-ray-dvd-players/rh398m-p/,UK,제품 상세 (PDP),81
https://www.lg.com/uk/projectors/home-cinema-projectors/hs102g/,UK,제품 상세 (PDP),81
https://www.lg.com/uk/speakers/hi-fi-system/hb905da/,UK,제품 상세 (PDP),78
https://www.lg.com/uk/speakers/hi-fi-system/hb44s/,UK,제품 상세 (PDP),78
https://www.lg.com/uk/video/blu-ray-dvd-players/hr650/,UK,제품 상세 (PDP),81
https://www.lg.com/uk/monitors/e2211pu-bn/,UK,제품 상세 (PDP),81
https://www.lg.com/uk/projectors/home-cinema-projectors/bx274/,UK,제품 상세 (PDP),81
https://www.lg.com/uk/tvs-soundbars/all-tvs/,UK,제품 카테고리 (PLP),80
https://www.lg.com/uk/monitors/gaming/,UK,제품 카테고리 (PLP),83
https://www.lg.com/uk/laundry/washing-machines/,UK,제품 카테고리 (PLP),84
https://www.lg.com/uk/monitors/,UK,제품 카테고리 (PLP),71
https://www.lg.com/uk/laundry/washer-dryers/,UK,제품 카테고리 (PLP),81
https://www.lg.com/uk/fridge-freezers/american-style-fridge-freezers/,UK,제품 카테고리 (PLP),81
https://www.lg.com/uk/fridge-freezers/,UK,제품 카테고리 (PLP),81
https://www.lg.com/uk/speakers/,UK,제품 카테고리 (PLP),77
https://www.lg.com/uk/monitors/ultrawide/,UK,제품 카테고리 (PLP),80
https://www.lg.com/uk/speakers/soundbars/gx/,UK,제품 카테고리 (PLP),83
https://www.lg.com/uk/tvs-soundbars/,UK,제품 카테고리 (PLP),80
https://www.lg.com/uk/tvs-soundbars/nanocell/,UK,제품 카테고리 (PLP),80
https://www.lg.com/uk/lifestyle-screens/,UK,제품 카테고리 (PLP),77
https://www.lg.com/uk/tvs-soundbars/qned/,UK,제품 카테고리 (PLP),87
https://www.lg.com/uk/tvs-soundbars/oled/,UK,제품 카테고리 (PLP),87
https://www.lg.com/uk/laundry/tumble-dryers/,UK,제품 카테고리 (PLP),83
https://www.lg.com/uk/tvs-soundbars/ultra-big-tvs/,UK,제품 카테고리 (PLP),80
https://www.lg.com/uk/tvs-soundbars/tv-accessory/,UK,제품 카테고리 (PLP),83
https://www.lg.com/uk/laundry/styler/,UK,제품 카테고리 (PLP),83
https://www.lg.com/uk/tvs-soundbars/oled-evo/,UK,제품 카테고리 (PLP),80
https://www.lg.com/uk/laundry/,UK,제품 카테고리 (PLP),77
https://www.lg.com/uk/speakers/soundbars/,UK,제품 카테고리 (PLP),80
https://www.lg.com/uk/wireless-earbuds/,UK,제품 카테고리 (PLP),74
https://www.lg.com/uk/dishwashers/,UK,제품 카테고리 (PLP),83
https://www.lg.com/uk/explore-appliances/,UK,제품 카테고리 (PLP),77
https://www.lg.com/uk/laundry/washing-machines/f1495kd/,UK,제품 상세 (PDP),81
https://www.lg.com/uk/monitors/all-monitors/,UK,제품 카테고리 (PLP),80
https://www.lg.com/uk/fridge-freezers/all-fridge-freezers/,UK,제품 카테고리 (PLP),81
https://www.lg.com/uk/monitors/fhd-qhd/,UK,제품 카테고리 (PLP),80
https://www.lg.com/uk/monitors/ergo-monitors/,UK,제품 카테고리 (PLP),80
https://www.lg.com/uk/speakers/party-speakers/,UK,제품 카테고리 (PLP),83
https://www.lg.com/uk/laptops/,UK,제품 카테고리 (PLP),74
https://www.lg.com/uk/tvs-soundbars/smart-tvs/,UK,제품 카테고리 (PLP),80
https://www.lg.com/uk/fridge-freezers/tall-fridge-freezers/,UK,제품 카테고리 (PLP),81
https://www.lg.com/uk/projectors/,UK,제품 카테고리 (PLP),80
https://www.lg.com/uk/speakers/gaming-speakers/,UK,제품 카테고리 (PLP),83
https://www.lg.com/uk/wireless-earbuds/tone-free/,UK,제품 카테고리 (PLP),83
https://www.lg.com/uk/wireless-earbuds/noise-cancelling-earbuds/,UK,제품 카테고리 (PLP),83
https://www.lg.com/uk/lifestyle-screens/objet-collection-pose/,UK,제품 카테고리 (PLP),80
https://www.lg.com/uk/monitors/tv-monitors/,UK,제품 카테고리 (PLP),80
https://www.lg.com/uk/fridge-freezers/multi-door-fridge-freezers/,UK,제품 카테고리 (PLP),81
https://www.lg.com/uk/wireless-earbuds/uvnano-earbuds/,UK,제품 카테고리 (PLP),83
https://www.lg.com/uk/shop-the-latest/,UK,제품 카테고리 (PLP),77
https://www.lg.com/uk/lifestyle-screens/flex/,UK,제품 카테고리 (PLP),80
https://www.lg.com/uk/speakers/xboom/,UK,제품 카테고리 (PLP),87
https://www.lg.com/uk/speakers/hi-fi-system/,UK,제품 카테고리 (PLP),77
https://www.lg.com/uk/video/blu-ray-dvd-players/,UK,제품 카테고리 (PLP),80
https://www.lg.com/uk/laundry/all-laundry/,UK,제품 카테고리 (PLP),84
https://www.lg.com/uk/speakers/portable-speakers/,UK,제품 카테고리 (PLP),83
https://www.lg.com/uk/wireless-earbuds/tone-free-fit/,UK,제품 카테고리 (PLP),83
https://www.lg.com/uk/air-to-water-heat-pumps/,UK,제품 카테고리 (PLP),80
https://www.lg.com/uk/referral/,UK,제품 카테고리 (PLP),80
https://www.lg.com/uk/sc-account/,UK,제품 카테고리 (PLP),73
https://www.lg.com/uk/lg-rewards/,UK,제품 카테고리 (PLP),73
https://www.lg.com/uk/select-shop/,UK,제품 카테고리 (PLP),80
https://www.lg.com/uk/lifestyle-screens/all-lifestyle-screens/,UK,제품 카테고리 (PLP),83
https://www.lg.com/uk/winecellar/,UK,제품 카테고리 (PLP),80
https://www.lg.com/uk/laptops/all-laptops/,UK,제품 카테고리 (PLP),80
https://www.lg.com/uk/tyviso-gifts/,UK,제품 카테고리 (PLP),73
https://www.lg.com/uk/all-soundsuite/,UK,제품 카테고리 (PLP),87
https://www.lg.com/uk/video/,UK,제품 카테고리 (PLP),80
https://www.lg.com/uk/sso-confirm/,UK,제품 카테고리 (PLP),67
https://www.lg.com/uk/projectors/home-cinema-projectors/,UK,제품 카테고리 (PLP),80
https://www.lg.com/uk/micro-rgb/,UK,제품 카테고리 (PLP),83
https://www.lg.com/uk/raylo-hire-agreement/,UK,제품 카테고리 (PLP),77
https://www.lg.com/uk/bundledeallanding/,UK,제품 카테고리 (PLP),67
https://www.lg.com/uk/ces2026/ultragear-evo/,UK,제품 카테고리 (PLP),77
https://www.lg.com/uk/soundsuite/howtovideo-qna/,UK,제품 카테고리 (PLP),83
https://www.lg.com/uk/virtualshowroom/,UK,제품 카테고리 (PLP),80
https://www.lg.com/uk/sound-suite/,UK,제품 카테고리 (PLP),83
https://www.lg.com/uk/ultragear/,UK,제품 카테고리 (PLP),83
https://www.lg.com/uk/art-tv/,UK,제품 카테고리 (PLP),83
https://www.lg.com/uk/soundsuite/,UK,제품 카테고리 (PLP),74
https://www.lg.com/uk/laptops/gram/,UK,제품 카테고리 (PLP),80
https://www.lg.com/uk/computing-accessories/gram-view/,UK,제품 카테고리 (PLP),80
https://www.lg.com/uk/projectors/portable-lifestyle-projectors/,UK,제품 카테고리 (PLP),80
https://www.lg.com/uk/wireless-earbuds/sports-earbuds/,UK,제품 카테고리 (PLP),83
https://www.lg.com/uk/speakers/xboom-go/,UK,제품 카테고리 (PLP),87
https://www.lg.com/uk/signup/,UK,제품 카테고리 (PLP),70
https://www.lg.com/uk/account-integration/,UK,제품 카테고리 (PLP),63
https://www.lg.com/uk/signup/verifymail/,UK,제품 카테고리 (PLP),67
https://www.lg.com/uk/accessibility-declaration/,UK,제품 카테고리 (PLP),80
https://www.lg.com/uk/lg-xboom-by-will-i-am/,UK,제품 카테고리 (PLP),77
https://www.lg.com/uk/ces/,UK,제품 카테고리 (PLP),74
https://www.lg.com/uk/ice-solution/,UK,제품 카테고리 (PLP),77
https://www.lg.com/uk/ces/micro-rgb-evo/,UK,제품 카테고리 (PLP),74
https://www.lg.com/uk/login/,UK,제품 카테고리 (PLP),70
https://www.lg.com/uk/thinq-ai/,UK,제품 카테고리 (PLP),68
https://www.lg.com/uk/signup/verification-failed/,UK,제품 카테고리 (PLP),73
https://www.lg.com/uk/signup/email-verification-guide/,UK,제품 카테고리 (PLP),73
https://www.lg.com/uk/secret-coupon/,UK,제품 카테고리 (PLP),73
https://www.lg.com/uk/wireless-earbuds/xboombuds/budsplus/,UK,제품 카테고리 (PLP),74
https://www.lg.com/uk/microwaves/,UK,제품 카테고리 (PLP),83
https://www.lg.com/uk/bundledeal/,UK,제품 카테고리 (PLP),70
https://www.lg.com/uk/ces/art-tv/,UK,제품 카테고리 (PLP),71
https://www.lg.com/uk/microwaves/grill/,UK,제품 카테고리 (PLP),87
https://www.lg.com/uk/microwaves/solo/,UK,제품 카테고리 (PLP),87
https://www.lg.com/uk/support/product-support/product-registration/,UK,Support - 일반,75
https://www.lg.com/uk/support/contact-us/,UK,Support - 일반,86
https://www.lg.com/uk/support/smart-share/,UK,Support - 일반,79
https://www.lg.com/uk/support/contact-us/business-contact-information/,UK,Support - 일반,79
https://www.lg.com/uk/support/warranty-information/,UK,Support - 일반,79
https://www.lg.com/uk/support/product-support/repair-request/,UK,Support - 일반,79
https://www.lg.com/uk/support/product-support/manuals-software/,UK,Support - 일반,79
https://www.lg.com/uk/support/smart-diagnosis/,UK,Support - 일반,82
https://www.lg.com/uk/support/business-warranty/,UK,Support - 일반,79
https://www.lg.com/uk/support/thinq/,UK,Support - 일반,76
https://www.lg.com/uk/support/,UK,Support - 일반,82
https://www.lg.com/uk/support/order-support/track-my-order/,UK,Support - 일반,79
https://www.lg.com/uk/support/sustainability/,UK,Support - 일반,75
https://www.lg.com/uk/support/order-support/frequently-asked-questions/,UK,Support - 일반,82
https://www.lg.com/uk/support/product-support/right-to-repair/,UK,Support - 일반,79
https://www.lg.com/uk/support/announcements/,UK,Support - 일반,79
https://www.lg.com/uk/support/product-support/cs-32U889SA-W.AEK/,UK,Support - 일반,82
https://www.lg.com/uk/support/product-support/cs-50PG4000.AEK/,UK,Support - 일반,82
https://www.lg.com/uk/support/product-support/cs-AM-ST20BB.AEU/,UK,Support - 일반,82
https://www.lg.com/uk/support/product-support/cs-MC24AHV.N81/,UK,Support - 일반,82
https://www.lg.com/uk/support/product-support/cs-75QNED92A6A.AEUQ/,UK,Support - 일반,82
https://www.lg.com/uk/support/product-support/cs-ARNU07GTJC2.ENWALEU/,UK,Support - 일반,82
https://www.lg.com/uk/support/product-support/cs-DVS450H.BGBRLLK/,UK,Support - 일반,82
https://www.lg.com/uk/support/product-support/cs-GSA4081B.*/,UK,Support - 일반,82
https://www.lg.com/uk/support/product-support/cs-GSLD80PZRF.APZQLGT/,UK,Support - 일반,82
https://www.lg.com/uk/support/product-support/cs-UU42W.U32/,UK,Support - 일반,82
https://www.lg.com/uk/support/product-support/cs-86BH5C-B.AEU/,UK,Support - 일반,82
https://www.lg.com/uk/support/product-support/cs-PQWRHQ0FDB.ENCXLEU/,UK,Support - 일반,82
https://www.lg.com/uk/support/product-support/cs-MU2R15.U12/,UK,Support - 일반,82
https://www.lg.com/uk/support/product-support/cs-75XS2E-B.AEK/,UK,Support - 일반,82
https://www.lg.com/uk/support/product-support/cs-49UM7390PLC.ADRB/,UK,Support - 일반,82
https://www.lg.com/uk/support/product-support/cs-MU2R15.U13/,UK,Support - 일반,82
https://www.lg.com/uk/support/product-support/cs-55EW961H.AEKX/,UK,Support - 일반,82
https://www.lg.com/uk/support/product-support/cs-KS360.AO2IBK/,UK,Support - 일반,82
https://www.lg.com/uk/support/product-support/cs-ARNU09GTSC4.ENWBLEU/,UK,Support - 일반,82
https://www.lg.com/uk/support/product-support/cs-LAEC015-GN2.AEKQ/,UK,Support - 일반,82
https://www.lg.com/uk/support/product-support/cs-BP255.EGBRLLM/,UK,Support - 일반,82
https://www.lg.com/uk/support/product-support/cs-16Z90TS-G.AU79A1/,UK,Support - 일반,82
https://www.lg.com/uk/support/product-support/cs-ON5.DGBRLLK/,UK,Support - 일반,82
https://www.lg.com/uk/support/product-support/cs-32LD420C.AEU/,UK,Support - 일반,82
https://www.lg.com/uk/support/product-support/cs-55UK660H0LA.AEK/,UK,Support - 일반,82
https://www.lg.com/uk/support/product-support/cs-LSM3061HL.*/,UK,Support - 일반,82
https://www.lg.com/uk/support/product-support/cs-47WX30MW-B.AEU/,UK,Support - 일반,82
https://www.lg.com/uk/support/product-support/cs-55LS55A-5B.AEK/,UK,Support - 일반,82
https://www.lg.com/uk/support/product-support/cs-43UT782H0ZA.AEU/,UK,Support - 일반,82
https://www.lg.com/uk/support/product-support/cs-65UM7660PLA.AEK/,UK,Support - 일반,82
https://www.lg.com/uk/support/product-support/cs-L1942SE-BF.AEK/,UK,Support - 일반,82
https://www.lg.com/uk/support/product-support/cs-GW520.AHUKAQ/,UK,Support - 일반,82
https://www.lg.com/uk/support/product-support/cs-32LC45.AEC/,UK,Support - 일반,82
https://www.lg.com/uk/support/product-support/cs-UT36.NN2/,UK,Support - 일반,82
https://www.lg.com/uk/support/product-support/cs-GSCD069-GN4.AEK/,UK,Support - 일반,82
https://www.lg.com/uk/support/product-support/cs-55UB830V.AEK/,UK,Support - 일반,82
https://www.lg.com/uk/support/product-support/cs-S12EQ.UA3/,UK,Support - 일반,82
https://www.lg.com/uk/support/product-support/cs-OLED65C15LA.AEK/,UK,Support - 일반,82
https://www.lg.com/uk/support/product-support/cs-M1917A-BZ.*/,UK,Support - 일반,82
https://www.lg.com/uk/support/product-support/cs-W2042S-PF.AEK/,UK,Support - 일반,82
https://www.lg.com/uk/support/product-support/cs-GSJV30DSXF.ADSQLGU/,UK,Support - 일반,82
https://www.lg.com/uk/support/product-support/cs-GD510.AORUAP/,UK,Support - 일반,82
https://www.lg.com/uk/support/product-support/cs-F1443KD.ABWQEUK/,UK,Support - 일반,82
https://www.lg.com/uk/support/product-support/cs-F4V909BTSE.ABLQPUK/,UK,Support - 일반,82
https://www.lg.com/uk/support/product-support/cs-47WL10MS-B.AEK/,UK,Support - 일반,82
https://www.lg.com/uk/support/product-support/cs-F4J6TY8S.AESQWUK/,UK,Support - 일반,82
https://www.lg.com/uk/support/product-support/cs-FAV310WNE.ABWQPUK/,UK,Support - 일반,82
https://www.lg.com/uk/support/product-support/cs-F14A8TDSA.ABWQEUK/,UK,Support - 일반,82
https://www.lg.com/uk/support/product-support/cs-E2340S-PN.AEK/,UK,Support - 일반,82
https://www.lg.com/uk/support/product-support/cs-ARNU18GB2G2.ENWAEEU/,UK,Support - 일반,82
https://www.lg.com/uk/support/product-support/cs-CA24AWR.NC0/,UK,Support - 일반,82
https://www.lg.com/uk/support/product-support/cs-PRHR041.ENCXLEU/,UK,Support - 일반,82
https://www.lg.com/uk/support/product-support/cs-CT18F.NQ0/,UK,Support - 일반,82
https://www.lg.com/uk/support/product-support/cs-PC24SC.U24T/,UK,Support - 일반,82
https://www.lg.com/uk/support/product-support/cs-LV880.*/,UK,Support - 일반,82
https://www.lg.com/uk/support/product-support/cs-HA061M.E1/,UK,Support - 일반,82
https://www.lg.com/uk/support/product-support/cs-AH215.AEK/,UK,Support - 일반,82
https://www.lg.com/uk/support/product-support/cs-49LK5100PLA.AEK/,UK,Support - 일반,82
https://www.lg.com/uk/support/product-support/cs-HF80JG.AEU/,UK,Support - 일반,82
https://www.lg.com/uk/support/product-support/cs-75UK6500PLA.AEK/,UK,Support - 일반,82
https://www.lg.com/uk/support/product-support/cs-UM60F.N30/,UK,Support - 일반,82
https://www.lg.com/uk/support/product-support/cs-P03ADZ.NR0/,UK,Support - 일반,82
https://www.lg.com/uk/support/product-support/cs-65UR762H3ZC.AEU/,UK,Support - 일반,82
https://www.lg.com/uk/support/product-support/cs-PV150G.AEK/,UK,Support - 일반,82
https://www.lg.com/uk/support/product-support/cs-CM3370.AGBRLLK/,UK,Support - 일반,82
https://www.lg.com/uk/support/product-support/cs-WM1465FHD.*/,UK,Support - 일반,82
https://www.lg.com/uk/support/product-support/cs-55XS4F-B.AEKZ/,UK,Support - 일반,82
https://www.lg.com/uk/support/product-support/cs-GB7143A2PW1.AA2QLGU/,UK,Support - 일반,82
https://www.lg.com/uk/support/product-support/cs-86UH5J-H.AEK/,UK,Support - 일반,82
https://www.lg.com/uk/support/product-support/cs-LGD821.AUK3BK/,UK,Support - 일반,82
https://www.lg.com/uk/support/product-support/cs-U8138.HUKSU/,UK,Support - 일반,82
https://www.lg.com/uk/support/product-support/cs-ARNU36GTAB4.ENWBLEU/,UK,Support - 일반,82
https://www.lg.com/uk/support/product-support/cs-UM60F.N31/,UK,Support - 일반,82
https://www.lg.com/uk/support/product-support/cs-29MA73V-PZ.AEK/,UK,Support - 일반,82
https://www.lg.com/uk/support/product-support/cs-BD450.AEU/,UK,Support - 일반,82
https://www.lg.com/uk/support/product-support/cs-CM1560.AWEULLK/,UK,Support - 일반,82
https://www.lg.com/uk/support/product-support/cs-GH22NS40.AUAU10B/,UK,Support - 일반,82
https://www.lg.com/uk/support/product-support/cs-24MT49S-PZ.AEK/,UK,Support - 일반,82
https://www.lg.com/uk/support/product-support/cs-AC18BK.UL2/,UK,Support - 일반,82
https://www.lg.com/uk/support/product-support/cs-GS9166AENV.AAVQLGU/,UK,Support - 일반,82
https://www.lg.com/uk/support/product-support/cs-KF600.ATSCSV/,UK,Support - 일반,82
https://www.lg.com/uk/support/product-support/cs-OLED42C37LA.AEU/,UK,Support - 일반,82
https://www.lg.com/uk/support/product-support/cs-27ART10AKPL.AEUW/,UK,Support - 일반,82
https://www.lg.com/uk/support/product-support/troubleshoot/,UK,Support - Troubleshoot,76
https://www.lg.com/uk/support/product-support/cs-F1481TD.ABWQEUK/,UK,Support - 일반,82
https://www.lg.com/uk/support/product-support/troubleshoot/help-library/cs-CT00008362-20154647198573/,UK,Support - Troubleshoot,79
https://www.lg.com/uk/support/product-support/troubleshoot/help-library/cs-CT00008333-20154863446511/,UK,Support - Troubleshoot,79
https://www.lg.com/uk/support/product-support/troubleshoot/help-library/cs-CT00008362-20154858026058/,UK,Support - Troubleshoot,79
https://www.lg.com/uk/support/product-support/troubleshoot/help-library/cs-CT00001302-20154856465899/,UK,Support - Troubleshoot,79
https://www.lg.com/uk/support/product-support/troubleshoot/help-library/cs-CT00008386-20154863207703/,UK,Support - Troubleshoot,79
https://www.lg.com/uk/support/product-support/troubleshoot/help-library/cs-CT00008362-20154856569305/,UK,Support - Troubleshoot,79
https://www.lg.com/uk/support/product-support/troubleshoot/help-library/cs-CT00008333-20154859969931/,UK,Support - Troubleshoot,79
https://www.lg.com/uk/support/product-support/troubleshoot/help-library/cs-CT00008386-20154712453228/,UK,Support - Troubleshoot,79
https://www.lg.com/uk/support/product-support/troubleshoot/help-library/cs-CT00008362-20154779654569/,UK,Support - Troubleshoot,79
https://www.lg.com/uk/support/product-support/troubleshoot/help-library/cs-CT00008355-20154856336700/,UK,Support - Troubleshoot,79
https://www.lg.com/uk/support/product-support/troubleshoot/help-library/cs-CT00008386-20155132561464/,UK,Support - Troubleshoot,79
https://www.lg.com/uk/support/product-support/troubleshoot/help-library/cs-CT32002742-20154863560288/,UK,Support - Troubleshoot,79
https://www.lg.com/uk/support/product-support/troubleshoot/help-library/cs-CT00008362-20154713260975/,UK,Support - Troubleshoot,79
https://www.lg.com/uk/support/product-support/troubleshoot/help-library/cs-CT00008333-20154767049679/,UK,Support - Troubleshoot,79
https://www.lg.com/uk/support/product-support/troubleshoot/help-library/cs-CT00008386-20155132500088/,UK,Support - Troubleshoot,79
https://www.lg.com/uk/support/product-support/troubleshoot/help-library/cs-CT00008362-20154857939196/,UK,Support - Troubleshoot,79
https://www.lg.com/uk/support/product-support/troubleshoot/help-library/cs-CT00008362-20154848403532/,UK,Support - Troubleshoot,79
https://www.lg.com/uk/support/product-support/troubleshoot/help-library/cs-CT00008333-20155146340033/,UK,Support - Troubleshoot,79
https://www.lg.com/uk/support/product-support/troubleshoot/help-library/cs-CT00008362-20154720551306/,UK,Support - Troubleshoot,79
https://www.lg.com/uk/support/product-support/troubleshoot/help-library/cs-CT00008386-20155122619015/,UK,Support - Troubleshoot,79
https://www.lg.com/uk/support/product-support/troubleshoot/help-library/cs-CT00008362-20154713279141/,UK,Support - Troubleshoot,79
https://www.lg.com/uk/support/product-support/troubleshoot/help-library/cs-CT00008386-20154861995776/,UK,Support - Troubleshoot,79
https://www.lg.com/uk/support/product-support/troubleshoot/help-library/cs-CT00008333-20154858417303/,UK,Support - Troubleshoot,79
https://www.lg.com/uk/support/product-support/troubleshoot/help-library/cs-CT00008333-20155019546794/,UK,Support - Troubleshoot,79
https://www.lg.com/uk/support/product-support/troubleshoot/help-library/cs-CT32002741-20154664029711/,UK,Support - Troubleshoot,79
https://www.lg.com/uk/support/product-support/troubleshoot/help-library/cs-CT00008386-20154862044264/,UK,Support - Troubleshoot,79
https://www.lg.com/uk/support/product-support/troubleshoot/help-library/cs-CT00008386-20155132512068/,UK,Support - Troubleshoot,79
https://www.lg.com/uk/support/product-support/troubleshoot/help-library/cs-CT00008362-20154856189333/,UK,Support - Troubleshoot,79
https://www.lg.com/uk/support/product-support/troubleshoot/help-library/cs-CT00008333-20155132480021/,UK,Support - Troubleshoot,79
https://www.lg.com/uk/support/product-support/troubleshoot/help-library/cs-CT00008333-20154863451319/,UK,Support - Troubleshoot,79
https://www.lg.com/uk/support/product-support/troubleshoot/help-library/cs-CT00008386-20154787466547/,UK,Support - Troubleshoot,79
https://www.lg.com/uk/support/product-support/troubleshoot/help-library/cs-CT41000011-20154710776997/,UK,Support - Troubleshoot,79
https://www.lg.com/uk/support/product-support/troubleshoot/help-library/cs-CT00008386-20155142679443/,UK,Support - Troubleshoot,79
https://www.lg.com/uk/support/product-support/troubleshoot/help-library/cs-CT00008333-20154861520886/,UK,Support - Troubleshoot,79
https://www.lg.com/uk/support/product-support/troubleshoot/help-library/cs-CT00008333-20155145268096/,UK,Support - Troubleshoot,79
https://www.lg.com/uk/support/product-support/troubleshoot/help-library/cs-CT00008386-20155132556782/,UK,Support - Troubleshoot,79
https://www.lg.com/uk/support/product-support/troubleshoot/help-library/cs-CT00008333-20155140923425/,UK,Support - Troubleshoot,79
https://www.lg.com/uk/support/product-support/troubleshoot/help-library/cs-CT00008362-20154647198304/,UK,Support - Troubleshoot,79
https://www.lg.com/uk/support/product-support/troubleshoot/help-library/cs-CT00008333-20154713301176/,UK,Support - Troubleshoot,79
https://www.lg.com/uk/support/product-support/troubleshoot/help-library/cs-CT00008362-20154713311348/,UK,Support - Troubleshoot,79
https://www.lg.com/uk/support/product-support/troubleshoot/help-library/cs-CT00001302-20154856478098/,UK,Support - Troubleshoot,79
https://www.lg.com/uk/support/product-support/troubleshoot/help-library/cs-CT00008333-20154860355714/,UK,Support - Troubleshoot,79
https://www.lg.com/uk/support/product-support/troubleshoot/help-library/cs-CT00008386-20154863607485/,UK,Support - Troubleshoot,79
https://www.lg.com/uk/support/product-support/troubleshoot/help-library/cs-CT00008333-20154860402783/,UK,Support - Troubleshoot,79
https://www.lg.com/uk/support/product-support/troubleshoot/help-library/cs-CT00001871-20154712726746/,UK,Support - Troubleshoot,79
https://www.lg.com/uk/support/product-support/troubleshoot/help-library/cs-CT00008386-20154860317808/,UK,Support - Troubleshoot,79
https://www.lg.com/uk/support/product-support/troubleshoot/help-library/cs-CT41000011-20154768449198/,UK,Support - Troubleshoot,79
https://www.lg.com/uk/support/product-support/troubleshoot/help-library/cs-CT00008333-20154713269815/,UK,Support - Troubleshoot,79
https://www.lg.com/uk/support/product-support/troubleshoot/help-library/cs-CT00008362-20155101726097/,UK,Support - Troubleshoot,79
https://www.lg.com/uk/support/product-support/troubleshoot/help-library/cs-CT00008386-20154647198545/,UK,Support - Troubleshoot,79
https://www.lg.com/uk/support/product-support/troubleshoot/help-library/cs-CT00008333-20154579047087/,UK,Support - Troubleshoot,79
https://www.lg.com/uk/support/product-support/troubleshoot/help-library/cs-CT00008386-20154712834781/,UK,Support - Troubleshoot,79
https://www.lg.com/uk/support/product-support/troubleshoot/help-library/cs-CT00008333-20155145285967/,UK,Support - Troubleshoot,79
https://www.lg.com/uk/support/product-support/troubleshoot/help-library/cs-CT41000011-20154712696516/,UK,Support - Troubleshoot,79
https://www.lg.com/uk/support/product-support/troubleshoot/help-library/cs-CT00008362-20154848508202/,UK,Support - Troubleshoot,79
https://www.lg.com/uk/support/product-support/troubleshoot/help-library/cs-CT00008333-20154712948108/,UK,Support - Troubleshoot,79
https://www.lg.com/uk/support/product-support/troubleshoot/help-library/cs-CT00008355-20154856346661/,UK,Support - Troubleshoot,79
https://www.lg.com/uk/support/product-support/troubleshoot/help-library/cs-CT00008386-20155154194090/,UK,Support - Troubleshoot,79
https://www.lg.com/uk/support/product-support/troubleshoot/help-library/cs-CT00008333-20155146348785/,UK,Support - Troubleshoot,79
https://www.lg.com/uk/support/product-support/troubleshoot/help-library/cs-CT00008333-20153292398729OLT/,UK,Support - Troubleshoot,79
https://www.lg.com/uk/support/product-support/troubleshoot/help-library/cs-CT00008386-20154752584538/,UK,Support - Troubleshoot,79
https://www.lg.com/uk/support/product-support/troubleshoot/help-library/cs-CT00008386-20154647198542/,UK,Support - Troubleshoot,79
https://www.lg.com/uk/support/product-support/troubleshoot/help-library/cs-CT00008333-20154860241448/,UK,Support - Troubleshoot,79
https://www.lg.com/uk/support/product-support/troubleshoot/help-library/cs-CT00008333-20155142860379/,UK,Support - Troubleshoot,79
https://www.lg.com/uk/support/product-support/troubleshoot/help-library/cs-CT00008333-20154860307782/,UK,Support - Troubleshoot,79
https://www.lg.com/uk/support/product-support/troubleshoot/help-library/cs-CT32002741-20154856487189/,UK,Support - Troubleshoot,79
https://www.lg.com/uk/support/product-support/troubleshoot/help-library/cs-CT00001871-20154712863952/,UK,Support - Troubleshoot,79
https://www.lg.com/uk/support/product-support/troubleshoot/help-library/cs-CT00008333-20154713307124/,UK,Support - Troubleshoot,79
https://www.lg.com/uk/support/product-support/troubleshoot/help-library/cs-CT00008362-20154579801418/,UK,Support - Troubleshoot,79
https://www.lg.com/uk/support/product-support/troubleshoot/help-library/cs-CT00008362-20154713298450/,UK,Support - Troubleshoot,79
https://www.lg.com/uk/support/product-support/troubleshoot/help-library/cs-CT00008386-20154860280758/,UK,Support - Troubleshoot,79
https://www.lg.com/uk/support/product-support/troubleshoot/help-library/cs-CT00008333-20154712573190/,UK,Support - Troubleshoot,79
https://www.lg.com/uk/support/product-support/troubleshoot/help-library/cs-CT00008333-20153282551315OLT/,UK,Support - Troubleshoot,79
https://www.lg.com/uk/support/product-support/troubleshoot/help-library/cs-CT00008362-20154713310008/,UK,Support - Troubleshoot,79
https://www.lg.com/uk/support/product-support/troubleshoot/help-library/cs-CT00008386-20154712882851/,UK,Support - Troubleshoot,79
https://www.lg.com/uk/support/product-support/troubleshoot/help-library/cs-CT00008386-20154712896391/,UK,Support - Troubleshoot,79
https://www.lg.com/uk/support/product-support/troubleshoot/help-library/cs-CT00008386-20154423901662/,UK,Support - Troubleshoot,79
https://www.lg.com/uk/support/product-support/troubleshoot/help-library/cs-CT00008355-20154713040457/,UK,Support - Troubleshoot,79
https://www.lg.com/uk/support/product-support/troubleshoot/help-library/cs-CT00008386-20155143398250/,UK,Support - Troubleshoot,79
https://www.lg.com/uk/support/product-support/troubleshoot/help-library/cs-CT00008386-20154858525106/,UK,Support - Troubleshoot,79
https://www.lg.com/uk/support/product-support/troubleshoot/help-library/cs-CT00008386-20154647198669/,UK,Support - Troubleshoot,79
https://www.lg.com/uk/support/product-support/troubleshoot/help-library/cs-CT00008386-20154647198536/,UK,Support - Troubleshoot,79
https://www.lg.com/uk/support/product-support/troubleshoot/help-library/cs-CT00008386-20155029323545/,UK,Support - Troubleshoot,79
https://www.lg.com/uk/support/product-support/troubleshoot/help-library/cs-CT00008333-20155146343754/,UK,Support - Troubleshoot,79
https://www.lg.com/uk/support/product-support/troubleshoot/help-library/cs-CT00008333-20154713329099/,UK,Support - Troubleshoot,79
https://www.lg.com/uk/support/product-support/troubleshoot/help-library/cs-CT00008386-20154712975312/,UK,Support - Troubleshoot,79
https://www.lg.com/uk/support/product-support/troubleshoot/help-library/cs-CT00008333-20154863450247/,UK,Support - Troubleshoot,79
https://www.lg.com/uk/support/product-support/troubleshoot/help-library/cs-CT00001871-20154712965151/,UK,Support - Troubleshoot,79
https://www.lg.com/uk/support/product-support/troubleshoot/help-library/cs-CT00008386-20155062028871/,UK,Support - Troubleshoot,79
https://www.lg.com/uk/support/product-support/troubleshoot/help-library/cs-CT00008362-20154713268377/,UK,Support - Troubleshoot,79
https://www.lg.com/uk/support/product-support/troubleshoot/help-library/cs-CT00008333-20153746811243LST/,UK,Support - Troubleshoot,79
https://www.lg.com/uk/support/product-support/troubleshoot/help-library/cs-CT00008333-20154713338571/,UK,Support - Troubleshoot,79
https://www.lg.com/uk/support/product-support/troubleshoot/help-library/cs-CT00008333-20154861487242/,UK,Support - Troubleshoot,79
https://www.lg.com/uk/support/product-support/troubleshoot/help-library/cs-CT00008362-20154856558408/,UK,Support - Troubleshoot,79
https://www.lg.com/uk/support/product-support/troubleshoot/help-library/cs-CT00008333-20154861559323/,UK,Support - Troubleshoot,79
https://www.lg.com/uk/support/product-support/troubleshoot/help-library/cs-CT00008362-20154858325445/,UK,Support - Troubleshoot,79
https://www.lg.com/uk/support/product-support/troubleshoot/help-library/cs-CT00008362-20154712898576/,UK,Support - Troubleshoot,79
https://www.lg.com/uk/support/product-support/troubleshoot/help-library/cs-CT00008333-20154860341331/,UK,Support - Troubleshoot,79
https://www.lg.com/uk/support/product-support/troubleshoot/help-library/cs-CT00008333-20154860317229/,UK,Support - Troubleshoot,79
https://www.lg.com/us/monitors/ultragear-buying-guide/refresh-rate,USA,구매 가이드,71
https://www.lg.com/us/discover/instaview-door-in-door/craft-ice,USA,Global Newsroom,63
https://www.lg.com/us/experience,USA,LG Experience,73
https://www.lg.com/us/experience/best-lg-laptop-for-writers,USA,LG Experience,73
https://www.lg.com/us/refrigerator-buying-guide,USA,구매 가이드,69
https://www.lg.com/us/experience/ai-tv-for-sound-and-vision,USA,LG Experience,70
https://www.lg.com/us/tv-buying-guide/which-lg-tv-resolution-is-best,USA,구매 가이드,68
https://www.lg.com/us/tv-buying-guide/which-lg-tv-is-best,USA,구매 가이드,68
https://www.lg.com/us/experience/ai-productivity-best-ai-laptop,USA,LG Experience,73
https://www.lg.com/us/experience/best-lg-travel-gadgets,USA,LG Experience,73
https://www.lg.com/us/experience/changes-in-technology,USA,LG Experience,73
https://www.lg.com/us/monitors/ultragear-buying-guide/work-and-play,USA,구매 가이드,69
https://www.lg.com/us/monitors/ultragear-buying-guide,USA,구매 가이드,71
https://www.lg.com/us/tv-buying-guide,USA,구매 가이드,68
https://www.lg.com/us/monitors/ultragear-buying-guide/screen-size,USA,구매 가이드,69
https://www.lg.com/us/tv-buying-guide/which-lg-tv-panel-type-is-best,USA,구매 가이드,68
https://www.lg.com/us/monitors/ultragear-buying-guide/resolution,USA,구매 가이드,74
https://www.lg.com/us/tv-buying-guide/best-tv-for-your-lifestyle,USA,구매 가이드,68
https://www.lg.com/us/tv-buying-guide/how-ai-enhances-smart-tvs,USA,구매 가이드,68
https://www.lg.com/us/4-door-refrigerator-buying-guide,USA,구매 가이드,69
https://www.lg.com/us/experience/luxury-tech-gift-ideas-for-women,USA,LG Experience,73
https://www.lg.com/us/experience/how-to-find-the-correct-lg-refrigerator-filter-for-your-model,USA,LG Experience,77
https://www.lg.com/us/experience/refrigerator-maintenance-tips,USA,LG Experience,77
https://www.lg.com/us/experience/smart-dryer-laundry-days-wifi-control,USA,LG Experience,73
https://www.lg.com/us/experience/smart-wash-spin-cycle,USA,LG Experience,73
https://www.lg.com/us/experience/how-to-pick-cordless-vacuum-cleaner,USA,LG Experience,73
https://www.lg.com/us/experience/smart-home-automation-thinq,USA,LG Experience,73
https://www.lg.com/us/experience/home-automation-smart-home,USA,LG Experience,73
https://www.lg.com/us/experience/laptop-cybersecurity-guide,USA,LG Experience,73
https://www.lg.com/us/experience/how-to-measure-and-read-tv-sizes,USA,LG Experience,70
https://www.lg.com/us/experience/laptop-battery-life,USA,LG Experience,77
https://www.lg.com/us/experience/what-is-a-smart-tv,USA,LG Experience,73
https://www.lg.com/us/experience/high-end-gifts-for-him,USA,LG Experience,73
https://www.lg.com/us/experience/pro-gaming-setup,USA,LG Experience,73
https://www.lg.com/us/experience/man-cave-gaming-room,USA,LG Experience,73
https://www.lg.com/us/experience/family-movie-night-with-lg-tv,USA,LG Experience,73
https://www.lg.com/us/experience/earth-day-at-home-energy-efficient-appliances,USA,LG Experience,77
https://www.lg.com/us/experience/when-to-change-lg-refrigerator-water-filter,USA,LG Experience,77
https://www.lg.com/us/experience/small-living-room-ideas,USA,LG Experience,73
https://www.lg.com/us/experience/choosing-top-load-front-load-washer,USA,LG Experience,73
https://www.lg.com/us/home-electrification/what-is-induction-cooking,USA,Microsite,65
https://www.lg.com/us/experience/why-lg-soundbars,USA,LG Experience,73
https://www.lg.com/us/residential-hvac/solutions-applications/blog,USA,Microsite,76
https://www.lg.com/us/experience/which-soundbar-is-right-for-you-lg,USA,LG Experience,73
https://www.lg.com/us/residential-hvac/heat-pump/how-it-works,USA,Microsite,76
https://www.lg.com/us/experience/which-lg-tv-is-right-for-you,USA,LG Experience,73
https://www.lg.com/us/press-media/media-contacts,USA,Global Newsroom,72
https://www.lg.com/us/press-release/LG-CHARGEPOINT_STRATEGIC_PARTNERSHIP_BusinessSolutions,USA,Global Newsroom,62
https://www.lg.com/us/press-release/2025-lg-qned-evo-transforms-with-core-oled-tv-innovations-true-wireless-ai-and-hyper-personalization,USA,Global Newsroom,69
https://www.lg.com/us/press-release/2025-lg-wonderbox-winner-announcement-press-release,USA,Global Newsroom,62
https://www.lg.com/us/press-release/amazon-and-lg-collaborate-on-groundbreaking-alexa-for-hospitality-integration-with-lg-hotel-tvs,USA,Global Newsroom,62
https://www.lg.com/us/press-release/apple-airplay-launches-on-lg-hotel-tvs-at-select-ihg-hotels-and-resorts,USA,Global Newsroom,69
https://www.lg.com/us/press-release/annual-lg-tech-tober-fest-returns-to-newly-remodeled-chicago-business-innovation-center,USA,Global Newsroom,59
https://www.lg.com/us/press-release/LG-CHARGEPOINT_STRATEGIC_PARTNERSHIP,USA,Global Newsroom,62
https://www.lg.com/us/press-release,USA,Global Newsroom,72
https://www.lg.com/us/press-release/advanced-digital-displays-robots-and-ev-chargers-from-lg-business-solutions-spotlighted-at-ces-2024,USA,Global Newsroom,69
https://www.lg.com/us/press-release/LG-INTRODUCES-FASTER-ADVANCED-CUSTOMER-SERVICE-EXPERIENCE-WITH-PROACTIVE-SUPPORT,USA,Global Newsroom,62
https://www.lg.com/us/press-release/advanced-new-medical-imaging-oem-offering-combines-lenovo-workstations-and-lg-monitors,USA,Global Newsroom,62
https://www.lg.com/us/press-release/apple-tv-app-and-apple-tvplus-now-available-on-2019-lg-tvs-in-us-and-80-plus-other-countries,USA,Global Newsroom,59
https://www.lg.com/us/press-release/2023-lg-gram-lineup-offers-more-stylish-yet-powerful-user-experience,USA,Global Newsroom,69
https://www.lg.com/us/press-release/LG-TVS-FIRST-TO-EXCEED-OFFICIAL-INDUSTRY-DEFINITION-FOR-8K-ULTRA-HD-TV-1,USA,Global Newsroom,62
https://www.lg.com/us/press-release/LG-BRINGS-SLOW-MELTING-ROUND-CRAFT-ICE-TO-FLAGSHIP-INSTAVIEW-REFRIGERATORS,USA,Global Newsroom,62
https://www.lg.com/us/top-freezer-refrigerators,USA,Microsite,80
https://www.lg.com/us/top-load-washers,USA,Microsite,80
https://www.lg.com/us/top-control-dishwashers,USA,Microsite,80
https://www.lg.com/us/residential-hvac/why-lg/sustainability,USA,Microsite,73
https://www.lg.com/us/press-release/century-communities-selects-lg-electronics-as-national-appliance-partner,USA,Global Newsroom,69
https://www.lg.com/us/press-release/best-price-ever-on-ultra-large-screen-lg-oled-tv-is-best-time-ever-to-upgrade,USA,Global Newsroom,69
https://www.lg.com/us/press-release/directv-expands-access-to-include-lg-smart-tvs,USA,Global Newsroom,69
https://www.lg.com/us/press-release/bacher-joins-lg-business-solutions-as-head-of-marketing,USA,Global Newsroom,69
https://www.lg.com/us/press-release/celebrate-independence-day-with-firecracker-deals-on-lg-home-appliance-and-entertainment-products,USA,Global Newsroom,72
https://www.lg.com/us/press-release/artist-david-van-eyssen-debuts-new-sound-motion-artwork-lg-oled-gallery-tvs-iconic-kimpton-la-peer-hotel,USA,Global Newsroom,69
https://www.lg.com/us/press-release/century-communities-selects-lg-electronics-national-appliance-partner,USA,Global Newsroom,69
https://www.lg.com/us/press-release/award-winning-lg-appliances-featured-at-kbis-2024-offer-effortless-cleaning-efficient-solutions,USA,Global Newsroom,69
https://www.lg.com/us/press-release/disney-plus-now-available-on-lg-cinebeam-projectors,USA,Global Newsroom,69
https://www.lg.com/us/press-release/best-in-class-lg-oled-tvs-kick-off-the-2022-season-at-lowest-price-ever,USA,Global Newsroom,72
https://www.lg.com/us/press-release/breathe-easy-this-holday-season-beyond-big-savings-lg-energy-star-air-purifiers,USA,Global Newsroom,72
https://www.lg.com/us/press-release/critically-acclaimed-lg-oled-tvs-kick-off-2020-at-lowest-price-ever,USA,Global Newsroom,62
https://www.lg.com/us/press-release/award-winning-lg-oled-tvs-kick-off-2021-at-lowest-price-ever,USA,Global Newsroom,76
https://www.lg.com/us/press-release/ces-2025-innovation-awards,USA,Global Newsroom,62
https://www.lg.com/us/press-release/celebrate-independence-day-firecracker-deals-on-lg-home-appliance-and-entertainment-products,USA,Global Newsroom,72
https://www.lg.com/us/press-release/dj-khaled-megan-fox-to-face-off-in-epic-live-gam-ing-battle-to-kick-off-lgs-only-on-oled-campaign,USA,Global Newsroom,55
https://www.lg.com/us/press-release/cure-the-end-of-summer-blues-with-mega-labor-day-lg-energy-star-appliance-deals,USA,Global Newsroom,62
https://www.lg.com/us/press-release/celebrate-presidents-day-with-savings-on-lg-home-appliance-and-entertainment-products,USA,Global Newsroom,76
https://www.lg.com/us/press-release/ces-spectators-mesmerized-yet-again-with-lgs-spectacular-oled-wave-and-fountain-exhibitions,USA,Global Newsroom,59
https://www.lg.com/us/press-release/archive-before-2019,USA,Global Newsroom,62
https://www.lg.com/us/press-release/fox-sports-app-launches-on-lg-smart-tvs,USA,Global Newsroom,72
https://www.lg.com/us/press-release/game-on-lg-kicks-off-pre-orders-for-ultragear-evo-gx9-and-gm9-gaming-monitors,USA,Global Newsroom,72
https://www.lg.com/us/press-release/epa-honors-lg-electronics-usa-with-toplevel-environmental-awards,USA,Global Newsroom,62
https://www.lg.com/us/press-release/espn-app-including-espn-now-available-on-lg-smart-tvs,USA,Global Newsroom,69
https://www.lg.com/us/press-release/exploring-anime-is-easier-than-ever-as-crunchyroll-launches-on-lg-smart-tvs-internationally-beginning-today,USA,Global Newsroom,66
https://www.lg.com/us/press-release/goal-lg-channels-world-pup-launches-on-june-10-as-a-global-celebration-of-rescue-dogs-and-giving-back,USA,Global Newsroom,72
https://www.lg.com/us/press-release/gaming-on-lg-premium-tvs-reaches-new-heights-with-latest-dolby-vision-update,USA,Global Newsroom,69
https://www.lg.com/us/press-release/epa-recognizes-lg-as-green-power-leader,USA,Global Newsroom,59
https://www.lg.com/us/press-release/earth_day_e-waste_drive,USA,Global Newsroom,59
https://www.lg.com/us/press-release/environmental-protection-agency-honors-lg-for-responsible-electronics-recycling-leadership,USA,Global Newsroom,72
https://www.lg.com/us/press-release/lg-2023-home-appliances-hvac-energy-solutions-support-healthier-greener-smarter-building-trends,USA,Global Newsroom,69
https://www.lg.com/us/press-release/lg-2021-slide-in-ranges-feature-advanced-multifunctional-cooking,USA,Global Newsroom,72
https://www.lg.com/us/press-release/lg-2021-puricare-air-care-line-helps-users-breathe-easy-at-home-and-on-the-go,USA,Global Newsroom,76
https://www.lg.com/us/press-release/lg-achieves-50-percent-ghg-reduction-goal-in-us,USA,Global Newsroom,62
https://www.lg.com/us/press-release/lg-2025-oled-tvs-achieve-true-visual-experience-with-indoor-lighting-certification,USA,Global Newsroom,76
https://www.lg.com/us/press-release/lg-adds-new-benefits-to-lg-pro-channel-partner-program,USA,Global Newsroom,72
https://www.lg.com/us/press-release/kwack-named-president-and-ceo-lg-electronics-north-america,USA,Global Newsroom,66
https://www.lg.com/us/press-release/k-12-education-white-paper-explores-role-of-digital-displays-in-hybrid-and-remote-learning,USA,Global Newsroom,69
https://www.lg.com/us/press-release/laundry-lounge-powered-by-lg-college-dorm-project-launched-at-university-of-tennessee,USA,Global Newsroom,69
https://www.lg.com/us/press-release/got-power-67-of-us-homeowners-experienced-power-outage-in-past-year-nationwide-survey-reveals,USA,Global Newsroom,76
https://www.lg.com/us/press-release/lg-adds-air-sous-vide-to-new-instaview-slide-in-ranges-for-complete-cooking-solution,USA,Global Newsroom,72
https://www.lg.com/us/press-release/lg-21-9-ultra-wide-probeam-laser-projector-maximizes-hybrid-worlplace-capabilities,USA,Global Newsroom,72
https://www.lg.com/us/press-release/lg-2026-ultrawide-ultrafine-business-monitors,USA,Global Newsroom,76
https://www.lg.com/us/press-release/lg-2022-home-appliances-hvac-and-energy-solutions-lead-smarter-healthier-greener-building-trends,USA,Global Newsroom,76
https://www.lg.com/us/press-release/innovative-lg-one-quick-solutions-deliver-all-in-one-touch-displays-wireless-collaboration-technology,USA,Global Newsroom,59
https://www.lg.com/us/press-release/innovative-lg-one-quick-solutions-deliver-all-in-one-touch-display-wireless-collaboration-technology,USA,Global Newsroom,69
https://www.lg.com/us/press-release/hbo-max-app-launches-on-lg-smart-tvs-in-us,USA,Global Newsroom,69
https://www.lg.com/us/press-release/k12-education-white-paper-explores-role-of-digital-displays-in-hybrid-and-remote-learning,USA,Global Newsroom,72
https://www.lg.com/us/press-release/leading-edge-lg-hvac-technologies-take-center-stage-at-aia-expo-2019,USA,Global Newsroom,62
https://www.lg.com/us/press-release/hotel-tvs-lg-channels,USA,Global Newsroom,59
https://www.lg.com/us/press-release/lg-and-buzzfeeds-tasty-announce-first-ever-cookie-subscription-box,USA,Global Newsroom,62
https://www.lg.com/us/press-release/lg-and-marvel-assemble-with-limited-time-promotions-on-2025-lg-gram-laptops,USA,Global Newsroom,72
https://www.lg.com/us/press-release/lg-adds-two-new-ultrawide-monitors-to-its-ultragear-gaming-lineup,USA,Global Newsroom,72
https://www.lg.com/us/press-release/lg-air-conditioning-technologies-joins-baker-distributing-2019-nascar-sponsorship,USA,Global Newsroom,62
https://www.lg.com/us/press-release/lg-and-kokomo247-team-up-on-integrated-technology-solutions-for-school-safety,USA,Global Newsroom,72
https://www.lg.com/us/press-release/lg-air-conditioning-technologies-celebrates-record-breaking-year,USA,Global Newsroom,66
https://www.lg.com/us/press-release/lg-and-blacknut-launch-single-game-subscription-service-on-lg-smart-tvs-in-the-us,USA,Global Newsroom,69
https://www.lg.com/us/press-release/lg-and-milk-bar-teamed-up-for-an-exclusive-baking-class-with-christina-tosi,USA,Global Newsroom,72
https://www.lg.com/us/press-release/lg-and-design-mindset-to-host-futures-workshop-for-educators-july-21-22-in-denver,USA,Global Newsroom,72
https://www.lg.com/us/press-release/lg-and-assassins-creed-valhalla-reveal-the-ultimate-next-gen-gaming-experience-through-the-visual-stories-of-three-passionate-gamers,USA,Global Newsroom,72
https://www.lg.com/us/press-release/lg-and-brightsign-announce-alliance-launch-integrated-digital-signage-solution,USA,Global Newsroom,72
https://www.lg.com/us/press-release/lg-and-hyundai-collaborate-to-bring-home-convenience-to-electric-vehicles,USA,Global Newsroom,72
https://www.lg.com/us/press-release/lg-adds-web-os-signage-capabilities-to-new-probeam-rg-projector-series,USA,Global Newsroom,72
https://www.lg.com/us/press-release/lg-and-energy-star-power-up-earth-day-savings-with-exclusive-retailer-offers-nationwide,USA,Global Newsroom,72
https://www.lg.com/us/press-release/lg-and-majordomo-media-join-forces-to-cook-up-original-content-for-lg-channels,USA,Global Newsroom,79
https://www.lg.com/us/press-release/lg-adds-truesteam-to-expanded-quadwash-dishwasher-line-for-up-to-60-less-water-spots,USA,Global Newsroom,76
https://www.lg.com/us/press-release/lg-and-jeff-staple-showcase-new-lifestyle-trends-in-the-creators-room-at-ces-2023,USA,Global Newsroom,72
https://www.lg.com/us/press-release/lg-and-energy-star-help-consumers-make-their-energy-choices-count-this-earth-day,USA,Global Newsroom,76
https://www.lg.com/us/press-release/lg-advanced-hvac-technologies-transform-historic-building,USA,Global Newsroom,62
https://www.lg.com/us/press-release/lg-and-broadsign-launch-revenue-generating-system-on-chip-solution-for-webos-commercial-displays,USA,Global Newsroom,66
https://www.lg.com/us/press-release/lg-and-signature-kitchen-suite-take-top-honors-at-kbis-2022,USA,Global Newsroom,72
https://www.lg.com/us/press-release/lg-and-will-i-am-debut-xboom-buds-plus-and-buds-lite-equipped-with-the-lines-most-advanced-audio-yet,USA,Global Newsroom,76
https://www.lg.com/us/press-release/lg-and-thredup-partner-to-extend-the-life-of-clothes-marking-expansion-of-thredups-resale-as-a-service,USA,Global Newsroom,72
https://www.lg.com/us/press-release/lg-and-what-goes-around-comes-around-unveil-nyfw-refresh-suite-powered-by-lg-styler,USA,Global Newsroom,62
https://www.lg.com/us/press-release/lg-and-tennessee-titans-kick-off-multi-year-partnership-to-celebrate-lifes-good-in-tennessee,USA,Global Newsroom,66
https://www.lg.com/us/press-release/lg-announces-2019-sound-bar-pricing-and-availability,USA,Global Newsroom,72
https://www.lg.com/us/press-release/lg-and-xbox-partner-to-expand-cloud-gaming-experience-on-lg-smart-tvs,USA,Global Newsroom,66
https://www.lg.com/us/press-release/lg-and-tasty-celebrate-national-cookie-day-with-first-ever-cookie-subscription-kit,USA,Global Newsroom,62
https://www.lg.com/us/press-release/lg-and-userful-to-offer-software-defined-av-over-ip-solution-for-enterprise-applications,USA,Global Newsroom,72
https://www.lg.com/us/press-release/lg-and-nicole-mclaughlin-debut-limited-edition-upcycled-apparel-and-home-goods-collection,USA,Global Newsroom,66
https://www.lg.com/us/press-release/lg-announces-autonomous-robot-with-disinfecting-uv-light-for-various-b2b-applications,USA,Global Newsroom,72
https://www.lg.com/us/press-release/lg-announces-amazon-alexa-is-now-built-in-to-lg-cinebeam-ai-thinq-projector-lineup-in-us,USA,Global Newsroom,62
https://www.lg.com/us/press-release/lg-announces-availability-new-49-inch-curved-ultragear-monitor-limited-time-promotion,USA,Global Newsroom,72
https://www.lg.com/us/press-release/lg-announces-earth-day-savings-on-energy-star-certified-home-appliances,USA,Global Newsroom,76
https://www.lg.com/us/air-conditioners/lg-LP1014WNR-portable-air-conditioner,USA,제품 상세 (PDP),81
https://www.lg.com/us/air-conditioners/lg-LP0814WNR-portable-air-conditioner,USA,제품 상세 (PDP),81
https://www.lg.com/us/air-conditioners/lg-LP1213GXR-portable-air-conditioner,USA,제품 상세 (PDP),81
https://www.lg.com/us/air-conditioners/lg-LP1111WXR-portable-air-conditioner,USA,제품 상세 (PDP),81
https://www.lg.com/us/air-conditioners/lg-L1010ER-window-air-conditioner,USA,제품 상세 (PDP),81
https://www.lg.com/us/air-conditioners/lg-LP1015WSR-portable-air-conditioner,USA,제품 상세 (PDP),81
https://www.lg.com/us/air-conditioners/lg-LP0813WNR-portable-air-conditioner,USA,제품 상세 (PDP),81
https://www.lg.com/us/air-conditioners/lg-LP1015WNR-portable-air-conditioner,USA,제품 상세 (PDP),81
https://www.lg.com/us/air-conditioners/lg-LP0711WNR-portable-air-conditioner,USA,제품 상세 (PDP),81
https://www.lg.com/us/air-conditioners/lg-LP1013WNR-portable-air-conditioner,USA,제품 상세 (PDP),81
https://www.lg.com/us/air-conditioners/lg-LP0910WNR-portable-air-conditioner,USA,제품 상세 (PDP),81
https://www.lg.com/us/air-conditioners/lg-LP0815WNR-portable-air-conditioner,USA,제품 상세 (PDP),81
https://www.lg.com/us/air-conditioners/lg-LP0817WSR-portable-air-conditioner,USA,제품 상세 (PDP),81
https://www.lg.com/us/air-care-solutions/lg-AS401VGA1,USA,제품 상세 (PDP),81
https://www.lg.com/us/air-care-solutions/lg-UD701KOG1,USA,제품 상세 (PDP),81
https://www.lg.com/us/air-conditioners/lg-LP1017WSR-portable-air-conditioner,USA,제품 상세 (PDP),81
https://www.lg.com/us/air-conditioners/lg-LT1013CNR-wall-air-conditioner,USA,제품 상세 (PDP),81
https://www.lg.com/us/air-conditioners/lg-LP1413SHR-portable-air-conditioner,USA,제품 상세 (PDP),81
https://www.lg.com/us/air-conditioners/lg-LT0815CER-wall-air-conditioner,USA,제품 상세 (PDP),81
https://www.lg.com/us/air-conditioners/lg-LP1414GXR-portable-air-conditioner,USA,제품 상세 (PDP),81
https://www.lg.com/us/air-conditioners/lg-LT0813CNR-wall-air-conditioner,USA,제품 상세 (PDP),81
https://www.lg.com/us/air-conditioners/lg-LP1415SHR-portable-air-conditioner,USA,제품 상세 (PDP),81
https://www.lg.com/us/air-conditioners/lg-LP1415WXRSM-portable-air-conditioner,USA,제품 상세 (PDP),81
https://www.lg.com/us/air-conditioners/lg-LT0814CNR-wall-air-conditioner,USA,제품 상세 (PDP),81
https://www.lg.com/us/air-conditioners/lg-LP1414SHR-portable-air-conditioner,USA,제품 상세 (PDP),81
https://www.lg.com/us/air-conditioners/lg-LP1417WSRSM-portable-air-conditioner,USA,제품 상세 (PDP),81
https://www.lg.com/us/air-conditioners/lg-LT081CNR-wall-air-conditioner,USA,제품 상세 (PDP),81
https://www.lg.com/us/air-conditioners/lg-LT1014CNR-wall-air-conditioner,USA,제품 상세 (PDP),81
https://www.lg.com/us/air-conditioners/lg-LP1411SHR-portable-air-conditioner,USA,제품 상세 (PDP),81
https://www.lg.com/us/air-conditioners/lg-LP1417SHR-portable-air-conditioner,USA,제품 상세 (PDP),81
https://www.lg.com/us/air-conditioners/lg-LP1417GSR-portable-air-conditioner,USA,제품 상세 (PDP),81
https://www.lg.com/us/air-conditioners/lg-LP1415GXR-portable-air-conditioner,USA,제품 상세 (PDP),81
https://www.lg.com/us/air-conditioners/lg-LT1213CNR-wall-air-conditioner,USA,제품 상세 (PDP),81
https://www.lg.com/us/air-conditioners/lg-LT1034CNR-wall-air-conditioner,USA,제품 상세 (PDP),81
https://www.lg.com/us/air-conditioners/lg-LT1034HNR-wall-air-conditioner,USA,제품 상세 (PDP),81
https://www.lg.com/us/air-conditioners/lg-LT103CER-wall-air-conditioner,USA,제품 상세 (PDP),81
https://www.lg.com/us/air-conditioners/lg-LT1033CNR-wall-air-conditioner,USA,제품 상세 (PDP),81
https://www.lg.com/us/air-conditioners/lg-LT1035CER-wall-air-conditioner,USA,제품 상세 (PDP),81
https://www.lg.com/us/air-conditioners/lg-LT103CNR-wall-air-conditioner,USA,제품 상세 (PDP),81
https://www.lg.com/us/air-conditioners/lg-LT103HNR-wall-air-conditioner,USA,제품 상세 (PDP),81
https://www.lg.com/us/air-conditioners/lg-LT1035HNR-wall-air-conditioner,USA,제품 상세 (PDP),81
https://www.lg.com/us/air-conditioners/lg-LT101CNR-wall-air-conditioner,USA,제품 상세 (PDP),81
https://www.lg.com/us/air-conditioners/lg-LW1215HR-window-air-conditioner,USA,제품 상세 (PDP),81
https://www.lg.com/us/air-conditioners/lg-LT123CNR-wall-air-conditioner,USA,제품 상세 (PDP),81
https://www.lg.com/us/air-conditioners/lg-LT123HNR-wall-air-conditioner,USA,제품 상세 (PDP),81
https://www.lg.com/us/air-conditioners/lg-LT143CNR-wall-air-conditioner,USA,제품 상세 (PDP),81
https://www.lg.com/us/air-conditioners/lg-LW1215ER-window-air-conditioner,USA,제품 상세 (PDP),81
https://www.lg.com/us/air-conditioners/lg-LT1434CNR-wall-air-conditioner,USA,제품 상세 (PDP),81
https://www.lg.com/us/air-conditioners/lg-LT1235HNR-wall-air-conditioner,USA,제품 상세 (PDP),81
https://www.lg.com/us/air-conditioners/lg-LT1233CNR-wall-air-conditioner,USA,제품 상세 (PDP),81
https://www.lg.com/us/air-conditioners/lg-LT1433CNR-wall-air-conditioner,USA,제품 상세 (PDP),81
https://www.lg.com/us/air-conditioners/lg-LW1812ERS-window-air-conditioner,USA,제품 상세 (PDP),81
https://www.lg.com/us/air-conditioners/lg-LT1214CNR-wall-air-conditioner,USA,제품 상세 (PDP),81
https://www.lg.com/us/air-conditioners/lg-LT1234HNR-wall-air-conditioner,USA,제품 상세 (PDP),81
https://www.lg.com/us/air-conditioners/lg-LW1212HR-window-air-conditioner,USA,제품 상세 (PDP),81
https://www.lg.com/us/air-conditioners/lg-LT1235CER-wall-air-conditioner,USA,제품 상세 (PDP),81
https://www.lg.com/us/air-conditioners/lg-LW1214HR-window-air-conditioner,USA,제품 상세 (PDP),81
https://www.lg.com/us/air-conditioners/lg-LW1214ER-window-air-conditioner,USA,제품 상세 (PDP),81
https://www.lg.com/us/air-conditioners/lg-LW1212ER-window-air-conditioner,USA,제품 상세 (PDP),81
https://www.lg.com/us/air-conditioners/lg-LW1213HR-window-air-conditioner,USA,제품 상세 (PDP),81
https://www.lg.com/us/air-conditioners/lg-LT121CNR-wall-air-conditioner,USA,제품 상세 (PDP),81
https://www.lg.com/us/air-conditioners/lg-LT1234CNR-wall-air-conditioner,USA,제품 상세 (PDP),81
https://www.lg.com/us/air-conditioners/lg-LW7013HR-window-air-conditioner,USA,제품 상세 (PDP),81
https://www.lg.com/us/air-conditioners/lg-LW2412HR-window-air-conditioner,USA,제품 상세 (PDP),81
https://www.lg.com/us/air-conditioners/lg-LW5015E-window-air-conditioner,USA,제품 상세 (PDP),81
https://www.lg.com/us/air-conditioners/lg-LW2412ER-window-air-conditioner,USA,제품 상세 (PDP),81
https://www.lg.com/us/air-conditioners/lg-LW7010HR-window-air-conditioner,USA,제품 상세 (PDP),81
https://www.lg.com/us/air-conditioners/lg-LW6016R,USA,제품 상세 (PDP),81
https://www.lg.com/us/air-conditioners/lg-LW2415HR-window-air-conditioner,USA,제품 상세 (PDP),81
https://www.lg.com/us/air-conditioners/lg-LW1815HR-window-air-conditioner,USA,제품 상세 (PDP),81
https://www.lg.com/us/air-conditioners/lg-LW6511R-window-air-conditioner,USA,제품 상세 (PDP),81
https://www.lg.com/us/air-conditioners/lg-LW7012HR-window-air-conditioner,USA,제품 상세 (PDP),81
https://www.lg.com/us/air-conditioners/lg-LW2410HR-window-air-conditioner,USA,제품 상세 (PDP),81
https://www.lg.com/us/air-conditioners/lg-LW5014-window-air-conditioner,USA,제품 상세 (PDP),81
https://www.lg.com/us/air-conditioners/lg-LW2414HR-window-air-conditioner,USA,제품 상세 (PDP),81
https://www.lg.com/us/air-conditioners/lg-LW1814HR-window-air-conditioner,USA,제품 상세 (PDP),81
https://www.lg.com/us/air-conditioners/lg-LW1812HR-window-air-conditioner,USA,제품 상세 (PDP),81
https://www.lg.com/us/air-conditioners/lg-LW5012-window-air-conditioner,USA,제품 상세 (PDP),81
https://www.lg.com/us/air-conditioners/lg-LW5013-window-air-conditioner,USA,제품 상세 (PDP),81
https://www.lg.com/us/air-conditioners/lg-LW2413HR-window-air-conditioner,USA,제품 상세 (PDP),81
https://www.lg.com/us/air-conditioners/lg-LW5012J-window-air-conditioner,USA,제품 상세 (PDP),81
https://www.lg.com/us/air-conditioners/lg-LW1813HR-window-air-conditioner,USA,제품 상세 (PDP),81
https://www.lg.com/us/air-conditioners/lg-lp0526pgf-portable-air-conditioner,USA,제품 상세 (PDP),81
https://www.lg.com/us/air-conditioners/lg-LW8015HR-window-air-conditioner,USA,제품 상세 (PDP),81
https://www.lg.com/us/air-conditioners/lg-axsva4-air-conditioner-grille,USA,제품 상세 (PDP),81
https://www.lg.com/us/air-conditioners/lg-lp0621wsr-portable-air-conditioner,USA,제품 상세 (PDP),78
https://www.lg.com/us/air-conditioners/lg-axrgala01-air-conditioner-grille,USA,제품 상세 (PDP),78
https://www.lg.com/us/air-conditioners/lg-axsva1-wall-sleeve,USA,제품 상세 (PDP),78
https://www.lg.com/us/air-conditioners/lg-LW8018ER,USA,제품 상세 (PDP),81
https://www.lg.com/us/air-conditioners/lg-lp0525wfr-portable-air-conditioner,USA,제품 상세 (PDP),81
https://www.lg.com/us/air-conditioners/lg-LW8012ERJ-window-air-conditioner,USA,제품 상세 (PDP),81
https://www.lg.com/us/air-conditioners/lg-LW7014HR-window-air-conditioner,USA,제품 상세 (PDP),81
https://www.lg.com/us/burners-drives/discontinued,USA,제품 카테고리 (PLP),83
https://www.lg.com/us/battery-embedded-product-chemistry-disclosure,USA,제품 카테고리 (PLP),79
https://www.lg.com/us/burners-drives,USA,제품 카테고리 (PLP),86
https://www.lg.com/us/cell-phones/discontinued,USA,제품 카테고리 (PLP),86
https://www.lg.com/us/air-purifiers,USA,제품 카테고리 (PLP),83
https://www.lg.com/us/bottom-freezer-refrigerators,USA,제품 카테고리 (PLP),87
https://www.lg.com/us/air-conditioners/lg-lp0625wfr-portable-air-conditioner,USA,제품 상세 (PDP),81
https://www.lg.com/us/air-conditioners/lg-lp0624wfr-portable-air-conditioner,USA,제품 상세 (PDP),81
https://www.lg.com/us/audio,USA,제품 카테고리 (PLP),74
https://www.lg.com/us/air-care-accessories,USA,제품 카테고리 (PLP),83
https://www.lg.com/us/blu-ray-dvd-players,USA,제품 카테고리 (PLP),80
https://www.lg.com/us/8k-tvs,USA,제품 카테고리 (PLP),86
https://www.lg.com/us/air-conditioners/discontinued,USA,제품 카테고리 (PLP),83
https://www.lg.com/us/appliance-accessories,USA,제품 카테고리 (PLP),86
https://www.lg.com/us/4k-monitors,USA,제품 카테고리 (PLP),80
https://www.lg.com/us/appreciation-program,USA,제품 카테고리 (PLP),67
https://www.lg.com/us/air-conditioners,USA,제품 카테고리 (PLP),83
https://www.lg.com/us/air-conditioners/lg-lp0623wsr-portable-air-conditioner,USA,제품 상세 (PDP),81
https://www.lg.com/us/ai-tv-with-advanced-ai-experience,USA,제품 카테고리 (PLP),87
https://www.lg.com/us/air-conditioners/lg-lp0626pgf-portable-air-conditioner,USA,제품 상세 (PDP),81
https://www.lg.com/us/collections/240hz-monitors,USA,제품 카테고리 (PLP),79
https://www.lg.com/us/collections/14-inch-laptops,USA,제품 카테고리 (PLP),83
https://www.lg.com/us/collections/hdmi-monitors,USA,제품 카테고리 (PLP),79
https://www.lg.com/us/collections/17-inch-laptops,USA,제품 카테고리 (PLP),83
https://www.lg.com/us/collections/15-inch-laptops,USA,제품 카테고리 (PLP),83
https://www.lg.com/us/collections/65-inch-tvs,USA,제품 카테고리 (PLP),80
https://www.lg.com/us/collections/hd-tvs,USA,제품 카테고리 (PLP),83
https://www.lg.com/us/collections/5k-monitors,USA,제품 카테고리 (PLP),83
https://www.lg.com/us/collections/83-inch-tvs,USA,제품 카테고리 (PLP),80
https://www.lg.com/us/collections/75-inch-tvs,USA,제품 카테고리 (PLP),80
https://www.lg.com/us/collections/home-theater-soundbars,USA,제품 카테고리 (PLP),77
https://www.lg.com/us/collections/55-inch-tvs,USA,제품 카테고리 (PLP),80
https://www.lg.com/us/collections/4k-tvs,USA,제품 카테고리 (PLP),80
https://www.lg.com/us/collections/97-inch-tvs,USA,제품 카테고리 (PLP),80
https://www.lg.com/us/collections/dolby-atmos-sound-bars,USA,제품 카테고리 (PLP),83
https://www.lg.com/us/collections/all-in-one-soundbars,USA,제품 카테고리 (PLP),80
https://www.lg.com/us/ces2025,USA,제품 카테고리 (PLP),72
https://www.lg.com/us/ces-2025-lg-signature,USA,제품 카테고리 (PLP),74
https://www.lg.com/us/collections/ips-monitors,USA,제품 카테고리 (PLP),79
https://www.lg.com/us/collections/kitchen-appliance-deals,USA,제품 카테고리 (PLP),79
https://www.lg.com/us/collections/new-lg-laptops-2026,USA,제품 카테고리 (PLP),77
https://www.lg.com/us/collections/stainless-steel-refrigerators,USA,제품 카테고리 (PLP),79
https://www.lg.com/us/collections/stainless-steel-dishwashers,USA,제품 카테고리 (PLP),79
https://www.lg.com/us/collections/sound-suite-audio-system,USA,제품 카테고리 (PLP),77
https://www.lg.com/us/collections/sound-bars-with-subwoofer,USA,제품 카테고리 (PLP),80
https://www.lg.com/us/collections/partner-computer-gaming-accessories,USA,제품 카테고리 (PLP),77
https://www.lg.com/us/collections/16-inch-laptops,USA,제품 카테고리 (PLP),83
https://www.lg.com/us/collections/inflation-reduction-act-appliance-rebates,USA,제품 카테고리 (PLP),83
https://www.lg.com/us/ces,USA,제품 카테고리 (PLP),77
https://www.lg.com/us/cooking-appliances,USA,제품 카테고리 (PLP),86
https://www.lg.com/us/cookware-chemical-compliance-information,USA,제품 카테고리 (PLP),76
https://www.lg.com/us/collections/white-refrigerators,USA,제품 카테고리 (PLP),79
https://www.lg.com/us/collections/standard-depth-refrigerators,USA,제품 카테고리 (PLP),79
https://www.lg.com/us/collections/xboom-earbuds,USA,제품 카테고리 (PLP),80
https://www.lg.com/us/dehumidifiers,USA,제품 카테고리 (PLP),90
https://www.lg.com/us/cooking-accessories,USA,제품 카테고리 (PLP),87
https://www.lg.com/us/collections/xboom-speakers,USA,제품 카테고리 (PLP),77
https://www.lg.com/us/counter-top-microwave,USA,제품 카테고리 (PLP),86
https://www.lg.com/us/discount-programs,USA,제품 카테고리 (PLP),67
https://www.lg.com/us/custom-installation,USA,제품 카테고리 (PLP),72
https://www.lg.com/us/craft-ice-refrigerators,USA,제품 카테고리 (PLP),86
https://www.lg.com/us/cooktops-hoods,USA,제품 카테고리 (PLP),86
https://www.lg.com/us/counter-depth-refrigerators,USA,제품 카테고리 (PLP),86
https://www.lg.com/us/combination-wall-ovens,USA,제품 카테고리 (PLP),90
https://www.lg.com/us/cooking-appliances/discontinued,USA,제품 카테고리 (PLP),83
https://www.lg.com/us/computer-accessories,USA,제품 카테고리 (PLP),90
https://www.lg.com/us/cooktops,USA,제품 카테고리 (PLP),83
https://www.lg.com/us/copilot-plus-thin-lightweight-pc-laptops,USA,제품 카테고리 (PLP),73
https://www.lg.com/us/discover-cinebeam-q-projector,USA,제품 카테고리 (PLP),68
https://www.lg.com/us/dryers/discontinued,USA,제품 카테고리 (PLP),83
https://www.lg.com/us/dryer-racks,USA,제품 카테고리 (PLP),86
https://www.lg.com/us/dishwasher-accessories,USA,제품 카테고리 (PLP),87
https://www.lg.com/us/dryer-lint-filters,USA,제품 카테고리 (PLP),86
https://www.lg.com/us/dishwashers/discontinued,USA,제품 카테고리 (PLP),83
https://www.lg.com/us/discover-smart-monitors,USA,제품 카테고리 (PLP),74
https://www.lg.com/us/door-in-door-refrigerators,USA,제품 카테고리 (PLP),86
https://www.lg.com/us/dryers,USA,제품 카테고리 (PLP),83
https://www.lg.com/us/dishwashers,USA,제품 카테고리 (PLP),83
https://www.lg.com/us/discover-vacuums,USA,제품 카테고리 (PLP),68
https://www.lg.com/us/double-wall-ovens,USA,제품 카테고리 (PLP),86
https://www.lg.com/us/discover-oled-tvs,USA,제품 카테고리 (PLP),87
https://www.lg.com/us/discover-washers,USA,제품 카테고리 (PLP),71
https://www.lg.com/us/discover-ultragear-evo-monitors,USA,제품 카테고리 (PLP),77
https://www.lg.com/us/discover-puricare-air-care,USA,제품 카테고리 (PLP),73
https://www.lg.com/us/discover-tvs,USA,구매 가이드,65
https://www.lg.com/us/dual-fuel-ranges,USA,제품 카테고리 (PLP),90
https://www.lg.com/us/discover-laundry,USA,제품 카테고리 (PLP),68
https://www.lg.com/us/discover-mycolor-refrigerator,USA,제품 카테고리 (PLP),71
https://www.lg.com/us/energy-star,USA,제품 카테고리 (PLP),53
https://www.lg.com/us/gaming-accessories,USA,제품 카테고리 (PLP),80
https://www.lg.com/us/discover-cooking-appliances,USA,제품 카테고리 (PLP),71
https://www.lg.com/us/front-control-dishwashers,USA,제품 카테고리 (PLP),87
https://www.lg.com/us/fhd-monitors,USA,제품 카테고리 (PLP),83
https://www.lg.com/us/front-load-washers,USA,제품 카테고리 (PLP),83
https://www.lg.com/us/electric-cooktops,USA,제품 카테고리 (PLP),90
https://www.lg.com/us/french-door-refrigerators,USA,제품 카테고리 (PLP),83
https://www.lg.com/us/electric-ranges,USA,제품 카테고리 (PLP),83
https://www.lg.com/us/electric-dryers,USA,제품 카테고리 (PLP),86
https://www.lg.com/us/discover-dishwashers,USA,제품 카테고리 (PLP),68
https://www.lg.com/us/promotions/dolby-atmos-sound-bars,USA,제품 카테고리 (PLP),83
https://www.lg.com/us/gaming-monitors,USA,제품 카테고리 (PLP),83
https://www.lg.com/us/gaming-speakers,USA,제품 카테고리 (PLP),83
https://www.lg.com/us/gas-cooktops,USA,제품 카테고리 (PLP),86
https://www.lg.com/us/gas-dryers,USA,제품 카테고리 (PLP),86
https://www.lg.com/us/support/help-library/accessing-and-troubleshooting-hulu-on-an-lg-smart-tv-webos-6-0-CT10000030-20152745562517,USA,Support - Troubleshoot,70
https://www.lg.com/us/support/help-library/2019-lg-tvs-and-soundbar-unbox-optimize-pictures-airplay-homekit-settings-CT10000018-20151348140647,USA,Support - Troubleshoot,76
https://www.lg.com/us/promotions/sound-bars-with-subwoofer,USA,제품 카테고리 (PLP),80
https://www.lg.com/us/support/help-library/air-direction-air-conditioner-CT10000014-20154844384840,USA,Support - Troubleshoot,72
https://www.lg.com/us/support/help-library/app-store-app-is-not-working-CT00000299-20154860323283,USA,Support - Troubleshoot,72
https://www.lg.com/us/support/help-library/blu-ray-disc-dvd-playback-issues-or-disc-stuck-blu-ray-CT00000299-1430839720368,USA,Support - Troubleshoot,72
https://www.lg.com/us/support/help-library/black-screen-notebook-CT00000317-20154861948049,USA,Support - Troubleshoot,72
https://www.lg.com/us/support/help-library/adjusting-the-focus-of-the-projection-screen-projector-CT00000299-20154861483751,USA,Support - Troubleshoot,66
https://www.lg.com/us/support/help-library/altering-sound-effect-option-either-unresponsive-or-noisy-CT00000299-20154860397674,USA,Support - Troubleshoot,72
https://www.lg.com/us/support/help-library/amazon®-instant-video-troubleshooting-blu-ray-CT00000299-1425325481987,USA,Support - Troubleshoot,72
https://www.lg.com/us/support/help-library/ae-e1-error-code-dish-washer-CT10000009-20150140935066,USA,Support - Troubleshoot,70
https://www.lg.com/us/support/help-library/audio-cutting-out-CT00000299-20154860345938,USA,Support - Troubleshoot,72
https://www.lg.com/us/support/help-library/adjusting-sound-notification-chimes-volume-CT10000010-20154856191156,USA,Support - Troubleshoot,72
https://www.lg.com/us/support/help-library/blu-ray-player-won-t-play-any-discs-blu-ray-CT00000299-1429624859816,USA,Support - Troubleshoot,76
https://www.lg.com/us/support/help-library/bluetooth-speaker-not-discovered-projector-CT00000299-20154863438623,USA,Support - Troubleshoot,72
https://www.lg.com/us/support/help-library/clicking-noise-CT00000303-20154848458792,USA,Support - Troubleshoot,69
https://www.lg.com/us/support/help-library/blurry-image-projector-CT00000299-20154863578094,USA,Support - Troubleshoot,72
https://www.lg.com/us/support/help-library/burners-do-not-light-gas-cooktops-ranges-CT00000303-20150483130772,USA,Support - Troubleshoot,72
https://www.lg.com/us/support/help-library/cf-error-code-CT10000021-1337867671977,USA,Support - Troubleshoot,72
https://www.lg.com/us/support/help-library/clothing-torn-ripped-front-load-washer-CT00000305-1337626779129,USA,Support - Troubleshoot,72
https://www.lg.com/us/support/help-library/burner-flames-yellow-or-red-gas-cooktops-ranges-CT00000303-20150483115715ELR,USA,Support - Troubleshoot,72
https://www.lg.com/us/support/help-library/connecting-a-printer-pc-CT30017683-1443218443315,USA,Support - Troubleshoot,72
https://www.lg.com/us/support/help-library/burner-flames-uneven-large-small-gas-cooktops-ranges-CT00000303-20150483016024,USA,Support - Troubleshoot,72
https://www.lg.com/us/support/help-library/connecting-bluetooth-devices-pc-CT30017683-1443218272816,USA,Support - Troubleshoot,72
https://www.lg.com/us/support/help-library/combo-unit-lint-issues-CT00000305-1337695812363,USA,Support - Troubleshoot,70
https://www.lg.com/us/support/help-library/co-error-code-CT10000021-1337868229667,USA,Support - Troubleshoot,72
https://www.lg.com/us/support/help-library/booting-from-usb-notebook-CT00000317-20154861869766,USA,Support - Troubleshoot,72
https://www.lg.com/us/support/help-library/connecting-a-sound-bar-to-a-tv-CT10000018-20152434004352,USA,Support - Troubleshoot,70
https://www.lg.com/us/support/help-library/blu-ray-player-menu-settings-blu-ray-CT00000299-1430840635759,USA,Support - Troubleshoot,72
https://www.lg.com/us/support/help-library/channels-changing-by-themselves-television-CT10000018-20154712631405,USA,Support - Troubleshoot,72
https://www.lg.com/us/support/help-library/buttons-unresponsive-on-main-unit-CT00000299-20154860359014,USA,Support - Troubleshoot,72
https://www.lg.com/us/support/help-library/connecting-composite-input-device-CT10000018-20154713050006,USA,Support - Troubleshoot,72
https://www.lg.com/us/support/help-library/connecting-a-dual-monitor-in-windows-11-lg-gram-laptop-CT00000317-20154861472568,USA,Support - Troubleshoot,72
https://www.lg.com/us/support/help-library/dehumidifier-thinq-features-and-settings-CT32001601-20152563521724,USA,Support - Troubleshoot,72
https://www.lg.com/us/support/help-library/connecting-to-a-wi-fi-network-quick-setup-pc-CT30017683-1443218577762,USA,Support - Troubleshoot,72
https://www.lg.com/us/support/help-library/connecting-external-devices-blu-ray-CT00000299-1427811301239,USA,Support - Troubleshoot,72
https://www.lg.com/us/support/help-library/controls-don-t-work-refrigerator-CT10000021-1337887536435,USA,Support - Troubleshoot,72
https://www.lg.com/us/support/help-library/craft-ice-melts-CT10000021-20151808555070,USA,Support - Troubleshoot,70
https://www.lg.com/us/support/help-library/cooking-appliance-scratches-CT00000303-20150789207469,USA,Support - Troubleshoot,69
https://www.lg.com/us/support/help-library/countertop-microwave-oven-installation-CT00000303-20154848458629,USA,Support - Troubleshoot,72
https://www.lg.com/us/support/help-library/dehumidification-product-difference-air-conditioner-CT10000014-20154844399380,USA,Support - Troubleshoot,72
https://www.lg.com/us/support/help-library/cooktop-cleaning-tips-electric-ranges-CT00000303-20150615815711,USA,Support - Troubleshoot,70
https://www.lg.com/us/support/help-library/control-panel-issues-CT10000021-1339015076263,USA,Support - Troubleshoot,72
https://www.lg.com/us/support/help-library/dishwasher-cycle-options-turbo-mode-CT10000009-20152733003389,USA,Support - Troubleshoot,70
https://www.lg.com/us/support/help-library/dishwasher-water-too-hot-or-too-cold-CT10000009-20150995684577,USA,Support - Troubleshoot,72
https://www.lg.com/us/support/help-library/device-has-no-audio-blu-ray-CT00000299-1429108148383,USA,Support - Troubleshoot,72
https://www.lg.com/us/support/help-library/device-has-no-power-soundbar-sound-plate-home-theater-CT41000327-1422377894852,USA,Support - Troubleshoot,72
https://www.lg.com/us/support/help-library/dialogues-unclear-voices-muffled-television-CT10000018-20154712820033,USA,Support - Troubleshoot,72
https://www.lg.com/us/support/help-library/connecting-digital-amplifiers-CT10000018-20154712808824,USA,Support - Troubleshoot,72
https://www.lg.com/us/support/help-library/dishwasher-no-water-ie-error-code-CT10000009-20154712581272,USA,Support - Troubleshoot,72
https://www.lg.com/us/support/help-library/creating-backups-and-recovery-media-pc-CT30017683-1443218116307,USA,Support - Troubleshoot,72
https://www.lg.com/us/support/help-library/connecting-external-devices-chromebase-CT10000030-1434750042946,USA,Support - Troubleshoot,72
https://www.lg.com/us/support/help-library/control-panel-icons-significations-condenser-models-CT10000011-20154848309920,USA,Support - Troubleshoot,72
https://www.lg.com/us/support/help-library/ds-error-code-CT10000021-1337868503423,USA,Support - Troubleshoot,72
https://www.lg.com/us/support/help-library/dispenser-light-does-not-work-CT10000021-1337887607296,USA,Support - Troubleshoot,72
https://www.lg.com/us/support/help-library/dryer-clothing-too-hot-CT10000011-20150995632398,USA,Support - Troubleshoot,72
https://www.lg.com/us/support/help-library/dispenser-is-stuck-CT00000305-1337625806042,USA,Support - Troubleshoot,72
https://www.lg.com/us/support/help-library/door-removal-example-CT10000021-1338408919722,USA,Support - Troubleshoot,72
https://www.lg.com/us/support/help-library/drying-time-extended-dryer-CT10000011-20154712580354,USA,Support - Troubleshoot,72
https://www.lg.com/us/support/help-library/dryer-leveling-CT10000011-20150994761756,USA,Support - Troubleshoot,72
https://www.lg.com/us/support/help-library/doors-do-not-seal-side-by-side-CT10000021-1338494937000,USA,Support - Troubleshoot,72
https://www.lg.com/us/support/help-library/doors-do-not-seal-french-door-CT10000021-1338493935163,USA,Support - Troubleshoot,72
https://www.lg.com/us/support/help-library/dispenser-does-not-open-completely-CT10000009-20150994744120,USA,Support - Troubleshoot,72
https://www.lg.com/us/support/help-library/electric-cooktop-elements-cycles-on-and-off-ranges-CT00000303-20150482953750,USA,Support - Troubleshoot,72
https://www.lg.com/us/support/help-library/electric-burners-cycling-on-off-CT00000303-20154848458255,USA,Support - Troubleshoot,72
https://www.lg.com/us/support/help-library/empty-water-container-indicator-CT10000011-20154712634695,USA,Support - Troubleshoot,69
https://www.lg.com/us/support/help-library/e4-error-code-styler-CT10000010-20154848297811,USA,Support - Troubleshoot,72
https://www.lg.com/us/support/help-library/error-codes-on-analog-display-models-CT00023125-20154907666750,USA,Support - Troubleshoot,72
https://www.lg.com/us/support/help-library/how-to-access-and-troubleshoot-disney-on-an-lg-smart-tv-webos-6-0-CT10000018-20152745592100,USA,Support - Troubleshoot,70
https://www.lg.com/us/support/help-library/fs-error-code-CT10000021-1337870185737,USA,Support - Troubleshoot,72
https://www.lg.com/us/support/help-library/enable-browser-pop-up-blocker-notebook-CT00000317-20154863594913,USA,Support - Troubleshoot,72
https://www.lg.com/us/support/help-library/error-codes-pedestal-washer-CT10000012-20150103764784,USA,Support - Troubleshoot,72
https://www.lg.com/us/support/help-library/general-maintenance-and-cleaning-ranges-and-cooktops-CT00000303-20152320015536ELR,USA,Support - Troubleshoot,67
https://www.lg.com/us/support/help-library/explanation-of-washer-noises-CT00000305-20152349204032,USA,Support - Troubleshoot,70
https://www.lg.com/us/support/help-library/explaining-resolving-a-dl-error-code-on-a-washing-machine-CT00000305-20152427703380,USA,Support - Troubleshoot,70
https://www.lg.com/us/support/help-library/front-load-washer-what-are-de-de1-and-de2-error-codes-CT00000305-1400508168566,USA,Support - Troubleshoot,70
https://www.lg.com/us/support/help-library/front-load-washer-troubleshooting-a-ue-ub-error-code-CT10000010-20151504643089,USA,Support - Troubleshoot,72
https://www.lg.com/us/support/help-library/explanation-and-resolving-an-de1-de2-error-code-CT00000305-20152427712758,USA,Support - Troubleshoot,70
https://www.lg.com/us/support/help-library/he-error-code-CT00000305-1337695105880,USA,Support - Troubleshoot,72
https://www.lg.com/us/support/help-library/features-and-functions-of-your-lg-microwave-oven-CT00023125-20152746871514,USA,Support - Troubleshoot,70
https://www.lg.com/us/support/help-library/frost-buildup-air-conditioner-CT10000014-20154844388472,USA,Support - Troubleshoot,72
https://www.lg.com/us/support/help-library/home-theater-menu-settings-soundbar-sound-plate-home-theater-CT41000327-1434720942578,USA,Support - Troubleshoot,72
https://www.lg.com/us/support/help-library/error-codes-laundry-dryer-CT10000011-20154712913360,USA,Support - Troubleshoot,69
https://www.lg.com/us/support/help-library/how-to-find-your-tv-home-video-or-tv-home-theater-accessories-model-and-serial-number-CT10000018-20153526061585,USA,Support - Troubleshoot,76
https://www.lg.com/us/support/help-library/how-to-reset-your-lg-microwave-oven-CT00023125-20152746899458,USA,Support - Troubleshoot,70
https://www.lg.com/us/support/help-library/how-to-run-a-self-clean-cycle-on-your-lg-range-CT00000303-20152745957813,USA,Support - Troubleshoot,70
https://www.lg.com/us/support/help-library/how-to-remove-hard-fresh-air-filter-refrigerator-CT10000021-20150587141751,USA,Support - Troubleshoot,72
https://www.lg.com/us/support/help-library/how-to-register-your-new-lg-refrigerator-CT10000021-20152745876630,USA,Support - Troubleshoot,70
https://www.lg.com/us/support/help-library/how-to-operate-lg-top-load-washing-machine-i-would-like-to-select-the-turbowash-function-turbowash-function-is-not-working-CT00000305-20154629492025,USA,Support - Troubleshoot,72
https://www.lg.com/us/support/help-library/how-to-resolve-leaks-from-an-lg-window-air-conditioner-CT10000014-20152825247723,USA,Support - Troubleshoot,70
https://www.lg.com/us/support/help-library/how-to-replace-the-light-bulb-in-an-lg-oven-CT00000303-20152745940489,USA,Support - Troubleshoot,70
https://www.lg.com/us/support/help-library/how-to-install-an-lg-gas-dryer-CT10000011-20152714301569,USA,Support - Troubleshoot,70
https://www.lg.com/us/support/help-library/how-to-connect-your-lg-smart-range-to-wi-fi-android-CT00000303-20152745909529,USA,Support - Troubleshoot,70
https://www.lg.com/us/support/help-library/how-to-remove-the-doors-CT10000021-20152621428017,USA,Support - Troubleshoot,70
https://www.lg.com/us/support/help-library/how-to-run-an-installation-heat-test-on-an-lg-dryer-CT10000011-20152825747010,USA,Support - Troubleshoot,70
https://www.lg.com/us/support/help-library/how-to-get-hbo-max-on-an-lg-tv-CT10000018-20152419653620,USA,Support - Troubleshoot,70
https://www.lg.com/us/support/help-library/how-to-install-your-lg-refrigerator-CT10000021-20152285536592,USA,Support - Troubleshoot,70
https://www.lg.com/us/support/help-library/how-to-level-your-lg-refrigerator-CT10000021-20152285504592,USA,Support - Troubleshoot,70
https://www.lg.com/us/support/help-library/how-to-find-my-lg-model-and-serial-number-CT00000299-20155091574387,USA,Support - Troubleshoot,72
https://www.lg.com/us/support/help-library/how-to-manage-your-mylg-account-CT00000305-1425054354053,USA,Support - Troubleshoot,76
https://www.lg.com/us/support/help-library/how-to-change-the-resolution-on-an-lg-monitor-CT10000030-20152825902257,USA,Support - Troubleshoot,70
https://www.lg.com/vn/gioi-thieu-lg/our-brand/,Vietnam,Microsite,77
https://www.lg.com/vn/gioi-thieu-lg/chien-luoc-lien-minh/,Vietnam,Global Newsroom,79
https://www.lg.com/vn/gioi-thieu-lg/chien-luoc-lien-minh/,Vietnam,Global Newsroom,79
https://www.lg.com/vn/gioi-thieu-lg/tin-tuc-va-truyen-thong/,Vietnam,Global Newsroom,79
https://www.lg.com/vn/gioi-thieu-lg/,Vietnam,Global Newsroom,79
https://www.lg.com/vn/gioi-thieu-lg/tong-quan/,Vietnam,Global Newsroom,76
https://www.lg.com/vn/gioi-thieu-lg/tin-tuc-va-truyen-thong/xu-huong-hybrid-working-khong-the-thieu-lg-gram/,Vietnam,Global Newsroom,76
https://www.lg.com/vn/gioi-thieu-lg/tin-tuc-va-truyen-thong/mua-tv-lg-tang-dan-am-thanh-cao-cap/,Vietnam,Global Newsroom,76
https://www.lg.com/vn/gioi-thieu-lg/tin-tuc-va-truyen-thong/tuan-le-giai-tri-cua-lg-tro-lai-voi-nhieu-uu-dai-hap-dan/,Vietnam,Global Newsroom,79
https://www.lg.com/vn/gioi-thieu-lg/tin-tuc-va-truyen-thong/lg-ra-mat-tv-2023/,Vietnam,Global Newsroom,79
https://www.lg.com/vn/gioi-thieu-lg/tong-quan/,Vietnam,Global Newsroom,76
https://www.lg.com/vn/gioi-thieu-lg/our-brand/index/,Vietnam,Global Newsroom,76
https://www.lg.com/vn/gioi-thieu-lg/tin-tuc-va-truyen-thong/thiet-ke-khong-gian-song-thong-minh-voi-lg/,Vietnam,Global Newsroom,76
https://www.lg.com/vn/gioi-thieu-lg/tin-tuc-va-truyen-thong/tivi-oled-trong-suot-khong-day-dau-tien-tren-the-gioi/,Vietnam,Global Newsroom,76
https://www.lg.com/vn/gioi-thieu-lg/tin-tuc-va-truyen-thong/the-le-minigameinstaview/,Vietnam,Global Newsroom,69
https://www.lg.com/vn/gioi-thieu-lg/tin-tuc-va-truyen-thong/operation-smile/,Vietnam,Global Newsroom,76
https://www.lg.com/vn/gioi-thieu-lg/tin-tuc-va-truyen-thong/quyet-dinh-thanh-lap-diem-thu-hoi-va-xu-ly-san-pham-thai-bo/,Vietnam,Global Newsroom,72
https://www.lg.com/vn/gioi-thieu-lg/tin-tuc-va-truyen-thong/tu-tin-thu-cu-gia-hoi-len-doi-may-chat-cho-moi-dong-laptop-tai-lg/,Vietnam,Global Newsroom,76
https://www.lg.com/vn/gioi-thieu-lg/tin-tuc-va-truyen-thong/trai-nghiem-lien-tay-trung-ngay-qua-lon/,Vietnam,Global Newsroom,76
https://www.lg.com/vn/gioi-thieu-lg/tin-tuc-va-truyen-thong/nhung-nang-cap-dang-gia-tren-tv-lg-uhd-2022/,Vietnam,Global Newsroom,76
https://www.lg.com/vn/gioi-thieu-lg/tin-tuc-va-truyen-thong/tv-lg-magnit-4k-136-inch/,Vietnam,Global Newsroom,79
https://www.lg.com/vn/gioi-thieu-lg/tin-tuc-va-truyen-thong/thiet-bi-lg-ho-tro-loai-bo-tac-nhan-gay-benh/,Vietnam,Global Newsroom,76
https://www.lg.com/vn/gioi-thieu-lg/tin-tuc-va-truyen-thong/trao-giai-chuong-trinh-trai-nghiem-lien-tay-trung-ngay-qua-lon/,Vietnam,Global Newsroom,72
https://www.lg.com/vn/gioi-thieu-lg/tin-tuc-va-truyen-thong/nhung-dong-gop-cua-lg-trong-viec-mang-den-mot-cuoc-song-tot-dep-hon-cho-nguoi-dung-viet-nam/,Vietnam,Global Newsroom,76
https://www.lg.com/vn/gioi-thieu-lg/tin-tuc-va-truyen-thong/vuot-em-mua-nong-voi-thiet-bi-lam-mat-lg/,Vietnam,Global Newsroom,76
https://www.lg.com/vn/gioi-thieu-lg/tin-tuc-va-truyen-thong/tiet-lo-dan-tan-binh-moi-sieu-khung-cua-dong-lg-oled-tv/,Vietnam,Global Newsroom,79
https://www.lg.com/vn/gioi-thieu-lg/tin-tuc-va-truyen-thong/tan-huong-niem-vui-voi-ngoi-nha-phep-mau-lg-thinq/,Vietnam,Global Newsroom,73
https://www.lg.com/vn/gioi-thieu-lg/tin-tuc-va-truyen-thong/ra-mat-laptop-lg-gram-the-he-moi-2021/,Vietnam,Global Newsroom,76
https://www.lg.com/vn/gioi-thieu-lg/tin-tuc-va-truyen-thong/top-3-thiet-bi-nang-cap-cuoc-song/,Vietnam,Global Newsroom,76
https://www.lg.com/vn/gioi-thieu-lg/tin-tuc-va-truyen-thong/trai-nghiem-man-hinh-khung-lg-g4-stylus-voi-muc-gia-uu-dai/,Vietnam,Global Newsroom,72
https://www.lg.com/vn/gioi-thieu-lg/tin-tuc-va-truyen-thong/tron-ven-niem-vui-mua-trang-tron-voi-thanh-vien-moi-lg-thinq/,Vietnam,Global Newsroom,76
https://www.lg.com/vn/gioi-thieu-lg/tin-tuc-va-truyen-thong/ve-sinh-thay-mang-loc-dinh-ky-mang-lai-nhieu-loi-ich-bat-ngo/,Vietnam,Global Newsroom,76
https://www.lg.com/vn/gioi-thieu-lg/tin-tuc-va-truyen-thong/lg-viet-nam-gioi-thieu-man-hinh-may-tinh-voi-tam-nen-oled-dau-tien-tren-the-gioi/,Vietnam,Global Newsroom,76
https://www.lg.com/vn/gioi-thieu-lg/tin-tuc-va-truyen-thong/mua-lg-smart-tv-mien-phi-goi-truyen-hinh-cao-cap-an-vien/,Vietnam,Global Newsroom,72
https://www.lg.com/vn/gioi-thieu-lg/tin-tuc-va-truyen-thong/mua-dien-thoai-lg-rinh-qua-dinh/,Vietnam,Global Newsroom,72
https://www.lg.com/vn/gioi-thieu-lg/tin-tuc-va-truyen-thong/mua-tv-55inch-mua-lg/,Vietnam,Global Newsroom,76
https://www.lg.com/vn/gioi-thieu-lg/tin-tuc-va-truyen-thong/nang-tam-trai-nghiem-giai-tri-tai-gia-voi-tv-oled-evo-2022/,Vietnam,Global Newsroom,79
https://www.lg.com/vn/gioi-thieu-lg/tin-tuc-va-truyen-thong/nang-cao-chat-luong-khong-khi-cung-lg-va-bui-cong-nam-qua-giai-dieu-diet-khuan/,Vietnam,Global Newsroom,77
https://www.lg.com/vn/gioi-thieu-lg/tin-tuc-va-truyen-thong/ngoi-lang-ben-vung-cua-lg-tai-ifa-2023/,Vietnam,Global Newsroom,76
https://www.lg.com/vn/gioi-thieu-lg/tin-tuc-va-truyen-thong/nguoi-dan-dau-gap-go-thu-linh-cong-nghe/,Vietnam,Global Newsroom,76
https://www.lg.com/vn/gioi-thieu-lg/tin-tuc-va-truyen-thong/may-giat-lg-twinwash-va-tu-cham-soc-quan-ao-thong-minh-lg-styler-la-cuoc-cach-mang-ve-giat-giu/,Vietnam,Global Newsroom,76
https://www.lg.com/vn/gioi-thieu-lg/tin-tuc-va-truyen-thong/lg-viet-nam-ra-mat-tv-oled-evo-2022/,Vietnam,Global Newsroom,76
https://www.lg.com/vn/gioi-thieu-lg/tin-tuc-va-truyen-thong/lg-ra-mat-mau-dieu-hoa-thanh-loc-khong-khi-the-he-moi/,Vietnam,Global Newsroom,79
https://www.lg.com/vn/gioi-thieu-lg/tin-tuc-va-truyen-thong/lg-muon-day-manh-gioi-thieu-cac-mau-dieu-hoa-thanh-loc-khong-khi-va-tiet-kiem-dien/,Vietnam,Global Newsroom,76
https://www.lg.com/vn/gioi-thieu-lg/tin-tuc-va-truyen-thong/lg-ra-mat-may-giat-long-dung-hoi-nuoc-dd-mang-toi-trai-nghiem-giat-giu-hoan-hao/,Vietnam,Global Newsroom,76
https://www.lg.com/vn/gioi-thieu-lg/tin-tuc-va-truyen-thong/lg-tri-an/,Vietnam,Global Newsroom,72
https://www.lg.com/vn/gioi-thieu-lg/tin-tuc-va-truyen-thong/lg-tiep-tuc-thuc-hien-chuong-trinh-bao-duong-dieu-hoa-mien-phi-2018/,Vietnam,Global Newsroom,76
https://www.lg.com/vn/gioi-thieu-lg/tin-tuc-va-truyen-thong/lg-ra-mat-may-rua-bat-quadwash-steam/,Vietnam,Global Newsroom,76
https://www.lg.com/vn/gioi-thieu-lg/tin-tuc-va-truyen-thong/lg-thinq-danh-cho-gia-dinh-ban/,Vietnam,Global Newsroom,76
https://www.lg.com/vn/gioi-thieu-lg/tin-tuc-va-truyen-thong/lg-ra-mat-lg-puricare-pro/,Vietnam,Global Newsroom,76
https://www.lg.com/vn/gioi-thieu-lg/tin-tuc-va-truyen-thong/lg-ra-mat-may-loc-khong-khi-ket-hop-quat-lg-puricare-aerotower/,Vietnam,Global Newsroom,76
https://www.lg.com/vn/gioi-thieu-lg/tin-tuc-va-truyen-thong/lg-ra-mat-tv-oled-8k-dau-tien-tren-the-gioi-tai-trien-lam-ifa-2018/,Vietnam,Global Newsroom,76
https://www.lg.com/vn/gioi-thieu-lg/tin-tuc-va-truyen-thong/lg-ra-mat-laptop-lg-gram-2023/,Vietnam,Global Newsroom,79
https://www.lg.com/vn/gioi-thieu-lg/tin-tuc-va-truyen-thong/lg-nang-tam-chat-luong-cuoc-song-bang-giai-phap-cong-nghe-dot-pha/,Vietnam,Global Newsroom,76
https://www.lg.com/vn/gioi-thieu-lg/tin-tuc-va-truyen-thong/lg-ra-mat-cac-model-moi-nhat-2019-cho-3-dong-man-hinh-may-tinh-chuyen-nghiep-ultrawide-ultrage/,Vietnam,Global Newsroom,79
https://www.lg.com/vn/gioi-thieu-lg/tin-tuc-va-truyen-thong/lg-ra-mat-may-loc-khong-khi-lg-puricare-360-hit-tai-vietnam/,Vietnam,Global Newsroom,76
https://www.lg.com/vn/gioi-thieu-lg/tin-tuc-va-truyen-thong/lg-ra-mat-lg-objet-house/,Vietnam,Global Newsroom,76
https://www.lg.com/vn/gioi-thieu-lg/tin-tuc-va-truyen-thong/lg-tung-ra-chuong-trinh-khuyen-mai-hap-dan-nhat-nam-nhan-dip-tet-nguyen-dan/,Vietnam,Global Newsroom,76
https://www.lg.com/vn/gioi-thieu-lg/tin-tuc-va-truyen-thong/lg-ra-mat-dong-dieu-hoa-inverter-v-xua-muoi-dau-tien-tai-viet-nam/,Vietnam,Global Newsroom,79
https://www.lg.com/vn/gioi-thieu-lg/tin-tuc-va-truyen-thong/lg-trinh-dien-loat-san-pham-tai-innofest-chau-a-2018/,Vietnam,Global Newsroom,76
https://www.lg.com/vn/gioi-thieu-lg/tin-tuc-va-truyen-thong/lg-ra-mat-tv-8k-oled-88-inch-lon-nhat-the-gioi-va-tv-oled-cuon-dau-tien-tren-the-gioi/,Vietnam,Global Newsroom,79
https://www.lg.com/vn/gioi-thieu-lg/tin-tuc-va-truyen-thong/lg-ra-mat-tv-dan-dung-dat-nhat-the-gioi/,Vietnam,Global Newsroom,79
https://www.lg.com/vn/gioi-thieu-lg/tin-tuc-va-truyen-thong/lg-khang-dinh-dieu-hoa-lg-dualcool-inverter-giup-mang-lai-khong-gian-song-sach-va-mat-lanh/,Vietnam,Global Newsroom,76
https://www.lg.com/vn/gioi-thieu-lg/tin-tuc-va-truyen-thong/lg-gioi-thieu-mo-hinh-lg-home-tai-su-kien-innofest-chau-a-2019/,Vietnam,Global Newsroom,76
https://www.lg.com/vn/gioi-thieu-lg/tin-tuc-va-truyen-thong/lg-hop-tac-cung-scb-mang-den-uu-dai-dac-biet/,Vietnam,Global Newsroom,79
https://www.lg.com/vn/gioi-thieu-lg/tin-tuc-va-truyen-thong/lg-lot-top-100-nha-tuyen-dung-duoc-yeu-thich-nhat-tai-viet-nam/,Vietnam,Global Newsroom,76
https://www.lg.com/vn/gioi-thieu-lg/tin-tuc-va-truyen-thong/lg-hop-tac-cung-lien-doan-bong-chay-bong-mem/,Vietnam,Global Newsroom,76
https://www.lg.com/vn/gioi-thieu-lg/tin-tuc-va-truyen-thong/lg-gioi-thieu-another-saigon/,Vietnam,Global Newsroom,76
https://www.lg.com/vn/gioi-thieu-lg/tin-tuc-va-truyen-thong/lg-instaview-thinq-giup-cac-co-gai-tan-huong-cuoc-song-ly-tuong-khong-ban-tam/,Vietnam,Global Newsroom,76
https://www.lg.com/vn/gioi-thieu-lg/tin-tuc-va-truyen-thong/lg-gioi-thieu-bo-nhan-dien-thuong-hieu-moi/,Vietnam,Global Newsroom,76
https://www.lg.com/vn/gioi-thieu-lg/tin-tuc-va-truyen-thong/lg-lan-toa-dieu-tu-te-dong-long-toa-sang-rang-ngoi-viet-nam/,Vietnam,Global Newsroom,76
https://www.lg.com/vn/gioi-thieu-lg/tin-tuc-va-truyen-thong/lg-ky-niem-20-nam-hoat-dong-tai-viet-nam/,Vietnam,Global Newsroom,72
https://www.lg.com/vn/gioi-thieu-lg/tin-tuc-va-truyen-thong/lg-khoi-nguon-cam-hung-phong-cach-song-voi-lg-pose/,Vietnam,Global Newsroom,76
https://www.lg.com/vn/gioi-thieu-lg/tin-tuc-va-truyen-thong/lg-lan-toa-thong-diep-tu-te-tu-nhung-anh-hung-doi-thuong/,Vietnam,Global Newsroom,76
https://www.lg.com/vn/gioi-thieu-lg/tin-tuc-va-truyen-thong/lg-mang-nhung-giai-phap-cong-nghe-dot-pha-den-ces-2024/,Vietnam,Global Newsroom,76
https://www.lg.com/vn/gioi-thieu-lg/tin-tuc-va-truyen-thong/lg-mo-rong-dai-san-pham-va-nang-tam-hinh-anh-tv-lcd-lg-qned-2022/,Vietnam,Global Newsroom,79
https://www.lg.com/vn/gioi-thieu-lg/tin-tuc-va-truyen-thong/lg-mang-ky-nguyen-cong-nghe-cham-soc-quan-ao-moi-den-ces-2024/,Vietnam,Global Newsroom,76
https://www.lg.com/vn/gioi-thieu-lg/tin-tuc-va-truyen-thong/lg-giup-nguoi-tre-co-khong-gian-ca-tinh-rieng/,Vietnam,Global Newsroom,76
https://www.lg.com/vn/gioi-thieu-lg/tin-tuc-va-truyen-thong/lg-lien-tuc-thang-lon-tai-tech-awards-2021/,Vietnam,Global Newsroom,79
https://www.lg.com/vn/gioi-thieu-lg/tin-tuc-va-truyen-thong/lg-mang-den-bo-su-tap-objet-tai-tuan-le-thiet-ke-viet-nam-vmark/,Vietnam,Global Newsroom,76
https://www.lg.com/vn/gioi-thieu-lg/tin-tuc-va-truyen-thong/lg-mang-gi-den-ces-2023/,Vietnam,Global Newsroom,79
https://www.lg.com/vn/gioi-thieu-lg/tin-tuc-va-truyen-thong/lg-gioi-thieu-may-dieu-hoa-loc-khi-cao-cap-lg-dualcool-2022/,Vietnam,Global Newsroom,79
https://www.lg.com/vn/gioi-thieu-lg/tin-tuc-va-truyen-thong/lg-chinh-thuc-ra-mat-thiet-bi-lam-dep-dau-tien-tai-viet-nam/,Vietnam,Global Newsroom,76
https://www.lg.com/vn/gioi-thieu-lg/tin-tuc-va-truyen-thong/lg-cong-bo-doanh-thu-quy-i-nam-2022/,Vietnam,Global Newsroom,79
https://www.lg.com/vn/gioi-thieu-lg/tin-tuc-va-truyen-thong/lg-danh-dau-10-nam-suc-hut-tv-oled/,Vietnam,Global Newsroom,76
https://www.lg.com/vn/gioi-thieu-lg/tin-tuc-va-truyen-thong/lg-cong-bo-bao-cao-tai-chinh-nam-2023/,Vietnam,Global Newsroom,76
https://www.lg.com/vn/gioi-thieu-lg/tin-tuc-va-truyen-thong/lg-cung-cap-nen-tang-noi-dung-o-to-cho-genesis-tap-doan-hyundai-motor/,Vietnam,Global Newsroom,76
https://www.lg.com/vn/gioi-thieu-lg/tin-tuc-va-truyen-thong/lg-electronics-va-habitat-for-humanity-vietnam-khoi-dong-du-an-ngoi-lang-hy-vong-2022/,Vietnam,Global Newsroom,76
https://www.lg.com/vn/gioi-thieu-lg/tin-tuc-va-truyen-thong/lg-gay-chan-dong-voi-man-hinh-videowall-zero-bezel-khong-duong-vien/,Vietnam,Global Newsroom,79
https://www.lg.com/vn/gioi-thieu-lg/tin-tuc-va-truyen-thong/lg-dat-doanh-thu-cao-nhat-thi-truong-thiet-bi-gia-dung-toan-cau-nam-2021/,Vietnam,Global Newsroom,79
https://www.lg.com/vn/gioi-thieu-lg/tin-tuc-va-truyen-thong/lg-ghi-dau-voi-nhieu-giai-thuong-sang-tao-tai-ces-2024/,Vietnam,Global Newsroom,76
https://www.lg.com/vn/gioi-thieu-lg/tin-tuc-va-truyen-thong/lg-dong-hanh-hiep-hoi-doanh-nghiep-han-quoc-trao-tang-hoc-bong-sinh-vein-tai-nang/,Vietnam,Global Newsroom,76
https://www.lg.com/vn/buying-guide/,Vietnam,구매 가이드,65
https://www.lg.com/vn/lg-experience/qua-tang-cong-nghe-dinh-cao-cho-nua-kia-cua-ban/,Vietnam,LG Experience,70
https://www.lg.com/vn/lg-experience/Rap-chieu-phim-tai-gia-hoan-hao-voi-giai-phap-tu-LG/,Vietnam,LG Experience,77
https://www.lg.com/vn/qned-tvs/2021/qned-buying-guide/,Vietnam,구매 가이드,71
https://www.lg.com/vn/lg-experience/,Vietnam,LG Experience,77
https://www.lg.com/vn/lg-experience/home-autom-presourcing/,Vietnam,LG Experience,70
https://www.lg.com/vn/lg-experience/do-dung-cong-nghe-cuoi-tuan/,Vietnam,LG Experience,73
https://www.lg.com/vn/lg-experience/goi-y-va-meo/,Vietnam,LG Experience,77
https://www.lg.com/vn/lg-experience/huong-dan-mua-hang/,Vietnam,LG Experience,77
https://www.lg.com/vn/lg-experience/,Vietnam,LG Experience,77
https://www.lg.com/vn/lg-experience/huong-dan-mua-hang/huong-dan-kich-thuoc-tv/,Vietnam,LG Experience,77
https://www.lg.com/vn/lg-experience/goc-giai-tri-hi-tech-cho-chang/,Vietnam,LG Experience,73
https://www.lg.com/vn/lg-experience/goi-y-va-meo/man-hinh-phang-va-man-hinh-cong/,Vietnam,LG Experience,77
https://www.lg.com/vn/tivi/oled/oled-buying-guide/,Vietnam,구매 가이드,71
https://www.lg.com/vn/lg-experience/huong-dan-mua-hang/huong-dan-mua-dieu-hoa/,Vietnam,LG Experience,77
https://www.lg.com/vn/lg-experience/Nha-thong-minh-va-giai-phap-cong-nghe-uu-viet-tu-LG/,Vietnam,LG Experience,70
https://www.lg.com/vn/lg-experience/huong-dan-mua-hang/huong-dan-mua-laptop/,Vietnam,LG Experience,77
https://www.lg.com/vn/lg-experience/huong-dan-mua-hang/huong-dan-mua-may-say/,Vietnam,LG Experience,77
https://www.lg.com/vn/lg-experience/nhung-buoc-tien-cong-nghe-dinh-huong-boi-lg/,Vietnam,LG Experience,70
https://www.lg.com/vn/lg-experience/huong-dan-mua-hang/huong-dan-mua-may-giat/,Vietnam,LG Experience,77
https://www.lg.com/vn/lg-experience/goi-y-va-meo/huong-dan-ve-nhiet-do-may-giat/,Vietnam,LG Experience,83
https://www.lg.com/vn/lg-experience/goi-y-va-meo/cach-chon-kich-thuoc-tu-lanh-tieu-chuan/,Vietnam,LG Experience,80
https://www.lg.com/vn/lg-experience/goi-y-va-meo/giai-thich-ve-cong-nghe-man-hinh-lg/,Vietnam,LG Experience,77
https://www.lg.com/vn/lg-experience/goi-y-va-meo/meo-sap-xep-tu-lanh/,Vietnam,LG Experience,80
https://www.lg.com/vn/lg-experience/goi-y-va-meo/cach-chon-kich-thuoc-may-say-phu-hop/,Vietnam,LG Experience,83
https://www.lg.com/vn/lg-experience/goi-y-va-meo/loi-ich-noi-bat-khi-so-huu-may-giat/,Vietnam,LG Experience,80
https://www.lg.com/vn/lg-experience/goi-y-va-meo/cach-lua-chon-tu-lanh-tiet-kiem-dien/,Vietnam,LG Experience,77
https://www.lg.com/vn/lg-experience/goi-y-va-meo/may-giat-su-dung-bao-nhieu-watt-va-cach-tiet-kiem-dien/,Vietnam,LG Experience,80
https://www.lg.com/vn/lg-experience/goi-y-va-meo/cach-lua-chon-may-giat-tiet-kiem-dien/,Vietnam,LG Experience,77
https://www.lg.com/vn/lg-experience/goi-y-va-meo/say-chan-o-nhiet-do-bao-nhieu/,Vietnam,LG Experience,80
https://www.lg.com/vn/lg-experience/goi-y-va-meo/cach-chon-kich-thuoc-may-giat-tieu-chuan/,Vietnam,LG Experience,83
https://www.lg.com/vn/lg-experience/goi-y-va-meo/cach-dieu-chinh-nhiet-do-ngan-mat-ngan-da-tu-lanh/,Vietnam,LG Experience,83
https://www.lg.com/vn/lg-experience/goi-y-va-meo/goi-y-mon-an-lam-bang-lo-vi-song-lg/,Vietnam,LG Experience,77
https://www.lg.com/vn/lg-experience/goi-y-va-meo/cach-su-dung-may-giat-tu-dong/,Vietnam,LG Experience,80
https://www.lg.com/vn/lg-experience/goi-y-va-meo/dat-tu-lanh-va-may-giat-theo-phong-thuy/,Vietnam,LG Experience,80
https://www.lg.com/vn/lg-experience/goi-y-va-meo/tu-lanh-la-gi-va-cach-bao-quan-thuc-pham/,Vietnam,LG Experience,80
https://www.lg.com/vn/lg-experience/goi-y-va-meo/meo-giat-quan-ao/,Vietnam,LG Experience,77
https://www.lg.com/vn/lg-experience/goi-y-va-meo/thiet-bi-tiet-kiem-nang-luong-giam-tieu-thu-dien-trong-ngay-trai-dat/,Vietnam,LG Experience,77
https://www.lg.com/vn/lg-experience/goi-y-va-meo/may-rua-bat-tieu-thu-bao-nhieu-dien-va-nuoc/,Vietnam,LG Experience,77
https://www.lg.com/vn/lg-experience/goi-y-va-meo/qua-tang-thiet-bi-gia-dung-cho-me-dip-ngay-cua-me/,Vietnam,LG Experience,77
https://www.lg.com/vn/lg-experience/goi-y-va-meo/,Vietnam,LG Experience,77
https://www.lg.com/vn/lg-experience/huong-dan-mua-hang/huong-dan-mua-dieu-ho/,Vietnam,LG Experience,77
https://www.lg.com/vn/lg-experience/huong-dan-mua-hang/huong-dan-mua-may-say/,Vietnam,LG Experience,77
https://www.lg.com/vn/lg-experience/goi-y-va-meo/giai-thich-do-phan-giai-man-hinh-tv/,Vietnam,LG Experience,77
https://www.lg.com/vn/lg-experience/goi-y-va-meo/man-hinh-phang-va-man-hinh-cong/,Vietnam,LG Experience,77
https://www.lg.com/vn/lg-experience/goi-y-va-meo/giai-thich-ve-loa-thanh/,Vietnam,LG Experience,77
https://www.lg.com/vn/lg-experience/huong-dan-mua-hang/huong-dan-lua-chon-may-chieu/,Vietnam,LG Experience,77
https://www.lg.com/vn/lg-experience/huong-dan-mua-hang/huong-dan-mua-tv/,Vietnam,LG Experience,77
https://www.lg.com/vn/lg-experience/goi-y-va-meo/lua-chon-tu-lanh-phu-hop-nhat-cho-bep-nha-ban/,Vietnam,LG Experience,77
https://www.lg.com/vn/lg-experience/goi-y-va-meo/giai-thich-loai-man-hinh/,Vietnam,LG Experience,77
https://www.lg.com/vn/lg-experience/huong-dan-mua-hang/,Vietnam,LG Experience,77
https://www.lg.com/vn/lg-experience/,Vietnam,LG Experience,77
https://www.lg.com/vn/lg-experience/huong-dan-mua-hang/huong-dan-ve-may-suoi-va-dieu-hoa-tiet-kiem-dien/,Vietnam,LG Experience,77
https://www.lg.com/vn/lg-experience/huong-dan-mua-hang/huong-dan-mua-may-rua-bat/,Vietnam,LG Experience,77
https://www.lg.com/vn/lg-experience/huong-dan-mua-hang/huong-dan-kich-thuoc-tv/,Vietnam,LG Experience,77
https://www.lg.com/vn/lg-experience/huong-dan-mua-hang/huong-dan-ve-sinh-tv/,Vietnam,LG Experience,77
https://www.lg.com/vn/lg-experience/huong-dan-mua-hang/huong-dan-mua-lo-vi-song/,Vietnam,LG Experience,77
https://www.lg.com/vn/lg-experience/huong-dan-mua-hang/huong-dan-mua-dieu-hoa/,Vietnam,LG Experience,77
https://www.lg.com/vn/lg-experience/huong-dan-mua-hang/huong-dan-mua-laptop/,Vietnam,LG Experience,77
https://www.lg.com/vn/lg-experience/huong-dan-mua-hang/huong-dan-mua-may-giat/,Vietnam,LG Experience,77
https://www.lg.com/vn/man-hinh-may-tinh/man-hinh-do-hoa-ultrafine/32ur500k-b/,Vietnam,제품 상세 (PDP),84
https://www.lg.com/vn/phu-kien-may-giat-may-say-styler/agm73611312/,Vietnam,제품 상세 (PDP),81
https://www.lg.com/vn/lg-thinq/magazine/how-to-make-sure-your-home-is-ready-for-summer/,Vietnam,Microsite,67
https://www.lg.com/vn/tivi/why-lgoled/2023-oled-lineup/,Vietnam,Microsite,77
https://www.lg.com/vn/lg-thinq/news/how-smart-appliances-can-help-save-energy-and-the-planet/,Vietnam,Microsite,77
https://www.lg.com/vn/tivi/why-lgoled/10years-world-no1-oled/,Vietnam,Microsite,71
https://www.lg.com/vn/tivi/why-lgoled/sustainability/,Vietnam,Microsite,71
https://www.lg.com/vn/phu-kien-may-giat-may-say-styler/agf30790698/,Vietnam,제품 상세 (PDP),81
https://www.lg.com/vn/cham-soc-khong-khi/may-loc-khong-khi/as20gpbk0/,Vietnam,제품 상세 (PDP),82
https://www.lg.com/vn/man-hinh-may-tinh/man-hinh-do-hoa-ultrafine/32un880k-b/,Vietnam,제품 상세 (PDP),82
https://www.lg.com/vn/giat-say/tu-cham-soc-quan-ao-thong-minh-styler/s3wf/,Vietnam,제품 상세 (PDP),84
https://www.lg.com/vn/phu-kien-may-giat-may-say-styler/3751el1002m/,Vietnam,제품 상세 (PDP),81
https://www.lg.com/vn/tv-va-loa-thanh/tv-oled-evo/oled83m4psa/,Vietnam,제품 상세 (PDP),82
https://www.lg.com/vn/man-hinh-phong-cach/bo-suu-tap-objet-pose/55lx1tpsa/,Vietnam,제품 상세 (PDP),79
https://www.lg.com/vn/man-hinh-may-tinh/man-hinh-pho-thong-full-hd-qhd/25sr50f-w/,Vietnam,제품 상세 (PDP),79
https://www.lg.com/vn/phu-kien-may-giat-may-say-styler/cls32165001/,Vietnam,제품 상세 (PDP),81
https://www.lg.com/vn/tv-va-loa-thanh/tv-oled-evo/oled65m4psa/,Vietnam,제품 상세 (PDP),82
https://www.lg.com/vn/lo-vi-song/ms2535gik/,Vietnam,제품 상세 (PDP),82
https://www.lg.com/vn/phu-kien-may-giat-may-say-styler/agm73611313/,Vietnam,제품 상세 (PDP),81
https://www.lg.com/vn/giat-say/may-giat-long-dung/tv2725sv9j/,Vietnam,제품 상세 (PDP),82
https://www.lg.com/vn/man-hinh-may-tinh/man-hinh-pho-thong-full-hd-qhd/25ms550-b/,Vietnam,제품 상세 (PDP),81
https://www.lg.com/vn/giat-say/may-giat-long-dung/t2109nt1g/,Vietnam,제품 상세 (PDP),88
https://www.lg.com/vn/tv-va-loa-thanh/tv-uhd-4k/65ut7350psb/,Vietnam,제품 상세 (PDP),79
https://www.lg.com/vn/tv-va-loa-thanh/tv-qned/43qned80tsa/,Vietnam,제품 상세 (PDP),79
https://www.lg.com/vn/tv-va-loa-thanh/tv-uhd-4k/75ut9050psb/,Vietnam,제품 상세 (PDP),79
https://www.lg.com/vn/tv-va-loa-thanh/tv-oled-evo/oled97g4psa/,Vietnam,제품 상세 (PDP),79
https://www.lg.com/vn/tv-va-loa-thanh/tv-qned/86qned91tsa/,Vietnam,제품 상세 (PDP),79
https://www.lg.com/vn/tv-va-loa-thanh/tv-nanocell/55nano81tsa/,Vietnam,제품 상세 (PDP),79
https://www.lg.com/vn/tv-va-loa-thanh/tv-uhd-4k/65ut8050psb/,Vietnam,제품 상세 (PDP),79
https://www.lg.com/vn/tv-va-loa-thanh/tv-man-hinh-lon/75ut8050psb/,Vietnam,제품 상세 (PDP),79
https://www.lg.com/vn/tv-va-loa-thanh/tv-nanocell/86nano81tsa/,Vietnam,제품 상세 (PDP),79
https://www.lg.com/vn/tv-va-loa-thanh/tv-qned/86qned86tsa/,Vietnam,제품 상세 (PDP),79
https://www.lg.com/vn/tv-va-loa-thanh/tv-qned/65qned86tsa/,Vietnam,제품 상세 (PDP),79
https://www.lg.com/vn/tv-va-loa-thanh/tv-qned/75qned86tsa/,Vietnam,제품 상세 (PDP),79
https://www.lg.com/vn/tv-va-loa-thanh/tv-qned/55qned86tsa/,Vietnam,제품 상세 (PDP),79
https://www.lg.com/vn/tv-va-loa-thanh/tv-oled/oled48b4psa/,Vietnam,제품 상세 (PDP),79
https://www.lg.com/vn/tv-va-loa-thanh/tv-qned/75qned91tsa/,Vietnam,제품 상세 (PDP),79
https://www.lg.com/vn/tv-va-loa-thanh/tv-nanocell/65nano81tsa/,Vietnam,제품 상세 (PDP),79
https://www.lg.com/vn/tv-va-loa-thanh/tv-uhd-4k/65ut9050psb/,Vietnam,제품 상세 (PDP),79
https://www.lg.com/vn/tv-va-loa-thanh/tv-nanocell/50nano81tsa/,Vietnam,제품 상세 (PDP),79
https://www.lg.com/vn/tv-va-loa-thanh/tv-nanocell/75nano81tsa/,Vietnam,제품 상세 (PDP),79
https://www.lg.com/vn/tv-va-loa-thanh/tv-nanocell/43nano81tsa/,Vietnam,제품 상세 (PDP),79
https://www.lg.com/vn/cham-soc-khong-khi/may-loc-khong-khi/as10gdby0/,Vietnam,제품 상세 (PDP),85
https://www.lg.com/vn/man-hinh-phong-cach/stanbyme/27art10ckpl/,Vietnam,제품 상세 (PDP),79
https://www.lg.com/vn/tv-va-loa-thanh/tv-uhd-4k/43uq7050psa/,Vietnam,제품 상세 (PDP),79
https://www.lg.com/vn/cham-soc-khong-khi/may-loc-khong-khi/as65gdby0/,Vietnam,제품 상세 (PDP),85
https://www.lg.com/vn/phu-kien-may-giat-may-say-styler/aht74073801/,Vietnam,제품 상세 (PDP),81
https://www.lg.com/vn/phu-kien-khac/ajl75313910/,Vietnam,제품 상세 (PDP),81
https://www.lg.com/vn/phu-kien-khac/adq72910911/,Vietnam,제품 상세 (PDP),81
https://www.lg.com/vn/phu-kien-may-giat-may-say-styler/adq74273401/,Vietnam,제품 상세 (PDP),81
https://www.lg.com/vn/tv-va-loa-thanh/tv-uhd-4k/50uq7050psa/,Vietnam,제품 상세 (PDP),79
https://www.lg.com/vn/tv-va-loa-thanh/tv-uhd-4k/55uq7050psa/,Vietnam,제품 상세 (PDP),79
https://www.lg.com/vn/phu-kien-dieu-hoa-may-loc-khong-khi/adq75801755/,Vietnam,제품 상세 (PDP),81
https://www.lg.com/vn/phu-kien-may-giat-may-say-styler/agf79600805/,Vietnam,제품 상세 (PDP),81
https://www.lg.com/vn/cham-soc-khong-khi/may-loc-khong-khi/fs15gpbk0/,Vietnam,제품 상세 (PDP),85
https://www.lg.com/vn/giat-say/may-giat-long-ngang/fb1209s6m/,Vietnam,제품 상세 (PDP),85
https://www.lg.com/vn/giat-say/may-giat-long-ngang/fv1412s3b/,Vietnam,제품 상세 (PDP),88
https://www.lg.com/vn/giat-say/may-giat-long-dung/tv2519dv7b/,Vietnam,제품 상세 (PDP),82
https://www.lg.com/vn/giat-say/may-giat-long-ngang/fb1209s6w/,Vietnam,제품 상세 (PDP),85
https://www.lg.com/vn/giat-say/may-giat-long-dung/tv2518dv3b/,Vietnam,제품 상세 (PDP),82
https://www.lg.com/vn/cham-soc-khong-khi/may-loc-khong-khi/as60ghcg0/,Vietnam,제품 상세 (PDP),84
https://www.lg.com/vn/tv-va-loa-thanh/tv-man-hinh-lon/86ur8050psb/,Vietnam,제품 상세 (PDP),79
https://www.lg.com/vn/giat-say/may-giat-long-ngang/fv1412s4w/,Vietnam,제품 상세 (PDP),85
https://www.lg.com/vn/tv-va-loa-thanh/tv-uhd-4k/55ur9050psk/,Vietnam,제품 상세 (PDP),79
https://www.lg.com/vn/phu-kien-dieu-hoa-may-loc-khong-khi/adq75153455/,Vietnam,제품 상세 (PDP),81
https://www.lg.com/vn/phu-kien-may-giat-may-say-styler/agf79600809/,Vietnam,제품 상세 (PDP),81
https://www.lg.com/vn/phu-kien-dieu-hoa-may-loc-khong-khi/mdj61144754/,Vietnam,제품 상세 (PDP),81
https://www.lg.com/vn/tv-va-loa-thanh/tv-uhd-4k/65ur8150psb/,Vietnam,제품 상세 (PDP),79
https://www.lg.com/vn/giat-say/may-giat-long-ngang/fb1209s5m/,Vietnam,제품 상세 (PDP),85
https://www.lg.com/vn/phu-kien-may-giat-may-say-styler/adq74533405/,Vietnam,제품 상세 (PDP),81
https://www.lg.com/vn/phu-kien-tv/akb76039704/,Vietnam,제품 상세 (PDP),81
https://www.lg.com/vn/phu-kien-may-giat-may-say-styler/adq75798001/,Vietnam,제품 상세 (PDP),81
https://www.lg.com/vn/giat-say/thap-giat-say-washtower/wt1410nhb/,Vietnam,제품 상세 (PDP),85
https://www.lg.com/vn/tv-va-loa-thanh/tv-oled/oled55a3psa/,Vietnam,제품 상세 (PDP),79
https://www.lg.com/vn/tv-va-loa-thanh/tv-uhd-4k/65ur9050psk/,Vietnam,제품 상세 (PDP),79
https://www.lg.com/vn/phu-kien-khau-trang-loc-khi/adq75797604/,Vietnam,제품 상세 (PDP),81
https://www.lg.com/vn/phu-kien-khac/mfq62362112/,Vietnam,제품 상세 (PDP),81
https://www.lg.com/vn/tv-va-loa-thanh/tv-uhd-4k/55ur8050psb/,Vietnam,제품 상세 (PDP),79
https://www.lg.com/vn/phu-kien-khac/adq75798805/,Vietnam,제품 상세 (PDP),81
https://www.lg.com/vn/tv-va-loa-thanh/tv-uhd-4k/65ur8050psb/,Vietnam,제품 상세 (PDP),79
https://www.lg.com/vn/tv-va-loa-thanh/tv-man-hinh-lon/75ur8050psb/,Vietnam,제품 상세 (PDP),79
https://www.lg.com/vn/thiet-bi-nghe-nhin/qned/50qned80sra/,Vietnam,제품 상세 (PDP),79
https://www.lg.com/vn/tv-va-loa-thanh/tv-qned/65qned86sra/,Vietnam,제품 상세 (PDP),79
https://www.lg.com/vn/tv-va-loa-thanh/tv-oled/oled65a3psa/,Vietnam,제품 상세 (PDP),79
https://www.lg.com/vn/tv-va-loa-thanh/tv-oled-evo/oled88z3psa/,Vietnam,제품 상세 (PDP),79
https://www.lg.com/vn/tv-va-loa-thanh/tv-qned/75qned86sra/,Vietnam,제품 상세 (PDP),79
https://www.lg.com/vn/tv-va-loa-thanh/tv-oled/oled48a3psa/,Vietnam,제품 상세 (PDP),79
https://www.lg.com/vn/tv-va-loa-thanh/tv-uhd-4k/55ur8150psb/,Vietnam,제품 상세 (PDP),79
https://www.lg.com/vn/tv-va-loa-thanh/tv-man-hinh-lon/75ur9050psk/,Vietnam,제품 상세 (PDP),79
https://www.lg.com/vn/phu-kien-dieu-hoa-may-loc-khong-khi/mdj64424406/,Vietnam,제품 상세 (PDP),81
https://www.lg.com/vn/phu-kien-khac/eay65895911/,Vietnam,제품 상세 (PDP),81
https://www.lg.com/vn/tv-va-loa-thanh/tv-nanocell/,Vietnam,제품 카테고리 (PLP),80
https://www.lg.com/vn/dieu-hoa/v18win/,Vietnam,제품 상세 (PDP),81
https://www.lg.com/vn/tv-va-loa-thanh/tv-oled/,Vietnam,제품 카테고리 (PLP),87
https://www.lg.com/vn/phu-kien-khau-trang-loc-khi/,Vietnam,제품 카테고리 (PLP),80
https://www.lg.com/vn/tv-va-loa-thanh/tv-qned/,Vietnam,제품 카테고리 (PLP),80
https://www.lg.com/vn/tv-va-loa-thanh/,Vietnam,제품 카테고리 (PLP),77
https://www.lg.com/vn/may-chieu/tat-ca-may-chieu/,Vietnam,제품 카테고리 (PLP),83
https://www.lg.com/vn/may-chieu/cinebeam/,Vietnam,제품 카테고리 (PLP),83
https://www.lg.com/vn/may-chieu/probeam/,Vietnam,제품 카테고리 (PLP),83
https://www.lg.com/vn/tv-va-loa-thanh/tv-oled-evo/oled97g2psa/,Vietnam,제품 상세 (PDP),76
https://www.lg.com/vn/giat-say/may-giat-long-ngang/fv1209s5w/,Vietnam,제품 상세 (PDP),82
https://www.lg.com/vn/dieu-hoa-dan-dung/may-dieu-hoa/v24win/,Vietnam,제품 상세 (PDP),81
https://www.lg.com/vn/may-hut-bui/phu-kien-may-hut-bui/ajl75313902/,Vietnam,제품 상세 (PDP),81
https://www.lg.com/vn/phu-kien-dieu-hoa-may-loc-khong-khi/aaa77724706/,Vietnam,제품 상세 (PDP),81
https://www.lg.com/vn/phu-kien-dieu-hoa-may-loc-khong-khi/aaa77724705/,Vietnam,제품 상세 (PDP),81
https://www.lg.com/vn/phu-kien-dieu-hoa-may-loc-khong-khi/mdj64424304/,Vietnam,제품 상세 (PDP),81
https://www.lg.com/vn/phu-kien-may-giat-may-say-styler/5001el2001h/,Vietnam,제품 상세 (PDP),81
https://www.lg.com/vn/giat-say/may-say-quan-ao/,Vietnam,제품 카테고리 (PLP),83
https://www.lg.com/vn/man-hinh-may-tinh/,Vietnam,제품 카테고리 (PLP),71
https://www.lg.com/vn/dan-am-thanh/loa-thanh/,Vietnam,제품 카테고리 (PLP),83
https://www.lg.com/vn/phu-kien-tv/,Vietnam,제품 카테고리 (PLP),80
https://www.lg.com/vn/tv-va-loa-thanh/tv-man-hinh-lon/,Vietnam,제품 카테고리 (PLP),80
https://www.lg.com/vn/man-hinh-may-tinh/man-hinh-gaming-ultragear/,Vietnam,제품 카테고리 (PLP),80
https://www.lg.com/vn/man-hinh-may-tinh/man-hinh-da-nhiem-ultrawide/,Vietnam,제품 카테고리 (PLP),83
https://www.lg.com/vn/man-hinh-phong-cach/,Vietnam,제품 카테고리 (PLP),77
https://www.lg.com/vn/tu-lanh/,Vietnam,제품 카테고리 (PLP),74
https://www.lg.com/vn/tu-lanh/tu-lanh-side-by-side/,Vietnam,제품 카테고리 (PLP),83
https://www.lg.com/vn/tu-lanh/tat-ca-tu-lanh/,Vietnam,제품 카테고리 (PLP),83
https://www.lg.com/vn/tu-lanh/tu-lanh-instaview/,Vietnam,제품 카테고리 (PLP),83
https://www.lg.com/vn/man-hinh-may-tinh/tat-ca-man-hinh-may-tinh/,Vietnam,제품 카테고리 (PLP),80
https://www.lg.com/vn/giat-say/may-giat-long-dung/,Vietnam,제품 카테고리 (PLP),83
https://www.lg.com/vn/tai-nghe-khong-day/tai-nghe-khu-khuan-uvnano/,Vietnam,제품 카테고리 (PLP),80
https://www.lg.com/vn/giat-say/may-giat-long-ngang/,Vietnam,제품 카테고리 (PLP),83
https://www.lg.com/vn/tv-va-loa-thanh/tat-ca-tv-va-loa-thanh/,Vietnam,제품 카테고리 (PLP),80
https://www.lg.com/vn/thiet-bi-dien-gia-dung/,Vietnam,제품 카테고리 (PLP),74
https://www.lg.com/vn/may-hut-bui/,Vietnam,제품 카테고리 (PLP),83
https://www.lg.com/vn/giat-say/thap-giat-say-washtower/,Vietnam,제품 카테고리 (PLP),83
https://www.lg.com/vn/giat-say/tu-cham-soc-quan-ao-thong-minh-styler/,Vietnam,제품 카테고리 (PLP),83
https://www.lg.com/vn/dan-am-thanh/,Vietnam,제품 카테고리 (PLP),73
https://www.lg.com/vn/cham-soc-khong-khi/may-loc-khong-khi/,Vietnam,제품 카테고리 (PLP),83
https://www.lg.com/vn/dan-am-thanh/tat-ca-dan-am-thanh/,Vietnam,제품 카테고리 (PLP),83
https://www.lg.com/vn/tu-lanh/tu-lanh-ngan-da-tren/,Vietnam,제품 카테고리 (PLP),83
https://www.lg.com/vn/man-hinh-phong-cach/bo-suu-tap-objet-pose/,Vietnam,제품 카테고리 (PLP),83
https://www.lg.com/vn/giat-say/,Vietnam,제품 카테고리 (PLP),77
https://www.lg.com/vn/tv-va-loa-thanh/tv-oled-evo/,Vietnam,제품 카테고리 (PLP),87
https://www.lg.com/vn/may-chieu/,Vietnam,제품 카테고리 (PLP),83
https://www.lg.com/vn/tai-nghe-khong-day/,Vietnam,제품 카테고리 (PLP),83
https://www.lg.com/vn/tu-lanh/tu-lanh-french-door/,Vietnam,제품 카테고리 (PLP),83
https://www.lg.com/vn/virtualshowroom/,Vietnam,제품 카테고리 (PLP),77
https://www.lg.com/vn/laptop-lg-gram/,Vietnam,제품 카테고리 (PLP),74
https://www.lg.com/vn/phu-kien-may-giat-may-say-styler/,Vietnam,제품 카테고리 (PLP),80
https://www.lg.com/vn/cham-soc-khong-khi/may-hut-am/,Vietnam,제품 카테고리 (PLP),83
https://www.lg.com/vn/man-hinh-phong-cach/stanbyme/,Vietnam,제품 카테고리 (PLP),83
https://www.lg.com/vn/phu-kien-tu-lanh/,Vietnam,제품 카테고리 (PLP),80
https://www.lg.com/vn/dan-am-thanh/loa-di-dong/,Vietnam,제품 카테고리 (PLP),80
https://www.lg.com/vn/man-hinh-may-tinh/man-hinh-van-phong-pho-thong/,Vietnam,제품 카테고리 (PLP),80
https://www.lg.com/vn/tu-lanh/tu-lanh-ngan-da-duoi/,Vietnam,제품 카테고리 (PLP),83
https://www.lg.com/vn/dan-am-thanh/xboom/,Vietnam,제품 카테고리 (PLP),80
https://www.lg.com/vn/man-hinh-phong-cach/stanbyme-go/,Vietnam,제품 카테고리 (PLP),83
https://www.lg.com/vn/tu-lanh/tu-dong/,Vietnam,제품 카테고리 (PLP),83
https://www.lg.com/vn/phu-kien-san-pham-tin-hoc/,Vietnam,제품 카테고리 (PLP),80
https://www.lg.com/vn/lg-objet-collection/,Vietnam,제품 카테고리 (PLP),73
https://www.lg.com/vn/may-rua-bat/,Vietnam,제품 카테고리 (PLP),80
https://www.lg.com/vn/lo-vi-song/,Vietnam,제품 카테고리 (PLP),84
https://www.lg.com/vn/may-hut-bui/may-hut-bui-cam-tay/,Vietnam,제품 카테고리 (PLP),83
https://www.lg.com/vn/shop/,Vietnam,제품 카테고리 (PLP),63
https://www.lg.com/vn/may-giat-say-cong-nghiep/may-giat-cong-nghiep/,Vietnam,제품 카테고리 (PLP),80
https://www.lg.com/vn/tai-nghe-khong-day/tai-nghe-chong-on-chu-dong/,Vietnam,제품 카테고리 (PLP),80
https://www.lg.com/vn/tv-va-loa-thanh/lg-signature-oled/,Vietnam,제품 카테고리 (PLP),83
https://www.lg.com/vn/tai-nghe-khong-day/tat-ca-tai-nghe-khong-day/,Vietnam,제품 카테고리 (PLP),83
https://www.lg.com/vn/phu-kien-san-pham-tin-hoc/gram-view-portable-monitor/,Vietnam,제품 카테고리 (PLP),83
https://www.lg.com/vn/tai-nghe-khong-day/tone-free/,Vietnam,제품 카테고리 (PLP),80
https://www.lg.com/vn/man-hinh-phong-cach/tat-ca-man-hinh-phong-cach/,Vietnam,제품 카테고리 (PLP),83
https://www.lg.com/vn/tv-va-loa-thanh/tv-full-hd/,Vietnam,제품 카테고리 (PLP),83
https://www.lg.com/vn/man-hinh-may-tinh/man-hinh-do-hoa-ultrafine/,Vietnam,제품 카테고리 (PLP),83
https://www.lg.com/vn/dieu-hoa/,Vietnam,제품 카테고리 (PLP),80
https://www.lg.com/vn/giat-say/tat-ca-may-giat-may-say/,Vietnam,제품 카테고리 (PLP),83
https://www.lg.com/vn/account-integration/,Vietnam,제품 카테고리 (PLP),63
https://www.lg.com/vn/login/,Vietnam,제품 카테고리 (PLP),67
https://www.lg.com/vn/signup/,Vietnam,제품 카테고리 (PLP),63
https://www.lg.com/vn/signup/verifymail/,Vietnam,제품 카테고리 (PLP),63
https://www.lg.com/vn/dich-vu-bao-duong-bao-hanh/,Vietnam,제품 카테고리 (PLP),63
https://www.lg.com/vn/signup/email-verification-guide/,Vietnam,제품 카테고리 (PLP),70
https://www.lg.com/vn/signup/verification-failed/,Vietnam,제품 카테고리 (PLP),70
https://www.lg.com/vn/the-le-uu-dai-giai-phap-lam-da-thong-minh/,Vietnam,제품 카테고리 (PLP),70
https://www.lg.com/vn/may-hut-bui/may-hut-bui-cam-day/,Vietnam,제품 카테고리 (PLP),83
https://www.lg.com/vn/giat-say/may-giat-say-long-ngang/,Vietnam,제품 카테고리 (PLP),83
https://www.lg.com/vn/huong-dan-mua-man-hinh-ultragear/,Vietnam,제품 카테고리 (PLP),74
https://www.lg.com/vn/phu-kien-khac/,Vietnam,제품 카테고리 (PLP),80
https://www.lg.com/vn/cham-soc-khong-khi/tat-ca-cham-soc-khong-khi/,Vietnam,제품 카테고리 (PLP),83
https://www.lg.com/vn/san-pham-moi/,Vietnam,제품 카테고리 (PLP),77
https://www.lg.com/vn/cham-soc-khong-khi/,Vietnam,제품 카테고리 (PLP),73
https://www.lg.com/vn/may-giat-say-cong-nghiep/may-say-cong-nghiep/,Vietnam,제품 카테고리 (PLP),80
https://www.lg.com/vn/may-giat-say-cong-nghiep/,Vietnam,제품 카테고리 (PLP),77
https://www.lg.com/vn/phu-kien-dieu-hoa-may-loc-khong-khi/,Vietnam,제품 카테고리 (PLP),80
https://www.lg.com/vn/obs-live-chat/,Vietnam,제품 카테고리 (PLP),45
https://www.lg.com/vn/featured-pages/,Vietnam,제품 카테고리 (PLP),67
https://www.lg.com/vn/meetGenGwithLG/,Vietnam,제품 카테고리 (PLP),63
https://www.lg.com/vn/may-rua-bat-leaflet/,Vietnam,제품 카테고리 (PLP),63
https://www.lg.com/vn/giat-say/tat-ca-may-giat-may-say/?ec_ft_06517464=AI_DD,Vietnam,제품 카테고리 (PLP),83
https://www.lg.com/vn/giat-say/tat-ca-may-giat-may-say/?ec_ft_06517464=TurboWash360˚,Vietnam,제품 카테고리 (PLP),83
https://www.lg.com/vn/giat-say/tat-ca-may-giat-may-say/?ec_ft_06517464=Hơi_nước,Vietnam,제품 카테고리 (PLP),83
https://www.lg.com/vn/stanbyme/stanbyme-faq/,Vietnam,제품 카테고리 (PLP),77
https://www.lg.com/vn/lg-objet-house/,Vietnam,제품 카테고리 (PLP),73
https://www.lg.com/vn/thinqcoupon/,Vietnam,제품 카테고리 (PLP),70
https://www.lg.com/vn/xboom/,Vietnam,제품 카테고리 (PLP),73
https://www.lg.com/vn/giai-phap-lam-da-thong-minh/,Vietnam,제품 카테고리 (PLP),71
https://www.lg.com/vn/khuyen-mai/chuong-trinh-cham-soc-khach-hang/,Vietnam,Support - 일반,79
https://www.lg.com/vn/tro-giup/lg-here4u/chuong-trinh-cham-soc-khach-hang/,Vietnam,Support - 일반,79
https://www.lg.com/vn/tro-giup/lg-here4u/,Vietnam,Support - 일반,79
https://www.lg.com/vn/tro-giup/lien-he-voi-chung-toi/khao-sat/,Vietnam,Support - 일반,82
https://www.lg.com/vn/tro-giup/ho-tro-san-pham/dat-lich-sua-chua/,Vietnam,Support - 일반,75
https://www.lg.com/vn/tro-giup/ho-tro-san-pham/dang-ky-thong-tin-san-pham/,Vietnam,Support - 일반,71
https://www.lg.com/vn/support/,Vietnam,Support - 일반,68
https://www.lg.com/vn/tro-giup/lg-thinq/,Vietnam,Support - 일반,79
https://www.lg.com/vn/tro-giup/lien-he-voi-chung-toi/trung-tam-dich-vu/,Vietnam,Support - 일반,82
https://www.lg.com/vn/tro-giup/bao-hanh/,Vietnam,Support - 일반,75
https://www.lg.com/vn/tro-giup/ho-tro-san-pham/khac-phuc-su-co/,Vietnam,Support - 일반,75
https://www.lg.com/vn/tro-giup/lien-he-voi-chung-toi/,Vietnam,Support - 일반,82
https://www.lg.com/vn/tro-giup/smart-share/,Vietnam,Support - 일반,86
https://www.lg.com/vn/tro-giup/ho-tro-don-hang/theo-doi-tinh-trang-don-hang/,Vietnam,Support - 일반,79
https://www.lg.com/vn/tro-giup/,Vietnam,Support - 일반,79
https://www.lg.com/vn/tro-giup/ho-tro-san-pham/huong-dan-phan-mem/,Vietnam,Support - 일반,75
https://www.lg.com/vn/tro-giup/thong-bao/,Vietnam,Support - 일반,79
https://www.lg.com/vn/tro-giup/ho-tro-san-pham/cs-27MS500-B.ATV/,Vietnam,Support - 일반,79
https://www.lg.com/vn/tro-giup/chinh-sach-bao-hanh/,Vietnam,Support - 일반,75
https://www.lg.com/vn/tro-giup/ho-tro-san-pham/cs-HU710PB.ATV/,Vietnam,Support - 일반,79
https://www.lg.com/vn/tro-giup/ho-tro-san-pham/cs-APNQ30GR5A3.ENWBEVH/,Vietnam,Support - 일반,79
https://www.lg.com/vn/tro-giup/ho-tro-san-pham/cs-V12IFM.ATGGEVH/,Vietnam,Support - 일반,79
https://www.lg.com/vn/tro-giup/ho-tro-san-pham/cs-55UP7500PTC.ATV/,Vietnam,Support - 일반,79
https://www.lg.com/vn/tro-giup/ho-tro-san-pham/cs-710E.ALVNA/,Vietnam,Support - 일반,79
https://www.lg.com/vn/tro-giup/ho-tro-san-pham/cs-43TNF5J-B.ATV/,Vietnam,Support - 일반,79
https://www.lg.com/vn/tro-giup/ho-tro-san-pham/cs-V13APFUVU.ATWGEVH/,Vietnam,Support - 일반,79
https://www.lg.com/vn/tro-giup/ho-tro-san-pham/cs-GN-255PP.ALPPEVN/,Vietnam,Support - 일반,79
https://www.lg.com/vn/tro-giup/ho-tro-san-pham/cs-55UJ750T.ATV/,Vietnam,Support - 일반,79
https://www.lg.com/vn/tro-giup/ho-tro-san-pham/cs-KT-T490.AL/,Vietnam,Support - 일반,79
https://www.lg.com/vn/tro-giup/ho-tro-san-pham/cs-86SJ957T.ATVD/,Vietnam,Support - 일반,79
https://www.lg.com/vn/tro-giup/ho-tro-san-pham/cs-24GM77-B.AEU/,Vietnam,Support - 일반,79
https://www.lg.com/vn/tro-giup/ho-tro-san-pham/cs-OM4560.DVNMLLK/,Vietnam,Support - 일반,79
https://www.lg.com/vn/tro-giup/ho-tro-san-pham/cs-32LB9R.ATV/,Vietnam,Support - 일반,79
https://www.lg.com/vn/tro-giup/ho-tro-san-pham/cs-27G440A-B.ATV/,Vietnam,Support - 일반,79
https://www.lg.com/vn/tro-giup/ho-tro-san-pham/cs-V18ENCN.ANWFEVN/,Vietnam,Support - 일반,79
https://www.lg.com/vn/tro-giup/ho-tro-san-pham/cs-GSCA046-GN.ATVQ/,Vietnam,Support - 일반,79
https://www.lg.com/vn/tro-giup/ho-tro-san-pham/cs-55UF670T.APH/,Vietnam,Support - 일반,79
https://www.lg.com/vn/tro-giup/ho-tro-san-pham/cs-OLED55G2PSA.ATV/,Vietnam,Support - 일반,79
https://www.lg.com/vn/tro-giup/ho-tro-san-pham/cs-HPUC286SLA0.AMBAEVN/,Vietnam,Support - 일반,79
https://www.lg.com/vn/tro-giup/ho-tro-san-pham/cs-AMNC09GDBA2.ANWALAT/,Vietnam,Support - 일반,79
https://www.lg.com/vn/tro-giup/ho-tro-san-pham/cs-43LN5600PTA.ATV/,Vietnam,Support - 일반,79
https://www.lg.com/vn/tro-giup/ho-tro-san-pham/cs-86UT640S0TA.AAU/,Vietnam,Support - 일반,79
https://www.lg.com/vn/tro-giup/ho-tro-san-pham/cs-HT355SD-F2.BVNMLLK/,Vietnam,Support - 일반,79
https://www.lg.com/vn/tro-giup/ho-tro-san-pham/cs-V13APFP.ATW1EVH/,Vietnam,Support - 일반,79
https://www.lg.com/vn/tro-giup/ho-tro-san-pham/cs-98UH5F-B.ATV/,Vietnam,Support - 일반,79
https://www.lg.com/vn/tro-giup/ho-tro-san-pham/cs-TPNH488TLC1.ANWBSAF/,Vietnam,Support - 일반,79
https://www.lg.com/vn/tro-giup/ho-tro-san-pham/cs-27UP850K-W.ATV/,Vietnam,Support - 일반,79
https://www.lg.com/vn/tro-giup/ho-tro-san-pham/cs-VC3316NNT.BKOREIL/,Vietnam,Support - 일반,79
https://www.lg.com/vn/tro-giup/ho-tro-san-pham/cs-ATNQ36GNLE6.ENWBASA/,Vietnam,Support - 일반,79
https://www.lg.com/vn/tro-giup/ho-tro-san-pham/cs-A5UW30GFA2.EWGHEVH/,Vietnam,Support - 일반,79
https://www.lg.com/vn/tro-giup/ho-tro-san-pham/cs-ATNH12GRLE2.ANWATRA/,Vietnam,Support - 일반,79
https://www.lg.com/vn/tro-giup/ho-tro-san-pham/cs-V18WIN1U.ATWGEVH/,Vietnam,Support - 일반,79
https://www.lg.com/vn/tro-giup/ho-tro-san-pham/cs-FM1209S6W.ABWPEVN/,Vietnam,Support - 일반,79
https://www.lg.com/vn/tro-giup/ho-tro-san-pham/cs-86PK640S0SA.ATVQ/,Vietnam,Support - 일반,79
https://www.lg.com/vn/tro-giup/ho-tro-san-pham/cs-65QNED92ASA.ATVQ/,Vietnam,Support - 일반,79
https://www.lg.com/vn/tro-giup/ho-tro-san-pham/cs-T530SAK.ATV/,Vietnam,Support - 일반,79
https://www.lg.com/vn/tro-giup/ho-tro-san-pham/cs-GR-B405PS.APZPEVN/,Vietnam,Support - 일반,79
https://www.lg.com/vn/tro-giup/ho-tro-san-pham/cs-WD-17DW.ABWPEVN/,Vietnam,Support - 일반,79
https://www.lg.com/vn/tro-giup/ho-tro-san-pham/cs-WD-7990.ABWPLVN/,Vietnam,Support - 일반,79
https://www.lg.com/vn/tro-giup/ho-tro-san-pham/cs-KE500.AESABK/,Vietnam,Support - 일반,79
https://www.lg.com/vn/tro-giup/ho-tro-san-pham/cs-GR-B519UZ.APZPEVN/,Vietnam,Support - 일반,79
https://www.lg.com/vn/tro-giup/ho-tro-san-pham/cs-TBUC488RSS5.ANWBLAE/,Vietnam,Support - 일반,79
https://www.lg.com/vn/tro-giup/ho-tro-san-pham/cs-V18BPBN.AMRFEVN/,Vietnam,Support - 일반,79
https://www.lg.com/vn/tro-giup/ho-tro-san-pham/cs-ATUC368NLE0.ENWHEVH/,Vietnam,Support - 일반,79
https://www.lg.com/vn/tro-giup/ho-tro-san-pham/cs-55UQ7050PSA.ATVQ/,Vietnam,Support - 일반,79
https://www.lg.com/vn/tro-giup/ho-tro-san-pham/cs-43US660H0TD.ATC/,Vietnam,Support - 일반,79
https://www.lg.com/vn/tro-giup/ho-tro-san-pham/cs-14HQ901G-BP.ATV/,Vietnam,Support - 일반,79
https://www.lg.com/vn/tro-giup/ho-tro-san-pham/cs-43LJ500T.ATVD/,Vietnam,Support - 일반,79
https://www.lg.com/vn/tro-giup/ho-tro-san-pham/cs-AMNQ12GSJA0.ENWHEVH/,Vietnam,Support - 일반,79
https://www.lg.com/vn/tro-giup/ho-tro-san-pham/cs-CT-14D65M.ATBOLEV/,Vietnam,Support - 일반,79
https://www.lg.com/vn/tro-giup/ho-tro-san-pham/cs-24GS60F-B.ATV/,Vietnam,Support - 일반,79
https://www.lg.com/vn/tro-giup/ho-tro-san-pham/cs-W1942S-BF.AEU/,Vietnam,Support - 일반,79
https://www.lg.com/vn/tro-giup/ho-tro-san-pham/cs-V24WINU.ATWGEVH/,Vietnam,Support - 일반,79
https://www.lg.com/vn/tro-giup/ho-tro-san-pham/cs-GC900.ACISBK/,Vietnam,Support - 일반,79
https://www.lg.com/vn/tro-giup/ho-tro-san-pham/cs-60LX540S.ATVD/,Vietnam,Support - 일반,79
https://www.lg.com/vn/tro-giup/ho-tro-san-pham/cs-55UL3J-B.AAU/,Vietnam,Support - 일반,79
https://www.lg.com/vn/tro-giup/ho-tro-san-pham/cs-GR-X257BG.AEEPEVN/,Vietnam,Support - 일반,79
https://www.lg.com/vn/tro-giup/ho-tro-san-pham/cs-75NANO85TNA.ATV/,Vietnam,Support - 일반,79
https://www.lg.com/vn/tro-giup/ho-tro-san-pham/cs-75UT640S0TA.ATVD/,Vietnam,Support - 일반,79
https://www.lg.com/vn/tro-giup/ho-tro-san-pham/cs-21FD1RG.AFL/,Vietnam,Support - 일반,79
https://www.lg.com/vn/tro-giup/ho-tro-san-pham/cs-GN-255NS.APVPEVN/,Vietnam,Support - 일반,79
https://www.lg.com/vn/tro-giup/ho-tro-san-pham/cs-GR-122SJ.AMBPEMH/,Vietnam,Support - 일반,79
https://www.lg.com/vn/tro-giup/ho-tro-san-pham/cs-MNC12B.SBLBEVN/,Vietnam,Support - 일반,79
https://www.lg.com/vn/tro-giup/ho-tro-san-pham/cs-32GX870A-B.ATV/,Vietnam,Support - 일반,79
https://www.lg.com/vn/tro-giup/ho-tro-san-pham/cs-A5UQ36GFA0.AWGBASA/,Vietnam,Support - 일반,79
https://www.lg.com/vn/tro-giup/ho-tro-san-pham/cs-14ZD90N-V.AX55A5/,Vietnam,Support - 일반,79
https://www.lg.com/vn/tro-giup/ho-tro-san-pham/cs-55LW340C.ATV/,Vietnam,Support - 일반,79
https://www.lg.com/vn/tro-giup/ho-tro-san-pham/cs-V10APFU.ATWGEVN/,Vietnam,Support - 일반,79
https://www.lg.com/vn/tro-giup/ho-tro-san-pham/cs-B10END1N.AT61EVH/,Vietnam,Support - 일반,79
https://www.lg.com/vn/tro-giup/ho-tro-san-pham/cs-49UJ750T.ATV/,Vietnam,Support - 일반,79
https://www.lg.com/vn/tro-giup/ho-tro-san-pham/cs-V-KC402CTQ.BXRPLMH/,Vietnam,Support - 일반,79
https://www.lg.com/vn/tro-giup/ho-tro-san-pham/cs-14Z970-G.AH52A5/,Vietnam,Support - 일반,79
https://www.lg.com/vn/tro-giup/ho-tro-san-pham/cs-AUC12S.AFSBEVN/,Vietnam,Support - 일반,79
https://www.lg.com/vn/tro-giup/ho-tro-san-pham/cs-34UC79G-B.ATV/,Vietnam,Support - 일반,79
https://www.lg.com/vn/tro-giup/ho-tro-san-pham/cs-XO2TBK.CVNMLLK/,Vietnam,Support - 일반,79
https://www.lg.com/vn/tro-giup/ho-tro-san-pham/cs-MC-8083CLR.BSBPMMX/,Vietnam,Support - 일반,79
https://www.lg.com/vn/tro-giup/ho-tro-san-pham/cs-29FU5RL.ATV/,Vietnam,Support - 일반,79
https://www.lg.com/vn/tro-giup/ho-tro-san-pham/khac-phuc-su-co/help-library/cs-CT52001451-20153413508660/,Vietnam,Support - Troubleshoot,79
https://www.lg.com/vn/tro-giup/ho-tro-san-pham/cs-WF-L801TC.ALGPEIN/,Vietnam,Support - 일반,79
https://www.lg.com/vn/tro-giup/ho-tro-san-pham/cs-OLED77CXPTA.ATV/,Vietnam,Support - 일반,79
https://www.lg.com/vn/tro-giup/ho-tro-san-pham/khac-phuc-su-co/help-library/cs-CT52001451-20153413507040LST/,Vietnam,Support - Troubleshoot,79
https://www.lg.com/vn/tro-giup/ho-tro-san-pham/khac-phuc-su-co/help-library/cs-CT52001450-20153413506470OLT/,Vietnam,Support - Troubleshoot,79
https://www.lg.com/vn/tro-giup/ho-tro-san-pham/khac-phuc-su-co/help-library/cs-CT52001450-20153413508373OLT/,Vietnam,Support - Troubleshoot,79
https://www.lg.com/vn/tro-giup/ho-tro-san-pham/cs-A-C09G.AFGBEVN/,Vietnam,Support - 일반,79
https://www.lg.com/vn/tro-giup/ho-tro-san-pham/khac-phuc-su-co/help-library/cs-CT52001450-20153413507065/,Vietnam,Support - Troubleshoot,79
https://www.lg.com/vn/tro-giup/ho-tro-san-pham/khac-phuc-su-co/help-library/cs-CT52001451-20154844512026/,Vietnam,Support - Troubleshoot,79
https://www.lg.com/vn/tro-giup/ho-tro-san-pham/khac-phuc-su-co/help-library/cs-CT52001451-20153413507334/,Vietnam,Support - Troubleshoot,79
https://www.lg.com/vn/tro-giup/ho-tro-san-pham/khac-phuc-su-co/help-library/cs-CT52001452-20154832404449/,Vietnam,Support - Troubleshoot,79
https://www.lg.com/vn/tro-giup/ho-tro-san-pham/khac-phuc-su-co/help-library/cs-CT52001451-20154858527091/,Vietnam,Support - Troubleshoot,79
https://www.lg.com/vn/tro-giup/ho-tro-san-pham/khac-phuc-su-co/help-library/cs-CT52001452-20153417424331/,Vietnam,Support - Troubleshoot,79
https://www.lg.com/vn/tro-giup/ho-tro-san-pham/khac-phuc-su-co/help-library/cs-CT52001450-20154305483513/,Vietnam,Support - Troubleshoot,79
https://www.lg.com/vn/tro-giup/ho-tro-san-pham/khac-phuc-su-co/help-library/cs-CT52001452-20154847828933/,Vietnam,Support - Troubleshoot,79
https://www.lg.com/vn/tro-giup/ho-tro-san-pham/khac-phuc-su-co/help-library/cs-CT52001453-20154858378779/,Vietnam,Support - Troubleshoot,79
https://www.lg.com/vn/tro-giup/ho-tro-san-pham/khac-phuc-su-co/help-library/cs-CT52001450-20154863223809/,Vietnam,Support - Troubleshoot,79
https://www.lg.com/vn/tro-giup/ho-tro-san-pham/khac-phuc-su-co/help-library/cs-CT52001451-20153413506334LST/,Vietnam,Support - Troubleshoot,79
https://www.lg.com/vn/tro-giup/ho-tro-san-pham/khac-phuc-su-co/help-library/cs-CT52001450-20154860340274/,Vietnam,Support - Troubleshoot,79
https://www.lg.com/vn/tro-giup/ho-tro-san-pham/khac-phuc-su-co/help-library/cs-CT52001450-20153413508000/,Vietnam,Support - Troubleshoot,79
https://www.lg.com/vn/tro-giup/ho-tro-san-pham/khac-phuc-su-co/help-library/cs-CT52001450-20154727556699/,Vietnam,Support - Troubleshoot,79
https://www.lg.com/vn/tro-giup/ho-tro-san-pham/khac-phuc-su-co/help-library/cs-CT32015582-20153416923560/,Vietnam,Support - Troubleshoot,79
https://www.lg.com/vn/tro-giup/ho-tro-san-pham/khac-phuc-su-co/help-library/cs-CT52001450-20154858417429/,Vietnam,Support - Troubleshoot,79
https://www.lg.com/vn/tro-giup/ho-tro-san-pham/khac-phuc-su-co/help-library/cs-CT52001451-20155102984670/,Vietnam,Support - Troubleshoot,79
https://www.lg.com/vn/tro-giup/ho-tro-san-pham/khac-phuc-su-co/help-library/cs-CT52001453-20153413508978/,Vietnam,Support - Troubleshoot,79
https://www.lg.com/vn/tro-giup/ho-tro-san-pham/khac-phuc-su-co/help-library/cs-CT52001451-20153413507207/,Vietnam,Support - Troubleshoot,79
https://www.lg.com/vn/tro-giup/ho-tro-san-pham/khac-phuc-su-co/help-library/cs-CT52001450-20154863262668/,Vietnam,Support - Troubleshoot,79
https://www.lg.com/vn/tro-giup/ho-tro-san-pham/khac-phuc-su-co/help-library/cs-CT52001453-20153413508234/,Vietnam,Support - Troubleshoot,79
https://www.lg.com/vn/tro-giup/ho-tro-san-pham/khac-phuc-su-co/help-library/cs-CT52001451-20153413504700/,Vietnam,Support - Troubleshoot,79
https://www.lg.com/vn/tro-giup/ho-tro-san-pham/khac-phuc-su-co/help-library/cs-CT52001453-20154779791889/,Vietnam,Support - Troubleshoot,79
https://www.lg.com/vn/tro-giup/ho-tro-san-pham/khac-phuc-su-co/help-library/cs-CT52008113-20153413508212OLT/,Vietnam,Support - Troubleshoot,79
https://www.lg.com/vn/tro-giup/ho-tro-san-pham/khac-phuc-su-co/help-library/cs-CT52001451-20154720612190/,Vietnam,Support - Troubleshoot,79
https://www.lg.com/vn/tro-giup/ho-tro-san-pham/khac-phuc-su-co/help-library/cs-CT52001453-20153416861826/,Vietnam,Support - Troubleshoot,79
https://www.lg.com/vn/tro-giup/ho-tro-san-pham/khac-phuc-su-co/help-library/cs-CT52001451-20153413506398/,Vietnam,Support - Troubleshoot,79
https://www.lg.com/vn/tro-giup/ho-tro-san-pham/khac-phuc-su-co/help-library/cs-CT52001450-20153413508341LST/,Vietnam,Support - Troubleshoot,79
https://www.lg.com/vn/tro-giup/ho-tro-san-pham/khac-phuc-su-co/help-library/cs-CT52001451-20154863263292/,Vietnam,Support - Troubleshoot,79
https://www.lg.com/vn/tro-giup/ho-tro-san-pham/khac-phuc-su-co/help-library/cs-CT52001451-20154844831914/,Vietnam,Support - Troubleshoot,79
https://www.lg.com/vn/tro-giup/ho-tro-san-pham/khac-phuc-su-co/help-library/cs-CT52001451-20153413504968/,Vietnam,Support - Troubleshoot,79
https://www.lg.com/vn/tro-giup/ho-tro-san-pham/khac-phuc-su-co/help-library/cs-CT52001450-20153413508275OLT/,Vietnam,Support - Troubleshoot,79
https://www.lg.com/vn/tro-giup/ho-tro-san-pham/khac-phuc-su-co/help-library/cs-CT52001450-20153413507552OLT/,Vietnam,Support - Troubleshoot,79
https://www.lg.com/vn/tro-giup/ho-tro-san-pham/khac-phuc-su-co/help-library/cs-CT52001450-20154398075071/,Vietnam,Support - Troubleshoot,79
https://www.lg.com/vn/tro-giup/ho-tro-san-pham/khac-phuc-su-co/help-library/cs-CT32015582-20153417107929/,Vietnam,Support - Troubleshoot,79
https://www.lg.com/vn/tro-giup/ho-tro-san-pham/khac-phuc-su-co/help-library/cs-CT52001450-20153413507048LST/,Vietnam,Support - Troubleshoot,79
https://www.lg.com/vn/tro-giup/ho-tro-san-pham/khac-phuc-su-co/help-library/cs-CT52001450-20153413509251OLT/,Vietnam,Support - Troubleshoot,79
https://www.lg.com/vn/tro-giup/ho-tro-san-pham/khac-phuc-su-co/help-library/cs-CT52001451-20155102843506/,Vietnam,Support - Troubleshoot,79
https://www.lg.com/vn/tro-giup/ho-tro-san-pham/khac-phuc-su-co/help-library/cs-CT52001450-20154857825894/,Vietnam,Support - Troubleshoot,79
https://www.lg.com/vn/tro-giup/ho-tro-san-pham/khac-phuc-su-co/help-library/cs-CT52001450-20153413507161LST/,Vietnam,Support - Troubleshoot,79
https://www.lg.com/vn/tro-giup/ho-tro-san-pham/khac-phuc-su-co/help-library/cs-CT52001452-20153478206458/,Vietnam,Support - Troubleshoot,79
https://www.lg.com/vn/tro-giup/ho-tro-san-pham/khac-phuc-su-co/help-library/cs-CT52001453-20154860027909/,Vietnam,Support - Troubleshoot,79
https://www.lg.com/vn/tro-giup/ho-tro-san-pham/khac-phuc-su-co/help-library/cs-CT52001451-20154720402531/,Vietnam,Support - Troubleshoot,79
https://www.lg.com/vn/tro-giup/ho-tro-san-pham/khac-phuc-su-co/help-library/cs-CT52001451-20154720664807/,Vietnam,Support - Troubleshoot,79
https://www.lg.com/vn/tro-giup/ho-tro-san-pham/khac-phuc-su-co/help-library/cs-CT52001451-20153413505340DRC/,Vietnam,Support - Troubleshoot,79
https://www.lg.com/vn/tro-giup/ho-tro-san-pham/khac-phuc-su-co/help-library/cs-CT52001452-20153485935680/,Vietnam,Support - Troubleshoot,79
https://www.lg.com/vn/tro-giup/ho-tro-san-pham/khac-phuc-su-co/help-library/cs-CT52001452-20153487693182/,Vietnam,Support - Troubleshoot,79
https://www.lg.com/vn/tro-giup/ho-tro-san-pham/khac-phuc-su-co/help-library/cs-CT52001451-20154307471996/,Vietnam,Support - Troubleshoot,79
https://www.lg.com/vn/tro-giup/ho-tro-san-pham/khac-phuc-su-co/help-library/cs-CT52001450-20153413508392/,Vietnam,Support - Troubleshoot,79
https://www.lg.com/vn/tro-giup/ho-tro-san-pham/khac-phuc-su-co/help-library/cs-CT52001453-20153413508833LST/,Vietnam,Support - Troubleshoot,79
https://www.lg.com/vn/tro-giup/ho-tro-san-pham/khac-phuc-su-co/help-library/cs-CT52001450-20153413507709OLT/,Vietnam,Support - Troubleshoot,79
https://www.lg.com/vn/tro-giup/ho-tro-san-pham/khac-phuc-su-co/help-library/cs-CT52001450-20153413507060/,Vietnam,Support - Troubleshoot,79
https://www.lg.com/vn/tro-giup/ho-tro-san-pham/khac-phuc-su-co/help-library/cs-CT52001451-20154159970364/,Vietnam,Support - Troubleshoot,79
https://www.lg.com/vn/tro-giup/ho-tro-san-pham/khac-phuc-su-co/help-library/cs-CT52001451-20154476578137/,Vietnam,Support - Troubleshoot,79
https://www.lg.com/vn/tro-giup/ho-tro-san-pham/khac-phuc-su-co/help-library/cs-CT52001453-20154316129281/,Vietnam,Support - Troubleshoot,79
https://www.lg.com/vn/tro-giup/ho-tro-san-pham/khac-phuc-su-co/help-library/cs-CT52001450-20154861711946/,Vietnam,Support - Troubleshoot,79
https://www.lg.com/vn/tro-giup/ho-tro-san-pham/khac-phuc-su-co/help-library/cs-CT52001452-20153485877352/,Vietnam,Support - Troubleshoot,79
https://www.lg.com/vn/tro-giup/ho-tro-san-pham/khac-phuc-su-co/help-library/cs-CT52001451-20154848464710/,Vietnam,Support - Troubleshoot,79
https://www.lg.com/vn/tro-giup/ho-tro-san-pham/khac-phuc-su-co/help-library/cs-CT52001450-20154860290975/,Vietnam,Support - Troubleshoot,79
https://www.lg.com/vn/tro-giup/ho-tro-san-pham/khac-phuc-su-co/help-library/cs-CT32015582-20155115815350/,Vietnam,Support - Troubleshoot,79
https://www.lg.com/vn/tro-giup/ho-tro-san-pham/khac-phuc-su-co/help-library/cs-CT52001451-20154860334186/,Vietnam,Support - Troubleshoot,79
https://www.lg.com/vn/tro-giup/ho-tro-san-pham/khac-phuc-su-co/help-library/cs-CT32015582-20154861980398/,Vietnam,Support - Troubleshoot,79
https://www.lg.com/vn/tro-giup/ho-tro-san-pham/khac-phuc-su-co/help-library/cs-CT52001450-20154535287730/,Vietnam,Support - Troubleshoot,79
https://www.lg.com/vn/tro-giup/ho-tro-san-pham/khac-phuc-su-co/help-library/cs-CT52001450-20153413508752/,Vietnam,Support - Troubleshoot,79
https://www.lg.com/vn/tro-giup/ho-tro-san-pham/khac-phuc-su-co/help-library/cs-CT52001451-20153413508052/,Vietnam,Support - Troubleshoot,79
https://www.lg.com/vn/tro-giup/ho-tro-san-pham/khac-phuc-su-co/help-library/cs-CT52001453-20154863607827/,Vietnam,Support - Troubleshoot,79
https://www.lg.com/vn/tro-giup/ho-tro-san-pham/khac-phuc-su-co/help-library/cs-CT52001451-20154856124796/,Vietnam,Support - Troubleshoot,79
https://www.lg.com/vn/tro-giup/ho-tro-san-pham/khac-phuc-su-co/help-library/cs-CT52001453-20154863602578/,Vietnam,Support - Troubleshoot,79
https://www.lg.com/vn/tro-giup/ho-tro-san-pham/khac-phuc-su-co/help-library/cs-CT52001450-20154858163022/,Vietnam,Support - Troubleshoot,79
https://www.lg.com/vn/tro-giup/ho-tro-san-pham/khac-phuc-su-co/help-library/cs-CT52001451-20154763477548/,Vietnam,Support - Troubleshoot,79
https://www.lg.com/vn/tro-giup/ho-tro-san-pham/khac-phuc-su-co/help-library/cs-CT52001450-20153413508621/,Vietnam,Support - Troubleshoot,79
https://www.lg.com/vn/tro-giup/ho-tro-san-pham/khac-phuc-su-co/help-library/cs-CT52001451-20154860311170/,Vietnam,Support - Troubleshoot,79
https://www.lg.com/vn/tro-giup/ho-tro-san-pham/khac-phuc-su-co/help-library/cs-CT52001453-20154860272815/,Vietnam,Support - Troubleshoot,79
https://www.lg.com/vn/tro-giup/ho-tro-san-pham/khac-phuc-su-co/help-library/cs-CT52001451-20154159969242/,Vietnam,Support - Troubleshoot,79
https://www.lg.com/vn/tro-giup/ho-tro-san-pham/khac-phuc-su-co/help-library/cs-CT52001452-20153476866055/,Vietnam,Support - Troubleshoot,79
https://www.lg.com/vn/tro-giup/ho-tro-san-pham/khac-phuc-su-co/help-library/cs-CT52001453-20154781246932/,Vietnam,Support - Troubleshoot,79
https://www.lg.com/vn/tro-giup/ho-tro-san-pham/khac-phuc-su-co/help-library/cs-CT52001452-20153487902272/,Vietnam,Support - Troubleshoot,79
https://www.lg.com/vn/tro-giup/ho-tro-san-pham/khac-phuc-su-co/help-library/cs-CT52001450-20154506735355/,Vietnam,Support - Troubleshoot,79
https://www.lg.com/vn/tro-giup/ho-tro-san-pham/khac-phuc-su-co/help-library/cs-CT52001450-20154782517139/,Vietnam,Support - Troubleshoot,79
https://www.lg.com/vn/tro-giup/ho-tro-san-pham/khac-phuc-su-co/help-library/cs-CT52001452-20153487941106/,Vietnam,Support - Troubleshoot,79
https://www.lg.com/vn/tro-giup/ho-tro-san-pham/khac-phuc-su-co/help-library/cs-CT52001451-20153413506885/,Vietnam,Support - Troubleshoot,79
https://www.lg.com/vn/tro-giup/ho-tro-san-pham/khac-phuc-su-co/help-library/cs-CT52001451-20153413506625/,Vietnam,Support - Troubleshoot,79
https://www.lg.com/vn/tro-giup/ho-tro-san-pham/khac-phuc-su-co/help-library/cs-CT52001451-20155154194138/,Vietnam,Support - Troubleshoot,79
https://www.lg.com/vn/tro-giup/ho-tro-san-pham/khac-phuc-su-co/help-library/cs-CT52001451-20154191487398/,Vietnam,Support - Troubleshoot,79
https://www.lg.com/vn/tro-giup/ho-tro-san-pham/khac-phuc-su-co/help-library/cs-CT52001450-20153413509957/,Vietnam,Support - Troubleshoot,79
https://www.lg.com/vn/tro-giup/ho-tro-san-pham/khac-phuc-su-co/help-library/cs-CT52001451-20153413509740OLT/,Vietnam,Support - Troubleshoot,79
https://www.lg.com/vn/tro-giup/ho-tro-san-pham/khac-phuc-su-co/help-library/cs-CT52001450-20154860317968/,Vietnam,Support - Troubleshoot,79
https://www.lg.com/vn/tro-giup/ho-tro-san-pham/khac-phuc-su-co/help-library/cs-CT52001451-20154856346799/,Vietnam,Support - Troubleshoot,79
https://www.lg.com/vn/tro-giup/ho-tro-san-pham/khac-phuc-su-co/help-library/cs-CT52001451-20154860318335/,Vietnam,Support - Troubleshoot,79
https://www.lg.com/vn/tro-giup/ho-tro-san-pham/khac-phuc-su-co/help-library/cs-CT52001450-20154859968609/,Vietnam,Support - Troubleshoot,79
https://www.lg.com/vn/tro-giup/ho-tro-san-pham/khac-phuc-su-co/help-library/cs-CT52001451-20155146795094/,Vietnam,Support - Troubleshoot,79
https://www.lg.com/vn/tro-giup/ho-tro-san-pham/khac-phuc-su-co/help-library/cs-CT52001450-20153413507040LST/,Vietnam,Support - Troubleshoot,79
https://www.lg.com/vn/tro-giup/ho-tro-san-pham/khac-phuc-su-co/help-library/cs-CT52001450-20154857965829/,Vietnam,Support - Troubleshoot,79
https://www.lg.com/vn/tro-giup/ho-tro-san-pham/khac-phuc-su-co/help-library/cs-CT52001453-20153413506927/,Vietnam,Support - Troubleshoot,79
https://www.lg.com/vn/tro-giup/ho-tro-san-pham/khac-phuc-su-co/help-library/cs-CT52001451-20153413509253/,Vietnam,Support - Troubleshoot,79
https://www.lg.com/vn/tro-giup/ho-tro-san-pham/khac-phuc-su-co/help-library/cs-CT52001451-20154856160761/,Vietnam,Support - Troubleshoot,79
